Round,Date,Team 1,FT,HT,Team 2
?,(Sat) 22 Aug 1964 (33),Wrexham AFC (1),4-0,?,Notts County FC (1)
?,(Sat) 22 Aug 1964 (33),Darlington FC (1),0-1,?,Newport County AFC (1)
?,(Sat) 22 Aug 1964 (33),Oxford United FC (1),4-2,?,Crewe Alexandra FC (1)
?,(Sat) 22 Aug 1964 (33),Southport FC (1),1-0,?,Chesterfield FC (1)
?,(Sat) 22 Aug 1964 (33),Aldershot Town FC (1),3-1,?,Chester FC (1)
?,(Sat) 22 Aug 1964 (33),Stockport County FC (1),1-4,?,Millwall FC (1)
?,(Sat) 22 Aug 1964 (33),Brighton & Hove Albion FC (1),3-1,?,Barrow AFC (1)
?,(Sat) 22 Aug 1964 (33),Torquay United FC (1),2-2,?,Bradford City AFC (1)
?,(Sat) 22 Aug 1964 (33),Bradford Park Avenue AFC (1),5-2,?,Doncaster Rovers FC (1)
?,(Sat) 22 Aug 1964 (33),Lincoln City FC (1),4-2,?,Hartlepool United FC (1)
?,(Sat) 22 Aug 1964 (33),Tranmere Rovers FC (1),5-2,?,FC Halifax Town (1)
?,(Sat) 22 Aug 1964 (33),York City FC (1),2-1,?,Rochdale AFC (1)
?,(Mon) 24 Aug 1964 (34),Barrow AFC (2),2-2,?,Lincoln City FC (2)
?,(Mon) 24 Aug 1964 (34),Millwall FC (2),2-2,?,Torquay United FC (2)
?,(Mon) 24 Aug 1964 (34),Chesterfield FC (2),0-0,?,Wrexham AFC (2)
?,(Mon) 24 Aug 1964 (34),Hartlepool United FC (2),2-2,?,York City FC (2)
?,(Tue) 25 Aug 1964 (34),Bradford City AFC (2),1-3,?,Chester FC (2)
?,(Tue) 25 Aug 1964 (34),Doncaster Rovers FC (2),1-2,?,Southport FC (2)
?,(Tue) 25 Aug 1964 (34),Brighton & Hove Albion FC (2),0-0,?,Oxford United FC (2)
?,(Tue) 25 Aug 1964 (34),FC Halifax Town (2),4-0,?,Darlington FC (2)
?,(Wed) 26 Aug 1964 (34),Crewe Alexandra FC (2),1-1,?,Newport County AFC (2)
?,(Wed) 26 Aug 1964 (34),Aldershot Town FC (2),1-1,?,Bradford Park Avenue AFC (2)
?,(Wed) 26 Aug 1964 (34),Rochdale AFC (2),4-0,?,Stockport County FC (2)
?,(Thu) 27 Aug 1964 (34),Notts County FC (2),2-4,?,Tranmere Rovers FC (2)
?,(Sat) 29 Aug 1964 (34),Rochdale AFC (3),2-0,?,Lincoln City FC (3)
?,(Sat) 29 Aug 1964 (34),Newport County AFC (3),1-1,?,Tranmere Rovers FC (3)
?,(Sat) 29 Aug 1964 (34),Crewe Alexandra FC (3),1-2,?,Darlington FC (3)
?,(Sat) 29 Aug 1964 (34),FC Halifax Town (3),2-1,?,Wrexham AFC (3)
?,(Sat) 29 Aug 1964 (34),Chester FC (3),0-1,?,Torquay United FC (3)
?,(Sat) 29 Aug 1964 (34),Notts County FC (3),0-0,?,Southport FC (3)
?,(Sat) 29 Aug 1964 (34),Doncaster Rovers FC (3),1-0,?,Aldershot Town FC (3)
?,(Sat) 29 Aug 1964 (34),Barrow AFC (3),1-1,?,Oxford United FC (3)
?,(Sat) 29 Aug 1964 (34),Chesterfield FC (3),2-4,?,Bradford Park Avenue AFC (3)
?,(Sat) 29 Aug 1964 (34),Hartlepool United FC (3),1-1,?,Brighton & Hove Albion FC (3)
?,(Sat) 29 Aug 1964 (34),Millwall FC (3),1-1,?,York City FC (3)
?,(Sat) 29 Aug 1964 (34),Bradford City AFC (3),1-1,?,Stockport County FC (3)
?,(Mon) 31 Aug 1964 (35),York City FC (4),0-0,?,Hartlepool United FC (4)
?,(Mon) 31 Aug 1964 (35),Newport County AFC (4),2-2,?,Crewe Alexandra FC (4)
?,(Mon) 31 Aug 1964 (35),Southport FC (4),3-5,?,Doncaster Rovers FC (4)
?,(Mon) 31 Aug 1964 (35),Bradford Park Avenue AFC (4),3-1,?,Aldershot Town FC (4)
?,(Mon) 31 Aug 1964 (35),Tranmere Rovers FC (4),4-0,?,Notts County FC (4)
?,(Mon) 31 Aug 1964 (35),Darlington FC (4),5-1,?,FC Halifax Town (4)
?,(Fri) 4 Sep 1964 (35),Tranmere Rovers FC (5),1-0,?,Crewe Alexandra FC (5)
?,(Fri) 4 Sep 1964 (35),Stockport County FC (4),4-5,?,Chester FC (4)
?,(Sat) 5 Sep 1964 (35),York City FC (5),5-2,?,Bradford City AFC (4)
?,(Sat) 5 Sep 1964 (35),Oxford United FC (4),3-0,?,Hartlepool United FC (5)
?,(Sat) 5 Sep 1964 (35),Southport FC (5),5-2,?,FC Halifax Town (5)
?,(Sat) 5 Sep 1964 (35),Aldershot Town FC (5),2-0,?,Chesterfield FC (4)
?,(Sat) 5 Sep 1964 (35),Brighton & Hove Albion FC (4),3-0,?,Rochdale AFC (4)
?,(Sat) 5 Sep 1964 (35),Bradford Park Avenue AFC (5),2-2,?,Notts County FC (5)
?,(Sat) 5 Sep 1964 (35),Wrexham AFC (4),4-2,?,Newport County AFC (5)
?,(Sat) 5 Sep 1964 (35),Darlington FC (5),1-2,?,Barrow AFC (4)
?,(Sat) 5 Sep 1964 (35),Lincoln City FC (4),2-2,?,Millwall FC (4)
?,(Sat) 5 Sep 1964 (35),Doncaster Rovers FC (5),2-0,?,Torquay United FC (4)
?,(Mon) 7 Sep 1964 (36),Millwall FC (5),1-0,?,Chester FC (5)
?,(Mon) 7 Sep 1964 (36),Barrow AFC (5),0-2,?,York City FC (6)
?,(Mon) 7 Sep 1964 (36),Rochdale AFC (5),1-0,?,Torquay United FC (5)
?,(Mon) 7 Sep 1964 (36),Hartlepool United FC (6),4-3,?,Stockport County FC (5)
?,(Mon) 7 Sep 1964 (36),Chesterfield FC (5),1-0,?,Tranmere Rovers FC (6)
?,(Mon) 7 Sep 1964 (36),Newport County AFC (6),1-1,?,Brighton & Hove Albion FC (5)
?,(Tue) 8 Sep 1964 (36),Doncaster Rovers FC (6),1-1,?,Wrexham AFC (5)
?,(Tue) 8 Sep 1964 (36),Crewe Alexandra FC (6),2-2,?,FC Halifax Town (6)
?,(Wed) 9 Sep 1964 (36),Aldershot Town FC (6),0-3,?,Southport FC (6)
?,(Wed) 9 Sep 1964 (36),Lincoln City FC (5),0-2,?,Oxford United FC (5)
?,(Wed) 9 Sep 1964 (36),Bradford City AFC (5),0-2,?,Bradford Park Avenue AFC (6)
?,(Thu) 10 Sep 1964 (36),Notts County FC (6),4-2,?,Darlington FC (6)
?,(Sat) 12 Sep 1964 (36),Darlington FC (7),2-1,?,Tranmere Rovers FC (7)
?,(Sat) 12 Sep 1964 (36),FC Halifax Town (7),2-3,?,Bradford Park Avenue AFC (7)
?,(Sat) 12 Sep 1964 (36),Hartlepool United FC (7),3-0,?,Barrow AFC (6)
?,(Sat) 12 Sep 1964 (36),Chester FC (6),4-1,?,York City FC (7)
?,(Sat) 12 Sep 1964 (36),Torquay United FC (6),1-0,?,Stockport County FC (6)
?,(Sat) 12 Sep 1964 (36),Rochdale AFC (6),3-3,?,Oxford United FC (6)
?,(Sat) 12 Sep 1964 (36),Crewe Alexandra FC (7),1-0,?,Wrexham AFC (6)
?,(Sat) 12 Sep 1964 (36),Chesterfield FC (6),1-0,?,Doncaster Rovers FC (7)
?,(Sat) 12 Sep 1964 (36),Notts County FC (7),0-0,?,Aldershot Town FC (7)
?,(Sat) 12 Sep 1964 (36),Newport County AFC (7),5-0,?,Southport FC (7)
?,(Sat) 12 Sep 1964 (36),Millwall FC (6),2-0,?,Brighton & Hove Albion FC (6)
?,(Sat) 12 Sep 1964 (36),Bradford City AFC (6),0-1,?,Lincoln City FC (6)
?,(Mon) 14 Sep 1964 (37),Darlington FC (8),5-1,?,Notts County FC (8)
?,(Mon) 14 Sep 1964 (37),Stockport County FC (7),0-1,?,Hartlepool United FC (8)
?,(Mon) 14 Sep 1964 (37),York City FC (8),2-0,?,Barrow AFC (7)
?,(Mon) 14 Sep 1964 (37),Tranmere Rovers FC (8),4-0,?,Chesterfield FC (7)
?,(Tue) 15 Sep 1964 (37),FC Halifax Town (8),2-0,?,Crewe Alexandra FC (8)
?,(Tue) 15 Sep 1964 (37),Bradford Park Avenue AFC (8),3-3,?,Bradford City AFC (7)
?,(Tue) 15 Sep 1964 (37),Brighton & Hove Albion FC (7),1-0,?,Newport County AFC (8)
?,(Wed) 16 Sep 1964 (37),Oxford United FC (7),2-0,?,Lincoln City FC (7)
?,(Wed) 16 Sep 1964 (37),Wrexham AFC (7),0-2,?,Doncaster Rovers FC (8)
?,(Wed) 16 Sep 1964 (37),Torquay United FC (7),2-1,?,Rochdale AFC (7)
?,(Wed) 16 Sep 1964 (37),Chester FC (7),3-1,?,Millwall FC (7)
?,(Fri) 18 Sep 1964 (37),York City FC (9),1-2,?,Torquay United FC (8)
?,(Fri) 18 Sep 1964 (37),Southport FC (8),2-3,?,Crewe Alexandra FC (9)
?,(Fri) 18 Sep 1964 (37),Doncaster Rovers FC (9),0-0,?,Notts County FC (9)
?,(Fri) 18 Sep 1964 (37),Tranmere Rovers FC (9),5-1,?,Hartlepool United FC (9)
?,(Sat) 19 Sep 1964 (37),Barrow AFC (8),2-2,?,Rochdale AFC (8)
?,(Sat) 19 Sep 1964 (37),Brighton & Hove Albion FC (8),3-3,?,Bradford City AFC (8)
?,(Sat) 19 Sep 1964 (37),Oxford United FC (8),0-2,?,Millwall FC (8)
?,(Sat) 19 Sep 1964 (37),Chesterfield FC (8),2-0,?,Stockport County FC (8)
?,(Sat) 19 Sep 1964 (37),Lincoln City FC (8),2-2,?,Chester FC (8)
?,(Sat) 19 Sep 1964 (37),Wrexham AFC (8),4-2,?,Darlington FC (9)
?,(Sat) 19 Sep 1964 (37),Bradford Park Avenue AFC (9),2-2,?,Newport County AFC (9)
?,(Sat) 19 Sep 1964 (37),Aldershot Town FC (8),2-0,?,FC Halifax Town (9)
?,(Mon) 21 Sep 1964 (38),Hartlepool United FC (10),1-0,?,Torquay United FC (9)
?,(Mon) 21 Sep 1964 (38),Southport FC (9),3-1,?,Aldershot Town FC (9)
?,(Wed) 23 Sep 1964 (38),Lincoln City FC (9),1-0,?,Barrow AFC (9)
?,(Fri) 25 Sep 1964 (38),Stockport County FC (9),1-2,?,York City FC (10)
?,(Fri) 25 Sep 1964 (38),Tranmere Rovers FC (10),6-0,?,Wrexham AFC (9)
?,(Sat) 26 Sep 1964 (38),Darlington FC (10),3-2,?,Southport FC (10)
?,(Sat) 26 Sep 1964 (38),Millwall FC (9),3-1,?,Barrow AFC (10)
?,(Sat) 26 Sep 1964 (38),Notts County FC (10),5-1,?,Chesterfield FC (9)
?,(Sat) 26 Sep 1964 (38),Bradford City AFC (9),2-1,?,Oxford United FC (9)
?,(Sat) 26 Sep 1964 (38),Rochdale AFC (9),3-0,?,Hartlepool United FC (11)
?,(Sat) 26 Sep 1964 (38),Chester FC (9),3-1,?,Brighton & Hove Albion FC (9)
?,(Sat) 26 Sep 1964 (38),Newport County AFC (10),2-1,?,Aldershot Town FC (10)
?,(Sat) 26 Sep 1964 (38),Torquay United FC (10),0-2,?,Lincoln City FC (10)
?,(Sat) 26 Sep 1964 (38),Crewe Alexandra FC (10),1-1,?,Bradford Park Avenue AFC (10)
?,(Sat) 26 Sep 1964 (38),FC Halifax Town (10),2-4,?,Doncaster Rovers FC (10)
?,(Mon) 28 Sep 1964 (39),York City FC (11),2-1,?,Brighton & Hove Albion FC (10)
?,(Mon) 28 Sep 1964 (39),Newport County AFC (11),3-1,?,Notts County FC (11)
?,(Mon) 28 Sep 1964 (39),Chesterfield FC (10),2-1,?,Crewe Alexandra FC (11)
?,(Mon) 28 Sep 1964 (39),Stockport County FC (10),0-0,?,Oxford United FC (10)
?,(Mon) 28 Sep 1964 (39),Barrow AFC (11),2-1,?,Torquay United FC (11)
?,(Mon) 28 Sep 1964 (39),Hartlepool United FC (12),1-1,?,Chester FC (10)
?,(Tue) 29 Sep 1964 (39),Bradford Park Avenue AFC (11),0-0,?,Wrexham AFC (10)
?,(Tue) 29 Sep 1964 (39),Millwall FC (10),0-0,?,Southport FC (11)
?,(Tue) 29 Sep 1964 (39),Doncaster Rovers FC (11),6-3,?,Darlington FC (11)
?,(Wed) 30 Sep 1964 (39),Rochdale AFC (10),3-1,?,Bradford City AFC (10)
?,(Wed) 30 Sep 1964 (39),Aldershot Town FC (11),3-0,?,Tranmere Rovers FC (11)
?,(Wed) 30 Sep 1964 (39),Lincoln City FC (11),2-3,?,FC Halifax Town (11)
?,(Sat) 3 Oct 1964 (39),Bradford Park Avenue AFC (12),3-1,?,Darlington FC (12)
?,(Sat) 3 Oct 1964 (39),Hartlepool United FC (13),1-0,?,Millwall FC (11)
?,(Sat) 3 Oct 1964 (39),Doncaster Rovers FC (12),1-0,?,Newport County AFC (12)
?,(Sat) 3 Oct 1964 (39),Barrow AFC (12),1-0,?,Bradford City AFC (11)
?,(Sat) 3 Oct 1964 (39),Aldershot Town FC (12),5-2,?,Crewe Alexandra FC (12)
?,(Sat) 3 Oct 1964 (39),Chesterfield FC (11),3-0,?,FC Halifax Town (12)
?,(Sat) 3 Oct 1964 (39),Notts County FC (12),3-1,?,York City FC (12)
?,(Sat) 3 Oct 1964 (39),Wrexham AFC (11),2-3,?,Rochdale AFC (11)
?,(Sat) 3 Oct 1964 (39),Oxford United FC (11),3-2,?,Chester FC (11)
?,(Sat) 3 Oct 1964 (39),Southport FC (12),2-2,?,Tranmere Rovers FC (12)
?,(Sat) 3 Oct 1964 (39),Brighton & Hove Albion FC (11),3-1,?,Torquay United FC (12)
?,(Sat) 3 Oct 1964 (39),Lincoln City FC (12),6-0,?,Stockport County FC (11)
?,(Mon) 5 Oct 1964 (40),Southport FC (13),0-0,?,Millwall FC (12)
?,(Mon) 5 Oct 1964 (40),Tranmere Rovers FC (13),3-1,?,Aldershot Town FC (13)
?,(Mon) 5 Oct 1964 (40),Darlington FC (13),2-2,?,Doncaster Rovers FC (13)
?,(Tue) 6 Oct 1964 (40),Brighton & Hove Albion FC (12),3-1,?,York City FC (13)
?,(Tue) 6 Oct 1964 (40),FC Halifax Town (13),2-1,?,Lincoln City FC (13)
?,(Wed) 7 Oct 1964 (40),Crewe Alexandra FC (13),0-2,?,Chesterfield FC (12)
?,(Wed) 7 Oct 1964 (40),Torquay United FC (13),6-2,?,Barrow AFC (13)
?,(Wed) 7 Oct 1964 (40),Chester FC (12),4-0,?,Hartlepool United FC (14)
?,(Wed) 7 Oct 1964 (40),Wrexham AFC (12),4-1,?,Bradford Park Avenue AFC (13)
?,(Wed) 7 Oct 1964 (40),Oxford United FC (12),2-0,?,Stockport County FC (12)
?,(Wed) 7 Oct 1964 (40),Bradford City AFC (12),0-2,?,Rochdale AFC (12)
?,(Thu) 8 Oct 1964 (40),Notts County FC (13),1-0,?,Newport County AFC (13)
?,(Fri) 9 Oct 1964 (40),York City FC (14),4-2,?,Doncaster Rovers FC (14)
?,(Sat) 10 Oct 1964 (40),Hartlepool United FC (15),2-4,?,Crewe Alexandra FC (14)
?,(Sat) 10 Oct 1964 (40),Barrow AFC (14),1-4,?,Newport County AFC (14)
?,(Sat) 10 Oct 1964 (40),Bradford City AFC (13),4-1,?,Wrexham AFC (13)
?,(Sat) 10 Oct 1964 (40),Rochdale AFC (13),1-1,?,Darlington FC (14)
?,(Sat) 10 Oct 1964 (40),Millwall FC (13),1-0,?,Tranmere Rovers FC (14)
?,(Sat) 10 Oct 1964 (40),Torquay United FC (14),1-1,?,Bradford Park Avenue AFC (14)
?,(Sat) 10 Oct 1964 (40),Oxford United FC (13),1-0,?,FC Halifax Town (14)
?,(Sat) 10 Oct 1964 (40),Stockport County FC (13),2-1,?,Aldershot Town FC (14)
?,(Sat) 10 Oct 1964 (40),Lincoln City FC (14),0-2,?,Chesterfield FC (13)
?,(Sat) 10 Oct 1964 (40),Chester FC (13),3-1,?,Southport FC (14)
?,(Sat) 10 Oct 1964 (40),Brighton & Hove Albion FC (13),6-0,?,Notts County FC (14)
?,(Mon) 12 Oct 1964 (41),Millwall FC (14),3-0,?,Bradford City AFC (14)
?,(Mon) 12 Oct 1964 (41),York City FC (15),2-1,?,Oxford United FC (14)
?,(Mon) 12 Oct 1964 (41),Wrexham AFC (14),4-0,?,Aldershot Town FC (15)
?,(Mon) 12 Oct 1964 (41),Stockport County FC (14),1-0,?,Barrow AFC (15)
?,(Mon) 12 Oct 1964 (41),Newport County AFC (15),0-2,?,FC Halifax Town (15)
?,(Tue) 13 Oct 1964 (41),Bradford Park Avenue AFC (15),0-0,?,Southport FC (15)
?,(Wed) 14 Oct 1964 (41),Rochdale AFC (14),2-1,?,Chester FC (14)
?,(Wed) 14 Oct 1964 (41),Lincoln City FC (15),0-1,?,Brighton & Hove Albion FC (14)
?,(Fri) 16 Oct 1964 (41),Tranmere Rovers FC (15),5-1,?,Bradford City AFC (15)
?,(Sat) 17 Oct 1964 (41),Notts County FC (15),0-0,?,Oxford United FC (15)
?,(Sat) 17 Oct 1964 (41),Newport County AFC (16),2-0,?,Hartlepool United FC (16)
?,(Sat) 17 Oct 1964 (41),Doncaster Rovers FC (15),1-2,?,Lincoln City FC (16)
?,(Sat) 17 Oct 1964 (41),Aldershot Town FC (16),1-0,?,York City FC (16)
?,(Sat) 17 Oct 1964 (41),Crewe Alexandra FC (15),1-1,?,Rochdale AFC (15)
?,(Sat) 17 Oct 1964 (41),Wrexham AFC (15),4-2,?,Chester FC (15)
?,(Sat) 17 Oct 1964 (41),FC Halifax Town (16),3-2,?,Barrow AFC (16)
?,(Sat) 17 Oct 1964 (41),Southport FC (16),0-1,?,Torquay United FC (15)
?,(Sat) 17 Oct 1964 (41),Darlington FC (15),1-3,?,Millwall FC (15)
?,(Sat) 17 Oct 1964 (41),Chesterfield FC (14),1-1,?,Brighton & Hove Albion FC (15)
?,(Sat) 17 Oct 1964 (41),Bradford Park Avenue AFC (16),1-0,?,Stockport County FC (15)
?,(Mon) 19 Oct 1964 (42),Torquay United FC (16),2-1,?,Hartlepool United FC (17)
?,(Mon) 19 Oct 1964 (42),Southport FC (17),1-1,?,Bradford Park Avenue AFC (17)
?,(Mon) 19 Oct 1964 (42),Aldershot Town FC (17),5-0,?,Wrexham AFC (16)
?,(Mon) 19 Oct 1964 (42),Barrow AFC (17),0-1,?,Stockport County FC (16)
?,(Mon) 19 Oct 1964 (42),Darlington FC (16),2-2,?,Chesterfield FC (15)
?,(Mon) 19 Oct 1964 (42),Tranmere Rovers FC (16),3-0,?,Doncaster Rovers FC (16)
?,(Mon) 19 Oct 1964 (42),FC Halifax Town (17),2-0,?,Newport County AFC (17)
?,(Tue) 20 Oct 1964 (42),Brighton & Hove Albion FC (16),4-0,?,Lincoln City FC (17)
?,(Wed) 21 Oct 1964 (42),Oxford United FC (16),2-0,?,York City FC (17)
?,(Wed) 21 Oct 1964 (42),Bradford City AFC (16),1-2,?,Millwall FC (16)
?,(Thu) 22 Oct 1964 (42),Notts County FC (16),2-0,?,Crewe Alexandra FC (16)
?,(Fri) 23 Oct 1964 (42),Stockport County FC (17),2-2,?,Southport FC (18)
?,(Sat) 24 Oct 1964 (42),Bradford City AFC (17),2-3,?,Darlington FC (17)
?,(Sat) 24 Oct 1964 (42),Chester FC (16),3-2,?,Tranmere Rovers FC (17)
?,(Sat) 24 Oct 1964 (42),Brighton & Hove Albion FC (17),1-1,?,Doncaster Rovers FC (17)
?,(Sat) 24 Oct 1964 (42),Torquay United FC (17),3-4,?,Wrexham AFC (17)
?,(Sat) 24 Oct 1964 (42),Rochdale AFC (16),2-0,?,Newport County AFC (18)
?,(Sat) 24 Oct 1964 (42),Millwall FC (17),0-0,?,Crewe Alexandra FC (17)
?,(Sat) 24 Oct 1964 (42),York City FC (18),0-1,?,Bradford Park Avenue AFC (18)
?,(Sat) 24 Oct 1964 (42),Oxford United FC (17),1-0,?,Chesterfield FC (16)
?,(Sat) 24 Oct 1964 (42),Hartlepool United FC (18),4-0,?,FC Halifax Town (18)
?,(Sat) 24 Oct 1964 (42),Lincoln City FC (18),3-1,?,Aldershot Town FC (18)
?,(Sat) 24 Oct 1964 (42),Barrow AFC (18),2-0,?,Notts County FC (17)
?,(Mon) 26 Oct 1964 (43),Darlington FC (18),2-0,?,Oxford United FC (18)
?,(Mon) 26 Oct 1964 (43),Tranmere Rovers FC (18),3-0,?,Barrow AFC (19)
?,(Mon) 26 Oct 1964 (43),Southport FC (19),1-0,?,Rochdale AFC (17)
?,(Mon) 26 Oct 1964 (43),Newport County AFC (19),7-0,?,Lincoln City FC (19)
?,(Tue) 27 Oct 1964 (43),Bradford Park Avenue AFC (19),4-0,?,Millwall FC (18)
?,(Tue) 27 Oct 1964 (43),FC Halifax Town (19),1-1,?,York City FC (19)
?,(Wed) 28 Oct 1964 (43),Aldershot Town FC (19),1-1,?,Bradford City AFC (18)
?,(Wed) 28 Oct 1964 (43),Wrexham AFC (18),3-0,?,Hartlepool United FC (19)
?,(Wed) 28 Oct 1964 (43),Crewe Alexandra FC (18),3-2,?,Brighton & Hove Albion FC (18)
?,(Thu) 29 Oct 1964 (43),Notts County FC (18),2-0,?,Stockport County FC (18)
?,(Fri) 30 Oct 1964 (43),Tranmere Rovers FC (19),3-1,?,Torquay United FC (18)
?,(Sat) 31 Oct 1964 (43),Doncaster Rovers FC (18),2-2,?,Oxford United FC (19)
?,(Sat) 31 Oct 1964 (43),Southport FC (20),0-1,?,York City FC (20)
?,(Sat) 31 Oct 1964 (43),Aldershot Town FC (20),0-2,?,Brighton & Hove Albion FC (19)
?,(Sat) 31 Oct 1964 (43),Notts County FC (19),1-0,?,Hartlepool United FC (20)
?,(Sat) 31 Oct 1964 (43),Crewe Alexandra FC (19),2-1,?,Bradford City AFC (19)
?,(Sat) 31 Oct 1964 (43),Chesterfield FC (17),2-0,?,Barrow AFC (20)
?,(Sat) 31 Oct 1964 (43),Newport County AFC (20),2-2,?,Millwall FC (19)
?,(Sat) 31 Oct 1964 (43),Darlington FC (19),2-0,?,Chester FC (17)
?,(Sat) 31 Oct 1964 (43),Wrexham AFC (19),4-1,?,Stockport County FC (19)
?,(Sat) 31 Oct 1964 (43),FC Halifax Town (20),1-2,?,Rochdale AFC (18)
?,(Sat) 31 Oct 1964 (43),Bradford Park Avenue AFC (20),3-1,?,Lincoln City FC (20)
?,(Fri) 6 Nov 1964 (44),Stockport County FC (20),2-3,?,Tranmere Rovers FC (20)
?,(Sat) 7 Nov 1964 (44),Lincoln City FC (21),3-0,?,Southport FC (21)
?,(Sat) 7 Nov 1964 (44),Chester FC (18),2-2,?,Crewe Alexandra FC (20)
?,(Sat) 7 Nov 1964 (44),Barrow AFC (21),1-2,?,Doncaster Rovers FC (19)
?,(Sat) 7 Nov 1964 (44),Oxford United FC (20),0-0,?,Aldershot Town FC (21)
?,(Sat) 7 Nov 1964 (44),Hartlepool United FC (21),1-1,?,Chesterfield FC (18)
?,(Sat) 7 Nov 1964 (44),Millwall FC (20),5-1,?,FC Halifax Town (21)
?,(Sat) 7 Nov 1964 (44),Bradford City AFC (20),1-0,?,Newport County AFC (21)
?,(Sat) 7 Nov 1964 (44),Brighton & Hove Albion FC (20),2-2,?,Bradford Park Avenue AFC (21)
?,(Sat) 7 Nov 1964 (44),Torquay United FC (19),2-0,?,Darlington FC (20)
?,(Sat) 7 Nov 1964 (44),Rochdale AFC (19),1-1,?,Notts County FC (20)
?,(Sat) 7 Nov 1964 (44),York City FC (21),2-1,?,Wrexham AFC (20)
?,(Fri) 20 Nov 1964 (46),Stockport County FC (21),1-1,?,Crewe Alexandra FC (21)
?,(Fri) 20 Nov 1964 (46),Lincoln City FC (22),1-2,?,Tranmere Rovers FC (21)
?,(Sat) 21 Nov 1964 (46),Brighton & Hove Albion FC (21),5-1,?,Wrexham AFC (21)
?,(Sat) 21 Nov 1964 (46),Oxford United FC (21),1-1,?,Southport FC (22)
?,(Sat) 21 Nov 1964 (46),Millwall FC (21),4-2,?,Chesterfield FC (19)
?,(Sat) 21 Nov 1964 (46),Rochdale AFC (20),2-1,?,Doncaster Rovers FC (20)
?,(Sat) 21 Nov 1964 (46),Torquay United FC (20),2-2,?,Newport County AFC (22)
?,(Sat) 21 Nov 1964 (46),Chester FC (19),1-0,?,FC Halifax Town (22)
?,(Sat) 21 Nov 1964 (46),Hartlepool United FC (22),1-1,?,Aldershot Town FC (22)
?,(Sat) 21 Nov 1964 (46),York City FC (22),2-1,?,Darlington FC (21)
?,(Sat) 21 Nov 1964 (46),Bradford City AFC (21),0-2,?,Notts County FC (21)
?,(Sat) 21 Nov 1964 (46),Barrow AFC (22),2-1,?,Bradford Park Avenue AFC (22)
?,(Fri) 27 Nov 1964 (47),Tranmere Rovers FC (22),4-2,?,Brighton & Hove Albion FC (22)
?,(Sat) 28 Nov 1964 (47),Crewe Alexandra FC (22),2-3,?,York City FC (23)
?,(Sat) 28 Nov 1964 (47),Bradford Park Avenue AFC (23),4-0,?,Hartlepool United FC (23)
?,(Sat) 28 Nov 1964 (47),Aldershot Town FC (23),1-2,?,Rochdale AFC (21)
?,(Sat) 28 Nov 1964 (47),Southport FC (23),0-4,?,Barrow AFC (23)
?,(Sat) 28 Nov 1964 (47),Darlington FC (22),3-1,?,Lincoln City FC (23)
?,(Sat) 28 Nov 1964 (47),Wrexham AFC (22),1-1,?,Oxford United FC (22)
?,(Sat) 28 Nov 1964 (47),FC Halifax Town (23),0-1,?,Torquay United FC (21)
?,(Sat) 28 Nov 1964 (47),Chesterfield FC (20),3-1,?,Bradford City AFC (22)
?,(Sat) 28 Nov 1964 (47),Newport County AFC (23),2-0,?,Stockport County FC (22)
?,(Sat) 28 Nov 1964 (47),Doncaster Rovers FC (21),4-0,?,Millwall FC (22)
?,(Sat) 28 Nov 1964 (47),Notts County FC (22),1-1,?,Chester FC (20)
?,(Sat) 5 Dec 1964 (48),Bradford Park Avenue AFC (24),5-1,?,FC Halifax Town (24)
?,(Sat) 12 Dec 1964 (49),Notts County FC (23),1-3,?,Wrexham AFC (23)
?,(Sat) 12 Dec 1964 (49),Newport County AFC (24),2-1,?,Darlington FC (23)
?,(Sat) 12 Dec 1964 (49),Bradford City AFC (23),2-3,?,Torquay United FC (22)
?,(Sat) 12 Dec 1964 (49),FC Halifax Town (25),0-1,?,Tranmere Rovers FC (23)
?,(Sat) 12 Dec 1964 (49),Chesterfield FC (21),1-2,?,Southport FC (24)
?,(Sat) 12 Dec 1964 (49),Millwall FC (23),1-0,?,Stockport County FC (23)
?,(Sat) 12 Dec 1964 (49),Doncaster Rovers FC (22),1-1,?,Bradford Park Avenue AFC (25)
?,(Sat) 12 Dec 1964 (49),Rochdale AFC (22),1-2,?,York City FC (24)
?,(Sat) 12 Dec 1964 (49),Barrow AFC (24),1-4,?,Brighton & Hove Albion FC (23)
?,(Sat) 12 Dec 1964 (49),Hartlepool United FC (24),3-0,?,Lincoln City FC (24)
?,(Sat) 12 Dec 1964 (49),Chester FC (21),6-2,?,Aldershot Town FC (24)
?,(Sat) 12 Dec 1964 (49),Crewe Alexandra FC (23),2-2,?,Oxford United FC (23)
?,(Fri) 18 Dec 1964 (50),Lincoln City FC (25),1-1,?,Rochdale AFC (23)
?,(Fri) 18 Dec 1964 (50),Tranmere Rovers FC (24),3-2,?,Newport County AFC (25)
?,(Sat) 19 Dec 1964 (50),Wrexham AFC (24),1-1,?,FC Halifax Town (26)
?,(Sat) 19 Dec 1964 (50),Darlington FC (24),0-2,?,Crewe Alexandra FC (24)
?,(Sat) 19 Dec 1964 (50),Torquay United FC (23),3-2,?,Chester FC (22)
?,(Sat) 19 Dec 1964 (50),Southport FC (25),0-0,?,Notts County FC (24)
?,(Sat) 19 Dec 1964 (50),York City FC (25),3-1,?,Millwall FC (24)
?,(Sat) 19 Dec 1964 (50),Oxford United FC (24),7-0,?,Barrow AFC (25)
?,(Sat) 19 Dec 1964 (50),Brighton & Hove Albion FC (24),5-0,?,Hartlepool United FC (25)
?,(Sat) 19 Dec 1964 (50),Aldershot Town FC (25),3-0,?,Doncaster Rovers FC (23)
?,(Tue) 22 Dec 1964 (51),Bradford Park Avenue AFC (26),1-0,?,Chesterfield FC (22)
?,(Sat) 26 Dec 1964 (51),Lincoln City FC (26),1-0,?,Notts County FC (25)
?,(Sat) 26 Dec 1964 (51),Newport County AFC (26),0-3,?,Oxford United FC (25)
?,(Sat) 26 Dec 1964 (51),Doncaster Rovers FC (24),3-0,?,Stockport County FC (24)
?,(Sat) 26 Dec 1964 (51),Crewe Alexandra FC (25),6-2,?,Barrow AFC (26)
?,(Sat) 26 Dec 1964 (51),York City FC (26),7-1,?,Chesterfield FC (23)
?,(Sat) 26 Dec 1964 (51),Hartlepool United FC (26),4-3,?,Darlington FC (25)
?,(Sat) 26 Dec 1964 (51),Bradford City AFC (24),2-1,?,Southport FC (26)
?,(Sat) 26 Dec 1964 (51),Brighton & Hove Albion FC (25),2-1,?,FC Halifax Town (27)
?,(Sat) 26 Dec 1964 (51),Torquay United FC (24),5-2,?,Aldershot Town FC (26)
?,(Sat) 26 Dec 1964 (51),Tranmere Rovers FC (25),4-1,?,Rochdale AFC (24)
?,(Sat) 26 Dec 1964 (51),Chester FC (23),3-0,?,Bradford Park Avenue AFC (27)
?,(Sat) 26 Dec 1964 (51),Millwall FC (25),2-2,?,Wrexham AFC (25)
?,(Mon) 28 Dec 1964 (52),FC Halifax Town (28),1-1,?,Brighton & Hove Albion FC (26)
?,(Mon) 28 Dec 1964 (52),Southport FC (27),0-4,?,Bradford City AFC (25)
?,(Mon) 28 Dec 1964 (52),Bradford Park Avenue AFC (28),3-1,?,Chester FC (24)
?,(Mon) 28 Dec 1964 (52),Stockport County FC (25),2-0,?,Doncaster Rovers FC (25)
?,(Mon) 28 Dec 1964 (52),Rochdale AFC (25),0-1,?,Tranmere Rovers FC (26)
?,(Mon) 28 Dec 1964 (52),Chesterfield FC (24),1-1,?,York City FC (27)
?,(Mon) 28 Dec 1964 (52),Notts County FC (26),2-1,?,Lincoln City FC (27)
?,(Mon) 28 Dec 1964 (52),Barrow AFC (27),1-2,?,Crewe Alexandra FC (26)
?,(Fri) 1 Jan 1965 (0),Darlington FC (26),4-1,?,Aldershot Town FC (27)
?,(Sat) 2 Jan 1965 (0),Chesterfield FC (25),0-1,?,Aldershot Town FC (28)
?,(Sat) 2 Jan 1965 (0),Millwall FC (26),2-1,?,Lincoln City FC (28)
?,(Sat) 2 Jan 1965 (0),Hartlepool United FC (27),1-1,?,Oxford United FC (26)
?,(Sat) 2 Jan 1965 (0),Bradford City AFC (26),1-2,?,York City FC (28)
?,(Sat) 2 Jan 1965 (0),Notts County FC (27),3-3,?,Bradford Park Avenue AFC (29)
?,(Sat) 2 Jan 1965 (0),Torquay United FC (25),2-4,?,Doncaster Rovers FC (26)
?,(Sat) 2 Jan 1965 (0),Chester FC (25),4-0,?,Stockport County FC (26)
?,(Sat) 2 Jan 1965 (0),Newport County AFC (27),2-0,?,Wrexham AFC (26)
?,(Sat) 2 Jan 1965 (0),FC Halifax Town (29),2-1,?,Southport FC (28)
?,(Sat) 2 Jan 1965 (0),Barrow AFC (28),3-1,?,Darlington FC (27)
?,(Sat) 2 Jan 1965 (0),Crewe Alexandra FC (27),1-1,?,Tranmere Rovers FC (27)
?,(Sat) 9 Jan 1965 (1),Oxford United FC (27),1-0,?,Tranmere Rovers FC (28)
?,(Sat) 9 Jan 1965 (1),Rochdale AFC (26),4-3,?,Bradford Park Avenue AFC (30)
?,(Sat) 9 Jan 1965 (1),Brighton & Hove Albion FC (27),3-1,?,Crewe Alexandra FC (28)
?,(Mon) 11 Jan 1965 (2),Barrow AFC (29),0-2,?,Wrexham AFC (27)
?,(Fri) 15 Jan 1965 (2),Tranmere Rovers FC (29),2-1,?,Darlington FC (28)
?,(Sat) 16 Jan 1965 (2),Stockport County FC (27),0-2,?,Torquay United FC (26)
?,(Sat) 16 Jan 1965 (2),Southport FC (29),5-3,?,Newport County AFC (28)
?,(Sat) 16 Jan 1965 (2),Aldershot Town FC (29),1-2,?,Notts County FC (28)
?,(Sat) 16 Jan 1965 (2),Brighton & Hove Albion FC (28),2-0,?,Millwall FC (27)
?,(Sat) 16 Jan 1965 (2),Barrow AFC (30),4-2,?,Hartlepool United FC (28)
?,(Sat) 16 Jan 1965 (2),Wrexham AFC (28),3-3,?,Crewe Alexandra FC (29)
?,(Sat) 16 Jan 1965 (2),York City FC (29),3-2,?,Chester FC (26)
?,(Sat) 16 Jan 1965 (2),Doncaster Rovers FC (27),2-0,?,Chesterfield FC (26)
?,(Sat) 16 Jan 1965 (2),Oxford United FC (28),2-2,?,Rochdale AFC (27)
?,(Sat) 16 Jan 1965 (2),Lincoln City FC (29),0-2,?,Bradford City AFC (27)
?,(Sat) 23 Jan 1965 (3),Hartlepool United FC (29),2-0,?,Tranmere Rovers FC (30)
?,(Sat) 23 Jan 1965 (3),FC Halifax Town (30),3-3,?,Aldershot Town FC (30)
?,(Sat) 23 Jan 1965 (3),Newport County AFC (29),4-3,?,Bradford Park Avenue AFC (31)
?,(Sat) 23 Jan 1965 (3),Stockport County FC (28),0-1,?,Chesterfield FC (27)
?,(Sat) 23 Jan 1965 (3),Crewe Alexandra FC (30),4-1,?,Southport FC (30)
?,(Sat) 23 Jan 1965 (3),Notts County FC (29),5-2,?,Doncaster Rovers FC (28)
?,(Sat) 23 Jan 1965 (3),Millwall FC (28),2-2,?,Oxford United FC (29)
?,(Sat) 23 Jan 1965 (3),Rochdale AFC (28),3-0,?,Barrow AFC (31)
?,(Sat) 23 Jan 1965 (3),Chester FC (27),5-1,?,Lincoln City FC (30)
?,(Sat) 23 Jan 1965 (3),Torquay United FC (27),1-3,?,York City FC (30)
?,(Fri) 29 Jan 1965 (4),Tranmere Rovers FC (31),2-1,?,York City FC (31)
?,(Fri) 29 Jan 1965 (4),Crewe Alexandra FC (31),2-0,?,Torquay United FC (28)
?,(Sat) 30 Jan 1965 (4),Aldershot Town FC (31),2-1,?,Barrow AFC (32)
?,(Sat) 30 Jan 1965 (4),FC Halifax Town (31),0-3,?,Bradford City AFC (28)
?,(Sat) 30 Jan 1965 (4),Wrexham AFC (29),5-3,?,Lincoln City FC (31)
?,(Sat) 30 Jan 1965 (4),Bradford Park Avenue AFC (32),1-0,?,Oxford United FC (30)
?,(Sat) 30 Jan 1965 (4),Newport County AFC (30),0-1,?,Chester FC (28)
?,(Sat) 30 Jan 1965 (4),Southport FC (31),1-2,?,Brighton & Hove Albion FC (29)
?,(Sat) 30 Jan 1965 (4),Doncaster Rovers FC (29),0-1,?,Hartlepool United FC (30)
?,(Sat) 30 Jan 1965 (4),Chesterfield FC (28),1-1,?,Rochdale AFC (29)
?,(Wed) 3 Feb 1965 (5),Bradford City AFC (29),0-3,?,Doncaster Rovers FC (30)
?,(Sat) 6 Feb 1965 (5),Hartlepool United FC (31),1-1,?,Rochdale AFC (30)
?,(Sat) 6 Feb 1965 (5),Lincoln City FC (32),0-1,?,Torquay United FC (29)
?,(Sat) 6 Feb 1965 (5),Chesterfield FC (29),0-0,?,Notts County FC (30)
?,(Sat) 6 Feb 1965 (5),Southport FC (32),3-3,?,Darlington FC (29)
?,(Sat) 6 Feb 1965 (5),Bradford Park Avenue AFC (33),2-3,?,Crewe Alexandra FC (32)
?,(Sat) 6 Feb 1965 (5),Oxford United FC (31),3-1,?,Bradford City AFC (30)
?,(Sat) 6 Feb 1965 (5),York City FC (32),3-0,?,Stockport County FC (29)
?,(Sat) 6 Feb 1965 (5),Wrexham AFC (30),3-2,?,Tranmere Rovers FC (32)
?,(Sat) 6 Feb 1965 (5),Brighton & Hove Albion FC (30),4-4,?,Chester FC (29)
?,(Sat) 6 Feb 1965 (5),Aldershot Town FC (32),2-1,?,Newport County AFC (31)
?,(Sat) 6 Feb 1965 (5),Doncaster Rovers FC (31),4-0,?,FC Halifax Town (32)
?,(Sat) 6 Feb 1965 (5),Barrow AFC (33),0-5,?,Millwall FC (29)
?,(Wed) 10 Feb 1965 (6),Chester FC (30),3-1,?,Bradford City AFC (31)
?,(Fri) 12 Feb 1965 (6),Tranmere Rovers FC (33),3-1,?,Southport FC (33)
?,(Sat) 13 Feb 1965 (6),Rochdale AFC (31),2-1,?,Wrexham AFC (31)
?,(Sat) 13 Feb 1965 (6),Crewe Alexandra FC (33),4-1,?,Aldershot Town FC (33)
?,(Sat) 13 Feb 1965 (6),FC Halifax Town (33),2-1,?,Chesterfield FC (30)
?,(Sat) 13 Feb 1965 (6),Millwall FC (30),0-0,?,Hartlepool United FC (32)
?,(Sat) 13 Feb 1965 (6),Bradford City AFC (32),1-3,?,Barrow AFC (34)
?,(Sat) 13 Feb 1965 (6),Stockport County FC (30),3-1,?,Lincoln City FC (33)
?,(Sat) 13 Feb 1965 (6),Torquay United FC (30),0-1,?,Brighton & Hove Albion FC (31)
?,(Sat) 13 Feb 1965 (6),Darlington FC (30),1-2,?,Bradford Park Avenue AFC (34)
?,(Sat) 13 Feb 1965 (6),Newport County AFC (32),1-0,?,Doncaster Rovers FC (32)
?,(Sat) 13 Feb 1965 (6),Chester FC (31),2-1,?,Oxford United FC (32)
?,(Sat) 13 Feb 1965 (6),York City FC (33),2-1,?,Notts County FC (31)
?,(Mon) 15 Feb 1965 (7),Stockport County FC (31),1-2,?,Rochdale AFC (32)
?,(Wed) 17 Feb 1965 (7),Lincoln City FC (34),1-2,?,Crewe Alexandra FC (34)
?,(Wed) 17 Feb 1965 (7),Oxford United FC (33),4-1,?,Newport County AFC (33)
?,(Fri) 19 Feb 1965 (7),Tranmere Rovers FC (34),1-0,?,Millwall FC (31)
?,(Sat) 20 Feb 1965 (7),Notts County FC (32),1-2,?,Brighton & Hove Albion FC (32)
?,(Sat) 20 Feb 1965 (7),Crewe Alexandra FC (35),2-3,?,Hartlepool United FC (33)
?,(Sat) 20 Feb 1965 (7),Darlington FC (31),2-0,?,Rochdale AFC (33)
?,(Sat) 20 Feb 1965 (7),Newport County AFC (34),2-2,?,Barrow AFC (35)
?,(Sat) 20 Feb 1965 (7),Chesterfield FC (31),1-0,?,Lincoln City FC (35)
?,(Sat) 20 Feb 1965 (7),Wrexham AFC (32),3-2,?,Bradford City AFC (33)
?,(Sat) 20 Feb 1965 (7),Doncaster Rovers FC (33),4-3,?,York City FC (34)
?,(Sat) 20 Feb 1965 (7),Southport FC (34),2-2,?,Chester FC (32)
?,(Sat) 20 Feb 1965 (7),FC Halifax Town (34),1-3,?,Oxford United FC (34)
?,(Sat) 20 Feb 1965 (7),Bradford Park Avenue AFC (35),4-2,?,Torquay United FC (31)
?,(Sat) 20 Feb 1965 (7),Aldershot Town FC (34),2-0,?,Stockport County FC (32)
?,(Mon) 22 Feb 1965 (8),Darlington FC (32),2-3,?,Hartlepool United FC (34)
?,(Wed) 24 Feb 1965 (8),Torquay United FC (32),2-1,?,Notts County FC (33)
?,(Wed) 24 Feb 1965 (8),Chester FC (33),4-0,?,Chesterfield FC (32)
?,(Sat) 27 Feb 1965 (8),Millwall FC (32),1-1,?,Darlington FC (33)
?,(Sat) 27 Feb 1965 (8),Lincoln City FC (36),0-2,?,Doncaster Rovers FC (34)
?,(Sat) 27 Feb 1965 (8),Barrow AFC (36),1-0,?,FC Halifax Town (35)
?,(Sat) 27 Feb 1965 (8),Stockport County FC (33),0-2,?,Bradford Park Avenue AFC (36)
?,(Sat) 27 Feb 1965 (8),Rochdale AFC (34),1-0,?,Crewe Alexandra FC (36)
?,(Sat) 27 Feb 1965 (8),Chester FC (34),6-1,?,Wrexham AFC (33)
?,(Sat) 27 Feb 1965 (8),Oxford United FC (35),4-0,?,Notts County FC (34)
?,(Sat) 27 Feb 1965 (8),York City FC (35),1-0,?,Aldershot Town FC (35)
?,(Sat) 27 Feb 1965 (8),Torquay United FC (33),2-0,?,Southport FC (35)
?,(Sat) 27 Feb 1965 (8),Brighton & Hove Albion FC (33),5-0,?,Chesterfield FC (33)
?,(Sat) 27 Feb 1965 (8),Hartlepool United FC (35),2-4,?,Newport County AFC (35)
?,(Sat) 27 Feb 1965 (8),Bradford City AFC (34),1-2,?,Tranmere Rovers FC (35)
?,(Mon) 1 Mar 1965 (9),York City FC (36),5-1,?,Newport County AFC (36)
?,(Sat) 6 Mar 1965 (9),Crewe Alexandra FC (37),1-1,?,Millwall FC (33)
?,(Sat) 6 Mar 1965 (9),Bradford Park Avenue AFC (37),0-0,?,York City FC (37)
?,(Sat) 6 Mar 1965 (9),Notts County FC (35),4-1,?,Barrow AFC (37)
?,(Sat) 6 Mar 1965 (9),Southport FC (36),1-1,?,Stockport County FC (34)
?,(Sat) 6 Mar 1965 (9),Doncaster Rovers FC (35),2-1,?,Brighton & Hove Albion FC (34)
?,(Sat) 6 Mar 1965 (9),Chesterfield FC (34),2-1,?,Oxford United FC (36)
?,(Mon) 8 Mar 1965 (10),Stockport County FC (35),2-0,?,Bradford City AFC (35)
?,(Wed) 10 Mar 1965 (10),Crewe Alexandra FC (38),2-1,?,Notts County FC (36)
?,(Wed) 10 Mar 1965 (10),Chester FC (35),0-1,?,Rochdale AFC (35)
?,(Fri) 12 Mar 1965 (10),Lincoln City FC (37),2-2,?,Bradford Park Avenue AFC (38)
?,(Fri) 12 Mar 1965 (10),York City FC (38),3-2,?,Southport FC (37)
?,(Fri) 12 Mar 1965 (10),Stockport County FC (36),3-2,?,Wrexham AFC (34)
?,(Sat) 13 Mar 1965 (10),Oxford United FC (37),1-0,?,Doncaster Rovers FC (36)
?,(Sat) 13 Mar 1965 (10),Millwall FC (34),4-0,?,Newport County AFC (37)
?,(Sat) 13 Mar 1965 (10),Chester FC (36),4-5,?,Darlington FC (34)
?,(Sat) 13 Mar 1965 (10),Hartlepool United FC (36),2-2,?,Notts County FC (37)
?,(Sat) 13 Mar 1965 (10),Bradford City AFC (36),5-2,?,Crewe Alexandra FC (39)
?,(Sat) 13 Mar 1965 (10),Torquay United FC (34),2-1,?,Tranmere Rovers FC (36)
?,(Sat) 13 Mar 1965 (10),Barrow AFC (38),1-2,?,Chesterfield FC (35)
?,(Sat) 13 Mar 1965 (10),Rochdale AFC (36),3-0,?,FC Halifax Town (36)
?,(Sat) 13 Mar 1965 (10),Brighton & Hove Albion FC (35),2-0,?,Aldershot Town FC (36)
?,(Mon) 15 Mar 1965 (11),Darlington FC (35),3-2,?,Stockport County FC (37)
?,(Tue) 16 Mar 1965 (11),FC Halifax Town (37),2-1,?,Hartlepool United FC (37)
?,(Wed) 17 Mar 1965 (11),Aldershot Town FC (37),2-5,?,Torquay United FC (35)
?,(Wed) 17 Mar 1965 (11),Wrexham AFC (35),1-2,?,Chesterfield FC (36)
?,(Fri) 19 Mar 1965 (11),Tranmere Rovers FC (37),1-1,?,Stockport County FC (38)
?,(Fri) 19 Mar 1965 (11),Newport County AFC (38),4-2,?,Bradford City AFC (37)
?,(Sat) 20 Mar 1965 (11),Notts County FC (38),0-0,?,Rochdale AFC (37)
?,(Sat) 20 Mar 1965 (11),Darlington FC (36),1-2,?,Torquay United FC (36)
?,(Sat) 20 Mar 1965 (11),Crewe Alexandra FC (40),5-1,?,Chester FC (37)
?,(Sat) 20 Mar 1965 (11),Chesterfield FC (37),3-1,?,Hartlepool United FC (38)
?,(Sat) 20 Mar 1965 (11),Aldershot Town FC (38),4-1,?,Oxford United FC (38)
?,(Sat) 20 Mar 1965 (11),FC Halifax Town (38),1-2,?,Millwall FC (35)
?,(Sat) 20 Mar 1965 (11),Southport FC (38),4-4,?,Lincoln City FC (38)
?,(Sat) 20 Mar 1965 (11),Bradford Park Avenue AFC (39),2-0,?,Brighton & Hove Albion FC (36)
?,(Sat) 20 Mar 1965 (11),Doncaster Rovers FC (37),4-2,?,Barrow AFC (39)
?,(Sat) 20 Mar 1965 (11),Wrexham AFC (36),2-0,?,York City FC (39)
?,(Mon) 22 Mar 1965 (12),Rochdale AFC (38),2-2,?,Brighton & Hove Albion FC (37)
?,(Mon) 22 Mar 1965 (12),Darlington FC (37),3-1,?,Bradford City AFC (38)
?,(Mon) 22 Mar 1965 (12),Stockport County FC (39),2-0,?,FC Halifax Town (39)
?,(Fri) 26 Mar 1965 (12),Rochdale AFC (39),1-2,?,Chesterfield FC (38)
?,(Fri) 26 Mar 1965 (12),Stockport County FC (40),0-0,?,Darlington FC (38)
?,(Fri) 26 Mar 1965 (12),Brighton & Hove Albion FC (38),3-1,?,Southport FC (39)
?,(Fri) 26 Mar 1965 (12),York City FC (40),4-0,?,Tranmere Rovers FC (38)
?,(Fri) 26 Mar 1965 (12),Lincoln City FC (39),0-2,?,Wrexham AFC (37)
?,(Fri) 26 Mar 1965 (12),Chester FC (38),4-3,?,Newport County AFC (39)
?,(Sat) 27 Mar 1965 (12),Bradford City AFC (39),3-1,?,FC Halifax Town (40)
?,(Sat) 27 Mar 1965 (12),Torquay United FC (37),0-1,?,Crewe Alexandra FC (41)
?,(Sat) 27 Mar 1965 (12),Barrow AFC (40),2-0,?,Aldershot Town FC (39)
?,(Sat) 27 Mar 1965 (12),Millwall FC (36),4-1,?,Notts County FC (39)
?,(Sat) 27 Mar 1965 (12),Oxford United FC (39),3-0,?,Bradford Park Avenue AFC (40)
?,(Mon) 29 Mar 1965 (13),Hartlepool United FC (39),1-1,?,Doncaster Rovers FC (38)
?,(Mon) 29 Mar 1965 (13),Chesterfield FC (39),3-0,?,Darlington FC (39)
?,(Mon) 29 Mar 1965 (13),Tranmere Rovers FC (39),4-1,?,Chester FC (39)
?,(Mon) 29 Mar 1965 (13),Newport County AFC (40),2-3,?,Rochdale AFC (40)
?,(Tue) 30 Mar 1965 (13),Aldershot Town FC (40),3-2,?,Lincoln City FC (40)
?,(Wed) 31 Mar 1965 (13),Oxford United FC (40),2-2,?,Brighton & Hove Albion FC (39)
?,(Wed) 31 Mar 1965 (13),Torquay United FC (38),0-0,?,Millwall FC (37)
?,(Fri) 2 Apr 1965 (13),Tranmere Rovers FC (40),4-0,?,Lincoln City FC (41)
?,(Sat) 3 Apr 1965 (13),Doncaster Rovers FC (39),2-2,?,Rochdale AFC (41)
?,(Sat) 3 Apr 1965 (13),Crewe Alexandra FC (42),3-2,?,Stockport County FC (41)
?,(Sat) 3 Apr 1965 (13),Chesterfield FC (40),2-3,?,Millwall FC (38)
?,(Sat) 3 Apr 1965 (13),Aldershot Town FC (41),3-0,?,Hartlepool United FC (40)
?,(Sat) 3 Apr 1965 (13),Notts County FC (40),1-0,?,Bradford City AFC (40)
?,(Sat) 3 Apr 1965 (13),FC Halifax Town (41),3-4,?,Chester FC (40)
?,(Sat) 3 Apr 1965 (13),Bradford Park Avenue AFC (41),3-2,?,Barrow AFC (41)
?,(Sat) 3 Apr 1965 (13),Wrexham AFC (38),1-2,?,Brighton & Hove Albion FC (40)
?,(Sat) 3 Apr 1965 (13),Newport County AFC (41),4-0,?,Torquay United FC (39)
?,(Sat) 3 Apr 1965 (13),Darlington FC (40),1-0,?,York City FC (41)
?,(Sat) 3 Apr 1965 (13),Southport FC (40),0-3,?,Oxford United FC (41)
?,(Mon) 5 Apr 1965 (14),Millwall FC (39),5-0,?,Aldershot Town FC (42)
?,(Mon) 5 Apr 1965 (14),Chesterfield FC (41),2-1,?,Torquay United FC (40)
?,(Mon) 5 Apr 1965 (14),Darlington FC (41),5-1,?,Wrexham AFC (39)
?,(Mon) 5 Apr 1965 (14),Hartlepool United FC (41),2-1,?,Southport FC (41)
?,(Tue) 6 Apr 1965 (14),Bradford City AFC (41),4-1,?,Brighton & Hove Albion FC (41)
?,(Tue) 6 Apr 1965 (14),Doncaster Rovers FC (40),1-4,?,Chester FC (41)
?,(Fri) 9 Apr 1965 (14),Oxford United FC (42),4-0,?,Wrexham AFC (40)
?,(Fri) 9 Apr 1965 (14),York City FC (42),3-1,?,Crewe Alexandra FC (43)
?,(Sat) 10 Apr 1965 (14),Rochdale AFC (42),3-1,?,Aldershot Town FC (43)
?,(Sat) 10 Apr 1965 (14),Millwall FC (40),1-1,?,Doncaster Rovers FC (41)
?,(Sat) 10 Apr 1965 (14),Hartlepool United FC (42),2-0,?,Bradford Park Avenue AFC (42)
?,(Sat) 10 Apr 1965 (14),Brighton & Hove Albion FC (42),2-1,?,Tranmere Rovers FC (41)
?,(Sat) 10 Apr 1965 (14),Chester FC (42),4-1,?,Notts County FC (41)
?,(Sat) 10 Apr 1965 (14),Bradford City AFC (42),0-0,?,Chesterfield FC (42)
?,(Sat) 10 Apr 1965 (14),Torquay United FC (41),2-0,?,FC Halifax Town (42)
?,(Sat) 10 Apr 1965 (14),Barrow AFC (42),1-1,?,Southport FC (42)
?,(Sat) 10 Apr 1965 (14),Stockport County FC (42),2-0,?,Newport County AFC (42)
?,(Sat) 10 Apr 1965 (14),Lincoln City FC (42),2-0,?,Darlington FC (42)
?,(Fri) 16 Apr 1965 (15),Millwall FC (41),0-0,?,Rochdale AFC (43)
?,(Fri) 16 Apr 1965 (15),Chesterfield FC (43),2-1,?,Newport County AFC (43)
?,(Fri) 16 Apr 1965 (15),Crewe Alexandra FC (44),4-4,?,Doncaster Rovers FC (42)
?,(Fri) 16 Apr 1965 (15),Stockport County FC (43),1-4,?,Brighton & Hove Albion FC (43)
?,(Fri) 16 Apr 1965 (15),Barrow AFC (43),2-1,?,Chester FC (43)
?,(Fri) 16 Apr 1965 (15),Hartlepool United FC (43),2-2,?,Bradford City AFC (43)
?,(Fri) 16 Apr 1965 (15),Tranmere Rovers FC (42),0-0,?,Bradford Park Avenue AFC (43)
?,(Fri) 16 Apr 1965 (15),Lincoln City FC (43),0-1,?,York City FC (43)
?,(Fri) 16 Apr 1965 (15),Wrexham AFC (41),1-1,?,Southport FC (43)
?,(Sat) 17 Apr 1965 (15),Notts County FC (42),0-0,?,Torquay United FC (42)
?,(Sat) 17 Apr 1965 (15),Newport County AFC (44),2-0,?,York City FC (44)
?,(Sat) 17 Apr 1965 (15),Wrexham AFC (42),3-3,?,Barrow AFC (44)
?,(Sat) 17 Apr 1965 (15),Bradford Park Avenue AFC (44),0-0,?,Rochdale AFC (44)
?,(Sat) 17 Apr 1965 (15),Darlington FC (43),2-0,?,Brighton & Hove Albion FC (44)
?,(Sat) 17 Apr 1965 (15),Chesterfield FC (44),1-3,?,Chester FC (44)
?,(Sat) 17 Apr 1965 (15),Crewe Alexandra FC (45),5-0,?,Lincoln City FC (44)
?,(Sat) 17 Apr 1965 (15),Doncaster Rovers FC (43),0-0,?,Bradford City AFC (44)
?,(Sat) 17 Apr 1965 (15),FC Halifax Town (43),0-1,?,Stockport County FC (44)
?,(Sat) 17 Apr 1965 (15),Tranmere Rovers FC (43),2-4,?,Oxford United FC (43)
?,(Sat) 17 Apr 1965 (15),Southport FC (44),1-1,?,Hartlepool United FC (44)
?,(Sat) 17 Apr 1965 (15),Aldershot Town FC (44),0-0,?,Millwall FC (42)
?,(Mon) 19 Apr 1965 (16),Newport County AFC (45),4-1,?,Chesterfield FC (45)
?,(Mon) 19 Apr 1965 (16),Brighton & Hove Albion FC (45),3-1,?,Stockport County FC (45)
?,(Mon) 19 Apr 1965 (16),FC Halifax Town (44),1-1,?,Notts County FC (43)
?,(Mon) 19 Apr 1965 (16),Chester FC (45),4-1,?,Barrow AFC (45)
?,(Mon) 19 Apr 1965 (16),Southport FC (45),0-2,?,Wrexham AFC (43)
?,(Mon) 19 Apr 1965 (16),Aldershot Town FC (45),0-1,?,Darlington FC (44)
?,(Mon) 19 Apr 1965 (16),York City FC (45),3-0,?,Lincoln City FC (45)
?,(Mon) 19 Apr 1965 (16),Oxford United FC (44),3-0,?,Torquay United FC (43)
?,(Mon) 19 Apr 1965 (16),Doncaster Rovers FC (44),3-1,?,Crewe Alexandra FC (46)
?,(Mon) 19 Apr 1965 (16),Bradford City AFC (45),4-0,?,Hartlepool United FC (45)
?,(Tue) 20 Apr 1965 (16),Notts County FC (44),4-0,?,FC Halifax Town (45)
?,(Wed) 21 Apr 1965 (16),Bradford Park Avenue AFC (45),1-1,?,Tranmere Rovers FC (44)
?,(Wed) 21 Apr 1965 (16),Rochdale AFC (45),0-2,?,Millwall FC (43)
?,(Wed) 21 Apr 1965 (16),Torquay United FC (44),1-1,?,Oxford United FC (45)
?,(Fri) 23 Apr 1965 (16),Stockport County FC (46),0-1,?,Notts County FC (45)
?,(Sat) 24 Apr 1965 (16),Barrow AFC (46),0-2,?,Tranmere Rovers FC (45)
?,(Sat) 24 Apr 1965 (16),Bradford City AFC (46),2-0,?,Aldershot Town FC (46)
?,(Sat) 24 Apr 1965 (16),York City FC (46),4-0,?,FC Halifax Town (46)
?,(Sat) 24 Apr 1965 (16),Lincoln City FC (46),4-3,?,Newport County AFC (46)
?,(Sat) 24 Apr 1965 (16),Torquay United FC (45),0-2,?,Chesterfield FC (46)
?,(Sat) 24 Apr 1965 (16),Hartlepool United FC (46),1-0,?,Wrexham AFC (44)
?,(Sat) 24 Apr 1965 (16),Rochdale AFC (46),2-0,?,Southport FC (46)
?,(Sat) 24 Apr 1965 (16),Oxford United FC (46),1-0,?,Darlington FC (45)
?,(Sat) 24 Apr 1965 (16),Chester FC (46),3-0,?,Doncaster Rovers FC (45)
?,(Sat) 24 Apr 1965 (16),Millwall FC (44),1-0,?,Bradford Park Avenue AFC (46)
?,(Mon) 26 Apr 1965 (17),Brighton & Hove Albion FC (46),3-1,?,Darlington FC (46)
?,(Tue) 27 Apr 1965 (17),Doncaster Rovers FC (46),1-0,?,Tranmere Rovers FC (46)
?,(Tue) 27 Apr 1965 (17),Wrexham AFC (45),0-1,?,Millwall FC (45)
?,(Wed) 28 Apr 1965 (17),Wrexham AFC (46),2-3,?,Torquay United FC (46)
?,(Thu) 29 Apr 1965 (17),Notts County FC (46),1-2,?,Millwall FC (46)
