Round,Date,Team 1,FT,HT,Team 2
?,(Sat) 22 Aug 1964 (33),Charlton Athletic FC (1),2-1,?,Manchester City FC (1)
?,(Sat) 22 Aug 1964 (33),Coventry City FC (1),2-0,?,Plymouth Argyle FC (1)
?,(Sat) 22 Aug 1964 (33),Crystal Palace FC (1),2-3,?,Derby County FC (1)
?,(Sat) 22 Aug 1964 (33),Cardiff City FC (1),0-0,?,Ipswich Town FC (1)
?,(Sat) 22 Aug 1964 (33),Leyton Orient FC (1),5-2,?,Portsmouth FC (1)
?,(Sat) 22 Aug 1964 (33),Preston North End FC (1),0-0,?,Rotherham United FC (1)
?,(Sat) 22 Aug 1964 (33),Southampton FC (1),0-3,?,Middlesbrough FC (1)
?,(Sat) 22 Aug 1964 (33),Huddersfield Town AFC (1),1-1,?,Bolton Wanderers FC (1)
?,(Sat) 22 Aug 1964 (33),Bury FC (1),6-1,?,Swindon Town FC (1)
?,(Sat) 22 Aug 1964 (33),Norwich City FC (1),2-1,?,Swansea City AFC (1)
?,(Mon) 24 Aug 1964 (34),Newcastle United FC (1),1-1,?,Charlton Athletic FC (2)
?,(Mon) 24 Aug 1964 (34),Middlesbrough FC (2),1-0,?,Northampton Town FC (1)
?,(Tue) 25 Aug 1964 (34),Rotherham United FC (2),4-2,?,Swansea City AFC (2)
?,(Tue) 25 Aug 1964 (34),Swindon Town FC (2),2-0,?,Crystal Palace FC (2)
?,(Tue) 25 Aug 1964 (34),Ipswich Town FC (2),1-3,?,Coventry City FC (2)
?,(Wed) 26 Aug 1964 (34),Derby County FC (2),0-1,?,Norwich City FC (2)
?,(Wed) 26 Aug 1964 (34),Plymouth Argyle FC (2),0-0,?,Huddersfield Town AFC (2)
?,(Wed) 26 Aug 1964 (34),Portsmouth FC (2),2-1,?,Bury FC (2)
?,(Wed) 26 Aug 1964 (34),Manchester City FC (2),6-0,?,Leyton Orient FC (2)
?,(Wed) 26 Aug 1964 (34),Cardiff City FC (2),3-3,?,Preston North End FC (2)
?,(Wed) 26 Aug 1964 (34),Southampton FC (2),3-2,?,Bolton Wanderers FC (2)
?,(Sat) 29 Aug 1964 (34),Manchester City FC (3),0-2,?,Northampton Town FC (2)
?,(Sat) 29 Aug 1964 (34),Middlesbrough FC (3),0-0,?,Huddersfield Town AFC (3)
?,(Sat) 29 Aug 1964 (34),Plymouth Argyle FC (3),3-1,?,Cardiff City FC (3)
?,(Sat) 29 Aug 1964 (34),Newcastle United FC (2),2-1,?,Southampton FC (3)
?,(Sat) 29 Aug 1964 (34),Portsmouth FC (3),2-3,?,Charlton Athletic FC (3)
?,(Sat) 29 Aug 1964 (34),Bolton Wanderers FC (3),1-3,?,Coventry City FC (3)
?,(Sat) 29 Aug 1964 (34),Swansea City AFC (3),2-1,?,Crystal Palace FC (3)
?,(Sat) 29 Aug 1964 (34),Ipswich Town FC (3),1-5,?,Preston North End FC (3)
?,(Sat) 29 Aug 1964 (34),Rotherham United FC (3),4-0,?,Norwich City FC (3)
?,(Sat) 29 Aug 1964 (34),Derby County FC (3),3-1,?,Bury FC (3)
?,(Sat) 29 Aug 1964 (34),Swindon Town FC (3),1-0,?,Leyton Orient FC (3)
?,(Mon) 31 Aug 1964 (35),Preston North End FC (4),1-1,?,Cardiff City FC (4)
?,(Mon) 31 Aug 1964 (35),Leyton Orient FC (4),4-3,?,Manchester City FC (4)
?,(Tue) 1 Sep 1964 (35),Swansea City AFC (4),0-3,?,Rotherham United FC (4)
?,(Tue) 1 Sep 1964 (35),Northampton Town FC (3),1-1,?,Middlesbrough FC (4)
?,(Tue) 1 Sep 1964 (35),Bury FC (4),1-1,?,Portsmouth FC (4)
?,(Tue) 1 Sep 1964 (35),Charlton Athletic FC (4),0-1,?,Newcastle United FC (3)
?,(Tue) 1 Sep 1964 (35),Coventry City FC (4),5-3,?,Ipswich Town FC (4)
?,(Wed) 2 Sep 1964 (35),Huddersfield Town AFC (4),1-2,?,Plymouth Argyle FC (4)
?,(Wed) 2 Sep 1964 (35),Crystal Palace FC (4),3-1,?,Swindon Town FC (4)
?,(Wed) 2 Sep 1964 (35),Bolton Wanderers FC (4),3-0,?,Southampton FC (4)
?,(Wed) 2 Sep 1964 (35),Norwich City FC (4),5-2,?,Derby County FC (4)
?,(Fri) 4 Sep 1964 (35),Bury FC (5),2-2,?,Swansea City AFC (5)
?,(Sat) 5 Sep 1964 (35),Charlton Athletic FC (5),3-2,?,Swindon Town FC (5)
?,(Sat) 5 Sep 1964 (35),Huddersfield Town AFC (5),0-1,?,Newcastle United FC (4)
?,(Sat) 5 Sep 1964 (35),Norwich City FC (5),2-1,?,Ipswich Town FC (5)
?,(Sat) 5 Sep 1964 (35),Manchester City FC (5),2-0,?,Portsmouth FC (5)
?,(Sat) 5 Sep 1964 (35),Preston North End FC (5),1-3,?,Plymouth Argyle FC (5)
?,(Sat) 5 Sep 1964 (35),Cardiff City FC (5),1-3,?,Bolton Wanderers FC (5)
?,(Sat) 5 Sep 1964 (35),Leyton Orient FC (5),1-4,?,Derby County FC (5)
?,(Sat) 5 Sep 1964 (35),Coventry City FC (5),3-0,?,Middlesbrough FC (5)
?,(Sat) 5 Sep 1964 (35),Southampton FC (5),2-0,?,Northampton Town FC (4)
?,(Sat) 5 Sep 1964 (35),Crystal Palace FC (5),2-1,?,Rotherham United FC (5)
?,(Mon) 7 Sep 1964 (36),Middlesbrough FC (6),5-2,?,Bolton Wanderers FC (6)
?,(Tue) 8 Sep 1964 (36),Swindon Town FC (6),3-0,?,Swansea City AFC (6)
?,(Tue) 8 Sep 1964 (36),Bury FC (6),2-1,?,Leyton Orient FC (6)
?,(Tue) 8 Sep 1964 (36),Northampton Town FC (5),1-0,?,Newcastle United FC (5)
?,(Wed) 9 Sep 1964 (36),Derby County FC (6),2-1,?,Coventry City FC (6)
?,(Wed) 9 Sep 1964 (36),Manchester City FC (6),0-2,?,Norwich City FC (6)
?,(Fri) 11 Sep 1964 (36),Northampton Town FC (6),3-2,?,Huddersfield Town AFC (6)
?,(Sat) 12 Sep 1964 (36),Middlesbrough FC (7),0-0,?,Cardiff City FC (6)
?,(Sat) 12 Sep 1964 (36),Portsmouth FC (6),0-3,?,Southampton FC (6)
?,(Sat) 12 Sep 1964 (36),Derby County FC (7),4-4,?,Charlton Athletic FC (6)
?,(Sat) 12 Sep 1964 (36),Rotherham United FC (6),3-0,?,Bury FC (7)
?,(Sat) 12 Sep 1964 (36),Swindon Town FC (7),0-1,?,Manchester City FC (7)
?,(Sat) 12 Sep 1964 (36),Bolton Wanderers FC (7),5-1,?,Preston North End FC (6)
?,(Sat) 12 Sep 1964 (36),Swansea City AFC (7),2-5,?,Leyton Orient FC (7)
?,(Sat) 12 Sep 1964 (36),Newcastle United FC (6),2-0,?,Coventry City FC (7)
?,(Sat) 12 Sep 1964 (36),Plymouth Argyle FC (6),1-1,?,Ipswich Town FC (6)
?,(Sat) 12 Sep 1964 (36),Norwich City FC (7),1-2,?,Crystal Palace FC (6)
?,(Mon) 14 Sep 1964 (37),Leyton Orient FC (8),1-0,?,Bury FC (8)
?,(Tue) 15 Sep 1964 (37),Rotherham United FC (7),1-0,?,Portsmouth FC (7)
?,(Tue) 15 Sep 1964 (37),Charlton Athletic FC (7),1-2,?,Crystal Palace FC (7)
?,(Tue) 15 Sep 1964 (37),Coventry City FC (8),0-2,?,Derby County FC (8)
?,(Tue) 15 Sep 1964 (37),Swansea City AFC (8),4-0,?,Swindon Town FC (8)
?,(Tue) 15 Sep 1964 (37),Ipswich Town FC (7),0-0,?,Northampton Town FC (7)
?,(Wed) 16 Sep 1964 (37),Bolton Wanderers FC (8),4-2,?,Middlesbrough FC (8)
?,(Wed) 16 Sep 1964 (37),Cardiff City FC (7),1-1,?,Huddersfield Town AFC (7)
?,(Wed) 16 Sep 1964 (37),Newcastle United FC (7),2-1,?,Plymouth Argyle FC (7)
?,(Wed) 16 Sep 1964 (37),Norwich City FC (8),4-1,?,Manchester City FC (8)
?,(Wed) 16 Sep 1964 (37),Southampton FC (7),3-1,?,Preston North End FC (7)
?,(Sat) 19 Sep 1964 (37),Preston North End FC (8),4-3,?,Middlesbrough FC (9)
?,(Sat) 19 Sep 1964 (37),Bury FC (9),1-0,?,Norwich City FC (9)
?,(Sat) 19 Sep 1964 (37),Charlton Athletic FC (8),1-0,?,Swansea City AFC (9)
?,(Sat) 19 Sep 1964 (37),Portsmouth FC (8),5-0,?,Swindon Town FC (9)
?,(Sat) 19 Sep 1964 (37),Huddersfield Town AFC (8),0-3,?,Southampton FC (8)
?,(Sat) 19 Sep 1964 (37),Ipswich Town FC (8),1-4,?,Bolton Wanderers FC (9)
?,(Sat) 19 Sep 1964 (37),Manchester City FC (9),2-0,?,Derby County FC (9)
?,(Sat) 19 Sep 1964 (37),Crystal Palace FC (8),2-1,?,Plymouth Argyle FC (8)
?,(Sat) 19 Sep 1964 (37),Coventry City FC (9),0-1,?,Northampton Town FC (8)
?,(Sat) 19 Sep 1964 (37),Cardiff City FC (8),1-1,?,Newcastle United FC (8)
?,(Sat) 19 Sep 1964 (37),Leyton Orient FC (9),2-1,?,Rotherham United FC (8)
?,(Sat) 26 Sep 1964 (38),Rotherham United FC (9),3-2,?,Charlton Athletic FC (9)
?,(Sat) 26 Sep 1964 (38),Swindon Town FC (10),4-1,?,Huddersfield Town AFC (9)
?,(Sat) 26 Sep 1964 (38),Newcastle United FC (9),5-2,?,Preston North End FC (9)
?,(Sat) 26 Sep 1964 (38),Norwich City FC (10),2-0,?,Leyton Orient FC (10)
?,(Sat) 26 Sep 1964 (38),Southampton FC (9),4-1,?,Coventry City FC (10)
?,(Sat) 26 Sep 1964 (38),Derby County FC (10),4-0,?,Portsmouth FC (9)
?,(Sat) 26 Sep 1964 (38),Northampton Town FC (9),1-0,?,Cardiff City FC (9)
?,(Sat) 26 Sep 1964 (38),Swansea City AFC (10),3-0,?,Manchester City FC (10)
?,(Sat) 26 Sep 1964 (38),Middlesbrough FC (10),2-4,?,Ipswich Town FC (9)
?,(Sat) 26 Sep 1964 (38),Crystal Palace FC (9),0-2,?,Bury FC (10)
?,(Sat) 26 Sep 1964 (38),Bolton Wanderers FC (10),6-1,?,Plymouth Argyle FC (9)
?,(Mon) 28 Sep 1964 (39),Leyton Orient FC (11),3-1,?,Bolton Wanderers FC (11)
?,(Tue) 29 Sep 1964 (39),Huddersfield Town AFC (10),3-1,?,Cardiff City FC (10)
?,(Tue) 29 Sep 1964 (39),Northampton Town FC (10),3-2,?,Ipswich Town FC (10)
?,(Tue) 29 Sep 1964 (39),Swansea City AFC (11),1-1,?,Coventry City FC (11)
?,(Wed) 30 Sep 1964 (39),Plymouth Argyle FC (10),2-1,?,Newcastle United FC (10)
?,(Wed) 30 Sep 1964 (39),Portsmouth FC (10),2-0,?,Rotherham United FC (10)
?,(Wed) 30 Sep 1964 (39),Crystal Palace FC (10),3-1,?,Charlton Athletic FC (10)
?,(Fri) 2 Oct 1964 (39),Bury FC (11),2-1,?,Bolton Wanderers FC (12)
?,(Sat) 3 Oct 1964 (39),Portsmouth FC (11),1-0,?,Swansea City AFC (12)
?,(Sat) 3 Oct 1964 (39),Preston North End FC (10),2-2,?,Northampton Town FC (11)
?,(Sat) 3 Oct 1964 (39),Plymouth Argyle FC (11),1-0,?,Middlesbrough FC (11)
?,(Sat) 3 Oct 1964 (39),Ipswich Town FC (11),3-1,?,Newcastle United FC (11)
?,(Sat) 3 Oct 1964 (39),Manchester City FC (11),2-1,?,Rotherham United FC (11)
?,(Sat) 3 Oct 1964 (39),Charlton Athletic FC (11),2-1,?,Norwich City FC (11)
?,(Sat) 3 Oct 1964 (39),Swindon Town FC (11),4-2,?,Derby County FC (11)
?,(Sat) 3 Oct 1964 (39),Coventry City FC (12),2-3,?,Huddersfield Town AFC (11)
?,(Sat) 3 Oct 1964 (39),Leyton Orient FC (12),0-1,?,Crystal Palace FC (11)
?,(Tue) 6 Oct 1964 (40),Rotherham United FC (12),3-1,?,Cardiff City FC (11)
?,(Tue) 6 Oct 1964 (40),Bury FC (12),0-2,?,Plymouth Argyle FC (12)
?,(Tue) 6 Oct 1964 (40),Charlton Athletic FC (12),0-2,?,Middlesbrough FC (12)
?,(Wed) 7 Oct 1964 (40),Norwich City FC (12),4-2,?,Preston North End FC (11)
?,(Wed) 7 Oct 1964 (40),Portsmouth FC (12),3-3,?,Northampton Town FC (12)
?,(Wed) 7 Oct 1964 (40),Derby County FC (12),2-0,?,Huddersfield Town AFC (12)
?,(Wed) 7 Oct 1964 (40),Crystal Palace FC (12),1-1,?,Ipswich Town FC (12)
?,(Sat) 10 Oct 1964 (40),Cardiff City FC (12),2-1,?,Derby County FC (13)
?,(Sat) 10 Oct 1964 (40),Preston North End FC (12),2-2,?,Swansea City AFC (13)
?,(Sat) 10 Oct 1964 (40),Huddersfield Town AFC (13),2-1,?,Portsmouth FC (13)
?,(Sat) 10 Oct 1964 (40),Bolton Wanderers FC (13),3-0,?,Crystal Palace FC (13)
?,(Sat) 10 Oct 1964 (40),Newcastle United FC (12),5-0,?,Leyton Orient FC (13)
?,(Sat) 10 Oct 1964 (40),Coventry City FC (13),3-2,?,Swindon Town FC (12)
?,(Sat) 10 Oct 1964 (40),Ipswich Town FC (13),4-4,?,Rotherham United FC (13)
?,(Sat) 10 Oct 1964 (40),Plymouth Argyle FC (13),1-0,?,Norwich City FC (13)
?,(Sat) 10 Oct 1964 (40),Northampton Town FC (13),1-0,?,Charlton Athletic FC (13)
?,(Sat) 10 Oct 1964 (40),Middlesbrough FC (13),3-3,?,Bury FC (13)
?,(Sat) 10 Oct 1964 (40),Southampton FC (10),1-0,?,Manchester City FC (12)
?,(Tue) 13 Oct 1964 (41),Swindon Town FC (13),2-1,?,Southampton FC (11)
?,(Wed) 14 Oct 1964 (41),Manchester City FC (13),3-0,?,Newcastle United FC (13)
?,(Sat) 17 Oct 1964 (41),Portsmouth FC (14),0-2,?,Coventry City FC (14)
?,(Sat) 17 Oct 1964 (41),Derby County FC (14),3-1,?,Preston North End FC (13)
?,(Sat) 17 Oct 1964 (41),Crystal Palace FC (14),3-1,?,Middlesbrough FC (14)
?,(Sat) 17 Oct 1964 (41),Charlton Athletic FC (14),2-5,?,Southampton FC (12)
?,(Sat) 17 Oct 1964 (41),Swindon Town FC (14),3-3,?,Cardiff City FC (13)
?,(Sat) 17 Oct 1964 (41),Leyton Orient FC (14),2-2,?,Northampton Town FC (14)
?,(Sat) 17 Oct 1964 (41),Swansea City AFC (14),1-1,?,Ipswich Town FC (14)
?,(Sat) 17 Oct 1964 (41),Manchester City FC (14),2-3,?,Huddersfield Town AFC (14)
?,(Sat) 17 Oct 1964 (41),Norwich City FC (14),3-2,?,Bolton Wanderers FC (14)
?,(Sat) 17 Oct 1964 (41),Rotherham United FC (14),4-2,?,Plymouth Argyle FC (14)
?,(Sat) 17 Oct 1964 (41),Bury FC (14),1-2,?,Newcastle United FC (14)
?,(Sat) 24 Oct 1964 (42),Huddersfield Town AFC (15),0-1,?,Charlton Athletic FC (15)
?,(Sat) 24 Oct 1964 (42),Middlesbrough FC (15),2-0,?,Norwich City FC (15)
?,(Sat) 24 Oct 1964 (42),Plymouth Argyle FC (15),2-1,?,Swansea City AFC (15)
?,(Sat) 24 Oct 1964 (42),Northampton Town FC (15),2-0,?,Bury FC (15)
?,(Sat) 24 Oct 1964 (42),Ipswich Town FC (15),2-1,?,Derby County FC (15)
?,(Sat) 24 Oct 1964 (42),Southampton FC (13),2-2,?,Leyton Orient FC (15)
?,(Sat) 24 Oct 1964 (42),Cardiff City FC (14),1-0,?,Portsmouth FC (15)
?,(Sat) 24 Oct 1964 (42),Newcastle United FC (15),2-0,?,Crystal Palace FC (15)
?,(Sat) 24 Oct 1964 (42),Preston North End FC (14),2-1,?,Swindon Town FC (15)
?,(Sat) 24 Oct 1964 (42),Bolton Wanderers FC (15),2-0,?,Rotherham United FC (15)
?,(Sat) 24 Oct 1964 (42),Coventry City FC (15),2-2,?,Manchester City FC (15)
?,(Fri) 30 Oct 1964 (43),Bury FC (16),3-3,?,Southampton FC (14)
?,(Sat) 31 Oct 1964 (43),Derby County FC (16),3-2,?,Plymouth Argyle FC (16)
?,(Sat) 31 Oct 1964 (43),Charlton Athletic FC (16),3-0,?,Coventry City FC (16)
?,(Sat) 31 Oct 1964 (43),Norwich City FC (16),1-1,?,Newcastle United FC (16)
?,(Sat) 31 Oct 1964 (43),Swindon Town FC (16),3-1,?,Ipswich Town FC (16)
?,(Sat) 31 Oct 1964 (43),Crystal Palace FC (16),1-2,?,Northampton Town FC (16)
?,(Sat) 31 Oct 1964 (43),Swansea City AFC (16),2-0,?,Bolton Wanderers FC (16)
?,(Sat) 31 Oct 1964 (43),Leyton Orient FC (16),1-0,?,Huddersfield Town AFC (16)
?,(Sat) 31 Oct 1964 (43),Manchester City FC (16),2-0,?,Cardiff City FC (15)
?,(Sat) 31 Oct 1964 (43),Rotherham United FC (16),2-3,?,Middlesbrough FC (16)
?,(Sat) 31 Oct 1964 (43),Portsmouth FC (16),1-0,?,Preston North End FC (15)
?,(Mon) 2 Nov 1964 (44),Preston North End FC (16),0-0,?,Southampton FC (15)
?,(Sat) 7 Nov 1964 (44),Newcastle United FC (17),3-1,?,Rotherham United FC (17)
?,(Sat) 7 Nov 1964 (44),Bolton Wanderers FC (17),3-1,?,Derby County FC (17)
?,(Sat) 7 Nov 1964 (44),Coventry City FC (17),1-1,?,Leyton Orient FC (17)
?,(Sat) 7 Nov 1964 (44),Huddersfield Town AFC (17),0-2,?,Bury FC (17)
?,(Sat) 7 Nov 1964 (44),Middlesbrough FC (17),4-0,?,Swansea City AFC (17)
?,(Sat) 7 Nov 1964 (44),Southampton FC (16),0-1,?,Crystal Palace FC (17)
?,(Sat) 7 Nov 1964 (44),Cardiff City FC (16),2-1,?,Charlton Athletic FC (17)
?,(Sat) 7 Nov 1964 (44),Northampton Town FC (17),0-0,?,Norwich City FC (17)
?,(Sat) 7 Nov 1964 (44),Ipswich Town FC (17),7-0,?,Portsmouth FC (17)
?,(Sat) 7 Nov 1964 (44),Preston North End FC (17),2-5,?,Manchester City FC (17)
?,(Sat) 7 Nov 1964 (44),Plymouth Argyle FC (17),2-1,?,Swindon Town FC (17)
?,(Fri) 13 Nov 1964 (45),Bury FC (18),5-0,?,Coventry City FC (18)
?,(Sat) 14 Nov 1964 (45),Leyton Orient FC (18),1-3,?,Cardiff City FC (17)
?,(Sat) 14 Nov 1964 (45),Charlton Athletic FC (18),2-3,?,Preston North End FC (18)
?,(Sat) 14 Nov 1964 (45),Derby County FC (18),3-3,?,Middlesbrough FC (18)
?,(Sat) 14 Nov 1964 (45),Portsmouth FC (18),0-1,?,Plymouth Argyle FC (18)
?,(Sat) 14 Nov 1964 (45),Crystal Palace FC (18),3-0,?,Huddersfield Town AFC (18)
?,(Sat) 14 Nov 1964 (45),Swindon Town FC (18),1-3,?,Bolton Wanderers FC (18)
?,(Sat) 14 Nov 1964 (45),Rotherham United FC (18),1-1,?,Northampton Town FC (18)
?,(Sat) 14 Nov 1964 (45),Swansea City AFC (18),3-1,?,Newcastle United FC (18)
?,(Sat) 14 Nov 1964 (45),Manchester City FC (18),4-0,?,Ipswich Town FC (18)
?,(Sat) 14 Nov 1964 (45),Norwich City FC (18),2-2,?,Southampton FC (17)
?,(Sat) 21 Nov 1964 (46),Coventry City FC (19),0-0,?,Crystal Palace FC (19)
?,(Sat) 21 Nov 1964 (46),Bolton Wanderers FC (19),3-2,?,Portsmouth FC (19)
?,(Sat) 21 Nov 1964 (46),Northampton Town FC (19),2-1,?,Swansea City AFC (19)
?,(Sat) 21 Nov 1964 (46),Plymouth Argyle FC (19),3-2,?,Manchester City FC (19)
?,(Sat) 21 Nov 1964 (46),Middlesbrough FC (19),4-1,?,Swindon Town FC (19)
?,(Sat) 21 Nov 1964 (46),Cardiff City FC (18),4-0,?,Bury FC (19)
?,(Sat) 21 Nov 1964 (46),Southampton FC (18),6-1,?,Rotherham United FC (19)
?,(Sat) 21 Nov 1964 (46),Newcastle United FC (19),2-2,?,Derby County FC (19)
?,(Sat) 21 Nov 1964 (46),Huddersfield Town AFC (19),0-0,?,Norwich City FC (19)
?,(Sat) 21 Nov 1964 (46),Preston North End FC (19),3-0,?,Leyton Orient FC (19)
?,(Sat) 21 Nov 1964 (46),Ipswich Town FC (19),1-1,?,Charlton Athletic FC (19)
?,(Fri) 27 Nov 1964 (47),Bury FC (20),1-1,?,Preston North End FC (20)
?,(Sat) 28 Nov 1964 (47),Swansea City AFC (20),3-3,?,Southampton FC (19)
?,(Sat) 28 Nov 1964 (47),Manchester City FC (20),2-4,?,Bolton Wanderers FC (20)
?,(Sat) 28 Nov 1964 (47),Portsmouth FC (20),2-1,?,Middlesbrough FC (20)
?,(Sat) 28 Nov 1964 (47),Leyton Orient FC (20),0-0,?,Ipswich Town FC (20)
?,(Sat) 28 Nov 1964 (47),Crystal Palace FC (20),0-0,?,Cardiff City FC (19)
?,(Sat) 28 Nov 1964 (47),Swindon Town FC (20),1-6,?,Newcastle United FC (20)
?,(Sat) 28 Nov 1964 (47),Derby County FC (20),2-2,?,Northampton Town FC (20)
?,(Sat) 28 Nov 1964 (47),Rotherham United FC (20),2-3,?,Huddersfield Town AFC (20)
?,(Sat) 28 Nov 1964 (47),Norwich City FC (20),1-0,?,Coventry City FC (20)
?,(Sat) 28 Nov 1964 (47),Charlton Athletic FC (20),3-2,?,Plymouth Argyle FC (20)
?,(Sat) 5 Dec 1964 (48),Middlesbrough FC (21),0-1,?,Manchester City FC (21)
?,(Sat) 5 Dec 1964 (48),Southampton FC (20),3-3,?,Derby County FC (21)
?,(Sat) 5 Dec 1964 (48),Northampton Town FC (21),2-1,?,Swindon Town FC (21)
?,(Sat) 5 Dec 1964 (48),Cardiff City FC (20),1-3,?,Norwich City FC (21)
?,(Sat) 5 Dec 1964 (48),Plymouth Argyle FC (21),1-1,?,Leyton Orient FC (21)
?,(Sat) 5 Dec 1964 (48),Newcastle United FC (21),3-0,?,Portsmouth FC (21)
?,(Sat) 5 Dec 1964 (48),Huddersfield Town AFC (21),4-0,?,Swansea City AFC (21)
?,(Sat) 5 Dec 1964 (48),Ipswich Town FC (21),1-0,?,Bury FC (21)
?,(Sat) 5 Dec 1964 (48),Coventry City FC (21),3-5,?,Rotherham United FC (21)
?,(Sat) 5 Dec 1964 (48),Preston North End FC (21),1-0,?,Crystal Palace FC (21)
?,(Sat) 12 Dec 1964 (49),Derby County FC (22),3-3,?,Crystal Palace FC (22)
?,(Sat) 12 Dec 1964 (49),Ipswich Town FC (22),1-1,?,Cardiff City FC (21)
?,(Sat) 12 Dec 1964 (49),Rotherham United FC (22),2-2,?,Preston North End FC (22)
?,(Sat) 12 Dec 1964 (49),Plymouth Argyle FC (22),2-3,?,Coventry City FC (22)
?,(Sat) 12 Dec 1964 (49),Middlesbrough FC (22),4-1,?,Southampton FC (21)
?,(Sat) 12 Dec 1964 (49),Portsmouth FC (22),1-1,?,Leyton Orient FC (22)
?,(Sat) 12 Dec 1964 (49),Swindon Town FC (22),2-0,?,Bury FC (22)
?,(Sat) 12 Dec 1964 (49),Newcastle United FC (22),5-0,?,Northampton Town FC (22)
?,(Sat) 12 Dec 1964 (49),Swansea City AFC (22),0-0,?,Norwich City FC (22)
?,(Tue) 15 Dec 1964 (50),Bolton Wanderers FC (21),1-0,?,Huddersfield Town AFC (22)
?,(Sat) 19 Dec 1964 (50),Southampton FC (22),0-1,?,Newcastle United FC (23)
?,(Sat) 19 Dec 1964 (50),Coventry City FC (23),0-0,?,Bolton Wanderers FC (22)
?,(Sat) 19 Dec 1964 (50),Norwich City FC (23),3-0,?,Rotherham United FC (23)
?,(Sat) 19 Dec 1964 (50),Leyton Orient FC (23),0-3,?,Swindon Town FC (23)
?,(Sat) 19 Dec 1964 (50),Bury FC (23),2-1,?,Derby County FC (23)
?,(Sat) 19 Dec 1964 (50),Charlton Athletic FC (21),3-3,?,Portsmouth FC (23)
?,(Sat) 19 Dec 1964 (50),Cardiff City FC (22),4-0,?,Plymouth Argyle FC (23)
?,(Sat) 19 Dec 1964 (50),Crystal Palace FC (23),3-3,?,Swansea City AFC (23)
?,(Sat) 19 Dec 1964 (50),Northampton Town FC (23),2-0,?,Manchester City FC (22)
?,(Sat) 19 Dec 1964 (50),Preston North End FC (23),4-1,?,Ipswich Town FC (23)
?,(Sat) 26 Dec 1964 (51),Swindon Town FC (24),0-1,?,Norwich City FC (24)
?,(Sat) 26 Dec 1964 (51),Ipswich Town FC (24),3-2,?,Huddersfield Town AFC (23)
?,(Sat) 26 Dec 1964 (51),Crystal Palace FC (24),4-2,?,Portsmouth FC (24)
?,(Sat) 26 Dec 1964 (51),Manchester City FC (23),0-0,?,Bury FC (24)
?,(Sat) 26 Dec 1964 (51),Swansea City AFC (24),3-2,?,Cardiff City FC (23)
?,(Sat) 26 Dec 1964 (51),Preston North End FC (24),3-2,?,Coventry City FC (24)
?,(Sat) 26 Dec 1964 (51),Southampton FC (23),5-0,?,Plymouth Argyle FC (24)
?,(Sat) 26 Dec 1964 (51),Middlesbrough FC (23),0-2,?,Newcastle United FC (24)
?,(Sat) 26 Dec 1964 (51),Bolton Wanderers FC (23),0-0,?,Northampton Town FC (24)
?,(Sat) 26 Dec 1964 (51),Leyton Orient FC (24),4-2,?,Charlton Athletic FC (22)
?,(Mon) 28 Dec 1964 (52),Coventry City FC (25),3-0,?,Preston North End FC (25)
?,(Mon) 28 Dec 1964 (52),Huddersfield Town AFC (24),0-0,?,Ipswich Town FC (25)
?,(Mon) 28 Dec 1964 (52),Charlton Athletic FC (23),2-0,?,Leyton Orient FC (25)
?,(Mon) 28 Dec 1964 (52),Rotherham United FC (24),1-1,?,Derby County FC (24)
?,(Mon) 28 Dec 1964 (52),Newcastle United FC (25),2-1,?,Middlesbrough FC (24)
?,(Mon) 28 Dec 1964 (52),Bury FC (25),0-2,?,Manchester City FC (24)
?,(Mon) 28 Dec 1964 (52),Portsmouth FC (25),1-1,?,Crystal Palace FC (25)
?,(Sat) 2 Jan 1965 (0),Middlesbrough FC (25),2-3,?,Coventry City FC (26)
?,(Sat) 2 Jan 1965 (0),Derby County FC (25),1-0,?,Leyton Orient FC (26)
?,(Sat) 2 Jan 1965 (0),Ipswich Town FC (26),3-0,?,Norwich City FC (25)
?,(Sat) 2 Jan 1965 (0),Portsmouth FC (26),1-1,?,Manchester City FC (25)
?,(Sat) 2 Jan 1965 (0),Swansea City AFC (25),2-2,?,Bury FC (26)
?,(Sat) 2 Jan 1965 (0),Northampton Town FC (25),2-2,?,Southampton FC (24)
?,(Sat) 2 Jan 1965 (0),Plymouth Argyle FC (25),0-1,?,Preston North End FC (26)
?,(Sat) 2 Jan 1965 (0),Newcastle United FC (26),2-1,?,Huddersfield Town AFC (25)
?,(Sat) 2 Jan 1965 (0),Swindon Town FC (25),2-0,?,Charlton Athletic FC (24)
?,(Sat) 2 Jan 1965 (0),Rotherham United FC (25),1-0,?,Crystal Palace FC (26)
?,(Fri) 15 Jan 1965 (2),Cardiff City FC (24),6-1,?,Middlesbrough FC (26)
?,(Sat) 16 Jan 1965 (2),Leyton Orient FC (27),2-3,?,Swansea City AFC (26)
?,(Sat) 16 Jan 1965 (2),Ipswich Town FC (27),2-2,?,Plymouth Argyle FC (26)
?,(Sat) 16 Jan 1965 (2),Southampton FC (25),2-2,?,Portsmouth FC (27)
?,(Sat) 16 Jan 1965 (2),Charlton Athletic FC (25),1-3,?,Derby County FC (26)
?,(Sat) 16 Jan 1965 (2),Crystal Palace FC (27),2-0,?,Norwich City FC (26)
?,(Sat) 16 Jan 1965 (2),Huddersfield Town AFC (26),2-0,?,Northampton Town FC (26)
?,(Sat) 16 Jan 1965 (2),Coventry City FC (27),5-4,?,Newcastle United FC (27)
?,(Sat) 16 Jan 1965 (2),Preston North End FC (27),2-2,?,Bolton Wanderers FC (24)
?,(Sat) 16 Jan 1965 (2),Manchester City FC (26),1-2,?,Swindon Town FC (26)
?,(Sat) 23 Jan 1965 (3),Plymouth Argyle FC (27),1-1,?,Crystal Palace FC (28)
?,(Sat) 23 Jan 1965 (3),Swansea City AFC (27),1-3,?,Charlton Athletic FC (26)
?,(Sat) 23 Jan 1965 (3),Bolton Wanderers FC (25),0-0,?,Ipswich Town FC (28)
?,(Sat) 23 Jan 1965 (3),Swindon Town FC (27),0-0,?,Portsmouth FC (28)
?,(Sat) 23 Jan 1965 (3),Northampton Town FC (27),1-1,?,Coventry City FC (28)
?,(Sat) 23 Jan 1965 (3),Newcastle United FC (28),2-0,?,Cardiff City FC (25)
?,(Sat) 23 Jan 1965 (3),Middlesbrough FC (27),1-1,?,Preston North End FC (28)
?,(Sat) 23 Jan 1965 (3),Norwich City FC (27),1-1,?,Bury FC (27)
?,(Sat) 23 Jan 1965 (3),Southampton FC (26),3-3,?,Huddersfield Town AFC (27)
?,(Sat) 30 Jan 1965 (4),Derby County FC (27),2-0,?,Manchester City FC (27)
?,(Sat) 30 Jan 1965 (4),Norwich City FC (28),3-1,?,Swindon Town FC (28)
?,(Sat) 6 Feb 1965 (5),Portsmouth FC (29),3-1,?,Derby County FC (28)
?,(Sat) 6 Feb 1965 (5),Cardiff City FC (26),0-2,?,Northampton Town FC (28)
?,(Sat) 6 Feb 1965 (5),Ipswich Town FC (29),5-2,?,Middlesbrough FC (28)
?,(Sat) 6 Feb 1965 (5),Preston North End FC (29),2-0,?,Newcastle United FC (29)
?,(Sat) 6 Feb 1965 (5),Plymouth Argyle FC (28),1-3,?,Bolton Wanderers FC (26)
?,(Sat) 6 Feb 1965 (5),Charlton Athletic FC (27),1-1,?,Rotherham United FC (26)
?,(Sat) 6 Feb 1965 (5),Huddersfield Town AFC (28),2-1,?,Swindon Town FC (29)
?,(Sat) 6 Feb 1965 (5),Leyton Orient FC (28),2-3,?,Norwich City FC (29)
?,(Sat) 6 Feb 1965 (5),Manchester City FC (28),1-0,?,Swansea City AFC (28)
?,(Sat) 6 Feb 1965 (5),Bury FC (28),3-1,?,Crystal Palace FC (29)
?,(Sat) 6 Feb 1965 (5),Coventry City FC (29),1-1,?,Southampton FC (27)
?,(Sat) 13 Feb 1965 (6),Derby County FC (29),4-1,?,Swindon Town FC (30)
?,(Sat) 13 Feb 1965 (6),Crystal Palace FC (30),1-0,?,Leyton Orient FC (29)
?,(Sat) 13 Feb 1965 (6),Swansea City AFC (29),0-0,?,Portsmouth FC (30)
?,(Sat) 13 Feb 1965 (6),Newcastle United FC (30),2-2,?,Ipswich Town FC (30)
?,(Sat) 13 Feb 1965 (6),Rotherham United FC (27),0-0,?,Manchester City FC (29)
?,(Sat) 13 Feb 1965 (6),Huddersfield Town AFC (29),2-1,?,Coventry City FC (30)
?,(Sat) 13 Feb 1965 (6),Northampton Town FC (29),2-1,?,Preston North End FC (30)
?,(Sat) 13 Feb 1965 (6),Norwich City FC (30),2-0,?,Charlton Athletic FC (28)
?,(Sat) 13 Feb 1965 (6),Middlesbrough FC (29),1-3,?,Plymouth Argyle FC (29)
?,(Sat) 13 Feb 1965 (6),Southampton FC (28),1-1,?,Cardiff City FC (27)
?,(Sat) 13 Feb 1965 (6),Bolton Wanderers FC (27),0-1,?,Bury FC (29)
?,(Wed) 17 Feb 1965 (7),Plymouth Argyle FC (30),4-0,?,Southampton FC (29)
?,(Sat) 20 Feb 1965 (7),Leyton Orient FC (30),2-1,?,Newcastle United FC (31)
?,(Sat) 20 Feb 1965 (7),Charlton Athletic FC (29),1-1,?,Northampton Town FC (30)
?,(Sat) 20 Feb 1965 (7),Swindon Town FC (31),4-1,?,Coventry City FC (31)
?,(Sat) 20 Feb 1965 (7),Portsmouth FC (31),3-0,?,Huddersfield Town AFC (30)
?,(Sat) 20 Feb 1965 (7),Rotherham United FC (28),2-2,?,Ipswich Town FC (31)
?,(Sat) 20 Feb 1965 (7),Derby County FC (30),1-0,?,Cardiff City FC (28)
?,(Sat) 20 Feb 1965 (7),Norwich City FC (31),3-0,?,Plymouth Argyle FC (31)
?,(Sat) 20 Feb 1965 (7),Manchester City FC (30),3-1,?,Southampton FC (30)
?,(Tue) 23 Feb 1965 (8),Bury FC (30),3-2,?,Middlesbrough FC (30)
?,(Sat) 27 Feb 1965 (8),Northampton Town FC (31),2-0,?,Leyton Orient FC (31)
?,(Sat) 27 Feb 1965 (8),Newcastle United FC (32),2-3,?,Bury FC (31)
?,(Sat) 27 Feb 1965 (8),Cardiff City FC (29),2-0,?,Swindon Town FC (32)
?,(Sat) 27 Feb 1965 (8),Plymouth Argyle FC (32),1-1,?,Rotherham United FC (29)
?,(Sat) 27 Feb 1965 (8),Bolton Wanderers FC (28),5-2,?,Norwich City FC (32)
?,(Sat) 27 Feb 1965 (8),Coventry City FC (32),1-2,?,Portsmouth FC (32)
?,(Sat) 27 Feb 1965 (8),Ipswich Town FC (32),3-0,?,Swansea City AFC (30)
?,(Sat) 27 Feb 1965 (8),Preston North End FC (31),2-2,?,Derby County FC (31)
?,(Sat) 27 Feb 1965 (8),Middlesbrough FC (31),0-0,?,Crystal Palace FC (31)
?,(Sat) 27 Feb 1965 (8),Huddersfield Town AFC (31),1-0,?,Manchester City FC (31)
?,(Sat) 27 Feb 1965 (8),Southampton FC (31),4-0,?,Charlton Athletic FC (30)
?,(Tue) 2 Mar 1965 (9),Northampton Town FC (32),4-0,?,Bolton Wanderers FC (29)
?,(Fri) 5 Mar 1965 (9),Bury FC (32),0-1,?,Ipswich Town FC (33)
?,(Sat) 6 Mar 1965 (9),Swansea City AFC (31),2-2,?,Huddersfield Town AFC (32)
?,(Sat) 6 Mar 1965 (9),Rotherham United FC (30),0-2,?,Coventry City FC (33)
?,(Sat) 6 Mar 1965 (9),Charlton Athletic FC (31),1-3,?,Bolton Wanderers FC (30)
?,(Sat) 6 Mar 1965 (9),Manchester City FC (32),1-1,?,Middlesbrough FC (32)
?,(Sat) 6 Mar 1965 (9),Norwich City FC (33),2-1,?,Cardiff City FC (30)
?,(Sat) 6 Mar 1965 (9),Derby County FC (32),2-1,?,Southampton FC (32)
?,(Sat) 6 Mar 1965 (9),Portsmouth FC (33),1-2,?,Newcastle United FC (33)
?,(Fri) 12 Mar 1965 (10),Cardiff City FC (31),2-2,?,Manchester City FC (33)
?,(Sat) 13 Mar 1965 (10),Ipswich Town FC (34),0-0,?,Swindon Town FC (33)
?,(Sat) 13 Mar 1965 (10),Newcastle United FC (34),2-0,?,Norwich City FC (34)
?,(Sat) 13 Mar 1965 (10),Southampton FC (33),3-1,?,Bury FC (33)
?,(Sat) 13 Mar 1965 (10),Preston North End FC (32),6-1,?,Portsmouth FC (34)
?,(Sat) 13 Mar 1965 (10),Coventry City FC (34),2-0,?,Charlton Athletic FC (32)
?,(Sat) 13 Mar 1965 (10),Middlesbrough FC (33),3-5,?,Rotherham United FC (31)
?,(Sat) 13 Mar 1965 (10),Plymouth Argyle FC (33),1-1,?,Derby County FC (33)
?,(Sat) 13 Mar 1965 (10),Huddersfield Town AFC (33),0-0,?,Leyton Orient FC (32)
?,(Sat) 13 Mar 1965 (10),Northampton Town FC (33),1-1,?,Crystal Palace FC (32)
?,(Sat) 13 Mar 1965 (10),Bolton Wanderers FC (31),2-1,?,Swansea City AFC (32)
?,(Wed) 17 Mar 1965 (11),Crystal Palace FC (33),1-0,?,Preston North End FC (33)
?,(Fri) 19 Mar 1965 (11),Bury FC (34),0-2,?,Huddersfield Town AFC (34)
?,(Sat) 20 Mar 1965 (11),Swansea City AFC (33),1-2,?,Middlesbrough FC (34)
?,(Sat) 20 Mar 1965 (11),Manchester City FC (34),4-3,?,Preston North End FC (34)
?,(Sat) 20 Mar 1965 (11),Swindon Town FC (34),2-3,?,Plymouth Argyle FC (34)
?,(Sat) 20 Mar 1965 (11),Derby County FC (34),2-3,?,Bolton Wanderers FC (32)
?,(Sat) 20 Mar 1965 (11),Crystal Palace FC (34),0-2,?,Southampton FC (34)
?,(Sat) 20 Mar 1965 (11),Rotherham United FC (32),1-1,?,Newcastle United FC (35)
?,(Sat) 20 Mar 1965 (11),Norwich City FC (35),1-1,?,Northampton Town FC (34)
?,(Sat) 20 Mar 1965 (11),Portsmouth FC (35),0-2,?,Ipswich Town FC (35)
?,(Mon) 22 Mar 1965 (12),Charlton Athletic FC (33),2-2,?,Cardiff City FC (32)
?,(Tue) 23 Mar 1965 (12),Swansea City AFC (34),4-0,?,Preston North End FC (35)
?,(Tue) 23 Mar 1965 (12),Swindon Town FC (35),4-2,?,Northampton Town FC (35)
?,(Wed) 24 Mar 1965 (12),Cardiff City FC (33),2-2,?,Southampton FC (35)
?,(Wed) 24 Mar 1965 (12),Derby County FC (35),2-2,?,Rotherham United FC (33)
?,(Fri) 26 Mar 1965 (12),Preston North End FC (36),2-1,?,Charlton Athletic FC (34)
?,(Fri) 26 Mar 1965 (12),Bolton Wanderers FC (33),1-1,?,Swindon Town FC (36)
?,(Sat) 27 Mar 1965 (12),Plymouth Argyle FC (35),2-1,?,Portsmouth FC (36)
?,(Sat) 27 Mar 1965 (12),Ipswich Town FC (36),4-1,?,Manchester City FC (35)
?,(Sat) 27 Mar 1965 (12),Huddersfield Town AFC (35),2-0,?,Crystal Palace FC (35)
?,(Sat) 27 Mar 1965 (12),Cardiff City FC (34),0-2,?,Leyton Orient FC (33)
?,(Sat) 27 Mar 1965 (12),Coventry City FC (35),2-1,?,Bury FC (35)
?,(Sat) 27 Mar 1965 (12),Northampton Town FC (36),1-0,?,Rotherham United FC (34)
?,(Sat) 27 Mar 1965 (12),Newcastle United FC (36),3-1,?,Swansea City AFC (35)
?,(Sat) 27 Mar 1965 (12),Middlesbrough FC (35),1-2,?,Derby County FC (36)
?,(Sat) 27 Mar 1965 (12),Southampton FC (36),1-0,?,Norwich City FC (36)
?,(Mon) 29 Mar 1965 (13),Bolton Wanderers FC (34),1-1,?,Charlton Athletic FC (35)
?,(Tue) 30 Mar 1965 (13),Huddersfield Town AFC (36),1-0,?,Middlesbrough FC (36)
?,(Wed) 31 Mar 1965 (13),Leyton Orient FC (34),2-0,?,Plymouth Argyle FC (36)
?,(Sat) 3 Apr 1965 (13),Manchester City FC (36),2-1,?,Plymouth Argyle FC (37)
?,(Sat) 3 Apr 1965 (13),Derby County FC (37),0-3,?,Newcastle United FC (37)
?,(Sat) 3 Apr 1965 (13),Portsmouth FC (37),3-0,?,Bolton Wanderers FC (35)
?,(Sat) 3 Apr 1965 (13),Swindon Town FC (37),0-1,?,Middlesbrough FC (37)
?,(Sat) 3 Apr 1965 (13),Swansea City AFC (36),1-2,?,Northampton Town FC (37)
?,(Sat) 3 Apr 1965 (13),Crystal Palace FC (36),2-2,?,Coventry City FC (36)
?,(Sat) 3 Apr 1965 (13),Charlton Athletic FC (36),4-0,?,Ipswich Town FC (37)
?,(Sat) 3 Apr 1965 (13),Rotherham United FC (35),1-3,?,Southampton FC (37)
?,(Sat) 3 Apr 1965 (13),Bury FC (36),1-2,?,Cardiff City FC (35)
?,(Sat) 3 Apr 1965 (13),Norwich City FC (37),0-2,?,Huddersfield Town AFC (37)
?,(Sat) 3 Apr 1965 (13),Leyton Orient FC (35),2-1,?,Preston North End FC (37)
?,(Tue) 6 Apr 1965 (14),Rotherham United FC (36),3-0,?,Leyton Orient FC (36)
?,(Tue) 6 Apr 1965 (14),Cardiff City FC (36),5-0,?,Swansea City AFC (37)
?,(Wed) 7 Apr 1965 (14),Crystal Palace FC (37),2-0,?,Bolton Wanderers FC (36)
?,(Fri) 9 Apr 1965 (14),Middlesbrough FC (38),4-1,?,Portsmouth FC (38)
?,(Sat) 10 Apr 1965 (14),Ipswich Town FC (38),1-1,?,Leyton Orient FC (37)
?,(Sat) 10 Apr 1965 (14),Newcastle United FC (38),1-0,?,Swindon Town FC (38)
?,(Sat) 10 Apr 1965 (14),Preston North End FC (38),2-2,?,Bury FC (37)
?,(Sat) 10 Apr 1965 (14),Huddersfield Town AFC (38),1-0,?,Rotherham United FC (37)
?,(Sat) 10 Apr 1965 (14),Cardiff City FC (37),0-0,?,Crystal Palace FC (38)
?,(Sat) 10 Apr 1965 (14),Southampton FC (38),3-1,?,Swansea City AFC (38)
?,(Sat) 10 Apr 1965 (14),Coventry City FC (37),3-0,?,Norwich City FC (38)
?,(Sat) 10 Apr 1965 (14),Northampton Town FC (38),2-2,?,Derby County FC (38)
?,(Sat) 10 Apr 1965 (14),Bolton Wanderers FC (37),4-0,?,Manchester City FC (37)
?,(Sat) 10 Apr 1965 (14),Plymouth Argyle FC (38),1-5,?,Charlton Athletic FC (37)
?,(Fri) 16 Apr 1965 (15),Leyton Orient FC (38),1-1,?,Middlesbrough FC (39)
?,(Fri) 16 Apr 1965 (15),Newcastle United FC (39),2-0,?,Bolton Wanderers FC (38)
?,(Fri) 16 Apr 1965 (15),Swindon Town FC (39),3-2,?,Rotherham United FC (38)
?,(Fri) 16 Apr 1965 (15),Manchester City FC (38),0-2,?,Crystal Palace FC (39)
?,(Sat) 17 Apr 1965 (15),Swindon Town FC (40),2-2,?,Preston North End FC (39)
?,(Sat) 17 Apr 1965 (15),Swansea City AFC (39),3-0,?,Plymouth Argyle FC (39)
?,(Sat) 17 Apr 1965 (15),Leyton Orient FC (39),0-0,?,Southampton FC (39)
?,(Sat) 17 Apr 1965 (15),Crystal Palace FC (40),1-1,?,Newcastle United FC (40)
?,(Sat) 17 Apr 1965 (15),Manchester City FC (39),1-1,?,Coventry City FC (38)
?,(Sat) 17 Apr 1965 (15),Portsmouth FC (39),1-0,?,Cardiff City FC (38)
?,(Sat) 17 Apr 1965 (15),Norwich City FC (39),2-0,?,Middlesbrough FC (40)
?,(Sat) 17 Apr 1965 (15),Derby County FC (39),2-3,?,Ipswich Town FC (39)
?,(Sat) 17 Apr 1965 (15),Bury FC (38),1-4,?,Northampton Town FC (39)
?,(Sat) 17 Apr 1965 (15),Rotherham United FC (39),0-0,?,Bolton Wanderers FC (39)
?,(Sat) 17 Apr 1965 (15),Charlton Athletic FC (38),0-0,?,Huddersfield Town AFC (39)
?,(Mon) 19 Apr 1965 (16),Bolton Wanderers FC (40),1-1,?,Newcastle United FC (41)
?,(Mon) 19 Apr 1965 (16),Plymouth Argyle FC (40),5-2,?,Northampton Town FC (40)
?,(Mon) 19 Apr 1965 (16),Rotherham United FC (40),1-0,?,Swindon Town FC (41)
?,(Mon) 19 Apr 1965 (16),Derby County FC (40),3-4,?,Swansea City AFC (40)
?,(Mon) 19 Apr 1965 (16),Charlton Athletic FC (39),1-2,?,Bury FC (39)
?,(Mon) 19 Apr 1965 (16),Ipswich Town FC (40),2-0,?,Southampton FC (40)
?,(Mon) 19 Apr 1965 (16),Cardiff City FC (39),3-1,?,Coventry City FC (39)
?,(Mon) 19 Apr 1965 (16),Crystal Palace FC (41),1-1,?,Manchester City FC (40)
?,(Mon) 19 Apr 1965 (16),Huddersfield Town AFC (40),3-0,?,Preston North End FC (40)
?,(Mon) 19 Apr 1965 (16),Middlesbrough FC (41),2-0,?,Leyton Orient FC (40)
?,(Mon) 19 Apr 1965 (16),Portsmouth FC (40),4-0,?,Norwich City FC (40)
?,(Tue) 20 Apr 1965 (16),Preston North End FC (41),2-0,?,Huddersfield Town AFC (41)
?,(Tue) 20 Apr 1965 (16),Norwich City FC (41),3-1,?,Portsmouth FC (41)
?,(Tue) 20 Apr 1965 (16),Northampton Town FC (41),3-1,?,Plymouth Argyle FC (41)
?,(Tue) 20 Apr 1965 (16),Coventry City FC (40),0-2,?,Cardiff City FC (40)
?,(Tue) 20 Apr 1965 (16),Swansea City AFC (41),2-1,?,Derby County FC (41)
?,(Tue) 20 Apr 1965 (16),Bury FC (40),2-0,?,Charlton Athletic FC (40)
?,(Wed) 21 Apr 1965 (16),Southampton FC (41),1-1,?,Ipswich Town FC (41)
?,(Sat) 24 Apr 1965 (16),Bolton Wanderers FC (41),0-0,?,Leyton Orient FC (41)
?,(Sat) 24 Apr 1965 (16),Northampton Town FC (42),1-1,?,Portsmouth FC (42)
?,(Sat) 24 Apr 1965 (16),Plymouth Argyle FC (42),2-2,?,Bury FC (41)
?,(Sat) 24 Apr 1965 (16),Ipswich Town FC (42),3-2,?,Crystal Palace FC (42)
?,(Sat) 24 Apr 1965 (16),Middlesbrough FC (42),1-2,?,Charlton Athletic FC (41)
?,(Sat) 24 Apr 1965 (16),Newcastle United FC (42),0-0,?,Manchester City FC (41)
?,(Sat) 24 Apr 1965 (16),Cardiff City FC (41),3-2,?,Rotherham United FC (41)
?,(Sat) 24 Apr 1965 (16),Huddersfield Town AFC (42),3-1,?,Derby County FC (42)
?,(Sat) 24 Apr 1965 (16),Southampton FC (42),2-1,?,Swindon Town FC (42)
?,(Sat) 24 Apr 1965 (16),Coventry City FC (41),3-0,?,Swansea City AFC (42)
?,(Sat) 24 Apr 1965 (16),Preston North End FC (42),3-1,?,Norwich City FC (42)
?,(Tue) 27 Apr 1965 (17),Bury FC (42),0-1,?,Rotherham United FC (42)
?,(Wed) 28 Apr 1965 (17),Bolton Wanderers FC (42),1-0,?,Cardiff City FC (42)
?,(Wed) 28 Apr 1965 (17),Manchester City FC (42),2-1,?,Charlton Athletic FC (42)
?,(Wed) 28 Apr 1965 (17),Leyton Orient FC (42),1-3,?,Coventry City FC (42)
