Round,Date,Team 1,FT,HT,Team 2
?,(Sat) 25 Aug 1990 (34),Barnsley FC (1),2-1,?,Brighton & Hove Albion FC (1)
?,(Sat) 25 Aug 1990 (34),Portsmouth FC (1),1-1,?,West Bromwich Albion FC (1)
?,(Sat) 25 Aug 1990 (34),Ipswich Town FC (1),0-2,?,Sheffield Wednesday FC (1)
?,(Sat) 25 Aug 1990 (34),Middlesbrough FC (1),0-0,?,West Ham United FC (1)
?,(Sat) 25 Aug 1990 (34),Watford FC (1),1-2,?,Millwall FC (1)
?,(Sat) 25 Aug 1990 (34),Wolverhampton Wanderers FC (1),2-3,?,Oldham Athletic AFC (1)
?,(Sat) 25 Aug 1990 (34),Bristol City FC (1),4-2,?,Blackburn Rovers FC (1)
?,(Sat) 25 Aug 1990 (34),Hull City AFC (1),1-2,?,Notts County FC (1)
?,(Sat) 25 Aug 1990 (34),Oxford United FC (1),5-2,?,Port Vale FC (1)
?,(Sat) 25 Aug 1990 (34),Leicester City FC (1),3-2,?,Bristol Rovers FC (1)
?,(Sat) 25 Aug 1990 (34),Newcastle United FC (1),2-0,?,Plymouth Argyle FC (1)
?,(Sat) 25 Aug 1990 (34),Charlton Athletic FC (1),1-2,?,Swindon Town FC (1)
?,(Tue) 28 Aug 1990 (35),Swindon Town FC (2),1-0,?,Ipswich Town FC (2)
?,(Tue) 28 Aug 1990 (35),Blackburn Rovers FC (2),2-1,?,Hull City AFC (2)
?,(Tue) 28 Aug 1990 (35),Oldham Athletic AFC (2),2-0,?,Leicester City FC (2)
?,(Tue) 28 Aug 1990 (35),Port Vale FC (2),1-2,?,Wolverhampton Wanderers FC (2)
?,(Tue) 28 Aug 1990 (35),Plymouth Argyle FC (2),1-1,?,Watford FC (2)
?,(Wed) 29 Aug 1990 (35),West Ham United FC (2),1-1,?,Portsmouth FC (2)
?,(Sat) 1 Sep 1990 (35),Notts County FC (2),3-1,?,Oxford United FC (2)
?,(Sat) 1 Sep 1990 (35),Brighton & Hove Albion FC (2),1-1,?,Wolverhampton Wanderers FC (3)
?,(Sat) 1 Sep 1990 (35),West Ham United FC (3),1-0,?,Watford FC (3)
?,(Sat) 1 Sep 1990 (35),West Bromwich Albion FC (2),1-2,?,Ipswich Town FC (3)
?,(Sat) 1 Sep 1990 (35),Sheffield Wednesday FC (2),5-1,?,Hull City AFC (3)
?,(Sat) 1 Sep 1990 (35),Plymouth Argyle FC (3),1-1,?,Middlesbrough FC (2)
?,(Sat) 1 Sep 1990 (35),Millwall FC (2),4-1,?,Barnsley FC (2)
?,(Sat) 1 Sep 1990 (35),Bristol Rovers FC (2),2-1,?,Charlton Athletic FC (2)
?,(Sat) 1 Sep 1990 (35),Port Vale FC (3),2-0,?,Leicester City FC (3)
?,(Sat) 1 Sep 1990 (35),Blackburn Rovers FC (3),0-1,?,Newcastle United FC (2)
?,(Sat) 1 Sep 1990 (35),Oldham Athletic AFC (3),3-1,?,Portsmouth FC (3)
?,(Sun) 2 Sep 1990 (35),Swindon Town FC (3),0-1,?,Bristol City FC (2)
?,(Sat) 8 Sep 1990 (36),Watford FC (4),0-1,?,Brighton & Hove Albion FC (3)
?,(Sat) 8 Sep 1990 (36),Newcastle United FC (3),1-2,?,Millwall FC (3)
?,(Sat) 8 Sep 1990 (36),Ipswich Town FC (4),2-1,?,Blackburn Rovers FC (4)
?,(Sat) 8 Sep 1990 (36),Barnsley FC (3),0-1,?,Oldham Athletic AFC (4)
?,(Sat) 8 Sep 1990 (36),Charlton Athletic FC (3),0-1,?,Sheffield Wednesday FC (3)
?,(Sat) 8 Sep 1990 (36),Bristol City FC (3),1-1,?,Plymouth Argyle FC (4)
?,(Sat) 8 Sep 1990 (36),Leicester City FC (4),1-2,?,West Ham United FC (4)
?,(Sat) 8 Sep 1990 (36),Oxford United FC (3),1-3,?,West Bromwich Albion FC (3)
?,(Sat) 8 Sep 1990 (36),Portsmouth FC (4),2-4,?,Port Vale FC (4)
?,(Sat) 8 Sep 1990 (36),Hull City AFC (4),1-1,?,Swindon Town FC (4)
?,(Sat) 8 Sep 1990 (36),Wolverhampton Wanderers FC (4),1-1,?,Bristol Rovers FC (3)
?,(Sat) 8 Sep 1990 (36),Middlesbrough FC (3),1-0,?,Notts County FC (3)
?,(Sat) 15 Sep 1990 (37),West Ham United FC (5),1-1,?,Wolverhampton Wanderers FC (5)
?,(Sat) 15 Sep 1990 (37),Swindon Town FC (5),1-3,?,Middlesbrough FC (4)
?,(Sat) 15 Sep 1990 (37),Millwall FC (4),1-1,?,Ipswich Town FC (5)
?,(Sat) 15 Sep 1990 (37),Blackburn Rovers FC (5),1-2,?,Barnsley FC (4)
?,(Sat) 15 Sep 1990 (37),Plymouth Argyle FC (5),2-0,?,Leicester City FC (5)
?,(Sat) 15 Sep 1990 (37),Sheffield Wednesday FC (4),2-0,?,Watford FC (5)
?,(Sat) 15 Sep 1990 (37),Bristol Rovers FC (4),1-1,?,Hull City AFC (5)
?,(Sat) 15 Sep 1990 (37),Oldham Athletic AFC (5),3-0,?,Oxford United FC (4)
?,(Sat) 15 Sep 1990 (37),Brighton & Hove Albion FC (4),3-2,?,Charlton Athletic FC (4)
?,(Sat) 15 Sep 1990 (37),Port Vale FC (5),0-1,?,Newcastle United FC (4)
?,(Sat) 15 Sep 1990 (37),West Bromwich Albion FC (4),2-1,?,Bristol City FC (4)
?,(Sat) 15 Sep 1990 (37),Notts County FC (4),2-1,?,Portsmouth FC (5)
?,(Mon) 17 Sep 1990 (38),Port Vale FC (6),3-1,?,Middlesbrough FC (5)
?,(Tue) 18 Sep 1990 (38),Oldham Athletic AFC (6),1-1,?,Charlton Athletic FC (5)
?,(Tue) 18 Sep 1990 (38),Sheffield Wednesday FC (5),2-2,?,Newcastle United FC (5)
?,(Tue) 18 Sep 1990 (38),Blackburn Rovers FC (6),4-1,?,Leicester City FC (6)
?,(Tue) 18 Sep 1990 (38),Notts County FC (5),2-3,?,Barnsley FC (5)
?,(Tue) 18 Sep 1990 (38),Plymouth Argyle FC (6),2-2,?,Oxford United FC (5)
?,(Tue) 18 Sep 1990 (38),Swindon Town FC (6),1-0,?,Wolverhampton Wanderers FC (6)
?,(Wed) 19 Sep 1990 (38),Millwall FC (5),3-3,?,Hull City AFC (6)
?,(Wed) 19 Sep 1990 (38),Brighton & Hove Albion FC (5),3-2,?,Portsmouth FC (6)
?,(Wed) 19 Sep 1990 (38),West Ham United FC (6),3-1,?,Ipswich Town FC (6)
?,(Sat) 22 Sep 1990 (38),Charlton Athletic FC (6),0-0,?,Millwall FC (6)
?,(Sat) 22 Sep 1990 (38),Oxford United FC (6),2-4,?,Swindon Town FC (7)
?,(Sat) 22 Sep 1990 (38),Newcastle United FC (6),1-1,?,West Ham United FC (7)
?,(Sat) 22 Sep 1990 (38),Portsmouth FC (7),3-2,?,Blackburn Rovers FC (7)
?,(Sat) 22 Sep 1990 (38),Wolverhampton Wanderers FC (7),3-1,?,Plymouth Argyle FC (7)
?,(Sat) 22 Sep 1990 (38),Leicester City FC (7),2-4,?,Sheffield Wednesday FC (6)
?,(Sat) 22 Sep 1990 (38),Ipswich Town FC (7),2-1,?,Bristol Rovers FC (5)
?,(Sat) 22 Sep 1990 (38),Bristol City FC (5),3-1,?,Brighton & Hove Albion FC (6)
?,(Sat) 22 Sep 1990 (38),Hull City AFC (7),1-1,?,West Bromwich Albion FC (5)
?,(Sat) 22 Sep 1990 (38),Watford FC (6),1-3,?,Notts County FC (6)
?,(Sat) 22 Sep 1990 (38),Barnsley FC (6),1-1,?,Port Vale FC (7)
?,(Sat) 22 Sep 1990 (38),Middlesbrough FC (6),0-1,?,Oldham Athletic AFC (7)
?,(Sat) 29 Sep 1990 (39),West Bromwich Albion FC (6),0-0,?,Oldham Athletic AFC (8)
?,(Sat) 29 Sep 1990 (39),Hull City AFC (8),3-2,?,Port Vale FC (8)
?,(Sat) 29 Sep 1990 (39),Blackburn Rovers FC (8),1-2,?,Brighton & Hove Albion FC (7)
?,(Sat) 29 Sep 1990 (39),Bristol City FC (6),1-0,?,Newcastle United FC (7)
?,(Sat) 29 Sep 1990 (39),Oxford United FC (7),1-1,?,Wolverhampton Wanderers FC (8)
?,(Sat) 29 Sep 1990 (39),Notts County FC (7),3-2,?,Bristol Rovers FC (6)
?,(Sat) 29 Sep 1990 (39),Charlton Athletic FC (7),2-1,?,Barnsley FC (7)
?,(Sat) 29 Sep 1990 (39),Middlesbrough FC (7),6-0,?,Leicester City FC (8)
?,(Sat) 29 Sep 1990 (39),Ipswich Town FC (8),1-1,?,Watford FC (7)
?,(Sat) 29 Sep 1990 (39),Portsmouth FC (8),3-1,?,Plymouth Argyle FC (8)
?,(Sat) 29 Sep 1990 (39),Sheffield Wednesday FC (7),1-1,?,West Ham United FC (8)
?,(Sun) 30 Sep 1990 (39),Swindon Town FC (8),0-0,?,Millwall FC (7)
?,(Mon) 1 Oct 1990 (40),Port Vale FC (9),0-1,?,Notts County FC (8)
?,(Tue) 2 Oct 1990 (40),Barnsley FC (8),5-1,?,Ipswich Town FC (9)
?,(Tue) 2 Oct 1990 (40),Oldham Athletic AFC (9),3-2,?,Swindon Town FC (9)
?,(Tue) 2 Oct 1990 (40),Plymouth Argyle FC (9),2-0,?,West Bromwich Albion FC (7)
?,(Tue) 2 Oct 1990 (40),Watford FC (8),0-1,?,Hull City AFC (9)
?,(Tue) 2 Oct 1990 (40),Wolverhampton Wanderers FC (9),3-0,?,Charlton Athletic FC (8)
?,(Wed) 3 Oct 1990 (40),Bristol Rovers FC (7),1-2,?,Blackburn Rovers FC (9)
?,(Wed) 3 Oct 1990 (40),Brighton & Hove Albion FC (8),0-4,?,Sheffield Wednesday FC (8)
?,(Wed) 3 Oct 1990 (40),Newcastle United FC (8),0-0,?,Middlesbrough FC (8)
?,(Wed) 3 Oct 1990 (40),West Ham United FC (9),2-0,?,Oxford United FC (8)
?,(Wed) 3 Oct 1990 (40),Millwall FC (8),2-0,?,Portsmouth FC (9)
?,(Wed) 3 Oct 1990 (40),Leicester City FC (9),3-0,?,Bristol City FC (7)
?,(Sat) 6 Oct 1990 (40),Millwall FC (9),4-1,?,West Bromwich Albion FC (8)
?,(Sat) 6 Oct 1990 (40),Watford FC (9),0-3,?,Middlesbrough FC (9)
?,(Sat) 6 Oct 1990 (40),West Ham United FC (10),7-1,?,Hull City AFC (10)
?,(Sat) 6 Oct 1990 (40),Barnsley FC (9),3-0,?,Oxford United FC (9)
?,(Sat) 6 Oct 1990 (40),Plymouth Argyle FC (10),0-0,?,Ipswich Town FC (10)
?,(Sat) 6 Oct 1990 (40),Leicester City FC (10),2-1,?,Notts County FC (9)
?,(Sat) 6 Oct 1990 (40),Brighton & Hove Albion FC (9),3-3,?,Swindon Town FC (10)
?,(Sat) 6 Oct 1990 (40),Newcastle United FC (9),2-1,?,Portsmouth FC (10)
?,(Sat) 6 Oct 1990 (40),Port Vale FC (10),1-1,?,Charlton Athletic FC (9)
?,(Sat) 6 Oct 1990 (40),Bristol Rovers FC (8),0-1,?,Sheffield Wednesday FC (9)
?,(Sat) 6 Oct 1990 (40),Oldham Athletic AFC (10),1-1,?,Blackburn Rovers FC (10)
?,(Sat) 6 Oct 1990 (40),Wolverhampton Wanderers FC (10),4-0,?,Bristol City FC (8)
?,(Sat) 13 Oct 1990 (41),Swindon Town FC (11),0-2,?,Bristol Rovers FC (9)
?,(Sat) 13 Oct 1990 (41),Portsmouth FC (11),0-0,?,Barnsley FC (10)
?,(Sat) 13 Oct 1990 (41),Notts County FC (10),1-1,?,Wolverhampton Wanderers FC (11)
?,(Sat) 13 Oct 1990 (41),Ipswich Town FC (11),3-0,?,Port Vale FC (11)
?,(Sat) 13 Oct 1990 (41),Sheffield Wednesday FC (10),3-0,?,Plymouth Argyle FC (11)
?,(Sat) 13 Oct 1990 (41),Bristol City FC (9),1-1,?,West Ham United FC (11)
?,(Sat) 13 Oct 1990 (41),West Bromwich Albion FC (9),1-1,?,Brighton & Hove Albion FC (10)
?,(Sat) 13 Oct 1990 (41),Blackburn Rovers FC (11),0-2,?,Watford FC (10)
?,(Sat) 13 Oct 1990 (41),Hull City AFC (11),2-2,?,Oldham Athletic AFC (11)
?,(Sat) 13 Oct 1990 (41),Oxford United FC (10),0-0,?,Newcastle United FC (10)
?,(Sat) 13 Oct 1990 (41),Charlton Athletic FC (10),1-2,?,Leicester City FC (11)
?,(Sat) 13 Oct 1990 (41),Middlesbrough FC (10),2-1,?,Millwall FC (10)
?,(Sat) 20 Oct 1990 (42),Portsmouth FC (12),3-1,?,Leicester City FC (12)
?,(Sat) 20 Oct 1990 (42),West Bromwich Albion FC (10),1-1,?,Barnsley FC (11)
?,(Sat) 20 Oct 1990 (42),Bristol City FC (10),1-2,?,Oldham Athletic AFC (12)
?,(Sat) 20 Oct 1990 (42),Blackburn Rovers FC (12),0-0,?,Plymouth Argyle FC (12)
?,(Sat) 20 Oct 1990 (42),Hull City AFC (12),1-2,?,Wolverhampton Wanderers FC (12)
?,(Sat) 20 Oct 1990 (42),Sheffield Wednesday FC (11),1-1,?,Port Vale FC (12)
?,(Sat) 20 Oct 1990 (42),Middlesbrough FC (11),1-2,?,Bristol Rovers FC (10)
?,(Sat) 20 Oct 1990 (42),Ipswich Town FC (12),2-1,?,Newcastle United FC (11)
?,(Sat) 20 Oct 1990 (42),Oxford United FC (11),3-0,?,Brighton & Hove Albion FC (11)
?,(Sat) 20 Oct 1990 (42),Swindon Town FC (12),0-1,?,West Ham United FC (12)
?,(Sat) 20 Oct 1990 (42),Charlton Athletic FC (11),1-2,?,Watford FC (11)
?,(Sat) 20 Oct 1990 (42),Notts County FC (11),0-1,?,Millwall FC (11)
?,(Mon) 22 Oct 1990 (43),Port Vale FC (13),1-2,?,West Bromwich Albion FC (11)
?,(Tue) 23 Oct 1990 (43),Barnsley FC (12),1-1,?,Sheffield Wednesday FC (12)
?,(Tue) 23 Oct 1990 (43),Oldham Athletic AFC (13),2-0,?,Ipswich Town FC (13)
?,(Tue) 23 Oct 1990 (43),Plymouth Argyle FC (13),0-0,?,Notts County FC (12)
?,(Tue) 23 Oct 1990 (43),Watford FC (12),0-1,?,Portsmouth FC (13)
?,(Tue) 23 Oct 1990 (43),Wolverhampton Wanderers FC (13),1-0,?,Middlesbrough FC (12)
?,(Wed) 24 Oct 1990 (43),Newcastle United FC (12),1-3,?,Charlton Athletic FC (12)
?,(Wed) 24 Oct 1990 (43),West Ham United FC (13),1-0,?,Blackburn Rovers FC (13)
?,(Wed) 24 Oct 1990 (43),Leicester City FC (13),2-2,?,Swindon Town FC (13)
?,(Wed) 24 Oct 1990 (43),Millwall FC (12),1-2,?,Bristol City FC (11)
?,(Wed) 24 Oct 1990 (43),Bristol Rovers FC (11),1-0,?,Oxford United FC (12)
?,(Wed) 24 Oct 1990 (43),Brighton & Hove Albion FC (12),3-1,?,Hull City AFC (13)
?,(Sat) 27 Oct 1990 (43),Bristol Rovers FC (12),1-2,?,Portsmouth FC (14)
?,(Sat) 27 Oct 1990 (43),Plymouth Argyle FC (14),4-1,?,Hull City AFC (14)
?,(Sat) 27 Oct 1990 (43),Watford FC (13),1-1,?,Oxford United FC (13)
?,(Sat) 27 Oct 1990 (43),Wolverhampton Wanderers FC (14),2-3,?,Blackburn Rovers FC (14)
?,(Sat) 27 Oct 1990 (43),Millwall FC (13),4-2,?,Sheffield Wednesday FC (13)
?,(Sat) 27 Oct 1990 (43),Port Vale FC (14),3-2,?,Bristol City FC (12)
?,(Sat) 27 Oct 1990 (43),Newcastle United FC (13),1-1,?,West Bromwich Albion FC (12)
?,(Sat) 27 Oct 1990 (43),Leicester City FC (14),1-2,?,Ipswich Town FC (14)
?,(Sat) 27 Oct 1990 (43),Brighton & Hove Albion FC (13),2-4,?,Middlesbrough FC (13)
?,(Sat) 27 Oct 1990 (43),West Ham United FC (14),2-1,?,Charlton Athletic FC (13)
?,(Sat) 27 Oct 1990 (43),Oldham Athletic AFC (14),2-1,?,Notts County FC (13)
?,(Sat) 27 Oct 1990 (43),Barnsley FC (13),5-1,?,Swindon Town FC (14)
?,(Tue) 30 Oct 1990 (44),Notts County FC (14),2-2,?,Charlton Athletic FC (14)
?,(Sat) 3 Nov 1990 (44),Swindon Town FC (15),1-2,?,Port Vale FC (15)
?,(Sat) 3 Nov 1990 (44),Charlton Athletic FC (15),0-1,?,Plymouth Argyle FC (15)
?,(Sat) 3 Nov 1990 (44),Ipswich Town FC (15),1-3,?,Brighton & Hove Albion FC (14)
?,(Sat) 3 Nov 1990 (44),Blackburn Rovers FC (15),1-0,?,Millwall FC (14)
?,(Sat) 3 Nov 1990 (44),Hull City AFC (15),2-1,?,Newcastle United FC (14)
?,(Sat) 3 Nov 1990 (44),Sheffield Wednesday FC (14),2-2,?,Oldham Athletic AFC (15)
?,(Sat) 3 Nov 1990 (44),Notts County FC (15),0-1,?,West Ham United FC (15)
?,(Sat) 3 Nov 1990 (44),Bristol City FC (13),3-2,?,Watford FC (14)
?,(Sat) 3 Nov 1990 (44),Portsmouth FC (15),0-0,?,Wolverhampton Wanderers FC (15)
?,(Sat) 3 Nov 1990 (44),Middlesbrough FC (14),1-0,?,Barnsley FC (14)
?,(Sat) 3 Nov 1990 (44),West Bromwich Albion FC (13),3-1,?,Bristol Rovers FC (13)
?,(Sat) 3 Nov 1990 (44),Oxford United FC (14),2-2,?,Leicester City FC (15)
?,(Tue) 6 Nov 1990 (45),West Bromwich Albion FC (14),0-1,?,Middlesbrough FC (15)
?,(Wed) 7 Nov 1990 (45),Bristol Rovers FC (14),2-1,?,Barnsley FC (15)
?,(Wed) 7 Nov 1990 (45),Millwall FC (15),1-2,?,Oxford United FC (15)
?,(Sat) 10 Nov 1990 (45),Middlesbrough FC (16),1-2,?,Charlton Athletic FC (16)
?,(Sat) 10 Nov 1990 (45),Notts County FC (16),4-3,?,West Bromwich Albion FC (15)
?,(Sat) 10 Nov 1990 (45),Swindon Town FC (16),3-0,?,Portsmouth FC (16)
?,(Sat) 10 Nov 1990 (45),Blackburn Rovers FC (16),1-0,?,Sheffield Wednesday FC (15)
?,(Sat) 10 Nov 1990 (45),Oxford United FC (16),3-1,?,Bristol City FC (14)
?,(Sat) 10 Nov 1990 (45),Hull City AFC (16),3-3,?,Ipswich Town FC (16)
?,(Sat) 10 Nov 1990 (45),Millwall FC (16),1-1,?,West Ham United FC (16)
?,(Sat) 10 Nov 1990 (45),Oldham Athletic AFC (16),4-1,?,Watford FC (15)
?,(Sat) 10 Nov 1990 (45),Bristol Rovers FC (15),2-0,?,Port Vale FC (16)
?,(Sat) 10 Nov 1990 (45),Barnsley FC (16),1-1,?,Leicester City FC (16)
?,(Sat) 10 Nov 1990 (45),Wolverhampton Wanderers FC (16),2-1,?,Newcastle United FC (15)
?,(Sat) 10 Nov 1990 (45),Brighton & Hove Albion FC (15),3-2,?,Plymouth Argyle FC (16)
?,(Sat) 17 Nov 1990 (46),Bristol City FC (15),4-1,?,Hull City AFC (17)
?,(Sat) 17 Nov 1990 (46),Newcastle United FC (16),0-0,?,Barnsley FC (17)
?,(Sat) 17 Nov 1990 (46),Sheffield Wednesday FC (16),2-1,?,Swindon Town FC (17)
?,(Sat) 17 Nov 1990 (46),Charlton Athletic FC (17),3-3,?,Oxford United FC (17)
?,(Sat) 17 Nov 1990 (46),Leicester City FC (17),1-0,?,Wolverhampton Wanderers FC (17)
?,(Sat) 17 Nov 1990 (46),Ipswich Town FC (17),0-0,?,Notts County FC (17)
?,(Sat) 17 Nov 1990 (46),Port Vale FC (17),1-0,?,Oldham Athletic AFC (17)
?,(Sat) 17 Nov 1990 (46),West Ham United FC (17),2-1,?,Brighton & Hove Albion FC (16)
?,(Sat) 17 Nov 1990 (46),Watford FC (16),1-1,?,Bristol Rovers FC (16)
?,(Sat) 17 Nov 1990 (46),West Bromwich Albion FC (16),2-0,?,Blackburn Rovers FC (17)
?,(Sat) 17 Nov 1990 (46),Plymouth Argyle FC (17),3-2,?,Millwall FC (17)
?,(Sat) 17 Nov 1990 (46),Portsmouth FC (17),0-3,?,Middlesbrough FC (17)
?,(Fri) 23 Nov 1990 (47),Hull City AFC (18),5-2,?,Leicester City FC (18)
?,(Fri) 23 Nov 1990 (47),Blackburn Rovers FC (18),1-1,?,Port Vale FC (18)
?,(Sat) 24 Nov 1990 (47),Ipswich Town FC (18),1-1,?,Bristol City FC (16)
?,(Sat) 24 Nov 1990 (47),Notts County FC (18),0-0,?,Swindon Town FC (18)
?,(Sat) 24 Nov 1990 (47),Brighton & Hove Albion FC (17),0-0,?,Millwall FC (18)
?,(Sat) 24 Nov 1990 (47),West Bromwich Albion FC (17),1-2,?,Sheffield Wednesday FC (17)
?,(Sat) 24 Nov 1990 (47),Barnsley FC (18),1-1,?,Wolverhampton Wanderers FC (18)
?,(Sat) 24 Nov 1990 (47),Bristol Rovers FC (17),2-0,?,Oldham Athletic AFC (18)
?,(Sat) 24 Nov 1990 (47),Charlton Athletic FC (18),2-1,?,Portsmouth FC (18)
?,(Sat) 24 Nov 1990 (47),Newcastle United FC (17),1-0,?,Watford FC (17)
?,(Sat) 24 Nov 1990 (47),Oxford United FC (18),2-5,?,Middlesbrough FC (18)
?,(Sat) 24 Nov 1990 (47),Plymouth Argyle FC (18),0-1,?,West Ham United FC (18)
?,(Sat) 1 Dec 1990 (48),Millwall FC (19),1-1,?,Bristol Rovers FC (18)
?,(Sat) 1 Dec 1990 (48),Middlesbrough FC (19),3-0,?,Hull City AFC (19)
?,(Sat) 1 Dec 1990 (48),Swindon Town FC (19),1-1,?,Blackburn Rovers FC (19)
?,(Sat) 1 Dec 1990 (48),Port Vale FC (19),5-1,?,Plymouth Argyle FC (19)
?,(Sat) 1 Dec 1990 (48),West Ham United FC (19),3-1,?,West Bromwich Albion FC (18)
?,(Sat) 1 Dec 1990 (48),Portsmouth FC (19),1-1,?,Oxford United FC (19)
?,(Sat) 1 Dec 1990 (48),Sheffield Wednesday FC (18),2-2,?,Notts County FC (19)
?,(Sat) 1 Dec 1990 (48),Leicester City FC (19),5-4,?,Newcastle United FC (18)
?,(Sat) 1 Dec 1990 (48),Oldham Athletic AFC (19),6-1,?,Brighton & Hove Albion FC (18)
?,(Sat) 1 Dec 1990 (48),Watford FC (18),0-0,?,Barnsley FC (19)
?,(Sat) 1 Dec 1990 (48),Wolverhampton Wanderers FC (19),2-2,?,Ipswich Town FC (19)
?,(Sat) 1 Dec 1990 (48),Bristol City FC (17),0-1,?,Charlton Athletic FC (19)
?,(Wed) 5 Dec 1990 (49),West Bromwich Albion FC (19),1-1,?,Watford FC (19)
?,(Sat) 8 Dec 1990 (49),Watford FC (20),2-0,?,Plymouth Argyle FC (20)
?,(Sat) 8 Dec 1990 (49),Hull City AFC (20),3-1,?,Blackburn Rovers FC (20)
?,(Sat) 8 Dec 1990 (49),Bristol City FC (18),1-1,?,Sheffield Wednesday FC (19)
?,(Sat) 8 Dec 1990 (49),Portsmouth FC (20),0-1,?,West Ham United FC (20)
?,(Sat) 8 Dec 1990 (49),Ipswich Town FC (20),1-1,?,Swindon Town FC (20)
?,(Sat) 15 Dec 1990 (50),Oldham Athletic AFC (20),4-1,?,Wolverhampton Wanderers FC (20)
?,(Sat) 15 Dec 1990 (50),Notts County FC (20),2-1,?,Hull City AFC (21)
?,(Sat) 15 Dec 1990 (50),West Ham United FC (21),0-0,?,Middlesbrough FC (20)
?,(Sat) 15 Dec 1990 (50),Swindon Town FC (21),1-1,?,Charlton Athletic FC (20)
?,(Sat) 15 Dec 1990 (50),Brighton & Hove Albion FC (19),1-0,?,Barnsley FC (20)
?,(Sat) 15 Dec 1990 (50),Blackburn Rovers FC (21),0-1,?,Bristol City FC (19)
?,(Sat) 15 Dec 1990 (50),Sheffield Wednesday FC (20),2-2,?,Ipswich Town FC (21)
?,(Sat) 15 Dec 1990 (50),Millwall FC (20),0-2,?,Watford FC (21)
?,(Sat) 15 Dec 1990 (50),Bristol Rovers FC (19),0-0,?,Leicester City FC (20)
?,(Sat) 15 Dec 1990 (50),West Bromwich Albion FC (20),0-0,?,Portsmouth FC (21)
?,(Sat) 15 Dec 1990 (50),Port Vale FC (20),1-0,?,Oxford United FC (20)
?,(Sun) 16 Dec 1990 (50),Plymouth Argyle FC (21),0-1,?,Newcastle United FC (19)
?,(Fri) 21 Dec 1990 (51),Portsmouth FC (22),1-1,?,Ipswich Town FC (22)
?,(Fri) 21 Dec 1990 (51),Oldham Athletic AFC (21),5-3,?,Plymouth Argyle FC (22)
?,(Sat) 22 Dec 1990 (51),Charlton Athletic FC (21),2-1,?,Hull City AFC (22)
?,(Sat) 22 Dec 1990 (51),Bristol Rovers FC (20),1-1,?,Newcastle United FC (20)
?,(Sat) 22 Dec 1990 (51),Port Vale FC (21),0-1,?,Brighton & Hove Albion FC (20)
?,(Sat) 22 Dec 1990 (51),Barnsley FC (21),1-0,?,West Ham United FC (22)
?,(Sat) 22 Dec 1990 (51),Middlesbrough FC (21),0-1,?,Blackburn Rovers FC (22)
?,(Sat) 22 Dec 1990 (51),Notts County FC (21),3-2,?,Bristol City FC (20)
?,(Sat) 22 Dec 1990 (51),Oxford United FC (21),2-2,?,Sheffield Wednesday FC (21)
?,(Sat) 22 Dec 1990 (51),Wolverhampton Wanderers FC (21),4-1,?,Millwall FC (21)
?,(Sat) 22 Dec 1990 (51),Swindon Town FC (22),2-1,?,West Bromwich Albion FC (21)
?,(Sun) 23 Dec 1990 (51),Leicester City FC (21),0-0,?,Watford FC (22)
?,(Wed) 26 Dec 1990 (52),Sheffield Wednesday FC (22),2-2,?,Wolverhampton Wanderers FC (22)
?,(Wed) 26 Dec 1990 (52),Plymouth Argyle FC (23),1-1,?,Barnsley FC (22)
?,(Wed) 26 Dec 1990 (52),Ipswich Town FC (23),0-1,?,Middlesbrough FC (22)
?,(Wed) 26 Dec 1990 (52),Hull City AFC (23),3-3,?,Oxford United FC (22)
?,(Wed) 26 Dec 1990 (52),Blackburn Rovers FC (23),0-1,?,Notts County FC (22)
?,(Wed) 26 Dec 1990 (52),West Ham United FC (23),2-0,?,Oldham Athletic AFC (22)
?,(Wed) 26 Dec 1990 (52),Bristol City FC (21),4-1,?,Portsmouth FC (23)
?,(Wed) 26 Dec 1990 (52),West Bromwich Albion FC (22),1-0,?,Charlton Athletic FC (22)
?,(Wed) 26 Dec 1990 (52),Brighton & Hove Albion FC (21),0-1,?,Bristol Rovers FC (21)
?,(Wed) 26 Dec 1990 (52),Newcastle United FC (21),1-1,?,Swindon Town FC (23)
?,(Wed) 26 Dec 1990 (52),Millwall FC (22),2-1,?,Leicester City FC (22)
?,(Wed) 26 Dec 1990 (52),Watford FC (23),2-1,?,Port Vale FC (22)
?,(Sat) 29 Dec 1990 (52),Sheffield Wednesday FC (23),2-1,?,Portsmouth FC (24)
?,(Sat) 29 Dec 1990 (52),Bristol City FC (22),3-0,?,Middlesbrough FC (23)
?,(Sat) 29 Dec 1990 (52),West Ham United FC (24),0-0,?,Port Vale FC (23)
?,(Sat) 29 Dec 1990 (52),Plymouth Argyle FC (24),2-2,?,Bristol Rovers FC (22)
?,(Sat) 29 Dec 1990 (52),Ipswich Town FC (24),4-4,?,Charlton Athletic FC (23)
?,(Sat) 29 Dec 1990 (52),Millwall FC (23),0-0,?,Oldham Athletic AFC (23)
?,(Sat) 29 Dec 1990 (52),Newcastle United FC (22),0-2,?,Notts County FC (23)
?,(Sat) 29 Dec 1990 (52),Watford FC (24),2-2,?,Swindon Town FC (24)
?,(Sat) 29 Dec 1990 (52),Hull City AFC (24),1-2,?,Barnsley FC (23)
?,(Sat) 29 Dec 1990 (52),Blackburn Rovers FC (24),1-3,?,Oxford United FC (23)
?,(Sat) 29 Dec 1990 (52),West Bromwich Albion FC (23),1-1,?,Wolverhampton Wanderers FC (23)
?,(Tue) 1 Jan 1991 (0),Port Vale FC (24),0-2,?,Millwall FC (24)
?,(Tue) 1 Jan 1991 (0),Notts County FC (24),2-1,?,Brighton & Hove Albion FC (22)
?,(Tue) 1 Jan 1991 (0),Charlton Athletic FC (24),0-0,?,Blackburn Rovers FC (25)
?,(Tue) 1 Jan 1991 (0),Portsmouth FC (25),5-1,?,Hull City AFC (25)
?,(Tue) 1 Jan 1991 (0),Bristol Rovers FC (23),0-1,?,West Ham United FC (25)
?,(Tue) 1 Jan 1991 (0),Oxford United FC (24),2-1,?,Ipswich Town FC (25)
?,(Tue) 1 Jan 1991 (0),Wolverhampton Wanderers FC (24),0-0,?,Watford FC (25)
?,(Tue) 1 Jan 1991 (0),Leicester City FC (23),2-1,?,West Bromwich Albion FC (24)
?,(Tue) 1 Jan 1991 (0),Oldham Athletic AFC (24),1-1,?,Newcastle United FC (23)
?,(Tue) 1 Jan 1991 (0),Barnsley FC (24),2-0,?,Bristol City FC (23)
?,(Tue) 1 Jan 1991 (0),Middlesbrough FC (24),0-2,?,Sheffield Wednesday FC (24)
?,(Tue) 1 Jan 1991 (0),Swindon Town FC (25),1-1,?,Plymouth Argyle FC (25)
?,(Sat) 12 Jan 1991 (1),Barnsley FC (25),1-2,?,Millwall FC (25)
?,(Sat) 12 Jan 1991 (1),Middlesbrough FC (25),0-0,?,Plymouth Argyle FC (26)
?,(Sat) 12 Jan 1991 (1),Watford FC (26),0-1,?,West Ham United FC (26)
?,(Sat) 12 Jan 1991 (1),Hull City AFC (26),0-1,?,Sheffield Wednesday FC (25)
?,(Sat) 12 Jan 1991 (1),Portsmouth FC (26),1-4,?,Oldham Athletic AFC (25)
?,(Sat) 12 Jan 1991 (1),Leicester City FC (24),1-1,?,Port Vale FC (25)
?,(Sat) 12 Jan 1991 (1),Charlton Athletic FC (25),2-2,?,Bristol Rovers FC (24)
?,(Sat) 12 Jan 1991 (1),Ipswich Town FC (26),1-0,?,West Bromwich Albion FC (25)
?,(Sat) 12 Jan 1991 (1),Newcastle United FC (24),1-0,?,Blackburn Rovers FC (26)
?,(Sat) 12 Jan 1991 (1),Oxford United FC (25),3-3,?,Notts County FC (25)
?,(Sat) 12 Jan 1991 (1),Bristol City FC (24),0-4,?,Swindon Town FC (26)
?,(Sat) 12 Jan 1991 (1),Wolverhampton Wanderers FC (25),2-3,?,Brighton & Hove Albion FC (23)
?,(Wed) 16 Jan 1991 (2),Brighton & Hove Albion FC (24),4-2,?,Newcastle United FC (25)
?,(Sat) 19 Jan 1991 (2),Port Vale FC (26),3-2,?,Portsmouth FC (27)
?,(Sat) 19 Jan 1991 (2),West Bromwich Albion FC (26),2-0,?,Oxford United FC (26)
?,(Sat) 19 Jan 1991 (2),Oldham Athletic AFC (26),2-0,?,Barnsley FC (26)
?,(Sat) 19 Jan 1991 (2),Blackburn Rovers FC (27),0-1,?,Ipswich Town FC (27)
?,(Sat) 19 Jan 1991 (2),Plymouth Argyle FC (27),1-0,?,Bristol City FC (25)
?,(Sat) 19 Jan 1991 (2),Swindon Town FC (27),3-1,?,Hull City AFC (27)
?,(Sat) 19 Jan 1991 (2),Millwall FC (26),0-1,?,Newcastle United FC (26)
?,(Sat) 19 Jan 1991 (2),Notts County FC (26),3-2,?,Middlesbrough FC (26)
?,(Sat) 19 Jan 1991 (2),Bristol Rovers FC (25),1-1,?,Wolverhampton Wanderers FC (26)
?,(Sat) 19 Jan 1991 (2),West Ham United FC (27),1-0,?,Leicester City FC (25)
?,(Sat) 19 Jan 1991 (2),Brighton & Hove Albion FC (25),3-0,?,Watford FC (27)
?,(Sat) 19 Jan 1991 (2),Sheffield Wednesday FC (26),0-0,?,Charlton Athletic FC (26)
?,(Tue) 22 Jan 1991 (3),Charlton Athletic FC (27),3-1,?,Notts County FC (27)
?,(Sat) 26 Jan 1991 (3),Bristol Rovers FC (26),3-2,?,Bristol City FC (26)
?,(Sat) 26 Jan 1991 (3),Leicester City FC (26),1-3,?,Blackburn Rovers FC (28)
?,(Sat) 2 Feb 1991 (4),Middlesbrough FC (27),2-0,?,Swindon Town FC (28)
?,(Sat) 2 Feb 1991 (4),Charlton Athletic FC (28),1-2,?,Brighton & Hove Albion FC (26)
?,(Sat) 2 Feb 1991 (4),Oxford United FC (27),5-1,?,Oldham Athletic AFC (27)
?,(Sat) 2 Feb 1991 (4),Bristol City FC (27),2-0,?,West Bromwich Albion FC (27)
?,(Sat) 2 Feb 1991 (4),Watford FC (28),2-2,?,Sheffield Wednesday FC (27)
?,(Sat) 2 Feb 1991 (4),Portsmouth FC (28),2-1,?,Notts County FC (28)
?,(Sat) 2 Feb 1991 (4),Newcastle United FC (27),2-0,?,Port Vale FC (27)
?,(Sat) 2 Feb 1991 (4),Leicester City FC (27),3-1,?,Plymouth Argyle FC (28)
?,(Sat) 2 Feb 1991 (4),Ipswich Town FC (28),0-3,?,Millwall FC (27)
?,(Sat) 2 Feb 1991 (4),Hull City AFC (28),2-0,?,Bristol Rovers FC (27)
?,(Sat) 2 Feb 1991 (4),Wolverhampton Wanderers FC (27),2-1,?,West Ham United FC (28)
?,(Sat) 9 Feb 1991 (5),Blackburn Rovers FC (29),1-1,?,Portsmouth FC (29)
?,(Sat) 16 Feb 1991 (6),Bristol Rovers FC (28),3-1,?,Watford FC (29)
?,(Sat) 16 Feb 1991 (6),Oxford United FC (28),1-1,?,Charlton Athletic FC (29)
?,(Sat) 16 Feb 1991 (6),Blackburn Rovers FC (30),0-3,?,West Bromwich Albion FC (28)
?,(Sat) 16 Feb 1991 (6),Hull City AFC (29),1-2,?,Bristol City FC (28)
?,(Sat) 16 Feb 1991 (6),Millwall FC (28),4-1,?,Plymouth Argyle FC (29)
?,(Sat) 16 Feb 1991 (6),Oldham Athletic AFC (28),2-0,?,Port Vale FC (28)
?,(Tue) 19 Feb 1991 (7),Swindon Town FC (29),2-1,?,Sheffield Wednesday FC (28)
?,(Tue) 19 Feb 1991 (7),Middlesbrough FC (28),3-2,?,West Bromwich Albion FC (29)
?,(Wed) 20 Feb 1991 (7),Brighton & Hove Albion FC (27),3-0,?,Leicester City FC (28)
?,(Sat) 23 Feb 1991 (7),Portsmouth FC (30),2-1,?,Swindon Town FC (30)
?,(Sat) 23 Feb 1991 (7),Port Vale FC (29),3-2,?,Bristol Rovers FC (29)
?,(Sat) 23 Feb 1991 (7),Leicester City FC (29),2-1,?,Barnsley FC (27)
?,(Sat) 23 Feb 1991 (7),Ipswich Town FC (29),2-0,?,Hull City AFC (30)
?,(Sat) 23 Feb 1991 (7),Watford FC (30),1-1,?,Oldham Athletic AFC (29)
?,(Sat) 23 Feb 1991 (7),Newcastle United FC (28),0-0,?,Wolverhampton Wanderers FC (28)
?,(Sat) 23 Feb 1991 (7),Charlton Athletic FC (30),0-1,?,Middlesbrough FC (29)
?,(Sat) 23 Feb 1991 (7),Plymouth Argyle FC (30),2-0,?,Brighton & Hove Albion FC (28)
?,(Sat) 23 Feb 1991 (7),Bristol City FC (29),3-1,?,Oxford United FC (29)
?,(Sat) 23 Feb 1991 (7),West Bromwich Albion FC (30),2-2,?,Notts County FC (29)
?,(Sun) 24 Feb 1991 (7),West Ham United FC (29),3-1,?,Millwall FC (29)
?,(Tue) 26 Feb 1991 (8),Wolverhampton Wanderers FC (29),3-1,?,Port Vale FC (30)
?,(Tue) 26 Feb 1991 (8),Middlesbrough FC (30),1-2,?,Portsmouth FC (31)
?,(Tue) 26 Feb 1991 (8),Barnsley FC (28),1-0,?,Bristol Rovers FC (30)
?,(Wed) 27 Feb 1991 (8),Oxford United FC (30),0-0,?,Millwall FC (30)
?,(Wed) 27 Feb 1991 (8),Newcastle United FC (29),0-0,?,Brighton & Hove Albion FC (29)
?,(Sat) 2 Mar 1991 (8),Barnsley FC (29),2-1,?,Watford FC (31)
?,(Sat) 2 Mar 1991 (8),Blackburn Rovers FC (31),2-1,?,Swindon Town FC (31)
?,(Sat) 2 Mar 1991 (8),Hull City AFC (31),0-0,?,Middlesbrough FC (31)
?,(Sat) 2 Mar 1991 (8),Ipswich Town FC (30),0-0,?,Wolverhampton Wanderers FC (30)
?,(Sat) 2 Mar 1991 (8),Notts County FC (30),0-2,?,Sheffield Wednesday FC (29)
?,(Sat) 2 Mar 1991 (8),Newcastle United FC (30),2-1,?,Leicester City FC (30)
?,(Sat) 2 Mar 1991 (8),Plymouth Argyle FC (31),2-0,?,Port Vale FC (31)
?,(Sat) 2 Mar 1991 (8),Bristol Rovers FC (31),1-0,?,Millwall FC (31)
?,(Sat) 2 Mar 1991 (8),Charlton Athletic FC (31),2-1,?,Bristol City FC (30)
?,(Sat) 2 Mar 1991 (8),West Bromwich Albion FC (31),0-0,?,West Ham United FC (30)
?,(Sat) 2 Mar 1991 (8),Brighton & Hove Albion FC (30),1-2,?,Oldham Athletic AFC (30)
?,(Sat) 2 Mar 1991 (8),Oxford United FC (31),1-0,?,Portsmouth FC (32)
?,(Tue) 5 Mar 1991 (9),Swindon Town FC (32),0-0,?,Oxford United FC (32)
?,(Tue) 5 Mar 1991 (9),Wolverhampton Wanderers FC (31),2-1,?,Leicester City FC (31)
?,(Tue) 5 Mar 1991 (9),Bristol City FC (31),1-0,?,Bristol Rovers FC (32)
?,(Tue) 5 Mar 1991 (9),West Ham United FC (31),2-2,?,Plymouth Argyle FC (32)
?,(Sat) 9 Mar 1991 (9),Portsmouth FC (33),0-1,?,Charlton Athletic FC (32)
?,(Sat) 9 Mar 1991 (9),Oldham Athletic AFC (31),2-0,?,Bristol Rovers FC (33)
?,(Sat) 9 Mar 1991 (9),Port Vale FC (32),3-0,?,Blackburn Rovers FC (32)
?,(Sat) 9 Mar 1991 (9),Sheffield Wednesday FC (30),1-0,?,West Bromwich Albion FC (32)
?,(Sat) 9 Mar 1991 (9),Watford FC (32),1-2,?,Newcastle United FC (31)
?,(Sat) 9 Mar 1991 (9),Leicester City FC (32),0-1,?,Hull City AFC (32)
?,(Sat) 9 Mar 1991 (9),Bristol City FC (32),4-2,?,Ipswich Town FC (31)
?,(Sat) 9 Mar 1991 (9),Wolverhampton Wanderers FC (32),0-5,?,Barnsley FC (30)
?,(Sat) 9 Mar 1991 (9),Millwall FC (32),3-0,?,Brighton & Hove Albion FC (31)
?,(Sat) 9 Mar 1991 (9),Middlesbrough FC (32),0-0,?,Oxford United FC (33)
?,(Tue) 12 Mar 1991 (10),Portsmouth FC (34),0-0,?,Millwall FC (33)
?,(Tue) 12 Mar 1991 (10),Middlesbrough FC (33),3-0,?,Newcastle United FC (32)
?,(Tue) 12 Mar 1991 (10),Bristol City FC (33),1-0,?,Leicester City FC (33)
?,(Tue) 12 Mar 1991 (10),Charlton Athletic FC (33),1-0,?,Wolverhampton Wanderers FC (33)
?,(Tue) 12 Mar 1991 (10),Notts County FC (31),1-1,?,Port Vale FC (33)
?,(Tue) 12 Mar 1991 (10),Hull City AFC (33),1-1,?,Watford FC (33)
?,(Tue) 12 Mar 1991 (10),Swindon Town FC (33),2-2,?,Oldham Athletic AFC (32)
?,(Tue) 12 Mar 1991 (10),Blackburn Rovers FC (33),2-2,?,Bristol Rovers FC (34)
?,(Wed) 13 Mar 1991 (10),Oxford United FC (34),2-1,?,West Ham United FC (32)
?,(Wed) 13 Mar 1991 (10),Sheffield Wednesday FC (31),1-1,?,Brighton & Hove Albion FC (32)
?,(Wed) 13 Mar 1991 (10),West Bromwich Albion FC (33),1-2,?,Plymouth Argyle FC (33)
?,(Sat) 16 Mar 1991 (10),West Ham United FC (33),1-3,?,Sheffield Wednesday FC (32)
?,(Sat) 16 Mar 1991 (10),Plymouth Argyle FC (34),1-1,?,Portsmouth FC (35)
?,(Sat) 16 Mar 1991 (10),Bristol Rovers FC (35),1-1,?,Notts County FC (32)
?,(Sat) 16 Mar 1991 (10),Oldham Athletic AFC (33),2-1,?,West Bromwich Albion FC (34)
?,(Sat) 16 Mar 1991 (10),Millwall FC (34),1-0,?,Swindon Town FC (34)
?,(Sat) 16 Mar 1991 (10),Leicester City FC (34),4-3,?,Middlesbrough FC (34)
?,(Sat) 16 Mar 1991 (10),Watford FC (34),1-1,?,Ipswich Town FC (32)
?,(Sat) 16 Mar 1991 (10),Newcastle United FC (33),0-0,?,Bristol City FC (34)
?,(Sat) 16 Mar 1991 (10),Barnsley FC (31),1-1,?,Charlton Athletic FC (34)
?,(Sat) 16 Mar 1991 (10),Port Vale FC (34),0-0,?,Hull City AFC (34)
?,(Sat) 16 Mar 1991 (10),Wolverhampton Wanderers FC (34),3-3,?,Oxford United FC (35)
?,(Sat) 16 Mar 1991 (10),Brighton & Hove Albion FC (33),1-0,?,Blackburn Rovers FC (34)
?,(Mon) 18 Mar 1991 (11),Port Vale FC (35),1-2,?,Ipswich Town FC (33)
?,(Tue) 19 Mar 1991 (11),Barnsley FC (32),4-0,?,Portsmouth FC (36)
?,(Tue) 19 Mar 1991 (11),Wolverhampton Wanderers FC (35),0-2,?,Notts County FC (33)
?,(Tue) 19 Mar 1991 (11),Watford FC (35),0-3,?,Blackburn Rovers FC (35)
?,(Tue) 19 Mar 1991 (11),Plymouth Argyle FC (35),1-1,?,Sheffield Wednesday FC (33)
?,(Wed) 20 Mar 1991 (11),Millwall FC (35),2-2,?,Middlesbrough FC (35)
?,(Wed) 20 Mar 1991 (11),West Ham United FC (34),1-0,?,Bristol City FC (35)
?,(Wed) 20 Mar 1991 (11),Brighton & Hove Albion FC (34),2-0,?,West Bromwich Albion FC (35)
?,(Wed) 20 Mar 1991 (11),Oldham Athletic AFC (34),1-2,?,Hull City AFC (35)
?,(Wed) 20 Mar 1991 (11),Bristol Rovers FC (36),2-1,?,Swindon Town FC (35)
?,(Wed) 20 Mar 1991 (11),Leicester City FC (35),1-2,?,Charlton Athletic FC (35)
?,(Fri) 22 Mar 1991 (11),Ipswich Town FC (34),3-1,?,Plymouth Argyle FC (36)
?,(Sat) 23 Mar 1991 (11),Middlesbrough FC (36),1-2,?,Watford FC (36)
?,(Sat) 23 Mar 1991 (11),Portsmouth FC (37),0-1,?,Newcastle United FC (34)
?,(Sat) 23 Mar 1991 (11),Blackburn Rovers FC (36),2-0,?,Oldham Athletic AFC (35)
?,(Sat) 23 Mar 1991 (11),Notts County FC (34),0-2,?,Leicester City FC (36)
?,(Sat) 23 Mar 1991 (11),Swindon Town FC (36),1-3,?,Brighton & Hove Albion FC (35)
?,(Sat) 23 Mar 1991 (11),Hull City AFC (36),0-0,?,West Ham United FC (35)
?,(Sat) 23 Mar 1991 (11),Oxford United FC (36),2-0,?,Barnsley FC (33)
?,(Sat) 23 Mar 1991 (11),Charlton Athletic FC (36),0-1,?,Port Vale FC (36)
?,(Sat) 23 Mar 1991 (11),Bristol City FC (36),1-1,?,Wolverhampton Wanderers FC (36)
?,(Sat) 23 Mar 1991 (11),Sheffield Wednesday FC (34),2-1,?,Bristol Rovers FC (37)
?,(Sat) 23 Mar 1991 (11),West Bromwich Albion FC (36),0-1,?,Millwall FC (36)
?,(Fri) 29 Mar 1991 (12),Oldham Athletic AFC (36),1-1,?,West Ham United FC (36)
?,(Sat) 30 Mar 1991 (12),Oxford United FC (37),1-0,?,Hull City AFC (37)
?,(Sat) 30 Mar 1991 (12),Swindon Town FC (37),3-2,?,Newcastle United FC (35)
?,(Sat) 30 Mar 1991 (12),Barnsley FC (34),1-0,?,Plymouth Argyle FC (37)
?,(Sat) 30 Mar 1991 (12),Charlton Athletic FC (37),2-0,?,West Bromwich Albion FC (37)
?,(Sat) 30 Mar 1991 (12),Middlesbrough FC (37),1-1,?,Ipswich Town FC (35)
?,(Sat) 30 Mar 1991 (12),Portsmouth FC (38),4-1,?,Bristol City FC (37)
?,(Sat) 30 Mar 1991 (12),Notts County FC (35),4-1,?,Blackburn Rovers FC (37)
?,(Sat) 30 Mar 1991 (12),Leicester City FC (37),1-2,?,Millwall FC (37)
?,(Sat) 30 Mar 1991 (12),Bristol Rovers FC (38),1-3,?,Brighton & Hove Albion FC (36)
?,(Sat) 30 Mar 1991 (12),Wolverhampton Wanderers FC (37),3-2,?,Sheffield Wednesday FC (35)
?,(Sat) 30 Mar 1991 (12),Port Vale FC (37),0-0,?,Watford FC (37)
?,(Mon) 1 Apr 1991 (13),Bristol City FC (38),3-2,?,Notts County FC (36)
?,(Mon) 1 Apr 1991 (13),Plymouth Argyle FC (38),1-2,?,Oldham Athletic AFC (37)
?,(Mon) 1 Apr 1991 (13),Hull City AFC (38),2-2,?,Charlton Athletic FC (38)
?,(Mon) 1 Apr 1991 (13),Watford FC (38),1-0,?,Leicester City FC (38)
?,(Mon) 1 Apr 1991 (13),Blackburn Rovers FC (38),1-0,?,Middlesbrough FC (38)
?,(Mon) 1 Apr 1991 (13),West Ham United FC (37),3-2,?,Barnsley FC (35)
?,(Mon) 1 Apr 1991 (13),Newcastle United FC (36),0-2,?,Bristol Rovers FC (39)
?,(Mon) 1 Apr 1991 (13),West Bromwich Albion FC (38),2-1,?,Swindon Town FC (38)
?,(Mon) 1 Apr 1991 (13),Sheffield Wednesday FC (36),0-2,?,Oxford United FC (38)
?,(Tue) 2 Apr 1991 (13),Ipswich Town FC (36),2-2,?,Portsmouth FC (39)
?,(Wed) 3 Apr 1991 (13),Millwall FC (38),2-1,?,Wolverhampton Wanderers FC (38)
?,(Wed) 3 Apr 1991 (13),Brighton & Hove Albion FC (37),1-2,?,Port Vale FC (38)
?,(Sat) 6 Apr 1991 (13),Charlton Athletic FC (39),1-1,?,Ipswich Town FC (37)
?,(Sat) 6 Apr 1991 (13),Oldham Athletic AFC (38),1-1,?,Millwall FC (39)
?,(Sat) 6 Apr 1991 (13),Oxford United FC (39),0-0,?,Blackburn Rovers FC (39)
?,(Sat) 6 Apr 1991 (13),Wolverhampton Wanderers FC (39),2-2,?,West Bromwich Albion FC (39)
?,(Sat) 6 Apr 1991 (13),Bristol Rovers FC (40),0-0,?,Plymouth Argyle FC (39)
?,(Sat) 6 Apr 1991 (13),Portsmouth FC (40),2-0,?,Sheffield Wednesday FC (37)
?,(Sat) 6 Apr 1991 (13),Swindon Town FC (39),1-2,?,Watford FC (39)
?,(Sat) 6 Apr 1991 (13),Leicester City FC (39),3-0,?,Brighton & Hove Albion FC (38)
?,(Sat) 6 Apr 1991 (13),Middlesbrough FC (39),2-1,?,Bristol City FC (39)
?,(Sat) 6 Apr 1991 (13),Notts County FC (37),3-0,?,Newcastle United FC (37)
?,(Sat) 6 Apr 1991 (13),Barnsley FC (36),3-1,?,Hull City AFC (39)
?,(Sat) 6 Apr 1991 (13),Port Vale FC (39),0-1,?,West Ham United FC (38)
?,(Tue) 9 Apr 1991 (14),Middlesbrough FC (40),4-0,?,Port Vale FC (40)
?,(Tue) 9 Apr 1991 (14),Barnsley FC (37),1-0,?,Notts County FC (38)
?,(Tue) 9 Apr 1991 (14),Plymouth Argyle FC (40),1-0,?,Wolverhampton Wanderers FC (40)
?,(Wed) 10 Apr 1991 (14),Sheffield Wednesday FC (38),3-1,?,Blackburn Rovers FC (40)
?,(Wed) 10 Apr 1991 (14),Bristol Rovers FC (41),1-0,?,Ipswich Town FC (38)
?,(Wed) 10 Apr 1991 (14),Newcastle United FC (38),2-2,?,Oxford United FC (40)
?,(Wed) 10 Apr 1991 (14),West Bromwich Albion FC (40),1-1,?,Hull City AFC (40)
?,(Wed) 10 Apr 1991 (14),Brighton & Hove Albion FC (39),1-0,?,West Ham United FC (39)
?,(Wed) 10 Apr 1991 (14),Millwall FC (40),3-1,?,Charlton Athletic FC (40)
?,(Wed) 10 Apr 1991 (14),Leicester City FC (40),0-0,?,Oldham Athletic AFC (39)
?,(Sat) 13 Apr 1991 (14),Ipswich Town FC (39),1-1,?,Oxford United FC (41)
?,(Sat) 13 Apr 1991 (14),Bristol City FC (40),1-0,?,Barnsley FC (38)
?,(Sat) 13 Apr 1991 (14),Hull City AFC (41),0-2,?,Portsmouth FC (41)
?,(Sat) 13 Apr 1991 (14),Watford FC (40),3-1,?,Wolverhampton Wanderers FC (41)
?,(Sat) 13 Apr 1991 (14),Blackburn Rovers FC (41),2-2,?,Charlton Athletic FC (41)
?,(Sat) 13 Apr 1991 (14),Millwall FC (41),1-2,?,Port Vale FC (41)
?,(Sat) 13 Apr 1991 (14),West Bromwich Albion FC (41),2-1,?,Leicester City FC (41)
?,(Sat) 13 Apr 1991 (14),Plymouth Argyle FC (41),3-3,?,Swindon Town FC (40)
?,(Sat) 13 Apr 1991 (14),Sheffield Wednesday FC (39),2-0,?,Middlesbrough FC (41)
?,(Sat) 13 Apr 1991 (14),Newcastle United FC (39),3-2,?,Oldham Athletic AFC (40)
?,(Sat) 13 Apr 1991 (14),Brighton & Hove Albion FC (40),0-0,?,Notts County FC (39)
?,(Mon) 15 Apr 1991 (15),Port Vale FC (42),0-1,?,Barnsley FC (39)
?,(Tue) 16 Apr 1991 (15),Hull City AFC (42),1-1,?,Millwall FC (42)
?,(Tue) 16 Apr 1991 (15),Portsmouth FC (42),1-0,?,Brighton & Hove Albion FC (41)
?,(Tue) 16 Apr 1991 (15),Charlton Athletic FC (42),1-1,?,Oldham Athletic AFC (41)
?,(Tue) 16 Apr 1991 (15),Wolverhampton Wanderers FC (42),1-2,?,Swindon Town FC (41)
?,(Tue) 16 Apr 1991 (15),Notts County FC (40),1-0,?,Watford FC (41)
?,(Wed) 17 Apr 1991 (15),Ipswich Town FC (40),0-1,?,West Ham United FC (40)
?,(Wed) 17 Apr 1991 (15),Newcastle United FC (40),1-0,?,Sheffield Wednesday FC (40)
?,(Wed) 17 Apr 1991 (15),Oxford United FC (42),0-0,?,Plymouth Argyle FC (42)
?,(Sat) 20 Apr 1991 (15),Millwall FC (43),1-2,?,Notts County FC (41)
?,(Sat) 20 Apr 1991 (15),Plymouth Argyle FC (43),4-1,?,Blackburn Rovers FC (42)
?,(Sat) 20 Apr 1991 (15),Bristol Rovers FC (42),2-0,?,Middlesbrough FC (42)
?,(Sat) 20 Apr 1991 (15),Leicester City FC (42),2-1,?,Portsmouth FC (43)
?,(Sat) 20 Apr 1991 (15),West Ham United FC (41),2-0,?,Swindon Town FC (42)
?,(Sat) 20 Apr 1991 (15),Newcastle United FC (41),2-2,?,Ipswich Town FC (41)
?,(Sat) 20 Apr 1991 (15),Watford FC (42),2-1,?,Charlton Athletic FC (43)
?,(Sat) 20 Apr 1991 (15),Barnsley FC (40),1-1,?,West Bromwich Albion FC (42)
?,(Sat) 20 Apr 1991 (15),Wolverhampton Wanderers FC (43),0-0,?,Hull City AFC (43)
?,(Sat) 20 Apr 1991 (15),Oldham Athletic AFC (42),2-1,?,Bristol City FC (41)
?,(Sat) 20 Apr 1991 (15),Brighton & Hove Albion FC (42),0-3,?,Oxford United FC (43)
?,(Tue) 23 Apr 1991 (16),Swindon Town FC (43),1-2,?,Notts County FC (42)
?,(Tue) 23 Apr 1991 (16),Watford FC (43),1-1,?,West Bromwich Albion FC (43)
?,(Tue) 23 Apr 1991 (16),Brighton & Hove Albion FC (43),0-1,?,Bristol City FC (42)
?,(Tue) 23 Apr 1991 (16),Barnsley FC (41),0-1,?,Blackburn Rovers FC (43)
?,(Wed) 24 Apr 1991 (16),Sheffield Wednesday FC (41),0-0,?,Leicester City FC (43)
?,(Wed) 24 Apr 1991 (16),West Ham United FC (42),1-1,?,Newcastle United FC (42)
?,(Thu) 25 Apr 1991 (16),Ipswich Town FC (42),2-0,?,Barnsley FC (42)
?,(Sat) 27 Apr 1991 (16),Ipswich Town FC (43),1-2,?,Oldham Athletic AFC (43)
?,(Sat) 27 Apr 1991 (16),Bristol City FC (43),1-4,?,Millwall FC (44)
?,(Sat) 27 Apr 1991 (16),Charlton Athletic FC (44),1-0,?,Newcastle United FC (43)
?,(Sat) 27 Apr 1991 (16),West Bromwich Albion FC (44),1-1,?,Port Vale FC (43)
?,(Sat) 27 Apr 1991 (16),Oxford United FC (44),3-1,?,Bristol Rovers FC (43)
?,(Sat) 27 Apr 1991 (16),Swindon Town FC (44),5-2,?,Leicester City FC (44)
?,(Sat) 27 Apr 1991 (16),Notts County FC (43),4-0,?,Plymouth Argyle FC (44)
?,(Sat) 27 Apr 1991 (16),Hull City AFC (44),0-1,?,Brighton & Hove Albion FC (44)
?,(Sat) 27 Apr 1991 (16),Portsmouth FC (44),0-1,?,Watford FC (44)
?,(Sat) 27 Apr 1991 (16),Middlesbrough FC (43),2-0,?,Wolverhampton Wanderers FC (44)
?,(Sat) 27 Apr 1991 (16),Sheffield Wednesday FC (42),3-1,?,Barnsley FC (43)
?,(Sat) 27 Apr 1991 (16),Blackburn Rovers FC (44),3-1,?,West Ham United FC (43)
?,(Sat) 4 May 1991 (17),Oxford United FC (45),0-1,?,Watford FC (45)
?,(Sat) 4 May 1991 (17),Notts County FC (44),2-0,?,Oldham Athletic AFC (44)
?,(Sat) 4 May 1991 (17),Portsmouth FC (45),3-1,?,Bristol Rovers FC (44)
?,(Sat) 4 May 1991 (17),Blackburn Rovers FC (45),1-1,?,Wolverhampton Wanderers FC (45)
?,(Sat) 4 May 1991 (17),Ipswich Town FC (44),3-2,?,Leicester City FC (45)
?,(Sat) 4 May 1991 (17),Swindon Town FC (45),1-2,?,Barnsley FC (44)
?,(Sat) 4 May 1991 (17),Bristol City FC (44),1-1,?,Port Vale FC (44)
?,(Sat) 4 May 1991 (17),Hull City AFC (45),2-0,?,Plymouth Argyle FC (45)
?,(Sat) 4 May 1991 (17),West Bromwich Albion FC (45),1-1,?,Newcastle United FC (44)
?,(Sat) 4 May 1991 (17),Sheffield Wednesday FC (43),2-1,?,Millwall FC (45)
?,(Sat) 4 May 1991 (17),Middlesbrough FC (44),2-0,?,Brighton & Hove Albion FC (45)
?,(Sat) 4 May 1991 (17),Charlton Athletic FC (45),1-1,?,West Ham United FC (44)
?,(Mon) 6 May 1991 (18),Port Vale FC (45),1-1,?,Sheffield Wednesday FC (44)
?,(Tue) 7 May 1991 (18),Notts County FC (45),3-1,?,Ipswich Town FC (45)
?,(Tue) 7 May 1991 (18),Oldham Athletic AFC (45),2-0,?,Middlesbrough FC (45)
?,(Tue) 7 May 1991 (18),Barnsley FC (45),1-1,?,Newcastle United FC (45)
?,(Wed) 8 May 1991 (18),West Ham United FC (45),1-0,?,Bristol Rovers FC (45)
?,(Wed) 8 May 1991 (18),Sheffield Wednesday FC (45),3-1,?,Bristol City FC (45)
?,(Sat) 11 May 1991 (18),Oldham Athletic AFC (46),3-2,?,Sheffield Wednesday FC (46)
?,(Sat) 11 May 1991 (18),West Ham United FC (46),1-2,?,Notts County FC (46)
?,(Sat) 11 May 1991 (18),Millwall FC (46),2-1,?,Blackburn Rovers FC (46)
?,(Sat) 11 May 1991 (18),Barnsley FC (46),1-0,?,Middlesbrough FC (46)
?,(Sat) 11 May 1991 (18),Bristol Rovers FC (46),1-1,?,West Bromwich Albion FC (46)
?,(Sat) 11 May 1991 (18),Port Vale FC (46),3-1,?,Swindon Town FC (46)
?,(Sat) 11 May 1991 (18),Wolverhampton Wanderers FC (46),3-1,?,Portsmouth FC (46)
?,(Sat) 11 May 1991 (18),Plymouth Argyle FC (46),2-0,?,Charlton Athletic FC (46)
?,(Sat) 11 May 1991 (18),Brighton & Hove Albion FC (46),2-1,?,Ipswich Town FC (46)
?,(Sat) 11 May 1991 (18),Leicester City FC (46),1-0,?,Oxford United FC (46)
?,(Sat) 11 May 1991 (18),Newcastle United FC (46),1-2,?,Hull City AFC (46)
?,(Sat) 11 May 1991 (18),Watford FC (46),2-3,?,Bristol City FC (46)
