Round,Date,Team 1,FT,HT,Team 2
?,(Sat) 25 Aug 1984 (34),Queens Park Rangers FC (1),3-1,?,West Bromwich Albion FC (1)
?,(Sat) 25 Aug 1984 (34),Arsenal FC (1),1-1,?,Chelsea FC (1)
?,(Sat) 25 Aug 1984 (34),Leicester City FC (1),2-3,?,Newcastle United FC (1)
?,(Sat) 25 Aug 1984 (34),Manchester United FC (1),1-1,?,Watford FC (1)
?,(Sat) 25 Aug 1984 (34),Luton Town FC (1),2-0,?,Stoke City FC (1)
?,(Sat) 25 Aug 1984 (34),Sheffield Wednesday FC (1),3-1,?,Nottingham Forest FC (1)
?,(Sat) 25 Aug 1984 (34),Norwich City FC (1),3-3,?,Liverpool FC (1)
?,(Sat) 25 Aug 1984 (34),Sunderland AFC (1),3-1,?,Southampton FC (1)
?,(Sat) 25 Aug 1984 (34),West Ham United FC (1),0-0,?,Ipswich Town FC (1)
?,(Sat) 25 Aug 1984 (34),Everton FC (1),1-4,?,Tottenham Hotspur FC (1)
?,(Sat) 25 Aug 1984 (34),Aston Villa FC (1),1-0,?,Coventry City FC (1)
?,(Mon) 27 Aug 1984 (35),Tottenham Hotspur FC (2),2-2,?,Leicester City FC (2)
?,(Mon) 27 Aug 1984 (35),Newcastle United FC (2),2-1,?,Sheffield Wednesday FC (2)
?,(Mon) 27 Aug 1984 (35),West Bromwich Albion FC (2),2-1,?,Everton FC (2)
?,(Mon) 27 Aug 1984 (35),Stoke City FC (2),1-3,?,Aston Villa FC (2)
?,(Mon) 27 Aug 1984 (35),Liverpool FC (2),3-0,?,West Ham United FC (2)
?,(Mon) 27 Aug 1984 (35),Chelsea FC (2),1-0,?,Sunderland AFC (2)
?,(Tue) 28 Aug 1984 (35),Southampton FC (2),0-0,?,Manchester United FC (2)
?,(Tue) 28 Aug 1984 (35),Ipswich Town FC (2),1-1,?,Luton Town FC (2)
?,(Tue) 28 Aug 1984 (35),Coventry City FC (2),0-0,?,Norwich City FC (2)
?,(Tue) 28 Aug 1984 (35),Watford FC (2),1-1,?,Queens Park Rangers FC (2)
?,(Wed) 29 Aug 1984 (35),Nottingham Forest FC (2),2-0,?,Arsenal FC (2)
?,(Fri) 31 Aug 1984 (35),Chelsea FC (3),0-1,?,Everton FC (3)
?,(Sat) 1 Sep 1984 (35),Liverpool FC (3),1-1,?,Queens Park Rangers FC (3)
?,(Sat) 1 Sep 1984 (35),West Bromwich Albion FC (3),4-0,?,Luton Town FC (3)
?,(Sat) 1 Sep 1984 (35),Watford FC (3),3-4,?,Arsenal FC (3)
?,(Sat) 1 Sep 1984 (35),Southampton FC (3),2-3,?,West Ham United FC (3)
?,(Sat) 1 Sep 1984 (35),Tottenham Hotspur FC (3),3-1,?,Norwich City FC (3)
?,(Sat) 1 Sep 1984 (35),Newcastle United FC (3),3-0,?,Aston Villa FC (3)
?,(Sat) 1 Sep 1984 (35),Nottingham Forest FC (3),3-1,?,Sunderland AFC (3)
?,(Sat) 1 Sep 1984 (35),Ipswich Town FC (3),1-1,?,Manchester United FC (3)
?,(Sat) 1 Sep 1984 (35),Stoke City FC (3),2-1,?,Sheffield Wednesday FC (3)
?,(Sat) 1 Sep 1984 (35),Coventry City FC (3),2-0,?,Leicester City FC (3)
?,(Tue) 4 Sep 1984 (36),Luton Town FC (4),1-2,?,Liverpool FC (4)
?,(Tue) 4 Sep 1984 (36),Everton FC (4),1-1,?,Ipswich Town FC (4)
?,(Tue) 4 Sep 1984 (36),Arsenal FC (4),2-0,?,Newcastle United FC (4)
?,(Tue) 4 Sep 1984 (36),Sunderland AFC (4),1-0,?,Tottenham Hotspur FC (4)
?,(Tue) 4 Sep 1984 (36),West Ham United FC (4),3-1,?,Coventry City FC (4)
?,(Tue) 4 Sep 1984 (36),Sheffield Wednesday FC (4),2-1,?,Southampton FC (4)
?,(Wed) 5 Sep 1984 (36),Norwich City FC (4),2-1,?,West Bromwich Albion FC (4)
?,(Wed) 5 Sep 1984 (36),Manchester United FC (4),1-1,?,Chelsea FC (4)
?,(Wed) 5 Sep 1984 (36),Leicester City FC (4),1-1,?,Watford FC (4)
?,(Wed) 5 Sep 1984 (36),Aston Villa FC (4),0-5,?,Nottingham Forest FC (4)
?,(Sat) 8 Sep 1984 (36),Leicester City FC (5),2-1,?,Ipswich Town FC (5)
?,(Sat) 8 Sep 1984 (36),Arsenal FC (5),3-1,?,Liverpool FC (5)
?,(Sat) 8 Sep 1984 (36),Manchester United FC (5),5-0,?,Newcastle United FC (5)
?,(Sat) 8 Sep 1984 (36),Everton FC (5),2-1,?,Coventry City FC (5)
?,(Sat) 8 Sep 1984 (36),Luton Town FC (5),1-1,?,Southampton FC (5)
?,(Sat) 8 Sep 1984 (36),Sheffield Wednesday FC (5),2-1,?,Tottenham Hotspur FC (5)
?,(Sat) 8 Sep 1984 (36),Queens Park Rangers FC (4),3-0,?,Nottingham Forest FC (5)
?,(Sat) 8 Sep 1984 (36),Sunderland AFC (5),1-1,?,West Bromwich Albion FC (5)
?,(Sat) 8 Sep 1984 (36),Aston Villa FC (5),4-2,?,Chelsea FC (5)
?,(Sat) 8 Sep 1984 (36),West Ham United FC (5),2-0,?,Watford FC (5)
?,(Sat) 15 Sep 1984 (37),Coventry City FC (6),0-3,?,Manchester United FC (6)
?,(Sat) 15 Sep 1984 (37),Stoke City FC (4),2-2,?,Leicester City FC (6)
?,(Sat) 15 Sep 1984 (37),Newcastle United FC (6),2-3,?,Everton FC (6)
?,(Sat) 15 Sep 1984 (37),Tottenham Hotspur FC (6),5-0,?,Queens Park Rangers FC (5)
?,(Sat) 15 Sep 1984 (37),Liverpool FC (6),1-1,?,Sunderland AFC (6)
?,(Sat) 15 Sep 1984 (37),West Bromwich Albion FC (6),2-2,?,Sheffield Wednesday FC (6)
?,(Sat) 15 Sep 1984 (37),Chelsea FC (6),3-0,?,West Ham United FC (6)
?,(Sat) 15 Sep 1984 (37),Ipswich Town FC (6),2-1,?,Arsenal FC (6)
?,(Sat) 15 Sep 1984 (37),Southampton FC (6),2-1,?,Norwich City FC (5)
?,(Sat) 15 Sep 1984 (37),Watford FC (6),3-3,?,Aston Villa FC (6)
?,(Sun) 16 Sep 1984 (37),Nottingham Forest FC (6),3-1,?,Luton Town FC (6)
?,(Wed) 19 Sep 1984 (38),Norwich City FC (6),0-0,?,Stoke City FC (5)
?,(Sat) 22 Sep 1984 (38),Manchester United FC (7),1-1,?,Liverpool FC (7)
?,(Sat) 22 Sep 1984 (38),Leicester City FC (7),2-1,?,West Bromwich Albion FC (7)
?,(Sat) 22 Sep 1984 (38),West Ham United FC (7),0-0,?,Nottingham Forest FC (7)
?,(Sat) 22 Sep 1984 (38),Arsenal FC (7),4-0,?,Stoke City FC (6)
?,(Sat) 22 Sep 1984 (38),Queens Park Rangers FC (6),5-5,?,Newcastle United FC (7)
?,(Sat) 22 Sep 1984 (38),Sunderland AFC (7),0-0,?,Coventry City FC (7)
?,(Sat) 22 Sep 1984 (38),Luton Town FC (7),0-0,?,Chelsea FC (7)
?,(Sat) 22 Sep 1984 (38),Everton FC (7),2-2,?,Southampton FC (7)
?,(Sat) 22 Sep 1984 (38),Aston Villa FC (7),0-1,?,Tottenham Hotspur FC (7)
?,(Sat) 22 Sep 1984 (38),Norwich City FC (7),3-2,?,Watford FC (7)
?,(Sat) 22 Sep 1984 (38),Sheffield Wednesday FC (7),2-2,?,Ipswich Town FC (7)
?,(Sat) 29 Sep 1984 (39),Chelsea FC (8),3-0,?,Leicester City FC (8)
?,(Sat) 29 Sep 1984 (39),Tottenham Hotspur FC (8),4-2,?,Luton Town FC (8)
?,(Sat) 29 Sep 1984 (39),Stoke City FC (7),2-2,?,Sunderland AFC (8)
?,(Sat) 29 Sep 1984 (39),Southampton FC (8),1-1,?,Queens Park Rangers FC (7)
?,(Sat) 29 Sep 1984 (39),Liverpool FC (8),0-2,?,Sheffield Wednesday FC (8)
?,(Sat) 29 Sep 1984 (39),Newcastle United FC (8),1-1,?,West Ham United FC (8)
?,(Sat) 29 Sep 1984 (39),West Bromwich Albion FC (8),1-2,?,Manchester United FC (8)
?,(Sat) 29 Sep 1984 (39),Nottingham Forest FC (8),3-1,?,Norwich City FC (8)
?,(Sat) 29 Sep 1984 (39),Watford FC (8),4-5,?,Everton FC (8)
?,(Sat) 29 Sep 1984 (39),Coventry City FC (8),1-2,?,Arsenal FC (8)
?,(Sat) 29 Sep 1984 (39),Ipswich Town FC (8),3-0,?,Aston Villa FC (8)
?,(Sat) 6 Oct 1984 (40),Watford FC (9),0-1,?,Coventry City FC (9)
?,(Sat) 6 Oct 1984 (40),Arsenal FC (9),1-0,?,Everton FC (9)
?,(Sat) 6 Oct 1984 (40),West Ham United FC (9),3-1,?,Leicester City FC (9)
?,(Sat) 6 Oct 1984 (40),Southampton FC (9),1-0,?,Tottenham Hotspur FC (9)
?,(Sat) 6 Oct 1984 (40),Nottingham Forest FC (9),1-1,?,Stoke City FC (8)
?,(Sat) 6 Oct 1984 (40),Aston Villa FC (9),3-0,?,Manchester United FC (9)
?,(Sat) 6 Oct 1984 (40),Sheffield Wednesday FC (9),2-2,?,Sunderland AFC (9)
?,(Sat) 6 Oct 1984 (40),Newcastle United FC (9),3-0,?,Ipswich Town FC (9)
?,(Sat) 6 Oct 1984 (40),Queens Park Rangers FC (8),2-3,?,Luton Town FC (9)
?,(Sat) 6 Oct 1984 (40),Liverpool FC (9),0-0,?,West Bromwich Albion FC (9)
?,(Sat) 6 Oct 1984 (40),Norwich City FC (9),0-0,?,Chelsea FC (9)
?,(Fri) 12 Oct 1984 (41),Tottenham Hotspur FC (10),1-0,?,Liverpool FC (10)
?,(Sat) 13 Oct 1984 (41),Everton FC (10),2-1,?,Aston Villa FC (10)
?,(Sat) 13 Oct 1984 (41),Coventry City FC (10),1-1,?,Newcastle United FC (10)
?,(Sat) 13 Oct 1984 (41),Ipswich Town FC (10),1-1,?,Queens Park Rangers FC (9)
?,(Sat) 13 Oct 1984 (41),Sunderland AFC (10),2-1,?,Norwich City FC (10)
?,(Sat) 13 Oct 1984 (41),Leicester City FC (10),1-4,?,Arsenal FC (10)
?,(Sat) 13 Oct 1984 (41),Luton Town FC (10),1-2,?,Sheffield Wednesday FC (10)
?,(Sat) 13 Oct 1984 (41),Chelsea FC (10),2-3,?,Watford FC (10)
?,(Sat) 13 Oct 1984 (41),Stoke City FC (9),1-3,?,Southampton FC (10)
?,(Sat) 13 Oct 1984 (41),Manchester United FC (10),5-1,?,West Ham United FC (10)
?,(Sat) 13 Oct 1984 (41),West Bromwich Albion FC (10),4-1,?,Nottingham Forest FC (10)
?,(Sat) 20 Oct 1984 (42),Sheffield Wednesday FC (11),5-0,?,Leicester City FC (11)
?,(Sat) 20 Oct 1984 (42),Arsenal FC (11),3-2,?,Sunderland AFC (11)
?,(Sat) 20 Oct 1984 (42),Stoke City FC (10),2-4,?,West Ham United FC (11)
?,(Sat) 20 Oct 1984 (42),Newcastle United FC (11),1-1,?,Nottingham Forest FC (11)
?,(Sat) 20 Oct 1984 (42),Aston Villa FC (11),2-2,?,Norwich City FC (11)
?,(Sat) 20 Oct 1984 (42),Ipswich Town FC (11),2-0,?,West Bromwich Albion FC (11)
?,(Sat) 20 Oct 1984 (42),Luton Town FC (11),3-2,?,Watford FC (11)
?,(Sat) 20 Oct 1984 (42),Manchester United FC (11),1-0,?,Tottenham Hotspur FC (11)
?,(Sat) 20 Oct 1984 (42),Southampton FC (11),1-0,?,Chelsea FC (11)
?,(Sat) 20 Oct 1984 (42),Liverpool FC (11),0-1,?,Everton FC (11)
?,(Sat) 20 Oct 1984 (42),Queens Park Rangers FC (10),2-1,?,Coventry City FC (11)
?,(Sat) 27 Oct 1984 (43),Coventry City FC (12),1-0,?,Sheffield Wednesday FC (12)
?,(Sat) 27 Oct 1984 (43),Watford FC (12),3-3,?,Newcastle United FC (12)
?,(Sat) 27 Oct 1984 (43),West Ham United FC (12),3-1,?,Arsenal FC (12)
?,(Sat) 27 Oct 1984 (43),Tottenham Hotspur FC (12),4-0,?,Stoke City FC (11)
?,(Sat) 27 Oct 1984 (43),Sunderland AFC (12),3-0,?,Luton Town FC (12)
?,(Sat) 27 Oct 1984 (43),West Bromwich Albion FC (12),0-0,?,Southampton FC (12)
?,(Sat) 27 Oct 1984 (43),Everton FC (12),5-0,?,Manchester United FC (12)
?,(Sat) 27 Oct 1984 (43),Leicester City FC (12),5-0,?,Aston Villa FC (12)
?,(Sat) 27 Oct 1984 (43),Norwich City FC (12),2-0,?,Queens Park Rangers FC (11)
?,(Sat) 27 Oct 1984 (43),Chelsea FC (12),2-0,?,Ipswich Town FC (12)
?,(Sun) 28 Oct 1984 (43),Nottingham Forest FC (12),0-2,?,Liverpool FC (12)
?,(Fri) 2 Nov 1984 (44),Manchester United FC (13),4-2,?,Arsenal FC (13)
?,(Sat) 3 Nov 1984 (44),Chelsea FC (13),6-2,?,Coventry City FC (13)
?,(Sat) 3 Nov 1984 (44),Aston Villa FC (13),0-0,?,West Ham United FC (13)
?,(Sat) 3 Nov 1984 (44),Ipswich Town FC (13),3-3,?,Watford FC (13)
?,(Sat) 3 Nov 1984 (44),Southampton FC (13),1-0,?,Nottingham Forest FC (13)
?,(Sat) 3 Nov 1984 (44),Sheffield Wednesday FC (13),1-2,?,Norwich City FC (13)
?,(Sat) 3 Nov 1984 (44),Tottenham Hotspur FC (13),2-3,?,West Bromwich Albion FC (13)
?,(Sat) 3 Nov 1984 (44),Sunderland AFC (13),3-0,?,Queens Park Rangers FC (12)
?,(Sat) 3 Nov 1984 (44),Everton FC (13),3-0,?,Leicester City FC (13)
?,(Sat) 3 Nov 1984 (44),Stoke City FC (12),0-1,?,Liverpool FC (13)
?,(Sat) 3 Nov 1984 (44),Luton Town FC (13),2-2,?,Newcastle United FC (13)
?,(Sat) 10 Nov 1984 (45),Arsenal FC (14),1-1,?,Aston Villa FC (14)
?,(Sat) 10 Nov 1984 (45),Coventry City FC (14),1-0,?,Ipswich Town FC (14)
?,(Sat) 10 Nov 1984 (45),Watford FC (14),3-1,?,Sunderland AFC (14)
?,(Sat) 10 Nov 1984 (45),Leicester City FC (14),2-3,?,Manchester United FC (14)
?,(Sat) 10 Nov 1984 (45),Nottingham Forest FC (14),1-2,?,Tottenham Hotspur FC (14)
?,(Sat) 10 Nov 1984 (45),Norwich City FC (14),3-0,?,Luton Town FC (14)
?,(Sat) 10 Nov 1984 (45),Newcastle United FC (14),2-1,?,Chelsea FC (14)
?,(Sat) 10 Nov 1984 (45),Liverpool FC (14),1-1,?,Southampton FC (14)
?,(Sat) 10 Nov 1984 (45),Queens Park Rangers FC (13),0-0,?,Sheffield Wednesday FC (14)
?,(Sat) 10 Nov 1984 (45),West Ham United FC (14),0-1,?,Everton FC (14)
?,(Sat) 10 Nov 1984 (45),West Bromwich Albion FC (14),2-0,?,Stoke City FC (13)
?,(Sat) 17 Nov 1984 (46),Watford FC (15),1-0,?,Sheffield Wednesday FC (15)
?,(Sat) 17 Nov 1984 (46),West Ham United FC (15),1-0,?,Sunderland AFC (15)
?,(Sat) 17 Nov 1984 (46),Arsenal FC (15),1-0,?,Queens Park Rangers FC (14)
?,(Sat) 17 Nov 1984 (46),Everton FC (15),4-0,?,Stoke City FC (14)
?,(Sat) 17 Nov 1984 (46),Ipswich Town FC (15),0-3,?,Tottenham Hotspur FC (15)
?,(Sat) 17 Nov 1984 (46),Aston Villa FC (15),2-2,?,Southampton FC (15)
?,(Sat) 17 Nov 1984 (46),Manchester United FC (15),2-0,?,Luton Town FC (15)
?,(Sat) 17 Nov 1984 (46),Leicester City FC (15),2-0,?,Norwich City FC (15)
?,(Sat) 17 Nov 1984 (46),Chelsea FC (15),3-1,?,West Bromwich Albion FC (15)
?,(Sat) 17 Nov 1984 (46),Coventry City FC (15),1-3,?,Nottingham Forest FC (15)
?,(Sun) 18 Nov 1984 (46),Newcastle United FC (15),0-2,?,Liverpool FC (15)
?,(Sat) 24 Nov 1984 (47),Stoke City FC (15),1-3,?,Watford FC (16)
?,(Sat) 24 Nov 1984 (47),Queens Park Rangers FC (15),2-0,?,Aston Villa FC (16)
?,(Sat) 24 Nov 1984 (47),Sunderland AFC (16),3-2,?,Manchester United FC (16)
?,(Sat) 24 Nov 1984 (47),Norwich City FC (16),4-2,?,Everton FC (16)
?,(Sat) 24 Nov 1984 (47),Tottenham Hotspur FC (16),1-1,?,Chelsea FC (16)
?,(Sat) 24 Nov 1984 (47),West Bromwich Albion FC (16),5-2,?,Coventry City FC (16)
?,(Sat) 24 Nov 1984 (47),Southampton FC (16),1-0,?,Newcastle United FC (16)
?,(Sat) 24 Nov 1984 (47),Liverpool FC (16),2-0,?,Ipswich Town FC (16)
?,(Sat) 24 Nov 1984 (47),Luton Town FC (16),2-2,?,West Ham United FC (16)
?,(Sun) 25 Nov 1984 (47),Nottingham Forest FC (16),2-1,?,Leicester City FC (16)
?,(Sun) 25 Nov 1984 (47),Sheffield Wednesday FC (16),2-1,?,Arsenal FC (16)
?,(Sat) 1 Dec 1984 (48),Everton FC (17),1-1,?,Sheffield Wednesday FC (17)
?,(Sat) 1 Dec 1984 (48),Manchester United FC (17),2-0,?,Norwich City FC (17)
?,(Sat) 1 Dec 1984 (48),Chelsea FC (17),3-1,?,Liverpool FC (17)
?,(Sat) 1 Dec 1984 (48),Coventry City FC (17),1-1,?,Tottenham Hotspur FC (17)
?,(Sat) 1 Dec 1984 (48),Aston Villa FC (17),1-0,?,Sunderland AFC (17)
?,(Sat) 1 Dec 1984 (48),Newcastle United FC (17),2-1,?,Stoke City FC (16)
?,(Sat) 1 Dec 1984 (48),Watford FC (17),2-0,?,Nottingham Forest FC (17)
?,(Sat) 1 Dec 1984 (48),Arsenal FC (17),3-1,?,Luton Town FC (17)
?,(Sat) 1 Dec 1984 (48),Ipswich Town FC (17),0-1,?,Southampton FC (17)
?,(Sat) 1 Dec 1984 (48),Leicester City FC (17),4-0,?,Queens Park Rangers FC (16)
?,(Sat) 1 Dec 1984 (48),West Ham United FC (17),0-2,?,West Bromwich Albion FC (17)
?,(Tue) 4 Dec 1984 (49),Liverpool FC (18),3-1,?,Coventry City FC (18)
?,(Tue) 4 Dec 1984 (49),Queens Park Rangers FC (17),2-0,?,Stoke City FC (17)
?,(Sat) 8 Dec 1984 (49),Southampton FC (18),1-0,?,Arsenal FC (18)
?,(Sat) 8 Dec 1984 (49),Stoke City FC (18),0-2,?,Ipswich Town FC (18)
?,(Sat) 8 Dec 1984 (49),Luton Town FC (18),1-0,?,Aston Villa FC (18)
?,(Sat) 8 Dec 1984 (49),Nottingham Forest FC (18),3-2,?,Manchester United FC (18)
?,(Sat) 8 Dec 1984 (49),Norwich City FC (18),1-0,?,West Ham United FC (18)
?,(Sat) 8 Dec 1984 (49),Sheffield Wednesday FC (18),1-1,?,Chelsea FC (18)
?,(Sat) 8 Dec 1984 (49),Queens Park Rangers FC (18),0-0,?,Everton FC (18)
?,(Sat) 8 Dec 1984 (49),West Bromwich Albion FC (18),2-1,?,Watford FC (18)
?,(Sat) 8 Dec 1984 (49),Sunderland AFC (18),0-4,?,Leicester City FC (18)
?,(Sat) 8 Dec 1984 (49),Tottenham Hotspur FC (18),3-1,?,Newcastle United FC (18)
?,(Sat) 15 Dec 1984 (50),Chelsea FC (19),1-1,?,Stoke City FC (19)
?,(Sat) 15 Dec 1984 (50),Newcastle United FC (19),1-1,?,Norwich City FC (19)
?,(Sat) 15 Dec 1984 (50),Everton FC (19),5-0,?,Nottingham Forest FC (19)
?,(Sat) 15 Dec 1984 (50),Manchester United FC (19),3-0,?,Queens Park Rangers FC (19)
?,(Sat) 15 Dec 1984 (50),Leicester City FC (19),2-2,?,Luton Town FC (19)
?,(Sat) 15 Dec 1984 (50),Coventry City FC (19),2-1,?,Southampton FC (19)
?,(Sat) 15 Dec 1984 (50),West Ham United FC (19),0-0,?,Sheffield Wednesday FC (19)
?,(Sat) 15 Dec 1984 (50),Watford FC (19),1-2,?,Tottenham Hotspur FC (19)
?,(Sat) 15 Dec 1984 (50),Aston Villa FC (19),0-0,?,Liverpool FC (19)
?,(Sat) 15 Dec 1984 (50),Arsenal FC (19),4-0,?,West Bromwich Albion FC (19)
?,(Sat) 15 Dec 1984 (50),Ipswich Town FC (19),0-2,?,Sunderland AFC (19)
?,(Tue) 18 Dec 1984 (51),Luton Town FC (20),1-2,?,West Bromwich Albion FC (20)
?,(Fri) 21 Dec 1984 (51),Queens Park Rangers FC (20),0-2,?,Liverpool FC (20)
?,(Sat) 22 Dec 1984 (51),Sheffield Wednesday FC (20),2-1,?,Stoke City FC (20)
?,(Sat) 22 Dec 1984 (51),Manchester United FC (20),3-0,?,Ipswich Town FC (20)
?,(Sat) 22 Dec 1984 (51),Everton FC (20),3-4,?,Chelsea FC (20)
?,(Sat) 22 Dec 1984 (51),Aston Villa FC (20),4-0,?,Newcastle United FC (20)
?,(Sat) 22 Dec 1984 (51),Norwich City FC (20),1-2,?,Tottenham Hotspur FC (20)
?,(Sat) 22 Dec 1984 (51),Arsenal FC (20),1-1,?,Watford FC (20)
?,(Sat) 22 Dec 1984 (51),West Ham United FC (20),2-3,?,Southampton FC (20)
?,(Sun) 23 Dec 1984 (51),Leicester City FC (20),5-1,?,Coventry City FC (20)
?,(Sun) 23 Dec 1984 (51),Sunderland AFC (20),0-2,?,Nottingham Forest FC (20)
?,(Wed) 26 Dec 1984 (52),Nottingham Forest FC (21),2-0,?,Ipswich Town FC (21)
?,(Wed) 26 Dec 1984 (52),Tottenham Hotspur FC (21),2-2,?,West Ham United FC (21)
?,(Wed) 26 Dec 1984 (52),Stoke City FC (21),2-1,?,Manchester United FC (21)
?,(Wed) 26 Dec 1984 (52),Liverpool FC (21),1-2,?,Leicester City FC (21)
?,(Wed) 26 Dec 1984 (52),Southampton FC (21),1-2,?,Watford FC (21)
?,(Wed) 26 Dec 1984 (52),Luton Town FC (21),2-0,?,Coventry City FC (21)
?,(Wed) 26 Dec 1984 (52),Queens Park Rangers FC (21),2-2,?,Chelsea FC (21)
?,(Wed) 26 Dec 1984 (52),West Bromwich Albion FC (21),2-1,?,Newcastle United FC (21)
?,(Wed) 26 Dec 1984 (52),Sheffield Wednesday FC (21),1-1,?,Aston Villa FC (21)
?,(Wed) 26 Dec 1984 (52),Sunderland AFC (21),1-2,?,Everton FC (21)
?,(Wed) 26 Dec 1984 (52),Norwich City FC (21),1-0,?,Arsenal FC (21)
?,(Sat) 29 Dec 1984 (52),Liverpool FC (22),1-0,?,Luton Town FC (22)
?,(Sat) 29 Dec 1984 (52),Ipswich Town FC (22),0-2,?,Everton FC (22)
?,(Sat) 29 Dec 1984 (52),West Bromwich Albion FC (22),0-1,?,Norwich City FC (22)
?,(Sat) 29 Dec 1984 (52),Newcastle United FC (22),1-3,?,Arsenal FC (22)
?,(Sat) 29 Dec 1984 (52),Nottingham Forest FC (22),3-2,?,Aston Villa FC (22)
?,(Sat) 29 Dec 1984 (52),Stoke City FC (22),0-2,?,Queens Park Rangers FC (22)
?,(Sat) 29 Dec 1984 (52),Watford FC (22),4-1,?,Leicester City FC (22)
?,(Sat) 29 Dec 1984 (52),Coventry City FC (22),1-2,?,West Ham United FC (22)
?,(Sat) 29 Dec 1984 (52),Southampton FC (22),0-3,?,Sheffield Wednesday FC (22)
?,(Sat) 29 Dec 1984 (52),Chelsea FC (22),1-3,?,Manchester United FC (22)
?,(Sat) 29 Dec 1984 (52),Tottenham Hotspur FC (22),2-0,?,Sunderland AFC (22)
?,(Tue) 1 Jan 1985 (0),Watford FC (23),1-1,?,Liverpool FC (23)
?,(Tue) 1 Jan 1985 (0),Leicester City FC (23),1-2,?,Southampton FC (23)
?,(Tue) 1 Jan 1985 (0),Newcastle United FC (23),3-1,?,Sunderland AFC (23)
?,(Tue) 1 Jan 1985 (0),Manchester United FC (23),1-2,?,Sheffield Wednesday FC (23)
?,(Tue) 1 Jan 1985 (0),Everton FC (23),2-1,?,Luton Town FC (23)
?,(Tue) 1 Jan 1985 (0),Arsenal FC (23),1-2,?,Tottenham Hotspur FC (23)
?,(Tue) 1 Jan 1985 (0),Ipswich Town FC (23),2-0,?,Norwich City FC (23)
?,(Tue) 1 Jan 1985 (0),Aston Villa FC (23),3-1,?,West Bromwich Albion FC (23)
?,(Tue) 1 Jan 1985 (0),West Ham United FC (23),1-3,?,Queens Park Rangers FC (23)
?,(Tue) 1 Jan 1985 (0),Chelsea FC (23),1-0,?,Nottingham Forest FC (23)
?,(Tue) 1 Jan 1985 (0),Coventry City FC (23),4-0,?,Stoke City FC (23)
?,(Sat) 12 Jan 1985 (1),Leicester City FC (24),0-0,?,Stoke City FC (24)
?,(Sat) 12 Jan 1985 (1),Norwich City FC (24),1-0,?,Southampton FC (24)
?,(Sat) 12 Jan 1985 (1),Sheffield Wednesday FC (24),2-0,?,West Bromwich Albion FC (24)
?,(Sat) 12 Jan 1985 (1),Manchester United FC (24),0-1,?,Coventry City FC (24)
?,(Sat) 12 Jan 1985 (1),Everton FC (24),4-0,?,Newcastle United FC (24)
?,(Sat) 12 Jan 1985 (1),Queens Park Rangers FC (24),2-2,?,Tottenham Hotspur FC (24)
?,(Sat) 19 Jan 1985 (2),Coventry City FC (25),0-3,?,Aston Villa FC (24)
?,(Sat) 19 Jan 1985 (2),Chelsea FC (24),1-1,?,Arsenal FC (24)
?,(Sat) 19 Jan 1985 (2),Liverpool FC (24),4-0,?,Norwich City FC (25)
?,(Sat) 26 Jan 1985 (3),West Bromwich Albion FC (25),0-0,?,Queens Park Rangers FC (25)
?,(Tue) 29 Jan 1985 (4),Southampton FC (25),1-0,?,Sunderland AFC (24)
?,(Sat) 2 Feb 1985 (4),Sheffield Wednesday FC (25),1-1,?,Liverpool FC (25)
?,(Sat) 2 Feb 1985 (4),Manchester United FC (25),2-0,?,West Bromwich Albion FC (26)
?,(Sat) 2 Feb 1985 (4),West Ham United FC (24),1-1,?,Newcastle United FC (25)
?,(Sat) 2 Feb 1985 (4),Queens Park Rangers FC (26),0-4,?,Southampton FC (26)
?,(Sat) 2 Feb 1985 (4),Everton FC (25),4-0,?,Watford FC (24)
?,(Sat) 2 Feb 1985 (4),Leicester City FC (25),1-1,?,Chelsea FC (25)
?,(Sat) 2 Feb 1985 (4),Sunderland AFC (25),1-0,?,Stoke City FC (25)
?,(Sat) 2 Feb 1985 (4),Norwich City FC (26),0-1,?,Nottingham Forest FC (24)
?,(Sat) 2 Feb 1985 (4),Arsenal FC (25),2-1,?,Coventry City FC (26)
?,(Sat) 2 Feb 1985 (4),Aston Villa FC (25),2-1,?,Ipswich Town FC (24)
?,(Sat) 2 Feb 1985 (4),Luton Town FC (24),2-2,?,Tottenham Hotspur FC (25)
?,(Sat) 9 Feb 1985 (5),Newcastle United FC (26),1-1,?,Manchester United FC (26)
?,(Sat) 9 Feb 1985 (5),Nottingham Forest FC (25),2-0,?,Queens Park Rangers FC (27)
?,(Tue) 12 Feb 1985 (6),Liverpool FC (26),3-0,?,Arsenal FC (26)
?,(Sat) 16 Feb 1985 (6),Chelsea FC (26),1-0,?,Newcastle United FC (27)
?,(Sat) 23 Feb 1985 (7),Arsenal FC (27),0-1,?,Manchester United FC (27)
?,(Sat) 23 Feb 1985 (7),West Bromwich Albion FC (27),0-1,?,Tottenham Hotspur FC (26)
?,(Sat) 23 Feb 1985 (7),Newcastle United FC (28),1-0,?,Luton Town FC (25)
?,(Sat) 23 Feb 1985 (7),West Ham United FC (25),1-2,?,Aston Villa FC (26)
?,(Sat) 23 Feb 1985 (7),Coventry City FC (27),1-0,?,Chelsea FC (27)
?,(Sat) 23 Feb 1985 (7),Queens Park Rangers FC (28),1-0,?,Sunderland AFC (26)
?,(Sat) 23 Feb 1985 (7),Liverpool FC (27),2-0,?,Stoke City FC (26)
?,(Sat) 23 Feb 1985 (7),Nottingham Forest FC (26),2-0,?,Southampton FC (27)
?,(Sat) 23 Feb 1985 (7),Leicester City FC (26),1-2,?,Everton FC (26)
?,(Sun) 24 Feb 1985 (7),Sheffield Wednesday FC (26),1-1,?,Watford FC (25)
?,(Sat) 2 Mar 1985 (8),Manchester United FC (28),1-1,?,Everton FC (27)
?,(Sat) 2 Mar 1985 (8),Southampton FC (28),4-3,?,West Bromwich Albion FC (28)
?,(Sat) 2 Mar 1985 (8),Luton Town FC (26),2-1,?,Sunderland AFC (27)
?,(Sat) 2 Mar 1985 (8),Newcastle United FC (29),3-1,?,Watford FC (26)
?,(Sat) 2 Mar 1985 (8),Queens Park Rangers FC (29),2-2,?,Norwich City FC (27)
?,(Sat) 2 Mar 1985 (8),Arsenal FC (28),2-1,?,West Ham United FC (26)
?,(Sat) 2 Mar 1985 (8),Aston Villa FC (27),0-1,?,Leicester City FC (27)
?,(Sat) 2 Mar 1985 (8),Liverpool FC (28),1-0,?,Nottingham Forest FC (27)
?,(Sat) 2 Mar 1985 (8),Sheffield Wednesday FC (27),1-0,?,Coventry City FC (28)
?,(Sat) 2 Mar 1985 (8),Ipswich Town FC (25),2-0,?,Chelsea FC (28)
?,(Sat) 2 Mar 1985 (8),Stoke City FC (27),0-1,?,Tottenham Hotspur FC (27)
?,(Sat) 9 Mar 1985 (9),Nottingham Forest FC (28),0-0,?,Newcastle United FC (30)
?,(Sat) 9 Mar 1985 (9),Chelsea FC (29),0-2,?,Southampton FC (29)
?,(Sat) 9 Mar 1985 (9),Coventry City FC (29),3-0,?,Queens Park Rangers FC (30)
?,(Sat) 9 Mar 1985 (9),Sunderland AFC (28),0-0,?,Arsenal FC (29)
?,(Sat) 9 Mar 1985 (9),Leicester City FC (28),3-1,?,Sheffield Wednesday FC (28)
?,(Sat) 9 Mar 1985 (9),Norwich City FC (28),2-2,?,Aston Villa FC (28)
?,(Tue) 12 Mar 1985 (10),Stoke City FC (28),0-0,?,West Bromwich Albion FC (29)
?,(Tue) 12 Mar 1985 (10),Tottenham Hotspur FC (28),1-2,?,Manchester United FC (29)
?,(Tue) 12 Mar 1985 (10),Sunderland AFC (29),1-1,?,Watford FC (27)
?,(Wed) 13 Mar 1985 (10),Aston Villa FC (29),0-0,?,Arsenal FC (30)
?,(Fri) 15 Mar 1985 (10),West Ham United FC (27),2-2,?,Manchester United FC (30)
?,(Sat) 16 Mar 1985 (10),Queens Park Rangers FC (31),3-0,?,Ipswich Town FC (26)
?,(Sat) 16 Mar 1985 (10),Aston Villa FC (30),1-1,?,Everton FC (28)
?,(Sat) 16 Mar 1985 (10),Liverpool FC (29),0-1,?,Tottenham Hotspur FC (29)
?,(Sat) 16 Mar 1985 (10),Sheffield Wednesday FC (29),1-1,?,Luton Town FC (27)
?,(Sat) 16 Mar 1985 (10),Nottingham Forest FC (29),1-2,?,West Bromwich Albion FC (30)
?,(Sat) 16 Mar 1985 (10),Norwich City FC (29),1-3,?,Sunderland AFC (30)
?,(Sat) 16 Mar 1985 (10),Watford FC (28),1-3,?,Chelsea FC (30)
?,(Sat) 16 Mar 1985 (10),Arsenal FC (31),2-0,?,Leicester City FC (29)
?,(Sat) 16 Mar 1985 (10),Southampton FC (30),0-0,?,Stoke City FC (29)
?,(Tue) 19 Mar 1985 (11),Arsenal FC (32),1-1,?,Ipswich Town FC (27)
?,(Tue) 19 Mar 1985 (11),Watford FC (29),3-0,?,Luton Town FC (28)
?,(Wed) 20 Mar 1985 (11),Newcastle United FC (31),1-4,?,Leicester City FC (30)
?,(Wed) 20 Mar 1985 (11),Nottingham Forest FC (30),0-0,?,Sheffield Wednesday FC (30)
?,(Sat) 23 Mar 1985 (11),Luton Town FC (29),2-0,?,Queens Park Rangers FC (32)
?,(Sat) 23 Mar 1985 (11),Manchester United FC (31),4-0,?,Aston Villa FC (31)
?,(Sat) 23 Mar 1985 (11),Coventry City FC (30),3-1,?,Watford FC (30)
?,(Sat) 23 Mar 1985 (11),Ipswich Town FC (28),1-1,?,Newcastle United FC (32)
?,(Sat) 23 Mar 1985 (11),Everton FC (29),2-0,?,Arsenal FC (33)
?,(Sat) 23 Mar 1985 (11),Stoke City FC (30),1-4,?,Nottingham Forest FC (31)
?,(Sat) 23 Mar 1985 (11),Tottenham Hotspur FC (30),5-1,?,Southampton FC (31)
?,(Sat) 23 Mar 1985 (11),Leicester City FC (31),1-0,?,West Ham United FC (28)
?,(Sat) 23 Mar 1985 (11),West Bromwich Albion FC (31),0-5,?,Liverpool FC (30)
?,(Wed) 27 Mar 1985 (12),Aston Villa FC (32),2-0,?,Stoke City FC (31)
?,(Sat) 30 Mar 1985 (12),West Bromwich Albion FC (32),2-0,?,Leicester City FC (32)
?,(Sat) 30 Mar 1985 (12),Queens Park Rangers FC (33),2-0,?,Watford FC (31)
?,(Sat) 30 Mar 1985 (12),Stoke City FC (32),2-0,?,Arsenal FC (34)
?,(Sat) 30 Mar 1985 (12),Norwich City FC (30),2-1,?,Coventry City FC (31)
?,(Sat) 30 Mar 1985 (12),Sunderland AFC (31),0-2,?,Chelsea FC (31)
?,(Sat) 30 Mar 1985 (12),Southampton FC (32),1-2,?,Everton FC (30)
?,(Sat) 30 Mar 1985 (12),Sheffield Wednesday FC (31),4-2,?,Newcastle United FC (33)
?,(Sat) 30 Mar 1985 (12),Luton Town FC (30),3-1,?,Ipswich Town FC (29)
?,(Sat) 30 Mar 1985 (12),Nottingham Forest FC (32),1-2,?,West Ham United FC (29)
?,(Sat) 30 Mar 1985 (12),Tottenham Hotspur FC (31),0-2,?,Aston Villa FC (33)
?,(Sun) 31 Mar 1985 (12),Liverpool FC (31),0-1,?,Manchester United FC (32)
?,(Tue) 2 Apr 1985 (13),Watford FC (32),5-0,?,West Ham United FC (30)
?,(Tue) 2 Apr 1985 (13),Southampton FC (33),1-0,?,Luton Town FC (31)
?,(Wed) 3 Apr 1985 (13),Norwich City FC (31),1-1,?,Sheffield Wednesday FC (32)
?,(Wed) 3 Apr 1985 (13),West Bromwich Albion FC (33),1-2,?,Ipswich Town FC (30)
?,(Wed) 3 Apr 1985 (13),Sunderland AFC (32),0-3,?,Liverpool FC (32)
?,(Wed) 3 Apr 1985 (13),Tottenham Hotspur FC (32),1-2,?,Everton FC (31)
?,(Wed) 3 Apr 1985 (13),Manchester United FC (33),2-1,?,Leicester City FC (33)
?,(Sat) 6 Apr 1985 (13),Watford FC (33),1-1,?,Southampton FC (34)
?,(Sat) 6 Apr 1985 (13),Newcastle United FC (34),1-0,?,West Bromwich Albion FC (34)
?,(Sat) 6 Apr 1985 (13),Arsenal FC (35),2-0,?,Norwich City FC (32)
?,(Sat) 6 Apr 1985 (13),Manchester United FC (34),5-0,?,Stoke City FC (33)
?,(Sat) 6 Apr 1985 (13),West Ham United FC (31),1-1,?,Tottenham Hotspur FC (33)
?,(Sat) 6 Apr 1985 (13),Aston Villa FC (34),3-0,?,Sheffield Wednesday FC (33)
?,(Sat) 6 Apr 1985 (13),Chelsea FC (32),1-0,?,Queens Park Rangers FC (34)
?,(Sat) 6 Apr 1985 (13),Ipswich Town FC (31),1-0,?,Nottingham Forest FC (33)
?,(Sat) 6 Apr 1985 (13),Everton FC (32),4-1,?,Sunderland AFC (33)
?,(Sat) 6 Apr 1985 (13),Leicester City FC (34),0-1,?,Liverpool FC (33)
?,(Mon) 8 Apr 1985 (14),West Bromwich Albion FC (35),1-0,?,Aston Villa FC (35)
?,(Mon) 8 Apr 1985 (14),Stoke City FC (34),0-4,?,Luton Town FC (32)
?,(Mon) 8 Apr 1985 (14),Norwich City FC (33),0-2,?,Ipswich Town FC (32)
?,(Mon) 8 Apr 1985 (14),Queens Park Rangers FC (35),4-2,?,West Ham United FC (32)
?,(Mon) 8 Apr 1985 (14),Sunderland AFC (34),0-0,?,Newcastle United FC (35)
?,(Tue) 9 Apr 1985 (14),Sheffield Wednesday FC (34),1-0,?,Manchester United FC (35)
?,(Tue) 9 Apr 1985 (14),Southampton FC (35),3-1,?,Leicester City FC (35)
?,(Wed) 10 Apr 1985 (14),Nottingham Forest FC (34),2-0,?,Chelsea FC (33)
?,(Sat) 13 Apr 1985 (14),Leicester City FC (36),1-2,?,Tottenham Hotspur FC (34)
?,(Sat) 13 Apr 1985 (14),Coventry City FC (32),0-1,?,Sunderland AFC (35)
?,(Sat) 13 Apr 1985 (14),Ipswich Town FC (33),1-2,?,Sheffield Wednesday FC (35)
?,(Sat) 13 Apr 1985 (14),Watford FC (34),2-0,?,Norwich City FC (34)
?,(Sat) 13 Apr 1985 (14),West Ham United FC (33),1-1,?,Chelsea FC (34)
?,(Sat) 13 Apr 1985 (14),Arsenal FC (36),1-1,?,Nottingham Forest FC (35)
?,(Sat) 13 Apr 1985 (14),Newcastle United FC (36),1-0,?,Queens Park Rangers FC (36)
?,(Tue) 16 Apr 1985 (15),Chelsea FC (35),3-1,?,Aston Villa FC (36)
?,(Tue) 16 Apr 1985 (15),Everton FC (33),4-1,?,West Bromwich Albion FC (36)
?,(Tue) 16 Apr 1985 (15),Watford FC (35),3-1,?,Ipswich Town FC (34)
?,(Tue) 16 Apr 1985 (15),Luton Town FC (33),3-1,?,Norwich City FC (35)
?,(Tue) 16 Apr 1985 (15),Sunderland AFC (36),0-0,?,Sheffield Wednesday FC (36)
?,(Wed) 17 Apr 1985 (15),Newcastle United FC (37),0-1,?,Coventry City FC (33)
?,(Wed) 17 Apr 1985 (15),Tottenham Hotspur FC (35),0-2,?,Arsenal FC (37)
?,(Sat) 20 Apr 1985 (15),Sunderland AFC (37),0-1,?,West Ham United FC (34)
?,(Sat) 20 Apr 1985 (15),Stoke City FC (35),0-2,?,Everton FC (34)
?,(Sat) 20 Apr 1985 (15),Liverpool FC (34),3-1,?,Newcastle United FC (38)
?,(Sat) 20 Apr 1985 (15),Queens Park Rangers FC (37),1-0,?,Arsenal FC (38)
?,(Sat) 20 Apr 1985 (15),Southampton FC (36),2-0,?,Aston Villa FC (37)
?,(Sat) 20 Apr 1985 (15),West Bromwich Albion FC (37),0-1,?,Chelsea FC (36)
?,(Sat) 20 Apr 1985 (15),Tottenham Hotspur FC (36),2-3,?,Ipswich Town FC (35)
?,(Sat) 20 Apr 1985 (15),Norwich City FC (36),1-3,?,Leicester City FC (37)
?,(Sat) 20 Apr 1985 (15),Nottingham Forest FC (36),2-0,?,Coventry City FC (34)
?,(Sun) 21 Apr 1985 (15),Luton Town FC (34),2-1,?,Manchester United FC (36)
?,(Tue) 23 Apr 1985 (16),Ipswich Town FC (36),2-0,?,Leicester City FC (38)
?,(Tue) 23 Apr 1985 (16),Sheffield Wednesday FC (37),3-1,?,Queens Park Rangers FC (38)
?,(Wed) 24 Apr 1985 (16),West Bromwich Albion FC (38),1-0,?,Sunderland AFC (38)
?,(Wed) 24 Apr 1985 (16),Manchester United FC (37),0-0,?,Southampton FC (37)
?,(Wed) 24 Apr 1985 (16),Stoke City FC (36),2-3,?,Norwich City FC (37)
?,(Wed) 24 Apr 1985 (16),Luton Town FC (35),1-2,?,Nottingham Forest FC (37)
?,(Wed) 24 Apr 1985 (16),Aston Villa FC (38),1-1,?,Watford FC (36)
?,(Sat) 27 Apr 1985 (16),Aston Villa FC (39),5-2,?,Queens Park Rangers FC (39)
?,(Sat) 27 Apr 1985 (16),Manchester United FC (38),2-2,?,Sunderland AFC (39)
?,(Sat) 27 Apr 1985 (16),Ipswich Town FC (37),0-0,?,Liverpool FC (35)
?,(Sat) 27 Apr 1985 (16),Everton FC (35),3-0,?,Norwich City FC (38)
?,(Sat) 27 Apr 1985 (16),Leicester City FC (39),1-0,?,Nottingham Forest FC (38)
?,(Sat) 27 Apr 1985 (16),West Ham United FC (35),0-0,?,Luton Town FC (36)
?,(Sat) 27 Apr 1985 (16),Watford FC (37),2-0,?,Stoke City FC (37)
?,(Sat) 27 Apr 1985 (16),Coventry City FC (35),2-1,?,West Bromwich Albion FC (39)
?,(Sat) 27 Apr 1985 (16),Arsenal FC (39),1-0,?,Sheffield Wednesday FC (38)
?,(Sat) 27 Apr 1985 (16),Newcastle United FC (39),2-1,?,Southampton FC (38)
?,(Sat) 27 Apr 1985 (16),Chelsea FC (37),1-1,?,Tottenham Hotspur FC (37)
?,(Sat) 4 May 1985 (17),West Bromwich Albion FC (40),5-1,?,West Ham United FC (36)
?,(Sat) 4 May 1985 (17),Luton Town FC (37),3-1,?,Arsenal FC (40)
?,(Sat) 4 May 1985 (17),Liverpool FC (36),4-3,?,Chelsea FC (38)
?,(Sat) 4 May 1985 (17),Nottingham Forest FC (39),1-1,?,Watford FC (38)
?,(Sat) 4 May 1985 (17),Stoke City FC (38),0-1,?,Newcastle United FC (40)
?,(Sat) 4 May 1985 (17),Sheffield Wednesday FC (39),0-1,?,Everton FC (36)
?,(Sat) 4 May 1985 (17),Tottenham Hotspur FC (38),4-2,?,Coventry City FC (36)
?,(Sat) 4 May 1985 (17),Queens Park Rangers FC (40),4-3,?,Leicester City FC (40)
?,(Sat) 4 May 1985 (17),Norwich City FC (39),0-1,?,Manchester United FC (39)
?,(Sat) 4 May 1985 (17),Southampton FC (39),3-0,?,Ipswich Town FC (38)
?,(Sat) 4 May 1985 (17),Sunderland AFC (40),0-4,?,Aston Villa FC (40)
?,(Mon) 6 May 1985 (18),Coventry City FC (37),0-2,?,Liverpool FC (37)
?,(Mon) 6 May 1985 (18),Chelsea FC (39),2-1,?,Sheffield Wednesday FC (40)
?,(Mon) 6 May 1985 (18),Ipswich Town FC (39),5-1,?,Stoke City FC (39)
?,(Mon) 6 May 1985 (18),Aston Villa FC (41),0-1,?,Luton Town FC (38)
?,(Mon) 6 May 1985 (18),West Ham United FC (37),1-0,?,Norwich City FC (40)
?,(Mon) 6 May 1985 (18),Everton FC (37),2-0,?,Queens Park Rangers FC (41)
?,(Mon) 6 May 1985 (18),Arsenal FC (41),1-0,?,Southampton FC (40)
?,(Mon) 6 May 1985 (18),Newcastle United FC (41),2-3,?,Tottenham Hotspur FC (39)
?,(Mon) 6 May 1985 (18),Manchester United FC (40),2-0,?,Nottingham Forest FC (40)
?,(Mon) 6 May 1985 (18),Leicester City FC (41),2-0,?,Sunderland AFC (41)
?,(Tue) 7 May 1985 (18),Watford FC (39),0-2,?,West Bromwich Albion FC (41)
?,(Wed) 8 May 1985 (18),Chelsea FC (40),2-0,?,Luton Town FC (39)
?,(Wed) 8 May 1985 (18),Everton FC (38),3-0,?,West Ham United FC (38)
?,(Sat) 11 May 1985 (18),West Bromwich Albion FC (42),2-2,?,Arsenal FC (42)
?,(Sat) 11 May 1985 (18),Luton Town FC (40),4-0,?,Leicester City FC (42)
?,(Sat) 11 May 1985 (18),Queens Park Rangers FC (42),1-3,?,Manchester United FC (41)
?,(Sat) 11 May 1985 (18),Nottingham Forest FC (41),1-0,?,Everton FC (39)
?,(Sat) 11 May 1985 (18),Sunderland AFC (42),1-2,?,Ipswich Town FC (40)
?,(Sat) 11 May 1985 (18),Sheffield Wednesday FC (41),2-1,?,West Ham United FC (39)
?,(Sat) 11 May 1985 (18),Southampton FC (41),2-1,?,Coventry City FC (38)
?,(Sat) 11 May 1985 (18),Liverpool FC (38),2-1,?,Aston Villa FC (42)
?,(Sat) 11 May 1985 (18),Tottenham Hotspur FC (40),1-5,?,Watford FC (40)
?,(Sat) 11 May 1985 (18),Stoke City FC (40),0-1,?,Chelsea FC (41)
?,(Sat) 11 May 1985 (18),Norwich City FC (41),0-0,?,Newcastle United FC (42)
?,(Mon) 13 May 1985 (19),Watford FC (41),5-1,?,Manchester United FC (42)
?,(Tue) 14 May 1985 (19),Chelsea FC (42),1-2,?,Norwich City FC (42)
?,(Tue) 14 May 1985 (19),West Ham United FC (40),5-1,?,Stoke City FC (41)
?,(Tue) 14 May 1985 (19),Tottenham Hotspur FC (41),2-0,?,Sheffield Wednesday FC (42)
?,(Tue) 14 May 1985 (19),Ipswich Town FC (41),0-0,?,Coventry City FC (39)
?,(Tue) 14 May 1985 (19),Southampton FC (42),1-1,?,Liverpool FC (39)
?,(Fri) 17 May 1985 (19),Liverpool FC (40),4-3,?,Watford FC (42)
?,(Fri) 17 May 1985 (19),Tottenham Hotspur FC (42),1-0,?,Nottingham Forest FC (42)
?,(Fri) 17 May 1985 (19),Stoke City FC (42),0-1,?,Coventry City FC (40)
?,(Fri) 17 May 1985 (19),Ipswich Town FC (42),0-1,?,West Ham United FC (41)
?,(Mon) 20 May 1985 (20),West Ham United FC (42),0-3,?,Liverpool FC (41)
?,(Thu) 23 May 1985 (20),Everton FC (40),1-0,?,Liverpool FC (42)
?,(Thu) 23 May 1985 (20),Coventry City FC (41),1-0,?,Luton Town FC (41)
?,(Sun) 26 May 1985 (20),Coventry City FC (42),4-1,?,Everton FC (41)
?,(Tue) 28 May 1985 (21),Luton Town FC (42),2-0,?,Everton FC (42)
