Round,Date,Team 1,FT,HT,Team 2
?,(Sat) 29 Aug 1981 (34),Bradford City AFC (1),3-3,?,Wigan Athletic FC (1)
?,(Sat) 29 Aug 1981 (34),Peterborough United FC (1),1-0,?,Mansfield Town FC (1)
?,(Sat) 29 Aug 1981 (34),Tranmere Rovers FC (1),0-2,?,York City FC (1)
?,(Sat) 29 Aug 1981 (34),Aldershot Town FC (1),0-0,?,Darlington FC (1)
?,(Sat) 29 Aug 1981 (34),Sheffield United FC (1),2-2,?,Hereford United FC (1924-2014) (1)
?,(Sat) 29 Aug 1981 (34),AFC Bournemouth (1),2-0,?,Crewe Alexandra FC (1)
?,(Sat) 29 Aug 1981 (34),Port Vale FC (1),0-0,?,FC Halifax Town (1)
?,(Sat) 29 Aug 1981 (34),Blackpool FC (1),2-0,?,Stockport County FC (1)
?,(Sat) 29 Aug 1981 (34),Northampton Town FC (1),1-1,?,Scunthorpe United FC (1)
?,(Sat) 29 Aug 1981 (34),Torquay United FC (1),2-1,?,Hull City AFC (1)
?,(Sat) 29 Aug 1981 (34),Hartlepool United FC (1),1-3,?,Colchester United FC (1)
?,(Sat) 29 Aug 1981 (34),Bury FC (1),3-0,?,Rochdale AFC (1)
?,(Fri) 4 Sep 1981 (35),Stockport County FC (2),4-2,?,Aldershot Town FC (2)
?,(Fri) 4 Sep 1981 (35),York City FC (2),2-1,?,Northampton Town FC (2)
?,(Fri) 4 Sep 1981 (35),Colchester United FC (2),4-0,?,Tranmere Rovers FC (2)
?,(Sat) 5 Sep 1981 (35),Mansfield Town FC (2),0-1,?,AFC Bournemouth (2)
?,(Sat) 5 Sep 1981 (35),Rochdale AFC (2),2-1,?,Hartlepool United FC (2)
?,(Sat) 5 Sep 1981 (35),Scunthorpe United FC (2),1-1,?,Blackpool FC (2)
?,(Sat) 5 Sep 1981 (35),Hereford United FC (1924-2014) (2),3-0,?,Bury FC (2)
?,(Sat) 5 Sep 1981 (35),Darlington FC (2),1-1,?,Port Vale FC (2)
?,(Sat) 5 Sep 1981 (35),Wigan Athletic FC (2),0-1,?,Sheffield United FC (2)
?,(Sat) 5 Sep 1981 (35),Hull City AFC (2),2-1,?,Bradford City AFC (2)
?,(Sat) 5 Sep 1981 (35),FC Halifax Town (2),1-1,?,Peterborough United FC (2)
?,(Sun) 6 Sep 1981 (35),Crewe Alexandra FC (2),0-1,?,Torquay United FC (2)
?,(Sat) 12 Sep 1981 (36),Northampton Town FC (3),1-1,?,Hull City AFC (3)
?,(Sat) 12 Sep 1981 (36),AFC Bournemouth (3),2-0,?,Darlington FC (3)
?,(Sat) 12 Sep 1981 (36),Blackpool FC (3),5-0,?,Crewe Alexandra FC (3)
?,(Sat) 12 Sep 1981 (36),Tranmere Rovers FC (3),0-0,?,Hereford United FC (1924-2014) (3)
?,(Sat) 12 Sep 1981 (36),Hartlepool United FC (3),2-1,?,Wigan Athletic FC (3)
?,(Sat) 12 Sep 1981 (36),Port Vale FC (3),0-0,?,Mansfield Town FC (3)
?,(Sat) 12 Sep 1981 (36),Aldershot Town FC (3),3-1,?,FC Halifax Town (3)
?,(Sat) 12 Sep 1981 (36),Bury FC (3),2-0,?,Stockport County FC (3)
?,(Sat) 12 Sep 1981 (36),Torquay United FC (3),1-0,?,Scunthorpe United FC (3)
?,(Sat) 12 Sep 1981 (36),Peterborough United FC (3),5-1,?,Rochdale AFC (3)
?,(Sat) 12 Sep 1981 (36),Bradford City AFC (3),6-2,?,York City FC (3)
?,(Sat) 12 Sep 1981 (36),Sheffield United FC (3),1-0,?,Colchester United FC (3)
?,(Fri) 18 Sep 1981 (37),Crewe Alexandra FC (4),2-3,?,Aldershot Town FC (4)
?,(Fri) 18 Sep 1981 (37),Colchester United FC (4),3-0,?,Torquay United FC (4)
?,(Fri) 18 Sep 1981 (37),York City FC (4),1-2,?,Hartlepool United FC (4)
?,(Fri) 18 Sep 1981 (37),Stockport County FC (4),3-0,?,Peterborough United FC (4)
?,(Sat) 19 Sep 1981 (37),Darlington FC (4),2-2,?,Blackpool FC (4)
?,(Sat) 19 Sep 1981 (37),Hull City AFC (4),2-1,?,Sheffield United FC (4)
?,(Sat) 19 Sep 1981 (37),Hereford United FC (1924-2014) (4),1-2,?,Bradford City AFC (4)
?,(Sat) 19 Sep 1981 (37),Wigan Athletic FC (4),3-1,?,Northampton Town FC (4)
?,(Sat) 19 Sep 1981 (37),Rochdale AFC (4),1-2,?,Port Vale FC (4)
?,(Sat) 19 Sep 1981 (37),Scunthorpe United FC (4),2-1,?,Tranmere Rovers FC (4)
?,(Sat) 19 Sep 1981 (37),FC Halifax Town (4),1-1,?,AFC Bournemouth (4)
?,(Sat) 19 Sep 1981 (37),Mansfield Town FC (4),1-1,?,Bury FC (4)
?,(Mon) 21 Sep 1981 (38),Mansfield Town FC (5),4-1,?,Northampton Town FC (5)
?,(Mon) 21 Sep 1981 (38),Stockport County FC (5),1-0,?,Sheffield United FC (5)
?,(Tue) 22 Sep 1981 (38),Hull City AFC (5),1-1,?,Peterborough United FC (5)
?,(Tue) 22 Sep 1981 (38),FC Halifax Town (5),0-2,?,Tranmere Rovers FC (5)
?,(Tue) 22 Sep 1981 (38),York City FC (5),0-1,?,AFC Bournemouth (5)
?,(Tue) 22 Sep 1981 (38),Scunthorpe United FC (5),2-1,?,Hartlepool United FC (5)
?,(Tue) 22 Sep 1981 (38),Rochdale AFC (5),0-0,?,Blackpool FC (5)
?,(Tue) 22 Sep 1981 (38),Darlington FC (5),1-5,?,Bradford City AFC (5)
?,(Tue) 22 Sep 1981 (38),Colchester United FC (5),1-1,?,Aldershot Town FC (5)
?,(Wed) 23 Sep 1981 (38),Wigan Athletic FC (5),2-0,?,Port Vale FC (5)
?,(Wed) 23 Sep 1981 (38),Hereford United FC (1924-2014) (5),0-3,?,Torquay United FC (5)
?,(Wed) 23 Sep 1981 (38),Crewe Alexandra FC (5),1-2,?,Bury FC (5)
?,(Sat) 26 Sep 1981 (38),Peterborough United FC (6),3-0,?,Crewe Alexandra FC (6)
?,(Sat) 26 Sep 1981 (38),Torquay United FC (6),3-2,?,York City FC (6)
?,(Sat) 26 Sep 1981 (38),Northampton Town FC (6),2-3,?,Hereford United FC (1924-2014) (6)
?,(Sat) 26 Sep 1981 (38),Blackpool FC (6),3-1,?,Hull City AFC (6)
?,(Sat) 26 Sep 1981 (38),Bury FC (6),2-0,?,Darlington FC (6)
?,(Sat) 26 Sep 1981 (38),Sheffield United FC (6),1-0,?,Scunthorpe United FC (6)
?,(Sat) 26 Sep 1981 (38),Port Vale FC (6),1-0,?,Stockport County FC (6)
?,(Sat) 26 Sep 1981 (38),Aldershot Town FC (6),2-3,?,Mansfield Town FC (6)
?,(Sat) 26 Sep 1981 (38),Hartlepool United FC (6),3-2,?,FC Halifax Town (6)
?,(Sat) 26 Sep 1981 (38),Tranmere Rovers FC (6),0-0,?,Wigan Athletic FC (6)
?,(Sat) 26 Sep 1981 (38),Bradford City AFC (6),2-1,?,Colchester United FC (6)
?,(Sat) 26 Sep 1981 (38),AFC Bournemouth (6),1-0,?,Rochdale AFC (6)
?,(Mon) 28 Sep 1981 (39),Port Vale FC (7),2-1,?,Colchester United FC (7)
?,(Tue) 29 Sep 1981 (39),Sheffield United FC (7),4-0,?,Crewe Alexandra FC (7)
?,(Tue) 29 Sep 1981 (39),Northampton Town FC (7),0-0,?,Stockport County FC (7)
?,(Tue) 29 Sep 1981 (39),Tranmere Rovers FC (7),1-1,?,Darlington FC (7)
?,(Tue) 29 Sep 1981 (39),AFC Bournemouth (7),0-0,?,Wigan Athletic FC (7)
?,(Tue) 29 Sep 1981 (39),Bury FC (7),4-0,?,Scunthorpe United FC (7)
?,(Tue) 29 Sep 1981 (39),Aldershot Town FC (7),0-1,?,York City FC (7)
?,(Wed) 30 Sep 1981 (39),Torquay United FC (7),2-0,?,Mansfield Town FC (7)
?,(Wed) 30 Sep 1981 (39),Blackpool FC (7),7-1,?,FC Halifax Town (7)
?,(Wed) 30 Sep 1981 (39),Hartlepool United FC (7),3-2,?,Hull City AFC (7)
?,(Wed) 30 Sep 1981 (39),Bradford City AFC (7),2-0,?,Rochdale AFC (7)
?,(Fri) 2 Oct 1981 (39),Colchester United FC (8),5-1,?,Northampton Town FC (8)
?,(Sat) 3 Oct 1981 (39),Hull City AFC (8),1-2,?,Tranmere Rovers FC (8)
?,(Sat) 3 Oct 1981 (39),Wigan Athletic FC (8),1-0,?,Torquay United FC (8)
?,(Sat) 3 Oct 1981 (39),York City FC (8),3-4,?,Sheffield United FC (8)
?,(Sat) 3 Oct 1981 (39),FC Halifax Town (8),2-1,?,Bury FC (8)
?,(Sat) 3 Oct 1981 (39),Hereford United FC (1924-2014) (7),1-1,?,Hartlepool United FC (8)
?,(Sat) 3 Oct 1981 (39),Stockport County FC (8),1-2,?,AFC Bournemouth (8)
?,(Sat) 3 Oct 1981 (39),Darlington FC (8),0-0,?,Peterborough United FC (7)
?,(Sat) 3 Oct 1981 (39),Scunthorpe United FC (8),1-3,?,Bradford City AFC (8)
?,(Sat) 3 Oct 1981 (39),Mansfield Town FC (8),2-2,?,Blackpool FC (8)
?,(Sun) 4 Oct 1981 (39),Rochdale AFC (8),0-0,?,Aldershot Town FC (8)
?,(Tue) 6 Oct 1981 (40),Crewe Alexandra FC (8),0-2,?,Port Vale FC (8)
?,(Fri) 9 Oct 1981 (40),York City FC (9),2-2,?,Darlington FC (9)
?,(Sat) 10 Oct 1981 (40),Tranmere Rovers FC (9),1-3,?,Bury FC (9)
?,(Sat) 10 Oct 1981 (40),Blackpool FC (9),2-1,?,Torquay United FC (9)
?,(Sat) 10 Oct 1981 (40),Hereford United FC (1924-2014) (8),2-2,?,FC Halifax Town (9)
?,(Sat) 10 Oct 1981 (40),Port Vale FC (9),0-2,?,Sheffield United FC (9)
?,(Sat) 10 Oct 1981 (40),Wigan Athletic FC (9),2-1,?,Stockport County FC (9)
?,(Sat) 10 Oct 1981 (40),Hartlepool United FC (9),0-1,?,Peterborough United FC (8)
?,(Sat) 10 Oct 1981 (40),Mansfield Town FC (9),3-3,?,Hull City AFC (9)
?,(Sat) 10 Oct 1981 (40),AFC Bournemouth (9),1-1,?,Northampton Town FC (9)
?,(Sat) 10 Oct 1981 (40),Crewe Alexandra FC (9),3-0,?,Scunthorpe United FC (9)
?,(Sun) 11 Oct 1981 (40),Rochdale AFC (9),1-2,?,Colchester United FC (9)
?,(Sun) 11 Oct 1981 (40),Bradford City AFC (9),4-1,?,Aldershot Town FC (9)
?,(Tue) 13 Oct 1981 (41),Northampton Town FC (10),0-1,?,Blackpool FC (10)
?,(Fri) 16 Oct 1981 (41),Stockport County FC (10),2-0,?,Crewe Alexandra FC (10)
?,(Fri) 16 Oct 1981 (41),Colchester United FC (10),4-0,?,York City FC (10)
?,(Sat) 17 Oct 1981 (41),Bury FC (10),3-2,?,Port Vale FC (10)
?,(Sat) 17 Oct 1981 (41),Darlington FC (10),1-0,?,Mansfield Town FC (10)
?,(Sat) 17 Oct 1981 (41),Peterborough United FC (9),1-0,?,AFC Bournemouth (10)
?,(Sat) 17 Oct 1981 (41),Sheffield United FC (10),1-1,?,Hartlepool United FC (10)
?,(Sat) 17 Oct 1981 (41),Aldershot Town FC (10),3-2,?,Blackpool FC (11)
?,(Sat) 17 Oct 1981 (41),FC Halifax Town (10),0-0,?,Rochdale AFC (10)
?,(Sat) 17 Oct 1981 (41),Hull City AFC (10),0-2,?,Wigan Athletic FC (10)
?,(Sat) 17 Oct 1981 (41),Scunthorpe United FC (10),2-2,?,Hereford United FC (1924-2014) (9)
?,(Sat) 17 Oct 1981 (41),Northampton Town FC (11),0-2,?,Bradford City AFC (10)
?,(Sat) 17 Oct 1981 (41),Torquay United FC (10),1-2,?,Tranmere Rovers FC (10)
?,(Mon) 19 Oct 1981 (42),Stockport County FC (11),2-3,?,Bradford City AFC (11)
?,(Mon) 19 Oct 1981 (42),Port Vale FC (11),1-3,?,Peterborough United FC (10)
?,(Tue) 20 Oct 1981 (42),Colchester United FC (11),4-0,?,Hereford United FC (1924-2014) (10)
?,(Tue) 20 Oct 1981 (42),Darlington FC (11),1-1,?,FC Halifax Town (11)
?,(Tue) 20 Oct 1981 (42),Scunthorpe United FC (11),4-4,?,Hull City AFC (11)
?,(Tue) 20 Oct 1981 (42),Aldershot Town FC (11),2-0,?,AFC Bournemouth (11)
?,(Tue) 20 Oct 1981 (42),Tranmere Rovers FC (11),1-0,?,Hartlepool United FC (11)
?,(Tue) 20 Oct 1981 (42),Sheffield United FC (11),4-1,?,Mansfield Town FC (11)
?,(Tue) 20 Oct 1981 (42),Bury FC (11),5-3,?,Wigan Athletic FC (11)
?,(Tue) 20 Oct 1981 (42),York City FC (11),0-4,?,Blackpool FC (12)
?,(Wed) 21 Oct 1981 (42),Crewe Alexandra FC (11),1-2,?,Rochdale AFC (11)
?,(Wed) 21 Oct 1981 (42),Torquay United FC (11),2-2,?,Northampton Town FC (12)
?,(Sat) 24 Oct 1981 (42),Hartlepool United FC (12),0-0,?,Torquay United FC (12)
?,(Sat) 24 Oct 1981 (42),Mansfield Town FC (12),0-1,?,Crewe Alexandra FC (12)
?,(Sat) 24 Oct 1981 (42),Hull City AFC (12),1-2,?,Aldershot Town FC (12)
?,(Sat) 24 Oct 1981 (42),Bradford City AFC (12),0-2,?,Sheffield United FC (12)
?,(Sat) 24 Oct 1981 (42),Peterborough United FC (11),0-1,?,York City FC (12)
?,(Sat) 24 Oct 1981 (42),Wigan Athletic FC (12),2-1,?,Scunthorpe United FC (12)
?,(Sat) 24 Oct 1981 (42),AFC Bournemouth (12),3-2,?,Bury FC (12)
?,(Sat) 24 Oct 1981 (42),Hereford United FC (1924-2014) (11),1-1,?,Darlington FC (12)
?,(Sat) 24 Oct 1981 (42),Rochdale AFC (12),4-1,?,Stockport County FC (12)
?,(Sat) 24 Oct 1981 (42),Northampton Town FC (13),3-2,?,Tranmere Rovers FC (12)
?,(Sat) 24 Oct 1981 (42),FC Halifax Town (12),0-2,?,Colchester United FC (12)
?,(Wed) 28 Oct 1981 (43),Peterborough United FC (12),3-1,?,Hereford United FC (1924-2014) (12)
?,(Fri) 30 Oct 1981 (43),Colchester United FC (13),1-2,?,Wigan Athletic FC (13)
?,(Fri) 30 Oct 1981 (43),Stockport County FC (13),3-0,?,Mansfield Town FC (13)
?,(Sat) 31 Oct 1981 (43),Torquay United FC (13),2-0,?,Bradford City AFC (13)
?,(Sat) 31 Oct 1981 (43),Darlington FC (13),2-0,?,Rochdale AFC (13)
?,(Sat) 31 Oct 1981 (43),Tranmere Rovers FC (13),0-1,?,AFC Bournemouth (13)
?,(Sat) 31 Oct 1981 (43),Aldershot Town FC (13),1-2,?,Hartlepool United FC (13)
?,(Sat) 31 Oct 1981 (43),Port Vale FC (12),2-1,?,Hull City AFC (13)
?,(Sat) 31 Oct 1981 (43),Scunthorpe United FC (13),0-1,?,Peterborough United FC (13)
?,(Sat) 31 Oct 1981 (43),York City FC (13),3-4,?,Hereford United FC (1924-2014) (13)
?,(Sat) 31 Oct 1981 (43),Bury FC (13),7-1,?,Northampton Town FC (14)
?,(Sat) 31 Oct 1981 (43),Sheffield United FC (13),3-1,?,Blackpool FC (13)
?,(Sat) 31 Oct 1981 (43),Crewe Alexandra FC (13),0-1,?,FC Halifax Town (13)
?,(Mon) 2 Nov 1981 (44),Mansfield Town FC (14),1-3,?,Colchester United FC (14)
?,(Tue) 3 Nov 1981 (44),AFC Bournemouth (14),2-0,?,Scunthorpe United FC (14)
?,(Tue) 3 Nov 1981 (44),Rochdale AFC (14),0-0,?,Tranmere Rovers FC (14)
?,(Tue) 3 Nov 1981 (44),Northampton Town FC (15),1-2,?,Sheffield United FC (14)
?,(Tue) 3 Nov 1981 (44),Hull City AFC (14),2-0,?,York City FC (14)
?,(Tue) 3 Nov 1981 (44),FC Halifax Town (14),1-2,?,Torquay United FC (14)
?,(Wed) 4 Nov 1981 (44),Hartlepool United FC (14),1-2,?,Crewe Alexandra FC (14)
?,(Wed) 4 Nov 1981 (44),Bradford City AFC (14),1-0,?,Port Vale FC (13)
?,(Wed) 4 Nov 1981 (44),Blackpool FC (14),1-1,?,Bury FC (14)
?,(Wed) 4 Nov 1981 (44),Wigan Athletic FC (14),2-1,?,Darlington FC (14)
?,(Wed) 4 Nov 1981 (44),Peterborough United FC (14),7-1,?,Aldershot Town FC (14)
?,(Wed) 4 Nov 1981 (44),Hereford United FC (1924-2014) (14),0-0,?,Stockport County FC (14)
?,(Sat) 7 Nov 1981 (44),Wigan Athletic FC (15),1-1,?,Hereford United FC (1924-2014) (15)
?,(Sat) 7 Nov 1981 (44),Scunthorpe United FC (15),0-3,?,York City FC (15)
?,(Sat) 7 Nov 1981 (44),Darlington FC (15),2-0,?,Stockport County FC (15)
?,(Sat) 7 Nov 1981 (44),Aldershot Town FC (15),1-2,?,Bury FC (15)
?,(Sat) 7 Nov 1981 (44),AFC Bournemouth (15),1-1,?,Port Vale FC (14)
?,(Sat) 7 Nov 1981 (44),Sheffield United FC (15),2-0,?,Tranmere Rovers FC (15)
?,(Sat) 7 Nov 1981 (44),Peterborough United FC (15),3-1,?,Blackpool FC (15)
?,(Sat) 7 Nov 1981 (44),Hull City AFC (15),2-3,?,Colchester United FC (15)
?,(Sat) 7 Nov 1981 (44),FC Halifax Town (15),2-1,?,Mansfield Town FC (15)
?,(Sun) 8 Nov 1981 (44),Rochdale AFC (15),1-0,?,Torquay United FC (15)
?,(Sun) 8 Nov 1981 (44),Bradford City AFC (15),1-0,?,Hartlepool United FC (15)
?,(Sun) 8 Nov 1981 (44),Northampton Town FC (16),3-0,?,Crewe Alexandra FC (15)
?,(Wed) 11 Nov 1981 (45),Blackpool FC (16),2-3,?,Port Vale FC (15)
?,(Fri) 13 Nov 1981 (45),Stockport County FC (16),2-1,?,FC Halifax Town (16)
?,(Fri) 13 Nov 1981 (45),Colchester United FC (16),2-1,?,Scunthorpe United FC (16)
?,(Sat) 14 Nov 1981 (45),Tranmere Rovers FC (16),1-1,?,Bradford City AFC (16)
?,(Sat) 14 Nov 1981 (45),Mansfield Town FC (16),4-3,?,Rochdale AFC (16)
?,(Sat) 14 Nov 1981 (45),Bury FC (16),3-1,?,Peterborough United FC (16)
?,(Sat) 14 Nov 1981 (45),Blackpool FC (17),0-3,?,AFC Bournemouth (16)
?,(Sat) 14 Nov 1981 (45),Crewe Alexandra FC (16),1-0,?,Darlington FC (16)
?,(Sat) 14 Nov 1981 (45),Torquay United FC (16),1-1,?,Sheffield United FC (16)
?,(Sat) 14 Nov 1981 (45),Port Vale FC (16),1-0,?,Aldershot Town FC (16)
?,(Sat) 14 Nov 1981 (45),Hereford United FC (1924-2014) (16),2-2,?,Hull City AFC (16)
?,(Sat) 14 Nov 1981 (45),Hartlepool United FC (16),3-1,?,Northampton Town FC (17)
?,(Sat) 14 Nov 1981 (45),York City FC (16),0-0,?,Wigan Athletic FC (16)
?,(Sat) 28 Nov 1981 (47),Bury FC (17),0-2,?,Hull City AFC (17)
?,(Sat) 28 Nov 1981 (47),Mansfield Town FC (17),2-1,?,Hereford United FC (1924-2014) (17)
?,(Sat) 28 Nov 1981 (47),Rochdale AFC (17),1-1,?,Wigan Athletic FC (17)
?,(Sat) 28 Nov 1981 (47),Stockport County FC (17),2-1,?,Torquay United FC (17)
?,(Sat) 28 Nov 1981 (47),Peterborough United FC (17),1-0,?,Northampton Town FC (18)
?,(Sat) 28 Nov 1981 (47),AFC Bournemouth (17),0-0,?,Sheffield United FC (17)
?,(Sat) 28 Nov 1981 (47),Crewe Alexandra FC (17),1-1,?,York City FC (17)
?,(Sat) 28 Nov 1981 (47),FC Halifax Town (17),1-2,?,Scunthorpe United FC (17)
?,(Sat) 28 Nov 1981 (47),Port Vale FC (17),5-2,?,Hartlepool United FC (17)
?,(Sat) 28 Nov 1981 (47),Aldershot Town FC (17),2-1,?,Tranmere Rovers FC (17)
?,(Sat) 28 Nov 1981 (47),Darlington FC (17),1-2,?,Colchester United FC (17)
?,(Fri) 4 Dec 1981 (48),Colchester United FC (18),2-1,?,Blackpool FC (18)
?,(Sat) 5 Dec 1981 (48),Tranmere Rovers FC (18),2-2,?,Mansfield Town FC (18)
?,(Sat) 5 Dec 1981 (48),Bradford City AFC (17),2-0,?,Peterborough United FC (18)
?,(Sat) 5 Dec 1981 (48),Hartlepool United FC (18),1-1,?,AFC Bournemouth (18)
?,(Sat) 5 Dec 1981 (48),York City FC (18),2-2,?,Stockport County FC (18)
?,(Sat) 5 Dec 1981 (48),Hull City AFC (18),1-0,?,Crewe Alexandra FC (18)
?,(Sat) 5 Dec 1981 (48),Wigan Athletic FC (18),2-0,?,FC Halifax Town (18)
?,(Sat) 5 Dec 1981 (48),Northampton Town FC (19),0-1,?,Darlington FC (18)
?,(Sat) 5 Dec 1981 (48),Scunthorpe United FC (18),0-0,?,Port Vale FC (18)
?,(Sat) 5 Dec 1981 (48),Hereford United FC (1924-2014) (18),0-0,?,Rochdale AFC (18)
?,(Sat) 5 Dec 1981 (48),Sheffield United FC (18),2-0,?,Aldershot Town FC (18)
?,(Sat) 5 Dec 1981 (48),Torquay United FC (18),1-1,?,Bury FC (18)
?,(Sat) 19 Dec 1981 (50),Torquay United FC (19),0-1,?,Port Vale FC (19)
?,(Sat) 26 Dec 1981 (51),AFC Bournemouth (19),1-1,?,Colchester United FC (19)
?,(Mon) 28 Dec 1981 (52),Torquay United FC (20),1-2,?,AFC Bournemouth (20)
?,(Sat) 2 Jan 1982 (0),Sheffield United FC (19),2-2,?,FC Halifax Town (19)
?,(Sat) 2 Jan 1982 (0),Mansfield Town FC (19),1-2,?,Wigan Athletic FC (19)
?,(Sun) 3 Jan 1982 (0),Aldershot Town FC (19),1-1,?,Torquay United FC (21)
?,(Sun) 3 Jan 1982 (0),Bradford City AFC (18),3-0,?,Darlington FC (19)
?,(Tue) 5 Jan 1982 (1),Wigan Athletic FC (20),0-0,?,Tranmere Rovers FC (19)
?,(Sat) 9 Jan 1982 (1),Blackpool FC (19),2-0,?,Scunthorpe United FC (19)
?,(Sat) 9 Jan 1982 (1),Bradford City AFC (19),1-1,?,Hull City AFC (19)
?,(Wed) 13 Jan 1982 (2),Blackpool FC (20),1-2,?,Tranmere Rovers FC (20)
?,(Wed) 13 Jan 1982 (2),Rochdale AFC (19),0-1,?,FC Halifax Town (20)
?,(Sat) 16 Jan 1982 (2),Mansfield Town FC (20),3-2,?,Hartlepool United FC (19)
?,(Sat) 16 Jan 1982 (2),Colchester United FC (20),1-1,?,Bury FC (19)
?,(Sat) 16 Jan 1982 (2),Rochdale AFC (20),0-1,?,Sheffield United FC (20)
?,(Tue) 19 Jan 1982 (3),Bury FC (20),1-1,?,Hartlepool United FC (20)
?,(Tue) 19 Jan 1982 (3),Wigan Athletic FC (21),5-0,?,Peterborough United FC (19)
?,(Tue) 19 Jan 1982 (3),Tranmere Rovers FC (21),3-0,?,Crewe Alexandra FC (19)
?,(Wed) 20 Jan 1982 (3),Bradford City AFC (20),3-4,?,Mansfield Town FC (21)
?,(Wed) 20 Jan 1982 (3),Port Vale FC (20),2-2,?,Darlington FC (20)
?,(Fri) 22 Jan 1982 (3),FC Halifax Town (21),1-1,?,Port Vale FC (21)
?,(Sat) 23 Jan 1982 (3),Darlington FC (21),0-1,?,Aldershot Town FC (20)
?,(Sat) 23 Jan 1982 (3),Rochdale AFC (21),1-1,?,Bury FC (21)
?,(Sat) 23 Jan 1982 (3),Scunthorpe United FC (20),2-1,?,Northampton Town FC (20)
?,(Sat) 23 Jan 1982 (3),Colchester United FC (21),3-3,?,Hartlepool United FC (21)
?,(Sat) 23 Jan 1982 (3),Mansfield Town FC (22),1-2,?,Peterborough United FC (20)
?,(Sat) 23 Jan 1982 (3),Wigan Athletic FC (22),4-1,?,Bradford City AFC (21)
?,(Sat) 23 Jan 1982 (3),York City FC (19),1-3,?,Tranmere Rovers FC (22)
?,(Sat) 23 Jan 1982 (3),Hull City AFC (20),1-0,?,Torquay United FC (22)
?,(Sat) 23 Jan 1982 (3),Crewe Alexandra FC (20),0-0,?,AFC Bournemouth (21)
?,(Mon) 25 Jan 1982 (4),Port Vale FC (22),0-0,?,Tranmere Rovers FC (23)
?,(Mon) 25 Jan 1982 (4),Stockport County FC (19),0-2,?,Hartlepool United FC (22)
?,(Tue) 26 Jan 1982 (4),Crewe Alexandra FC (21),0-1,?,Wigan Athletic FC (23)
?,(Tue) 26 Jan 1982 (4),Peterborough United FC (21),0-0,?,FC Halifax Town (22)
?,(Tue) 26 Jan 1982 (4),Sheffield United FC (21),0-0,?,Darlington FC (22)
?,(Sat) 30 Jan 1982 (4),Port Vale FC (23),1-1,?,Rochdale AFC (22)
?,(Sat) 30 Jan 1982 (4),Torquay United FC (23),1-0,?,Colchester United FC (22)
?,(Sat) 30 Jan 1982 (4),Sheffield United FC (22),0-0,?,Hull City AFC (21)
?,(Sat) 30 Jan 1982 (4),AFC Bournemouth (22),1-1,?,FC Halifax Town (23)
?,(Sat) 30 Jan 1982 (4),Northampton Town FC (21),2-3,?,Wigan Athletic FC (24)
?,(Sat) 30 Jan 1982 (4),Hartlepool United FC (23),3-2,?,York City FC (20)
?,(Sat) 30 Jan 1982 (4),Bradford City AFC (22),0-0,?,Hereford United FC (1924-2014) (19)
?,(Sat) 30 Jan 1982 (4),Bury FC (22),3-2,?,Mansfield Town FC (23)
?,(Sat) 30 Jan 1982 (4),Peterborough United FC (22),2-0,?,Stockport County FC (20)
?,(Sat) 30 Jan 1982 (4),Tranmere Rovers FC (24),0-1,?,Scunthorpe United FC (21)
?,(Sat) 30 Jan 1982 (4),Blackpool FC (21),1-0,?,Darlington FC (23)
?,(Sun) 31 Jan 1982 (4),Aldershot Town FC (21),3-0,?,Crewe Alexandra FC (22)
?,(Mon) 1 Feb 1982 (5),Stockport County FC (21),2-3,?,Blackpool FC (22)
?,(Tue) 2 Feb 1982 (5),Scunthorpe United FC (22),1-0,?,Mansfield Town FC (24)
?,(Tue) 2 Feb 1982 (5),Northampton Town FC (22),3-5,?,Port Vale FC (24)
?,(Tue) 2 Feb 1982 (5),AFC Bournemouth (23),0-2,?,Bradford City AFC (23)
?,(Tue) 2 Feb 1982 (5),York City FC (21),0-0,?,Bury FC (23)
?,(Wed) 3 Feb 1982 (5),Hartlepool United FC (24),1-2,?,Darlington FC (24)
?,(Wed) 3 Feb 1982 (5),Hereford United FC (1924-2014) (20),0-1,?,Aldershot Town FC (22)
?,(Fri) 5 Feb 1982 (5),Crewe Alexandra FC (23),1-1,?,Blackpool FC (23)
?,(Sat) 6 Feb 1982 (5),Hereford United FC (1924-2014) (21),1-1,?,Tranmere Rovers FC (25)
?,(Sat) 6 Feb 1982 (5),Wigan Athletic FC (25),1-1,?,Hartlepool United FC (25)
?,(Sat) 6 Feb 1982 (5),FC Halifax Town (24),2-2,?,Aldershot Town FC (23)
?,(Sat) 6 Feb 1982 (5),Mansfield Town FC (25),1-3,?,Port Vale FC (25)
?,(Sat) 6 Feb 1982 (5),Scunthorpe United FC (23),0-2,?,Torquay United FC (24)
?,(Sat) 6 Feb 1982 (5),Darlington FC (25),0-1,?,AFC Bournemouth (24)
?,(Sat) 6 Feb 1982 (5),Rochdale AFC (23),1-1,?,Peterborough United FC (23)
?,(Sat) 6 Feb 1982 (5),Colchester United FC (23),5-2,?,Sheffield United FC (23)
?,(Sat) 6 Feb 1982 (5),Hull City AFC (22),0-1,?,Northampton Town FC (23)
?,(Sat) 6 Feb 1982 (5),Stockport County FC (22),2-1,?,Bury FC (24)
?,(Sat) 6 Feb 1982 (5),York City FC (22),0-3,?,Bradford City AFC (24)
?,(Mon) 8 Feb 1982 (6),Port Vale FC (26),1-1,?,Wigan Athletic FC (26)
?,(Tue) 9 Feb 1982 (6),Tranmere Rovers FC (26),1-1,?,FC Halifax Town (25)
?,(Tue) 9 Feb 1982 (6),Sheffield United FC (24),4-0,?,Stockport County FC (23)
?,(Tue) 9 Feb 1982 (6),AFC Bournemouth (25),5-1,?,York City FC (23)
?,(Tue) 9 Feb 1982 (6),Aldershot Town FC (24),1-1,?,Colchester United FC (24)
?,(Tue) 9 Feb 1982 (6),Bury FC (25),2-1,?,Crewe Alexandra FC (24)
?,(Tue) 9 Feb 1982 (6),Northampton Town FC (24),1-1,?,Mansfield Town FC (26)
?,(Wed) 10 Feb 1982 (6),Hartlepool United FC (26),3-3,?,Scunthorpe United FC (24)
?,(Wed) 10 Feb 1982 (6),Torquay United FC (25),1-2,?,Hereford United FC (1924-2014) (22)
?,(Wed) 10 Feb 1982 (6),Blackpool FC (24),1-1,?,Rochdale AFC (24)
?,(Wed) 10 Feb 1982 (6),Peterborough United FC (24),3-0,?,Hull City AFC (23)
?,(Sat) 13 Feb 1982 (6),Torquay United FC (26),0-0,?,Wigan Athletic FC (27)
?,(Sat) 13 Feb 1982 (6),Blackpool FC (25),2-3,?,Mansfield Town FC (27)
?,(Sat) 13 Feb 1982 (6),Port Vale FC (27),0-0,?,Crewe Alexandra FC (25)
?,(Sat) 13 Feb 1982 (6),AFC Bournemouth (26),1-0,?,Stockport County FC (24)
?,(Sat) 13 Feb 1982 (6),Peterborough United FC (25),3-1,?,Darlington FC (26)
?,(Sat) 13 Feb 1982 (6),Tranmere Rovers FC (27),2-2,?,Hull City AFC (24)
?,(Sat) 13 Feb 1982 (6),Bury FC (26),1-1,?,FC Halifax Town (26)
?,(Sat) 13 Feb 1982 (6),Hartlepool United FC (27),2-1,?,Hereford United FC (1924-2014) (23)
?,(Sat) 13 Feb 1982 (6),Sheffield United FC (25),4-0,?,York City FC (24)
?,(Sun) 14 Feb 1982 (6),Bradford City AFC (25),0-0,?,Scunthorpe United FC (25)
?,(Sun) 14 Feb 1982 (6),Aldershot Town FC (25),2-2,?,Rochdale AFC (25)
?,(Sun) 14 Feb 1982 (6),Northampton Town FC (25),1-2,?,Colchester United FC (25)
?,(Mon) 15 Feb 1982 (7),Stockport County FC (25),1-1,?,Tranmere Rovers FC (28)
?,(Wed) 17 Feb 1982 (7),Darlington FC (27),4-1,?,Scunthorpe United FC (26)
?,(Wed) 17 Feb 1982 (7),Hereford United FC (1924-2014) (24),1-1,?,Sheffield United FC (26)
?,(Wed) 17 Feb 1982 (7),Blackpool FC (26),1-0,?,Northampton Town FC (26)
?,(Wed) 17 Feb 1982 (7),Wigan Athletic FC (28),1-0,?,Aldershot Town FC (26)
?,(Fri) 19 Feb 1982 (7),Colchester United FC (26),1-2,?,Bradford City AFC (26)
?,(Fri) 19 Feb 1982 (7),Crewe Alexandra FC (26),0-1,?,Peterborough United FC (26)
?,(Fri) 19 Feb 1982 (7),Stockport County FC (26),1-2,?,Port Vale FC (28)
?,(Fri) 19 Feb 1982 (7),York City FC (25),1-1,?,Torquay United FC (27)
?,(Sat) 20 Feb 1982 (7),Hull City AFC (25),5-2,?,Hartlepool United FC (28)
?,(Sat) 20 Feb 1982 (7),Darlington FC (28),2-3,?,Bury FC (27)
?,(Sat) 20 Feb 1982 (7),Scunthorpe United FC (27),2-1,?,Sheffield United FC (27)
?,(Sat) 20 Feb 1982 (7),Rochdale AFC (26),0-1,?,AFC Bournemouth (27)
?,(Sat) 20 Feb 1982 (7),FC Halifax Town (27),0-0,?,Blackpool FC (27)
?,(Sat) 20 Feb 1982 (7),Hereford United FC (1924-2014) (25),2-1,?,Northampton Town FC (27)
?,(Sat) 20 Feb 1982 (7),Mansfield Town FC (28),1-0,?,Aldershot Town FC (27)
?,(Mon) 22 Feb 1982 (8),York City FC (26),2-0,?,Port Vale FC (29)
?,(Tue) 23 Feb 1982 (8),Tranmere Rovers FC (29),1-2,?,Peterborough United FC (27)
?,(Tue) 23 Feb 1982 (8),Aldershot Town FC (28),2-1,?,Northampton Town FC (28)
?,(Tue) 23 Feb 1982 (8),AFC Bournemouth (28),1-0,?,Mansfield Town FC (29)
?,(Wed) 24 Feb 1982 (8),Bradford City AFC (27),1-1,?,Bury FC (28)
?,(Wed) 24 Feb 1982 (8),Torquay United FC (28),1-1,?,Crewe Alexandra FC (27)
?,(Fri) 26 Feb 1982 (8),Stockport County FC (27),0-1,?,Wigan Athletic FC (29)
?,(Fri) 26 Feb 1982 (8),Colchester United FC (27),3-2,?,Rochdale AFC (27)
?,(Sat) 27 Feb 1982 (8),Hull City AFC (26),2-0,?,Mansfield Town FC (30)
?,(Sat) 27 Feb 1982 (8),Peterborough United FC (28),4-4,?,Hartlepool United FC (29)
?,(Sat) 27 Feb 1982 (8),Bury FC (29),4-0,?,Tranmere Rovers FC (30)
?,(Sat) 27 Feb 1982 (8),Sheffield United FC (28),2-1,?,Port Vale FC (30)
?,(Sat) 27 Feb 1982 (8),Torquay United FC (29),1-1,?,Blackpool FC (28)
?,(Sat) 27 Feb 1982 (8),Northampton Town FC (29),1-0,?,AFC Bournemouth (29)
?,(Sat) 27 Feb 1982 (8),FC Halifax Town (28),1-2,?,Hereford United FC (1924-2014) (26)
?,(Sun) 28 Feb 1982 (8),Aldershot Town FC (29),0-2,?,Bradford City AFC (28)
?,(Sun) 28 Feb 1982 (8),Scunthorpe United FC (28),0-1,?,Crewe Alexandra FC (28)
?,(Sun) 28 Feb 1982 (8),Darlington FC (29),3-1,?,York City FC (27)
?,(Tue) 2 Mar 1982 (9),Tranmere Rovers FC (31),2-1,?,Colchester United FC (28)
?,(Tue) 2 Mar 1982 (9),Northampton Town FC (30),2-1,?,Rochdale AFC (28)
?,(Tue) 2 Mar 1982 (9),Hull City AFC (27),2-0,?,FC Halifax Town (29)
?,(Wed) 3 Mar 1982 (9),Blackpool FC (29),1-0,?,Bradford City AFC (29)
?,(Fri) 5 Mar 1982 (9),York City FC (28),3-0,?,Colchester United FC (29)
?,(Sat) 6 Mar 1982 (9),Hereford United FC (1924-2014) (27),2-1,?,Scunthorpe United FC (29)
?,(Sat) 6 Mar 1982 (9),Crewe Alexandra FC (29),0-2,?,Stockport County FC (28)
?,(Sat) 6 Mar 1982 (9),AFC Bournemouth (30),1-1,?,Peterborough United FC (29)
?,(Sat) 6 Mar 1982 (9),Wigan Athletic FC (30),2-1,?,Hull City AFC (28)
?,(Sat) 6 Mar 1982 (9),Hartlepool United FC (30),2-3,?,Sheffield United FC (29)
?,(Sat) 6 Mar 1982 (9),Port Vale FC (31),0-0,?,Bury FC (30)
?,(Sat) 6 Mar 1982 (9),Tranmere Rovers FC (32),1-1,?,Torquay United FC (30)
?,(Sat) 6 Mar 1982 (9),Blackpool FC (30),0-2,?,Aldershot Town FC (30)
?,(Sat) 6 Mar 1982 (9),Mansfield Town FC (31),2-3,?,Darlington FC (30)
?,(Sun) 7 Mar 1982 (9),Bradford City AFC (30),2-1,?,Northampton Town FC (31)
?,(Mon) 8 Mar 1982 (10),Mansfield Town FC (32),1-1,?,Sheffield United FC (30)
?,(Tue) 9 Mar 1982 (10),Hull City AFC (29),2-0,?,Scunthorpe United FC (30)
?,(Tue) 9 Mar 1982 (10),Wigan Athletic FC (31),3-2,?,Bury FC (31)
?,(Tue) 9 Mar 1982 (10),Rochdale AFC (29),1-0,?,Crewe Alexandra FC (30)
?,(Tue) 9 Mar 1982 (10),FC Halifax Town (30),3-3,?,Darlington FC (31)
?,(Tue) 9 Mar 1982 (10),Northampton Town FC (32),2-0,?,Torquay United FC (31)
?,(Tue) 9 Mar 1982 (10),AFC Bournemouth (31),2-2,?,Aldershot Town FC (31)
?,(Wed) 10 Mar 1982 (10),Peterborough United FC (30),1-0,?,Port Vale FC (32)
?,(Wed) 10 Mar 1982 (10),Hartlepool United FC (31),0-0,?,Tranmere Rovers FC (33)
?,(Wed) 10 Mar 1982 (10),Blackpool FC (31),3-1,?,York City FC (29)
?,(Wed) 10 Mar 1982 (10),Hereford United FC (1924-2014) (28),2-2,?,Colchester United FC (30)
?,(Wed) 10 Mar 1982 (10),Bradford City AFC (31),5-1,?,Stockport County FC (29)
?,(Fri) 12 Mar 1982 (10),Aldershot Town FC (32),0-3,?,Hull City AFC (30)
?,(Fri) 12 Mar 1982 (10),Scunthorpe United FC (31),2-7,?,Wigan Athletic FC (32)
?,(Fri) 12 Mar 1982 (10),Colchester United FC (31),1-1,?,FC Halifax Town (31)
?,(Fri) 12 Mar 1982 (10),Stockport County FC (30),0-4,?,Rochdale AFC (30)
?,(Sat) 13 Mar 1982 (10),Port Vale FC (33),2-0,?,Blackpool FC (32)
?,(Sat) 13 Mar 1982 (10),Tranmere Rovers FC (34),0-2,?,Northampton Town FC (33)
?,(Sat) 13 Mar 1982 (10),Crewe Alexandra FC (31),0-2,?,Mansfield Town FC (33)
?,(Sat) 13 Mar 1982 (10),Torquay United FC (32),1-1,?,Hartlepool United FC (32)
?,(Sat) 13 Mar 1982 (10),York City FC (30),4-3,?,Peterborough United FC (31)
?,(Sat) 13 Mar 1982 (10),Bury FC (32),2-2,?,AFC Bournemouth (32)
?,(Sun) 14 Mar 1982 (10),Darlington FC (32),0-1,?,Hereford United FC (1924-2014) (29)
?,(Mon) 15 Mar 1982 (11),Port Vale FC (34),1-1,?,Bradford City AFC (32)
?,(Mon) 15 Mar 1982 (11),Stockport County FC (31),1-1,?,Hereford United FC (1924-2014) (30)
?,(Tue) 16 Mar 1982 (11),Sheffield United FC (31),7-3,?,Northampton Town FC (34)
?,(Tue) 16 Mar 1982 (11),Crewe Alexandra FC (32),1-2,?,Hartlepool United FC (33)
?,(Tue) 16 Mar 1982 (11),Scunthorpe United FC (32),0-2,?,AFC Bournemouth (33)
?,(Tue) 16 Mar 1982 (11),Aldershot Town FC (33),0-1,?,Peterborough United FC (32)
?,(Tue) 16 Mar 1982 (11),Colchester United FC (32),0-1,?,Mansfield Town FC (34)
?,(Tue) 16 Mar 1982 (11),York City FC (31),1-3,?,Hull City AFC (31)
?,(Tue) 16 Mar 1982 (11),Tranmere Rovers FC (35),2-0,?,Rochdale AFC (31)
?,(Tue) 16 Mar 1982 (11),Darlington FC (33),3-1,?,Wigan Athletic FC (33)
?,(Sat) 20 Mar 1982 (11),FC Halifax Town (32),2-1,?,Crewe Alexandra FC (33)
?,(Sat) 20 Mar 1982 (11),Hereford United FC (1924-2014) (31),2-1,?,York City FC (32)
?,(Sat) 20 Mar 1982 (11),Peterborough United FC (33),2-1,?,Scunthorpe United FC (33)
?,(Sat) 20 Mar 1982 (11),AFC Bournemouth (34),1-1,?,Tranmere Rovers FC (36)
?,(Sat) 20 Mar 1982 (11),Hull City AFC (32),3-1,?,Port Vale FC (35)
?,(Sat) 20 Mar 1982 (11),Wigan Athletic FC (34),3-2,?,Colchester United FC (33)
?,(Sat) 20 Mar 1982 (11),Blackpool FC (33),0-1,?,Sheffield United FC (32)
?,(Sat) 20 Mar 1982 (11),Hartlepool United FC (34),2-2,?,Aldershot Town FC (34)
?,(Sat) 20 Mar 1982 (11),Mansfield Town FC (35),2-2,?,Stockport County FC (32)
?,(Sat) 20 Mar 1982 (11),Rochdale AFC (32),3-2,?,Darlington FC (34)
?,(Sat) 20 Mar 1982 (11),Northampton Town FC (35),1-0,?,Bury FC (33)
?,(Sun) 21 Mar 1982 (11),Bradford City AFC (33),3-0,?,Torquay United FC (33)
?,(Mon) 22 Mar 1982 (12),Stockport County FC (33),0-0,?,Colchester United FC (34)
?,(Tue) 23 Mar 1982 (12),Darlington FC (35),2-1,?,Hull City AFC (33)
?,(Tue) 23 Mar 1982 (12),FC Halifax Town (33),0-0,?,Bradford City AFC (34)
?,(Tue) 23 Mar 1982 (12),Northampton Town FC (36),5-0,?,York City FC (33)
?,(Tue) 23 Mar 1982 (12),Sheffield United FC (33),1-0,?,Wigan Athletic FC (35)
?,(Tue) 23 Mar 1982 (12),Crewe Alexandra FC (34),1-0,?,Hereford United FC (1924-2014) (32)
?,(Tue) 23 Mar 1982 (12),Scunthorpe United FC (34),1-1,?,Aldershot Town FC (35)
?,(Wed) 24 Mar 1982 (12),Peterborough United FC (34),1-0,?,Torquay United FC (34)
?,(Fri) 26 Mar 1982 (12),York City FC (34),3-1,?,Scunthorpe United FC (35)
?,(Fri) 26 Mar 1982 (12),Colchester United FC (35),2-0,?,Hull City AFC (34)
?,(Fri) 26 Mar 1982 (12),Stockport County FC (34),1-0,?,Darlington FC (36)
?,(Sat) 27 Mar 1982 (12),Blackpool FC (34),2-2,?,Peterborough United FC (35)
?,(Sat) 27 Mar 1982 (12),Hereford United FC (1924-2014) (33),3-0,?,Wigan Athletic FC (36)
?,(Sat) 27 Mar 1982 (12),Torquay United FC (35),2-1,?,Rochdale AFC (33)
?,(Sat) 27 Mar 1982 (12),Hartlepool United FC (35),0-2,?,Bradford City AFC (35)
?,(Sat) 27 Mar 1982 (12),Mansfield Town FC (36),3-2,?,FC Halifax Town (34)
?,(Sat) 27 Mar 1982 (12),Crewe Alexandra FC (35),2-2,?,Northampton Town FC (37)
?,(Sat) 27 Mar 1982 (12),Tranmere Rovers FC (37),2-2,?,Sheffield United FC (34)
?,(Sat) 27 Mar 1982 (12),Bury FC (34),1-1,?,Aldershot Town FC (36)
?,(Sat) 27 Mar 1982 (12),Port Vale FC (36),1-1,?,AFC Bournemouth (35)
?,(Tue) 30 Mar 1982 (13),Colchester United FC (36),1-1,?,Crewe Alexandra FC (36)
?,(Tue) 30 Mar 1982 (13),Wigan Athletic FC (37),2-1,?,Blackpool FC (35)
?,(Tue) 30 Mar 1982 (13),Scunthorpe United FC (36),0-0,?,Stockport County FC (35)
?,(Tue) 30 Mar 1982 (13),Sheffield United FC (35),1-1,?,Bradford City AFC (36)
?,(Wed) 31 Mar 1982 (13),Hereford United FC (1924-2014) (34),1-2,?,AFC Bournemouth (36)
?,(Wed) 31 Mar 1982 (13),Hartlepool United FC (36),1-1,?,Rochdale AFC (34)
?,(Fri) 2 Apr 1982 (13),Scunthorpe United FC (37),2-1,?,Colchester United FC (37)
?,(Fri) 2 Apr 1982 (13),FC Halifax Town (35),4-1,?,Stockport County FC (36)
?,(Fri) 2 Apr 1982 (13),Wigan Athletic FC (38),4-2,?,York City FC (35)
?,(Sat) 3 Apr 1982 (13),Rochdale AFC (35),1-1,?,Mansfield Town FC (37)
?,(Sat) 3 Apr 1982 (13),Bradford City AFC (37),1-1,?,Tranmere Rovers FC (38)
?,(Sat) 3 Apr 1982 (13),Aldershot Town FC (37),1-2,?,Port Vale FC (37)
?,(Sat) 3 Apr 1982 (13),AFC Bournemouth (37),1-0,?,Blackpool FC (36)
?,(Sat) 3 Apr 1982 (13),Peterborough United FC (36),1-0,?,Bury FC (35)
?,(Sat) 3 Apr 1982 (13),Sheffield United FC (36),4-1,?,Torquay United FC (36)
?,(Sat) 3 Apr 1982 (13),Hull City AFC (35),2-1,?,Hereford United FC (1924-2014) (35)
?,(Sat) 3 Apr 1982 (13),Northampton Town FC (38),2-1,?,Hartlepool United FC (37)
?,(Sun) 4 Apr 1982 (13),Darlington FC (37),1-0,?,Crewe Alexandra FC (37)
?,(Mon) 5 Apr 1982 (14),Mansfield Town FC (38),0-2,?,York City FC (36)
?,(Tue) 6 Apr 1982 (14),Rochdale AFC (36),0-1,?,Hull City AFC (36)
?,(Tue) 6 Apr 1982 (14),Aldershot Town FC (38),1-1,?,Stockport County FC (37)
?,(Tue) 6 Apr 1982 (14),Bury FC (36),1-1,?,Hereford United FC (1924-2014) (36)
?,(Fri) 9 Apr 1982 (14),Blackpool FC (37),1-2,?,Wigan Athletic FC (39)
?,(Sat) 10 Apr 1982 (14),Colchester United FC (38),1-2,?,AFC Bournemouth (38)
?,(Sat) 10 Apr 1982 (14),York City FC (37),2-1,?,Mansfield Town FC (39)
?,(Sat) 10 Apr 1982 (14),Tranmere Rovers FC (39),3-1,?,Blackpool FC (38)
?,(Sat) 10 Apr 1982 (14),Hull City AFC (37),1-3,?,Darlington FC (38)
?,(Sat) 10 Apr 1982 (14),Hereford United FC (1924-2014) (37),1-0,?,Port Vale FC (38)
?,(Sat) 10 Apr 1982 (14),Scunthorpe United FC (38),1-0,?,Rochdale AFC (37)
?,(Sat) 10 Apr 1982 (14),Bradford City AFC (38),5-2,?,FC Halifax Town (36)
?,(Sat) 10 Apr 1982 (14),Hartlepool United FC (38),2-2,?,Stockport County FC (38)
?,(Sat) 10 Apr 1982 (14),Wigan Athletic FC (40),3-0,?,Crewe Alexandra FC (38)
?,(Sat) 10 Apr 1982 (14),Torquay United FC (37),1-2,?,Peterborough United FC (37)
?,(Sat) 10 Apr 1982 (14),Sheffield United FC (37),1-1,?,Bury FC (37)
?,(Sat) 10 Apr 1982 (14),Northampton Town FC (39),0-0,?,Aldershot Town FC (39)
?,(Mon) 12 Apr 1982 (15),Aldershot Town FC (40),2-2,?,Hereford United FC (1924-2014) (38)
?,(Mon) 12 Apr 1982 (15),Bury FC (38),1-1,?,Bradford City AFC (39)
?,(Mon) 12 Apr 1982 (15),Stockport County FC (39),1-2,?,Hull City AFC (38)
?,(Mon) 12 Apr 1982 (15),Rochdale AFC (38),2-0,?,York City FC (38)
?,(Mon) 12 Apr 1982 (15),FC Halifax Town (37),1-5,?,Sheffield United FC (38)
?,(Mon) 12 Apr 1982 (15),Darlington FC (39),5-2,?,Hartlepool United FC (39)
?,(Mon) 12 Apr 1982 (15),Port Vale FC (39),1-0,?,Northampton Town FC (40)
?,(Mon) 12 Apr 1982 (15),Crewe Alexandra FC (39),1-1,?,Tranmere Rovers FC (40)
?,(Tue) 13 Apr 1982 (15),Peterborough United FC (38),2-2,?,Colchester United FC (39)
?,(Tue) 13 Apr 1982 (15),Mansfield Town FC (40),1-1,?,Scunthorpe United FC (39)
?,(Tue) 13 Apr 1982 (15),AFC Bournemouth (39),4-0,?,Torquay United FC (38)
?,(Wed) 14 Apr 1982 (15),FC Halifax Town (38),2-2,?,Hull City AFC (39)
?,(Fri) 16 Apr 1982 (15),Stockport County FC (40),4-1,?,York City FC (39)
?,(Sat) 17 Apr 1982 (15),Port Vale FC (40),2-1,?,Scunthorpe United FC (40)
?,(Sat) 17 Apr 1982 (15),Crewe Alexandra FC (40),1-1,?,Hull City AFC (40)
?,(Sat) 17 Apr 1982 (15),Rochdale AFC (39),0-1,?,Hereford United FC (1924-2014) (39)
?,(Sat) 17 Apr 1982 (15),Blackpool FC (39),0-0,?,Colchester United FC (40)
?,(Sat) 17 Apr 1982 (15),FC Halifax Town (39),0-0,?,Wigan Athletic FC (41)
?,(Sat) 17 Apr 1982 (15),Bury FC (39),0-1,?,Torquay United FC (39)
?,(Sat) 17 Apr 1982 (15),AFC Bournemouth (40),5-1,?,Hartlepool United FC (40)
?,(Sat) 17 Apr 1982 (15),Peterborough United FC (39),2-0,?,Bradford City AFC (40)
?,(Sat) 17 Apr 1982 (15),Aldershot Town FC (41),1-1,?,Sheffield United FC (39)
?,(Sat) 17 Apr 1982 (15),Darlington FC (40),3-0,?,Northampton Town FC (41)
?,(Sat) 17 Apr 1982 (15),Mansfield Town FC (41),3-0,?,Tranmere Rovers FC (41)
?,(Tue) 20 Apr 1982 (16),Rochdale AFC (40),1-1,?,Scunthorpe United FC (41)
?,(Tue) 20 Apr 1982 (16),Hull City AFC (41),0-0,?,Stockport County FC (41)
?,(Tue) 20 Apr 1982 (16),Northampton Town FC (42),0-1,?,FC Halifax Town (40)
?,(Wed) 21 Apr 1982 (16),Peterborough United FC (40),0-4,?,Sheffield United FC (40)
?,(Wed) 21 Apr 1982 (16),Hereford United FC (1924-2014) (40),2-1,?,Blackpool FC (40)
?,(Fri) 23 Apr 1982 (16),York City FC (40),6-0,?,Crewe Alexandra FC (41)
?,(Sat) 24 Apr 1982 (16),Colchester United FC (41),1-0,?,Darlington FC (41)
?,(Sat) 24 Apr 1982 (16),Bradford City AFC (41),1-0,?,Blackpool FC (41)
?,(Sat) 24 Apr 1982 (16),Tranmere Rovers FC (42),1-0,?,Aldershot Town FC (42)
?,(Sat) 24 Apr 1982 (16),Wigan Athletic FC (42),1-1,?,Rochdale AFC (41)
?,(Sat) 24 Apr 1982 (16),Hartlepool United FC (41),3-1,?,Port Vale FC (41)
?,(Sat) 24 Apr 1982 (16),Scunthorpe United FC (42),0-0,?,FC Halifax Town (41)
?,(Sat) 24 Apr 1982 (16),Hereford United FC (1924-2014) (41),3-1,?,Mansfield Town FC (42)
?,(Sat) 24 Apr 1982 (16),Torquay United FC (40),1-0,?,Stockport County FC (42)
?,(Sat) 24 Apr 1982 (16),Northampton Town FC (43),1-0,?,Peterborough United FC (41)
?,(Sat) 24 Apr 1982 (16),Sheffield United FC (41),0-0,?,AFC Bournemouth (41)
?,(Sat) 24 Apr 1982 (16),Hull City AFC (42),3-2,?,Bury FC (40)
?,(Mon) 26 Apr 1982 (17),Port Vale FC (42),1-1,?,Hereford United FC (1924-2014) (42)
?,(Mon) 26 Apr 1982 (17),Crewe Alexandra FC (42),0-1,?,Bradford City AFC (42)
?,(Tue) 27 Apr 1982 (17),Bury FC (41),1-1,?,Sheffield United FC (42)
?,(Tue) 27 Apr 1982 (17),Torquay United FC (41),2-2,?,FC Halifax Town (42)
?,(Tue) 27 Apr 1982 (17),York City FC (41),1-2,?,Rochdale AFC (42)
?,(Tue) 27 Apr 1982 (17),Colchester United FC (42),1-1,?,Peterborough United FC (42)
?,(Wed) 28 Apr 1982 (17),Hartlepool United FC (42),2-2,?,Blackpool FC (42)
?,(Fri) 30 Apr 1982 (17),Stockport County FC (43),0-0,?,Northampton Town FC (44)
?,(Fri) 30 Apr 1982 (17),Darlington FC (42),1-2,?,Tranmere Rovers FC (43)
?,(Sat) 1 May 1982 (17),Port Vale FC (43),0-0,?,York City FC (42)
?,(Sat) 1 May 1982 (17),Aldershot Town FC (43),4-0,?,Scunthorpe United FC (43)
?,(Sat) 1 May 1982 (17),Mansfield Town FC (43),3-1,?,Torquay United FC (42)
?,(Sat) 1 May 1982 (17),Bury FC (42),4-3,?,Colchester United FC (43)
?,(Sat) 1 May 1982 (17),Crewe Alexandra FC (43),2-3,?,Sheffield United FC (43)
?,(Sat) 1 May 1982 (17),Peterborough United FC (43),0-3,?,Wigan Athletic FC (43)
?,(Sat) 1 May 1982 (17),Blackpool FC (43),1-0,?,Hereford United FC (1924-2014) (43)
?,(Sat) 1 May 1982 (17),FC Halifax Town (43),2-0,?,Hartlepool United FC (43)
?,(Sat) 1 May 1982 (17),Rochdale AFC (43),1-1,?,Bradford City AFC (43)
?,(Sat) 1 May 1982 (17),AFC Bournemouth (42),1-0,?,Hull City AFC (43)
?,(Mon) 3 May 1982 (18),Colchester United FC (44),1-0,?,Port Vale FC (44)
?,(Tue) 4 May 1982 (18),Sheffield United FC (44),3-1,?,Rochdale AFC (44)
?,(Tue) 4 May 1982 (18),Scunthorpe United FC (44),2-2,?,Bury FC (43)
?,(Tue) 4 May 1982 (18),FC Halifax Town (44),2-1,?,Northampton Town FC (45)
?,(Tue) 4 May 1982 (18),Tranmere Rovers FC (44),2-0,?,Stockport County FC (44)
?,(Tue) 4 May 1982 (18),York City FC (43),4-0,?,Aldershot Town FC (44)
?,(Tue) 4 May 1982 (18),Wigan Athletic FC (44),0-0,?,AFC Bournemouth (43)
?,(Tue) 4 May 1982 (18),Hull City AFC (44),1-0,?,Blackpool FC (44)
?,(Wed) 5 May 1982 (18),Hereford United FC (1924-2014) (44),2-1,?,Peterborough United FC (44)
?,(Wed) 5 May 1982 (18),Hartlepool United FC (44),3-0,?,Mansfield Town FC (44)
?,(Wed) 5 May 1982 (18),Bradford City AFC (44),4-1,?,Crewe Alexandra FC (44)
?,(Wed) 5 May 1982 (18),Torquay United FC (43),1-2,?,Darlington FC (43)
?,(Fri) 7 May 1982 (18),York City FC (44),4-0,?,FC Halifax Town (45)
?,(Fri) 7 May 1982 (18),Colchester United FC (45),0-1,?,Stockport County FC (45)
?,(Sat) 8 May 1982 (18),Torquay United FC (44),2-1,?,Aldershot Town FC (45)
?,(Sat) 8 May 1982 (18),Bradford City AFC (45),2-2,?,AFC Bournemouth (44)
?,(Sat) 8 May 1982 (18),Scunthorpe United FC (45),1-1,?,Darlington FC (44)
?,(Sat) 8 May 1982 (18),Hereford United FC (1924-2014) (45),4-1,?,Crewe Alexandra FC (45)
?,(Sat) 8 May 1982 (18),Tranmere Rovers FC (45),1-2,?,Port Vale FC (45)
?,(Sat) 8 May 1982 (18),Sheffield United FC (45),4-0,?,Peterborough United FC (45)
?,(Sat) 8 May 1982 (18),Hull City AFC (45),2-1,?,Rochdale AFC (45)
?,(Sat) 8 May 1982 (18),Wigan Athletic FC (45),3-1,?,Mansfield Town FC (45)
?,(Sat) 8 May 1982 (18),Hartlepool United FC (45),1-0,?,Bury FC (44)
?,(Tue) 11 May 1982 (19),Hull City AFC (46),0-0,?,AFC Bournemouth (45)
?,(Tue) 11 May 1982 (19),FC Halifax Town (46),0-0,?,York City FC (45)
?,(Fri) 14 May 1982 (19),Stockport County FC (46),1-1,?,Scunthorpe United FC (46)
?,(Sat) 15 May 1982 (19),AFC Bournemouth (46),1-1,?,Hereford United FC (1924-2014) (46)
?,(Sat) 15 May 1982 (19),Bury FC (45),3-1,?,York City FC (46)
?,(Sat) 15 May 1982 (19),Darlington FC (45),0-2,?,Sheffield United FC (46)
?,(Sat) 15 May 1982 (19),Port Vale FC (46),2-0,?,Torquay United FC (45)
?,(Sat) 15 May 1982 (19),Blackpool FC (45),2-2,?,Hartlepool United FC (46)
?,(Sat) 15 May 1982 (19),Aldershot Town FC (46),2-0,?,Wigan Athletic FC (46)
?,(Sat) 15 May 1982 (19),Crewe Alexandra FC (46),1-3,?,Colchester United FC (46)
?,(Sat) 15 May 1982 (19),Peterborough United FC (46),1-2,?,Tranmere Rovers FC (46)
?,(Sat) 15 May 1982 (19),Mansfield Town FC (46),0-2,?,Bradford City AFC (46)
?,(Sat) 15 May 1982 (19),Rochdale AFC (46),5-3,?,Northampton Town FC (46)
?,(Tue) 18 May 1982 (20),Darlington FC (46),1-1,?,Torquay United FC (46)
?,(Tue) 18 May 1982 (20),Bury FC (46),0-1,?,Blackpool FC (46)
