Round,Date,Team 1,FT,HT,Team 2
?,(Sat) 27 Aug 1927 (34),Norwich City FC (1),4-1,?,Crystal Palace FC (1)
?,(Sat) 27 Aug 1927 (34),Charlton Athletic FC (1),1-0,?,Gillingham FC (1)
?,(Sat) 27 Aug 1927 (34),Southend United FC (1),1-0,?,Luton Town FC (1)
?,(Sat) 27 Aug 1927 (34),AFC Bournemouth (1),2-0,?,Swindon Town FC (1)
?,(Sat) 27 Aug 1927 (34),Plymouth Argyle FC (1),5-0,?,Merthyr Town FC (1)
?,(Sat) 27 Aug 1927 (34),Watford FC (1),3-1,?,Coventry City FC (1)
?,(Sat) 27 Aug 1927 (34),Northampton Town FC (1),5-2,?,Millwall FC (1)
?,(Sat) 27 Aug 1927 (34),Bristol Rovers FC (1),5-2,?,Walsall FC (1)
?,(Sat) 27 Aug 1927 (34),Brighton & Hove Albion FC (1),5-2,?,Brentford FC (1)
?,(Sat) 27 Aug 1927 (34),Torquay United FC (1),1-1,?,Exeter City FC (1)
?,(Sat) 27 Aug 1927 (34),Queens Park Rangers FC (1),4-2,?,Newport County AFC (1)
?,(Mon) 29 Aug 1927 (35),Crystal Palace FC (2),2-0,?,Exeter City FC (2)
?,(Mon) 29 Aug 1927 (35),Brentford FC (2),3-0,?,Northampton Town FC (2)
?,(Mon) 29 Aug 1927 (35),Merthyr Town FC (2),0-0,?,Charlton Athletic FC (2)
?,(Mon) 29 Aug 1927 (35),Walsall FC (2),2-0,?,Watford FC (2)
?,(Mon) 29 Aug 1927 (35),Swindon Town FC (2),6-0,?,Coventry City FC (2)
?,(Mon) 29 Aug 1927 (35),Luton Town FC (2),1-3,?,Norwich City FC (2)
?,(Mon) 29 Aug 1927 (35),Millwall FC (2),9-1,?,Torquay United FC (2)
?,(Wed) 31 Aug 1927 (35),AFC Bournemouth (2),2-3,?,Southend United FC (2)
?,(Wed) 31 Aug 1927 (35),Plymouth Argyle FC (2),4-1,?,Bristol Rovers FC (2)
?,(Thu) 1 Sep 1927 (35),Newport County AFC (2),3-1,?,Brighton & Hove Albion FC (2)
?,(Thu) 1 Sep 1927 (35),Queens Park Rangers FC (2),3-3,?,Gillingham FC (2)
?,(Sat) 3 Sep 1927 (35),Crystal Palace FC (3),1-0,?,Northampton Town FC (3)
?,(Sat) 3 Sep 1927 (35),Walsall FC (3),2-1,?,Plymouth Argyle FC (3)
?,(Sat) 3 Sep 1927 (35),Newport County AFC (3),3-2,?,Watford FC (3)
?,(Sat) 3 Sep 1927 (35),Millwall FC (3),5-1,?,Southend United FC (3)
?,(Sat) 3 Sep 1927 (35),Brentford FC (3),2-1,?,AFC Bournemouth (3)
?,(Sat) 3 Sep 1927 (35),Swindon Town FC (3),0-2,?,Queens Park Rangers FC (3)
?,(Sat) 3 Sep 1927 (35),Merthyr Town FC (3),1-3,?,Torquay United FC (3)
?,(Sat) 3 Sep 1927 (35),Luton Town FC (3),2-5,?,Brighton & Hove Albion FC (3)
?,(Sat) 3 Sep 1927 (35),Coventry City FC (3),3-3,?,Charlton Athletic FC (3)
?,(Sat) 3 Sep 1927 (35),Gillingham FC (3),3-1,?,Bristol Rovers FC (3)
?,(Sat) 3 Sep 1927 (35),Exeter City FC (3),2-2,?,Norwich City FC (3)
?,(Mon) 5 Sep 1927 (36),Coventry City FC (4),4-0,?,Swindon Town FC (4)
?,(Mon) 5 Sep 1927 (36),Norwich City FC (4),3-0,?,Luton Town FC (4)
?,(Mon) 5 Sep 1927 (36),Northampton Town FC (4),3-2,?,Brentford FC (4)
?,(Wed) 7 Sep 1927 (36),Watford FC (4),4-0,?,Walsall FC (4)
?,(Wed) 7 Sep 1927 (36),Bristol Rovers FC (4),3-1,?,Plymouth Argyle FC (4)
?,(Wed) 7 Sep 1927 (36),Gillingham FC (4),1-2,?,Queens Park Rangers FC (4)
?,(Wed) 7 Sep 1927 (36),Torquay United FC (4),0-1,?,Millwall FC (4)
?,(Wed) 7 Sep 1927 (36),Southend United FC (4),3-0,?,AFC Bournemouth (4)
?,(Wed) 7 Sep 1927 (36),Exeter City FC (4),2-2,?,Crystal Palace FC (4)
?,(Sat) 10 Sep 1927 (36),Plymouth Argyle FC (5),2-2,?,Gillingham FC (5)
?,(Sat) 10 Sep 1927 (36),Watford FC (5),2-5,?,Swindon Town FC (5)
?,(Sat) 10 Sep 1927 (36),Southend United FC (5),6-1,?,Crystal Palace FC (5)
?,(Sat) 10 Sep 1927 (36),Northampton Town FC (5),5-0,?,Exeter City FC (5)
?,(Sat) 10 Sep 1927 (36),Brighton & Hove Albion FC (4),3-1,?,Millwall FC (5)
?,(Sat) 10 Sep 1927 (36),Bristol Rovers FC (5),1-1,?,Coventry City FC (5)
?,(Sat) 10 Sep 1927 (36),Norwich City FC (5),4-0,?,Torquay United FC (5)
?,(Sat) 10 Sep 1927 (36),Queens Park Rangers FC (5),2-3,?,Brentford FC (5)
?,(Sat) 10 Sep 1927 (36),AFC Bournemouth (5),2-2,?,Luton Town FC (5)
?,(Sat) 10 Sep 1927 (36),Merthyr Town FC (4),3-2,?,Walsall FC (5)
?,(Sat) 10 Sep 1927 (36),Charlton Athletic FC (4),3-2,?,Newport County AFC (4)
?,(Wed) 14 Sep 1927 (37),Brighton & Hove Albion FC (5),1-4,?,Newport County AFC (5)
?,(Wed) 14 Sep 1927 (37),Bristol Rovers FC (6),1-3,?,Brentford FC (6)
?,(Sat) 17 Sep 1927 (37),Exeter City FC (6),3-2,?,Southend United FC (6)
?,(Sat) 17 Sep 1927 (37),Millwall FC (6),2-0,?,AFC Bournemouth (6)
?,(Sat) 17 Sep 1927 (37),Gillingham FC (6),1-1,?,Merthyr Town FC (5)
?,(Sat) 17 Sep 1927 (37),Queens Park Rangers FC (6),2-1,?,Watford FC (6)
?,(Sat) 17 Sep 1927 (37),Torquay United FC (6),1-5,?,Northampton Town FC (6)
?,(Sat) 17 Sep 1927 (37),Newport County AFC (6),3-1,?,Bristol Rovers FC (7)
?,(Sat) 17 Sep 1927 (37),Walsall FC (6),1-1,?,Norwich City FC (6)
?,(Sat) 17 Sep 1927 (37),Swindon Town FC (6),2-2,?,Charlton Athletic FC (5)
?,(Sat) 17 Sep 1927 (37),Crystal Palace FC (6),1-1,?,Brighton & Hove Albion FC (6)
?,(Sat) 17 Sep 1927 (37),Coventry City FC (6),1-1,?,Plymouth Argyle FC (6)
?,(Sat) 17 Sep 1927 (37),Luton Town FC (6),5-2,?,Brentford FC (7)
?,(Mon) 19 Sep 1927 (38),Charlton Athletic FC (6),0-0,?,Merthyr Town FC (6)
?,(Wed) 21 Sep 1927 (38),AFC Bournemouth (7),1-2,?,Queens Park Rangers FC (7)
?,(Sat) 24 Sep 1927 (38),Charlton Athletic FC (7),1-0,?,Queens Park Rangers FC (8)
?,(Sat) 24 Sep 1927 (38),AFC Bournemouth (8),2-2,?,Crystal Palace FC (7)
?,(Sat) 24 Sep 1927 (38),Brighton & Hove Albion FC (7),0-2,?,Exeter City FC (7)
?,(Sat) 24 Sep 1927 (38),Merthyr Town FC (7),3-2,?,Coventry City FC (7)
?,(Sat) 24 Sep 1927 (38),Walsall FC (7),7-4,?,Gillingham FC (7)
?,(Sat) 24 Sep 1927 (38),Plymouth Argyle FC (7),2-0,?,Newport County AFC (7)
?,(Sat) 24 Sep 1927 (38),Brentford FC (8),6-1,?,Millwall FC (7)
?,(Sat) 24 Sep 1927 (38),Watford FC (7),1-0,?,Luton Town FC (7)
?,(Sat) 24 Sep 1927 (38),Southend United FC (7),1-0,?,Torquay United FC (7)
?,(Sat) 24 Sep 1927 (38),Northampton Town FC (7),4-2,?,Norwich City FC (7)
?,(Sat) 1 Oct 1927 (39),Millwall FC (8),3-2,?,Luton Town FC (8)
?,(Sat) 1 Oct 1927 (39),Watford FC (8),1-2,?,Charlton Athletic FC (8)
?,(Sat) 1 Oct 1927 (39),Swindon Town FC (7),2-2,?,Plymouth Argyle FC (8)
?,(Sat) 1 Oct 1927 (39),Crystal Palace FC (8),0-2,?,Brentford FC (9)
?,(Sat) 1 Oct 1927 (39),Exeter City FC (8),4-1,?,AFC Bournemouth (9)
?,(Sat) 1 Oct 1927 (39),Coventry City FC (8),0-1,?,Walsall FC (8)
?,(Sat) 1 Oct 1927 (39),Newport County AFC (8),1-1,?,Merthyr Town FC (8)
?,(Sat) 1 Oct 1927 (39),Queens Park Rangers FC (9),4-2,?,Bristol Rovers FC (8)
?,(Sat) 1 Oct 1927 (39),Gillingham FC (8),1-3,?,Northampton Town FC (8)
?,(Sat) 1 Oct 1927 (39),Norwich City FC (8),2-1,?,Southend United FC (8)
?,(Sat) 1 Oct 1927 (39),Torquay United FC (8),1-1,?,Brighton & Hove Albion FC (8)
?,(Mon) 3 Oct 1927 (40),Merthyr Town FC (9),0-0,?,Millwall FC (9)
?,(Sat) 8 Oct 1927 (40),Charlton Athletic FC (9),1-1,?,Millwall FC (10)
?,(Sat) 8 Oct 1927 (40),Brentford FC (10),1-1,?,Exeter City FC (9)
?,(Sat) 8 Oct 1927 (40),AFC Bournemouth (10),1-1,?,Torquay United FC (9)
?,(Sat) 8 Oct 1927 (40),Brighton & Hove Albion FC (9),1-0,?,Norwich City FC (9)
?,(Sat) 8 Oct 1927 (40),Walsall FC (9),0-3,?,Newport County AFC (9)
?,(Sat) 8 Oct 1927 (40),Merthyr Town FC (10),8-2,?,Swindon Town FC (8)
?,(Sat) 8 Oct 1927 (40),Gillingham FC (9),1-2,?,Coventry City FC (9)
?,(Sat) 8 Oct 1927 (40),Plymouth Argyle FC (9),3-0,?,Queens Park Rangers FC (10)
?,(Sat) 8 Oct 1927 (40),Luton Town FC (9),6-1,?,Crystal Palace FC (9)
?,(Sat) 8 Oct 1927 (40),Bristol Rovers FC (9),3-1,?,Watford FC (9)
?,(Sat) 8 Oct 1927 (40),Southend United FC (9),2-0,?,Northampton Town FC (9)
?,(Sat) 15 Oct 1927 (41),Charlton Athletic FC (10),2-1,?,Bristol Rovers FC (10)
?,(Sat) 15 Oct 1927 (41),Coventry City FC (10),6-1,?,Southend United FC (10)
?,(Sat) 15 Oct 1927 (41),Northampton Town FC (10),1-0,?,Brighton & Hove Albion FC (10)
?,(Sat) 15 Oct 1927 (41),Crystal Palace FC (10),0-4,?,Millwall FC (11)
?,(Sat) 15 Oct 1927 (41),Queens Park Rangers FC (11),0-0,?,Merthyr Town FC (11)
?,(Sat) 15 Oct 1927 (41),Swindon Town FC (9),5-0,?,Walsall FC (10)
?,(Sat) 15 Oct 1927 (41),Exeter City FC (10),3-2,?,Luton Town FC (10)
?,(Sat) 15 Oct 1927 (41),Newport County AFC (10),1-1,?,Gillingham FC (10)
?,(Sat) 15 Oct 1927 (41),Norwich City FC (10),3-3,?,AFC Bournemouth (11)
?,(Sat) 15 Oct 1927 (41),Watford FC (10),1-2,?,Plymouth Argyle FC (10)
?,(Sat) 15 Oct 1927 (41),Torquay United FC (10),2-1,?,Brentford FC (11)
?,(Sat) 22 Oct 1927 (42),Brighton & Hove Albion FC (11),0-0,?,Walsall FC (11)
?,(Sat) 22 Oct 1927 (42),Brentford FC (12),4-1,?,Coventry City FC (11)
?,(Sat) 22 Oct 1927 (42),Norwich City FC (11),4-2,?,Bristol Rovers FC (11)
?,(Sat) 22 Oct 1927 (42),Crystal Palace FC (11),1-1,?,Queens Park Rangers FC (12)
?,(Sat) 22 Oct 1927 (42),Millwall FC (12),3-3,?,Swindon Town FC (10)
?,(Sat) 22 Oct 1927 (42),Exeter City FC (11),3-3,?,Watford FC (11)
?,(Sat) 22 Oct 1927 (42),Northampton Town FC (11),2-1,?,Plymouth Argyle FC (11)
?,(Sat) 22 Oct 1927 (42),Luton Town FC (11),1-1,?,Newport County AFC (11)
?,(Sat) 22 Oct 1927 (42),AFC Bournemouth (12),3-0,?,Gillingham FC (11)
?,(Sat) 22 Oct 1927 (42),Southend United FC (11),2-1,?,Merthyr Town FC (12)
?,(Sat) 22 Oct 1927 (42),Torquay United FC (11),1-2,?,Charlton Athletic FC (11)
?,(Sat) 29 Oct 1927 (43),Charlton Athletic FC (12),0-0,?,Exeter City FC (12)
?,(Sat) 29 Oct 1927 (43),Bristol Rovers FC (12),5-1,?,Torquay United FC (12)
?,(Sat) 29 Oct 1927 (43),Gillingham FC (12),0-1,?,Brighton & Hove Albion FC (12)
?,(Sat) 29 Oct 1927 (43),Newport County AFC (12),3-0,?,Brentford FC (13)
?,(Sat) 29 Oct 1927 (43),Plymouth Argyle FC (12),4-2,?,Norwich City FC (12)
?,(Sat) 29 Oct 1927 (43),Coventry City FC (12),3-2,?,AFC Bournemouth (13)
?,(Sat) 29 Oct 1927 (43),Queens Park Rangers FC (13),0-1,?,Millwall FC (13)
?,(Sat) 29 Oct 1927 (43),Watford FC (12),2-1,?,Crystal Palace FC (12)
?,(Sat) 29 Oct 1927 (43),Merthyr Town FC (13),1-3,?,Northampton Town FC (12)
?,(Sat) 29 Oct 1927 (43),Swindon Town FC (11),4-2,?,Luton Town FC (12)
?,(Sat) 29 Oct 1927 (43),Walsall FC (12),0-1,?,Southend United FC (12)
?,(Sat) 5 Nov 1927 (44),Millwall FC (14),4-2,?,Watford FC (13)
?,(Sat) 5 Nov 1927 (44),Exeter City FC (13),4-1,?,Bristol Rovers FC (13)
?,(Sat) 5 Nov 1927 (44),Northampton Town FC (13),10-0,?,Walsall FC (13)
?,(Sat) 5 Nov 1927 (44),Crystal Palace FC (13),5-0,?,Charlton Athletic FC (13)
?,(Sat) 5 Nov 1927 (44),Brighton & Hove Albion FC (13),3-0,?,Coventry City FC (13)
?,(Sat) 5 Nov 1927 (44),Norwich City FC (13),4-0,?,Merthyr Town FC (14)
?,(Sat) 5 Nov 1927 (44),AFC Bournemouth (14),0-0,?,Newport County AFC (13)
?,(Sat) 5 Nov 1927 (44),Brentford FC (14),1-4,?,Swindon Town FC (12)
?,(Sat) 5 Nov 1927 (44),Luton Town FC (13),0-1,?,Queens Park Rangers FC (14)
?,(Sat) 5 Nov 1927 (44),Torquay United FC (13),1-2,?,Plymouth Argyle FC (13)
?,(Sat) 5 Nov 1927 (44),Southend United FC (13),1-2,?,Gillingham FC (13)
?,(Sat) 12 Nov 1927 (45),Queens Park Rangers FC (15),0-1,?,Exeter City FC (14)
?,(Sat) 12 Nov 1927 (45),Merthyr Town FC (15),4-2,?,Brighton & Hove Albion FC (14)
?,(Sat) 12 Nov 1927 (45),Newport County AFC (14),1-3,?,Millwall FC (15)
?,(Sat) 12 Nov 1927 (45),Coventry City FC (14),4-2,?,Luton Town FC (14)
?,(Sat) 12 Nov 1927 (45),Swindon Town FC (13),3-3,?,Crystal Palace FC (14)
?,(Sat) 12 Nov 1927 (45),Gillingham FC (14),2-1,?,Brentford FC (15)
?,(Sat) 12 Nov 1927 (45),Plymouth Argyle FC (14),3-2,?,Southend United FC (14)
?,(Sat) 12 Nov 1927 (45),Bristol Rovers FC (14),2-2,?,Northampton Town FC (14)
?,(Sat) 12 Nov 1927 (45),Watford FC (14),1-2,?,Torquay United FC (14)
?,(Sat) 12 Nov 1927 (45),Charlton Athletic FC (14),3-2,?,Norwich City FC (14)
?,(Sat) 12 Nov 1927 (45),Walsall FC (14),2-3,?,AFC Bournemouth (15)
?,(Sat) 19 Nov 1927 (46),Southend United FC (15),2-1,?,Bristol Rovers FC (15)
?,(Sat) 19 Nov 1927 (46),Torquay United FC (15),1-0,?,Queens Park Rangers FC (16)
?,(Sat) 19 Nov 1927 (46),Luton Town FC (15),6-1,?,Gillingham FC (15)
?,(Sat) 19 Nov 1927 (46),Northampton Town FC (15),2-1,?,Charlton Athletic FC (15)
?,(Sat) 19 Nov 1927 (46),Brighton & Hove Albion FC (15),4-1,?,Plymouth Argyle FC (15)
?,(Sat) 19 Nov 1927 (46),Millwall FC (16),9-1,?,Coventry City FC (15)
?,(Sat) 19 Nov 1927 (46),AFC Bournemouth (16),2-1,?,Merthyr Town FC (16)
?,(Sat) 19 Nov 1927 (46),Crystal Palace FC (15),2-0,?,Newport County AFC (15)
?,(Sat) 19 Nov 1927 (46),Exeter City FC (15),0-0,?,Swindon Town FC (14)
?,(Sat) 19 Nov 1927 (46),Norwich City FC (15),1-1,?,Watford FC (15)
?,(Sat) 3 Dec 1927 (48),Luton Town FC (16),5-1,?,Merthyr Town FC (17)
?,(Sat) 3 Dec 1927 (48),Brighton & Hove Albion FC (16),2-2,?,Charlton Athletic FC (16)
?,(Sat) 3 Dec 1927 (48),Norwich City FC (16),1-3,?,Swindon Town FC (15)
?,(Sat) 3 Dec 1927 (48),Millwall FC (17),7-1,?,Walsall FC (15)
?,(Sat) 3 Dec 1927 (48),Torquay United FC (16),1-1,?,Newport County AFC (16)
?,(Sat) 3 Dec 1927 (48),AFC Bournemouth (17),4-3,?,Bristol Rovers FC (16)
?,(Sat) 3 Dec 1927 (48),Exeter City FC (16),0-1,?,Coventry City FC (16)
?,(Sat) 3 Dec 1927 (48),Brentford FC (16),0-2,?,Plymouth Argyle FC (16)
?,(Sat) 3 Dec 1927 (48),Northampton Town FC (16),1-0,?,Queens Park Rangers FC (17)
?,(Sat) 3 Dec 1927 (48),Southend United FC (16),3-0,?,Watford FC (16)
?,(Sat) 3 Dec 1927 (48),Crystal Palace FC (16),2-2,?,Gillingham FC (16)
?,(Mon) 5 Dec 1927 (49),Brentford FC (17),3-2,?,Walsall FC (16)
?,(Sat) 10 Dec 1927 (49),Merthyr Town FC (18),3-1,?,Brentford FC (18)
?,(Sat) 10 Dec 1927 (49),Coventry City FC (17),2-3,?,Watford FC (17)
?,(Sat) 10 Dec 1927 (49),Walsall FC (17),4-0,?,Torquay United FC (17)
?,(Sat) 10 Dec 1927 (49),Plymouth Argyle FC (17),3-2,?,Millwall FC (18)
?,(Sat) 17 Dec 1927 (50),Norwich City FC (17),0-2,?,Coventry City FC (18)
?,(Sat) 17 Dec 1927 (50),Northampton Town FC (17),1-2,?,Newport County AFC (17)
?,(Sat) 17 Dec 1927 (50),Crystal Palace FC (17),2-0,?,Merthyr Town FC (19)
?,(Sat) 17 Dec 1927 (50),Exeter City FC (17),3-0,?,Walsall FC (18)
?,(Sat) 17 Dec 1927 (50),Brentford FC (19),1-1,?,Charlton Athletic FC (17)
?,(Sat) 17 Dec 1927 (50),Millwall FC (19),2-0,?,Plymouth Argyle FC (18)
?,(Sat) 17 Dec 1927 (50),Torquay United FC (18),1-1,?,Gillingham FC (17)
?,(Sat) 17 Dec 1927 (50),Luton Town FC (17),2-0,?,Bristol Rovers FC (17)
?,(Sat) 17 Dec 1927 (50),AFC Bournemouth (18),1-0,?,Watford FC (18)
?,(Sat) 17 Dec 1927 (50),Brighton & Hove Albion FC (17),1-3,?,Queens Park Rangers FC (18)
?,(Sat) 24 Dec 1927 (51),Bristol Rovers FC (18),1-6,?,Millwall FC (20)
?,(Sat) 24 Dec 1927 (51),Charlton Athletic FC (18),4-3,?,Luton Town FC (18)
?,(Sat) 24 Dec 1927 (51),Newport County AFC (18),3-2,?,Southend United FC (17)
?,(Sat) 24 Dec 1927 (51),Merthyr Town FC (20),0-3,?,Exeter City FC (18)
?,(Sat) 24 Dec 1927 (51),Swindon Town FC (16),4-3,?,Brighton & Hove Albion FC (18)
?,(Sat) 24 Dec 1927 (51),Watford FC (19),1-1,?,Brentford FC (20)
?,(Sat) 24 Dec 1927 (51),Plymouth Argyle FC (19),5-1,?,Crystal Palace FC (18)
?,(Sat) 24 Dec 1927 (51),Gillingham FC (18),3-0,?,Norwich City FC (18)
?,(Sat) 24 Dec 1927 (51),Coventry City FC (19),2-4,?,Northampton Town FC (18)
?,(Sat) 24 Dec 1927 (51),Queens Park Rangers FC (19),2-0,?,AFC Bournemouth (19)
?,(Mon) 26 Dec 1927 (52),Merthyr Town FC (21),2-3,?,Bristol Rovers FC (19)
?,(Mon) 26 Dec 1927 (52),Southend United FC (18),3-2,?,Brentford FC (21)
?,(Mon) 26 Dec 1927 (52),Northampton Town FC (19),6-5,?,Luton Town FC (19)
?,(Mon) 26 Dec 1927 (52),AFC Bournemouth (20),3-1,?,Brighton & Hove Albion FC (19)
?,(Mon) 26 Dec 1927 (52),Exeter City FC (19),2-0,?,Plymouth Argyle FC (20)
?,(Mon) 26 Dec 1927 (52),Newport County AFC (19),1-3,?,Swindon Town FC (17)
?,(Tue) 27 Dec 1927 (52),Millwall FC (21),2-1,?,Norwich City FC (19)
?,(Tue) 27 Dec 1927 (52),Walsall FC (19),1-0,?,Charlton Athletic FC (19)
?,(Tue) 27 Dec 1927 (52),Coventry City FC (20),0-0,?,Queens Park Rangers FC (20)
?,(Tue) 27 Dec 1927 (52),Bristol Rovers FC (20),2-1,?,Merthyr Town FC (22)
?,(Tue) 27 Dec 1927 (52),Gillingham FC (19),0-3,?,Watford FC (20)
?,(Tue) 27 Dec 1927 (52),Plymouth Argyle FC (21),1-2,?,Exeter City FC (20)
?,(Tue) 27 Dec 1927 (52),Swindon Town FC (18),4-1,?,Newport County AFC (20)
?,(Tue) 27 Dec 1927 (52),Torquay United FC (19),0-2,?,Crystal Palace FC (19)
?,(Tue) 27 Dec 1927 (52),Brighton & Hove Albion FC (20),3-2,?,AFC Bournemouth (21)
?,(Sat) 31 Dec 1927 (52),Brentford FC (22),1-3,?,Brighton & Hove Albion FC (21)
?,(Sat) 31 Dec 1927 (52),Crystal Palace FC (20),2-1,?,Norwich City FC (20)
?,(Sat) 31 Dec 1927 (52),Luton Town FC (20),0-0,?,Southend United FC (19)
?,(Sat) 31 Dec 1927 (52),Millwall FC (22),3-0,?,Northampton Town FC (20)
?,(Sat) 31 Dec 1927 (52),Exeter City FC (21),5-0,?,Torquay United FC (20)
?,(Sat) 31 Dec 1927 (52),Gillingham FC (20),1-1,?,Charlton Athletic FC (20)
?,(Sat) 31 Dec 1927 (52),Walsall FC (20),1-2,?,Bristol Rovers FC (21)
?,(Sat) 7 Jan 1928 (1),AFC Bournemouth (22),1-0,?,Brentford FC (23)
?,(Sat) 7 Jan 1928 (1),Torquay United FC (21),2-2,?,Merthyr Town FC (23)
?,(Sat) 7 Jan 1928 (1),Northampton Town FC (21),1-1,?,Crystal Palace FC (21)
?,(Sat) 7 Jan 1928 (1),Queens Park Rangers FC (21),0-1,?,Swindon Town FC (19)
?,(Sat) 7 Jan 1928 (1),Plymouth Argyle FC (22),2-1,?,Walsall FC (21)
?,(Sat) 7 Jan 1928 (1),Norwich City FC (21),2-2,?,Exeter City FC (22)
?,(Sat) 7 Jan 1928 (1),Charlton Athletic FC (21),2-1,?,Coventry City FC (21)
?,(Sat) 7 Jan 1928 (1),Bristol Rovers FC (22),2-4,?,Gillingham FC (21)
?,(Sat) 7 Jan 1928 (1),Southend United FC (20),0-1,?,Millwall FC (23)
?,(Sat) 7 Jan 1928 (1),Watford FC (21),2-3,?,Newport County AFC (21)
?,(Sat) 7 Jan 1928 (1),Brighton & Hove Albion FC (22),3-1,?,Luton Town FC (21)
?,(Sat) 14 Jan 1928 (2),Newport County AFC (22),2-2,?,Norwich City FC (22)
?,(Sat) 14 Jan 1928 (2),Watford FC (22),3-3,?,Brighton & Hove Albion FC (23)
?,(Sat) 14 Jan 1928 (2),Merthyr Town FC (24),1-4,?,Plymouth Argyle FC (23)
?,(Sat) 14 Jan 1928 (2),Queens Park Rangers FC (22),3-2,?,Southend United FC (21)
?,(Sat) 14 Jan 1928 (2),Walsall FC (22),1-1,?,Crystal Palace FC (22)
?,(Sat) 14 Jan 1928 (2),Coventry City FC (22),5-1,?,Torquay United FC (22)
?,(Sat) 21 Jan 1928 (3),Newport County AFC (23),4-3,?,Charlton Athletic FC (22)
?,(Sat) 21 Jan 1928 (3),Gillingham FC (22),3-1,?,Plymouth Argyle FC (24)
?,(Sat) 21 Jan 1928 (3),Torquay United FC (23),4-2,?,Norwich City FC (23)
?,(Sat) 21 Jan 1928 (3),Brentford FC (24),0-3,?,Queens Park Rangers FC (23)
?,(Sat) 21 Jan 1928 (3),Exeter City FC (23),1-1,?,Northampton Town FC (22)
?,(Sat) 21 Jan 1928 (3),Walsall FC (23),2-2,?,Merthyr Town FC (25)
?,(Sat) 21 Jan 1928 (3),Swindon Town FC (20),4-0,?,Watford FC (23)
?,(Sat) 21 Jan 1928 (3),Coventry City FC (23),2-3,?,Bristol Rovers FC (23)
?,(Sat) 21 Jan 1928 (3),Millwall FC (24),6-0,?,Brighton & Hove Albion FC (24)
?,(Sat) 21 Jan 1928 (3),Crystal Palace FC (23),4-1,?,Southend United FC (22)
?,(Sat) 21 Jan 1928 (3),Luton Town FC (22),3-3,?,AFC Bournemouth (23)
?,(Sat) 28 Jan 1928 (4),AFC Bournemouth (24),5-0,?,Millwall FC (25)
?,(Sat) 28 Jan 1928 (4),Brentford FC (25),4-2,?,Luton Town FC (23)
?,(Sat) 28 Jan 1928 (4),Northampton Town FC (23),4-4,?,Torquay United FC (24)
?,(Sat) 28 Jan 1928 (4),Watford FC (24),3-3,?,Queens Park Rangers FC (24)
?,(Sat) 28 Jan 1928 (4),Norwich City FC (24),1-4,?,Walsall FC (24)
?,(Sat) 28 Jan 1928 (4),Bristol Rovers FC (24),2-1,?,Newport County AFC (24)
?,(Sat) 28 Jan 1928 (4),Brighton & Hove Albion FC (25),4-2,?,Crystal Palace FC (24)
?,(Sat) 28 Jan 1928 (4),Plymouth Argyle FC (25),4-0,?,Coventry City FC (24)
?,(Sat) 4 Feb 1928 (5),Norwich City FC (25),3-4,?,Northampton Town FC (24)
?,(Sat) 4 Feb 1928 (5),Torquay United FC (25),3-3,?,Southend United FC (23)
?,(Sat) 4 Feb 1928 (5),Millwall FC (26),3-0,?,Brentford FC (26)
?,(Sat) 4 Feb 1928 (5),Swindon Town FC (21),2-1,?,Bristol Rovers FC (25)
?,(Sat) 4 Feb 1928 (5),Exeter City FC (24),0-3,?,Brighton & Hove Albion FC (26)
?,(Sat) 4 Feb 1928 (5),Luton Town FC (24),3-2,?,Watford FC (25)
?,(Sat) 4 Feb 1928 (5),Crystal Palace FC (25),6-1,?,AFC Bournemouth (25)
?,(Sat) 4 Feb 1928 (5),Coventry City FC (25),1-2,?,Merthyr Town FC (26)
?,(Sat) 4 Feb 1928 (5),Gillingham FC (23),2-0,?,Walsall FC (25)
?,(Sat) 4 Feb 1928 (5),Queens Park Rangers FC (25),3-3,?,Charlton Athletic FC (23)
?,(Sat) 4 Feb 1928 (5),Newport County AFC (25),1-1,?,Plymouth Argyle FC (26)
?,(Thu) 9 Feb 1928 (6),Charlton Athletic FC (24),1-3,?,Walsall FC (26)
?,(Sat) 11 Feb 1928 (6),Plymouth Argyle FC (27),3-0,?,Swindon Town FC (22)
?,(Sat) 11 Feb 1928 (6),Southend United FC (24),1-1,?,Norwich City FC (26)
?,(Sat) 11 Feb 1928 (6),Brighton & Hove Albion FC (27),3-0,?,Torquay United FC (26)
?,(Sat) 11 Feb 1928 (6),Brentford FC (27),2-1,?,Crystal Palace FC (26)
?,(Sat) 11 Feb 1928 (6),Walsall FC (27),7-0,?,Coventry City FC (26)
?,(Sat) 11 Feb 1928 (6),Charlton Athletic FC (25),0-2,?,Watford FC (26)
?,(Sat) 11 Feb 1928 (6),Merthyr Town FC (27),0-2,?,Newport County AFC (26)
?,(Sat) 11 Feb 1928 (6),AFC Bournemouth (26),2-0,?,Exeter City FC (25)
?,(Sat) 11 Feb 1928 (6),Bristol Rovers FC (26),0-4,?,Queens Park Rangers FC (26)
?,(Sat) 11 Feb 1928 (6),Northampton Town FC (25),1-0,?,Gillingham FC (24)
?,(Sat) 11 Feb 1928 (6),Luton Town FC (25),1-1,?,Millwall FC (27)
?,(Mon) 13 Feb 1928 (7),Coventry City FC (27),2-2,?,Crystal Palace FC (27)
?,(Wed) 15 Feb 1928 (7),Southend United FC (25),1-2,?,Exeter City FC (26)
?,(Sat) 18 Feb 1928 (7),Northampton Town FC (26),2-1,?,Southend United FC (26)
?,(Sat) 18 Feb 1928 (7),Newport County AFC (27),4-1,?,Walsall FC (28)
?,(Sat) 18 Feb 1928 (7),Queens Park Rangers FC (27),0-1,?,Plymouth Argyle FC (28)
?,(Sat) 18 Feb 1928 (7),Coventry City FC (28),1-2,?,Gillingham FC (25)
?,(Sat) 18 Feb 1928 (7),Exeter City FC (27),0-1,?,Brentford FC (28)
?,(Sat) 18 Feb 1928 (7),Torquay United FC (27),2-2,?,AFC Bournemouth (27)
?,(Sat) 18 Feb 1928 (7),Millwall FC (28),5-0,?,Charlton Athletic FC (26)
?,(Sat) 18 Feb 1928 (7),Watford FC (27),2-1,?,Bristol Rovers FC (27)
?,(Sat) 18 Feb 1928 (7),Crystal Palace FC (28),3-2,?,Luton Town FC (26)
?,(Sat) 18 Feb 1928 (7),Norwich City FC (27),0-0,?,Brighton & Hove Albion FC (28)
?,(Sat) 18 Feb 1928 (7),Swindon Town FC (23),1-2,?,Merthyr Town FC (28)
?,(Sat) 25 Feb 1928 (8),AFC Bournemouth (28),2-1,?,Norwich City FC (28)
?,(Sat) 25 Feb 1928 (8),Brighton & Hove Albion FC (29),2-1,?,Northampton Town FC (27)
?,(Sat) 25 Feb 1928 (8),Gillingham FC (26),4-0,?,Newport County AFC (28)
?,(Sat) 25 Feb 1928 (8),Southend United FC (27),3-2,?,Coventry City FC (29)
?,(Sat) 25 Feb 1928 (8),Merthyr Town FC (29),0-4,?,Queens Park Rangers FC (28)
?,(Sat) 25 Feb 1928 (8),Millwall FC (29),1-1,?,Crystal Palace FC (29)
?,(Sat) 25 Feb 1928 (8),Bristol Rovers FC (28),2-1,?,Charlton Athletic FC (27)
?,(Sat) 25 Feb 1928 (8),Plymouth Argyle FC (29),0-1,?,Watford FC (28)
?,(Sat) 25 Feb 1928 (8),Brentford FC (29),1-2,?,Torquay United FC (28)
?,(Sat) 25 Feb 1928 (8),Walsall FC (29),1-2,?,Swindon Town FC (24)
?,(Sat) 25 Feb 1928 (8),Luton Town FC (27),2-1,?,Exeter City FC (28)
?,(Sat) 3 Mar 1928 (9),Charlton Athletic FC (28),1-0,?,Torquay United FC (29)
?,(Sat) 3 Mar 1928 (9),Plymouth Argyle FC (30),3-3,?,Northampton Town FC (28)
?,(Sat) 3 Mar 1928 (9),Merthyr Town FC (30),2-3,?,Southend United FC (28)
?,(Sat) 3 Mar 1928 (9),Queens Park Rangers FC (29),2-0,?,Crystal Palace FC (30)
?,(Sat) 3 Mar 1928 (9),Coventry City FC (30),0-0,?,Brentford FC (30)
?,(Sat) 3 Mar 1928 (9),Bristol Rovers FC (29),3-0,?,Norwich City FC (29)
?,(Sat) 3 Mar 1928 (9),Swindon Town FC (25),3-0,?,Millwall FC (30)
?,(Sat) 3 Mar 1928 (9),Watford FC (29),3-2,?,Exeter City FC (29)
?,(Sat) 3 Mar 1928 (9),Walsall FC (30),3-3,?,Brighton & Hove Albion FC (30)
?,(Sat) 3 Mar 1928 (9),Gillingham FC (27),2-1,?,AFC Bournemouth (29)
?,(Sat) 3 Mar 1928 (9),Newport County AFC (29),7-2,?,Luton Town FC (28)
?,(Sat) 10 Mar 1928 (10),Northampton Town FC (29),6-0,?,Merthyr Town FC (31)
?,(Sat) 10 Mar 1928 (10),Brighton & Hove Albion FC (31),0-0,?,Gillingham FC (28)
?,(Sat) 10 Mar 1928 (10),Exeter City FC (30),2-1,?,Charlton Athletic FC (29)
?,(Sat) 10 Mar 1928 (10),Brentford FC (31),3-1,?,Newport County AFC (30)
?,(Sat) 10 Mar 1928 (10),AFC Bournemouth (30),2-3,?,Coventry City FC (31)
?,(Sat) 10 Mar 1928 (10),Millwall FC (31),6-1,?,Queens Park Rangers FC (30)
?,(Sat) 10 Mar 1928 (10),Norwich City FC (30),2-0,?,Plymouth Argyle FC (31)
?,(Sat) 10 Mar 1928 (10),Luton Town FC (29),2-1,?,Swindon Town FC (26)
?,(Sat) 10 Mar 1928 (10),Torquay United FC (30),0-0,?,Bristol Rovers FC (30)
?,(Sat) 10 Mar 1928 (10),Southend United FC (29),2-1,?,Walsall FC (31)
?,(Sat) 10 Mar 1928 (10),Crystal Palace FC (31),2-1,?,Watford FC (30)
?,(Mon) 12 Mar 1928 (11),Merthyr Town FC (32),3-1,?,Gillingham FC (29)
?,(Wed) 14 Mar 1928 (11),Crystal Palace FC (32),3-2,?,Torquay United FC (31)
?,(Wed) 14 Mar 1928 (11),Southend United FC (30),1-1,?,Swindon Town FC (27)
?,(Sat) 17 Mar 1928 (11),Charlton Athletic FC (30),0-4,?,Crystal Palace FC (33)
?,(Sat) 17 Mar 1928 (11),Plymouth Argyle FC (32),4-1,?,Torquay United FC (32)
?,(Sat) 17 Mar 1928 (11),Watford FC (31),0-3,?,Millwall FC (32)
?,(Sat) 17 Mar 1928 (11),Walsall FC (32),1-1,?,Northampton Town FC (30)
?,(Sat) 17 Mar 1928 (11),Gillingham FC (30),1-0,?,Southend United FC (31)
?,(Sat) 17 Mar 1928 (11),Queens Park Rangers FC (31),3-2,?,Luton Town FC (30)
?,(Sat) 17 Mar 1928 (11),Swindon Town FC (28),1-1,?,Brentford FC (32)
?,(Sat) 17 Mar 1928 (11),Bristol Rovers FC (31),1-2,?,Exeter City FC (31)
?,(Sat) 17 Mar 1928 (11),Coventry City FC (32),2-2,?,Brighton & Hove Albion FC (32)
?,(Sat) 17 Mar 1928 (11),Merthyr Town FC (33),1-1,?,Norwich City FC (31)
?,(Sat) 17 Mar 1928 (11),Newport County AFC (31),4-3,?,AFC Bournemouth (31)
?,(Mon) 19 Mar 1928 (12),Luton Town FC (31),2-0,?,Northampton Town FC (31)
?,(Wed) 21 Mar 1928 (12),Swindon Town FC (29),3-2,?,AFC Bournemouth (32)
?,(Thu) 22 Mar 1928 (12),Newport County AFC (32),1-0,?,Exeter City FC (32)
?,(Sat) 24 Mar 1928 (12),Exeter City FC (33),4-0,?,Queens Park Rangers FC (32)
?,(Sat) 24 Mar 1928 (12),Crystal Palace FC (34),1-0,?,Swindon Town FC (30)
?,(Sat) 24 Mar 1928 (12),Norwich City FC (32),0-0,?,Charlton Athletic FC (31)
?,(Sat) 24 Mar 1928 (12),Millwall FC (33),5-1,?,Newport County AFC (33)
?,(Sat) 24 Mar 1928 (12),Brighton & Hove Albion FC (33),5-0,?,Merthyr Town FC (34)
?,(Sat) 24 Mar 1928 (12),Southend United FC (32),3-0,?,Plymouth Argyle FC (33)
?,(Sat) 24 Mar 1928 (12),Luton Town FC (32),3-1,?,Coventry City FC (33)
?,(Sat) 24 Mar 1928 (12),Torquay United FC (33),1-1,?,Watford FC (32)
?,(Sat) 24 Mar 1928 (12),AFC Bournemouth (33),3-1,?,Walsall FC (33)
?,(Sat) 24 Mar 1928 (12),Northampton Town FC (32),2-0,?,Bristol Rovers FC (32)
?,(Sat) 24 Mar 1928 (12),Brentford FC (33),2-0,?,Gillingham FC (31)
?,(Mon) 26 Mar 1928 (13),Charlton Athletic FC (32),1-2,?,Southend United FC (33)
?,(Wed) 28 Mar 1928 (13),Gillingham FC (32),1-1,?,Exeter City FC (34)
?,(Sat) 31 Mar 1928 (13),Merthyr Town FC (35),1-1,?,AFC Bournemouth (34)
?,(Sat) 31 Mar 1928 (13),Coventry City FC (34),0-3,?,Millwall FC (34)
?,(Sat) 31 Mar 1928 (13),Plymouth Argyle FC (34),2-0,?,Brighton & Hove Albion FC (34)
?,(Sat) 31 Mar 1928 (13),Walsall FC (34),4-2,?,Brentford FC (34)
?,(Sat) 31 Mar 1928 (13),Gillingham FC (33),0-4,?,Luton Town FC (33)
?,(Sat) 31 Mar 1928 (13),Queens Park Rangers FC (33),2-3,?,Torquay United FC (34)
?,(Sat) 31 Mar 1928 (13),Charlton Athletic FC (33),2-2,?,Northampton Town FC (33)
?,(Sat) 31 Mar 1928 (13),Bristol Rovers FC (33),1-3,?,Southend United FC (34)
?,(Sat) 31 Mar 1928 (13),Swindon Town FC (31),3-0,?,Exeter City FC (35)
?,(Sat) 31 Mar 1928 (13),Watford FC (33),2-0,?,Norwich City FC (33)
?,(Fri) 6 Apr 1928 (14),Millwall FC (35),2-0,?,Exeter City FC (36)
?,(Fri) 6 Apr 1928 (14),Newport County AFC (34),1-6,?,Queens Park Rangers FC (34)
?,(Fri) 6 Apr 1928 (14),Brentford FC (35),3-1,?,Norwich City FC (34)
?,(Fri) 6 Apr 1928 (14),Luton Town FC (34),5-0,?,Torquay United FC (35)
?,(Fri) 6 Apr 1928 (14),Charlton Athletic FC (34),2-0,?,Plymouth Argyle FC (35)
?,(Fri) 6 Apr 1928 (14),Gillingham FC (34),0-1,?,Swindon Town FC (32)
?,(Fri) 6 Apr 1928 (14),Brighton & Hove Albion FC (35),1-0,?,Southend United FC (35)
?,(Fri) 6 Apr 1928 (14),Crystal Palace FC (35),3-2,?,Bristol Rovers FC (34)
?,(Sat) 7 Apr 1928 (14),Torquay United FC (36),2-3,?,Coventry City FC (35)
?,(Sat) 7 Apr 1928 (14),Millwall FC (36),3-0,?,Merthyr Town FC (36)
?,(Sat) 7 Apr 1928 (14),Brentford FC (36),5-1,?,Bristol Rovers FC (35)
?,(Sat) 7 Apr 1928 (14),Northampton Town FC (34),3-0,?,Swindon Town FC (33)
?,(Sat) 7 Apr 1928 (14),Southend United FC (36),7-0,?,Queens Park Rangers FC (35)
?,(Sat) 7 Apr 1928 (14),Brighton & Hove Albion FC (36),1-1,?,Watford FC (34)
?,(Sat) 7 Apr 1928 (14),Exeter City FC (37),2-2,?,Gillingham FC (35)
?,(Sat) 7 Apr 1928 (14),AFC Bournemouth (35),3-1,?,Charlton Athletic FC (35)
?,(Sat) 7 Apr 1928 (14),Crystal Palace FC (36),5-1,?,Walsall FC (35)
?,(Sat) 7 Apr 1928 (14),Luton Town FC (35),1-1,?,Plymouth Argyle FC (36)
?,(Sat) 7 Apr 1928 (14),Norwich City FC (35),1-1,?,Newport County AFC (35)
?,(Mon) 9 Apr 1928 (15),Watford FC (35),1-1,?,Merthyr Town FC (37)
?,(Mon) 9 Apr 1928 (15),Torquay United FC (37),0-4,?,Luton Town FC (36)
?,(Mon) 9 Apr 1928 (15),Southend United FC (37),0-1,?,Brighton & Hove Albion FC (37)
?,(Mon) 9 Apr 1928 (15),Plymouth Argyle FC (37),2-0,?,Charlton Athletic FC (36)
?,(Mon) 9 Apr 1928 (15),Queens Park Rangers FC (36),1-1,?,Walsall FC (36)
?,(Mon) 9 Apr 1928 (15),Swindon Town FC (34),6-1,?,Gillingham FC (36)
?,(Mon) 9 Apr 1928 (15),Newport County AFC (36),3-0,?,Coventry City FC (36)
?,(Mon) 9 Apr 1928 (15),Bristol Rovers FC (36),1-1,?,Crystal Palace FC (37)
?,(Mon) 9 Apr 1928 (15),AFC Bournemouth (36),1-1,?,Northampton Town FC (35)
?,(Mon) 9 Apr 1928 (15),Exeter City FC (38),2-4,?,Millwall FC (37)
?,(Mon) 9 Apr 1928 (15),Norwich City FC (36),1-1,?,Brentford FC (37)
?,(Tue) 10 Apr 1928 (15),Northampton Town FC (36),1-1,?,AFC Bournemouth (37)
?,(Tue) 10 Apr 1928 (15),Coventry City FC (37),0-2,?,Newport County AFC (37)
?,(Tue) 10 Apr 1928 (15),Merthyr Town FC (38),3-1,?,Watford FC (36)
?,(Tue) 10 Apr 1928 (15),Walsall FC (37),2-2,?,Queens Park Rangers FC (37)
?,(Sat) 14 Apr 1928 (15),Plymouth Argyle FC (38),1-0,?,Brentford FC (38)
?,(Sat) 14 Apr 1928 (15),Bristol Rovers FC (37),3-0,?,AFC Bournemouth (38)
?,(Sat) 14 Apr 1928 (15),Newport County AFC (38),2-2,?,Torquay United FC (38)
?,(Sat) 14 Apr 1928 (15),Coventry City FC (38),0-0,?,Exeter City FC (39)
?,(Sat) 14 Apr 1928 (15),Swindon Town FC (35),1-1,?,Norwich City FC (37)
?,(Sat) 14 Apr 1928 (15),Merthyr Town FC (39),0-0,?,Luton Town FC (37)
?,(Sat) 14 Apr 1928 (15),Gillingham FC (37),3-1,?,Crystal Palace FC (38)
?,(Sat) 14 Apr 1928 (15),Queens Park Rangers FC (38),0-4,?,Northampton Town FC (37)
?,(Sat) 14 Apr 1928 (15),Watford FC (37),1-1,?,Southend United FC (38)
?,(Sat) 14 Apr 1928 (15),Charlton Athletic FC (37),3-0,?,Brighton & Hove Albion FC (38)
?,(Sat) 14 Apr 1928 (15),Walsall FC (38),2-5,?,Millwall FC (38)
?,(Mon) 16 Apr 1928 (16),Charlton Athletic FC (38),1-1,?,AFC Bournemouth (39)
?,(Wed) 18 Apr 1928 (16),Watford FC (38),2-0,?,Northampton Town FC (38)
?,(Wed) 18 Apr 1928 (16),Bristol Rovers FC (38),1-0,?,Swindon Town FC (36)
?,(Sat) 21 Apr 1928 (16),Luton Town FC (38),4-1,?,Walsall FC (39)
?,(Sat) 21 Apr 1928 (16),Exeter City FC (40),5-1,?,Newport County AFC (39)
?,(Sat) 21 Apr 1928 (16),Southend United FC (39),1-2,?,Charlton Athletic FC (39)
?,(Sat) 21 Apr 1928 (16),Brentford FC (39),4-0,?,Merthyr Town FC (40)
?,(Sat) 21 Apr 1928 (16),Torquay United FC (39),2-1,?,Swindon Town FC (37)
?,(Sat) 21 Apr 1928 (16),Crystal Palace FC (39),1-0,?,Coventry City FC (39)
?,(Sat) 21 Apr 1928 (16),Brighton & Hove Albion FC (39),5-0,?,Bristol Rovers FC (39)
?,(Sat) 21 Apr 1928 (16),Millwall FC (39),6-0,?,Gillingham FC (38)
?,(Sat) 21 Apr 1928 (16),Norwich City FC (38),3-1,?,Queens Park Rangers FC (39)
?,(Sat) 21 Apr 1928 (16),AFC Bournemouth (40),2-2,?,Plymouth Argyle FC (39)
?,(Sat) 21 Apr 1928 (16),Northampton Town FC (39),5-0,?,Watford FC (39)
?,(Mon) 23 Apr 1928 (17),Bristol Rovers FC (40),1-0,?,Brighton & Hove Albion FC (40)
?,(Mon) 23 Apr 1928 (17),Walsall FC (40),4-1,?,Luton Town FC (39)
?,(Mon) 23 Apr 1928 (17),Brentford FC (40),2-2,?,Southend United FC (40)
?,(Wed) 25 Apr 1928 (17),Swindon Town FC (38),4-0,?,Northampton Town FC (40)
?,(Wed) 25 Apr 1928 (17),Plymouth Argyle FC (40),3-1,?,AFC Bournemouth (41)
?,(Wed) 25 Apr 1928 (17),Gillingham FC (39),0-1,?,Millwall FC (40)
?,(Thu) 26 Apr 1928 (17),Newport County AFC (40),0-3,?,Crystal Palace FC (40)
?,(Thu) 26 Apr 1928 (17),Queens Park Rangers FC (40),1-5,?,Coventry City FC (40)
?,(Sat) 28 Apr 1928 (17),Merthyr Town FC (41),2-2,?,Crystal Palace FC (41)
?,(Sat) 28 Apr 1928 (17),Gillingham FC (40),4-1,?,Torquay United FC (40)
?,(Sat) 28 Apr 1928 (17),Swindon Town FC (39),0-1,?,Southend United FC (41)
?,(Sat) 28 Apr 1928 (17),Walsall FC (41),5-1,?,Exeter City FC (41)
?,(Sat) 28 Apr 1928 (17),Bristol Rovers FC (41),1-2,?,Luton Town FC (40)
?,(Sat) 28 Apr 1928 (17),Watford FC (40),2-0,?,AFC Bournemouth (42)
?,(Sat) 28 Apr 1928 (17),Charlton Athletic FC (40),3-2,?,Brentford FC (41)
?,(Sat) 28 Apr 1928 (17),Coventry City FC (41),2-2,?,Norwich City FC (39)
?,(Sat) 28 Apr 1928 (17),Queens Park Rangers FC (41),5-0,?,Brighton & Hove Albion FC (41)
?,(Sat) 28 Apr 1928 (17),Newport County AFC (41),4-1,?,Northampton Town FC (41)
?,(Mon) 30 Apr 1928 (18),Norwich City FC (40),2-0,?,Millwall FC (41)
?,(Mon) 30 Apr 1928 (18),Charlton Athletic FC (41),3-1,?,Swindon Town FC (40)
?,(Wed) 2 May 1928 (18),Plymouth Argyle FC (41),4-0,?,Luton Town FC (41)
?,(Wed) 2 May 1928 (18),Watford FC (41),5-3,?,Gillingham FC (41)
?,(Wed) 2 May 1928 (18),Swindon Town FC (41),2-2,?,Torquay United FC (41)
?,(Thu) 3 May 1928 (18),Queens Park Rangers FC (42),0-0,?,Norwich City FC (41)
?,(Sat) 5 May 1928 (18),Torquay United FC (42),1-1,?,Walsall FC (42)
?,(Sat) 5 May 1928 (18),Brighton & Hove Albion FC (42),4-2,?,Swindon Town FC (42)
?,(Sat) 5 May 1928 (18),Brentford FC (42),1-1,?,Watford FC (42)
?,(Sat) 5 May 1928 (18),Millwall FC (42),1-0,?,Bristol Rovers FC (42)
?,(Sat) 5 May 1928 (18),Exeter City FC (42),2-0,?,Merthyr Town FC (42)
?,(Sat) 5 May 1928 (18),Southend United FC (42),5-1,?,Newport County AFC (42)
?,(Sat) 5 May 1928 (18),Crystal Palace FC (42),0-2,?,Plymouth Argyle FC (42)
?,(Sat) 5 May 1928 (18),Northampton Town FC (42),2-1,?,Coventry City FC (42)
?,(Sat) 5 May 1928 (18),Luton Town FC (42),2-1,?,Charlton Athletic FC (42)
?,(Sat) 5 May 1928 (18),Norwich City FC (42),0-0,?,Gillingham FC (42)
