Round,Date,Team 1,FT,HT,Team 2
?,(Sat) 9 Aug 1997 (W32),Chester FC (1),2-0,?,Lincoln City FC (1)
?,(Sat) 9 Aug 1997 (W32),Colchester United FC (1),2-1,?,Darlington FC (1)
?,(Sat) 9 Aug 1997 (W32),Exeter City FC (1),1-1,?,Hartlepool United FC (1)
?,(Sat) 9 Aug 1997 (W32),Leyton Orient FC (1),0-1,?,Cardiff City FC (1)
?,(Sat) 9 Aug 1997 (W32),Macclesfield Town FC (1),2-1,?,Torquay United FC (1)
?,(Sat) 9 Aug 1997 (W32),Mansfield Town FC (1),2-0,?,Hull City AFC (1)
?,(Sat) 9 Aug 1997 (W32),Notts County FC (1),2-1,?,Rochdale AFC (1)
?,(Sat) 9 Aug 1997 (W32),Peterborough United FC (1),0-1,?,Scunthorpe United FC (1)
?,(Sat) 9 Aug 1997 (W32),Rotherham United FC (1),2-3,?,Barnet FC (1)
?,(Sat) 9 Aug 1997 (W32),Scarborough Athletic FC (1),1-0,?,Cambridge United FC (1)
?,(Sat) 9 Aug 1997 (W32),Shrewsbury Town FC (1),2-1,?,Doncaster Rovers FC (1)
?,(Sat) 9 Aug 1997 (W32),Swansea City AFC (1),1-0,?,Brighton & Hove Albion FC (1)
?,(Sat) 16 Aug 1997 (W33),Barnet FC (2),1-2,?,Exeter City FC (2)
?,(Sat) 16 Aug 1997 (W33),Brighton & Hove Albion FC (2),1-1,?,Macclesfield Town FC (2)
?,(Sat) 16 Aug 1997 (W33),Cambridge United FC (2),2-1,?,Rotherham United FC (2)
?,(Sat) 16 Aug 1997 (W33),Doncaster Rovers FC (2),0-5,?,Peterborough United FC (2)
?,(Sat) 16 Aug 1997 (W33),Hartlepool United FC (2),3-2,?,Colchester United FC (2)
?,(Sat) 16 Aug 1997 (W33),Hull City AFC (2),0-3,?,Notts County FC (2)
?,(Sat) 16 Aug 1997 (W33),Lincoln City FC (2),1-0,?,Shrewsbury Town FC (2)
?,(Sat) 16 Aug 1997 (W33),Rochdale AFC (2),2-0,?,Mansfield Town FC (2)
?,(Sat) 16 Aug 1997 (W33),Scunthorpe United FC (2),1-0,?,Leyton Orient FC (2)
?,(Sat) 16 Aug 1997 (W33),Torquay United FC (2),1-0,?,Scarborough Athletic FC (2)
?,(Fri) 22 Aug 1997 (W34),Colchester United FC (3),1-1,?,Barnet FC (3)
?,(Fri) 22 Aug 1997 (W34),Scarborough Athletic FC (3),2-1,?,Brighton & Hove Albion FC (3)
?,(Sat) 23 Aug 1997 (W34),Chester FC (2),1-1,?,Cambridge United FC (3)
?,(Sat) 23 Aug 1997 (W34),Exeter City FC (3),1-0,?,Darlington FC (2)
?,(Sat) 23 Aug 1997 (W34),Leyton Orient FC (3),2-0,?,Rochdale AFC (3)
?,(Sat) 23 Aug 1997 (W34),Macclesfield Town FC (3),3-0,?,Doncaster Rovers FC (3)
?,(Sat) 23 Aug 1997 (W34),Mansfield Town FC (3),1-2,?,Cardiff City FC (2)
?,(Sat) 23 Aug 1997 (W34),Notts County FC (3),1-2,?,Lincoln City FC (3)
?,(Sat) 23 Aug 1997 (W34),Peterborough United FC (3),2-0,?,Hull City AFC (3)
?,(Sat) 23 Aug 1997 (W34),Rotherham United FC (3),2-1,?,Hartlepool United FC (3)
?,(Sat) 23 Aug 1997 (W34),Shrewsbury Town FC (3),1-2,?,Torquay United FC (3)
?,(Sat) 23 Aug 1997 (W34),Swansea City AFC (2),2-0,?,Scunthorpe United FC (3)
?,(Sat) 30 Aug 1997 (W35),Barnet FC (4),2-1,?,Chester FC (3)
?,(Sat) 30 Aug 1997 (W35),Brighton & Hove Albion FC (4),0-1,?,Leyton Orient FC (4)
?,(Sat) 30 Aug 1997 (W35),Cambridge United FC (4),4-3,?,Shrewsbury Town FC (4)
?,(Sat) 30 Aug 1997 (W35),Cardiff City FC (3),1-1,?,Notts County FC (4)
?,(Sat) 30 Aug 1997 (W35),Darlington FC (3),1-1,?,Rotherham United FC (4)
?,(Sat) 30 Aug 1997 (W35),Doncaster Rovers FC (4),0-1,?,Exeter City FC (4)
?,(Sat) 30 Aug 1997 (W35),Hartlepool United FC (4),0-0,?,Macclesfield Town FC (4)
?,(Sat) 30 Aug 1997 (W35),Hull City AFC (4),7-4,?,Swansea City AFC (3)
?,(Sat) 30 Aug 1997 (W35),Lincoln City FC (4),3-3,?,Scarborough Athletic FC (4)
?,(Sat) 30 Aug 1997 (W35),Rochdale AFC (4),1-2,?,Peterborough United FC (4)
?,(Sat) 30 Aug 1997 (W35),Scunthorpe United FC (4),1-0,?,Mansfield Town FC (4)
?,(Sat) 30 Aug 1997 (W35),Torquay United FC (4),1-1,?,Colchester United FC (4)
?,(Tue) 2 Sep 1997 (W36),Barnet FC (5),2-0,?,Swansea City AFC (4)
?,(Tue) 2 Sep 1997 (W36),Cambridge United FC (5),4-1,?,Colchester United FC (5)
?,(Tue) 2 Sep 1997 (W36),Cardiff City FC (4),2-2,?,Shrewsbury Town FC (5)
?,(Tue) 2 Sep 1997 (W36),Darlington FC (4),1-2,?,Scarborough Athletic FC (5)
?,(Tue) 2 Sep 1997 (W36),Doncaster Rovers FC (5),1-4,?,Leyton Orient FC (5)
?,(Tue) 2 Sep 1997 (W36),Hartlepool United FC (5),1-1,?,Notts County FC (5)
?,(Tue) 2 Sep 1997 (W36),Hull City AFC (5),0-0,?,Rotherham United FC (5)
?,(Tue) 2 Sep 1997 (W36),Lincoln City FC (5),0-2,?,Mansfield Town FC (5)
?,(Tue) 2 Sep 1997 (W36),Rochdale AFC (5),2-0,?,Macclesfield Town FC (5)
?,(Tue) 2 Sep 1997 (W36),Scunthorpe United FC (5),2-1,?,Chester FC (4)
?,(Tue) 2 Sep 1997 (W36),Torquay United FC (5),1-2,?,Exeter City FC (5)
?,(Wed) 3 Sep 1997 (W36),Brighton & Hove Albion FC (5),2-2,?,Peterborough United FC (5)
?,(Fri) 5 Sep 1997 (W36),Chester FC (5),1-0,?,Hull City AFC (6)
?,(Fri) 5 Sep 1997 (W36),Leyton Orient FC (6),0-2,?,Cambridge United FC (6)
?,(Fri) 5 Sep 1997 (W36),Macclesfield Town FC (6),2-1,?,Darlington FC (5)
?,(Fri) 5 Sep 1997 (W36),Mansfield Town FC (6),1-1,?,Doncaster Rovers FC (6)
?,(Fri) 5 Sep 1997 (W36),Swansea City AFC (5),2-0,?,Torquay United FC (6)
?,(Sun) 7 Sep 1997 (W36),Notts County FC (6),2-1,?,Scunthorpe United FC (6)
?,(Sun) 7 Sep 1997 (W36),Peterborough United FC (6),5-1,?,Barnet FC (6)
?,(Sun) 7 Sep 1997 (W36),Scarborough Athletic FC (6),1-1,?,Hartlepool United FC (6)
?,(Mon) 8 Sep 1997 (W37),Colchester United FC (6),3-1,?,Brighton & Hove Albion FC (6)
?,(Tue) 9 Sep 1997 (W37),Darlington FC (6),3-2,?,Swansea City AFC (6)
?,(Tue) 9 Sep 1997 (W37),Exeter City FC (6),1-1,?,Cardiff City FC (5)
?,(Tue) 9 Sep 1997 (W37),Shrewsbury Town FC (6),1-0,?,Rochdale AFC (6)
?,(Wed) 10 Sep 1997 (W37),Rotherham United FC (6),3-1,?,Lincoln City FC (6)
?,(Fri) 12 Sep 1997 (W37),Colchester United FC (7),1-0,?,Scarborough Athletic FC (7)
?,(Sat) 13 Sep 1997 (W37),Brighton & Hove Albion FC (7),0-0,?,Darlington FC (7)
?,(Sat) 13 Sep 1997 (W37),Cambridge United FC (7),1-3,?,Barnet FC (7)
?,(Sat) 13 Sep 1997 (W37),Cardiff City FC (6),2-1,?,Rochdale AFC (7)
?,(Sat) 13 Sep 1997 (W37),Chester FC (6),2-0,?,Shrewsbury Town FC (7)
?,(Sat) 13 Sep 1997 (W37),Hartlepool United FC (7),3-0,?,Torquay United FC (7)
?,(Sat) 13 Sep 1997 (W37),Hull City AFC (7),0-2,?,Lincoln City FC (7)
?,(Sat) 13 Sep 1997 (W37),Leyton Orient FC (7),1-0,?,Exeter City FC (7)
?,(Sat) 13 Sep 1997 (W37),Macclesfield Town FC (7),3-0,?,Swansea City AFC (7)
?,(Sat) 13 Sep 1997 (W37),Notts County FC (7),1-0,?,Mansfield Town FC (7)
?,(Sat) 13 Sep 1997 (W37),Rotherham United FC (7),2-2,?,Peterborough United FC (7)
?,(Sat) 13 Sep 1997 (W37),Scunthorpe United FC (7),1-1,?,Doncaster Rovers FC (7)
?,(Tue) 16 Sep 1997 (W38),Cardiff City FC (7),0-2,?,Chester FC (7)
?,(Sat) 20 Sep 1997 (W38),Barnet FC (8),0-1,?,Scunthorpe United FC (8)
?,(Sat) 20 Sep 1997 (W38),Darlington FC (8),1-1,?,Hartlepool United FC (8)
?,(Sat) 20 Sep 1997 (W38),Doncaster Rovers FC (8),0-0,?,Cambridge United FC (8)
?,(Sat) 20 Sep 1997 (W38),Exeter City FC (8),3-1,?,Rotherham United FC (8)
?,(Sat) 20 Sep 1997 (W38),Lincoln City FC (8),1-0,?,Cardiff City FC (8)
?,(Sat) 20 Sep 1997 (W38),Mansfield Town FC (8),4-1,?,Chester FC (8)
?,(Sat) 20 Sep 1997 (W38),Peterborough United FC (8),2-0,?,Leyton Orient FC (8)
?,(Sat) 20 Sep 1997 (W38),Rochdale AFC (8),2-1,?,Hull City AFC (8)
?,(Sat) 20 Sep 1997 (W38),Scarborough Athletic FC (8),2-1,?,Macclesfield Town FC (8)
?,(Sat) 20 Sep 1997 (W38),Shrewsbury Town FC (8),1-2,?,Notts County FC (8)
?,(Sat) 20 Sep 1997 (W38),Swansea City AFC (8),0-1,?,Colchester United FC (8)
?,(Sat) 20 Sep 1997 (W38),Torquay United FC (8),3-0,?,Brighton & Hove Albion FC (8)
?,(Sat) 27 Sep 1997 (W39),Barnet FC (9),0-0,?,Lincoln City FC (9)
?,(Sat) 27 Sep 1997 (W39),Brighton & Hove Albion FC (9),2-1,?,Rochdale AFC (9)
?,(Sat) 27 Sep 1997 (W39),Cambridge United FC (9),2-2,?,Cardiff City FC (9)
?,(Sat) 27 Sep 1997 (W39),Colchester United FC (9),1-2,?,Exeter City FC (9)
?,(Sat) 27 Sep 1997 (W39),Darlington FC (9),0-0,?,Mansfield Town FC (9)
?,(Sat) 27 Sep 1997 (W39),Hartlepool United FC (9),2-1,?,Shrewsbury Town FC (9)
?,(Sat) 27 Sep 1997 (W39),Macclesfield Town FC (9),1-1,?,Peterborough United FC (9)
?,(Sat) 27 Sep 1997 (W39),Rotherham United FC (9),4-2,?,Chester FC (9)
?,(Sat) 27 Sep 1997 (W39),Scarborough Athletic FC (9),1-2,?,Notts County FC (9)
?,(Sat) 27 Sep 1997 (W39),Scunthorpe United FC (9),2-0,?,Hull City AFC (9)
?,(Sat) 27 Sep 1997 (W39),Swansea City AFC (9),1-1,?,Leyton Orient FC (9)
?,(Sat) 27 Sep 1997 (W39),Torquay United FC (9),2-0,?,Doncaster Rovers FC (9)
?,(Sat) 4 Oct 1997 (W40),Cardiff City FC (10),1-1,?,Barnet FC (10)
?,(Sat) 4 Oct 1997 (W40),Chester FC (10),3-1,?,Hartlepool United FC (10)
?,(Sat) 4 Oct 1997 (W40),Doncaster Rovers FC (10),1-3,?,Brighton & Hove Albion FC (10)
?,(Sat) 4 Oct 1997 (W40),Exeter City FC (10),1-1,?,Scarborough Athletic FC (10)
?,(Sat) 4 Oct 1997 (W40),Hull City AFC (10),3-3,?,Torquay United FC (10)
?,(Sat) 4 Oct 1997 (W40),Leyton Orient FC (10),1-1,?,Macclesfield Town FC (10)
?,(Sat) 4 Oct 1997 (W40),Lincoln City FC (10),0-0,?,Cambridge United FC (10)
?,(Sat) 4 Oct 1997 (W40),Mansfield Town FC (10),1-1,?,Colchester United FC (10)
?,(Sat) 4 Oct 1997 (W40),Notts County FC (10),1-1,?,Darlington FC (10)
?,(Sat) 4 Oct 1997 (W40),Peterborough United FC (10),3-1,?,Swansea City AFC (10)
?,(Sat) 4 Oct 1997 (W40),Rochdale AFC (10),2-0,?,Scunthorpe United FC (10)
?,(Sat) 4 Oct 1997 (W40),Shrewsbury Town FC (10),2-1,?,Rotherham United FC (10)
?,(Sat) 11 Oct 1997 (W41),Chester FC (11),2-0,?,Brighton & Hove Albion FC (11)
?,(Sat) 11 Oct 1997 (W41),Doncaster Rovers FC (11),2-2,?,Hartlepool United FC (11)
?,(Sat) 11 Oct 1997 (W41),Exeter City FC (11),1-0,?,Swansea City AFC (11)
?,(Sat) 11 Oct 1997 (W41),Hull City AFC (11),3-0,?,Scarborough Athletic FC (11)
?,(Sat) 11 Oct 1997 (W41),Leyton Orient FC (11),1-1,?,Rotherham United FC (11)
?,(Sat) 11 Oct 1997 (W41),Lincoln City FC (11),1-1,?,Torquay United FC (11)
?,(Sat) 11 Oct 1997 (W41),Mansfield Town FC (11),3-2,?,Cambridge United FC (11)
?,(Sat) 11 Oct 1997 (W41),Notts County FC (11),1-1,?,Macclesfield Town FC (11)
?,(Sat) 11 Oct 1997 (W41),Peterborough United FC (11),3-2,?,Colchester United FC (11)
?,(Sat) 11 Oct 1997 (W41),Rochdale AFC (11),5-0,?,Darlington FC (11)
?,(Sat) 11 Oct 1997 (W41),Shrewsbury Town FC (11),2-0,?,Barnet FC (11)
?,(Sat) 18 Oct 1997 (W42),Barnet FC (12),2-0,?,Hull City AFC (12)
?,(Sat) 18 Oct 1997 (W42),Brighton & Hove Albion FC (12),1-3,?,Exeter City FC (12)
?,(Sat) 18 Oct 1997 (W42),Cambridge United FC (12),1-1,?,Rochdale AFC (12)
?,(Sat) 18 Oct 1997 (W42),Colchester United FC (12),1-1,?,Shrewsbury Town FC (12)
?,(Sat) 18 Oct 1997 (W42),Darlington FC (12),5-1,?,Doncaster Rovers FC (12)
?,(Sat) 18 Oct 1997 (W42),Hartlepool United FC (12),2-2,?,Leyton Orient FC (12)
?,(Sat) 18 Oct 1997 (W42),Macclesfield Town FC (12),1-0,?,Mansfield Town FC (12)
?,(Sat) 18 Oct 1997 (W42),Rotherham United FC (12),1-1,?,Cardiff City FC (11)
?,(Sat) 18 Oct 1997 (W42),Scarborough Athletic FC (12),1-3,?,Peterborough United FC (12)
?,(Sat) 18 Oct 1997 (W42),Scunthorpe United FC (11),0-1,?,Lincoln City FC (12)
?,(Sat) 18 Oct 1997 (W42),Swansea City AFC (12),1-2,?,Notts County FC (12)
?,(Sat) 18 Oct 1997 (W42),Torquay United FC (12),3-1,?,Chester FC (12)
?,(Tue) 21 Oct 1997 (W43),Barnet FC (13),3-1,?,Rochdale AFC (13)
?,(Tue) 21 Oct 1997 (W43),Cambridge United FC (13),0-1,?,Hull City AFC (13)
?,(Tue) 21 Oct 1997 (W43),Colchester United FC (13),2-1,?,Doncaster Rovers FC (13)
?,(Tue) 21 Oct 1997 (W43),Darlington FC (13),0-0,?,Cardiff City FC (12)
?,(Tue) 21 Oct 1997 (W43),Hartlepool United FC (13),2-1,?,Peterborough United FC (13)
?,(Tue) 21 Oct 1997 (W43),Macclesfield Town FC (13),2-2,?,Exeter City FC (13)
?,(Tue) 21 Oct 1997 (W43),Rotherham United FC (13),1-1,?,Notts County FC (13)
?,(Tue) 21 Oct 1997 (W43),Scarborough Athletic FC (13),4-1,?,Chester FC (13)
?,(Tue) 21 Oct 1997 (W43),Scunthorpe United FC (12),1-1,?,Shrewsbury Town FC (13)
?,(Tue) 21 Oct 1997 (W43),Swansea City AFC (13),0-1,?,Mansfield Town FC (13)
?,(Tue) 21 Oct 1997 (W43),Torquay United FC (13),1-1,?,Leyton Orient FC (13)
?,(Wed) 22 Oct 1997 (W43),Brighton & Hove Albion FC (13),0-1,?,Lincoln City FC (13)
?,(Thu) 23 Oct 1997 (W43),Doncaster Rovers FC (14),0-3,?,Swansea City AFC (14)
?,(Sat) 25 Oct 1997 (W43),Cardiff City FC (13),1-1,?,Hartlepool United FC (14)
?,(Sat) 25 Oct 1997 (W43),Chester FC (14),1-1,?,Macclesfield Town FC (14)
?,(Sat) 25 Oct 1997 (W43),Exeter City FC (14),2-3,?,Scunthorpe United FC (13)
?,(Sat) 25 Oct 1997 (W43),Hull City AFC (14),0-0,?,Brighton & Hove Albion FC (14)
?,(Sat) 25 Oct 1997 (W43),Leyton Orient FC (14),0-2,?,Colchester United FC (14)
?,(Sat) 25 Oct 1997 (W43),Lincoln City FC (14),3-1,?,Darlington FC (14)
?,(Sat) 25 Oct 1997 (W43),Mansfield Town FC (14),1-2,?,Barnet FC (14)
?,(Sat) 25 Oct 1997 (W43),Notts County FC (14),1-0,?,Cambridge United FC (14)
?,(Sat) 25 Oct 1997 (W43),Peterborough United FC (14),2-0,?,Torquay United FC (14)
?,(Sat) 25 Oct 1997 (W43),Rochdale AFC (14),0-1,?,Rotherham United FC (14)
?,(Sat) 25 Oct 1997 (W43),Shrewsbury Town FC (14),0-1,?,Scarborough Athletic FC (14)
?,(Fri) 31 Oct 1997 (W44),Colchester United FC (15),3-3,?,Scunthorpe United FC (14)
?,(Sat) 1 Nov 1997 (W44),Barnet FC (15),1-2,?,Notts County FC (15)
?,(Sat) 1 Nov 1997 (W44),Cambridge United FC (15),1-1,?,Torquay United FC (15)
?,(Sat) 1 Nov 1997 (W44),Chester FC (15),4-0,?,Rochdale AFC (15)
?,(Sat) 1 Nov 1997 (W44),Darlington FC (15),4-3,?,Hull City AFC (15)
?,(Sat) 1 Nov 1997 (W44),Exeter City FC (15),0-0,?,Peterborough United FC (15)
?,(Sat) 1 Nov 1997 (W44),Hartlepool United FC (15),0-0,?,Brighton & Hove Albion FC (15)
?,(Sat) 1 Nov 1997 (W44),Lincoln City FC (15),1-0,?,Leyton Orient FC (15)
?,(Sat) 1 Nov 1997 (W44),Rotherham United FC (15),1-0,?,Macclesfield Town FC (15)
?,(Sat) 1 Nov 1997 (W44),Scarborough Athletic FC (15),4-0,?,Doncaster Rovers FC (15)
?,(Sat) 1 Nov 1997 (W44),Shrewsbury Town FC (15),3-2,?,Mansfield Town FC (15)
?,(Sun) 2 Nov 1997 (W44),Cardiff City FC (14),0-1,?,Swansea City AFC (15)
?,(Tue) 4 Nov 1997 (W45),Doncaster Rovers FC (16),1-1,?,Cardiff City FC (15)
?,(Tue) 4 Nov 1997 (W45),Hull City AFC (16),3-2,?,Exeter City FC (16)
?,(Tue) 4 Nov 1997 (W45),Leyton Orient FC (16),3-1,?,Scarborough Athletic FC (16)
?,(Tue) 4 Nov 1997 (W45),Macclesfield Town FC (16),0-0,?,Colchester United FC (16)
?,(Tue) 4 Nov 1997 (W45),Mansfield Town FC (16),3-3,?,Rotherham United FC (16)
?,(Tue) 4 Nov 1997 (W45),Notts County FC (16),1-2,?,Chester FC (16)
?,(Tue) 4 Nov 1997 (W45),Peterborough United FC (16),1-1,?,Shrewsbury Town FC (16)
?,(Tue) 4 Nov 1997 (W45),Rochdale AFC (16),0-0,?,Lincoln City FC (16)
?,(Tue) 4 Nov 1997 (W45),Scunthorpe United FC (15),3-3,?,Cambridge United FC (16)
?,(Tue) 4 Nov 1997 (W45),Swansea City AFC (16),0-2,?,Hartlepool United FC (16)
?,(Tue) 4 Nov 1997 (W45),Torquay United FC (16),2-1,?,Darlington FC (16)
?,(Wed) 5 Nov 1997 (W45),Brighton & Hove Albion FC (16),0-3,?,Barnet FC (16)
?,(Sat) 8 Nov 1997 (W45),Barnet FC (17),1-1,?,Doncaster Rovers FC (17)
?,(Sat) 8 Nov 1997 (W45),Brighton & Hove Albion FC (17),1-2,?,Rotherham United FC (17)
?,(Sat) 8 Nov 1997 (W45),Cardiff City FC (16),1-1,?,Torquay United FC (17)
?,(Sat) 8 Nov 1997 (W45),Hull City AFC (17),1-4,?,Shrewsbury Town FC (17)
?,(Sat) 8 Nov 1997 (W45),Leyton Orient FC (17),1-0,?,Chester FC (17)
?,(Sat) 8 Nov 1997 (W45),Macclesfield Town FC (17),3-1,?,Cambridge United FC (17)
?,(Sat) 8 Nov 1997 (W45),Mansfield Town FC (17),3-2,?,Scarborough Athletic FC (17)
?,(Sat) 8 Nov 1997 (W45),Notts County FC (17),1-1,?,Exeter City FC (17)
?,(Sat) 8 Nov 1997 (W45),Peterborough United FC (17),1-1,?,Darlington FC (17)
?,(Sat) 8 Nov 1997 (W45),Rochdale AFC (17),2-1,?,Colchester United FC (17)
?,(Sat) 8 Nov 1997 (W45),Scunthorpe United FC (16),1-1,?,Hartlepool United FC (17)
?,(Sat) 8 Nov 1997 (W45),Swansea City AFC (17),0-0,?,Lincoln City FC (17)
?,(Tue) 11 Nov 1997 (W46),Cardiff City FC (17),0-0,?,Scunthorpe United FC (17)
?,(Tue) 18 Nov 1997 (W47),Barnet FC (18),3-3,?,Torquay United FC (18)
?,(Tue) 18 Nov 1997 (W47),Cambridge United FC (18),1-1,?,Brighton & Hove Albion FC (18)
?,(Tue) 18 Nov 1997 (W47),Cardiff City FC (18),2-1,?,Hull City AFC (18)
?,(Tue) 18 Nov 1997 (W47),Chester FC (18),0-0,?,Peterborough United FC (18)
?,(Tue) 18 Nov 1997 (W47),Colchester United FC (18),2-0,?,Notts County FC (18)
?,(Tue) 18 Nov 1997 (W47),Darlington FC (18),1-0,?,Leyton Orient FC (18)
?,(Tue) 18 Nov 1997 (W47),Exeter City FC (18),1-0,?,Mansfield Town FC (18)
?,(Tue) 18 Nov 1997 (W47),Hartlepool United FC (18),2-0,?,Rochdale AFC (18)
?,(Tue) 18 Nov 1997 (W47),Lincoln City FC (18),2-1,?,Doncaster Rovers FC (18)
?,(Tue) 18 Nov 1997 (W47),Rotherham United FC (18),1-3,?,Scunthorpe United FC (18)
?,(Tue) 18 Nov 1997 (W47),Scarborough Athletic FC (18),3-2,?,Swansea City AFC (18)
?,(Tue) 18 Nov 1997 (W47),Shrewsbury Town FC (18),4-3,?,Macclesfield Town FC (18)
?,(Sat) 22 Nov 1997 (W47),Brighton & Hove Albion FC (19),0-1,?,Cardiff City FC (19)
?,(Sat) 22 Nov 1997 (W47),Colchester United FC (19),0-1,?,Lincoln City FC (19)
?,(Sat) 22 Nov 1997 (W47),Darlington FC (19),1-1,?,Cambridge United FC (19)
?,(Sat) 22 Nov 1997 (W47),Doncaster Rovers FC (19),0-3,?,Rochdale AFC (19)
?,(Sat) 22 Nov 1997 (W47),Exeter City FC (19),2-2,?,Shrewsbury Town FC (19)
?,(Sat) 22 Nov 1997 (W47),Hartlepool United FC (19),2-0,?,Barnet FC (19)
?,(Sat) 22 Nov 1997 (W47),Leyton Orient FC (19),1-1,?,Notts County FC (19)
?,(Sat) 22 Nov 1997 (W47),Macclesfield Town FC (19),2-0,?,Hull City AFC (19)
?,(Sat) 22 Nov 1997 (W47),Peterborough United FC (19),1-1,?,Mansfield Town FC (19)
?,(Sat) 22 Nov 1997 (W47),Scarborough Athletic FC (19),1-2,?,Rotherham United FC (19)
?,(Sat) 22 Nov 1997 (W47),Torquay United FC (19),2-4,?,Scunthorpe United FC (19)
?,(Mon) 24 Nov 1997 (W48),Chester FC (19),2-0,?,Swansea City AFC (19)
?,(Sat) 29 Nov 1997 (W48),Barnet FC (20),2-0,?,Darlington FC (20)
?,(Sat) 29 Nov 1997 (W48),Cambridge United FC (20),2-0,?,Hartlepool United FC (20)
?,(Sat) 29 Nov 1997 (W48),Cardiff City FC (20),1-1,?,Scarborough Athletic FC (20)
?,(Sat) 29 Nov 1997 (W48),Chester FC (20),1-1,?,Exeter City FC (20)
?,(Sat) 29 Nov 1997 (W48),Hull City AFC (20),3-0,?,Doncaster Rovers FC (20)
?,(Sat) 29 Nov 1997 (W48),Lincoln City FC (20),1-1,?,Macclesfield Town FC (20)
?,(Sat) 29 Nov 1997 (W48),Mansfield Town FC (20),0-0,?,Leyton Orient FC (20)
?,(Sat) 29 Nov 1997 (W48),Notts County FC (20),2-2,?,Peterborough United FC (20)
?,(Sat) 29 Nov 1997 (W48),Rochdale AFC (20),0-1,?,Torquay United FC (20)
?,(Sat) 29 Nov 1997 (W48),Rotherham United FC (20),3-2,?,Colchester United FC (20)
?,(Sat) 29 Nov 1997 (W48),Scunthorpe United FC (20),0-2,?,Brighton & Hove Albion FC (20)
?,(Sat) 29 Nov 1997 (W48),Shrewsbury Town FC (20),0-1,?,Swansea City AFC (20)
?,(Tue) 2 Dec 1997 (W49),Doncaster Rovers FC (21),2-1,?,Chester FC (21)
?,(Tue) 2 Dec 1997 (W49),Exeter City FC (21),1-2,?,Lincoln City FC (21)
?,(Tue) 2 Dec 1997 (W49),Hartlepool United FC (21),2-2,?,Hull City AFC (21)
?,(Tue) 2 Dec 1997 (W49),Leyton Orient FC (21),2-0,?,Barnet FC (21)
?,(Tue) 2 Dec 1997 (W49),Peterborough United FC (21),1-0,?,Cambridge United FC (21)
?,(Tue) 2 Dec 1997 (W49),Swansea City AFC (21),1-1,?,Rotherham United FC (21)
?,(Tue) 2 Dec 1997 (W49),Torquay United FC (21),2-1,?,Mansfield Town FC (21)
?,(Wed) 3 Dec 1997 (W49),Brighton & Hove Albion FC (21),0-1,?,Notts County FC (21)
?,(Sat) 6 Dec 1997 (W49),Scarborough Athletic FC (21),1-0,?,Rochdale AFC (21)
?,(Fri) 12 Dec 1997 (W50),Cambridge United FC (22),2-1,?,Exeter City FC (22)
?,(Sat) 13 Dec 1997 (W50),Barnet FC (22),3-1,?,Macclesfield Town FC (21)
?,(Sat) 13 Dec 1997 (W50),Cardiff City FC (21),0-0,?,Peterborough United FC (22)
?,(Sat) 13 Dec 1997 (W50),Chester FC (22),2-1,?,Darlington FC (21)
?,(Sat) 13 Dec 1997 (W50),Hull City AFC (22),3-1,?,Colchester United FC (21)
?,(Sat) 13 Dec 1997 (W50),Lincoln City FC (22),1-1,?,Hartlepool United FC (22)
?,(Sat) 13 Dec 1997 (W50),Mansfield Town FC (22),1-1,?,Brighton & Hove Albion FC (22)
?,(Sat) 13 Dec 1997 (W50),Notts County FC (22),5-2,?,Doncaster Rovers FC (22)
?,(Sat) 13 Dec 1997 (W50),Rochdale AFC (22),3-0,?,Swansea City AFC (22)
?,(Sat) 13 Dec 1997 (W50),Rotherham United FC (22),0-1,?,Torquay United FC (22)
?,(Sat) 13 Dec 1997 (W50),Scunthorpe United FC (21),1-3,?,Scarborough Athletic FC (22)
?,(Sat) 13 Dec 1997 (W50),Shrewsbury Town FC (21),1-2,?,Leyton Orient FC (22)
?,(Fri) 19 Dec 1997 (W51),Colchester United FC (22),2-0,?,Chester FC (23)
?,(Fri) 19 Dec 1997 (W51),Doncaster Rovers FC (23),0-3,?,Rotherham United FC (23)
?,(Fri) 19 Dec 1997 (W51),Scarborough Athletic FC (23),1-0,?,Barnet FC (23)
?,(Sat) 20 Dec 1997 (W51),Brighton & Hove Albion FC (23),0-0,?,Shrewsbury Town FC (22)
?,(Sat) 20 Dec 1997 (W51),Darlington FC (22),1-0,?,Scunthorpe United FC (22)
?,(Sat) 20 Dec 1997 (W51),Exeter City FC (23),3-0,?,Rochdale AFC (23)
?,(Sat) 20 Dec 1997 (W51),Hartlepool United FC (23),2-2,?,Mansfield Town FC (23)
?,(Sat) 20 Dec 1997 (W51),Leyton Orient FC (23),2-1,?,Hull City AFC (23)
?,(Sat) 20 Dec 1997 (W51),Macclesfield Town FC (22),1-0,?,Cardiff City FC (22)
?,(Sat) 20 Dec 1997 (W51),Peterborough United FC (23),5-1,?,Lincoln City FC (23)
?,(Sat) 20 Dec 1997 (W51),Swansea City AFC (23),1-1,?,Cambridge United FC (23)
?,(Sat) 20 Dec 1997 (W51),Torquay United FC (23),0-2,?,Notts County FC (23)
?,(Fri) 26 Dec 1997 (W52),Barnet FC (24),2-0,?,Peterborough United FC (24)
?,(Fri) 26 Dec 1997 (W52),Brighton & Hove Albion FC (24),4-4,?,Colchester United FC (23)
?,(Fri) 26 Dec 1997 (W52),Cambridge United FC (24),1-0,?,Leyton Orient FC (24)
?,(Fri) 26 Dec 1997 (W52),Cardiff City FC (23),1-1,?,Exeter City FC (24)
?,(Fri) 26 Dec 1997 (W52),Darlington FC (23),4-2,?,Macclesfield Town FC (23)
?,(Fri) 26 Dec 1997 (W52),Hartlepool United FC (24),3-0,?,Scarborough Athletic FC (24)
?,(Fri) 26 Dec 1997 (W52),Hull City AFC (24),1-2,?,Chester FC (24)
?,(Fri) 26 Dec 1997 (W52),Lincoln City FC (24),0-1,?,Rotherham United FC (24)
?,(Fri) 26 Dec 1997 (W52),Rochdale AFC (24),3-1,?,Shrewsbury Town FC (23)
?,(Fri) 26 Dec 1997 (W52),Scunthorpe United FC (23),1-2,?,Notts County FC (24)
?,(Fri) 26 Dec 1997 (W52),Torquay United FC (24),2-0,?,Swansea City AFC (24)
?,(Sun) 28 Dec 1997 (W52),Chester FC (25),1-0,?,Scunthorpe United FC (24)
?,(Sun) 28 Dec 1997 (W52),Exeter City FC (25),1-1,?,Torquay United FC (25)
?,(Sun) 28 Dec 1997 (W52),Leyton Orient FC (25),8-0,?,Doncaster Rovers FC (24)
?,(Sun) 28 Dec 1997 (W52),Macclesfield Town FC (24),1-0,?,Rochdale AFC (25)
?,(Sun) 28 Dec 1997 (W52),Mansfield Town FC (24),2-2,?,Lincoln City FC (25)
?,(Sun) 28 Dec 1997 (W52),Notts County FC (25),2-0,?,Hartlepool United FC (25)
?,(Sun) 28 Dec 1997 (W52),Peterborough United FC (25),1-2,?,Brighton & Hove Albion FC (25)
?,(Sun) 28 Dec 1997 (W52),Rotherham United FC (25),5-4,?,Hull City AFC (25)
?,(Sun) 28 Dec 1997 (W52),Shrewsbury Town FC (24),3-2,?,Cardiff City FC (24)
?,(Sun) 28 Dec 1997 (W52),Swansea City AFC (25),0-2,?,Barnet FC (25)
?,(Mon) 29 Dec 1997 (W1),Colchester United FC (24),3-2,?,Cambridge United FC (25)
?,(Sat) 3 Jan 1998 (W1),Colchester United FC (25),1-2,?,Hartlepool United FC (26)
?,(Sat) 3 Jan 1998 (W1),Mansfield Town FC (25),3-0,?,Rochdale AFC (26)
?,(Tue) 6 Jan 1998 (W2),Scarborough Athletic FC (25),2-1,?,Darlington FC (24)
?,(Sat) 10 Jan 1998 (W2),Barnet FC (26),0-0,?,Rotherham United FC (26)
?,(Sat) 10 Jan 1998 (W2),Brighton & Hove Albion FC (26),0-1,?,Swansea City AFC (26)
?,(Sat) 10 Jan 1998 (W2),Cambridge United FC (26),2-3,?,Scarborough Athletic FC (26)
?,(Sat) 10 Jan 1998 (W2),Cardiff City FC (25),1-0,?,Leyton Orient FC (26)
?,(Sat) 10 Jan 1998 (W2),Darlington FC (25),4-2,?,Colchester United FC (26)
?,(Sat) 10 Jan 1998 (W2),Doncaster Rovers FC (25),1-0,?,Shrewsbury Town FC (25)
?,(Sat) 10 Jan 1998 (W2),Hartlepool United FC (27),1-1,?,Exeter City FC (26)
?,(Sat) 10 Jan 1998 (W2),Hull City AFC (26),0-0,?,Mansfield Town FC (26)
?,(Sat) 10 Jan 1998 (W2),Lincoln City FC (26),1-3,?,Chester FC (26)
?,(Sat) 10 Jan 1998 (W2),Rochdale AFC (27),1-2,?,Notts County FC (26)
?,(Sat) 10 Jan 1998 (W2),Scunthorpe United FC (25),1-3,?,Peterborough United FC (26)
?,(Sat) 10 Jan 1998 (W2),Torquay United FC (26),2-0,?,Macclesfield Town FC (25)
?,(Fri) 16 Jan 1998 (W3),Colchester United FC (27),1-0,?,Torquay United FC (27)
?,(Sat) 17 Jan 1998 (W3),Chester FC (27),0-1,?,Barnet FC (27)
?,(Sat) 17 Jan 1998 (W3),Exeter City FC (27),5-1,?,Doncaster Rovers FC (26)
?,(Sat) 17 Jan 1998 (W3),Leyton Orient FC (27),3-1,?,Brighton & Hove Albion FC (27)
?,(Sat) 17 Jan 1998 (W3),Macclesfield Town FC (26),2-1,?,Hartlepool United FC (28)
?,(Sat) 17 Jan 1998 (W3),Mansfield Town FC (27),1-0,?,Scunthorpe United FC (26)
?,(Sat) 17 Jan 1998 (W3),Notts County FC (27),3-1,?,Cardiff City FC (26)
?,(Sat) 17 Jan 1998 (W3),Peterborough United FC (27),3-1,?,Rochdale AFC (28)
?,(Sat) 17 Jan 1998 (W3),Rotherham United FC (27),3-0,?,Darlington FC (26)
?,(Sat) 17 Jan 1998 (W3),Scarborough Athletic FC (27),2-2,?,Lincoln City FC (27)
?,(Sat) 17 Jan 1998 (W3),Shrewsbury Town FC (26),1-1,?,Cambridge United FC (27)
?,(Sat) 17 Jan 1998 (W3),Swansea City AFC (27),2-0,?,Hull City AFC (27)
?,(Tue) 20 Jan 1998 (W4),Colchester United FC (28),2-1,?,Cardiff City FC (27)
?,(Tue) 20 Jan 1998 (W4),Exeter City FC (28),0-0,?,Barnet FC (28)
?,(Tue) 20 Jan 1998 (W4),Macclesfield Town FC (27),2-0,?,Scunthorpe United FC (27)
?,(Tue) 20 Jan 1998 (W4),Notts County FC (28),1-0,?,Hull City AFC (28)
?,(Tue) 20 Jan 1998 (W4),Scarborough Athletic FC (28),4-1,?,Torquay United FC (28)
?,(Sat) 24 Jan 1998 (W4),Barnet FC (29),3-2,?,Colchester United FC (29)
?,(Sat) 24 Jan 1998 (W4),Brighton & Hove Albion FC (28),1-1,?,Scarborough Athletic FC (29)
?,(Sat) 24 Jan 1998 (W4),Cambridge United FC (28),1-2,?,Chester FC (28)
?,(Sat) 24 Jan 1998 (W4),Darlington FC (27),3-2,?,Exeter City FC (29)
?,(Sat) 24 Jan 1998 (W4),Doncaster Rovers FC (27),0-3,?,Macclesfield Town FC (28)
?,(Sat) 24 Jan 1998 (W4),Hartlepool United FC (29),0-0,?,Rotherham United FC (28)
?,(Sat) 24 Jan 1998 (W4),Hull City AFC (29),3-1,?,Peterborough United FC (28)
?,(Sat) 24 Jan 1998 (W4),Lincoln City FC (28),3-5,?,Notts County FC (29)
?,(Sat) 24 Jan 1998 (W4),Rochdale AFC (29),0-2,?,Leyton Orient FC (28)
?,(Sat) 24 Jan 1998 (W4),Scunthorpe United FC (28),1-0,?,Swansea City AFC (28)
?,(Sat) 24 Jan 1998 (W4),Torquay United FC (29),3-0,?,Shrewsbury Town FC (27)
?,(Tue) 27 Jan 1998 (W5),Chester FC (29),0-0,?,Cardiff City FC (28)
?,(Tue) 27 Jan 1998 (W5),Macclesfield Town FC (29),1-0,?,Brighton & Hove Albion FC (29)
?,(Tue) 27 Jan 1998 (W5),Rotherham United FC (29),2-2,?,Cambridge United FC (29)
?,(Tue) 27 Jan 1998 (W5),Swansea City AFC (29),4-0,?,Darlington FC (28)
?,(Fri) 30 Jan 1998 (W5),Doncaster Rovers FC (28),1-2,?,Scunthorpe United FC (29)
?,(Sat) 31 Jan 1998 (W5),Barnet FC (30),2-0,?,Cambridge United FC (30)
?,(Sat) 31 Jan 1998 (W5),Darlington FC (29),1-0,?,Brighton & Hove Albion FC (30)
?,(Sat) 31 Jan 1998 (W5),Exeter City FC (30),2-2,?,Leyton Orient FC (29)
?,(Sat) 31 Jan 1998 (W5),Lincoln City FC (29),1-0,?,Hull City AFC (30)
?,(Sat) 31 Jan 1998 (W5),Mansfield Town FC (28),0-2,?,Notts County FC (30)
?,(Sat) 31 Jan 1998 (W5),Peterborough United FC (29),1-0,?,Rotherham United FC (30)
?,(Sat) 31 Jan 1998 (W5),Rochdale AFC (30),0-0,?,Cardiff City FC (29)
?,(Sat) 31 Jan 1998 (W5),Scarborough Athletic FC (30),1-1,?,Colchester United FC (30)
?,(Sat) 31 Jan 1998 (W5),Shrewsbury Town FC (28),1-1,?,Chester FC (30)
?,(Sat) 31 Jan 1998 (W5),Swansea City AFC (30),1-1,?,Macclesfield Town FC (30)
?,(Sat) 31 Jan 1998 (W5),Torquay United FC (30),1-0,?,Hartlepool United FC (30)
?,(Tue) 3 Feb 1998 (W6),Doncaster Rovers FC (29),0-3,?,Mansfield Town FC (29)
?,(Fri) 6 Feb 1998 (W6),Colchester United FC (31),1-2,?,Swansea City AFC (31)
?,(Fri) 6 Feb 1998 (W6),Leyton Orient FC (30),1-0,?,Peterborough United FC (30)
?,(Sat) 7 Feb 1998 (W6),Brighton & Hove Albion FC (31),1-4,?,Torquay United FC (31)
?,(Sat) 7 Feb 1998 (W6),Cambridge United FC (31),2-1,?,Doncaster Rovers FC (30)
?,(Sat) 7 Feb 1998 (W6),Cardiff City FC (30),0-1,?,Lincoln City FC (30)
?,(Sat) 7 Feb 1998 (W6),Chester FC (31),0-1,?,Mansfield Town FC (30)
?,(Sat) 7 Feb 1998 (W6),Hartlepool United FC (31),2-2,?,Darlington FC (30)
?,(Sat) 7 Feb 1998 (W6),Hull City AFC (31),0-2,?,Rochdale AFC (31)
?,(Sat) 7 Feb 1998 (W6),Macclesfield Town FC (31),3-1,?,Scarborough Athletic FC (31)
?,(Sat) 7 Feb 1998 (W6),Notts County FC (31),1-1,?,Shrewsbury Town FC (29)
?,(Sat) 7 Feb 1998 (W6),Rotherham United FC (31),1-0,?,Exeter City FC (31)
?,(Sat) 7 Feb 1998 (W6),Scunthorpe United FC (30),1-1,?,Barnet FC (31)
?,(Tue) 10 Feb 1998 (W7),Peterborough United FC (31),0-1,?,Doncaster Rovers FC (31)
?,(Fri) 13 Feb 1998 (W7),Cambridge United FC (32),1-1,?,Lincoln City FC (31)
?,(Fri) 13 Feb 1998 (W7),Colchester United FC (32),2-0,?,Mansfield Town FC (31)
?,(Sat) 14 Feb 1998 (W7),Barnet FC (32),2-2,?,Cardiff City FC (31)
?,(Sat) 14 Feb 1998 (W7),Brighton & Hove Albion FC (32),0-0,?,Doncaster Rovers FC (32)
?,(Sat) 14 Feb 1998 (W7),Darlington FC (31),0-2,?,Notts County FC (32)
?,(Sat) 14 Feb 1998 (W7),Hartlepool United FC (32),0-0,?,Chester FC (32)
?,(Sat) 14 Feb 1998 (W7),Macclesfield Town FC (32),1-0,?,Leyton Orient FC (31)
?,(Sat) 14 Feb 1998 (W7),Rotherham United FC (32),0-1,?,Shrewsbury Town FC (30)
?,(Sat) 14 Feb 1998 (W7),Scarborough Athletic FC (32),4-1,?,Exeter City FC (32)
?,(Sat) 14 Feb 1998 (W7),Scunthorpe United FC (31),2-0,?,Rochdale AFC (32)
?,(Sat) 14 Feb 1998 (W7),Swansea City AFC (32),0-1,?,Peterborough United FC (32)
?,(Sat) 14 Feb 1998 (W7),Torquay United FC (32),5-1,?,Hull City AFC (32)
?,(Tue) 17 Feb 1998 (W8),Cardiff City FC (32),4-1,?,Mansfield Town FC (32)
?,(Sat) 21 Feb 1998 (W8),Cardiff City FC (33),0-0,?,Cambridge United FC (33)
?,(Sat) 21 Feb 1998 (W8),Chester FC (33),4-0,?,Rotherham United FC (33)
?,(Sat) 21 Feb 1998 (W8),Doncaster Rovers FC (33),0-1,?,Torquay United FC (33)
?,(Sat) 21 Feb 1998 (W8),Exeter City FC (33),0-1,?,Colchester United FC (33)
?,(Sat) 21 Feb 1998 (W8),Hull City AFC (33),2-1,?,Scunthorpe United FC (32)
?,(Sat) 21 Feb 1998 (W8),Leyton Orient FC (32),2-2,?,Swansea City AFC (33)
?,(Sat) 21 Feb 1998 (W8),Lincoln City FC (32),2-0,?,Barnet FC (33)
?,(Sat) 21 Feb 1998 (W8),Mansfield Town FC (33),4-0,?,Darlington FC (32)
?,(Sat) 21 Feb 1998 (W8),Notts County FC (33),1-0,?,Scarborough Athletic FC (33)
?,(Sat) 21 Feb 1998 (W8),Peterborough United FC (33),0-1,?,Macclesfield Town FC (33)
?,(Sat) 21 Feb 1998 (W8),Rochdale AFC (33),2-0,?,Brighton & Hove Albion FC (33)
?,(Sat) 21 Feb 1998 (W8),Shrewsbury Town FC (31),1-0,?,Hartlepool United FC (33)
?,(Tue) 24 Feb 1998 (W9),Cardiff City FC (34),2-2,?,Rotherham United FC (34)
?,(Tue) 24 Feb 1998 (W9),Chester FC (34),1-3,?,Torquay United FC (34)
?,(Tue) 24 Feb 1998 (W9),Doncaster Rovers FC (34),0-2,?,Darlington FC (33)
?,(Tue) 24 Feb 1998 (W9),Exeter City FC (34),2-1,?,Brighton & Hove Albion FC (34)
?,(Tue) 24 Feb 1998 (W9),Hull City AFC (34),0-2,?,Barnet FC (34)
?,(Tue) 24 Feb 1998 (W9),Leyton Orient FC (33),2-1,?,Hartlepool United FC (34)
?,(Tue) 24 Feb 1998 (W9),Lincoln City FC (33),1-1,?,Scunthorpe United FC (33)
?,(Tue) 24 Feb 1998 (W9),Mansfield Town FC (34),1-0,?,Macclesfield Town FC (34)
?,(Tue) 24 Feb 1998 (W9),Notts County FC (34),2-1,?,Swansea City AFC (34)
?,(Tue) 24 Feb 1998 (W9),Peterborough United FC (34),0-0,?,Scarborough Athletic FC (34)
?,(Tue) 24 Feb 1998 (W9),Rochdale AFC (34),2-0,?,Cambridge United FC (34)
?,(Tue) 24 Feb 1998 (W9),Shrewsbury Town FC (32),0-2,?,Colchester United FC (34)
?,(Fri) 27 Feb 1998 (W9),Colchester United FC (35),1-0,?,Peterborough United FC (35)
?,(Sat) 28 Feb 1998 (W9),Barnet FC (35),1-1,?,Shrewsbury Town FC (33)
?,(Sat) 28 Feb 1998 (W9),Brighton & Hove Albion FC (35),3-2,?,Chester FC (35)
?,(Sat) 28 Feb 1998 (W9),Cambridge United FC (35),2-0,?,Mansfield Town FC (35)
?,(Sat) 28 Feb 1998 (W9),Darlington FC (34),1-0,?,Rochdale AFC (35)
?,(Sat) 28 Feb 1998 (W9),Hartlepool United FC (35),3-1,?,Doncaster Rovers FC (35)
?,(Sat) 28 Feb 1998 (W9),Macclesfield Town FC (35),2-0,?,Notts County FC (35)
?,(Sat) 28 Feb 1998 (W9),Rotherham United FC (35),2-1,?,Leyton Orient FC (34)
?,(Sat) 28 Feb 1998 (W9),Scarborough Athletic FC (35),2-1,?,Hull City AFC (35)
?,(Sat) 28 Feb 1998 (W9),Scunthorpe United FC (34),3-3,?,Cardiff City FC (35)
?,(Sat) 28 Feb 1998 (W9),Swansea City AFC (35),2-1,?,Exeter City FC (35)
?,(Sat) 28 Feb 1998 (W9),Torquay United FC (35),3-2,?,Lincoln City FC (34)
?,(Tue) 3 Mar 1998 (W10),Cambridge United FC (36),0-0,?,Macclesfield Town FC (36)
?,(Tue) 3 Mar 1998 (W10),Chester FC (36),1-1,?,Leyton Orient FC (35)
?,(Tue) 3 Mar 1998 (W10),Colchester United FC (36),0-0,?,Rochdale AFC (36)
?,(Tue) 3 Mar 1998 (W10),Darlington FC (35),3-1,?,Peterborough United FC (36)
?,(Tue) 3 Mar 1998 (W10),Doncaster Rovers FC (36),0-2,?,Barnet FC (36)
?,(Tue) 3 Mar 1998 (W10),Exeter City FC (36),2-5,?,Notts County FC (36)
?,(Tue) 3 Mar 1998 (W10),Hartlepool United FC (36),0-1,?,Scunthorpe United FC (35)
?,(Tue) 3 Mar 1998 (W10),Lincoln City FC (35),1-1,?,Swansea City AFC (36)
?,(Tue) 3 Mar 1998 (W10),Rotherham United FC (36),0-0,?,Brighton & Hove Albion FC (36)
?,(Tue) 3 Mar 1998 (W10),Scarborough Athletic FC (36),2-2,?,Mansfield Town FC (36)
?,(Tue) 3 Mar 1998 (W10),Shrewsbury Town FC (34),2-0,?,Hull City AFC (36)
?,(Tue) 3 Mar 1998 (W10),Torquay United FC (36),1-0,?,Cardiff City FC (36)
?,(Sat) 7 Mar 1998 (W10),Brighton & Hove Albion FC (37),0-0,?,Hartlepool United FC (37)
?,(Sat) 7 Mar 1998 (W10),Hull City AFC (37),1-1,?,Darlington FC (36)
?,(Sat) 7 Mar 1998 (W10),Leyton Orient FC (36),1-0,?,Lincoln City FC (36)
?,(Sat) 7 Mar 1998 (W10),Macclesfield Town FC (37),0-0,?,Rotherham United FC (37)
?,(Sat) 7 Mar 1998 (W10),Mansfield Town FC (37),1-1,?,Shrewsbury Town FC (35)
?,(Sat) 7 Mar 1998 (W10),Notts County FC (37),2-0,?,Barnet FC (37)
?,(Sat) 7 Mar 1998 (W10),Peterborough United FC (37),1-1,?,Exeter City FC (37)
?,(Sat) 7 Mar 1998 (W10),Rochdale AFC (37),1-1,?,Chester FC (37)
?,(Sat) 7 Mar 1998 (W10),Scunthorpe United FC (36),1-0,?,Colchester United FC (37)
?,(Sat) 7 Mar 1998 (W10),Torquay United FC (37),0-3,?,Cambridge United FC (37)
?,(Sun) 8 Mar 1998 (W10),Swansea City AFC (37),1-1,?,Cardiff City FC (37)
?,(Tue) 10 Mar 1998 (W11),Doncaster Rovers FC (37),1-2,?,Scarborough Athletic FC (37)
?,(Sat) 14 Mar 1998 (W11),Barnet FC (38),2-0,?,Brighton & Hove Albion FC (38)
?,(Sat) 14 Mar 1998 (W11),Cambridge United FC (38),2-2,?,Scunthorpe United FC (37)
?,(Sat) 14 Mar 1998 (W11),Cardiff City FC (38),7-1,?,Doncaster Rovers FC (38)
?,(Sat) 14 Mar 1998 (W11),Chester FC (38),0-1,?,Notts County FC (38)
?,(Sat) 14 Mar 1998 (W11),Colchester United FC (38),5-1,?,Macclesfield Town FC (38)
?,(Sat) 14 Mar 1998 (W11),Darlington FC (37),1-2,?,Torquay United FC (38)
?,(Sat) 14 Mar 1998 (W11),Exeter City FC (38),3-0,?,Hull City AFC (38)
?,(Sat) 14 Mar 1998 (W11),Hartlepool United FC (38),4-2,?,Swansea City AFC (38)
?,(Sat) 14 Mar 1998 (W11),Lincoln City FC (37),2-0,?,Rochdale AFC (38)
?,(Sat) 14 Mar 1998 (W11),Rotherham United FC (38),2-2,?,Mansfield Town FC (38)
?,(Sat) 14 Mar 1998 (W11),Scarborough Athletic FC (38),2-0,?,Leyton Orient FC (37)
?,(Sat) 14 Mar 1998 (W11),Shrewsbury Town FC (36),4-1,?,Peterborough United FC (38)
?,(Sat) 21 Mar 1998 (W12),Brighton & Hove Albion FC (39),0-2,?,Cambridge United FC (39)
?,(Sat) 21 Mar 1998 (W12),Doncaster Rovers FC (39),2-4,?,Lincoln City FC (38)
?,(Sat) 21 Mar 1998 (W12),Hull City AFC (39),0-1,?,Cardiff City FC (39)
?,(Sat) 21 Mar 1998 (W12),Leyton Orient FC (38),2-0,?,Darlington FC (38)
?,(Sat) 21 Mar 1998 (W12),Macclesfield Town FC (39),2-1,?,Shrewsbury Town FC (37)
?,(Sat) 21 Mar 1998 (W12),Mansfield Town FC (39),3-2,?,Exeter City FC (39)
?,(Sat) 21 Mar 1998 (W12),Notts County FC (39),0-0,?,Colchester United FC (39)
?,(Sat) 21 Mar 1998 (W12),Peterborough United FC (39),2-1,?,Chester FC (39)
?,(Sat) 21 Mar 1998 (W12),Rochdale AFC (39),2-1,?,Hartlepool United FC (39)
?,(Sat) 21 Mar 1998 (W12),Scunthorpe United FC (38),1-1,?,Rotherham United FC (39)
?,(Sat) 21 Mar 1998 (W12),Swansea City AFC (39),0-0,?,Scarborough Athletic FC (39)
?,(Sat) 21 Mar 1998 (W12),Torquay United FC (39),0-0,?,Barnet FC (39)
?,(Tue) 24 Mar 1998 (W13),Shrewsbury Town FC (38),0-2,?,Lincoln City FC (39)
?,(Sun) 29 Mar 1998 (W13),Barnet FC (40),1-1,?,Hartlepool United FC (40)
?,(Sun) 29 Mar 1998 (W13),Cambridge United FC (40),1-0,?,Darlington FC (39)
?,(Sun) 29 Mar 1998 (W13),Cardiff City FC (40),0-0,?,Brighton & Hove Albion FC (40)
?,(Sun) 29 Mar 1998 (W13),Hull City AFC (40),0-0,?,Macclesfield Town FC (40)
?,(Sun) 29 Mar 1998 (W13),Lincoln City FC (40),0-1,?,Colchester United FC (40)
?,(Sun) 29 Mar 1998 (W13),Mansfield Town FC (40),2-0,?,Peterborough United FC (40)
?,(Sun) 29 Mar 1998 (W13),Notts County FC (40),1-0,?,Leyton Orient FC (39)
?,(Sun) 29 Mar 1998 (W13),Rochdale AFC (40),4-1,?,Doncaster Rovers FC (40)
?,(Sun) 29 Mar 1998 (W13),Rotherham United FC (40),0-0,?,Scarborough Athletic FC (40)
?,(Sun) 29 Mar 1998 (W13),Scunthorpe United FC (39),2-0,?,Torquay United FC (40)
?,(Sun) 29 Mar 1998 (W13),Shrewsbury Town FC (39),1-1,?,Exeter City FC (40)
?,(Sun) 29 Mar 1998 (W13),Swansea City AFC (40),2-0,?,Chester FC (40)
?,(Tue) 31 Mar 1998 (W14),Darlington FC (40),3-1,?,Shrewsbury Town FC (40)
?,(Fri) 3 Apr 1998 (W14),Colchester United FC (41),2-1,?,Rotherham United FC (41)
?,(Fri) 3 Apr 1998 (W14),Peterborough United FC (41),1-0,?,Notts County FC (41)
?,(Fri) 3 Apr 1998 (W14),Scarborough Athletic FC (41),3-1,?,Cardiff City FC (41)
?,(Sat) 4 Apr 1998 (W14),Brighton & Hove Albion FC (41),2-1,?,Scunthorpe United FC (40)
?,(Sat) 4 Apr 1998 (W14),Darlington FC (41),2-3,?,Barnet FC (41)
?,(Sat) 4 Apr 1998 (W14),Doncaster Rovers FC (41),1-0,?,Hull City AFC (41)
?,(Sat) 4 Apr 1998 (W14),Exeter City FC (41),5-0,?,Chester FC (41)
?,(Sat) 4 Apr 1998 (W14),Hartlepool United FC (41),3-3,?,Cambridge United FC (41)
?,(Sat) 4 Apr 1998 (W14),Leyton Orient FC (40),2-2,?,Mansfield Town FC (41)
?,(Sat) 4 Apr 1998 (W14),Macclesfield Town FC (41),1-0,?,Lincoln City FC (41)
?,(Sat) 4 Apr 1998 (W14),Swansea City AFC (41),0-1,?,Shrewsbury Town FC (41)
?,(Sat) 4 Apr 1998 (W14),Torquay United FC (41),0-0,?,Rochdale AFC (41)
?,(Sat) 11 Apr 1998 (W15),Barnet FC (42),1-2,?,Leyton Orient FC (41)
?,(Sat) 11 Apr 1998 (W15),Cambridge United FC (42),1-0,?,Peterborough United FC (42)
?,(Sat) 11 Apr 1998 (W15),Cardiff City FC (42),0-2,?,Colchester United FC (42)
?,(Sat) 11 Apr 1998 (W15),Chester FC (42),2-1,?,Doncaster Rovers FC (42)
?,(Sat) 11 Apr 1998 (W15),Hull City AFC (42),2-1,?,Hartlepool United FC (42)
?,(Sat) 11 Apr 1998 (W15),Mansfield Town FC (42),2-2,?,Torquay United FC (42)
?,(Sat) 11 Apr 1998 (W15),Notts County FC (42),2-2,?,Brighton & Hove Albion FC (42)
?,(Sat) 11 Apr 1998 (W15),Rochdale AFC (42),4-0,?,Scarborough Athletic FC (42)
?,(Sat) 11 Apr 1998 (W15),Rotherham United FC (42),1-1,?,Swansea City AFC (42)
?,(Sat) 11 Apr 1998 (W15),Scunthorpe United FC (41),1-0,?,Macclesfield Town FC (42)
?,(Sat) 11 Apr 1998 (W15),Shrewsbury Town FC (42),3-0,?,Darlington FC (42)
?,(Mon) 13 Apr 1998 (W16),Brighton & Hove Albion FC (43),1-1,?,Mansfield Town FC (43)
?,(Mon) 13 Apr 1998 (W16),Colchester United FC (43),4-3,?,Hull City AFC (43)
?,(Mon) 13 Apr 1998 (W16),Darlington FC (43),1-0,?,Chester FC (43)
?,(Mon) 13 Apr 1998 (W16),Doncaster Rovers FC (43),1-2,?,Notts County FC (43)
?,(Mon) 13 Apr 1998 (W16),Exeter City FC (42),1-0,?,Cambridge United FC (43)
?,(Mon) 13 Apr 1998 (W16),Hartlepool United FC (43),1-1,?,Lincoln City FC (42)
?,(Mon) 13 Apr 1998 (W16),Leyton Orient FC (42),2-3,?,Shrewsbury Town FC (43)
?,(Mon) 13 Apr 1998 (W16),Macclesfield Town FC (43),2-0,?,Barnet FC (43)
?,(Mon) 13 Apr 1998 (W16),Peterborough United FC (43),2-0,?,Cardiff City FC (43)
?,(Mon) 13 Apr 1998 (W16),Scarborough Athletic FC (43),0-0,?,Scunthorpe United FC (42)
?,(Mon) 13 Apr 1998 (W16),Swansea City AFC (43),3-0,?,Rochdale AFC (43)
?,(Mon) 13 Apr 1998 (W16),Torquay United FC (43),1-2,?,Rotherham United FC (43)
?,(Sat) 18 Apr 1998 (W16),Barnet FC (44),1-1,?,Scarborough Athletic FC (44)
?,(Sat) 18 Apr 1998 (W16),Cambridge United FC (44),4-1,?,Swansea City AFC (44)
?,(Sat) 18 Apr 1998 (W16),Cardiff City FC (44),1-2,?,Macclesfield Town FC (44)
?,(Sat) 18 Apr 1998 (W16),Chester FC (44),3-1,?,Colchester United FC (44)
?,(Sat) 18 Apr 1998 (W16),Hull City AFC (44),3-2,?,Leyton Orient FC (43)
?,(Sat) 18 Apr 1998 (W16),Lincoln City FC (43),3-0,?,Peterborough United FC (44)
?,(Sat) 18 Apr 1998 (W16),Mansfield Town FC (44),2-2,?,Hartlepool United FC (44)
?,(Sat) 18 Apr 1998 (W16),Notts County FC (44),3-0,?,Torquay United FC (44)
?,(Sat) 18 Apr 1998 (W16),Rochdale AFC (44),3-0,?,Exeter City FC (43)
?,(Sat) 18 Apr 1998 (W16),Rotherham United FC (44),3-0,?,Doncaster Rovers FC (44)
?,(Sat) 18 Apr 1998 (W16),Scunthorpe United FC (43),1-0,?,Darlington FC (44)
?,(Sat) 18 Apr 1998 (W16),Shrewsbury Town FC (44),2-1,?,Brighton & Hove Albion FC (44)
?,(Tue) 21 Apr 1998 (W17),Leyton Orient FC (44),1-0,?,Scunthorpe United FC (44)
?,(Tue) 21 Apr 1998 (W17),Lincoln City FC (44),2-1,?,Exeter City FC (44)
?,(Sat) 25 Apr 1998 (W17),Barnet FC (45),0-1,?,Mansfield Town FC (45)
?,(Sat) 25 Apr 1998 (W17),Brighton & Hove Albion FC (45),2-2,?,Hull City AFC (45)
?,(Sat) 25 Apr 1998 (W17),Cambridge United FC (45),2-2,?,Notts County FC (45)
?,(Sat) 25 Apr 1998 (W17),Colchester United FC (45),1-1,?,Leyton Orient FC (45)
?,(Sat) 25 Apr 1998 (W17),Darlington FC (45),2-2,?,Lincoln City FC (45)
?,(Sat) 25 Apr 1998 (W17),Hartlepool United FC (45),2-0,?,Cardiff City FC (45)
?,(Sat) 25 Apr 1998 (W17),Macclesfield Town FC (45),3-2,?,Chester FC (45)
?,(Sat) 25 Apr 1998 (W17),Rotherham United FC (45),2-2,?,Rochdale AFC (45)
?,(Sat) 25 Apr 1998 (W17),Scarborough Athletic FC (45),0-0,?,Shrewsbury Town FC (45)
?,(Sat) 25 Apr 1998 (W17),Scunthorpe United FC (45),2-1,?,Exeter City FC (45)
?,(Sat) 25 Apr 1998 (W17),Swansea City AFC (45),0-0,?,Doncaster Rovers FC (45)
?,(Sat) 25 Apr 1998 (W17),Torquay United FC (45),3-1,?,Peterborough United FC (45)
?,(Sat) 2 May 1998 (W18),Cardiff City FC (46),0-0,?,Darlington FC (46)
?,(Sat) 2 May 1998 (W18),Chester FC (46),1-1,?,Scarborough Athletic FC (46)
?,(Sat) 2 May 1998 (W18),Doncaster Rovers FC (46),0-1,?,Colchester United FC (46)
?,(Sat) 2 May 1998 (W18),Exeter City FC (46),1-3,?,Macclesfield Town FC (46)
?,(Sat) 2 May 1998 (W18),Hull City AFC (46),1-0,?,Cambridge United FC (46)
?,(Sat) 2 May 1998 (W18),Leyton Orient FC (46),2-1,?,Torquay United FC (46)
?,(Sat) 2 May 1998 (W18),Lincoln City FC (46),2-1,?,Brighton & Hove Albion FC (46)
?,(Sat) 2 May 1998 (W18),Mansfield Town FC (46),1-0,?,Swansea City AFC (46)
?,(Sat) 2 May 1998 (W18),Notts County FC (46),5-2,?,Rotherham United FC (46)
?,(Sat) 2 May 1998 (W18),Peterborough United FC (46),0-0,?,Hartlepool United FC (46)
?,(Sat) 2 May 1998 (W18),Rochdale AFC (46),2-1,?,Barnet FC (46)
?,(Sat) 2 May 1998 (W18),Shrewsbury Town FC (46),0-2,?,Scunthorpe United FC (46)
