Round,Date,Team 1,FT,HT,Team 2
?,(Sat) 23 Aug 1947 (33),West Bromwich Albion FC (1),1-0,?,Tottenham Hotspur FC (1)
?,(Sat) 23 Aug 1947 (33),Nottingham Forest FC (1),2-1,?,Bury FC (1)
?,(Sat) 23 Aug 1947 (33),Coventry City FC (1),4-1,?,Luton Town FC (1)
?,(Sat) 23 Aug 1947 (33),Doncaster Rovers FC (1),1-1,?,Southampton FC (1)
?,(Sat) 23 Aug 1947 (33),Cardiff City FC (1),0-0,?,Chesterfield FC (1)
?,(Sat) 23 Aug 1947 (33),Fulham FC (1),5-0,?,Brentford FC (1)
?,(Sat) 23 Aug 1947 (33),Leeds United FC (1),3-1,?,Leicester City FC (1)
?,(Sat) 23 Aug 1947 (33),Newcastle United FC (1),6-1,?,Plymouth Argyle FC (1)
?,(Sat) 23 Aug 1947 (33),Bradford Park Avenue AFC (1),4-1,?,West Ham United FC (1)
?,(Sat) 23 Aug 1947 (33),Birmingham City FC (1),2-3,?,Barnsley FC (1)
?,(Sat) 23 Aug 1947 (33),Sheffield Wednesday FC (1),3-2,?,Millwall FC (1)
?,(Mon) 25 Aug 1947 (34),Coventry City FC (2),0-1,?,Birmingham City FC (2)
?,(Mon) 25 Aug 1947 (34),West Ham United FC (2),1-1,?,Millwall FC (2)
?,(Mon) 25 Aug 1947 (34),Cardiff City FC (2),3-0,?,Doncaster Rovers FC (2)
?,(Mon) 25 Aug 1947 (34),Leicester City FC (2),2-1,?,Plymouth Argyle FC (2)
?,(Wed) 27 Aug 1947 (34),Southampton FC (2),3-1,?,Sheffield Wednesday FC (2)
?,(Wed) 27 Aug 1947 (34),Bury FC (2),2-0,?,Tottenham Hotspur FC (2)
?,(Wed) 27 Aug 1947 (34),Chesterfield FC (2),0-1,?,Newcastle United FC (2)
?,(Wed) 27 Aug 1947 (34),West Bromwich Albion FC (2),2-1,?,Fulham FC (2)
?,(Wed) 27 Aug 1947 (34),Nottingham Forest FC (2),1-2,?,Bradford Park Avenue AFC (2)
?,(Wed) 27 Aug 1947 (34),Brentford FC (2),0-3,?,Luton Town FC (2)
?,(Wed) 27 Aug 1947 (34),Barnsley FC (2),3-0,?,Leeds United FC (2)
?,(Sat) 30 Aug 1947 (34),West Ham United FC (3),2-1,?,Nottingham Forest FC (3)
?,(Sat) 30 Aug 1947 (34),Chesterfield FC (3),0-1,?,Bradford Park Avenue AFC (3)
?,(Sat) 30 Aug 1947 (34),Barnsley FC (3),0-1,?,West Bromwich Albion FC (3)
?,(Sat) 30 Aug 1947 (34),Bury FC (3),4-2,?,Doncaster Rovers FC (3)
?,(Sat) 30 Aug 1947 (34),Southampton FC (3),1-2,?,Leeds United FC (3)
?,(Sat) 30 Aug 1947 (34),Plymouth Argyle FC (3),0-3,?,Birmingham City FC (3)
?,(Sat) 30 Aug 1947 (34),Tottenham Hotspur FC (3),5-1,?,Sheffield Wednesday FC (3)
?,(Sat) 30 Aug 1947 (34),Luton Town FC (3),2-1,?,Newcastle United FC (3)
?,(Sat) 30 Aug 1947 (34),Millwall FC (3),0-1,?,Cardiff City FC (3)
?,(Sat) 30 Aug 1947 (34),Brentford FC (3),1-4,?,Coventry City FC (3)
?,(Sat) 30 Aug 1947 (34),Leicester City FC (3),0-2,?,Fulham FC (3)
?,(Mon) 1 Sep 1947 (35),Tottenham Hotspur FC (4),2-2,?,Bury FC (4)
?,(Mon) 1 Sep 1947 (35),Sheffield Wednesday FC (4),1-2,?,Southampton FC (4)
?,(Mon) 1 Sep 1947 (35),Millwall FC (4),1-1,?,West Ham United FC (4)
?,(Wed) 3 Sep 1947 (35),Leeds United FC (4),4-1,?,Barnsley FC (4)
?,(Wed) 3 Sep 1947 (35),Luton Town FC (4),3-0,?,Brentford FC (4)
?,(Wed) 3 Sep 1947 (35),Newcastle United FC (4),2-3,?,Chesterfield FC (4)
?,(Wed) 3 Sep 1947 (35),Fulham FC (4),0-1,?,West Bromwich Albion FC (4)
?,(Wed) 3 Sep 1947 (35),Birmingham City FC (4),1-1,?,Coventry City FC (4)
?,(Wed) 3 Sep 1947 (35),Bradford Park Avenue AFC (4),3-1,?,Nottingham Forest FC (4)
?,(Wed) 3 Sep 1947 (35),Plymouth Argyle FC (4),0-0,?,Leicester City FC (4)
?,(Thu) 4 Sep 1947 (35),Doncaster Rovers FC (4),2-2,?,Cardiff City FC (4)
?,(Sat) 6 Sep 1947 (35),Fulham FC (5),3-2,?,Leeds United FC (5)
?,(Sat) 6 Sep 1947 (35),Sheffield Wednesday FC (5),5-2,?,Barnsley FC (5)
?,(Sat) 6 Sep 1947 (35),Cardiff City FC (5),0-3,?,Tottenham Hotspur FC (5)
?,(Sat) 6 Sep 1947 (35),Doncaster Rovers FC (5),1-0,?,West Ham United FC (5)
?,(Sat) 6 Sep 1947 (35),Bradford Park Avenue AFC (5),4-0,?,Millwall FC (5)
?,(Sat) 6 Sep 1947 (35),Coventry City FC (5),0-1,?,Leicester City FC (5)
?,(Sat) 6 Sep 1947 (35),West Bromwich Albion FC (5),1-1,?,Plymouth Argyle FC (5)
?,(Sat) 6 Sep 1947 (35),Southampton FC (5),1-0,?,Bury FC (5)
?,(Sat) 6 Sep 1947 (35),Newcastle United FC (5),1-0,?,Brentford FC (5)
?,(Sat) 6 Sep 1947 (35),Birmingham City FC (5),2-1,?,Luton Town FC (5)
?,(Sat) 6 Sep 1947 (35),Nottingham Forest FC (5),1-3,?,Chesterfield FC (5)
?,(Mon) 8 Sep 1947 (36),Leicester City FC (6),3-2,?,Luton Town FC (6)
?,(Mon) 8 Sep 1947 (36),Cardiff City FC (6),5-1,?,Southampton FC (6)
?,(Mon) 8 Sep 1947 (36),West Ham United FC (6),1-1,?,Tottenham Hotspur FC (6)
?,(Mon) 8 Sep 1947 (36),Millwall FC (6),0-2,?,Chesterfield FC (6)
?,(Wed) 10 Sep 1947 (36),Bradford Park Avenue AFC (6),4-0,?,Doncaster Rovers FC (6)
?,(Wed) 10 Sep 1947 (36),Barnsley FC (6),1-2,?,Fulham FC (6)
?,(Wed) 10 Sep 1947 (36),Brentford FC (6),3-1,?,Nottingham Forest FC (6)
?,(Wed) 10 Sep 1947 (36),West Bromwich Albion FC (6),3-1,?,Coventry City FC (6)
?,(Wed) 10 Sep 1947 (36),Leeds United FC (6),5-0,?,Plymouth Argyle FC (6)
?,(Wed) 10 Sep 1947 (36),Birmingham City FC (6),0-0,?,Newcastle United FC (6)
?,(Wed) 10 Sep 1947 (36),Bury FC (6),1-2,?,Sheffield Wednesday FC (6)
?,(Sat) 13 Sep 1947 (36),Luton Town FC (7),1-1,?,West Bromwich Albion FC (7)
?,(Sat) 13 Sep 1947 (36),Sheffield Wednesday FC (7),2-1,?,Cardiff City FC (7)
?,(Sat) 13 Sep 1947 (36),Bury FC (7),1-0,?,Fulham FC (7)
?,(Sat) 13 Sep 1947 (36),Millwall FC (7),2-0,?,Nottingham Forest FC (7)
?,(Sat) 13 Sep 1947 (36),Plymouth Argyle FC (7),1-0,?,Barnsley FC (7)
?,(Sat) 13 Sep 1947 (36),Chesterfield FC (7),0-3,?,Doncaster Rovers FC (7)
?,(Sat) 13 Sep 1947 (36),Brentford FC (7),1-2,?,Birmingham City FC (7)
?,(Sat) 13 Sep 1947 (36),West Ham United FC (7),2-0,?,Southampton FC (7)
?,(Sat) 13 Sep 1947 (36),Leeds United FC (7),2-1,?,Coventry City FC (7)
?,(Sat) 13 Sep 1947 (36),Leicester City FC (7),2-2,?,Newcastle United FC (7)
?,(Sat) 13 Sep 1947 (36),Tottenham Hotspur FC (7),3-1,?,Bradford Park Avenue AFC (7)
?,(Mon) 15 Sep 1947 (37),Tottenham Hotspur FC (8),2-2,?,West Ham United FC (8)
?,(Mon) 15 Sep 1947 (37),Coventry City FC (8),1-0,?,West Bromwich Albion FC (8)
?,(Mon) 15 Sep 1947 (37),Sheffield Wednesday FC (8),2-2,?,Bury FC (8)
?,(Wed) 17 Sep 1947 (37),Luton Town FC (8),2-1,?,Leicester City FC (8)
?,(Wed) 17 Sep 1947 (37),Fulham FC (8),0-1,?,Barnsley FC (8)
?,(Wed) 17 Sep 1947 (37),Nottingham Forest FC (8),2-0,?,Brentford FC (8)
?,(Wed) 17 Sep 1947 (37),Southampton FC (8),2-2,?,Cardiff City FC (8)
?,(Wed) 17 Sep 1947 (37),Plymouth Argyle FC (8),1-0,?,Leeds United FC (8)
?,(Wed) 17 Sep 1947 (37),Newcastle United FC (8),1-0,?,Birmingham City FC (8)
?,(Thu) 18 Sep 1947 (37),Doncaster Rovers FC (8),3-0,?,Bradford Park Avenue AFC (8)
?,(Sat) 20 Sep 1947 (37),Nottingham Forest FC (9),1-0,?,Tottenham Hotspur FC (9)
?,(Sat) 20 Sep 1947 (37),Coventry City FC (9),5-2,?,Fulham FC (9)
?,(Sat) 20 Sep 1947 (37),West Bromwich Albion FC (9),3-2,?,Brentford FC (9)
?,(Sat) 20 Sep 1947 (37),Southampton FC (9),3-0,?,Chesterfield FC (8)
?,(Sat) 20 Sep 1947 (37),Newcastle United FC (9),4-2,?,Leeds United FC (9)
?,(Sat) 20 Sep 1947 (37),Bradford Park Avenue AFC (9),2-0,?,Sheffield Wednesday FC (9)
?,(Sat) 20 Sep 1947 (37),Bury FC (9),1-2,?,West Ham United FC (9)
?,(Sat) 20 Sep 1947 (37),Cardiff City FC (9),3-0,?,Plymouth Argyle FC (9)
?,(Sat) 20 Sep 1947 (37),Birmingham City FC (9),1-0,?,Leicester City FC (9)
?,(Sat) 20 Sep 1947 (37),Doncaster Rovers FC (9),2-2,?,Millwall FC (8)
?,(Sat) 20 Sep 1947 (37),Barnsley FC (9),3-0,?,Luton Town FC (9)
?,(Sat) 27 Sep 1947 (38),Chesterfield FC (9),1-2,?,Bury FC (10)
?,(Sat) 27 Sep 1947 (38),Leeds United FC (10),0-1,?,Birmingham City FC (10)
?,(Sat) 27 Sep 1947 (38),Sheffield Wednesday FC (10),2-1,?,Nottingham Forest FC (10)
?,(Sat) 27 Sep 1947 (38),Luton Town FC (10),0-0,?,Plymouth Argyle FC (10)
?,(Sat) 27 Sep 1947 (38),Tottenham Hotspur FC (10),2-0,?,Doncaster Rovers FC (10)
?,(Sat) 27 Sep 1947 (38),Brentford FC (10),3-3,?,Barnsley FC (10)
?,(Sat) 27 Sep 1947 (38),Fulham FC (10),3-0,?,Newcastle United FC (10)
?,(Sat) 27 Sep 1947 (38),West Ham United FC (10),1-0,?,Coventry City FC (10)
?,(Sat) 27 Sep 1947 (38),Leicester City FC (10),1-1,?,West Bromwich Albion FC (10)
?,(Sat) 27 Sep 1947 (38),Cardiff City FC (10),1-0,?,Bradford Park Avenue AFC (10)
?,(Sat) 27 Sep 1947 (38),Millwall FC (9),3-0,?,Southampton FC (10)
?,(Sat) 4 Oct 1947 (39),Plymouth Argyle FC (11),0-0,?,Brentford FC (11)
?,(Sat) 4 Oct 1947 (39),West Bromwich Albion FC (11),3-2,?,Leeds United FC (11)
?,(Sat) 4 Oct 1947 (39),Bradford Park Avenue AFC (11),2-2,?,Luton Town FC (11)
?,(Sat) 4 Oct 1947 (39),West Ham United FC (11),4-0,?,Chesterfield FC (10)
?,(Sat) 4 Oct 1947 (39),Southampton FC (11),1-1,?,Tottenham Hotspur FC (11)
?,(Sat) 4 Oct 1947 (39),Barnsley FC (11),2-0,?,Leicester City FC (11)
?,(Sat) 4 Oct 1947 (39),Newcastle United FC (11),0-0,?,Coventry City FC (11)
?,(Sat) 4 Oct 1947 (39),Bury FC (11),0-0,?,Millwall FC (10)
?,(Sat) 4 Oct 1947 (39),Nottingham Forest FC (11),1-2,?,Cardiff City FC (11)
?,(Sat) 4 Oct 1947 (39),Doncaster Rovers FC (11),0-1,?,Sheffield Wednesday FC (11)
?,(Sat) 4 Oct 1947 (39),Birmingham City FC (11),3-1,?,Fulham FC (11)
?,(Sat) 11 Oct 1947 (40),Fulham FC (12),0-2,?,Southampton FC (12)
?,(Sat) 11 Oct 1947 (40),Birmingham City FC (12),0-0,?,Chesterfield FC (11)
?,(Sat) 11 Oct 1947 (40),Plymouth Argyle FC (12),0-2,?,Sheffield Wednesday FC (12)
?,(Sat) 11 Oct 1947 (40),Leeds United FC (12),0-0,?,Doncaster Rovers FC (12)
?,(Sat) 11 Oct 1947 (40),Brentford FC (12),2-1,?,Bradford Park Avenue AFC (12)
?,(Sat) 11 Oct 1947 (40),West Bromwich Albion FC (12),2-1,?,Millwall FC (11)
?,(Sat) 11 Oct 1947 (40),Cardiff City FC (12),1-0,?,Luton Town FC (12)
?,(Sat) 11 Oct 1947 (40),Leicester City FC (12),3-1,?,Nottingham Forest FC (12)
?,(Sat) 11 Oct 1947 (40),Barnsley FC (12),2-1,?,Tottenham Hotspur FC (12)
?,(Sat) 11 Oct 1947 (40),Newcastle United FC (12),1-0,?,West Ham United FC (12)
?,(Sat) 11 Oct 1947 (40),Coventry City FC (12),0-0,?,Bury FC (12)
?,(Sat) 18 Oct 1947 (41),Sheffield Wednesday FC (13),1-0,?,Luton Town FC (13)
?,(Sat) 18 Oct 1947 (41),Southampton FC (13),3-1,?,Coventry City FC (13)
?,(Sat) 18 Oct 1947 (41),Nottingham Forest FC (13),1-0,?,Leeds United FC (13)
?,(Sat) 18 Oct 1947 (41),Chesterfield FC (12),0-2,?,West Bromwich Albion FC (13)
?,(Sat) 18 Oct 1947 (41),Doncaster Rovers FC (13),0-1,?,Fulham FC (13)
?,(Sat) 18 Oct 1947 (41),West Ham United FC (13),0-0,?,Birmingham City FC (13)
?,(Sat) 18 Oct 1947 (41),Bradford Park Avenue AFC (13),0-2,?,Leicester City FC (13)
?,(Sat) 18 Oct 1947 (41),Millwall FC (12),3-3,?,Barnsley FC (13)
?,(Sat) 18 Oct 1947 (41),Tottenham Hotspur FC (13),2-0,?,Plymouth Argyle FC (13)
?,(Sat) 18 Oct 1947 (41),Brentford FC (13),0-0,?,Cardiff City FC (13)
?,(Sat) 18 Oct 1947 (41),Bury FC (13),3-5,?,Newcastle United FC (13)
?,(Sat) 25 Oct 1947 (42),Plymouth Argyle FC (14),1-1,?,Millwall FC (13)
?,(Sat) 25 Oct 1947 (42),Fulham FC (14),0-0,?,Nottingham Forest FC (14)
?,(Sat) 25 Oct 1947 (42),Newcastle United FC (14),5-0,?,Southampton FC (14)
?,(Sat) 25 Oct 1947 (42),Leeds United FC (14),2-0,?,Bradford Park Avenue AFC (14)
?,(Sat) 25 Oct 1947 (42),Brentford FC (14),1-0,?,Sheffield Wednesday FC (14)
?,(Sat) 25 Oct 1947 (42),Leicester City FC (14),2-1,?,Cardiff City FC (14)
?,(Sat) 25 Oct 1947 (42),Luton Town FC (14),0-0,?,Tottenham Hotspur FC (14)
?,(Sat) 25 Oct 1947 (42),Barnsley FC (14),0-3,?,Chesterfield FC (13)
?,(Sat) 25 Oct 1947 (42),Coventry City FC (14),1-0,?,Doncaster Rovers FC (14)
?,(Sat) 25 Oct 1947 (42),Birmingham City FC (14),2-0,?,Bury FC (14)
?,(Sat) 25 Oct 1947 (42),West Bromwich Albion FC (14),1-2,?,West Ham United FC (14)
?,(Sat) 1 Nov 1947 (43),West Ham United FC (15),2-1,?,Barnsley FC (15)
?,(Sat) 1 Nov 1947 (43),Cardiff City FC (15),0-0,?,Leeds United FC (15)
?,(Sat) 1 Nov 1947 (43),Nottingham Forest FC (15),4-0,?,Coventry City FC (15)
?,(Sat) 1 Nov 1947 (43),Tottenham Hotspur FC (15),4-0,?,Brentford FC (15)
?,(Sat) 1 Nov 1947 (43),Southampton FC (15),2-0,?,Birmingham City FC (15)
?,(Sat) 1 Nov 1947 (43),Doncaster Rovers FC (15),0-3,?,Newcastle United FC (15)
?,(Sat) 1 Nov 1947 (43),Bury FC (15),1-2,?,West Bromwich Albion FC (15)
?,(Sat) 1 Nov 1947 (43),Chesterfield FC (14),1-1,?,Plymouth Argyle FC (15)
?,(Sat) 1 Nov 1947 (43),Bradford Park Avenue AFC (15),3-0,?,Fulham FC (15)
?,(Sat) 1 Nov 1947 (43),Sheffield Wednesday FC (15),1-1,?,Leicester City FC (15)
?,(Sat) 1 Nov 1947 (43),Millwall FC (14),3-1,?,Luton Town FC (15)
?,(Sat) 8 Nov 1947 (44),Leeds United FC (16),2-2,?,Sheffield Wednesday FC (16)
?,(Sat) 8 Nov 1947 (44),Barnsley FC (16),2-1,?,Bury FC (16)
?,(Sat) 8 Nov 1947 (44),Birmingham City FC (16),3-0,?,Doncaster Rovers FC (16)
?,(Sat) 8 Nov 1947 (44),Fulham FC (16),4-1,?,Cardiff City FC (16)
?,(Sat) 8 Nov 1947 (44),Plymouth Argyle FC (16),1-1,?,West Ham United FC (16)
?,(Sat) 8 Nov 1947 (44),Brentford FC (16),2-1,?,Millwall FC (15)
?,(Sat) 8 Nov 1947 (44),Coventry City FC (16),5-0,?,Bradford Park Avenue AFC (16)
?,(Sat) 8 Nov 1947 (44),Newcastle United FC (16),0-2,?,Nottingham Forest FC (16)
?,(Sat) 8 Nov 1947 (44),Leicester City FC (16),0-3,?,Tottenham Hotspur FC (16)
?,(Sat) 8 Nov 1947 (44),West Bromwich Albion FC (16),1-0,?,Southampton FC (16)
?,(Sat) 8 Nov 1947 (44),Luton Town FC (16),2-1,?,Chesterfield FC (15)
?,(Sat) 15 Nov 1947 (45),Chesterfield FC (16),4-0,?,Brentford FC (17)
?,(Sat) 15 Nov 1947 (45),West Ham United FC (17),0-0,?,Luton Town FC (17)
?,(Sat) 15 Nov 1947 (45),Nottingham Forest FC (17),0-2,?,Birmingham City FC (17)
?,(Sat) 15 Nov 1947 (45),Tottenham Hotspur FC (17),3-1,?,Leeds United FC (17)
?,(Sat) 15 Nov 1947 (45),Cardiff City FC (17),1-1,?,Coventry City FC (17)
?,(Sat) 15 Nov 1947 (45),Sheffield Wednesday FC (17),2-0,?,Fulham FC (17)
?,(Sat) 15 Nov 1947 (45),Bradford Park Avenue AFC (17),0-3,?,Newcastle United FC (17)
?,(Sat) 15 Nov 1947 (45),Southampton FC (17),4-1,?,Barnsley FC (17)
?,(Sat) 15 Nov 1947 (45),Doncaster Rovers FC (17),2-1,?,West Bromwich Albion FC (17)
?,(Sat) 15 Nov 1947 (45),Millwall FC (16),0-4,?,Leicester City FC (17)
?,(Sat) 15 Nov 1947 (45),Bury FC (17),0-0,?,Plymouth Argyle FC (17)
?,(Sat) 22 Nov 1947 (46),Leeds United FC (18),2-1,?,Millwall FC (17)
?,(Sat) 22 Nov 1947 (46),Barnsley FC (18),2-0,?,Doncaster Rovers FC (18)
?,(Sat) 22 Nov 1947 (46),Plymouth Argyle FC (18),3-1,?,Southampton FC (18)
?,(Sat) 22 Nov 1947 (46),Brentford FC (18),1-1,?,West Ham United FC (18)
?,(Sat) 22 Nov 1947 (46),Leicester City FC (18),1-2,?,Chesterfield FC (17)
?,(Sat) 22 Nov 1947 (46),Coventry City FC (18),3-1,?,Sheffield Wednesday FC (18)
?,(Sat) 22 Nov 1947 (46),Luton Town FC (18),1-1,?,Bury FC (18)
?,(Sat) 22 Nov 1947 (46),West Bromwich Albion FC (18),3-2,?,Nottingham Forest FC (18)
?,(Sat) 22 Nov 1947 (46),Newcastle United FC (18),4-1,?,Cardiff City FC (18)
?,(Sat) 22 Nov 1947 (46),Birmingham City FC (18),4-3,?,Bradford Park Avenue AFC (18)
?,(Sat) 22 Nov 1947 (46),Fulham FC (18),0-2,?,Tottenham Hotspur FC (18)
?,(Sat) 29 Nov 1947 (47),Chesterfield FC (18),3-0,?,Leeds United FC (19)
?,(Sat) 29 Nov 1947 (47),West Ham United FC (19),1-1,?,Leicester City FC (19)
?,(Sat) 29 Nov 1947 (47),Southampton FC (19),3-1,?,Luton Town FC (19)
?,(Sat) 29 Nov 1947 (47),Cardiff City FC (19),2-0,?,Birmingham City FC (19)
?,(Sat) 29 Nov 1947 (47),Bury FC (19),2-2,?,Brentford FC (19)
?,(Sat) 29 Nov 1947 (47),Sheffield Wednesday FC (19),1-0,?,Newcastle United FC (19)
?,(Sat) 29 Nov 1947 (47),Bradford Park Avenue AFC (19),3-1,?,West Bromwich Albion FC (19)
?,(Sat) 29 Nov 1947 (47),Tottenham Hotspur FC (19),2-1,?,Coventry City FC (19)
?,(Sat) 29 Nov 1947 (47),Millwall FC (18),1-2,?,Fulham FC (19)
?,(Sat) 29 Nov 1947 (47),Doncaster Rovers FC (19),2-0,?,Plymouth Argyle FC (19)
?,(Sat) 29 Nov 1947 (47),Nottingham Forest FC (19),1-1,?,Barnsley FC (19)
?,(Sat) 6 Dec 1947 (48),Newcastle United FC (20),1-0,?,Tottenham Hotspur FC (20)
?,(Sat) 6 Dec 1947 (48),Barnsley FC (20),2-2,?,Bradford Park Avenue AFC (20)
?,(Sat) 6 Dec 1947 (48),Fulham FC (20),0-0,?,Chesterfield FC (19)
?,(Sat) 6 Dec 1947 (48),Birmingham City FC (20),1-0,?,Sheffield Wednesday FC (20)
?,(Sat) 6 Dec 1947 (48),Leicester City FC (20),2-1,?,Bury FC (20)
?,(Sat) 6 Dec 1947 (48),Leeds United FC (20),2-1,?,West Ham United FC (20)
?,(Sat) 6 Dec 1947 (48),Brentford FC (20),2-2,?,Southampton FC (20)
?,(Sat) 6 Dec 1947 (48),West Bromwich Albion FC (20),2-3,?,Cardiff City FC (20)
?,(Sat) 6 Dec 1947 (48),Luton Town FC (20),2-1,?,Doncaster Rovers FC (20)
?,(Sat) 6 Dec 1947 (48),Coventry City FC (20),0-1,?,Millwall FC (19)
?,(Sat) 6 Dec 1947 (48),Plymouth Argyle FC (20),1-1,?,Nottingham Forest FC (20)
?,(Sat) 13 Dec 1947 (49),Bradford Park Avenue AFC (21),3-0,?,Plymouth Argyle FC (21)
?,(Sat) 13 Dec 1947 (49),Chesterfield FC (20),4-3,?,Coventry City FC (21)
?,(Sat) 13 Dec 1947 (49),Sheffield Wednesday FC (21),1-2,?,West Bromwich Albion FC (21)
?,(Sat) 13 Dec 1947 (49),Doncaster Rovers FC (21),0-0,?,Brentford FC (21)
?,(Sat) 13 Dec 1947 (49),Tottenham Hotspur FC (21),1-2,?,Birmingham City FC (21)
?,(Sat) 13 Dec 1947 (49),Southampton FC (21),3-1,?,Leicester City FC (21)
?,(Sat) 13 Dec 1947 (49),Cardiff City FC (21),1-0,?,Barnsley FC (21)
?,(Sat) 13 Dec 1947 (49),Bury FC (21),1-1,?,Leeds United FC (21)
?,(Sat) 13 Dec 1947 (49),Nottingham Forest FC (21),1-2,?,Luton Town FC (21)
?,(Sat) 13 Dec 1947 (49),West Ham United FC (21),3-0,?,Fulham FC (21)
?,(Sat) 13 Dec 1947 (49),Millwall FC (20),2-1,?,Newcastle United FC (21)
?,(Sat) 20 Dec 1947 (50),Barnsley FC (22),0-1,?,Birmingham City FC (22)
?,(Sat) 20 Dec 1947 (50),Luton Town FC (22),2-3,?,Coventry City FC (22)
?,(Sat) 20 Dec 1947 (50),Southampton FC (22),6-1,?,Doncaster Rovers FC (22)
?,(Sat) 20 Dec 1947 (50),West Ham United FC (22),0-0,?,Bradford Park Avenue AFC (22)
?,(Sat) 20 Dec 1947 (50),Tottenham Hotspur FC (22),1-1,?,West Bromwich Albion FC (22)
?,(Sat) 20 Dec 1947 (50),Brentford FC (22),0-2,?,Fulham FC (22)
?,(Sat) 20 Dec 1947 (50),Plymouth Argyle FC (22),3-0,?,Newcastle United FC (22)
?,(Sat) 20 Dec 1947 (50),Leicester City FC (22),2-0,?,Leeds United FC (22)
?,(Sat) 20 Dec 1947 (50),Millwall FC (21),0-0,?,Sheffield Wednesday FC (22)
?,(Sat) 20 Dec 1947 (50),Chesterfield FC (21),2-2,?,Cardiff City FC (22)
?,(Sat) 20 Dec 1947 (50),Bury FC (22),1-0,?,Nottingham Forest FC (22)
?,(Thu) 25 Dec 1947 (51),Coventry City FC (23),3-2,?,Barnsley FC (23)
?,(Thu) 25 Dec 1947 (51),Tottenham Hotspur FC (23),3-0,?,Chesterfield FC (22)
?,(Thu) 25 Dec 1947 (51),Millwall FC (22),0-0,?,Birmingham City FC (23)
?,(Thu) 25 Dec 1947 (51),Fulham FC (23),1-1,?,Plymouth Argyle FC (23)
?,(Thu) 25 Dec 1947 (51),Brentford FC (23),2-2,?,Leicester City FC (23)
?,(Fri) 26 Dec 1947 (51),Cardiff City FC (23),2-2,?,Bury FC (23)
?,(Fri) 26 Dec 1947 (51),Leeds United FC (23),0-2,?,Luton Town FC (23)
?,(Fri) 26 Dec 1947 (51),Sheffield Wednesday FC (23),5-3,?,West Ham United FC (23)
?,(Fri) 26 Dec 1947 (51),Barnsley FC (24),0-1,?,Coventry City FC (24)
?,(Fri) 26 Dec 1947 (51),Doncaster Rovers FC (23),2-0,?,Nottingham Forest FC (23)
?,(Fri) 26 Dec 1947 (51),Bradford Park Avenue AFC (23),1-3,?,Southampton FC (23)
?,(Fri) 26 Dec 1947 (51),West Bromwich Albion FC (23),0-1,?,Newcastle United FC (23)
?,(Sat) 27 Dec 1947 (51),Leicester City FC (24),1-2,?,Brentford FC (24)
?,(Sat) 27 Dec 1947 (51),Birmingham City FC (24),1-0,?,Millwall FC (23)
?,(Sat) 27 Dec 1947 (51),Nottingham Forest FC (24),4-2,?,Doncaster Rovers FC (24)
?,(Sat) 27 Dec 1947 (51),West Ham United FC (24),1-4,?,Sheffield Wednesday FC (24)
?,(Sat) 27 Dec 1947 (51),Luton Town FC (24),6-1,?,Leeds United FC (24)
?,(Sat) 27 Dec 1947 (51),Chesterfield FC (23),3-1,?,Tottenham Hotspur FC (24)
?,(Sat) 27 Dec 1947 (51),Southampton FC (24),1-2,?,Bradford Park Avenue AFC (24)
?,(Sat) 27 Dec 1947 (51),Plymouth Argyle FC (24),3-2,?,Fulham FC (24)
?,(Thu) 1 Jan 1948 (0),Chesterfield FC (24),2-0,?,Millwall FC (24)
?,(Thu) 1 Jan 1948 (0),Bury FC (24),1-2,?,Cardiff City FC (24)
?,(Thu) 1 Jan 1948 (0),Newcastle United FC (24),3-1,?,West Bromwich Albion FC (24)
?,(Sat) 3 Jan 1948 (0),West Bromwich Albion FC (25),0-2,?,Barnsley FC (25)
?,(Sat) 3 Jan 1948 (0),Bradford Park Avenue AFC (25),1-3,?,Chesterfield FC (25)
?,(Sat) 3 Jan 1948 (0),Leeds United FC (25),0-0,?,Southampton FC (25)
?,(Sat) 3 Jan 1948 (0),Nottingham Forest FC (25),2-1,?,West Ham United FC (25)
?,(Sat) 3 Jan 1948 (0),Birmingham City FC (25),1-1,?,Plymouth Argyle FC (25)
?,(Sat) 3 Jan 1948 (0),Fulham FC (25),3-1,?,Leicester City FC (25)
?,(Sat) 3 Jan 1948 (0),Cardiff City FC (25),6-0,?,Millwall FC (25)
?,(Sat) 3 Jan 1948 (0),Newcastle United FC (25),4-1,?,Luton Town FC (25)
?,(Sat) 3 Jan 1948 (0),Doncaster Rovers FC (25),1-3,?,Bury FC (25)
?,(Sat) 3 Jan 1948 (0),Sheffield Wednesday FC (25),1-0,?,Tottenham Hotspur FC (25)
?,(Sat) 3 Jan 1948 (0),Coventry City FC (25),3-0,?,Brentford FC (25)
?,(Sat) 17 Jan 1948 (2),Millwall FC (26),0-1,?,Bradford Park Avenue AFC (26)
?,(Sat) 17 Jan 1948 (2),Chesterfield FC (26),0-0,?,Nottingham Forest FC (26)
?,(Sat) 17 Jan 1948 (2),Bury FC (26),3-0,?,Southampton FC (26)
?,(Sat) 17 Jan 1948 (2),Brentford FC (26),1-0,?,Newcastle United FC (26)
?,(Sat) 17 Jan 1948 (2),Leicester City FC (26),2-2,?,Coventry City FC (26)
?,(Sat) 17 Jan 1948 (2),Barnsley FC (26),3-1,?,Sheffield Wednesday FC (26)
?,(Sat) 17 Jan 1948 (2),Luton Town FC (26),0-1,?,Birmingham City FC (26)
?,(Sat) 17 Jan 1948 (2),Plymouth Argyle FC (26),2-1,?,West Bromwich Albion FC (26)
?,(Sat) 17 Jan 1948 (2),Tottenham Hotspur FC (26),2-1,?,Cardiff City FC (26)
?,(Sat) 17 Jan 1948 (2),Leeds United FC (26),0-1,?,Fulham FC (26)
?,(Sat) 24 Jan 1948 (3),Bury FC (27),1-1,?,Barnsley FC (27)
?,(Sat) 24 Jan 1948 (3),Leeds United FC (27),3-1,?,Newcastle United FC (27)
?,(Sat) 24 Jan 1948 (3),West Ham United FC (26),2-1,?,Doncaster Rovers FC (26)
?,(Sat) 31 Jan 1948 (4),Coventry City FC (27),1-2,?,Leeds United FC (28)
?,(Sat) 31 Jan 1948 (4),Cardiff City FC (27),2-1,?,Sheffield Wednesday FC (27)
?,(Sat) 31 Jan 1948 (4),West Bromwich Albion FC (27),1-0,?,Luton Town FC (27)
?,(Sat) 31 Jan 1948 (4),Fulham FC (27),1-1,?,Bury FC (28)
?,(Sat) 31 Jan 1948 (4),Doncaster Rovers FC (27),1-0,?,Chesterfield FC (27)
?,(Sat) 31 Jan 1948 (4),Newcastle United FC (28),2-0,?,Leicester City FC (27)
?,(Sat) 31 Jan 1948 (4),Birmingham City FC (27),0-0,?,Brentford FC (27)
?,(Sat) 31 Jan 1948 (4),Barnsley FC (28),2-1,?,Plymouth Argyle FC (27)
?,(Sat) 31 Jan 1948 (4),Southampton FC (27),3-1,?,West Ham United FC (27)
?,(Sat) 31 Jan 1948 (4),Bradford Park Avenue AFC (27),0-2,?,Tottenham Hotspur FC (27)
?,(Sat) 31 Jan 1948 (4),Nottingham Forest FC (27),5-2,?,Millwall FC (27)
?,(Sat) 7 Feb 1948 (5),Sheffield Wednesday FC (28),3-1,?,Bradford Park Avenue AFC (28)
?,(Sat) 7 Feb 1948 (5),Brentford FC (28),1-0,?,West Bromwich Albion FC (28)
?,(Sat) 7 Feb 1948 (5),West Ham United FC (28),2-0,?,Bury FC (29)
?,(Sat) 7 Feb 1948 (5),Millwall FC (28),1-0,?,Doncaster Rovers FC (28)
?,(Sat) 7 Feb 1948 (5),Plymouth Argyle FC (28),3-0,?,Cardiff City FC (28)
?,(Sat) 14 Feb 1948 (6),Bury FC (30),2-0,?,Chesterfield FC (28)
?,(Sat) 14 Feb 1948 (6),Coventry City FC (28),0-1,?,West Ham United FC (29)
?,(Sat) 14 Feb 1948 (6),Bradford Park Avenue AFC (29),0-1,?,Cardiff City FC (29)
?,(Sat) 14 Feb 1948 (6),Plymouth Argyle FC (29),1-3,?,Luton Town FC (28)
?,(Sat) 14 Feb 1948 (6),Barnsley FC (29),1-1,?,Brentford FC (29)
?,(Sat) 14 Feb 1948 (6),Nottingham Forest FC (28),0-0,?,Sheffield Wednesday FC (29)
?,(Sat) 14 Feb 1948 (6),Birmingham City FC (28),5-1,?,Leeds United FC (29)
?,(Sat) 14 Feb 1948 (6),Doncaster Rovers FC (29),1-1,?,Tottenham Hotspur FC (28)
?,(Sat) 14 Feb 1948 (6),West Bromwich Albion FC (29),1-3,?,Leicester City FC (28)
?,(Sat) 14 Feb 1948 (6),Southampton FC (28),5-1,?,Millwall FC (29)
?,(Sat) 21 Feb 1948 (7),Luton Town FC (29),3-3,?,Bradford Park Avenue AFC (30)
?,(Sat) 21 Feb 1948 (7),Brentford FC (30),0-0,?,Plymouth Argyle FC (30)
?,(Sat) 21 Feb 1948 (7),Coventry City FC (29),1-1,?,Newcastle United FC (29)
?,(Sat) 21 Feb 1948 (7),Cardiff City FC (30),4-1,?,Nottingham Forest FC (29)
?,(Sat) 21 Feb 1948 (7),Fulham FC (28),1-1,?,Birmingham City FC (29)
?,(Sat) 21 Feb 1948 (7),Millwall FC (30),1-7,?,Bury FC (31)
?,(Sat) 21 Feb 1948 (7),Leeds United FC (30),3-1,?,West Bromwich Albion FC (30)
?,(Sat) 21 Feb 1948 (7),Tottenham Hotspur FC (29),0-0,?,Southampton FC (29)
?,(Sat) 28 Feb 1948 (8),Doncaster Rovers FC (30),3-0,?,Leeds United FC (31)
?,(Sat) 28 Feb 1948 (8),Chesterfield FC (29),0-3,?,Birmingham City FC (30)
?,(Sat) 28 Feb 1948 (8),Bury FC (32),0-0,?,Coventry City FC (30)
?,(Sat) 28 Feb 1948 (8),Sheffield Wednesday FC (30),1-1,?,Plymouth Argyle FC (31)
?,(Sat) 28 Feb 1948 (8),Nottingham Forest FC (30),1-0,?,Leicester City FC (29)
?,(Sat) 28 Feb 1948 (8),Millwall FC (31),1-1,?,West Bromwich Albion FC (31)
?,(Sat) 28 Feb 1948 (8),West Ham United FC (30),0-2,?,Newcastle United FC (30)
?,(Sat) 28 Feb 1948 (8),Luton Town FC (30),1-1,?,Cardiff City FC (31)
?,(Sat) 28 Feb 1948 (8),Bradford Park Avenue AFC (31),1-1,?,Brentford FC (31)
?,(Sat) 6 Mar 1948 (9),Fulham FC (29),0-0,?,Doncaster Rovers FC (31)
?,(Sat) 6 Mar 1948 (9),Luton Town FC (31),1-1,?,Sheffield Wednesday FC (31)
?,(Sat) 6 Mar 1948 (9),Barnsley FC (30),1-0,?,Millwall FC (32)
?,(Sat) 6 Mar 1948 (9),Leicester City FC (30),2-0,?,Bradford Park Avenue AFC (32)
?,(Sat) 6 Mar 1948 (9),Birmingham City FC (31),0-1,?,West Ham United FC (31)
?,(Sat) 6 Mar 1948 (9),Newcastle United FC (31),1-0,?,Bury FC (33)
?,(Sat) 6 Mar 1948 (9),West Bromwich Albion FC (32),1-0,?,Chesterfield FC (30)
?,(Sat) 6 Mar 1948 (9),Coventry City FC (31),0-1,?,Southampton FC (30)
?,(Sat) 6 Mar 1948 (9),Plymouth Argyle FC (32),1-1,?,Tottenham Hotspur FC (30)
?,(Sat) 6 Mar 1948 (9),Leeds United FC (32),2-2,?,Nottingham Forest FC (31)
?,(Sat) 6 Mar 1948 (9),Cardiff City FC (32),1-0,?,Brentford FC (32)
?,(Sat) 13 Mar 1948 (10),West Ham United FC (32),0-2,?,West Bromwich Albion FC (33)
?,(Sat) 13 Mar 1948 (10),Chesterfield FC (31),1-1,?,Barnsley FC (31)
?,(Sat) 13 Mar 1948 (10),Cardiff City FC (33),3-0,?,Leicester City FC (31)
?,(Sat) 13 Mar 1948 (10),Doncaster Rovers FC (32),0-0,?,Coventry City FC (32)
?,(Sat) 13 Mar 1948 (10),Southampton FC (31),4-2,?,Newcastle United FC (32)
?,(Sat) 13 Mar 1948 (10),Nottingham Forest FC (32),0-2,?,Fulham FC (30)
?,(Sat) 13 Mar 1948 (10),Bury FC (34),1-1,?,Birmingham City FC (32)
?,(Sat) 13 Mar 1948 (10),Bradford Park Avenue AFC (33),3-1,?,Leeds United FC (33)
?,(Sat) 13 Mar 1948 (10),Millwall FC (33),2-0,?,Plymouth Argyle FC (33)
?,(Mon) 15 Mar 1948 (11),Tottenham Hotspur FC (31),0-3,?,Barnsley FC (32)
?,(Sat) 20 Mar 1948 (11),Leicester City FC (32),2-3,?,Sheffield Wednesday FC (32)
?,(Sat) 20 Mar 1948 (11),Fulham FC (31),0-0,?,Bradford Park Avenue AFC (34)
?,(Sat) 20 Mar 1948 (11),Plymouth Argyle FC (34),1-2,?,Chesterfield FC (32)
?,(Sat) 20 Mar 1948 (11),Barnsley FC (33),1-1,?,West Ham United FC (33)
?,(Sat) 20 Mar 1948 (11),Brentford FC (33),2-0,?,Tottenham Hotspur FC (32)
?,(Sat) 20 Mar 1948 (11),Coventry City FC (33),1-1,?,Nottingham Forest FC (33)
?,(Sat) 20 Mar 1948 (11),Newcastle United FC (33),2-0,?,Doncaster Rovers FC (33)
?,(Sat) 20 Mar 1948 (11),Leeds United FC (34),4-0,?,Cardiff City FC (34)
?,(Sat) 20 Mar 1948 (11),Luton Town FC (32),1-2,?,Millwall FC (34)
?,(Sat) 20 Mar 1948 (11),Birmingham City FC (33),0-0,?,Southampton FC (32)
?,(Sat) 20 Mar 1948 (11),West Bromwich Albion FC (34),3-3,?,Bury FC (35)
?,(Fri) 26 Mar 1948 (12),Millwall FC (35),0-0,?,Tottenham Hotspur FC (33)
?,(Fri) 26 Mar 1948 (12),Newcastle United FC (34),1-0,?,Barnsley FC (34)
?,(Fri) 26 Mar 1948 (12),Chesterfield FC (33),0-2,?,Sheffield Wednesday FC (33)
?,(Fri) 26 Mar 1948 (12),Brentford FC (34),3-0,?,Leeds United FC (35)
?,(Fri) 26 Mar 1948 (12),Doncaster Rovers FC (34),1-1,?,Leicester City FC (33)
?,(Fri) 26 Mar 1948 (12),Cardiff City FC (35),0-3,?,West Ham United FC (34)
?,(Fri) 26 Mar 1948 (12),Southampton FC (33),2-1,?,Nottingham Forest FC (34)
?,(Fri) 26 Mar 1948 (12),Bury FC (36),0-4,?,Bradford Park Avenue AFC (35)
?,(Fri) 26 Mar 1948 (12),Luton Town FC (33),0-3,?,Fulham FC (32)
?,(Sat) 27 Mar 1948 (12),Millwall FC (36),0-1,?,Brentford FC (35)
?,(Sat) 27 Mar 1948 (12),Nottingham Forest FC (35),0-0,?,Newcastle United FC (35)
?,(Sat) 27 Mar 1948 (12),Chesterfield FC (34),2-0,?,Luton Town FC (34)
?,(Sat) 27 Mar 1948 (12),Sheffield Wednesday FC (34),3-1,?,Leeds United FC (36)
?,(Sat) 27 Mar 1948 (12),Southampton FC (34),1-1,?,West Bromwich Albion FC (35)
?,(Sat) 27 Mar 1948 (12),Doncaster Rovers FC (35),0-0,?,Birmingham City FC (34)
?,(Sat) 27 Mar 1948 (12),Bradford Park Avenue AFC (36),2-2,?,Coventry City FC (34)
?,(Sat) 27 Mar 1948 (12),Tottenham Hotspur FC (34),0-0,?,Leicester City FC (34)
?,(Sat) 27 Mar 1948 (12),Cardiff City FC (36),0-0,?,Fulham FC (33)
?,(Sat) 27 Mar 1948 (12),West Ham United FC (35),1-1,?,Plymouth Argyle FC (35)
?,(Mon) 29 Mar 1948 (13),Tottenham Hotspur FC (35),3-2,?,Millwall FC (37)
?,(Mon) 29 Mar 1948 (13),Sheffield Wednesday FC (35),1-0,?,Chesterfield FC (35)
?,(Mon) 29 Mar 1948 (13),Barnsley FC (35),1-1,?,Newcastle United FC (36)
?,(Mon) 29 Mar 1948 (13),Leeds United FC (37),1-1,?,Brentford FC (36)
?,(Mon) 29 Mar 1948 (13),Bradford Park Avenue AFC (37),5-3,?,Bury FC (37)
?,(Mon) 29 Mar 1948 (13),Nottingham Forest FC (36),1-1,?,Southampton FC (35)
?,(Mon) 29 Mar 1948 (13),West Ham United FC (36),4-2,?,Cardiff City FC (37)
?,(Mon) 29 Mar 1948 (13),Plymouth Argyle FC (36),1-0,?,Coventry City FC (35)
?,(Mon) 29 Mar 1948 (13),Leicester City FC (35),3-2,?,Doncaster Rovers FC (36)
?,(Mon) 29 Mar 1948 (13),Birmingham City FC (35),4-0,?,West Bromwich Albion FC (36)
?,(Mon) 29 Mar 1948 (13),Fulham FC (34),1-1,?,Luton Town FC (35)
?,(Tue) 30 Mar 1948 (13),Coventry City FC (36),0-0,?,Plymouth Argyle FC (37)
?,(Tue) 30 Mar 1948 (13),West Bromwich Albion FC (37),1-1,?,Birmingham City FC (36)
?,(Sat) 3 Apr 1948 (13),Barnsley FC (36),2-1,?,Southampton FC (36)
?,(Sat) 3 Apr 1948 (13),Plymouth Argyle FC (38),0-0,?,Bury FC (38)
?,(Sat) 3 Apr 1948 (13),Brentford FC (37),0-3,?,Chesterfield FC (36)
?,(Sat) 3 Apr 1948 (13),Birmingham City FC (37),2-1,?,Nottingham Forest FC (37)
?,(Sat) 3 Apr 1948 (13),Fulham FC (35),0-2,?,Sheffield Wednesday FC (36)
?,(Sat) 3 Apr 1948 (13),Leeds United FC (38),1-3,?,Tottenham Hotspur FC (36)
?,(Sat) 3 Apr 1948 (13),West Bromwich Albion FC (38),1-3,?,Doncaster Rovers FC (37)
?,(Sat) 3 Apr 1948 (13),Leicester City FC (36),3-0,?,Millwall FC (38)
?,(Sat) 3 Apr 1948 (13),Newcastle United FC (37),2-0,?,Bradford Park Avenue AFC (38)
?,(Sat) 3 Apr 1948 (13),Luton Town FC (36),0-0,?,West Ham United FC (37)
?,(Sat) 3 Apr 1948 (13),Coventry City FC (37),1-0,?,Cardiff City FC (38)
?,(Mon) 5 Apr 1948 (14),Sheffield Wednesday FC (37),2-0,?,Doncaster Rovers FC (38)
?,(Mon) 5 Apr 1948 (14),Tottenham Hotspur FC (37),0-1,?,Luton Town FC (37)
?,(Mon) 5 Apr 1948 (14),Leicester City FC (37),4-1,?,Barnsley FC (37)
?,(Wed) 7 Apr 1948 (14),Chesterfield FC (37),6-0,?,West Ham United FC (38)
?,(Sat) 10 Apr 1948 (14),Bradford Park Avenue AFC (39),1-2,?,Birmingham City FC (38)
?,(Sat) 10 Apr 1948 (14),Doncaster Rovers FC (39),1-2,?,Barnsley FC (38)
?,(Sat) 10 Apr 1948 (14),Millwall FC (39),1-1,?,Leeds United FC (39)
?,(Sat) 10 Apr 1948 (14),Southampton FC (37),2-3,?,Plymouth Argyle FC (39)
?,(Sat) 10 Apr 1948 (14),Nottingham Forest FC (38),3-1,?,West Bromwich Albion FC (39)
?,(Sat) 10 Apr 1948 (14),Chesterfield FC (38),2-3,?,Leicester City FC (38)
?,(Sat) 10 Apr 1948 (14),Sheffield Wednesday FC (38),1-1,?,Coventry City FC (38)
?,(Sat) 10 Apr 1948 (14),Cardiff City FC (39),1-1,?,Newcastle United FC (38)
?,(Sat) 10 Apr 1948 (14),Bury FC (39),2-2,?,Luton Town FC (38)
?,(Sat) 10 Apr 1948 (14),Tottenham Hotspur FC (38),0-2,?,Fulham FC (36)
?,(Sat) 10 Apr 1948 (14),West Ham United FC (39),0-1,?,Brentford FC (38)
?,(Mon) 12 Apr 1948 (15),Tottenham Hotspur FC (39),0-3,?,Nottingham Forest FC (39)
?,(Mon) 12 Apr 1948 (15),Sheffield Wednesday FC (39),1-1,?,Brentford FC (39)
?,(Wed) 14 Apr 1948 (15),Luton Town FC (39),2-1,?,Barnsley FC (39)
?,(Wed) 14 Apr 1948 (15),Newcastle United FC (39),1-0,?,Fulham FC (37)
?,(Wed) 14 Apr 1948 (15),Chesterfield FC (39),0-1,?,Southampton FC (38)
?,(Sat) 17 Apr 1948 (15),Leicester City FC (39),1-3,?,West Ham United FC (40)
?,(Sat) 17 Apr 1948 (15),Birmingham City FC (39),2-0,?,Cardiff City FC (40)
?,(Sat) 17 Apr 1948 (15),Luton Town FC (40),0-2,?,Southampton FC (39)
?,(Sat) 17 Apr 1948 (15),Brentford FC (40),4-1,?,Bury FC (40)
?,(Sat) 17 Apr 1948 (15),Leeds United FC (40),3-0,?,Chesterfield FC (40)
?,(Sat) 17 Apr 1948 (15),Fulham FC (38),1-0,?,Millwall FC (40)
?,(Sat) 17 Apr 1948 (15),Plymouth Argyle FC (40),2-2,?,Doncaster Rovers FC (40)
?,(Sat) 17 Apr 1948 (15),Barnsley FC (40),2-2,?,Nottingham Forest FC (40)
?,(Sat) 17 Apr 1948 (15),Coventry City FC (39),1-1,?,Tottenham Hotspur FC (40)
?,(Sat) 17 Apr 1948 (15),West Bromwich Albion FC (40),6-0,?,Bradford Park Avenue AFC (40)
?,(Sat) 17 Apr 1948 (15),Newcastle United FC (40),4-2,?,Sheffield Wednesday FC (40)
?,(Mon) 19 Apr 1948 (16),Leicester City FC (40),0-0,?,Birmingham City FC (40)
?,(Wed) 21 Apr 1948 (16),Southampton FC (40),1-0,?,Fulham FC (39)
?,(Sat) 24 Apr 1948 (16),Sheffield Wednesday FC (41),0-0,?,Birmingham City FC (41)
?,(Sat) 24 Apr 1948 (16),Bradford Park Avenue AFC (41),3-2,?,Barnsley FC (41)
?,(Sat) 24 Apr 1948 (16),Southampton FC (41),2-1,?,Brentford FC (41)
?,(Sat) 24 Apr 1948 (16),Millwall FC (41),6-2,?,Coventry City FC (40)
?,(Sat) 24 Apr 1948 (16),Chesterfield FC (41),1-0,?,Fulham FC (40)
?,(Sat) 24 Apr 1948 (16),Cardiff City FC (41),0-5,?,West Bromwich Albion FC (41)
?,(Sat) 24 Apr 1948 (16),Tottenham Hotspur FC (41),1-1,?,Newcastle United FC (41)
?,(Sat) 24 Apr 1948 (16),Bury FC (41),0-2,?,Leicester City FC (41)
?,(Sat) 24 Apr 1948 (16),West Ham United FC (41),2-1,?,Leeds United FC (41)
?,(Sat) 24 Apr 1948 (16),Doncaster Rovers FC (41),0-2,?,Luton Town FC (41)
?,(Sat) 24 Apr 1948 (16),Nottingham Forest FC (41),1-1,?,Plymouth Argyle FC (41)
?,(Wed) 28 Apr 1948 (17),Fulham FC (41),0-2,?,Coventry City FC (41)
?,(Wed) 28 Apr 1948 (17),Leicester City FC (42),0-0,?,Southampton FC (42)
?,(Sat) 1 May 1948 (17),Fulham FC (42),1-1,?,West Ham United FC (42)
?,(Sat) 1 May 1948 (17),Coventry City FC (42),3-0,?,Chesterfield FC (42)
?,(Sat) 1 May 1948 (17),Brentford FC (42),2-0,?,Doncaster Rovers FC (42)
?,(Sat) 1 May 1948 (17),Newcastle United FC (42),1-0,?,Millwall FC (42)
?,(Sat) 1 May 1948 (17),Plymouth Argyle FC (42),2-2,?,Bradford Park Avenue AFC (42)
?,(Sat) 1 May 1948 (17),Leeds United FC (42),5-1,?,Bury FC (42)
?,(Sat) 1 May 1948 (17),Birmingham City FC (42),0-0,?,Tottenham Hotspur FC (42)
?,(Sat) 1 May 1948 (17),Barnsley FC (42),1-2,?,Cardiff City FC (42)
?,(Sat) 1 May 1948 (17),Luton Town FC (42),2-1,?,Nottingham Forest FC (42)
?,(Sat) 1 May 1948 (17),West Bromwich Albion FC (42),1-1,?,Sheffield Wednesday FC (42)
