Round,Date,Team 1,FT,HT,Team 2
?,(Sat) 19 Aug 1961 (33),Chester FC (1),1-0,?,Oldham Athletic AFC (1)
?,(Sat) 19 Aug 1961 (33),Chesterfield FC (1),0-1,?,Workington AFC (1)
?,(Sat) 19 Aug 1961 (33),Southport FC (1),1-4,?,Darlington FC (1)
?,(Sat) 19 Aug 1961 (33),Colchester United FC (1),3-0,?,Stockport County FC (1)
?,(Sat) 19 Aug 1961 (33),Carlisle United FC (1),2-1,?,Aldershot Town FC (1)
?,(Sat) 19 Aug 1961 (33),Bradford City AFC (1),2-2,?,York City FC (1)
?,(Sat) 19 Aug 1961 (33),Gillingham FC (1),2-2,?,Doncaster Rovers FC (1)
?,(Sat) 19 Aug 1961 (33),Rochdale AFC (1),3-1,?,Hartlepool United FC (1)
?,(Sat) 19 Aug 1961 (33),Millwall FC (1),0-1,?,Wrexham AFC (1)
?,(Sat) 19 Aug 1961 (33),Barrow AFC (1),3-0,?,Crewe Alexandra FC (1)
?,(Sat) 19 Aug 1961 (33),Mansfield Town FC (1),3-1,?,Exeter City FC (1)
?,(Sat) 19 Aug 1961 (33),Tranmere Rovers FC (1),2-0,?,Accrington Stanley FC (1)
?,(Mon) 21 Aug 1961 (34),Mansfield Town FC (2),0-1,?,Barrow AFC (2)
?,(Mon) 21 Aug 1961 (34),Hartlepool United FC (2),1-1,?,Oldham Athletic AFC (2)
?,(Mon) 21 Aug 1961 (34),Colchester United FC (2),2-0,?,Carlisle United FC (2)
?,(Mon) 21 Aug 1961 (34),Accrington Stanley FC (2),3-1,?,Darlington FC (2)
?,(Mon) 21 Aug 1961 (34),York City FC (2),3-2,?,Wrexham AFC (2)
?,(Tue) 22 Aug 1961 (34),Southport FC (2),2-1,?,Stockport County FC (2)
?,(Tue) 22 Aug 1961 (34),Doncaster Rovers FC (2),1-1,?,Workington AFC (2)
?,(Wed) 23 Aug 1961 (34),Rochdale AFC (2),4-1,?,Millwall FC (2)
?,(Wed) 23 Aug 1961 (34),Exeter City FC (2),4-1,?,Chesterfield FC (2)
?,(Wed) 23 Aug 1961 (34),Chester FC (2),1-2,?,Bradford City AFC (2)
?,(Wed) 23 Aug 1961 (34),Aldershot Town FC (2),3-1,?,Tranmere Rovers FC (2)
?,(Wed) 23 Aug 1961 (34),Crewe Alexandra FC (2),5-2,?,Gillingham FC (2)
?,(Sat) 26 Aug 1961 (34),Oldham Athletic AFC (3),2-2,?,Colchester United FC (3)
?,(Sat) 26 Aug 1961 (34),Wrexham AFC (3),5-0,?,Mansfield Town FC (3)
?,(Sat) 26 Aug 1961 (34),Crewe Alexandra FC (3),2-1,?,Rochdale AFC (3)
?,(Sat) 26 Aug 1961 (34),Hartlepool United FC (3),4-2,?,Southport FC (3)
?,(Sat) 26 Aug 1961 (34),Darlington FC (3),2-1,?,Tranmere Rovers FC (3)
?,(Sat) 26 Aug 1961 (34),Accrington Stanley FC (3),0-1,?,Chester FC (3)
?,(Sat) 26 Aug 1961 (34),York City FC (3),4-0,?,Chesterfield FC (3)
?,(Sat) 26 Aug 1961 (34),Stockport County FC (3),1-2,?,Carlisle United FC (3)
?,(Sat) 26 Aug 1961 (34),Aldershot Town FC (3),2-2,?,Bradford City AFC (3)
?,(Sat) 26 Aug 1961 (34),Workington AFC (3),5-1,?,Gillingham FC (3)
?,(Sat) 26 Aug 1961 (34),Exeter City FC (3),3-0,?,Barrow AFC (3)
?,(Sat) 26 Aug 1961 (34),Doncaster Rovers FC (3),1-2,?,Millwall FC (3)
?,(Mon) 28 Aug 1961 (35),Tranmere Rovers FC (4),1-2,?,Aldershot Town FC (4)
?,(Mon) 28 Aug 1961 (35),Barrow AFC (4),1-1,?,Mansfield Town FC (4)
?,(Mon) 28 Aug 1961 (35),Darlington FC (4),1-1,?,Accrington Stanley FC (4)
?,(Mon) 28 Aug 1961 (35),Millwall FC (4),1-1,?,Rochdale AFC (4)
?,(Mon) 28 Aug 1961 (35),Chesterfield FC (4),2-0,?,Exeter City FC (4)
?,(Mon) 28 Aug 1961 (35),Stockport County FC (4),1-4,?,Southport FC (4)
?,(Tue) 29 Aug 1961 (35),Carlisle United FC (4),1-1,?,Colchester United FC (4)
?,(Wed) 30 Aug 1961 (35),Gillingham FC (4),0-1,?,Crewe Alexandra FC (4)
?,(Wed) 30 Aug 1961 (35),Workington AFC (4),0-0,?,Doncaster Rovers FC (4)
?,(Wed) 30 Aug 1961 (35),Wrexham AFC (4),2-1,?,York City FC (4)
?,(Wed) 30 Aug 1961 (35),Oldham Athletic AFC (4),5-2,?,Hartlepool United FC (4)
?,(Wed) 30 Aug 1961 (35),Bradford City AFC (4),2-0,?,Chester FC (4)
?,(Fri) 1 Sep 1961 (35),Tranmere Rovers FC (5),3-2,?,Hartlepool United FC (5)
?,(Sat) 2 Sep 1961 (35),Carlisle United FC (5),2-0,?,Oldham Athletic AFC (5)
?,(Sat) 2 Sep 1961 (35),Aldershot Town FC (5),1-1,?,Chesterfield FC (5)
?,(Sat) 2 Sep 1961 (35),Rochdale AFC (5),3-0,?,Exeter City FC (5)
?,(Sat) 2 Sep 1961 (35),Gillingham FC (5),1-2,?,York City FC (5)
?,(Sat) 2 Sep 1961 (35),Southport FC (5),2-0,?,Crewe Alexandra FC (5)
?,(Sat) 2 Sep 1961 (35),Bradford City AFC (5),1-3,?,Stockport County FC (5)
?,(Sat) 2 Sep 1961 (35),Millwall FC (5),5-0,?,Workington AFC (5)
?,(Sat) 2 Sep 1961 (35),Colchester United FC (5),3-2,?,Accrington Stanley FC (5)
?,(Sat) 2 Sep 1961 (35),Chester FC (5),2-2,?,Darlington FC (5)
?,(Sat) 2 Sep 1961 (35),Barrow AFC (5),0-2,?,Wrexham AFC (5)
?,(Sat) 2 Sep 1961 (35),Mansfield Town FC (5),4-0,?,Doncaster Rovers FC (5)
?,(Mon) 4 Sep 1961 (36),Millwall FC (6),1-0,?,Barrow AFC (6)
?,(Mon) 4 Sep 1961 (36),Wrexham AFC (6),2-3,?,Workington AFC (6)
?,(Mon) 4 Sep 1961 (36),York City FC (6),2-1,?,Exeter City FC (6)
?,(Mon) 4 Sep 1961 (36),Hartlepool United FC (6),2-2,?,Stockport County FC (6)
?,(Mon) 4 Sep 1961 (36),Tranmere Rovers FC (6),3-2,?,Bradford City AFC (6)
?,(Mon) 4 Sep 1961 (36),Accrington Stanley FC (6),0-0,?,Mansfield Town FC (6)
?,(Mon) 4 Sep 1961 (36),Darlington FC (6),3-0,?,Oldham Athletic AFC (6)
?,(Tue) 5 Sep 1961 (36),Doncaster Rovers FC (6),1-4,?,Colchester United FC (6)
?,(Wed) 6 Sep 1961 (36),Crewe Alexandra FC (6),2-1,?,Chesterfield FC (6)
?,(Wed) 6 Sep 1961 (36),Chester FC (6),1-1,?,Carlisle United FC (6)
?,(Wed) 6 Sep 1961 (36),Rochdale AFC (6),3-1,?,Gillingham FC (6)
?,(Wed) 6 Sep 1961 (36),Aldershot Town FC (6),2-0,?,Southport FC (6)
?,(Fri) 8 Sep 1961 (36),Stockport County FC (7),3-1,?,Aldershot Town FC (7)
?,(Sat) 9 Sep 1961 (36),York City FC (7),0-1,?,Millwall FC (7)
?,(Sat) 9 Sep 1961 (36),Chesterfield FC (7),3-2,?,Gillingham FC (7)
?,(Sat) 9 Sep 1961 (36),Wrexham AFC (7),3-0,?,Rochdale AFC (7)
?,(Sat) 9 Sep 1961 (36),Accrington Stanley FC (7),1-0,?,Carlisle United FC (7)
?,(Sat) 9 Sep 1961 (36),Oldham Athletic AFC (7),2-2,?,Bradford City AFC (7)
?,(Sat) 9 Sep 1961 (36),Darlington FC (7),0-2,?,Colchester United FC (7)
?,(Sat) 9 Sep 1961 (36),Exeter City FC (7),2-1,?,Crewe Alexandra FC (7)
?,(Sat) 9 Sep 1961 (36),Southport FC (7),2-1,?,Tranmere Rovers FC (7)
?,(Sat) 9 Sep 1961 (36),Hartlepool United FC (7),1-3,?,Chester FC (7)
?,(Sat) 9 Sep 1961 (36),Workington AFC (7),1-1,?,Mansfield Town FC (7)
?,(Sat) 16 Sep 1961 (37),Rochdale AFC (8),2-3,?,Doncaster Rovers FC (7)
?,(Sat) 16 Sep 1961 (37),Aldershot Town FC (8),3-1,?,Oldham Athletic AFC (8)
?,(Sat) 16 Sep 1961 (37),Stockport County FC (8),3-1,?,Gillingham FC (8)
?,(Sat) 16 Sep 1961 (37),Chester FC (8),2-0,?,Southport FC (8)
?,(Sat) 16 Sep 1961 (37),Tranmere Rovers FC (8),3-4,?,Exeter City FC (8)
?,(Sat) 16 Sep 1961 (37),Crewe Alexandra FC (8),0-3,?,Wrexham AFC (8)
?,(Sat) 16 Sep 1961 (37),Bradford City AFC (8),0-1,?,Accrington Stanley FC (8)
?,(Sat) 16 Sep 1961 (37),Millwall FC (8),2-1,?,Chesterfield FC (8)
?,(Sat) 16 Sep 1961 (37),Colchester United FC (8),6-1,?,Hartlepool United FC (8)
?,(Sat) 16 Sep 1961 (37),Mansfield Town FC (8),3-1,?,York City FC (8)
?,(Sat) 16 Sep 1961 (37),Barrow AFC (7),1-1,?,Workington AFC (8)
?,(Sat) 16 Sep 1961 (37),Carlisle United FC (8),1-0,?,Darlington FC (8)
?,(Mon) 18 Sep 1961 (38),York City FC (9),1-1,?,Carlisle United FC (9)
?,(Mon) 18 Sep 1961 (38),Darlington FC (9),2-0,?,Rochdale AFC (9)
?,(Mon) 18 Sep 1961 (38),Barrow AFC (8),3-1,?,Accrington Stanley FC (9)
?,(Mon) 18 Sep 1961 (38),Chesterfield FC (9),2-1,?,Bradford City AFC (9)
?,(Mon) 18 Sep 1961 (38),Millwall FC (9),1-3,?,Stockport County FC (9)
?,(Tue) 19 Sep 1961 (38),Doncaster Rovers FC (8),2-0,?,Chester FC (9)
?,(Tue) 19 Sep 1961 (38),Exeter City FC (9),1-1,?,Southport FC (9)
?,(Wed) 20 Sep 1961 (38),Crewe Alexandra FC (9),3-0,?,Hartlepool United FC (9)
?,(Wed) 20 Sep 1961 (38),Gillingham FC (9),0-1,?,Aldershot Town FC (9)
?,(Wed) 20 Sep 1961 (38),Wrexham AFC (9),4-0,?,Tranmere Rovers FC (9)
?,(Thu) 21 Sep 1961 (38),Workington AFC (9),1-2,?,Colchester United FC (9)
?,(Sat) 23 Sep 1961 (38),Chesterfield FC (10),0-4,?,Mansfield Town FC (9)
?,(Sat) 23 Sep 1961 (38),Gillingham FC (10),3-1,?,Millwall FC (10)
?,(Sat) 23 Sep 1961 (38),Workington AFC (10),2-1,?,Rochdale AFC (10)
?,(Sat) 23 Sep 1961 (38),Hartlepool United FC (10),0-3,?,Carlisle United FC (10)
?,(Sat) 23 Sep 1961 (38),Darlington FC (10),3-3,?,Bradford City AFC (10)
?,(Sat) 23 Sep 1961 (38),Tranmere Rovers FC (10),4-1,?,Chester FC (10)
?,(Sat) 23 Sep 1961 (38),Southport FC (10),3-0,?,Colchester United FC (10)
?,(Sat) 23 Sep 1961 (38),Oldham Athletic AFC (9),0-0,?,Stockport County FC (10)
?,(Sat) 23 Sep 1961 (38),Wrexham AFC (10),1-2,?,Exeter City FC (10)
?,(Sat) 23 Sep 1961 (38),Doncaster Rovers FC (9),3-0,?,Crewe Alexandra FC (10)
?,(Sat) 23 Sep 1961 (38),York City FC (10),5-0,?,Barrow AFC (9)
?,(Sat) 23 Sep 1961 (38),Accrington Stanley FC (10),0-2,?,Aldershot Town FC (10)
?,(Mon) 25 Sep 1961 (39),Hartlepool United FC (11),2-1,?,Crewe Alexandra FC (11)
?,(Mon) 25 Sep 1961 (39),Accrington Stanley FC (11),2-2,?,Barrow AFC (10)
?,(Mon) 25 Sep 1961 (39),Tranmere Rovers FC (11),2-0,?,Wrexham AFC (11)
?,(Mon) 25 Sep 1961 (39),Colchester United FC (11),6-1,?,Workington AFC (11)
?,(Mon) 25 Sep 1961 (39),Southport FC (11),1-1,?,Exeter City FC (11)
?,(Mon) 25 Sep 1961 (39),Stockport County FC (11),1-1,?,Millwall FC (11)
?,(Wed) 27 Sep 1961 (39),Chester FC (11),2-3,?,Doncaster Rovers FC (10)
?,(Wed) 27 Sep 1961 (39),Aldershot Town FC (11),4-0,?,Gillingham FC (11)
?,(Wed) 27 Sep 1961 (39),Carlisle United FC (11),3-2,?,York City FC (11)
?,(Fri) 29 Sep 1961 (39),Stockport County FC (12),2-0,?,Accrington Stanley FC (12)
?,(Sat) 30 Sep 1961 (39),Mansfield Town FC (10),3-1,?,Gillingham FC (12)
?,(Sat) 30 Sep 1961 (39),Oldham Athletic AFC (10),4-2,?,Millwall FC (12)
?,(Sat) 30 Sep 1961 (39),Chester FC (12),1-1,?,Wrexham AFC (12)
?,(Sat) 30 Sep 1961 (39),Bradford City AFC (11),5-1,?,Hartlepool United FC (12)
?,(Sat) 30 Sep 1961 (39),Barrow AFC (11),1-0,?,Chesterfield FC (11)
?,(Sat) 30 Sep 1961 (39),Exeter City FC (12),1-5,?,Doncaster Rovers FC (11)
?,(Sat) 30 Sep 1961 (39),Crewe Alexandra FC (12),2-0,?,Workington AFC (12)
?,(Sat) 30 Sep 1961 (39),Carlisle United FC (12),2-1,?,Southport FC (12)
?,(Sat) 30 Sep 1961 (39),Aldershot Town FC (12),6-1,?,Darlington FC (11)
?,(Sat) 30 Sep 1961 (39),Colchester United FC (12),3-0,?,Tranmere Rovers FC (12)
?,(Sat) 30 Sep 1961 (39),Rochdale AFC (11),3-1,?,York City FC (12)
?,(Mon) 2 Oct 1961 (40),Tranmere Rovers FC (13),0-3,?,Carlisle United FC (13)
?,(Mon) 2 Oct 1961 (40),York City FC (13),4-2,?,Crewe Alexandra FC (13)
?,(Mon) 2 Oct 1961 (40),Darlington FC (12),3-0,?,Stockport County FC (13)
?,(Mon) 2 Oct 1961 (40),Millwall FC (13),4-0,?,Mansfield Town FC (11)
?,(Mon) 2 Oct 1961 (40),Colchester United FC (13),5-2,?,Chester FC (13)
?,(Mon) 2 Oct 1961 (40),Accrington Stanley FC (13),1-0,?,Oldham Athletic AFC (11)
?,(Mon) 2 Oct 1961 (40),Hartlepool United FC (13),0-2,?,Aldershot Town FC (13)
?,(Tue) 3 Oct 1961 (40),Southport FC (13),2-1,?,Bradford City AFC (12)
?,(Wed) 4 Oct 1961 (40),Gillingham FC (13),3-2,?,Barrow AFC (12)
?,(Wed) 4 Oct 1961 (40),Workington AFC (13),3-1,?,Exeter City FC (13)
?,(Sat) 7 Oct 1961 (40),Rochdale AFC (12),1-0,?,Accrington Stanley FC (14)
?,(Sat) 7 Oct 1961 (40),Crewe Alexandra FC (14),5-1,?,Darlington FC (13)
?,(Sat) 7 Oct 1961 (40),York City FC (14),5-0,?,Colchester United FC (14)
?,(Sat) 7 Oct 1961 (40),Workington AFC (14),4-1,?,Chester FC (14)
?,(Sat) 7 Oct 1961 (40),Exeter City FC (14),1-1,?,Hartlepool United FC (14)
?,(Sat) 7 Oct 1961 (40),Gillingham FC (14),3-1,?,Bradford City AFC (13)
?,(Sat) 7 Oct 1961 (40),Doncaster Rovers FC (12),6-1,?,Tranmere Rovers FC (14)
?,(Sat) 7 Oct 1961 (40),Chesterfield FC (12),1-3,?,Carlisle United FC (14)
?,(Sat) 7 Oct 1961 (40),Wrexham AFC (13),2-3,?,Southport FC (14)
?,(Sat) 7 Oct 1961 (40),Mansfield Town FC (12),2-0,?,Stockport County FC (14)
?,(Sat) 7 Oct 1961 (40),Barrow AFC (13),3-1,?,Oldham Athletic AFC (12)
?,(Sat) 7 Oct 1961 (40),Millwall FC (14),2-1,?,Aldershot Town FC (14)
?,(Mon) 9 Oct 1961 (41),Stockport County FC (15),3-0,?,Darlington FC (14)
?,(Mon) 9 Oct 1961 (41),Barrow AFC (14),7-0,?,Gillingham FC (15)
?,(Mon) 9 Oct 1961 (41),Aldershot Town FC (15),1-1,?,Hartlepool United FC (15)
?,(Tue) 10 Oct 1961 (41),Doncaster Rovers FC (13),0-2,?,Wrexham AFC (14)
?,(Tue) 10 Oct 1961 (41),Carlisle United FC (15),0-3,?,Tranmere Rovers FC (15)
?,(Wed) 11 Oct 1961 (41),Crewe Alexandra FC (15),0-0,?,York City FC (15)
?,(Wed) 11 Oct 1961 (41),Exeter City FC (15),3-1,?,Workington AFC (15)
?,(Wed) 11 Oct 1961 (41),Oldham Athletic AFC (13),5-0,?,Accrington Stanley FC (15)
?,(Wed) 11 Oct 1961 (41),Rochdale AFC (13),1-1,?,Chesterfield FC (13)
?,(Wed) 11 Oct 1961 (41),Chester FC (15),2-2,?,Colchester United FC (15)
?,(Wed) 11 Oct 1961 (41),Bradford City AFC (14),1-0,?,Southport FC (15)
?,(Sat) 14 Oct 1961 (41),Aldershot Town FC (16),4-2,?,Mansfield Town FC (13)
?,(Sat) 14 Oct 1961 (41),Stockport County FC (16),3-0,?,Barrow AFC (15)
?,(Sat) 14 Oct 1961 (41),Colchester United FC (16),3-3,?,Chesterfield FC (14)
?,(Sat) 14 Oct 1961 (41),Darlington FC (15),1-0,?,Exeter City FC (16)
?,(Sat) 14 Oct 1961 (41),Southport FC (16),3-1,?,Doncaster Rovers FC (14)
?,(Sat) 14 Oct 1961 (41),Tranmere Rovers FC (16),3-2,?,Workington AFC (16)
?,(Sat) 14 Oct 1961 (41),Bradford City AFC (15),2-4,?,Millwall FC (15)
?,(Sat) 14 Oct 1961 (41),Carlisle United FC (16),1-2,?,Gillingham FC (16)
?,(Sat) 14 Oct 1961 (41),Oldham Athletic AFC (14),2-2,?,Rochdale AFC (14)
?,(Sat) 14 Oct 1961 (41),Chester FC (16),1-1,?,York City FC (16)
?,(Sat) 14 Oct 1961 (41),Accrington Stanley FC (16),1-0,?,Crewe Alexandra FC (16)
?,(Sat) 14 Oct 1961 (41),Hartlepool United FC (16),1-4,?,Wrexham AFC (15)
?,(Mon) 16 Oct 1961 (42),Mansfield Town FC (14),0-0,?,Millwall FC (16)
?,(Wed) 18 Oct 1961 (42),Bradford City AFC (16),0-2,?,Chesterfield FC (15)
?,(Wed) 18 Oct 1961 (42),Wrexham AFC (16),3-1,?,Doncaster Rovers FC (15)
?,(Wed) 18 Oct 1961 (42),Rochdale AFC (15),1-3,?,Darlington FC (16)
?,(Sat) 21 Oct 1961 (42),Workington AFC (17),3-0,?,Southport FC (17)
?,(Sat) 21 Oct 1961 (42),Gillingham FC (17),2-1,?,Colchester United FC (17)
?,(Sat) 21 Oct 1961 (42),Rochdale AFC (16),3-3,?,Stockport County FC (17)
?,(Sat) 21 Oct 1961 (42),Exeter City FC (17),3-0,?,Accrington Stanley FC (17)
?,(Sat) 21 Oct 1961 (42),Crewe Alexandra FC (17),3-5,?,Oldham Athletic AFC (15)
?,(Sat) 21 Oct 1961 (42),York City FC (17),1-2,?,Tranmere Rovers FC (17)
?,(Sat) 21 Oct 1961 (42),Hartlepool United FC (17),3-0,?,Doncaster Rovers FC (16)
?,(Sat) 21 Oct 1961 (42),Millwall FC (17),3-0,?,Carlisle United FC (17)
?,(Sat) 21 Oct 1961 (42),Wrexham AFC (17),5-0,?,Darlington FC (17)
?,(Sat) 21 Oct 1961 (42),Mansfield Town FC (15),0-1,?,Bradford City AFC (17)
?,(Sat) 21 Oct 1961 (42),Chesterfield FC (16),4-1,?,Chester FC (17)
?,(Sat) 21 Oct 1961 (42),Barrow AFC (16),2-2,?,Aldershot Town FC (17)
?,(Sat) 28 Oct 1961 (43),Oldham Athletic AFC (16),1-1,?,Exeter City FC (18)
?,(Sat) 28 Oct 1961 (43),Southport FC (18),3-1,?,York City FC (18)
?,(Sat) 28 Oct 1961 (43),Accrington Stanley FC (18),0-2,?,Wrexham AFC (18)
?,(Sat) 28 Oct 1961 (43),Aldershot Town FC (18),3-0,?,Rochdale AFC (17)
?,(Sat) 28 Oct 1961 (43),Carlisle United FC (18),1-0,?,Mansfield Town FC (16)
?,(Sat) 28 Oct 1961 (43),Tranmere Rovers FC (18),1-0,?,Chesterfield FC (17)
?,(Sat) 28 Oct 1961 (43),Bradford City AFC (18),1-1,?,Barrow AFC (17)
?,(Sat) 28 Oct 1961 (43),Colchester United FC (18),2-2,?,Millwall FC (18)
?,(Sat) 28 Oct 1961 (43),Hartlepool United FC (18),0-1,?,Workington AFC (18)
?,(Sat) 28 Oct 1961 (43),Darlington FC (18),1-0,?,Doncaster Rovers FC (17)
?,(Sat) 28 Oct 1961 (43),Chester FC (18),1-1,?,Gillingham FC (18)
?,(Sat) 28 Oct 1961 (43),Stockport County FC (18),0-1,?,Crewe Alexandra FC (18)
?,(Sat) 11 Nov 1961 (45),Bradford City AFC (19),3-3,?,Crewe Alexandra FC (19)
?,(Sat) 11 Nov 1961 (45),Colchester United FC (19),1-1,?,Barrow AFC (18)
?,(Sat) 11 Nov 1961 (45),Southport FC (19),1-1,?,Gillingham FC (19)
?,(Sat) 11 Nov 1961 (45),Hartlepool United FC (19),1-2,?,Chesterfield FC (18)
?,(Sat) 11 Nov 1961 (45),Oldham Athletic AFC (17),3-1,?,Doncaster Rovers FC (18)
?,(Sat) 11 Nov 1961 (45),Stockport County FC (19),1-2,?,Wrexham AFC (19)
?,(Sat) 11 Nov 1961 (45),Accrington Stanley FC (19),0-4,?,Workington AFC (19)
?,(Sat) 11 Nov 1961 (45),Aldershot Town FC (19),1-1,?,Exeter City FC (19)
?,(Sat) 11 Nov 1961 (45),Chester FC (19),0-1,?,Mansfield Town FC (17)
?,(Sat) 11 Nov 1961 (45),Carlisle United FC (19),2-2,?,Rochdale AFC (18)
?,(Sat) 11 Nov 1961 (45),Darlington FC (19),0-0,?,York City FC (19)
?,(Sat) 11 Nov 1961 (45),Tranmere Rovers FC (19),5-1,?,Millwall FC (19)
?,(Wed) 15 Nov 1961 (46),Oldham Athletic AFC (18),2-3,?,Mansfield Town FC (18)
?,(Sat) 18 Nov 1961 (46),Chesterfield FC (19),1-1,?,Darlington FC (20)
?,(Sat) 18 Nov 1961 (46),York City FC (20),1-0,?,Accrington Stanley FC (20)
?,(Sat) 18 Nov 1961 (46),Exeter City FC (20),1-2,?,Bradford City AFC (20)
?,(Sat) 18 Nov 1961 (46),Workington AFC (20),0-2,?,Oldham Athletic AFC (19)
?,(Sat) 18 Nov 1961 (46),Wrexham AFC (20),2-1,?,Aldershot Town FC (20)
?,(Sat) 18 Nov 1961 (46),Rochdale AFC (19),0-1,?,Colchester United FC (20)
?,(Sat) 18 Nov 1961 (46),Barrow AFC (19),3-2,?,Chester FC (20)
?,(Sat) 18 Nov 1961 (46),Doncaster Rovers FC (19),1-1,?,Stockport County FC (20)
?,(Sat) 18 Nov 1961 (46),Gillingham FC (20),4-0,?,Hartlepool United FC (20)
?,(Sat) 18 Nov 1961 (46),Crewe Alexandra FC (20),3-0,?,Carlisle United FC (20)
?,(Sat) 18 Nov 1961 (46),Mansfield Town FC (19),1-2,?,Tranmere Rovers FC (20)
?,(Sat) 18 Nov 1961 (46),Millwall FC (20),1-1,?,Southport FC (20)
?,(Fri) 24 Nov 1961 (47),Tranmere Rovers FC (21),2-1,?,Barrow AFC (20)
?,(Sat) 2 Dec 1961 (48),Barrow AFC (21),1-1,?,Southport FC (21)
?,(Sat) 2 Dec 1961 (48),Gillingham FC (21),5-1,?,Accrington Stanley FC (21)
?,(Sat) 2 Dec 1961 (48),Crewe Alexandra FC (21),1-1,?,Chester FC (21)
?,(Sat) 2 Dec 1961 (48),Rochdale AFC (20),1-0,?,Tranmere Rovers FC (22)
?,(Sat) 2 Dec 1961 (48),Millwall FC (21),4-2,?,Darlington FC (21)
?,(Sat) 2 Dec 1961 (48),Wrexham AFC (21),2-2,?,Carlisle United FC (21)
?,(Sat) 2 Dec 1961 (48),York City FC (21),1-0,?,Stockport County FC (21)
?,(Sat) 2 Dec 1961 (48),Mansfield Town FC (20),3-1,?,Hartlepool United FC (21)
?,(Sat) 2 Dec 1961 (48),Exeter City FC (21),0-2,?,Colchester United FC (21)
?,(Sat) 2 Dec 1961 (48),Chesterfield FC (20),2-3,?,Oldham Athletic AFC (20)
?,(Sat) 2 Dec 1961 (48),Workington AFC (21),2-1,?,Aldershot Town FC (21)
?,(Sat) 2 Dec 1961 (48),Doncaster Rovers FC (20),2-0,?,Bradford City AFC (21)
?,(Sat) 9 Dec 1961 (49),Aldershot Town FC (22),2-0,?,York City FC (22)
?,(Sat) 9 Dec 1961 (49),Chester FC (22),1-1,?,Exeter City FC (22)
?,(Sat) 9 Dec 1961 (49),Accrington Stanley FC (22),0-2,?,Millwall FC (22)
?,(Sat) 9 Dec 1961 (49),Carlisle United FC (22),1-0,?,Doncaster Rovers FC (21)
?,(Sat) 9 Dec 1961 (49),Oldham Athletic AFC (21),1-1,?,Gillingham FC (22)
?,(Sat) 9 Dec 1961 (49),Tranmere Rovers FC (23),1-6,?,Crewe Alexandra FC (22)
?,(Sat) 9 Dec 1961 (49),Southport FC (22),3-0,?,Rochdale AFC (21)
?,(Sat) 9 Dec 1961 (49),Hartlepool United FC (22),2-3,?,Barrow AFC (22)
?,(Sat) 9 Dec 1961 (49),Bradford City AFC (22),1-1,?,Workington AFC (22)
?,(Sat) 9 Dec 1961 (49),Colchester United FC (22),2-4,?,Wrexham AFC (22)
?,(Sat) 16 Dec 1961 (50),Crewe Alexandra FC (23),1-1,?,Barrow AFC (23)
?,(Sat) 16 Dec 1961 (50),Workington AFC (23),2-0,?,Chesterfield FC (21)
?,(Sat) 16 Dec 1961 (50),Wrexham AFC (23),2-2,?,Millwall FC (23)
?,(Sat) 16 Dec 1961 (50),Exeter City FC (23),2-1,?,Mansfield Town FC (21)
?,(Sat) 16 Dec 1961 (50),Oldham Athletic AFC (22),4-1,?,Chester FC (23)
?,(Sat) 16 Dec 1961 (50),Stockport County FC (22),1-4,?,Colchester United FC (23)
?,(Sat) 16 Dec 1961 (50),Aldershot Town FC (23),0-1,?,Carlisle United FC (23)
?,(Sat) 16 Dec 1961 (50),York City FC (23),4-0,?,Bradford City AFC (23)
?,(Sat) 16 Dec 1961 (50),Hartlepool United FC (23),3-1,?,Rochdale AFC (22)
?,(Sat) 16 Dec 1961 (50),Darlington FC (22),1-2,?,Southport FC (23)
?,(Sat) 16 Dec 1961 (50),Doncaster Rovers FC (22),2-1,?,Gillingham FC (23)
?,(Sat) 16 Dec 1961 (50),Accrington Stanley FC (23),1-1,?,Tranmere Rovers FC (24)
?,(Sat) 23 Dec 1961 (51),Gillingham FC (24),4-2,?,Workington AFC (24)
?,(Sat) 23 Dec 1961 (51),Colchester United FC (24),5-1,?,Oldham Athletic AFC (23)
?,(Sat) 23 Dec 1961 (51),Mansfield Town FC (22),1-2,?,Wrexham AFC (24)
?,(Sat) 23 Dec 1961 (51),Chester FC (24),0-0,?,Accrington Stanley FC (24)
?,(Sat) 23 Dec 1961 (51),Barrow AFC (24),3-0,?,Exeter City FC (24)
?,(Sat) 23 Dec 1961 (51),Chesterfield FC (22),1-1,?,York City FC (24)
?,(Sat) 23 Dec 1961 (51),Carlisle United FC (24),1-0,?,Stockport County FC (23)
?,(Sat) 23 Dec 1961 (51),Southport FC (24),0-1,?,Hartlepool United FC (24)
?,(Tue) 26 Dec 1961 (52),Mansfield Town FC (23),0-1,?,Rochdale AFC (23)
?,(Tue) 26 Dec 1961 (52),Stockport County FC (24),3-0,?,Tranmere Rovers FC (25)
?,(Tue) 26 Dec 1961 (52),Oldham Athletic AFC (24),2-1,?,Southport FC (25)
?,(Tue) 26 Dec 1961 (52),Carlisle United FC (25),1-2,?,Workington AFC (25)
?,(Tue) 26 Dec 1961 (52),Bradford City AFC (24),4-1,?,Colchester United FC (25)
?,(Tue) 26 Dec 1961 (52),Chesterfield FC (23),1-5,?,Wrexham AFC (25)
?,(Tue) 26 Dec 1961 (52),Doncaster Rovers FC (23),1-2,?,York City FC (25)
?,(Tue) 26 Dec 1961 (52),Darlington FC (23),1-0,?,Barrow AFC (25)
?,(Tue) 26 Dec 1961 (52),Exeter City FC (25),1-3,?,Gillingham FC (25)
?,(Tue) 26 Dec 1961 (52),Chester FC (25),2-3,?,Aldershot Town FC (24)
?,(Sat) 30 Dec 1961 (52),Millwall FC (24),4-3,?,Crewe Alexandra FC (24)
?,(Sat) 30 Dec 1961 (52),Colchester United FC (26),9-1,?,Bradford City AFC (25)
?,(Sat) 30 Dec 1961 (52),Southport FC (26),0-5,?,Oldham Athletic AFC (25)
?,(Sat) 30 Dec 1961 (52),Gillingham FC (26),2-2,?,Exeter City FC (26)
?,(Mon) 1 Jan 1962 (1),Barrow AFC (26),4-1,?,Doncaster Rovers FC (24)
?,(Sat) 6 Jan 1962 (1),Exeter City FC (27),4-3,?,Stockport County FC (25)
?,(Sat) 6 Jan 1962 (1),Gillingham FC (27),0-1,?,Tranmere Rovers FC (26)
?,(Sat) 6 Jan 1962 (1),Millwall FC (25),2-0,?,Chester FC (26)
?,(Fri) 12 Jan 1962 (2),Doncaster Rovers FC (25),0-1,?,Mansfield Town FC (24)
?,(Sat) 13 Jan 1962 (2),Oldham Athletic AFC (26),5-0,?,Carlisle United FC (26)
?,(Sat) 13 Jan 1962 (2),Darlington FC (24),2-0,?,Chester FC (27)
?,(Sat) 13 Jan 1962 (2),Stockport County FC (26),3-1,?,Bradford City AFC (26)
?,(Sat) 13 Jan 1962 (2),York City FC (26),4-0,?,Gillingham FC (28)
?,(Sat) 13 Jan 1962 (2),Accrington Stanley FC (25),0-4,?,Colchester United FC (27)
?,(Sat) 13 Jan 1962 (2),Hartlepool United FC (25),0-0,?,Tranmere Rovers FC (27)
?,(Sat) 13 Jan 1962 (2),Exeter City FC (28),1-3,?,Rochdale AFC (24)
?,(Sat) 13 Jan 1962 (2),Crewe Alexandra FC (25),3-1,?,Southport FC (27)
?,(Sat) 13 Jan 1962 (2),Wrexham AFC (26),1-1,?,Barrow AFC (27)
?,(Sat) 13 Jan 1962 (2),Chesterfield FC (24),2-3,?,Aldershot Town FC (25)
?,(Sat) 13 Jan 1962 (2),Workington AFC (26),2-2,?,Millwall FC (26)
?,(Mon) 15 Jan 1962 (3),Mansfield Town FC (25),4-0,?,Colchester United FC (28)
?,(Fri) 19 Jan 1962 (3),Tranmere Rovers FC (28),3-1,?,Southport FC (28)
?,(Sat) 20 Jan 1962 (3),Doncaster Rovers FC (26),3-2,?,Barrow AFC (28)
?,(Sat) 20 Jan 1962 (3),Carlisle United FC (27),2-0,?,Accrington Stanley FC (26)
?,(Sat) 20 Jan 1962 (3),Gillingham FC (29),5-1,?,Chesterfield FC (25)
?,(Sat) 20 Jan 1962 (3),Chester FC (28),4-4,?,Hartlepool United FC (26)
?,(Sat) 20 Jan 1962 (3),Mansfield Town FC (26),4-1,?,Workington AFC (27)
?,(Sat) 20 Jan 1962 (3),Rochdale AFC (25),2-1,?,Wrexham AFC (27)
?,(Sat) 20 Jan 1962 (3),Aldershot Town FC (26),4-1,?,Stockport County FC (27)
?,(Sat) 20 Jan 1962 (3),Colchester United FC (29),2-0,?,Darlington FC (25)
?,(Sat) 20 Jan 1962 (3),Crewe Alexandra FC (26),3-1,?,Exeter City FC (29)
?,(Sat) 20 Jan 1962 (3),Millwall FC (27),2-1,?,York City FC (27)
?,(Fri) 26 Jan 1962 (4),Aldershot Town FC (27),3-1,?,Doncaster Rovers FC (27)
?,(Sat) 27 Jan 1962 (4),Chester FC (29),2-3,?,Rochdale AFC (26)
?,(Sat) 27 Jan 1962 (4),Accrington Stanley FC (27),0-0,?,Chesterfield FC (26)
?,(Sat) 27 Jan 1962 (4),Colchester United FC (30),5-3,?,Crewe Alexandra FC (27)
?,(Sat) 27 Jan 1962 (4),Darlington FC (26),1-1,?,Gillingham FC (30)
?,(Sat) 27 Jan 1962 (4),Carlisle United FC (28),2-1,?,Exeter City FC (30)
?,(Sat) 27 Jan 1962 (4),Hartlepool United FC (27),2-0,?,Millwall FC (28)
?,(Wed) 31 Jan 1962 (5),Rochdale AFC (27),4-1,?,Bradford City AFC (27)
?,(Sat) 3 Feb 1962 (5),Gillingham FC (31),1-1,?,Stockport County FC (28)
?,(Sat) 3 Feb 1962 (5),Darlington FC (27),2-1,?,Carlisle United FC (29)
?,(Sat) 3 Feb 1962 (5),Chesterfield FC (27),2-3,?,Millwall FC (29)
?,(Sat) 3 Feb 1962 (5),Exeter City FC (31),1-0,?,Tranmere Rovers FC (29)
?,(Sat) 3 Feb 1962 (5),Workington AFC (28),1-2,?,Barrow AFC (29)
?,(Sat) 3 Feb 1962 (5),Accrington Stanley FC (28),0-2,?,Bradford City AFC (28)
?,(Sat) 3 Feb 1962 (5),Wrexham AFC (28),1-1,?,Crewe Alexandra FC (28)
?,(Sat) 3 Feb 1962 (5),Oldham Athletic AFC (27),2-1,?,Aldershot Town FC (28)
?,(Sat) 3 Feb 1962 (5),York City FC (28),2-1,?,Mansfield Town FC (27)
?,(Sat) 3 Feb 1962 (5),Southport FC (29),1-0,?,Chester FC (30)
?,(Sat) 3 Feb 1962 (5),Hartlepool United FC (28),1-1,?,Colchester United FC (31)
?,(Sat) 3 Feb 1962 (5),Doncaster Rovers FC (28),1-2,?,Rochdale AFC (28)
?,(Fri) 9 Feb 1962 (6),Chester FC (31),1-1,?,Tranmere Rovers FC (30)
?,(Fri) 9 Feb 1962 (6),Aldershot Town FC (29),2-2,?,Accrington Stanley FC (29)
?,(Sat) 10 Feb 1962 (6),Millwall FC (30),0-0,?,Gillingham FC (32)
?,(Sat) 10 Feb 1962 (6),Mansfield Town FC (28),2-2,?,Chesterfield FC (28)
?,(Sat) 10 Feb 1962 (6),Rochdale AFC (29),1-3,?,Workington AFC (29)
?,(Sat) 10 Feb 1962 (6),Carlisle United FC (30),1-0,?,Hartlepool United FC (29)
?,(Sat) 10 Feb 1962 (6),Crewe Alexandra FC (29),2-0,?,Doncaster Rovers FC (29)
?,(Sat) 10 Feb 1962 (6),Stockport County FC (29),1-1,?,Oldham Athletic AFC (28)
?,(Sat) 10 Feb 1962 (6),Bradford City AFC (29),3-2,?,Darlington FC (28)
?,(Sat) 10 Feb 1962 (6),Barrow AFC (30),0-0,?,York City FC (29)
?,(Sat) 10 Feb 1962 (6),Exeter City FC (32),1-1,?,Wrexham AFC (29)
?,(Sat) 10 Feb 1962 (6),Colchester United FC (32),2-0,?,Southport FC (30)
?,(Wed) 14 Feb 1962 (7),Crewe Alexandra FC (30),2-1,?,Millwall FC (31)
?,(Fri) 16 Feb 1962 (7),Southport FC (31),0-0,?,Carlisle United FC (31)
?,(Fri) 16 Feb 1962 (7),Accrington Stanley FC (30),1-2,?,Stockport County FC (30)
?,(Fri) 16 Feb 1962 (7),Doncaster Rovers FC (30),3-1,?,Exeter City FC (33)
?,(Sat) 17 Feb 1962 (7),Workington AFC (30),0-1,?,Crewe Alexandra FC (31)
?,(Sat) 17 Feb 1962 (7),Millwall FC (32),2-0,?,Oldham Athletic AFC (29)
?,(Sat) 17 Feb 1962 (7),York City FC (30),2-1,?,Rochdale AFC (30)
?,(Sat) 17 Feb 1962 (7),Wrexham AFC (30),0-0,?,Chester FC (32)
?,(Sat) 17 Feb 1962 (7),Darlington FC (29),2-0,?,Aldershot Town FC (30)
?,(Sat) 17 Feb 1962 (7),Tranmere Rovers FC (31),5-2,?,Colchester United FC (33)
?,(Sat) 17 Feb 1962 (7),Hartlepool United FC (30),1-3,?,Bradford City AFC (30)
?,(Sat) 17 Feb 1962 (7),Chesterfield FC (29),2-2,?,Barrow AFC (31)
?,(Sat) 17 Feb 1962 (7),Gillingham FC (33),2-2,?,Mansfield Town FC (29)
?,(Fri) 23 Feb 1962 (8),Tranmere Rovers FC (32),3-2,?,Doncaster Rovers FC (31)
?,(Fri) 23 Feb 1962 (8),Stockport County FC (31),2-1,?,Mansfield Town FC (30)
?,(Sat) 24 Feb 1962 (8),Oldham Athletic AFC (30),3-2,?,Barrow AFC (32)
?,(Sat) 24 Feb 1962 (8),Chester FC (33),1-3,?,Workington AFC (31)
?,(Sat) 24 Feb 1962 (8),Bradford City AFC (31),5-2,?,Gillingham FC (34)
?,(Sat) 24 Feb 1962 (8),Darlington FC (30),2-1,?,Crewe Alexandra FC (32)
?,(Sat) 24 Feb 1962 (8),Aldershot Town FC (31),0-2,?,Millwall FC (33)
?,(Sat) 24 Feb 1962 (8),Southport FC (32),4-2,?,Wrexham AFC (31)
?,(Sat) 24 Feb 1962 (8),Carlisle United FC (32),3-1,?,Chesterfield FC (30)
?,(Sat) 24 Feb 1962 (8),Accrington Stanley FC (31),0-2,?,Rochdale AFC (31)
?,(Sat) 24 Feb 1962 (8),Colchester United FC (34),3-1,?,York City FC (31)
?,(Sat) 24 Feb 1962 (8),Hartlepool United FC (31),0-0,?,Exeter City FC (34)
?,(Tue) 27 Feb 1962 (9),Doncaster Rovers FC (32),1-1,?,Accrington Stanley FC (32)
?,(Fri) 2 Mar 1962 (9),Crewe Alexandra FC (33),4-0,?,Accrington Stanley FC (33)
?,(Fri) 2 Mar 1962 (9),Mansfield Town FC (31),4-1,?,Aldershot Town FC (32)
?,(Sat) 3 Mar 1962 (9),Chesterfield FC (31),4-1,?,Colchester United FC (35)
?,(Sat) 3 Mar 1962 (9),Doncaster Rovers FC (33),1-2,?,Southport FC (33)
?,(Sat) 3 Mar 1962 (9),Barrow AFC (33),3-1,?,Stockport County FC (32)
?,(Sat) 3 Mar 1962 (9),Rochdale AFC (32),3-1,?,Oldham Athletic AFC (31)
?,(Sat) 3 Mar 1962 (9),Wrexham AFC (32),10-1,?,Hartlepool United FC (32)
?,(Sat) 3 Mar 1962 (9),Exeter City FC (35),0-1,?,Darlington FC (31)
?,(Sat) 3 Mar 1962 (9),York City FC (32),5-1,?,Chester FC (34)
?,(Sat) 3 Mar 1962 (9),Millwall FC (34),1-2,?,Bradford City AFC (32)
?,(Sat) 3 Mar 1962 (9),Gillingham FC (35),4-1,?,Carlisle United FC (33)
?,(Sat) 3 Mar 1962 (9),Workington AFC (32),2-1,?,Tranmere Rovers FC (33)
?,(Mon) 5 Mar 1962 (10),Millwall FC (35),2-0,?,Doncaster Rovers FC (34)
?,(Mon) 5 Mar 1962 (10),Southport FC (34),2-1,?,Mansfield Town FC (32)
?,(Wed) 7 Mar 1962 (10),Crewe Alexandra FC (34),2-0,?,Aldershot Town FC (33)
?,(Wed) 7 Mar 1962 (10),Workington AFC (33),2-1,?,Carlisle United FC (34)
?,(Fri) 9 Mar 1962 (10),Tranmere Rovers FC (34),2-2,?,York City FC (33)
?,(Fri) 9 Mar 1962 (10),Stockport County FC (33),5-2,?,Rochdale AFC (33)
?,(Fri) 9 Mar 1962 (10),Aldershot Town FC (34),3-1,?,Barrow AFC (34)
?,(Sat) 10 Mar 1962 (10),Colchester United FC (36),6-0,?,Gillingham FC (36)
?,(Sat) 10 Mar 1962 (10),Carlisle United FC (35),3-2,?,Millwall FC (36)
?,(Sat) 10 Mar 1962 (10),Oldham Athletic AFC (32),2-0,?,Crewe Alexandra FC (35)
?,(Sat) 10 Mar 1962 (10),Doncaster Rovers FC (35),2-2,?,Hartlepool United FC (33)
?,(Sat) 10 Mar 1962 (10),Darlington FC (32),1-0,?,Wrexham AFC (33)
?,(Sat) 10 Mar 1962 (10),Bradford City AFC (33),6-1,?,Mansfield Town FC (33)
?,(Sat) 10 Mar 1962 (10),Southport FC (35),1-1,?,Workington AFC (34)
?,(Sat) 10 Mar 1962 (10),Chester FC (35),4-1,?,Chesterfield FC (32)
?,(Mon) 12 Mar 1962 (11),Tranmere Rovers FC (35),0-0,?,Darlington FC (33)
?,(Mon) 12 Mar 1962 (11),Stockport County FC (34),2-1,?,Chesterfield FC (33)
?,(Tue) 13 Mar 1962 (11),Oldham Athletic AFC (33),1-0,?,York City FC (34)
?,(Tue) 13 Mar 1962 (11),Rochdale AFC (34),3-0,?,Crewe Alexandra FC (36)
?,(Tue) 13 Mar 1962 (11),Carlisle United FC (36),1-0,?,Wrexham AFC (34)
?,(Wed) 14 Mar 1962 (11),Bradford City AFC (34),2-1,?,Aldershot Town FC (35)
?,(Fri) 16 Mar 1962 (11),York City FC (35),2-2,?,Southport FC (36)
?,(Sat) 17 Mar 1962 (11),Millwall FC (37),2-0,?,Colchester United FC (37)
?,(Sat) 17 Mar 1962 (11),Gillingham FC (37),0-0,?,Chester FC (36)
?,(Sat) 17 Mar 1962 (11),Exeter City FC (36),3-3,?,Oldham Athletic AFC (34)
?,(Sat) 17 Mar 1962 (11),Doncaster Rovers FC (36),1-2,?,Darlington FC (34)
?,(Sat) 17 Mar 1962 (11),Chesterfield FC (34),1-2,?,Tranmere Rovers FC (36)
?,(Sat) 17 Mar 1962 (11),Mansfield Town FC (34),5-2,?,Carlisle United FC (37)
?,(Sat) 17 Mar 1962 (11),Crewe Alexandra FC (37),3-2,?,Stockport County FC (35)
?,(Sat) 17 Mar 1962 (11),Rochdale AFC (35),1-0,?,Aldershot Town FC (36)
?,(Sat) 17 Mar 1962 (11),Barrow AFC (35),1-1,?,Bradford City AFC (35)
?,(Sat) 17 Mar 1962 (11),Workington AFC (35),1-1,?,Hartlepool United FC (34)
?,(Mon) 19 Mar 1962 (12),Darlington FC (35),3-1,?,Mansfield Town FC (35)
?,(Mon) 19 Mar 1962 (12),York City FC (36),2-0,?,Hartlepool United FC (35)
?,(Mon) 19 Mar 1962 (12),Stockport County FC (36),3-1,?,Workington AFC (36)
?,(Tue) 20 Mar 1962 (12),Bradford City AFC (36),1-1,?,Oldham Athletic AFC (35)
?,(Fri) 23 Mar 1962 (12),Stockport County FC (37),1-0,?,Exeter City FC (37)
?,(Fri) 23 Mar 1962 (12),Bradford City AFC (37),1-0,?,Rochdale AFC (36)
?,(Fri) 23 Mar 1962 (12),Colchester United FC (38),2-0,?,Mansfield Town FC (36)
?,(Sat) 24 Mar 1962 (12),Tranmere Rovers FC (37),4-2,?,Gillingham FC (38)
?,(Sat) 24 Mar 1962 (12),Oldham Athletic AFC (36),1-1,?,Wrexham AFC (35)
?,(Sat) 24 Mar 1962 (12),Hartlepool United FC (36),0-2,?,York City FC (37)
?,(Sat) 24 Mar 1962 (12),Carlisle United FC (38),0-0,?,Barrow AFC (36)
?,(Sat) 24 Mar 1962 (12),Southport FC (37),0-2,?,Chesterfield FC (35)
?,(Sat) 24 Mar 1962 (12),Chester FC (37),2-4,?,Millwall FC (38)
?,(Sat) 24 Mar 1962 (12),Darlington FC (36),1-1,?,Workington AFC (37)
?,(Sat) 24 Mar 1962 (12),Aldershot Town FC (37),1-0,?,Crewe Alexandra FC (38)
?,(Mon) 26 Mar 1962 (13),Tranmere Rovers FC (38),1-3,?,Stockport County FC (38)
?,(Mon) 26 Mar 1962 (13),Barrow AFC (37),0-3,?,Carlisle United FC (39)
?,(Mon) 26 Mar 1962 (13),Mansfield Town FC (37),2-0,?,Oldham Athletic AFC (37)
?,(Wed) 28 Mar 1962 (13),Wrexham AFC (36),4-2,?,Chesterfield FC (36)
?,(Fri) 30 Mar 1962 (13),Wrexham AFC (37),0-1,?,Stockport County FC (39)
?,(Fri) 30 Mar 1962 (13),Doncaster Rovers FC (37),0-0,?,Oldham Athletic AFC (38)
?,(Fri) 30 Mar 1962 (13),Mansfield Town FC (38),3-0,?,Chester FC (38)
?,(Sat) 31 Mar 1962 (13),Chesterfield FC (37),2-0,?,Hartlepool United FC (37)
?,(Sat) 31 Mar 1962 (13),Gillingham FC (39),4-0,?,Southport FC (38)
?,(Sat) 31 Mar 1962 (13),York City FC (38),2-1,?,Darlington FC (37)
?,(Sat) 31 Mar 1962 (13),Millwall FC (39),3-0,?,Tranmere Rovers FC (39)
?,(Sat) 31 Mar 1962 (13),Crewe Alexandra FC (39),1-2,?,Bradford City AFC (38)
?,(Sat) 31 Mar 1962 (13),Rochdale AFC (37),1-1,?,Carlisle United FC (40)
?,(Sat) 31 Mar 1962 (13),Barrow AFC (38),4-0,?,Colchester United FC (39)
?,(Sat) 31 Mar 1962 (13),Exeter City FC (38),2-1,?,Aldershot Town FC (38)
?,(Mon) 2 Apr 1962 (14),York City FC (39),5-2,?,Doncaster Rovers FC (38)
?,(Wed) 4 Apr 1962 (14),Wrexham AFC (38),2-1,?,Oldham Athletic AFC (39)
?,(Wed) 4 Apr 1962 (14),Workington AFC (38),2-1,?,Darlington FC (38)
?,(Wed) 4 Apr 1962 (14),Aldershot Town FC (39),6-2,?,Chester FC (39)
?,(Fri) 6 Apr 1962 (14),Carlisle United FC (41),3-0,?,Crewe Alexandra FC (40)
?,(Fri) 6 Apr 1962 (14),Stockport County FC (40),2-1,?,Doncaster Rovers FC (39)
?,(Sat) 7 Apr 1962 (14),Darlington FC (39),4-4,?,Chesterfield FC (38)
?,(Sat) 7 Apr 1962 (14),Bradford City AFC (39),5-1,?,Exeter City FC (39)
?,(Sat) 7 Apr 1962 (14),Colchester United FC (40),1-1,?,Rochdale AFC (38)
?,(Sat) 7 Apr 1962 (14),Tranmere Rovers FC (40),2-0,?,Mansfield Town FC (39)
?,(Sat) 7 Apr 1962 (14),Chester FC (40),2-3,?,Barrow AFC (39)
?,(Sat) 7 Apr 1962 (14),Oldham Athletic AFC (40),0-2,?,Workington AFC (39)
?,(Sat) 7 Apr 1962 (14),Aldershot Town FC (40),3-1,?,Wrexham AFC (39)
?,(Sat) 7 Apr 1962 (14),Southport FC (39),3-1,?,Millwall FC (40)
?,(Sat) 7 Apr 1962 (14),Hartlepool United FC (38),1-3,?,Gillingham FC (40)
?,(Mon) 9 Apr 1962 (15),Barrow AFC (40),3-0,?,Darlington FC (40)
?,(Mon) 9 Apr 1962 (15),Stockport County FC (41),1-1,?,Hartlepool United FC (39)
?,(Mon) 9 Apr 1962 (15),Chesterfield FC (39),3-2,?,Southport FC (40)
?,(Wed) 11 Apr 1962 (15),Rochdale AFC (39),3-2,?,Mansfield Town FC (40)
?,(Wed) 11 Apr 1962 (15),Exeter City FC (40),2-1,?,York City FC (40)
?,(Wed) 11 Apr 1962 (15),Bradford City AFC (40),3-1,?,Tranmere Rovers FC (41)
?,(Wed) 11 Apr 1962 (15),Workington AFC (40),1-0,?,Wrexham AFC (40)
?,(Fri) 13 Apr 1962 (15),Doncaster Rovers FC (40),2-1,?,Aldershot Town FC (41)
?,(Sat) 14 Apr 1962 (15),Gillingham FC (41),2-2,?,Darlington FC (41)
?,(Sat) 14 Apr 1962 (15),Mansfield Town FC (41),3-1,?,Southport FC (41)
?,(Sat) 14 Apr 1962 (15),York City FC (41),4-1,?,Oldham Athletic AFC (41)
?,(Sat) 14 Apr 1962 (15),Millwall FC (41),3-2,?,Hartlepool United FC (40)
?,(Sat) 14 Apr 1962 (15),Wrexham AFC (41),2-1,?,Bradford City AFC (41)
?,(Sat) 14 Apr 1962 (15),Rochdale AFC (40),3-2,?,Chester FC (41)
?,(Sat) 14 Apr 1962 (15),Barrow AFC (41),2-0,?,Tranmere Rovers FC (42)
?,(Sat) 14 Apr 1962 (15),Workington AFC (41),1-1,?,Stockport County FC (42)
?,(Sat) 14 Apr 1962 (15),Crewe Alexandra FC (41),4-0,?,Colchester United FC (41)
?,(Sat) 14 Apr 1962 (15),Exeter City FC (41),4-0,?,Carlisle United FC (42)
?,(Mon) 16 Apr 1962 (16),Chesterfield FC (40),1-0,?,Rochdale AFC (41)
?,(Fri) 20 Apr 1962 (16),Hartlepool United FC (41),2-0,?,Darlington FC (42)
?,(Fri) 20 Apr 1962 (16),Barrow AFC (42),0-1,?,Rochdale AFC (42)
?,(Fri) 20 Apr 1962 (16),Carlisle United FC (43),2-4,?,Bradford City AFC (42)
?,(Fri) 20 Apr 1962 (16),Tranmere Rovers FC (43),3-1,?,Oldham Athletic AFC (42)
?,(Fri) 20 Apr 1962 (16),Colchester United FC (42),3-0,?,Aldershot Town FC (42)
?,(Fri) 20 Apr 1962 (16),Wrexham AFC (42),3-0,?,Gillingham FC (42)
?,(Fri) 20 Apr 1962 (16),Crewe Alexandra FC (42),3-2,?,Mansfield Town FC (42)
?,(Fri) 20 Apr 1962 (16),York City FC (42),4-0,?,Workington AFC (42)
?,(Fri) 20 Apr 1962 (16),Millwall FC (42),2-0,?,Exeter City FC (42)
?,(Fri) 20 Apr 1962 (16),Chesterfield FC (41),3-0,?,Doncaster Rovers FC (41)
?,(Fri) 20 Apr 1962 (16),Stockport County FC (43),0-1,?,Chester FC (42)
?,(Sat) 21 Apr 1962 (16),Chester FC (43),1-0,?,Crewe Alexandra FC (43)
?,(Sat) 21 Apr 1962 (16),Hartlepool United FC (42),0-1,?,Mansfield Town FC (43)
?,(Sat) 21 Apr 1962 (16),Aldershot Town FC (43),3-1,?,Workington AFC (43)
?,(Sat) 21 Apr 1962 (16),Colchester United FC (43),2-0,?,Exeter City FC (43)
?,(Sat) 21 Apr 1962 (16),Darlington FC (43),1-5,?,Millwall FC (43)
?,(Sat) 21 Apr 1962 (16),Oldham Athletic AFC (43),3-1,?,Chesterfield FC (42)
?,(Sat) 21 Apr 1962 (16),Stockport County FC (44),2-1,?,York City FC (43)
?,(Sat) 21 Apr 1962 (16),Tranmere Rovers FC (44),2-0,?,Rochdale AFC (43)
?,(Sat) 21 Apr 1962 (16),Southport FC (42),0-0,?,Barrow AFC (43)
?,(Mon) 23 Apr 1962 (17),Exeter City FC (44),1-1,?,Millwall FC (44)
?,(Mon) 23 Apr 1962 (17),Mansfield Town FC (44),1-1,?,Crewe Alexandra FC (44)
?,(Mon) 23 Apr 1962 (17),Workington AFC (44),0-0,?,York City FC (44)
?,(Mon) 23 Apr 1962 (17),Oldham Athletic AFC (44),2-0,?,Tranmere Rovers FC (45)
?,(Mon) 23 Apr 1962 (17),Doncaster Rovers FC (42),0-0,?,Chesterfield FC (43)
?,(Mon) 23 Apr 1962 (17),Bradford City AFC (43),3-2,?,Carlisle United FC (44)
?,(Mon) 23 Apr 1962 (17),Darlington FC (44),1-2,?,Hartlepool United FC (43)
?,(Mon) 23 Apr 1962 (17),Gillingham FC (43),2-3,?,Wrexham AFC (43)
?,(Mon) 23 Apr 1962 (17),Rochdale AFC (44),0-2,?,Barrow AFC (44)
?,(Mon) 23 Apr 1962 (17),Chester FC (44),2-0,?,Stockport County FC (45)
?,(Mon) 23 Apr 1962 (17),Aldershot Town FC (44),1-0,?,Colchester United FC (44)
?,(Wed) 25 Apr 1962 (17),Bradford City AFC (44),2-0,?,Doncaster Rovers FC (43)
?,(Sat) 28 Apr 1962 (17),Mansfield Town FC (45),3-0,?,Darlington FC (45)
?,(Sat) 28 Apr 1962 (17),Doncaster Rovers FC (44),1-2,?,Carlisle United FC (45)
?,(Sat) 28 Apr 1962 (17),Crewe Alexandra FC (45),3-0,?,Tranmere Rovers FC (46)
?,(Sat) 28 Apr 1962 (17),Gillingham FC (44),0-2,?,Oldham Athletic AFC (45)
?,(Sat) 28 Apr 1962 (17),Workington AFC (45),5-3,?,Bradford City AFC (45)
?,(Sat) 28 Apr 1962 (17),Exeter City FC (45),5-0,?,Chester FC (45)
?,(Sat) 28 Apr 1962 (17),York City FC (45),0-1,?,Aldershot Town FC (45)
?,(Sat) 28 Apr 1962 (17),Barrow AFC (45),5-1,?,Hartlepool United FC (44)
?,(Sat) 28 Apr 1962 (17),Rochdale AFC (45),2-0,?,Southport FC (43)
?,(Sat) 28 Apr 1962 (17),Wrexham AFC (44),0-0,?,Colchester United FC (45)
?,(Sat) 28 Apr 1962 (17),Chesterfield FC (44),3-2,?,Stockport County FC (46)
?,(Mon) 30 Apr 1962 (18),Barrow AFC (46),2-2,?,Millwall FC (45)
?,(Mon) 30 Apr 1962 (18),Chesterfield FC (45),3-1,?,Crewe Alexandra FC (46)
?,(Mon) 30 Apr 1962 (18),Colchester United FC (46),5-3,?,Doncaster Rovers FC (45)
?,(Tue) 1 May 1962 (18),Southport FC (44),2-1,?,Aldershot Town FC (46)
?,(Tue) 1 May 1962 (18),Carlisle United FC (46),2-0,?,Chester FC (46)
?,(Wed) 2 May 1962 (18),Bradford City AFC (46),5-3,?,Wrexham AFC (45)
?,(Wed) 2 May 1962 (18),Oldham Athletic AFC (46),0-1,?,Darlington FC (46)
?,(Thu) 3 May 1962 (18),Gillingham FC (45),4-2,?,Rochdale AFC (46)
