Round,Date,Team 1,FT,HT,Team 2
?,(Sat) 19 Aug 1950 (33),Norwich City FC (1),2-0,?,Port Vale FC (1)
?,(Sat) 19 Aug 1950 (33),Bristol Rovers FC (1),1-0,?,Swindon Town FC (1)
?,(Sat) 19 Aug 1950 (33),AFC Bournemouth (1),1-0,?,Bristol City FC (1)
?,(Sat) 19 Aug 1950 (33),Reading FC (1),2-1,?,Walsall FC (1)
?,(Sat) 19 Aug 1950 (33),Southend United FC (1),5-1,?,Watford FC (1)
?,(Sat) 19 Aug 1950 (33),Brighton & Hove Albion FC (1),2-2,?,Torquay United FC (1)
?,(Sat) 19 Aug 1950 (33),Ipswich Town FC (1),1-1,?,Northampton Town FC (1)
?,(Sat) 19 Aug 1950 (33),Crystal Palace FC (1),0-2,?,Aldershot Town FC (1)
?,(Sat) 19 Aug 1950 (33),Exeter City FC (1),0-1,?,Millwall FC (1)
?,(Sat) 19 Aug 1950 (33),Gillingham FC (1),0-0,?,Colchester United FC (1)
?,(Sat) 19 Aug 1950 (33),Plymouth Argyle FC (1),2-1,?,Leyton Orient FC (1)
?,(Sat) 19 Aug 1950 (33),Newport County AFC (1),0-2,?,Nottingham Forest FC (1)
?,(Mon) 21 Aug 1950 (34),Millwall FC (2),1-1,?,Southend United FC (2)
?,(Wed) 23 Aug 1950 (34),Ipswich Town FC (2),2-2,?,Leyton Orient FC (2)
?,(Wed) 23 Aug 1950 (34),Nottingham Forest FC (2),4-0,?,Brighton & Hove Albion FC (2)
?,(Wed) 23 Aug 1950 (34),AFC Bournemouth (2),3-1,?,Gillingham FC (2)
?,(Wed) 23 Aug 1950 (34),Norwich City FC (2),0-0,?,Northampton Town FC (2)
?,(Wed) 23 Aug 1950 (34),Torquay United FC (2),4-1,?,Crystal Palace FC (2)
?,(Wed) 23 Aug 1950 (34),Swindon Town FC (2),1-1,?,Colchester United FC (2)
?,(Wed) 23 Aug 1950 (34),Aldershot Town FC (2),1-1,?,Bristol Rovers FC (2)
?,(Wed) 23 Aug 1950 (34),Bristol City FC (2),3-1,?,Exeter City FC (2)
?,(Thu) 24 Aug 1950 (34),Walsall FC (2),1-1,?,Plymouth Argyle FC (2)
?,(Thu) 24 Aug 1950 (34),Port Vale FC (2),1-0,?,Newport County AFC (2)
?,(Thu) 24 Aug 1950 (34),Watford FC (2),3-1,?,Reading FC (2)
?,(Sat) 26 Aug 1950 (34),Nottingham Forest FC (3),4-2,?,Norwich City FC (3)
?,(Sat) 26 Aug 1950 (34),Watford FC (3),1-2,?,Exeter City FC (3)
?,(Sat) 26 Aug 1950 (34),Walsall FC (3),1-2,?,Southend United FC (3)
?,(Sat) 26 Aug 1950 (34),Bristol City FC (3),2-0,?,Gillingham FC (3)
?,(Sat) 26 Aug 1950 (34),Aldershot Town FC (3),0-0,?,Brighton & Hove Albion FC (3)
?,(Sat) 26 Aug 1950 (34),Leyton Orient FC (3),2-0,?,Reading FC (3)
?,(Sat) 26 Aug 1950 (34),Millwall FC (3),3-0,?,AFC Bournemouth (3)
?,(Sat) 26 Aug 1950 (34),Colchester United FC (3),0-0,?,Bristol Rovers FC (3)
?,(Sat) 26 Aug 1950 (34),Torquay United FC (3),3-4,?,Newport County AFC (3)
?,(Sat) 26 Aug 1950 (34),Swindon Town FC (3),2-0,?,Crystal Palace FC (3)
?,(Sat) 26 Aug 1950 (34),Ipswich Town FC (3),2-0,?,Plymouth Argyle FC (3)
?,(Sat) 26 Aug 1950 (34),Port Vale FC (3),0-3,?,Northampton Town FC (3)
?,(Mon) 28 Aug 1950 (35),Bristol Rovers FC (4),3-0,?,Aldershot Town FC (4)
?,(Tue) 29 Aug 1950 (35),Southend United FC (4),0-3,?,Millwall FC (4)
?,(Wed) 30 Aug 1950 (35),Reading FC (4),1-0,?,Watford FC (4)
?,(Wed) 30 Aug 1950 (35),Exeter City FC (4),1-0,?,Bristol City FC (4)
?,(Wed) 30 Aug 1950 (35),Crystal Palace FC (4),2-1,?,Torquay United FC (4)
?,(Wed) 30 Aug 1950 (35),Brighton & Hove Albion FC (4),1-2,?,Nottingham Forest FC (4)
?,(Wed) 30 Aug 1950 (35),Gillingham FC (4),2-2,?,AFC Bournemouth (4)
?,(Wed) 30 Aug 1950 (35),Plymouth Argyle FC (4),1-1,?,Walsall FC (4)
?,(Thu) 31 Aug 1950 (35),Leyton Orient FC (4),2-0,?,Ipswich Town FC (4)
?,(Thu) 31 Aug 1950 (35),Northampton Town FC (4),1-2,?,Norwich City FC (4)
?,(Thu) 31 Aug 1950 (35),Newport County AFC (4),2-1,?,Port Vale FC (4)
?,(Thu) 31 Aug 1950 (35),Colchester United FC (4),4-1,?,Swindon Town FC (4)
?,(Sat) 2 Sep 1950 (35),Gillingham FC (5),4-3,?,Millwall FC (5)
?,(Sat) 2 Sep 1950 (35),AFC Bournemouth (5),3-3,?,Watford FC (5)
?,(Sat) 2 Sep 1950 (35),Reading FC (5),2-0,?,Ipswich Town FC (5)
?,(Sat) 2 Sep 1950 (35),Southend United FC (5),0-1,?,Leyton Orient FC (5)
?,(Sat) 2 Sep 1950 (35),Norwich City FC (5),1-1,?,Torquay United FC (5)
?,(Sat) 2 Sep 1950 (35),Bristol City FC (5),1-0,?,Bristol Rovers FC (5)
?,(Sat) 2 Sep 1950 (35),Crystal Palace FC (5),1-3,?,Colchester United FC (5)
?,(Sat) 2 Sep 1950 (35),Brighton & Hove Albion FC (5),1-0,?,Swindon Town FC (5)
?,(Sat) 2 Sep 1950 (35),Northampton Town FC (5),2-2,?,Nottingham Forest FC (5)
?,(Sat) 2 Sep 1950 (35),Exeter City FC (5),1-0,?,Walsall FC (5)
?,(Sat) 2 Sep 1950 (35),Newport County AFC (5),7-0,?,Aldershot Town FC (5)
?,(Sat) 2 Sep 1950 (35),Plymouth Argyle FC (5),1-0,?,Port Vale FC (5)
?,(Mon) 4 Sep 1950 (36),Bristol Rovers FC (6),3-0,?,Gillingham FC (6)
?,(Mon) 4 Sep 1950 (36),Port Vale FC (6),1-0,?,Ipswich Town FC (6)
?,(Mon) 4 Sep 1950 (36),Millwall FC (6),1-1,?,Brighton & Hove Albion FC (6)
?,(Wed) 6 Sep 1950 (36),Torquay United FC (6),2-1,?,Reading FC (6)
?,(Wed) 6 Sep 1950 (36),Nottingham Forest FC (6),4-1,?,Plymouth Argyle FC (6)
?,(Wed) 6 Sep 1950 (36),Bristol City FC (6),2-0,?,Crystal Palace FC (6)
?,(Wed) 6 Sep 1950 (36),Aldershot Town FC (6),2-2,?,Southend United FC (6)
?,(Wed) 6 Sep 1950 (36),Swindon Town FC (6),1-0,?,Exeter City FC (6)
?,(Thu) 7 Sep 1950 (36),Colchester United FC (6),4-1,?,AFC Bournemouth (6)
?,(Thu) 7 Sep 1950 (36),Leyton Orient FC (6),1-0,?,Northampton Town FC (6)
?,(Thu) 7 Sep 1950 (36),Walsall FC (6),0-1,?,Norwich City FC (6)
?,(Thu) 7 Sep 1950 (36),Watford FC (6),0-2,?,Newport County AFC (6)
?,(Sat) 9 Sep 1950 (36),Watford FC (7),5-0,?,Gillingham FC (7)
?,(Sat) 9 Sep 1950 (36),Ipswich Town FC (7),1-0,?,Southend United FC (7)
?,(Sat) 9 Sep 1950 (36),Bristol Rovers FC (7),1-1,?,Crystal Palace FC (7)
?,(Sat) 9 Sep 1950 (36),Torquay United FC (7),1-1,?,Northampton Town FC (7)
?,(Sat) 9 Sep 1950 (36),Plymouth Argyle FC (7),2-0,?,Reading FC (7)
?,(Sat) 9 Sep 1950 (36),Nottingham Forest FC (7),2-1,?,Port Vale FC (7)
?,(Sat) 9 Sep 1950 (36),Walsall FC (7),0-1,?,AFC Bournemouth (7)
?,(Sat) 9 Sep 1950 (36),Leyton Orient FC (7),1-3,?,Exeter City FC (7)
?,(Sat) 9 Sep 1950 (36),Aldershot Town FC (7),1-1,?,Norwich City FC (7)
?,(Sat) 9 Sep 1950 (36),Millwall FC (7),5-3,?,Bristol City FC (7)
?,(Sat) 9 Sep 1950 (36),Swindon Town FC (7),2-0,?,Newport County AFC (7)
?,(Sat) 9 Sep 1950 (36),Colchester United FC (7),4-1,?,Brighton & Hove Albion FC (7)
?,(Tue) 12 Sep 1950 (37),Southend United FC (8),4-2,?,Aldershot Town FC (8)
?,(Wed) 13 Sep 1950 (37),Ipswich Town FC (8),2-2,?,Port Vale FC (8)
?,(Wed) 13 Sep 1950 (37),Crystal Palace FC (8),1-0,?,Bristol City FC (8)
?,(Wed) 13 Sep 1950 (37),Plymouth Argyle FC (8),0-2,?,Nottingham Forest FC (8)
?,(Wed) 13 Sep 1950 (37),AFC Bournemouth (8),2-0,?,Colchester United FC (8)
?,(Wed) 13 Sep 1950 (37),Gillingham FC (8),1-0,?,Bristol Rovers FC (8)
?,(Wed) 13 Sep 1950 (37),Brighton & Hove Albion FC (8),2-3,?,Millwall FC (8)
?,(Wed) 13 Sep 1950 (37),Norwich City FC (8),1-0,?,Walsall FC (8)
?,(Wed) 13 Sep 1950 (37),Exeter City FC (8),1-0,?,Swindon Town FC (8)
?,(Wed) 13 Sep 1950 (37),Reading FC (8),0-0,?,Torquay United FC (8)
?,(Thu) 14 Sep 1950 (37),Northampton Town FC (8),3-3,?,Leyton Orient FC (8)
?,(Thu) 14 Sep 1950 (37),Newport County AFC (8),2-2,?,Watford FC (8)
?,(Sat) 16 Sep 1950 (37),Norwich City FC (9),2-0,?,Swindon Town FC (9)
?,(Sat) 16 Sep 1950 (37),Southend United FC (9),1-0,?,Plymouth Argyle FC (9)
?,(Sat) 16 Sep 1950 (37),Bristol City FC (9),3-0,?,Watford FC (9)
?,(Sat) 16 Sep 1950 (37),Newport County AFC (9),2-0,?,Colchester United FC (9)
?,(Sat) 16 Sep 1950 (37),AFC Bournemouth (9),5-0,?,Leyton Orient FC (9)
?,(Sat) 16 Sep 1950 (37),Port Vale FC (9),1-0,?,Torquay United FC (9)
?,(Sat) 16 Sep 1950 (37),Gillingham FC (9),4-1,?,Walsall FC (9)
?,(Sat) 16 Sep 1950 (37),Northampton Town FC (9),1-0,?,Aldershot Town FC (9)
?,(Sat) 16 Sep 1950 (37),Brighton & Hove Albion FC (9),2-2,?,Bristol Rovers FC (9)
?,(Sat) 16 Sep 1950 (37),Reading FC (9),0-2,?,Nottingham Forest FC (9)
?,(Sat) 16 Sep 1950 (37),Exeter City FC (9),2-0,?,Ipswich Town FC (9)
?,(Sat) 16 Sep 1950 (37),Millwall FC (9),1-0,?,Crystal Palace FC (9)
?,(Mon) 18 Sep 1950 (38),Millwall FC (10),3-1,?,Leyton Orient FC (10)
?,(Thu) 21 Sep 1950 (38),Newport County AFC (10),2-2,?,Northampton Town FC (10)
?,(Sat) 23 Sep 1950 (38),Bristol Rovers FC (10),1-0,?,Newport County AFC (11)
?,(Sat) 23 Sep 1950 (38),Ipswich Town FC (10),1-0,?,AFC Bournemouth (10)
?,(Sat) 23 Sep 1950 (38),Walsall FC (10),3-1,?,Bristol City FC (10)
?,(Sat) 23 Sep 1950 (38),Colchester United FC (10),2-3,?,Norwich City FC (10)
?,(Sat) 23 Sep 1950 (38),Crystal Palace FC (10),0-2,?,Brighton & Hove Albion FC (10)
?,(Sat) 23 Sep 1950 (38),Aldershot Town FC (10),2-0,?,Port Vale FC (10)
?,(Sat) 23 Sep 1950 (38),Plymouth Argyle FC (10),0-1,?,Exeter City FC (10)
?,(Sat) 23 Sep 1950 (38),Leyton Orient FC (11),4-0,?,Gillingham FC (10)
?,(Sat) 23 Sep 1950 (38),Watford FC (10),0-0,?,Millwall FC (11)
?,(Sat) 23 Sep 1950 (38),Reading FC (10),0-2,?,Southend United FC (10)
?,(Sat) 23 Sep 1950 (38),Torquay United FC (10),3-2,?,Nottingham Forest FC (10)
?,(Sat) 23 Sep 1950 (38),Swindon Town FC (10),1-0,?,Northampton Town FC (11)
?,(Wed) 27 Sep 1950 (39),Torquay United FC (11),1-2,?,Aldershot Town FC (11)
?,(Sat) 30 Sep 1950 (39),Exeter City FC (11),1-3,?,Reading FC (11)
?,(Sat) 30 Sep 1950 (39),Millwall FC (12),2-0,?,Walsall FC (11)
?,(Sat) 30 Sep 1950 (39),Watford FC (11),1-1,?,Brighton & Hove Albion FC (11)
?,(Sat) 30 Sep 1950 (39),Bristol City FC (11),4-1,?,Leyton Orient FC (12)
?,(Sat) 30 Sep 1950 (39),Southend United FC (11),3-0,?,Torquay United FC (12)
?,(Sat) 30 Sep 1950 (39),Gillingham FC (11),0-1,?,Ipswich Town FC (11)
?,(Sat) 30 Sep 1950 (39),Nottingham Forest FC (11),7-0,?,Aldershot Town FC (12)
?,(Sat) 30 Sep 1950 (39),Northampton Town FC (12),2-1,?,Colchester United FC (11)
?,(Sat) 30 Sep 1950 (39),Newport County AFC (12),2-4,?,Crystal Palace FC (11)
?,(Sat) 30 Sep 1950 (39),Port Vale FC (11),2-1,?,Swindon Town FC (11)
?,(Sat) 30 Sep 1950 (39),Norwich City FC (11),2-0,?,Bristol Rovers FC (11)
?,(Sat) 30 Sep 1950 (39),AFC Bournemouth (11),0-2,?,Plymouth Argyle FC (11)
?,(Sat) 7 Oct 1950 (40),Northampton Town FC (13),1-1,?,Walsall FC (12)
?,(Sat) 7 Oct 1950 (40),Aldershot Town FC (13),1-1,?,Reading FC (12)
?,(Sat) 7 Oct 1950 (40),Colchester United FC (12),0-1,?,Exeter City FC (12)
?,(Sat) 7 Oct 1950 (40),Bristol Rovers FC (12),2-0,?,AFC Bournemouth (12)
?,(Sat) 7 Oct 1950 (40),Port Vale FC (12),3-1,?,Leyton Orient FC (13)
?,(Sat) 7 Oct 1950 (40),Torquay United FC (13),1-3,?,Plymouth Argyle FC (12)
?,(Sat) 7 Oct 1950 (40),Norwich City FC (12),3-1,?,Watford FC (12)
?,(Sat) 7 Oct 1950 (40),Newport County AFC (13),2-3,?,Millwall FC (13)
?,(Sat) 7 Oct 1950 (40),Nottingham Forest FC (12),0-0,?,Ipswich Town FC (12)
?,(Sat) 7 Oct 1950 (40),Brighton & Hove Albion FC (12),1-1,?,Bristol City FC (12)
?,(Sat) 7 Oct 1950 (40),Crystal Palace FC (12),4-3,?,Gillingham FC (12)
?,(Sat) 7 Oct 1950 (40),Swindon Town FC (12),4-1,?,Southend United FC (12)
?,(Sat) 14 Oct 1950 (41),Plymouth Argyle FC (13),5-1,?,Aldershot Town FC (14)
?,(Sat) 14 Oct 1950 (41),Millwall FC (14),1-1,?,Norwich City FC (13)
?,(Sat) 14 Oct 1950 (41),Reading FC (13),3-1,?,Swindon Town FC (13)
?,(Sat) 14 Oct 1950 (41),Leyton Orient FC (14),0-4,?,Nottingham Forest FC (13)
?,(Sat) 14 Oct 1950 (41),Exeter City FC (13),0-2,?,Bristol Rovers FC (13)
?,(Sat) 14 Oct 1950 (41),Walsall FC (13),2-0,?,Port Vale FC (13)
?,(Sat) 14 Oct 1950 (41),Gillingham FC (13),1-1,?,Brighton & Hove Albion FC (13)
?,(Sat) 14 Oct 1950 (41),Southend United FC (13),4-2,?,Colchester United FC (13)
?,(Sat) 14 Oct 1950 (41),Watford FC (13),0-1,?,Northampton Town FC (14)
?,(Sat) 14 Oct 1950 (41),AFC Bournemouth (13),5-0,?,Crystal Palace FC (13)
?,(Sat) 14 Oct 1950 (41),Ipswich Town FC (13),3-1,?,Torquay United FC (14)
?,(Sat) 14 Oct 1950 (41),Bristol City FC (13),2-1,?,Newport County AFC (14)
?,(Sat) 21 Oct 1950 (42),Bristol Rovers FC (14),4-1,?,Southend United FC (14)
?,(Sat) 21 Oct 1950 (42),Northampton Town FC (15),1-2,?,Millwall FC (15)
?,(Sat) 21 Oct 1950 (42),Colchester United FC (14),1-1,?,Reading FC (14)
?,(Sat) 21 Oct 1950 (42),Aldershot Town FC (15),0-1,?,Ipswich Town FC (14)
?,(Sat) 21 Oct 1950 (42),Torquay United FC (15),2-1,?,Leyton Orient FC (15)
?,(Sat) 21 Oct 1950 (42),Brighton & Hove Albion FC (14),2-1,?,AFC Bournemouth (14)
?,(Sat) 21 Oct 1950 (42),Nottingham Forest FC (14),4-0,?,Walsall FC (14)
?,(Sat) 21 Oct 1950 (42),Crystal Palace FC (14),0-1,?,Exeter City FC (14)
?,(Sat) 21 Oct 1950 (42),Swindon Town FC (14),1-2,?,Plymouth Argyle FC (14)
?,(Sat) 21 Oct 1950 (42),Port Vale FC (14),2-1,?,Watford FC (14)
?,(Sat) 21 Oct 1950 (42),Newport County AFC (15),1-0,?,Gillingham FC (14)
?,(Sat) 21 Oct 1950 (42),Norwich City FC (14),0-0,?,Bristol City FC (14)
?,(Sat) 28 Oct 1950 (43),Ipswich Town FC (15),4-1,?,Swindon Town FC (15)
?,(Sat) 28 Oct 1950 (43),Millwall FC (16),2-2,?,Port Vale FC (15)
?,(Sat) 28 Oct 1950 (43),Plymouth Argyle FC (15),7-1,?,Colchester United FC (15)
?,(Sat) 28 Oct 1950 (43),Reading FC (15),0-0,?,Bristol Rovers FC (15)
?,(Sat) 28 Oct 1950 (43),Gillingham FC (15),2-2,?,Norwich City FC (15)
?,(Sat) 28 Oct 1950 (43),Southend United FC (15),5-2,?,Crystal Palace FC (15)
?,(Sat) 28 Oct 1950 (43),Bristol City FC (15),1-0,?,Northampton Town FC (16)
?,(Sat) 28 Oct 1950 (43),Walsall FC (15),3-1,?,Torquay United FC (16)
?,(Sat) 28 Oct 1950 (43),Watford FC (15),1-1,?,Nottingham Forest FC (15)
?,(Sat) 28 Oct 1950 (43),Leyton Orient FC (16),1-0,?,Aldershot Town FC (16)
?,(Sat) 28 Oct 1950 (43),AFC Bournemouth (15),2-0,?,Newport County AFC (16)
?,(Sat) 28 Oct 1950 (43),Exeter City FC (15),4-2,?,Brighton & Hove Albion FC (15)
?,(Sat) 4 Nov 1950 (44),Brighton & Hove Albion FC (16),2-1,?,Southend United FC (16)
?,(Sat) 4 Nov 1950 (44),Bristol Rovers FC (16),3-1,?,Plymouth Argyle FC (16)
?,(Sat) 4 Nov 1950 (44),Newport County AFC (17),0-3,?,Exeter City FC (16)
?,(Sat) 4 Nov 1950 (44),Aldershot Town FC (17),3-0,?,Walsall FC (16)
?,(Sat) 4 Nov 1950 (44),Port Vale FC (16),1-3,?,Bristol City FC (16)
?,(Sat) 4 Nov 1950 (44),Torquay United FC (17),3-2,?,Watford FC (16)
?,(Sat) 4 Nov 1950 (44),Northampton Town FC (17),4-1,?,Gillingham FC (16)
?,(Sat) 4 Nov 1950 (44),Colchester United FC (16),2-3,?,Ipswich Town FC (16)
?,(Sat) 4 Nov 1950 (44),Norwich City FC (16),3-0,?,AFC Bournemouth (16)
?,(Sat) 4 Nov 1950 (44),Nottingham Forest FC (16),2-0,?,Millwall FC (17)
?,(Sat) 4 Nov 1950 (44),Crystal Palace FC (16),0-3,?,Reading FC (16)
?,(Sat) 4 Nov 1950 (44),Swindon Town FC (16),2-0,?,Leyton Orient FC (17)
?,(Sat) 11 Nov 1950 (45),Walsall FC (17),1-0,?,Swindon Town FC (17)
?,(Sat) 11 Nov 1950 (45),Ipswich Town FC (17),2-3,?,Bristol Rovers FC (17)
?,(Sat) 11 Nov 1950 (45),AFC Bournemouth (17),1-0,?,Northampton Town FC (18)
?,(Sat) 11 Nov 1950 (45),Reading FC (17),7-0,?,Brighton & Hove Albion FC (17)
?,(Sat) 11 Nov 1950 (45),Southend United FC (17),3-0,?,Newport County AFC (18)
?,(Sat) 11 Nov 1950 (45),Plymouth Argyle FC (17),4-0,?,Crystal Palace FC (17)
?,(Sat) 11 Nov 1950 (45),Watford FC (17),1-2,?,Aldershot Town FC (18)
?,(Sat) 11 Nov 1950 (45),Exeter City FC (17),1-2,?,Norwich City FC (17)
?,(Sat) 11 Nov 1950 (45),Bristol City FC (17),0-3,?,Nottingham Forest FC (17)
?,(Sat) 11 Nov 1950 (45),Millwall FC (18),4-1,?,Torquay United FC (18)
?,(Sat) 11 Nov 1950 (45),Gillingham FC (17),1-1,?,Port Vale FC (17)
?,(Sat) 18 Nov 1950 (46),Norwich City FC (18),3-0,?,Southend United FC (18)
?,(Sat) 18 Nov 1950 (46),Northampton Town FC (19),4-1,?,Exeter City FC (18)
?,(Sat) 18 Nov 1950 (46),Aldershot Town FC (19),2-1,?,Millwall FC (19)
?,(Sat) 18 Nov 1950 (46),Newport County AFC (19),5-0,?,Reading FC (18)
?,(Sat) 18 Nov 1950 (46),Swindon Town FC (18),3-2,?,Watford FC (18)
?,(Sat) 18 Nov 1950 (46),Nottingham Forest FC (18),9-2,?,Gillingham FC (18)
?,(Sat) 18 Nov 1950 (46),Torquay United FC (19),4-1,?,Bristol City FC (18)
?,(Sat) 18 Nov 1950 (46),Port Vale FC (18),3-1,?,AFC Bournemouth (18)
?,(Sat) 18 Nov 1950 (46),Colchester United FC (17),0-1,?,Walsall FC (18)
?,(Sat) 18 Nov 1950 (46),Bristol Rovers FC (18),2-1,?,Leyton Orient FC (18)
?,(Sat) 18 Nov 1950 (46),Brighton & Hove Albion FC (18),0-6,?,Plymouth Argyle FC (18)
?,(Sat) 18 Nov 1950 (46),Crystal Palace FC (18),1-3,?,Ipswich Town FC (18)
?,(Sat) 2 Dec 1950 (48),Port Vale FC (19),3-1,?,Southend United FC (19)
?,(Sat) 2 Dec 1950 (48),Brighton & Hove Albion FC (19),3-0,?,Leyton Orient FC (19)
?,(Sat) 2 Dec 1950 (48),Northampton Town FC (20),1-1,?,Reading FC (19)
?,(Sat) 2 Dec 1950 (48),Nottingham Forest FC (19),2-2,?,Exeter City FC (19)
?,(Sat) 2 Dec 1950 (48),Swindon Town FC (19),1-0,?,Bristol City FC (19)
?,(Sat) 2 Dec 1950 (48),Newport County AFC (20),1-2,?,Ipswich Town FC (19)
?,(Sat) 2 Dec 1950 (48),Aldershot Town FC (20),2-4,?,Gillingham FC (19)
?,(Sat) 2 Dec 1950 (48),Colchester United FC (18),3-0,?,Millwall FC (20)
?,(Sat) 2 Dec 1950 (48),Torquay United FC (20),0-2,?,AFC Bournemouth (19)
?,(Sat) 2 Dec 1950 (48),Crystal Palace FC (19),1-0,?,Walsall FC (19)
?,(Sat) 2 Dec 1950 (48),Norwich City FC (19),1-0,?,Plymouth Argyle FC (19)
?,(Sat) 9 Dec 1950 (49),Leyton Orient FC (20),1-1,?,Colchester United FC (19)
?,(Sat) 9 Dec 1950 (49),Watford FC (19),1-0,?,Crystal Palace FC (20)
?,(Sat) 16 Dec 1950 (50),Torquay United FC (21),3-1,?,Brighton & Hove Albion FC (20)
?,(Sat) 16 Dec 1950 (50),Walsall FC (20),1-2,?,Reading FC (20)
?,(Sat) 16 Dec 1950 (50),Northampton Town FC (21),2-1,?,Ipswich Town FC (20)
?,(Sat) 16 Dec 1950 (50),Colchester United FC (20),4-2,?,Gillingham FC (20)
?,(Sat) 16 Dec 1950 (50),Swindon Town FC (20),1-2,?,Bristol Rovers FC (19)
?,(Sat) 16 Dec 1950 (50),Watford FC (20),1-3,?,Southend United FC (20)
?,(Sat) 16 Dec 1950 (50),Bristol City FC (20),2-0,?,AFC Bournemouth (20)
?,(Sat) 23 Dec 1950 (51),Newport County AFC (21),2-1,?,Torquay United FC (22)
?,(Sat) 23 Dec 1950 (51),Plymouth Argyle FC (20),2-1,?,Ipswich Town FC (21)
?,(Sat) 23 Dec 1950 (51),Brighton & Hove Albion FC (21),1-2,?,Aldershot Town FC (21)
?,(Sat) 23 Dec 1950 (51),Exeter City FC (20),3-3,?,Watford FC (21)
?,(Sat) 23 Dec 1950 (51),Northampton Town FC (22),1-1,?,Port Vale FC (20)
?,(Sat) 23 Dec 1950 (51),Crystal Palace FC (21),2-0,?,Swindon Town FC (21)
?,(Sat) 23 Dec 1950 (51),AFC Bournemouth (21),1-0,?,Millwall FC (21)
?,(Sat) 23 Dec 1950 (51),Reading FC (21),4-0,?,Leyton Orient FC (21)
?,(Sat) 23 Dec 1950 (51),Norwich City FC (20),2-0,?,Nottingham Forest FC (20)
?,(Sat) 23 Dec 1950 (51),Gillingham FC (21),1-2,?,Bristol City FC (21)
?,(Sat) 23 Dec 1950 (51),Southend United FC (21),0-1,?,Walsall FC (21)
?,(Sat) 23 Dec 1950 (51),Bristol Rovers FC (20),1-1,?,Colchester United FC (21)
?,(Mon) 25 Dec 1950 (52),Aldershot Town FC (22),4-2,?,Exeter City FC (21)
?,(Mon) 25 Dec 1950 (52),Watford FC (22),2-0,?,Leyton Orient FC (22)
?,(Mon) 25 Dec 1950 (52),Bristol City FC (22),1-0,?,Plymouth Argyle FC (21)
?,(Mon) 25 Dec 1950 (52),Port Vale FC (21),0-0,?,Bristol Rovers FC (21)
?,(Mon) 25 Dec 1950 (52),Crystal Palace FC (22),0-0,?,Northampton Town FC (23)
?,(Mon) 25 Dec 1950 (52),Gillingham FC (22),0-3,?,Reading FC (22)
?,(Mon) 25 Dec 1950 (52),Walsall FC (22),0-0,?,Newport County AFC (22)
?,(Mon) 25 Dec 1950 (52),Southend United FC (22),6-1,?,AFC Bournemouth (22)
?,(Mon) 25 Dec 1950 (52),Swindon Town FC (22),2-1,?,Torquay United FC (23)
?,(Mon) 25 Dec 1950 (52),Ipswich Town FC (22),2-1,?,Millwall FC (22)
?,(Mon) 25 Dec 1950 (52),Nottingham Forest FC (21),0-0,?,Colchester United FC (22)
?,(Tue) 26 Dec 1950 (52),Northampton Town FC (24),2-0,?,Crystal Palace FC (23)
?,(Tue) 26 Dec 1950 (52),Millwall FC (23),4-0,?,Ipswich Town FC (23)
?,(Tue) 26 Dec 1950 (52),Torquay United FC (24),1-0,?,Swindon Town FC (23)
?,(Tue) 26 Dec 1950 (52),AFC Bournemouth (23),3-1,?,Southend United FC (23)
?,(Tue) 26 Dec 1950 (52),Leyton Orient FC (23),1-2,?,Watford FC (23)
?,(Tue) 26 Dec 1950 (52),Colchester United FC (23),0-2,?,Nottingham Forest FC (22)
?,(Tue) 26 Dec 1950 (52),Reading FC (23),1-1,?,Gillingham FC (23)
?,(Tue) 26 Dec 1950 (52),Bristol Rovers FC (22),2-0,?,Port Vale FC (22)
?,(Tue) 26 Dec 1950 (52),Brighton & Hove Albion FC (22),1-1,?,Norwich City FC (21)
?,(Tue) 26 Dec 1950 (52),Plymouth Argyle FC (22),2-0,?,Bristol City FC (23)
?,(Tue) 26 Dec 1950 (52),Exeter City FC (22),3-0,?,Aldershot Town FC (23)
?,(Tue) 26 Dec 1950 (52),Newport County AFC (23),3-0,?,Walsall FC (23)
?,(Wed) 27 Dec 1950 (52),Norwich City FC (22),1-1,?,Brighton & Hove Albion FC (23)
?,(Sat) 30 Dec 1950 (52),Swindon Town FC (24),0-0,?,Brighton & Hove Albion FC (24)
?,(Sat) 30 Dec 1950 (52),Leyton Orient FC (24),1-1,?,Southend United FC (24)
?,(Sat) 30 Dec 1950 (52),Torquay United FC (25),1-5,?,Norwich City FC (23)
?,(Sat) 30 Dec 1950 (52),Bristol Rovers FC (23),2-1,?,Bristol City FC (24)
?,(Sat) 30 Dec 1950 (52),Ipswich Town FC (24),0-2,?,Reading FC (24)
?,(Sat) 30 Dec 1950 (52),Watford FC (24),2-1,?,AFC Bournemouth (24)
?,(Sat) 30 Dec 1950 (52),Walsall FC (24),0-2,?,Exeter City FC (23)
?,(Sat) 30 Dec 1950 (52),Colchester United FC (24),1-0,?,Crystal Palace FC (24)
?,(Sat) 30 Dec 1950 (52),Aldershot Town FC (24),3-1,?,Newport County AFC (24)
?,(Sat) 30 Dec 1950 (52),Millwall FC (24),4-3,?,Gillingham FC (24)
?,(Sat) 6 Jan 1951 (1),Ipswich Town FC (25),3-1,?,Walsall FC (25)
?,(Sat) 6 Jan 1951 (1),Swindon Town FC (25),2-1,?,AFC Bournemouth (25)
?,(Sat) 6 Jan 1951 (1),Nottingham Forest FC (23),1-0,?,Crystal Palace FC (25)
?,(Wed) 10 Jan 1951 (2),Plymouth Argyle FC (23),3-1,?,Watford FC (25)
?,(Wed) 10 Jan 1951 (2),Millwall FC (25),1-3,?,Reading FC (25)
?,(Thu) 11 Jan 1951 (2),Leyton Orient FC (25),3-1,?,Norwich City FC (24)
?,(Sat) 13 Jan 1951 (2),Northampton Town FC (25),1-0,?,Torquay United FC (26)
?,(Sat) 13 Jan 1951 (2),Crystal Palace FC (26),1-0,?,Bristol Rovers FC (24)
?,(Sat) 13 Jan 1951 (2),Reading FC (26),4-0,?,Plymouth Argyle FC (24)
?,(Sat) 13 Jan 1951 (2),Brighton & Hove Albion FC (25),3-1,?,Colchester United FC (25)
?,(Sat) 13 Jan 1951 (2),Exeter City FC (24),0-0,?,Leyton Orient FC (26)
?,(Sat) 13 Jan 1951 (2),Gillingham FC (25),3-1,?,Watford FC (26)
?,(Sat) 13 Jan 1951 (2),Southend United FC (25),1-0,?,Ipswich Town FC (26)
?,(Sat) 13 Jan 1951 (2),Norwich City FC (25),2-2,?,Aldershot Town FC (25)
?,(Sat) 13 Jan 1951 (2),Port Vale FC (23),1-1,?,Nottingham Forest FC (24)
?,(Sat) 13 Jan 1951 (2),Bristol City FC (25),2-1,?,Millwall FC (26)
?,(Sat) 13 Jan 1951 (2),AFC Bournemouth (26),3-1,?,Walsall FC (26)
?,(Sat) 13 Jan 1951 (2),Newport County AFC (25),2-1,?,Swindon Town FC (26)
?,(Wed) 17 Jan 1951 (3),Torquay United FC (27),1-2,?,Bristol Rovers FC (25)
?,(Wed) 17 Jan 1951 (3),Brighton & Hove Albion FC (26),2-2,?,Port Vale FC (24)
?,(Wed) 17 Jan 1951 (3),Gillingham FC (26),9-4,?,Exeter City FC (25)
?,(Wed) 17 Jan 1951 (3),Bristol City FC (26),0-3,?,Southend United FC (26)
?,(Sat) 20 Jan 1951 (3),Walsall FC (27),2-1,?,Gillingham FC (27)
?,(Sat) 20 Jan 1951 (3),Colchester United FC (26),1-1,?,Newport County AFC (26)
?,(Sat) 20 Jan 1951 (3),Watford FC (27),1-2,?,Bristol City FC (27)
?,(Sat) 20 Jan 1951 (3),Plymouth Argyle FC (25),2-0,?,Southend United FC (27)
?,(Sat) 20 Jan 1951 (3),Torquay United FC (28),3-2,?,Port Vale FC (25)
?,(Sat) 20 Jan 1951 (3),Nottingham Forest FC (25),1-1,?,Reading FC (27)
?,(Sat) 20 Jan 1951 (3),Aldershot Town FC (26),3-0,?,Northampton Town FC (26)
?,(Sat) 20 Jan 1951 (3),Leyton Orient FC (27),2-0,?,AFC Bournemouth (27)
?,(Sat) 20 Jan 1951 (3),Swindon Town FC (27),1-0,?,Norwich City FC (26)
?,(Sat) 20 Jan 1951 (3),Bristol Rovers FC (26),3-2,?,Brighton & Hove Albion FC (27)
?,(Sat) 20 Jan 1951 (3),Crystal Palace FC (27),1-1,?,Millwall FC (27)
?,(Sat) 20 Jan 1951 (3),Ipswich Town FC (27),1-0,?,Exeter City FC (26)
?,(Sat) 27 Jan 1951 (4),Crystal Palace FC (28),1-6,?,Nottingham Forest FC (26)
?,(Sat) 27 Jan 1951 (4),AFC Bournemouth (28),2-1,?,Swindon Town FC (28)
?,(Sat) 27 Jan 1951 (4),Reading FC (28),3-0,?,Port Vale FC (26)
?,(Sat) 27 Jan 1951 (4),Walsall FC (28),2-0,?,Ipswich Town FC (28)
?,(Sat) 27 Jan 1951 (4),Watford FC (28),1-1,?,Plymouth Argyle FC (26)
?,(Sat) 27 Jan 1951 (4),Colchester United FC (27),1-0,?,Aldershot Town FC (27)
?,(Wed) 31 Jan 1951 (5),Southend United FC (28),1-1,?,Bristol City FC (28)
?,(Wed) 31 Jan 1951 (5),Bristol Rovers FC (27),1-1,?,Torquay United FC (29)
?,(Thu) 1 Feb 1951 (5),Norwich City FC (27),3-1,?,Leyton Orient FC (28)
?,(Sat) 3 Feb 1951 (5),Northampton Town FC (27),1-2,?,Swindon Town FC (29)
?,(Sat) 3 Feb 1951 (5),Nottingham Forest FC (27),3-1,?,Torquay United FC (30)
?,(Sat) 3 Feb 1951 (5),AFC Bournemouth (29),2-1,?,Ipswich Town FC (29)
?,(Sat) 3 Feb 1951 (5),Bristol City FC (29),3-3,?,Walsall FC (29)
?,(Sat) 3 Feb 1951 (5),Southend United FC (29),3-3,?,Reading FC (29)
?,(Sat) 3 Feb 1951 (5),Gillingham FC (28),1-0,?,Leyton Orient FC (29)
?,(Sat) 3 Feb 1951 (5),Newport County AFC (27),2-1,?,Bristol Rovers FC (28)
?,(Sat) 3 Feb 1951 (5),Norwich City FC (28),1-1,?,Colchester United FC (28)
?,(Sat) 3 Feb 1951 (5),Millwall FC (28),4-0,?,Watford FC (29)
?,(Sat) 3 Feb 1951 (5),Brighton & Hove Albion FC (28),1-0,?,Crystal Palace FC (29)
?,(Sat) 3 Feb 1951 (5),Port Vale FC (27),3-1,?,Aldershot Town FC (28)
?,(Sat) 3 Feb 1951 (5),Exeter City FC (27),3-2,?,Plymouth Argyle FC (27)
?,(Wed) 7 Feb 1951 (6),Exeter City FC (28),1-2,?,Gillingham FC (29)
?,(Sat) 10 Feb 1951 (6),Exeter City FC (29),0-3,?,Port Vale FC (28)
?,(Sat) 10 Feb 1951 (6),Watford FC (30),2-0,?,Colchester United FC (29)
?,(Sat) 10 Feb 1951 (6),Plymouth Argyle FC (28),1-1,?,Newport County AFC (28)
?,(Sat) 10 Feb 1951 (6),Ipswich Town FC (30),3-0,?,Brighton & Hove Albion FC (29)
?,(Sat) 10 Feb 1951 (6),Millwall FC (29),1-0,?,Swindon Town FC (30)
?,(Sat) 10 Feb 1951 (6),Walsall FC (30),3-1,?,Aldershot Town FC (29)
?,(Sat) 10 Feb 1951 (6),Southend United FC (30),3-0,?,Northampton Town FC (28)
?,(Sat) 10 Feb 1951 (6),AFC Bournemouth (30),3-2,?,Nottingham Forest FC (28)
?,(Sat) 10 Feb 1951 (6),Leyton Orient FC (30),2-0,?,Crystal Palace FC (30)
?,(Sat) 10 Feb 1951 (6),Gillingham FC (30),2-0,?,Torquay United FC (31)
?,(Wed) 14 Feb 1951 (7),Reading FC (30),3-1,?,Norwich City FC (29)
?,(Thu) 15 Feb 1951 (7),Walsall FC (31),1-2,?,Bristol Rovers FC (29)
?,(Sat) 17 Feb 1951 (7),Walsall FC (32),4-0,?,Millwall FC (30)
?,(Sat) 17 Feb 1951 (7),Aldershot Town FC (30),1-0,?,Nottingham Forest FC (29)
?,(Sat) 17 Feb 1951 (7),Colchester United FC (30),2-1,?,Northampton Town FC (29)
?,(Sat) 17 Feb 1951 (7),Plymouth Argyle FC (29),3-1,?,AFC Bournemouth (31)
?,(Sat) 17 Feb 1951 (7),Ipswich Town FC (31),5-1,?,Gillingham FC (31)
?,(Sat) 17 Feb 1951 (7),Crystal Palace FC (31),1-1,?,Newport County AFC (29)
?,(Sat) 17 Feb 1951 (7),Swindon Town FC (31),2-1,?,Port Vale FC (29)
?,(Sat) 17 Feb 1951 (7),Reading FC (31),4-2,?,Exeter City FC (30)
?,(Sat) 17 Feb 1951 (7),Brighton & Hove Albion FC (30),1-1,?,Watford FC (31)
?,(Sat) 17 Feb 1951 (7),Torquay United FC (32),2-2,?,Southend United FC (31)
?,(Sat) 24 Feb 1951 (8),Millwall FC (31),2-4,?,Newport County AFC (30)
?,(Sat) 24 Feb 1951 (8),Bristol City FC (30),2-0,?,Brighton & Hove Albion FC (31)
?,(Sat) 24 Feb 1951 (8),Ipswich Town FC (32),1-3,?,Nottingham Forest FC (30)
?,(Sat) 24 Feb 1951 (8),Reading FC (32),7-1,?,Aldershot Town FC (31)
?,(Sat) 24 Feb 1951 (8),Plymouth Argyle FC (30),1-0,?,Torquay United FC (33)
?,(Sat) 24 Feb 1951 (8),Exeter City FC (31),5-0,?,Colchester United FC (31)
?,(Sat) 24 Feb 1951 (8),Southend United FC (32),8-2,?,Swindon Town FC (32)
?,(Sat) 24 Feb 1951 (8),Leyton Orient FC (31),2-3,?,Port Vale FC (30)
?,(Sat) 24 Feb 1951 (8),Walsall FC (33),1-0,?,Northampton Town FC (30)
?,(Sat) 24 Feb 1951 (8),Gillingham FC (32),0-0,?,Crystal Palace FC (32)
?,(Sat) 24 Feb 1951 (8),Watford FC (32),0-2,?,Norwich City FC (30)
?,(Sat) 3 Mar 1951 (9),Torquay United FC (34),0-1,?,Ipswich Town FC (33)
?,(Sat) 3 Mar 1951 (9),Aldershot Town FC (32),2-2,?,Plymouth Argyle FC (31)
?,(Sat) 3 Mar 1951 (9),Brighton & Hove Albion FC (32),2-2,?,Gillingham FC (33)
?,(Sat) 3 Mar 1951 (9),Port Vale FC (31),1-1,?,Walsall FC (34)
?,(Sat) 3 Mar 1951 (9),Newport County AFC (31),0-1,?,Bristol City FC (31)
?,(Sat) 3 Mar 1951 (9),Crystal Palace FC (33),0-1,?,AFC Bournemouth (32)
?,(Sat) 3 Mar 1951 (9),Bristol Rovers FC (30),3-1,?,Exeter City FC (32)
?,(Sat) 3 Mar 1951 (9),Nottingham Forest FC (31),0-1,?,Leyton Orient FC (32)
?,(Sat) 3 Mar 1951 (9),Swindon Town FC (33),1-1,?,Reading FC (33)
?,(Sat) 3 Mar 1951 (9),Colchester United FC (32),1-3,?,Southend United FC (33)
?,(Sat) 3 Mar 1951 (9),Norwich City FC (31),2-1,?,Millwall FC (32)
?,(Sat) 3 Mar 1951 (9),Northampton Town FC (31),6-0,?,Watford FC (33)
?,(Mon) 5 Mar 1951 (10),Port Vale FC (32),2-1,?,Plymouth Argyle FC (32)
?,(Sat) 10 Mar 1951 (10),Leyton Orient FC (33),5-1,?,Torquay United FC (35)
?,(Sat) 10 Mar 1951 (10),Plymouth Argyle FC (33),5-1,?,Swindon Town FC (34)
?,(Sat) 10 Mar 1951 (10),Millwall FC (33),2-1,?,Northampton Town FC (32)
?,(Sat) 10 Mar 1951 (10),Bristol City FC (32),2-2,?,Norwich City FC (32)
?,(Sat) 10 Mar 1951 (10),Walsall FC (35),0-2,?,Nottingham Forest FC (32)
?,(Sat) 10 Mar 1951 (10),Gillingham FC (34),0-1,?,Newport County AFC (32)
?,(Sat) 10 Mar 1951 (10),Ipswich Town FC (34),5-2,?,Aldershot Town FC (33)
?,(Sat) 10 Mar 1951 (10),Exeter City FC (33),1-2,?,Crystal Palace FC (34)
?,(Sat) 10 Mar 1951 (10),AFC Bournemouth (33),2-2,?,Brighton & Hove Albion FC (33)
?,(Sat) 10 Mar 1951 (10),Watford FC (34),2-0,?,Port Vale FC (33)
?,(Sat) 10 Mar 1951 (10),Reading FC (34),3-2,?,Colchester United FC (33)
?,(Sat) 10 Mar 1951 (10),Southend United FC (34),1-1,?,Bristol Rovers FC (31)
?,(Wed) 14 Mar 1951 (11),AFC Bournemouth (34),2-0,?,Bristol Rovers FC (32)
?,(Sat) 17 Mar 1951 (11),Torquay United FC (36),3-2,?,Walsall FC (36)
?,(Sat) 17 Mar 1951 (11),Bristol Rovers FC (33),4-0,?,Reading FC (35)
?,(Sat) 17 Mar 1951 (11),Colchester United FC (34),3-0,?,Plymouth Argyle FC (34)
?,(Sat) 17 Mar 1951 (11),Aldershot Town FC (34),3-1,?,Leyton Orient FC (34)
?,(Sat) 17 Mar 1951 (11),Swindon Town FC (35),2-0,?,Ipswich Town FC (35)
?,(Sat) 17 Mar 1951 (11),Northampton Town FC (33),2-2,?,Bristol City FC (33)
?,(Sat) 17 Mar 1951 (11),Crystal Palace FC (35),0-2,?,Southend United FC (35)
?,(Sat) 17 Mar 1951 (11),Nottingham Forest FC (33),2-1,?,Watford FC (35)
?,(Sat) 17 Mar 1951 (11),Brighton & Hove Albion FC (34),4-1,?,Exeter City FC (34)
?,(Sat) 17 Mar 1951 (11),Norwich City FC (33),2-0,?,Gillingham FC (35)
?,(Fri) 23 Mar 1951 (12),Aldershot Town FC (35),0-1,?,Swindon Town FC (36)
?,(Fri) 23 Mar 1951 (12),Brighton & Hove Albion FC (35),5-1,?,Northampton Town FC (34)
?,(Fri) 23 Mar 1951 (12),Millwall FC (34),1-1,?,Plymouth Argyle FC (35)
?,(Fri) 23 Mar 1951 (12),AFC Bournemouth (35),1-1,?,Exeter City FC (35)
?,(Fri) 23 Mar 1951 (12),Watford FC (36),0-2,?,Ipswich Town FC (36)
?,(Fri) 23 Mar 1951 (12),Colchester United FC (35),3-1,?,Torquay United FC (37)
?,(Fri) 23 Mar 1951 (12),Leyton Orient FC (35),2-1,?,Walsall FC (37)
?,(Fri) 23 Mar 1951 (12),Gillingham FC (36),0-0,?,Southend United FC (36)
?,(Fri) 23 Mar 1951 (12),Reading FC (36),4-2,?,Bristol City FC (34)
?,(Sat) 24 Mar 1951 (12),Ipswich Town FC (37),3-0,?,Colchester United FC (36)
?,(Sat) 24 Mar 1951 (12),Southend United FC (37),3-1,?,Brighton & Hove Albion FC (36)
?,(Sat) 24 Mar 1951 (12),Reading FC (37),1-1,?,Crystal Palace FC (36)
?,(Sat) 24 Mar 1951 (12),AFC Bournemouth (36),0-0,?,Norwich City FC (34)
?,(Sat) 24 Mar 1951 (12),Watford FC (37),2-2,?,Torquay United FC (38)
?,(Sat) 24 Mar 1951 (12),Gillingham FC (37),3-1,?,Northampton Town FC (35)
?,(Sat) 24 Mar 1951 (12),Plymouth Argyle FC (36),0-0,?,Bristol Rovers FC (34)
?,(Sat) 24 Mar 1951 (12),Millwall FC (35),1-1,?,Nottingham Forest FC (34)
?,(Sat) 24 Mar 1951 (12),Leyton Orient FC (36),2-1,?,Swindon Town FC (37)
?,(Sat) 24 Mar 1951 (12),Exeter City FC (36),2-2,?,Newport County AFC (33)
?,(Sat) 24 Mar 1951 (12),Bristol City FC (35),3-1,?,Port Vale FC (34)
?,(Mon) 26 Mar 1951 (13),Nottingham Forest FC (35),2-1,?,Bristol Rovers FC (35)
?,(Mon) 26 Mar 1951 (13),Crystal Palace FC (37),0-2,?,Port Vale FC (35)
?,(Mon) 26 Mar 1951 (13),Swindon Town FC (38),4-0,?,Aldershot Town FC (36)
?,(Mon) 26 Mar 1951 (13),Ipswich Town FC (38),2-1,?,Watford FC (38)
?,(Mon) 26 Mar 1951 (13),Torquay United FC (39),4-1,?,Colchester United FC (37)
?,(Mon) 26 Mar 1951 (13),Southend United FC (38),4-0,?,Gillingham FC (38)
?,(Mon) 26 Mar 1951 (13),Norwich City FC (35),2-1,?,Newport County AFC (34)
?,(Mon) 26 Mar 1951 (13),Walsall FC (38),1-1,?,Leyton Orient FC (37)
?,(Mon) 26 Mar 1951 (13),Exeter City FC (37),2-1,?,AFC Bournemouth (37)
?,(Mon) 26 Mar 1951 (13),Plymouth Argyle FC (37),2-2,?,Millwall FC (36)
?,(Mon) 26 Mar 1951 (13),Bristol City FC (36),3-3,?,Reading FC (38)
?,(Tue) 27 Mar 1951 (13),Northampton Town FC (36),0-0,?,Brighton & Hove Albion FC (37)
?,(Sat) 31 Mar 1951 (13),Port Vale FC (36),4-3,?,Gillingham FC (39)
?,(Sat) 31 Mar 1951 (13),Norwich City FC (36),3-0,?,Exeter City FC (38)
?,(Sat) 31 Mar 1951 (13),Crystal Palace FC (38),0-1,?,Plymouth Argyle FC (38)
?,(Sat) 31 Mar 1951 (13),Northampton Town FC (37),0-1,?,AFC Bournemouth (38)
?,(Sat) 31 Mar 1951 (13),Newport County AFC (35),6-1,?,Southend United FC (39)
?,(Sat) 31 Mar 1951 (13),Brighton & Hove Albion FC (38),1-1,?,Reading FC (39)
?,(Sat) 31 Mar 1951 (13),Torquay United FC (40),2-1,?,Millwall FC (37)
?,(Sat) 31 Mar 1951 (13),Nottingham Forest FC (36),0-0,?,Bristol City FC (37)
?,(Sat) 31 Mar 1951 (13),Swindon Town FC (39),1-1,?,Walsall FC (39)
?,(Sat) 31 Mar 1951 (13),Aldershot Town FC (37),1-1,?,Watford FC (39)
?,(Sat) 31 Mar 1951 (13),Bristol Rovers FC (36),1-1,?,Ipswich Town FC (39)
?,(Sat) 31 Mar 1951 (13),Colchester United FC (38),1-0,?,Leyton Orient FC (38)
?,(Mon) 2 Apr 1951 (14),Port Vale FC (37),2-1,?,Norwich City FC (37)
?,(Wed) 4 Apr 1951 (14),Exeter City FC (39),0-0,?,Torquay United FC (41)
?,(Wed) 4 Apr 1951 (14),Bristol City FC (38),1-1,?,Aldershot Town FC (38)
?,(Thu) 5 Apr 1951 (14),Northampton Town FC (38),1-4,?,Newport County AFC (36)
?,(Sat) 7 Apr 1951 (14),Leyton Orient FC (39),1-0,?,Bristol Rovers FC (37)
?,(Sat) 7 Apr 1951 (14),AFC Bournemouth (39),3-1,?,Port Vale FC (38)
?,(Sat) 7 Apr 1951 (14),Walsall FC (40),4-2,?,Colchester United FC (39)
?,(Sat) 7 Apr 1951 (14),Exeter City FC (40),1-0,?,Northampton Town FC (39)
?,(Sat) 7 Apr 1951 (14),Watford FC (40),1-2,?,Swindon Town FC (40)
?,(Sat) 7 Apr 1951 (14),Millwall FC (38),1-0,?,Aldershot Town FC (39)
?,(Sat) 7 Apr 1951 (14),Ipswich Town FC (40),1-1,?,Crystal Palace FC (39)
?,(Sat) 7 Apr 1951 (14),Southend United FC (40),0-2,?,Norwich City FC (38)
?,(Sat) 7 Apr 1951 (14),Plymouth Argyle FC (39),3-3,?,Brighton & Hove Albion FC (39)
?,(Sat) 7 Apr 1951 (14),Bristol City FC (39),0-2,?,Torquay United FC (42)
?,(Sat) 7 Apr 1951 (14),Gillingham FC (40),1-4,?,Nottingham Forest FC (37)
?,(Sat) 7 Apr 1951 (14),Reading FC (40),5-0,?,Newport County AFC (37)
?,(Mon) 9 Apr 1951 (15),Plymouth Argyle FC (40),4-1,?,Northampton Town FC (40)
?,(Tue) 10 Apr 1951 (15),Southend United FC (41),3-2,?,Nottingham Forest FC (38)
?,(Wed) 11 Apr 1951 (15),Aldershot Town FC (40),2-0,?,Colchester United FC (40)
?,(Wed) 11 Apr 1951 (15),Ipswich Town FC (41),0-1,?,Norwich City FC (39)
?,(Wed) 11 Apr 1951 (15),Millwall FC (39),1-0,?,Bristol Rovers FC (38)
?,(Thu) 12 Apr 1951 (15),Leyton Orient FC (40),0-3,?,Newport County AFC (38)
?,(Sat) 14 Apr 1951 (15),Northampton Town FC (41),1-1,?,Southend United FC (42)
?,(Sat) 14 Apr 1951 (15),Newport County AFC (39),2-0,?,Plymouth Argyle FC (41)
?,(Sat) 14 Apr 1951 (15),Swindon Town FC (41),0-1,?,Millwall FC (40)
?,(Sat) 14 Apr 1951 (15),Torquay United FC (43),1-2,?,Gillingham FC (41)
?,(Sat) 14 Apr 1951 (15),Crystal Palace FC (40),1-1,?,Leyton Orient FC (41)
?,(Sat) 14 Apr 1951 (15),Colchester United FC (41),4-1,?,Watford FC (41)
?,(Sat) 14 Apr 1951 (15),Norwich City FC (40),2-1,?,Reading FC (41)
?,(Sat) 14 Apr 1951 (15),Bristol Rovers FC (39),1-1,?,Walsall FC (41)
?,(Sat) 14 Apr 1951 (15),Aldershot Town FC (41),0-0,?,Bristol City FC (40)
?,(Sat) 14 Apr 1951 (15),Brighton & Hove Albion FC (40),4-0,?,Ipswich Town FC (42)
?,(Sat) 14 Apr 1951 (15),Nottingham Forest FC (39),1-0,?,AFC Bournemouth (40)
?,(Mon) 16 Apr 1951 (16),Port Vale FC (39),1-1,?,Colchester United FC (42)
?,(Wed) 18 Apr 1951 (16),Crystal Palace FC (41),0-5,?,Norwich City FC (41)
?,(Wed) 18 Apr 1951 (16),Plymouth Argyle FC (42),2-0,?,Gillingham FC (42)
?,(Wed) 18 Apr 1951 (16),Reading FC (42),0-0,?,AFC Bournemouth (41)
?,(Wed) 18 Apr 1951 (16),Brighton & Hove Albion FC (41),9-1,?,Newport County AFC (40)
?,(Wed) 18 Apr 1951 (16),Bristol City FC (41),2-1,?,Ipswich Town FC (43)
?,(Wed) 18 Apr 1951 (16),Nottingham Forest FC (40),2-1,?,Swindon Town FC (42)
?,(Wed) 18 Apr 1951 (16),Exeter City FC (41),1-0,?,Southend United FC (43)
?,(Thu) 19 Apr 1951 (16),Walsall FC (42),1-0,?,Watford FC (42)
?,(Thu) 19 Apr 1951 (16),Northampton Town FC (42),1-1,?,Bristol Rovers FC (40)
?,(Thu) 19 Apr 1951 (16),Leyton Orient FC (42),0-2,?,Millwall FC (41)
?,(Sat) 21 Apr 1951 (16),Gillingham FC (43),3-0,?,Aldershot Town FC (42)
?,(Sat) 21 Apr 1951 (16),Exeter City FC (42),0-5,?,Nottingham Forest FC (41)
?,(Sat) 21 Apr 1951 (16),Watford FC (43),1-0,?,Bristol Rovers FC (41)
?,(Sat) 21 Apr 1951 (16),AFC Bournemouth (42),0-0,?,Torquay United FC (44)
?,(Sat) 21 Apr 1951 (16),Bristol City FC (42),2-0,?,Swindon Town FC (43)
?,(Sat) 21 Apr 1951 (16),Southend United FC (44),1-1,?,Port Vale FC (40)
?,(Sat) 21 Apr 1951 (16),Leyton Orient FC (43),2-1,?,Brighton & Hove Albion FC (42)
?,(Sat) 21 Apr 1951 (16),Millwall FC (42),2-0,?,Colchester United FC (43)
?,(Sat) 21 Apr 1951 (16),Ipswich Town FC (44),2-1,?,Newport County AFC (41)
?,(Sat) 21 Apr 1951 (16),Plymouth Argyle FC (43),2-1,?,Norwich City FC (42)
?,(Sat) 21 Apr 1951 (16),Reading FC (43),2-0,?,Northampton Town FC (43)
?,(Sat) 21 Apr 1951 (16),Walsall FC (43),0-0,?,Crystal Palace FC (42)
?,(Mon) 23 Apr 1951 (17),Port Vale FC (41),0-1,?,Brighton & Hove Albion FC (43)
?,(Mon) 23 Apr 1951 (17),Bristol Rovers FC (42),3-0,?,Watford FC (44)
?,(Wed) 25 Apr 1951 (17),AFC Bournemouth (43),4-0,?,Aldershot Town FC (43)
?,(Wed) 25 Apr 1951 (17),Millwall FC (43),5-0,?,Exeter City FC (43)
?,(Wed) 25 Apr 1951 (17),Bristol City FC (43),0-2,?,Colchester United FC (44)
?,(Wed) 25 Apr 1951 (17),Nottingham Forest FC (42),2-2,?,Northampton Town FC (44)
?,(Wed) 25 Apr 1951 (17),Newport County AFC (42),1-1,?,Norwich City FC (43)
?,(Thu) 26 Apr 1951 (17),Leyton Orient FC (44),1-2,?,Plymouth Argyle FC (44)
?,(Thu) 26 Apr 1951 (17),Port Vale FC (42),2-2,?,Crystal Palace FC (43)
?,(Sat) 28 Apr 1951 (17),Torquay United FC (45),2-0,?,Exeter City FC (44)
?,(Sat) 28 Apr 1951 (17),Colchester United FC (45),1-1,?,Bristol City FC (44)
?,(Sat) 28 Apr 1951 (17),Port Vale FC (43),0-0,?,Reading FC (44)
?,(Sat) 28 Apr 1951 (17),Nottingham Forest FC (43),3-0,?,Southend United FC (45)
?,(Sat) 28 Apr 1951 (17),Crystal Palace FC (44),1-1,?,Watford FC (45)
?,(Sat) 28 Apr 1951 (17),Bristol Rovers FC (43),1-0,?,Millwall FC (44)
?,(Sat) 28 Apr 1951 (17),Swindon Town FC (44),2-0,?,Gillingham FC (44)
?,(Sat) 28 Apr 1951 (17),Norwich City FC (44),1-3,?,Ipswich Town FC (45)
?,(Sat) 28 Apr 1951 (17),Aldershot Town FC (44),0-1,?,AFC Bournemouth (44)
?,(Sat) 28 Apr 1951 (17),Northampton Town FC (45),1-3,?,Plymouth Argyle FC (45)
?,(Sat) 28 Apr 1951 (17),Newport County AFC (43),0-0,?,Leyton Orient FC (45)
?,(Sat) 28 Apr 1951 (17),Brighton & Hove Albion FC (44),1-0,?,Walsall FC (44)
?,(Mon) 30 Apr 1951 (18),Port Vale FC (44),2-0,?,Exeter City FC (45)
?,(Mon) 30 Apr 1951 (18),Newport County AFC (44),1-0,?,AFC Bournemouth (45)
?,(Mon) 30 Apr 1951 (18),Bristol Rovers FC (44),3-3,?,Norwich City FC (45)
?,(Wed) 2 May 1951 (18),Nottingham Forest FC (44),2-1,?,Newport County AFC (45)
?,(Wed) 2 May 1951 (18),Aldershot Town FC (45),3-0,?,Crystal Palace FC (45)
?,(Wed) 2 May 1951 (18),Reading FC (45),1-1,?,Millwall FC (45)
?,(Wed) 2 May 1951 (18),Gillingham FC (45),2-1,?,Swindon Town FC (45)
?,(Thu) 3 May 1951 (18),Port Vale FC (45),0-1,?,Millwall FC (46)
?,(Thu) 3 May 1951 (18),Walsall FC (45),1-0,?,Brighton & Hove Albion FC (45)
?,(Thu) 3 May 1951 (18),Bristol Rovers FC (45),0-2,?,Nottingham Forest FC (45)
?,(Thu) 3 May 1951 (18),Leyton Orient FC (46),0-2,?,Bristol City FC (45)
?,(Sat) 5 May 1951 (18),Ipswich Town FC (46),2-0,?,Bristol City FC (46)
?,(Sat) 5 May 1951 (18),Gillingham FC (46),1-2,?,Plymouth Argyle FC (46)
?,(Sat) 5 May 1951 (18),Bristol Rovers FC (46),1-1,?,Northampton Town FC (46)
?,(Sat) 5 May 1951 (18),Colchester United FC (46),1-1,?,Port Vale FC (46)
?,(Sat) 5 May 1951 (18),Swindon Town FC (46),2-3,?,Nottingham Forest FC (46)
?,(Sat) 5 May 1951 (18),Newport County AFC (46),3-0,?,Brighton & Hove Albion FC (46)
?,(Sat) 5 May 1951 (18),Aldershot Town FC (46),1-0,?,Torquay United FC (46)
?,(Sat) 5 May 1951 (18),Southend United FC (46),5-1,?,Exeter City FC (46)
?,(Sat) 5 May 1951 (18),Norwich City FC (46),3-1,?,Crystal Palace FC (46)
?,(Sat) 5 May 1951 (18),AFC Bournemouth (46),1-0,?,Reading FC (46)
?,(Sat) 5 May 1951 (18),Watford FC (46),1-3,?,Walsall FC (46)
