Round,Date,Team 1,FT,HT,Team 2
?,(Sat) 29 Aug 1936 (34),Rotherham United FC (1),3-0,?,Gateshead FC (1)
?,(Sat) 29 Aug 1936 (34),Oldham Athletic AFC (1),3-1,?,New Brighton Tower FC (1898-1901) (1)
?,(Sat) 29 Aug 1936 (34),Tranmere Rovers FC (1),5-1,?,Carlisle United FC (1)
?,(Sat) 29 Aug 1936 (34),Port Vale FC (1),1-3,?,Hull City AFC (1)
?,(Sat) 29 Aug 1936 (34),Crewe Alexandra FC (1),2-2,?,Rochdale AFC (1)
?,(Sat) 29 Aug 1936 (34),Southport FC (1),1-1,?,Hartlepool United FC (1)
?,(Sat) 29 Aug 1936 (34),Stockport County FC (1),3-3,?,Darlington FC (1)
?,(Sat) 29 Aug 1936 (34),Mansfield Town FC (1),2-1,?,Barrow AFC (1)
?,(Sat) 29 Aug 1936 (34),Chester FC (1),4-1,?,Wrexham AFC (1)
?,(Sat) 29 Aug 1936 (34),Accrington Stanley FC (1),1-2,?,Lincoln City FC (1)
?,(Sat) 29 Aug 1936 (34),FC Halifax Town (1),1-2,?,York City FC (1)
?,(Mon) 31 Aug 1936 (35),Hull City AFC (2),2-1,?,Rotherham United FC (2)
?,(Mon) 31 Aug 1936 (35),Wrexham AFC (2),4-0,?,Darlington FC (2)
?,(Mon) 31 Aug 1936 (35),Barrow AFC (2),1-2,?,FC Halifax Town (2)
?,(Mon) 31 Aug 1936 (35),Rochdale AFC (2),1-3,?,Mansfield Town FC (2)
?,(Mon) 31 Aug 1936 (35),Lincoln City FC (2),2-0,?,Oldham Athletic AFC (2)
?,(Wed) 2 Sep 1936 (35),Gateshead FC (2),0-0,?,Stockport County FC (2)
?,(Wed) 2 Sep 1936 (35),Chester FC (2),5-0,?,Crewe Alexandra FC (2)
?,(Wed) 2 Sep 1936 (35),York City FC (2),4-0,?,Tranmere Rovers FC (2)
?,(Wed) 2 Sep 1936 (35),New Brighton Tower FC (1898-1901) (2),2-0,?,Port Vale FC (2)
?,(Wed) 2 Sep 1936 (35),Hartlepool United FC (2),1-0,?,Accrington Stanley FC (2)
?,(Thu) 3 Sep 1936 (35),Carlisle United FC (2),1-1,?,Southport FC (2)
?,(Sat) 5 Sep 1936 (35),York City FC (3),1-1,?,Mansfield Town FC (3)
?,(Sat) 5 Sep 1936 (35),Hartlepool United FC (3),2-1,?,Tranmere Rovers FC (3)
?,(Sat) 5 Sep 1936 (35),Barrow AFC (3),2-2,?,Crewe Alexandra FC (3)
?,(Sat) 5 Sep 1936 (35),Darlington FC (3),6-3,?,Rotherham United FC (3)
?,(Sat) 5 Sep 1936 (35),Carlisle United FC (3),1-2,?,FC Halifax Town (3)
?,(Sat) 5 Sep 1936 (35),Lincoln City FC (3),4-1,?,Southport FC (3)
?,(Sat) 5 Sep 1936 (35),Hull City AFC (3),2-0,?,Oldham Athletic AFC (3)
?,(Sat) 5 Sep 1936 (35),Wrexham AFC (3),0-0,?,Stockport County FC (3)
?,(Sat) 5 Sep 1936 (35),Gateshead FC (3),0-1,?,Port Vale FC (3)
?,(Sat) 5 Sep 1936 (35),New Brighton Tower FC (1898-1901) (3),1-1,?,Accrington Stanley FC (3)
?,(Sat) 5 Sep 1936 (35),Rochdale AFC (3),0-1,?,Chester FC (3)
?,(Mon) 7 Sep 1936 (36),Stockport County FC (4),4-2,?,Gateshead FC (4)
?,(Mon) 7 Sep 1936 (36),Crewe Alexandra FC (4),1-1,?,Chester FC (4)
?,(Mon) 7 Sep 1936 (36),Port Vale FC (4),3-1,?,New Brighton Tower FC (1898-1901) (4)
?,(Mon) 7 Sep 1936 (36),FC Halifax Town (4),2-1,?,Barrow AFC (4)
?,(Mon) 7 Sep 1936 (36),Rotherham United FC (4),0-0,?,Hull City AFC (4)
?,(Mon) 7 Sep 1936 (36),Tranmere Rovers FC (4),0-0,?,York City FC (4)
?,(Mon) 7 Sep 1936 (36),Oldham Athletic AFC (4),1-0,?,Lincoln City FC (4)
?,(Tue) 8 Sep 1936 (36),Southport FC (4),2-1,?,Carlisle United FC (4)
?,(Wed) 9 Sep 1936 (36),Darlington FC (4),1-1,?,Wrexham AFC (4)
?,(Wed) 9 Sep 1936 (36),Mansfield Town FC (4),6-2,?,Rochdale AFC (4)
?,(Sat) 12 Sep 1936 (36),Mansfield Town FC (5),1-4,?,Carlisle United FC (5)
?,(Sat) 12 Sep 1936 (36),Rotherham United FC (5),2-2,?,Wrexham AFC (5)
?,(Sat) 12 Sep 1936 (36),Port Vale FC (5),2-2,?,Darlington FC (5)
?,(Sat) 12 Sep 1936 (36),Crewe Alexandra FC (5),2-2,?,York City FC (5)
?,(Sat) 12 Sep 1936 (36),Lincoln City FC (5),1-0,?,New Brighton Tower FC (1898-1901) (5)
?,(Sat) 12 Sep 1936 (36),Chester FC (5),6-0,?,Barrow AFC (5)
?,(Sat) 12 Sep 1936 (36),FC Halifax Town (5),2-0,?,Hartlepool United FC (4)
?,(Sat) 12 Sep 1936 (36),Tranmere Rovers FC (5),3-3,?,Southport FC (5)
?,(Sat) 12 Sep 1936 (36),Accrington Stanley FC (4),0-1,?,Hull City AFC (5)
?,(Sat) 12 Sep 1936 (36),Stockport County FC (5),3-0,?,Rochdale AFC (5)
?,(Sat) 12 Sep 1936 (36),Oldham Athletic AFC (5),4-4,?,Gateshead FC (5)
?,(Mon) 14 Sep 1936 (37),Lincoln City FC (6),0-2,?,Stockport County FC (6)
?,(Mon) 14 Sep 1936 (37),Oldham Athletic AFC (6),5-1,?,Port Vale FC (6)
?,(Tue) 15 Sep 1936 (37),Rochdale AFC (6),2-1,?,Southport FC (6)
?,(Wed) 16 Sep 1936 (37),Chester FC (6),5-2,?,Tranmere Rovers FC (6)
?,(Wed) 16 Sep 1936 (37),New Brighton Tower FC (1898-1901) (6),1-0,?,Wrexham AFC (6)
?,(Wed) 16 Sep 1936 (37),Crewe Alexandra FC (6),0-1,?,FC Halifax Town (6)
?,(Sat) 19 Sep 1936 (37),Stockport County FC (7),4-2,?,Rotherham United FC (6)
?,(Sat) 19 Sep 1936 (37),York City FC (6),0-2,?,Chester FC (7)
?,(Sat) 19 Sep 1936 (37),Southport FC (7),2-1,?,FC Halifax Town (7)
?,(Sat) 19 Sep 1936 (37),Hartlepool United FC (5),3-0,?,Mansfield Town FC (6)
?,(Sat) 19 Sep 1936 (37),New Brighton Tower FC (1898-1901) (7),1-2,?,Tranmere Rovers FC (7)
?,(Sat) 19 Sep 1936 (37),Hull City AFC (6),1-1,?,Lincoln City FC (7)
?,(Sat) 19 Sep 1936 (37),Gateshead FC (6),1-1,?,Accrington Stanley FC (5)
?,(Sat) 19 Sep 1936 (37),Barrow AFC (6),3-0,?,Rochdale AFC (7)
?,(Sat) 19 Sep 1936 (37),Darlington FC (6),0-3,?,Oldham Athletic AFC (7)
?,(Sat) 19 Sep 1936 (37),Carlisle United FC (6),4-0,?,Crewe Alexandra FC (7)
?,(Sat) 19 Sep 1936 (37),Wrexham AFC (7),1-0,?,Port Vale FC (7)
?,(Sat) 26 Sep 1936 (38),FC Halifax Town (8),2-1,?,Tranmere Rovers FC (8)
?,(Sat) 26 Sep 1936 (38),New Brighton Tower FC (1898-1901) (8),1-1,?,Hull City AFC (7)
?,(Sat) 26 Sep 1936 (38),Oldham Athletic AFC (8),2-2,?,Wrexham AFC (8)
?,(Sat) 26 Sep 1936 (38),Chester FC (8),4-0,?,Carlisle United FC (7)
?,(Sat) 26 Sep 1936 (38),Port Vale FC (8),3-0,?,Stockport County FC (8)
?,(Sat) 26 Sep 1936 (38),Lincoln City FC (8),4-0,?,Gateshead FC (7)
?,(Sat) 26 Sep 1936 (38),Rotherham United FC (7),4-1,?,Barrow AFC (7)
?,(Sat) 26 Sep 1936 (38),Crewe Alexandra FC (8),1-1,?,Hartlepool United FC (6)
?,(Sat) 26 Sep 1936 (38),Rochdale AFC (8),3-0,?,York City FC (7)
?,(Sat) 26 Sep 1936 (38),Mansfield Town FC (7),3-0,?,Southport FC (8)
?,(Sat) 26 Sep 1936 (38),Accrington Stanley FC (6),1-0,?,Darlington FC (7)
?,(Tue) 29 Sep 1936 (39),Accrington Stanley FC (7),1-2,?,Hartlepool United FC (7)
?,(Sat) 3 Oct 1936 (39),Tranmere Rovers FC (9),0-2,?,Mansfield Town FC (8)
?,(Sat) 3 Oct 1936 (39),Gateshead FC (8),1-1,?,New Brighton Tower FC (1898-1901) (9)
?,(Sat) 3 Oct 1936 (39),Wrexham AFC (9),1-0,?,Accrington Stanley FC (8)
?,(Sat) 3 Oct 1936 (39),Hartlepool United FC (8),0-1,?,Chester FC (9)
?,(Sat) 3 Oct 1936 (39),York City FC (8),1-2,?,Barrow AFC (8)
?,(Sat) 3 Oct 1936 (39),Stockport County FC (9),4-1,?,Oldham Athletic AFC (9)
?,(Sat) 3 Oct 1936 (39),Carlisle United FC (8),1-0,?,Rochdale AFC (9)
?,(Sat) 3 Oct 1936 (39),Hull City AFC (8),0-0,?,FC Halifax Town (9)
?,(Sat) 3 Oct 1936 (39),Darlington FC (8),2-2,?,Lincoln City FC (9)
?,(Sat) 3 Oct 1936 (39),Southport FC (9),1-1,?,Crewe Alexandra FC (9)
?,(Sat) 3 Oct 1936 (39),Rotherham United FC (8),2-0,?,Port Vale FC (9)
?,(Sat) 10 Oct 1936 (40),Crewe Alexandra FC (10),2-2,?,Tranmere Rovers FC (10)
?,(Sat) 10 Oct 1936 (40),Oldham Athletic AFC (10),4-1,?,Rotherham United FC (9)
?,(Sat) 10 Oct 1936 (40),Barrow AFC (9),5-0,?,Carlisle United FC (9)
?,(Sat) 10 Oct 1936 (40),Mansfield Town FC (9),3-0,?,FC Halifax Town (10)
?,(Sat) 10 Oct 1936 (40),Hull City AFC (9),3-2,?,Gateshead FC (9)
?,(Sat) 10 Oct 1936 (40),New Brighton Tower FC (1898-1901) (10),2-0,?,Darlington FC (9)
?,(Sat) 10 Oct 1936 (40),Rochdale AFC (10),1-1,?,Hartlepool United FC (9)
?,(Sat) 10 Oct 1936 (40),Lincoln City FC (10),6-2,?,Wrexham AFC (10)
?,(Sat) 10 Oct 1936 (40),Port Vale FC (10),1-1,?,York City FC (9)
?,(Sat) 10 Oct 1936 (40),Chester FC (10),2-3,?,Southport FC (10)
?,(Sat) 10 Oct 1936 (40),Accrington Stanley FC (9),2-1,?,Stockport County FC (10)
?,(Sat) 17 Oct 1936 (41),Tranmere Rovers FC (11),2-2,?,Lincoln City FC (11)
?,(Sat) 17 Oct 1936 (41),Hartlepool United FC (10),1-0,?,Oldham Athletic AFC (11)
?,(Sat) 17 Oct 1936 (41),Chester FC (11),2-1,?,Darlington FC (10)
?,(Sat) 17 Oct 1936 (41),Barrow AFC (10),0-0,?,Stockport County FC (11)
?,(Sat) 17 Oct 1936 (41),Southport FC (11),3-1,?,Accrington Stanley FC (10)
?,(Sat) 17 Oct 1936 (41),York City FC (10),4-3,?,Rotherham United FC (10)
?,(Sat) 17 Oct 1936 (41),Carlisle United FC (10),5-2,?,Port Vale FC (11)
?,(Sat) 17 Oct 1936 (41),FC Halifax Town (11),0-0,?,New Brighton Tower FC (1898-1901) (11)
?,(Sat) 17 Oct 1936 (41),Mansfield Town FC (10),5-2,?,Hull City AFC (10)
?,(Sat) 17 Oct 1936 (41),Rochdale AFC (11),0-6,?,Wrexham AFC (11)
?,(Sat) 17 Oct 1936 (41),Crewe Alexandra FC (11),3-1,?,Gateshead FC (10)
?,(Sat) 24 Oct 1936 (42),New Brighton Tower FC (1898-1901) (12),0-0,?,Mansfield Town FC (11)
?,(Sat) 24 Oct 1936 (42),Rotherham United FC (11),0-1,?,Carlisle United FC (11)
?,(Sat) 24 Oct 1936 (42),Oldham Athletic AFC (12),3-3,?,Southport FC (12)
?,(Sat) 24 Oct 1936 (42),Darlington FC (11),4-1,?,Rochdale AFC (12)
?,(Sat) 24 Oct 1936 (42),Lincoln City FC (12),4-1,?,FC Halifax Town (12)
?,(Sat) 24 Oct 1936 (42),Accrington Stanley FC (11),4-0,?,Tranmere Rovers FC (12)
?,(Sat) 24 Oct 1936 (42),Port Vale FC (12),1-0,?,Hartlepool United FC (11)
?,(Sat) 24 Oct 1936 (42),Gateshead FC (11),1-1,?,Chester FC (12)
?,(Sat) 24 Oct 1936 (42),Stockport County FC (12),6-0,?,York City FC (11)
?,(Sat) 24 Oct 1936 (42),Wrexham AFC (12),2-1,?,Barrow AFC (11)
?,(Sat) 24 Oct 1936 (42),Hull City AFC (11),2-0,?,Crewe Alexandra FC (12)
?,(Sat) 31 Oct 1936 (43),Barrow AFC (12),1-0,?,Darlington FC (12)
?,(Sat) 31 Oct 1936 (43),Tranmere Rovers FC (13),3-3,?,Oldham Athletic AFC (13)
?,(Sat) 31 Oct 1936 (43),Southport FC (13),3-3,?,Port Vale FC (13)
?,(Sat) 31 Oct 1936 (43),Hartlepool United FC (12),0-2,?,Rotherham United FC (12)
?,(Sat) 31 Oct 1936 (43),Rochdale AFC (13),0-2,?,Gateshead FC (12)
?,(Sat) 31 Oct 1936 (43),Carlisle United FC (12),1-0,?,Stockport County FC (13)
?,(Sat) 31 Oct 1936 (43),Chester FC (13),3-1,?,Hull City AFC (12)
?,(Sat) 31 Oct 1936 (43),FC Halifax Town (13),3-0,?,Accrington Stanley FC (12)
?,(Sat) 31 Oct 1936 (43),Mansfield Town FC (12),2-2,?,Lincoln City FC (13)
?,(Sat) 31 Oct 1936 (43),Crewe Alexandra FC (13),0-2,?,New Brighton Tower FC (1898-1901) (13)
?,(Sat) 31 Oct 1936 (43),York City FC (12),3-4,?,Wrexham AFC (13)
?,(Sat) 7 Nov 1936 (44),Lincoln City FC (14),2-4,?,Crewe Alexandra FC (14)
?,(Sat) 7 Nov 1936 (44),Wrexham AFC (14),1-0,?,Carlisle United FC (13)
?,(Sat) 7 Nov 1936 (44),Port Vale FC (14),2-1,?,Tranmere Rovers FC (14)
?,(Sat) 7 Nov 1936 (44),New Brighton Tower FC (1898-1901) (14),1-0,?,Chester FC (14)
?,(Sat) 7 Nov 1936 (44),Rotherham United FC (13),3-0,?,Southport FC (14)
?,(Sat) 7 Nov 1936 (44),Stockport County FC (14),1-1,?,Hartlepool United FC (13)
?,(Sat) 7 Nov 1936 (44),Hull City AFC (13),1-1,?,Rochdale AFC (14)
?,(Sat) 7 Nov 1936 (44),Gateshead FC (13),1-1,?,Barrow AFC (13)
?,(Sat) 7 Nov 1936 (44),Oldham Athletic AFC (14),1-0,?,FC Halifax Town (14)
?,(Sat) 7 Nov 1936 (44),Accrington Stanley FC (13),0-3,?,Mansfield Town FC (13)
?,(Sat) 7 Nov 1936 (44),Darlington FC (13),1-1,?,York City FC (13)
?,(Sat) 14 Nov 1936 (45),Barrow AFC (14),2-3,?,Hull City AFC (14)
?,(Sat) 14 Nov 1936 (45),York City FC (14),2-0,?,Gateshead FC (14)
?,(Sat) 14 Nov 1936 (45),Carlisle United FC (14),2-0,?,Darlington FC (14)
?,(Sat) 14 Nov 1936 (45),Rochdale AFC (15),4-0,?,New Brighton Tower FC (1898-1901) (15)
?,(Sat) 14 Nov 1936 (45),Crewe Alexandra FC (15),2-2,?,Accrington Stanley FC (14)
?,(Sat) 14 Nov 1936 (45),Tranmere Rovers FC (15),1-2,?,Rotherham United FC (14)
?,(Sat) 14 Nov 1936 (45),Chester FC (15),7-3,?,Lincoln City FC (15)
?,(Sat) 14 Nov 1936 (45),Southport FC (15),1-1,?,Stockport County FC (15)
?,(Sat) 14 Nov 1936 (45),Mansfield Town FC (14),1-2,?,Oldham Athletic AFC (15)
?,(Sat) 14 Nov 1936 (45),Hartlepool United FC (14),2-0,?,Wrexham AFC (15)
?,(Sat) 14 Nov 1936 (45),FC Halifax Town (15),0-1,?,Port Vale FC (15)
?,(Sat) 21 Nov 1936 (46),Port Vale FC (16),5-1,?,Mansfield Town FC (15)
?,(Sat) 21 Nov 1936 (46),Rotherham United FC (15),6-0,?,FC Halifax Town (16)
?,(Sat) 21 Nov 1936 (46),Accrington Stanley FC (15),2-1,?,Chester FC (16)
?,(Sat) 21 Nov 1936 (46),Hull City AFC (15),1-0,?,York City FC (15)
?,(Sat) 21 Nov 1936 (46),Oldham Athletic AFC (16),1-1,?,Crewe Alexandra FC (16)
?,(Sat) 21 Nov 1936 (46),Lincoln City FC (16),5-3,?,Rochdale AFC (16)
?,(Sat) 21 Nov 1936 (46),Darlington FC (15),5-5,?,Hartlepool United FC (15)
?,(Sat) 21 Nov 1936 (46),Gateshead FC (15),1-0,?,Carlisle United FC (15)
?,(Sat) 21 Nov 1936 (46),Wrexham AFC (16),3-3,?,Southport FC (16)
?,(Sat) 21 Nov 1936 (46),Stockport County FC (16),5-0,?,Tranmere Rovers FC (16)
?,(Sat) 21 Nov 1936 (46),New Brighton Tower FC (1898-1901) (16),1-1,?,Barrow AFC (15)
?,(Sat) 28 Nov 1936 (47),Chester FC (17),0-0,?,Port Vale FC (17)
?,(Sat) 5 Dec 1936 (48),Rotherham United FC (16),3-2,?,Crewe Alexandra FC (17)
?,(Sat) 5 Dec 1936 (48),Wrexham AFC (17),0-2,?,FC Halifax Town (17)
?,(Sat) 5 Dec 1936 (48),Stockport County FC (17),3-1,?,Mansfield Town FC (16)
?,(Sat) 5 Dec 1936 (48),Oldham Athletic AFC (17),3-0,?,Rochdale AFC (17)
?,(Sat) 5 Dec 1936 (48),Hull City AFC (16),1-0,?,Hartlepool United FC (16)
?,(Sat) 5 Dec 1936 (48),Gateshead FC (16),5-4,?,Southport FC (17)
?,(Sat) 5 Dec 1936 (48),Darlington FC (16),3-2,?,Tranmere Rovers FC (17)
?,(Sat) 5 Dec 1936 (48),New Brighton Tower FC (1898-1901) (17),1-1,?,Carlisle United FC (16)
?,(Sat) 5 Dec 1936 (48),Port Vale FC (18),4-0,?,Chester FC (18)
?,(Sat) 5 Dec 1936 (48),Lincoln City FC (17),3-1,?,York City FC (16)
?,(Sat) 5 Dec 1936 (48),Accrington Stanley FC (16),5-0,?,Barrow AFC (16)
?,(Sat) 12 Dec 1936 (49),Tranmere Rovers FC (18),2-1,?,Hull City AFC (17)
?,(Sat) 12 Dec 1936 (49),Chester FC (19),2-1,?,Rotherham United FC (17)
?,(Sat) 12 Dec 1936 (49),Rochdale AFC (18),0-0,?,Port Vale FC (19)
?,(Sat) 19 Dec 1936 (50),Port Vale FC (20),3-2,?,Barrow AFC (17)
?,(Sat) 19 Dec 1936 (50),Gateshead FC (17),0-2,?,FC Halifax Town (18)
?,(Sat) 19 Dec 1936 (50),Wrexham AFC (18),5-0,?,Crewe Alexandra FC (18)
?,(Sat) 19 Dec 1936 (50),Oldham Athletic AFC (18),2-2,?,York City FC (17)
?,(Sat) 19 Dec 1936 (50),Rotherham United FC (18),1-1,?,Rochdale AFC (19)
?,(Sat) 19 Dec 1936 (50),Stockport County FC (18),4-0,?,Chester FC (20)
?,(Sat) 19 Dec 1936 (50),Lincoln City FC (18),3-0,?,Hartlepool United FC (17)
?,(Sat) 19 Dec 1936 (50),Hull City AFC (18),5-2,?,Tranmere Rovers FC (19)
?,(Sat) 19 Dec 1936 (50),New Brighton Tower FC (1898-1901) (18),3-1,?,Southport FC (18)
?,(Sat) 19 Dec 1936 (50),Darlington FC (17),0-0,?,Mansfield Town FC (17)
?,(Sat) 19 Dec 1936 (50),Accrington Stanley FC (17),2-1,?,Carlisle United FC (17)
?,(Fri) 25 Dec 1936 (51),Barrow AFC (18),2-1,?,Southport FC (19)
?,(Fri) 25 Dec 1936 (51),New Brighton Tower FC (1898-1901) (19),1-1,?,Stockport County FC (19)
?,(Fri) 25 Dec 1936 (51),Rochdale AFC (20),2-1,?,Tranmere Rovers FC (20)
?,(Fri) 25 Dec 1936 (51),Mansfield Town FC (18),1-4,?,Crewe Alexandra FC (19)
?,(Fri) 25 Dec 1936 (51),Carlisle United FC (18),2-1,?,Oldham Athletic AFC (19)
?,(Fri) 25 Dec 1936 (51),York City FC (18),4-1,?,Hartlepool United FC (18)
?,(Fri) 25 Dec 1936 (51),Lincoln City FC (19),3-0,?,Rotherham United FC (19)
?,(Fri) 25 Dec 1936 (51),Hull City AFC (19),1-0,?,Wrexham AFC (19)
?,(Fri) 25 Dec 1936 (51),Gateshead FC (18),5-0,?,Darlington FC (18)
?,(Fri) 25 Dec 1936 (51),Accrington Stanley FC (18),2-3,?,Port Vale FC (21)
?,(Fri) 25 Dec 1936 (51),Chester FC (21),1-1,?,FC Halifax Town (19)
?,(Sat) 26 Dec 1936 (51),Wrexham AFC (20),1-2,?,Chester FC (22)
?,(Sat) 26 Dec 1936 (51),Hartlepool United FC (19),2-0,?,Southport FC (20)
?,(Sat) 26 Dec 1936 (51),Lincoln City FC (20),3-3,?,Accrington Stanley FC (19)
?,(Sat) 26 Dec 1936 (51),New Brighton Tower FC (1898-1901) (20),0-2,?,Oldham Athletic AFC (20)
?,(Sat) 26 Dec 1936 (51),York City FC (19),4-0,?,FC Halifax Town (20)
?,(Sat) 26 Dec 1936 (51),Carlisle United FC (19),3-1,?,Tranmere Rovers FC (21)
?,(Sat) 26 Dec 1936 (51),Rochdale AFC (21),2-0,?,Crewe Alexandra FC (20)
?,(Sat) 26 Dec 1936 (51),Gateshead FC (19),2-1,?,Rotherham United FC (20)
?,(Sat) 26 Dec 1936 (51),Hull City AFC (20),1-1,?,Port Vale FC (22)
?,(Sat) 26 Dec 1936 (51),Darlington FC (19),1-1,?,Stockport County FC (20)
?,(Sat) 26 Dec 1936 (51),Barrow AFC (19),2-2,?,Mansfield Town FC (19)
?,(Mon) 28 Dec 1936 (52),Stockport County FC (21),3-1,?,New Brighton Tower FC (1898-1901) (21)
?,(Mon) 28 Dec 1936 (52),Port Vale FC (23),1-1,?,Accrington Stanley FC (20)
?,(Mon) 28 Dec 1936 (52),Darlington FC (20),0-2,?,Gateshead FC (20)
?,(Mon) 28 Dec 1936 (52),Hartlepool United FC (20),2-0,?,York City FC (20)
?,(Mon) 28 Dec 1936 (52),FC Halifax Town (21),1-0,?,Chester FC (23)
?,(Mon) 28 Dec 1936 (52),Oldham Athletic AFC (21),2-1,?,Carlisle United FC (20)
?,(Mon) 28 Dec 1936 (52),Crewe Alexandra FC (21),2-1,?,Mansfield Town FC (20)
?,(Mon) 28 Dec 1936 (52),Rotherham United FC (21),3-1,?,Lincoln City FC (21)
?,(Fri) 1 Jan 1937 (0),Wrexham AFC (21),4-1,?,New Brighton Tower FC (1898-1901) (22)
?,(Fri) 1 Jan 1937 (0),Southport FC (21),1-1,?,Rochdale AFC (22)
?,(Fri) 1 Jan 1937 (0),Gateshead FC (21),3-3,?,Mansfield Town FC (21)
?,(Fri) 1 Jan 1937 (0),Tranmere Rovers FC (22),5-0,?,Chester FC (24)
?,(Fri) 1 Jan 1937 (0),Carlisle United FC (21),1-1,?,York City FC (21)
?,(Fri) 1 Jan 1937 (0),Accrington Stanley FC (21),3-0,?,Rotherham United FC (22)
?,(Fri) 1 Jan 1937 (0),Hartlepool United FC (21),3-1,?,Barrow AFC (20)
?,(Fri) 1 Jan 1937 (0),Darlington FC (21),2-2,?,Hull City AFC (21)
?,(Sat) 2 Jan 1937 (0),Chester FC (25),2-2,?,Rochdale AFC (23)
?,(Sat) 2 Jan 1937 (0),FC Halifax Town (22),6-1,?,Carlisle United FC (22)
?,(Sat) 2 Jan 1937 (0),Oldham Athletic AFC (22),3-1,?,Hull City AFC (22)
?,(Sat) 2 Jan 1937 (0),Accrington Stanley FC (22),5-0,?,New Brighton Tower FC (1898-1901) (23)
?,(Sat) 2 Jan 1937 (0),Crewe Alexandra FC (22),4-1,?,Barrow AFC (21)
?,(Sat) 2 Jan 1937 (0),Mansfield Town FC (22),1-2,?,York City FC (22)
?,(Sat) 2 Jan 1937 (0),Tranmere Rovers FC (23),1-0,?,Hartlepool United FC (22)
?,(Sat) 2 Jan 1937 (0),Stockport County FC (22),2-0,?,Wrexham AFC (22)
?,(Sat) 2 Jan 1937 (0),Southport FC (22),2-1,?,Lincoln City FC (22)
?,(Sat) 2 Jan 1937 (0),Rotherham United FC (23),2-4,?,Darlington FC (22)
?,(Sat) 2 Jan 1937 (0),Port Vale FC (24),4-2,?,Gateshead FC (22)
?,(Sat) 9 Jan 1937 (1),Gateshead FC (23),0-3,?,Oldham Athletic AFC (23)
?,(Sat) 9 Jan 1937 (1),York City FC (23),2-3,?,Crewe Alexandra FC (23)
?,(Sat) 9 Jan 1937 (1),Wrexham AFC (23),4-2,?,Rotherham United FC (24)
?,(Sat) 9 Jan 1937 (1),New Brighton Tower FC (1898-1901) (24),1-2,?,Lincoln City FC (23)
?,(Sat) 9 Jan 1937 (1),Rochdale AFC (24),2-2,?,Stockport County FC (23)
?,(Sat) 9 Jan 1937 (1),Hull City AFC (23),0-3,?,Accrington Stanley FC (23)
?,(Sat) 9 Jan 1937 (1),Barrow AFC (22),1-2,?,Chester FC (26)
?,(Sat) 9 Jan 1937 (1),Darlington FC (23),1-0,?,Port Vale FC (25)
?,(Sat) 9 Jan 1937 (1),Southport FC (23),1-0,?,Tranmere Rovers FC (24)
?,(Sat) 9 Jan 1937 (1),Hartlepool United FC (23),5-3,?,FC Halifax Town (23)
?,(Sat) 9 Jan 1937 (1),Carlisle United FC (23),1-2,?,Mansfield Town FC (23)
?,(Sat) 16 Jan 1937 (2),Southport FC (24),1-4,?,Hull City AFC (24)
?,(Sat) 16 Jan 1937 (2),Barrow AFC (23),0-4,?,Lincoln City FC (24)
?,(Sat) 16 Jan 1937 (2),FC Halifax Town (24),1-1,?,Stockport County FC (24)
?,(Sat) 16 Jan 1937 (2),Tranmere Rovers FC (25),4-3,?,Rochdale AFC (25)
?,(Sat) 16 Jan 1937 (2),Hartlepool United FC (24),6-1,?,Gateshead FC (24)
?,(Sat) 16 Jan 1937 (2),Mansfield Town FC (24),4-1,?,Rotherham United FC (25)
?,(Tue) 19 Jan 1937 (3),Southport FC (25),0-0,?,Darlington FC (24)
?,(Wed) 20 Jan 1937 (3),Crewe Alexandra FC (24),0-1,?,Port Vale FC (26)
?,(Thu) 21 Jan 1937 (3),Carlisle United FC (24),1-1,?,Hull City AFC (25)
?,(Sat) 23 Jan 1937 (3),Rotherham United FC (26),1-1,?,Stockport County FC (25)
?,(Sat) 23 Jan 1937 (3),FC Halifax Town (25),1-1,?,Southport FC (26)
?,(Sat) 23 Jan 1937 (3),Crewe Alexandra FC (25),1-2,?,Carlisle United FC (25)
?,(Sat) 23 Jan 1937 (3),Accrington Stanley FC (24),2-1,?,Gateshead FC (25)
?,(Sat) 23 Jan 1937 (3),Oldham Athletic AFC (24),1-1,?,Darlington FC (25)
?,(Sat) 23 Jan 1937 (3),Chester FC (27),3-1,?,York City FC (24)
?,(Sat) 23 Jan 1937 (3),Mansfield Town FC (25),8-2,?,Hartlepool United FC (25)
?,(Sat) 23 Jan 1937 (3),Rochdale AFC (26),3-1,?,Barrow AFC (24)
?,(Sat) 23 Jan 1937 (3),Port Vale FC (27),0-3,?,Wrexham AFC (24)
?,(Sat) 23 Jan 1937 (3),Lincoln City FC (25),5-0,?,Hull City AFC (26)
?,(Sat) 23 Jan 1937 (3),Tranmere Rovers FC (26),3-2,?,New Brighton Tower FC (1898-1901) (25)
?,(Sat) 30 Jan 1937 (4),Hartlepool United FC (26),4-1,?,Crewe Alexandra FC (26)
?,(Sat) 30 Jan 1937 (4),Wrexham AFC (25),1-1,?,Oldham Athletic AFC (25)
?,(Sat) 30 Jan 1937 (4),Tranmere Rovers FC (27),2-1,?,FC Halifax Town (26)
?,(Sat) 30 Jan 1937 (4),Barrow AFC (25),5-1,?,Rotherham United FC (27)
?,(Sat) 30 Jan 1937 (4),Stockport County FC (26),1-0,?,Port Vale FC (28)
?,(Sat) 30 Jan 1937 (4),Hull City AFC (27),4-1,?,New Brighton Tower FC (1898-1901) (26)
?,(Sat) 30 Jan 1937 (4),Southport FC (27),3-2,?,Mansfield Town FC (26)
?,(Wed) 3 Feb 1937 (5),Darlington FC (26),4-1,?,Accrington Stanley FC (25)
?,(Thu) 4 Feb 1937 (5),Carlisle United FC (26),1-1,?,Chester FC (28)
?,(Sat) 6 Feb 1937 (5),Rochdale AFC (27),3-0,?,Carlisle United FC (27)
?,(Sat) 6 Feb 1937 (5),New Brighton Tower FC (1898-1901) (27),1-1,?,Gateshead FC (26)
?,(Sat) 6 Feb 1937 (5),Port Vale FC (29),2-1,?,Rotherham United FC (28)
?,(Sat) 6 Feb 1937 (5),Accrington Stanley FC (26),2-2,?,Wrexham AFC (26)
?,(Sat) 6 Feb 1937 (5),Oldham Athletic AFC (26),0-2,?,Stockport County FC (27)
?,(Sat) 6 Feb 1937 (5),FC Halifax Town (27),1-0,?,Hull City AFC (28)
?,(Sat) 6 Feb 1937 (5),Chester FC (29),3-0,?,Hartlepool United FC (27)
?,(Sat) 6 Feb 1937 (5),Barrow AFC (26),2-2,?,York City FC (25)
?,(Sat) 6 Feb 1937 (5),Lincoln City FC (26),4-3,?,Darlington FC (27)
?,(Sat) 6 Feb 1937 (5),Mansfield Town FC (27),2-3,?,Tranmere Rovers FC (28)
?,(Sat) 6 Feb 1937 (5),Crewe Alexandra FC (27),3-2,?,Southport FC (28)
?,(Wed) 10 Feb 1937 (6),York City FC (26),4-1,?,Rochdale AFC (28)
?,(Sat) 13 Feb 1937 (6),Hartlepool United FC (28),4-1,?,Rochdale AFC (29)
?,(Sat) 13 Feb 1937 (6),Carlisle United FC (28),2-2,?,Barrow AFC (27)
?,(Sat) 13 Feb 1937 (6),Darlington FC (28),1-2,?,New Brighton Tower FC (1898-1901) (28)
?,(Sat) 13 Feb 1937 (6),Southport FC (29),1-2,?,Chester FC (30)
?,(Sat) 13 Feb 1937 (6),Wrexham AFC (27),0-3,?,Lincoln City FC (27)
?,(Sat) 13 Feb 1937 (6),Gateshead FC (27),6-3,?,Hull City AFC (29)
?,(Sat) 13 Feb 1937 (6),Stockport County FC (28),3-2,?,Accrington Stanley FC (27)
?,(Sat) 13 Feb 1937 (6),FC Halifax Town (28),0-0,?,Mansfield Town FC (28)
?,(Sat) 13 Feb 1937 (6),Rotherham United FC (29),4-4,?,Oldham Athletic AFC (27)
?,(Sat) 13 Feb 1937 (6),York City FC (27),1-2,?,Port Vale FC (30)
?,(Sat) 13 Feb 1937 (6),Tranmere Rovers FC (29),6-1,?,Crewe Alexandra FC (28)
?,(Sat) 20 Feb 1937 (7),Darlington FC (29),1-3,?,Chester FC (31)
?,(Sat) 20 Feb 1937 (7),Wrexham AFC (28),0-1,?,Rochdale AFC (30)
?,(Sat) 20 Feb 1937 (7),New Brighton Tower FC (1898-1901) (29),1-1,?,FC Halifax Town (29)
?,(Sat) 20 Feb 1937 (7),Port Vale FC (31),1-0,?,Carlisle United FC (29)
?,(Sat) 20 Feb 1937 (7),Rotherham United FC (30),2-2,?,York City FC (28)
?,(Sat) 20 Feb 1937 (7),Lincoln City FC (28),1-0,?,Tranmere Rovers FC (30)
?,(Sat) 20 Feb 1937 (7),Gateshead FC (28),2-0,?,Crewe Alexandra FC (29)
?,(Sat) 20 Feb 1937 (7),Oldham Athletic AFC (28),2-0,?,Hartlepool United FC (29)
?,(Sat) 20 Feb 1937 (7),Stockport County FC (29),4-1,?,Barrow AFC (28)
?,(Sat) 20 Feb 1937 (7),Accrington Stanley FC (28),6-3,?,Southport FC (30)
?,(Sat) 20 Feb 1937 (7),Hull City AFC (30),3-0,?,Mansfield Town FC (29)
?,(Sat) 27 Feb 1937 (8),Rochdale AFC (31),4-0,?,Darlington FC (30)
?,(Sat) 27 Feb 1937 (8),Barrow AFC (29),1-1,?,Wrexham AFC (29)
?,(Sat) 27 Feb 1937 (8),Mansfield Town FC (30),2-3,?,New Brighton Tower FC (1898-1901) (30)
?,(Sat) 27 Feb 1937 (8),Southport FC (31),2-0,?,Oldham Athletic AFC (29)
?,(Sat) 27 Feb 1937 (8),Hartlepool United FC (30),2-0,?,Port Vale FC (32)
?,(Sat) 27 Feb 1937 (8),FC Halifax Town (30),2-3,?,Lincoln City FC (29)
?,(Sat) 27 Feb 1937 (8),York City FC (29),2-1,?,Stockport County FC (30)
?,(Sat) 27 Feb 1937 (8),Carlisle United FC (30),4-1,?,Rotherham United FC (31)
?,(Sat) 27 Feb 1937 (8),Crewe Alexandra FC (30),2-1,?,Hull City AFC (31)
?,(Sat) 6 Mar 1937 (9),Stockport County FC (31),1-2,?,Carlisle United FC (31)
?,(Sat) 6 Mar 1937 (9),New Brighton Tower FC (1898-1901) (31),1-0,?,Crewe Alexandra FC (31)
?,(Sat) 6 Mar 1937 (9),Hull City AFC (32),1-1,?,Chester FC (32)
?,(Sat) 6 Mar 1937 (9),Gateshead FC (29),3-1,?,Rochdale AFC (32)
?,(Sat) 6 Mar 1937 (9),Accrington Stanley FC (29),3-2,?,FC Halifax Town (31)
?,(Sat) 6 Mar 1937 (9),Rotherham United FC (32),2-4,?,Hartlepool United FC (31)
?,(Sat) 6 Mar 1937 (9),Oldham Athletic AFC (30),3-0,?,Tranmere Rovers FC (31)
?,(Sat) 6 Mar 1937 (9),Darlington FC (31),2-4,?,Barrow AFC (30)
?,(Sat) 6 Mar 1937 (9),Wrexham AFC (30),2-0,?,York City FC (30)
?,(Sat) 6 Mar 1937 (9),Lincoln City FC (30),2-0,?,Mansfield Town FC (31)
?,(Sat) 6 Mar 1937 (9),Port Vale FC (33),0-2,?,Southport FC (32)
?,(Sat) 13 Mar 1937 (10),Southport FC (33),4-1,?,Rotherham United FC (33)
?,(Sat) 13 Mar 1937 (10),Chester FC (33),4-1,?,New Brighton Tower FC (1898-1901) (32)
?,(Sat) 13 Mar 1937 (10),York City FC (31),3-0,?,Darlington FC (32)
?,(Sat) 13 Mar 1937 (10),Rochdale AFC (33),4-0,?,Hull City AFC (33)
?,(Sat) 13 Mar 1937 (10),Tranmere Rovers FC (32),4-2,?,Port Vale FC (34)
?,(Sat) 13 Mar 1937 (10),Crewe Alexandra FC (32),2-1,?,Lincoln City FC (31)
?,(Sat) 13 Mar 1937 (10),Carlisle United FC (32),2-1,?,Wrexham AFC (31)
?,(Sat) 13 Mar 1937 (10),Hartlepool United FC (32),2-4,?,Stockport County FC (32)
?,(Sat) 13 Mar 1937 (10),Barrow AFC (31),3-0,?,Gateshead FC (30)
?,(Sat) 13 Mar 1937 (10),Mansfield Town FC (32),2-1,?,Accrington Stanley FC (30)
?,(Tue) 16 Mar 1937 (11),Gateshead FC (31),0-0,?,Wrexham AFC (32)
?,(Tue) 16 Mar 1937 (11),Southport FC (34),3-3,?,Barrow AFC (32)
?,(Sat) 20 Mar 1937 (11),Accrington Stanley FC (31),4-1,?,Crewe Alexandra FC (33)
?,(Sat) 20 Mar 1937 (11),Darlington FC (33),1-5,?,Carlisle United FC (33)
?,(Sat) 20 Mar 1937 (11),Rotherham United FC (34),3-1,?,Tranmere Rovers FC (33)
?,(Sat) 20 Mar 1937 (11),Hull City AFC (34),3-2,?,Barrow AFC (33)
?,(Sat) 20 Mar 1937 (11),Port Vale FC (35),3-1,?,FC Halifax Town (32)
?,(Sat) 20 Mar 1937 (11),Oldham Athletic AFC (31),1-1,?,Mansfield Town FC (33)
?,(Sat) 20 Mar 1937 (11),Stockport County FC (33),2-1,?,Southport FC (35)
?,(Sat) 20 Mar 1937 (11),Gateshead FC (32),3-2,?,York City FC (32)
?,(Sat) 20 Mar 1937 (11),New Brighton Tower FC (1898-1901) (33),5-1,?,Rochdale AFC (34)
?,(Sat) 20 Mar 1937 (11),Wrexham AFC (33),0-1,?,Hartlepool United FC (33)
?,(Sat) 20 Mar 1937 (11),Lincoln City FC (32),3-0,?,Chester FC (34)
?,(Fri) 26 Mar 1937 (12),Mansfield Town FC (34),5-0,?,Chester FC (35)
?,(Fri) 26 Mar 1937 (12),Southport FC (36),1-4,?,York City FC (33)
?,(Fri) 26 Mar 1937 (12),Tranmere Rovers FC (34),0-0,?,Barrow AFC (34)
?,(Fri) 26 Mar 1937 (12),Stockport County FC (34),3-1,?,Hull City AFC (35)
?,(Fri) 26 Mar 1937 (12),Carlisle United FC (34),2-0,?,Hartlepool United FC (34)
?,(Fri) 26 Mar 1937 (12),Crewe Alexandra FC (34),1-1,?,Darlington FC (34)
?,(Fri) 26 Mar 1937 (12),New Brighton Tower FC (1898-1901) (34),4-0,?,Rotherham United FC (35)
?,(Fri) 26 Mar 1937 (12),Rochdale AFC (35),3-5,?,FC Halifax Town (33)
?,(Fri) 26 Mar 1937 (12),Port Vale FC (36),1-1,?,Lincoln City FC (33)
?,(Fri) 26 Mar 1937 (12),Accrington Stanley FC (32),1-1,?,Oldham Athletic AFC (32)
?,(Sat) 27 Mar 1937 (12),Chester FC (36),1-1,?,Accrington Stanley FC (33)
?,(Sat) 27 Mar 1937 (12),York City FC (34),1-1,?,Hull City AFC (36)
?,(Sat) 27 Mar 1937 (12),FC Halifax Town (34),4-1,?,Rotherham United FC (36)
?,(Sat) 27 Mar 1937 (12),Southport FC (37),1-1,?,Wrexham AFC (34)
?,(Sat) 27 Mar 1937 (12),Tranmere Rovers FC (35),2-2,?,Stockport County FC (35)
?,(Sat) 27 Mar 1937 (12),Hartlepool United FC (35),1-3,?,Darlington FC (35)
?,(Sat) 27 Mar 1937 (12),Carlisle United FC (35),2-1,?,Gateshead FC (33)
?,(Sat) 27 Mar 1937 (12),Rochdale AFC (36),2-3,?,Lincoln City FC (34)
?,(Sat) 27 Mar 1937 (12),Crewe Alexandra FC (35),1-2,?,Oldham Athletic AFC (33)
?,(Sat) 27 Mar 1937 (12),Barrow AFC (35),2-1,?,New Brighton Tower FC (1898-1901) (35)
?,(Sat) 27 Mar 1937 (12),Mansfield Town FC (35),7-1,?,Port Vale FC (37)
?,(Mon) 29 Mar 1937 (13),Oldham Athletic AFC (34),3-1,?,Accrington Stanley FC (34)
?,(Mon) 29 Mar 1937 (13),Chester FC (37),5-1,?,Mansfield Town FC (36)
?,(Mon) 29 Mar 1937 (13),Barrow AFC (36),2-0,?,Tranmere Rovers FC (36)
?,(Mon) 29 Mar 1937 (13),Darlington FC (36),0-3,?,Crewe Alexandra FC (36)
?,(Mon) 29 Mar 1937 (13),FC Halifax Town (35),3-2,?,Rochdale AFC (37)
?,(Mon) 29 Mar 1937 (13),Rotherham United FC (37),3-0,?,New Brighton Tower FC (1898-1901) (36)
?,(Mon) 29 Mar 1937 (13),Lincoln City FC (35),1-0,?,Port Vale FC (38)
?,(Mon) 29 Mar 1937 (13),York City FC (35),4-0,?,Southport FC (38)
?,(Mon) 29 Mar 1937 (13),Wrexham AFC (35),6-0,?,Gateshead FC (34)
?,(Mon) 29 Mar 1937 (13),Hartlepool United FC (36),3-0,?,Carlisle United FC (36)
?,(Mon) 29 Mar 1937 (13),Hull City AFC (37),0-1,?,Stockport County FC (36)
?,(Tue) 30 Mar 1937 (13),Mansfield Town FC (37),3-0,?,Wrexham AFC (36)
?,(Sat) 3 Apr 1937 (13),New Brighton Tower FC (1898-1901) (37),4-1,?,York City FC (36)
?,(Sat) 3 Apr 1937 (13),Wrexham AFC (37),2-0,?,Tranmere Rovers FC (37)
?,(Sat) 3 Apr 1937 (13),Accrington Stanley FC (35),3-1,?,Rochdale AFC (38)
?,(Sat) 3 Apr 1937 (13),Port Vale FC (39),0-0,?,Crewe Alexandra FC (37)
?,(Sat) 3 Apr 1937 (13),Stockport County FC (37),0-0,?,FC Halifax Town (36)
?,(Sat) 3 Apr 1937 (13),Gateshead FC (35),2-2,?,Hartlepool United FC (37)
?,(Sat) 3 Apr 1937 (13),Rotherham United FC (38),4-1,?,Mansfield Town FC (38)
?,(Sat) 3 Apr 1937 (13),Darlington FC (37),4-2,?,Southport FC (39)
?,(Sat) 3 Apr 1937 (13),Hull City AFC (38),1-1,?,Carlisle United FC (37)
?,(Sat) 3 Apr 1937 (13),Oldham Athletic AFC (35),1-0,?,Chester FC (38)
?,(Sat) 3 Apr 1937 (13),Lincoln City FC (36),6-0,?,Barrow AFC (37)
?,(Wed) 7 Apr 1937 (14),Gateshead FC (36),0-5,?,Lincoln City FC (37)
?,(Sat) 10 Apr 1937 (14),Carlisle United FC (38),1-1,?,New Brighton Tower FC (1898-1901) (38)
?,(Sat) 10 Apr 1937 (14),Barrow AFC (38),1-0,?,Accrington Stanley FC (36)
?,(Sat) 10 Apr 1937 (14),Mansfield Town FC (39),0-2,?,Stockport County FC (38)
?,(Sat) 10 Apr 1937 (14),Southport FC (40),3-0,?,Gateshead FC (37)
?,(Sat) 10 Apr 1937 (14),Crewe Alexandra FC (38),0-2,?,Rotherham United FC (39)
?,(Sat) 10 Apr 1937 (14),FC Halifax Town (37),1-2,?,Wrexham AFC (38)
?,(Sat) 10 Apr 1937 (14),York City FC (37),0-0,?,Lincoln City FC (38)
?,(Sat) 10 Apr 1937 (14),Rochdale AFC (39),3-0,?,Oldham Athletic AFC (36)
?,(Sat) 10 Apr 1937 (14),Tranmere Rovers FC (38),1-1,?,Darlington FC (38)
?,(Sat) 10 Apr 1937 (14),Hartlepool United FC (38),2-2,?,Hull City AFC (39)
?,(Mon) 12 Apr 1937 (15),Tranmere Rovers FC (39),1-1,?,Wrexham AFC (39)
?,(Wed) 14 Apr 1937 (15),Chester FC (39),2-1,?,Oldham Athletic AFC (37)
?,(Wed) 14 Apr 1937 (15),York City FC (38),4-2,?,Accrington Stanley FC (37)
?,(Thu) 15 Apr 1937 (15),Carlisle United FC (39),3-1,?,Lincoln City FC (39)
?,(Sat) 17 Apr 1937 (15),New Brighton Tower FC (1898-1901) (39),4-0,?,Hartlepool United FC (39)
?,(Sat) 17 Apr 1937 (15),Gateshead FC (38),4-0,?,Tranmere Rovers FC (40)
?,(Sat) 17 Apr 1937 (15),Stockport County FC (39),1-0,?,Crewe Alexandra FC (39)
?,(Sat) 17 Apr 1937 (15),Darlington FC (39),3-3,?,FC Halifax Town (38)
?,(Sat) 17 Apr 1937 (15),Hull City AFC (40),3-2,?,Southport FC (41)
?,(Sat) 17 Apr 1937 (15),Port Vale FC (40),1-1,?,Rochdale AFC (40)
?,(Sat) 17 Apr 1937 (15),Lincoln City FC (40),3-0,?,Carlisle United FC (40)
?,(Sat) 17 Apr 1937 (15),Accrington Stanley FC (38),2-1,?,York City FC (39)
?,(Sat) 17 Apr 1937 (15),Rotherham United FC (40),2-1,?,Chester FC (40)
?,(Sat) 17 Apr 1937 (15),Wrexham AFC (40),2-3,?,Mansfield Town FC (40)
?,(Sat) 17 Apr 1937 (15),Oldham Athletic AFC (38),4-3,?,Barrow AFC (39)
?,(Mon) 19 Apr 1937 (16),FC Halifax Town (39),4-1,?,Darlington FC (40)
?,(Mon) 19 Apr 1937 (16),Crewe Alexandra FC (40),1-2,?,Stockport County FC (40)
?,(Mon) 19 Apr 1937 (16),Tranmere Rovers FC (41),1-2,?,Accrington Stanley FC (39)
?,(Mon) 19 Apr 1937 (16),Barrow AFC (40),1-2,?,Oldham Athletic AFC (39)
?,(Mon) 19 Apr 1937 (16),Wrexham AFC (41),2-1,?,Hull City AFC (41)
?,(Wed) 21 Apr 1937 (16),York City FC (40),2-1,?,New Brighton Tower FC (1898-1901) (40)
?,(Wed) 21 Apr 1937 (16),Chester FC (41),6-0,?,Gateshead FC (39)
?,(Sat) 24 Apr 1937 (16),Hartlepool United FC (40),3-1,?,Lincoln City FC (41)
?,(Sat) 24 Apr 1937 (16),Carlisle United FC (41),2-0,?,Accrington Stanley FC (40)
?,(Sat) 24 Apr 1937 (16),Chester FC (42),1-1,?,Stockport County FC (41)
?,(Sat) 24 Apr 1937 (16),Barrow AFC (41),3-1,?,Port Vale FC (41)
?,(Sat) 24 Apr 1937 (16),Crewe Alexandra FC (41),1-1,?,Wrexham AFC (42)
?,(Sat) 24 Apr 1937 (16),Mansfield Town FC (41),3-1,?,Darlington FC (41)
?,(Sat) 24 Apr 1937 (16),FC Halifax Town (40),2-1,?,Gateshead FC (40)
?,(Sat) 24 Apr 1937 (16),Southport FC (42),3-0,?,New Brighton Tower FC (1898-1901) (41)
?,(Sat) 24 Apr 1937 (16),Rochdale AFC (41),1-0,?,Rotherham United FC (41)
?,(Sat) 24 Apr 1937 (16),York City FC (41),3-1,?,Oldham Athletic AFC (40)
?,(Mon) 26 Apr 1937 (17),FC Halifax Town (41),0-1,?,Oldham Athletic AFC (41)
?,(Mon) 26 Apr 1937 (17),Tranmere Rovers FC (42),6-1,?,Gateshead FC (41)
?,(Tue) 27 Apr 1937 (17),Rochdale AFC (42),4-1,?,Accrington Stanley FC (41)
?,(Wed) 28 Apr 1937 (17),Hartlepool United FC (41),5-0,?,New Brighton Tower FC (1898-1901) (42)
?,(Sat) 1 May 1937 (17),York City FC (42),5-2,?,Carlisle United FC (42)
?,(Sat) 1 May 1937 (17),Barrow AFC (42),3-1,?,Hartlepool United FC (42)
?,(Sat) 1 May 1937 (17),Mansfield Town FC (42),3-2,?,Gateshead FC (42)
?,(Sat) 1 May 1937 (17),Stockport County FC (42),2-0,?,Lincoln City FC (42)
?,(Sat) 1 May 1937 (17),Rotherham United FC (42),2-2,?,Accrington Stanley FC (42)
?,(Sat) 1 May 1937 (17),FC Halifax Town (42),4-1,?,Crewe Alexandra FC (42)
?,(Sat) 1 May 1937 (17),Port Vale FC (42),1-0,?,Oldham Athletic AFC (42)
?,(Sat) 1 May 1937 (17),Hull City AFC (42),4-3,?,Darlington FC (42)
