Round,Date,Team 1,FT,HT,Team 2
?,(Sat) 29 Aug 1936 (34),Leeds United FC (1),2-3,?,Chelsea FC (1)
?,(Sat) 29 Aug 1936 (34),Brentford FC (1),2-2,?,Bolton Wanderers FC (1)
?,(Sat) 29 Aug 1936 (34),West Bromwich Albion FC (1),1-3,?,Derby County FC (1)
?,(Sat) 29 Aug 1936 (34),Grimsby Town FC (1),0-1,?,Charlton Athletic FC (1)
?,(Sat) 29 Aug 1936 (34),Preston North End FC (1),1-1,?,Huddersfield Town AFC (1)
?,(Sat) 29 Aug 1936 (34),Sheffield Wednesday FC (1),2-0,?,Sunderland AFC (1)
?,(Sat) 29 Aug 1936 (34),Arsenal FC (1),3-2,?,Everton FC (1)
?,(Sat) 29 Aug 1936 (34),Birmingham City FC (1),2-1,?,Portsmouth FC (1)
?,(Sat) 29 Aug 1936 (34),Manchester United FC (1),1-1,?,Wolverhampton Wanderers FC (1)
?,(Sat) 29 Aug 1936 (34),Middlesbrough FC (1),2-0,?,Manchester City FC (1)
?,(Sat) 29 Aug 1936 (34),Liverpool FC (1),2-1,?,Stoke City FC (1)
?,(Mon) 31 Aug 1936 (35),Wolverhampton Wanderers FC (2),0-1,?,Middlesbrough FC (2)
?,(Mon) 31 Aug 1936 (35),Stoke City FC (2),1-1,?,Charlton Athletic FC (2)
?,(Mon) 31 Aug 1936 (35),Preston North End FC (2),1-2,?,Bolton Wanderers FC (2)
?,(Wed) 2 Sep 1936 (35),Portsmouth FC (2),6-2,?,Liverpool FC (2)
?,(Wed) 2 Sep 1936 (35),Chelsea FC (2),3-2,?,Grimsby Town FC (2)
?,(Wed) 2 Sep 1936 (35),Sunderland AFC (2),3-2,?,Derby County FC (2)
?,(Wed) 2 Sep 1936 (35),West Bromwich Albion FC (2),3-2,?,Birmingham City FC (2)
?,(Wed) 2 Sep 1936 (35),Huddersfield Town AFC (2),3-1,?,Manchester United FC (2)
?,(Wed) 2 Sep 1936 (35),Manchester City FC (2),4-0,?,Leeds United FC (2)
?,(Wed) 2 Sep 1936 (35),Everton FC (2),3-1,?,Sheffield Wednesday FC (2)
?,(Thu) 3 Sep 1936 (35),Brentford FC (2),2-0,?,Arsenal FC (2)
?,(Sat) 5 Sep 1936 (35),Bolton Wanderers FC (3),1-2,?,Grimsby Town FC (3)
?,(Sat) 5 Sep 1936 (35),Wolverhampton Wanderers FC (3),4-3,?,Sheffield Wednesday FC (3)
?,(Sat) 5 Sep 1936 (35),Derby County FC (3),5-4,?,Manchester United FC (3)
?,(Sat) 5 Sep 1936 (35),Huddersfield Town AFC (3),0-0,?,Arsenal FC (3)
?,(Sat) 5 Sep 1936 (35),Chelsea FC (3),1-3,?,Birmingham City FC (3)
?,(Sat) 5 Sep 1936 (35),Charlton Athletic FC (3),1-1,?,Liverpool FC (3)
?,(Sat) 5 Sep 1936 (35),Portsmouth FC (3),2-1,?,Middlesbrough FC (3)
?,(Sat) 5 Sep 1936 (35),Stoke City FC (3),2-1,?,Leeds United FC (3)
?,(Sat) 5 Sep 1936 (35),Sunderland AFC (3),3-0,?,Preston North End FC (3)
?,(Sat) 5 Sep 1936 (35),Manchester City FC (3),6-2,?,West Bromwich Albion FC (3)
?,(Sat) 5 Sep 1936 (35),Everton FC (3),3-0,?,Brentford FC (3)
?,(Mon) 7 Sep 1936 (36),Bolton Wanderers FC (4),0-0,?,Preston North End FC (4)
?,(Mon) 7 Sep 1936 (36),Charlton Athletic FC (4),2-0,?,Stoke City FC (4)
?,(Tue) 8 Sep 1936 (36),Grimsby Town FC (4),3-0,?,Chelsea FC (4)
?,(Wed) 9 Sep 1936 (36),Middlesbrough FC (4),1-0,?,Wolverhampton Wanderers FC (4)
?,(Wed) 9 Sep 1936 (36),Arsenal FC (4),1-1,?,Brentford FC (4)
?,(Wed) 9 Sep 1936 (36),Liverpool FC (4),0-0,?,Portsmouth FC (4)
?,(Wed) 9 Sep 1936 (36),Manchester United FC (4),3-1,?,Huddersfield Town AFC (4)
?,(Wed) 9 Sep 1936 (36),Birmingham City FC (4),1-1,?,West Bromwich Albion FC (4)
?,(Wed) 9 Sep 1936 (36),Leeds United FC (4),1-1,?,Manchester City FC (4)
?,(Wed) 9 Sep 1936 (36),Derby County FC (4),3-0,?,Sunderland AFC (4)
?,(Thu) 10 Sep 1936 (36),Sheffield Wednesday FC (4),6-4,?,Everton FC (4)
?,(Sat) 12 Sep 1936 (36),Preston North End FC (5),1-3,?,Wolverhampton Wanderers FC (5)
?,(Sat) 12 Sep 1936 (36),Leeds United FC (5),2-0,?,Charlton Athletic FC (5)
?,(Sat) 12 Sep 1936 (36),Arsenal FC (5),4-1,?,Sunderland AFC (5)
?,(Sat) 12 Sep 1936 (36),West Bromwich Albion FC (5),3-1,?,Portsmouth FC (5)
?,(Sat) 12 Sep 1936 (36),Bolton Wanderers FC (5),1-2,?,Everton FC (5)
?,(Sat) 12 Sep 1936 (36),Manchester United FC (5),3-2,?,Manchester City FC (5)
?,(Sat) 12 Sep 1936 (36),Middlesbrough FC (5),2-0,?,Chelsea FC (5)
?,(Sat) 12 Sep 1936 (36),Liverpool FC (5),7-1,?,Grimsby Town FC (5)
?,(Sat) 12 Sep 1936 (36),Brentford FC (5),1-1,?,Huddersfield Town AFC (5)
?,(Sat) 12 Sep 1936 (36),Sheffield Wednesday FC (5),2-3,?,Derby County FC (5)
?,(Sat) 12 Sep 1936 (36),Birmingham City FC (5),2-4,?,Stoke City FC (5)
?,(Mon) 14 Sep 1936 (37),Stoke City FC (6),2-0,?,Grimsby Town FC (6)
?,(Wed) 16 Sep 1936 (37),Portsmouth FC (6),3-0,?,Leeds United FC (6)
?,(Wed) 16 Sep 1936 (37),Chelsea FC (6),2-0,?,Liverpool FC (6)
?,(Wed) 16 Sep 1936 (37),Manchester City FC (6),1-1,?,Birmingham City FC (6)
?,(Thu) 17 Sep 1936 (37),Brentford FC (6),4-2,?,Charlton Athletic FC (6)
?,(Thu) 17 Sep 1936 (37),Sheffield Wednesday FC (6),2-2,?,Huddersfield Town AFC (6)
?,(Sat) 19 Sep 1936 (37),Everton FC (6),2-0,?,Liverpool FC (7)
?,(Sat) 19 Sep 1936 (37),Stoke City FC (7),6-2,?,Middlesbrough FC (6)
?,(Sat) 19 Sep 1936 (37),Sunderland AFC (6),4-1,?,Brentford FC (7)
?,(Sat) 19 Sep 1936 (37),Derby County FC (6),1-2,?,Preston North End FC (6)
?,(Sat) 19 Sep 1936 (37),Huddersfield Town AFC (7),2-0,?,Bolton Wanderers FC (6)
?,(Sat) 19 Sep 1936 (37),Manchester United FC (6),1-1,?,Sheffield Wednesday FC (7)
?,(Sat) 19 Sep 1936 (37),Portsmouth FC (7),2-1,?,Manchester City FC (7)
?,(Sat) 19 Sep 1936 (37),Wolverhampton Wanderers FC (6),2-0,?,Arsenal FC (6)
?,(Sat) 19 Sep 1936 (37),Grimsby Town FC (7),4-1,?,Leeds United FC (7)
?,(Sat) 19 Sep 1936 (37),Chelsea FC (7),3-0,?,West Bromwich Albion FC (6)
?,(Sat) 19 Sep 1936 (37),Charlton Athletic FC (7),2-2,?,Birmingham City FC (7)
?,(Wed) 23 Sep 1936 (38),Derby County FC (7),5-1,?,Wolverhampton Wanderers FC (7)
?,(Sat) 26 Sep 1936 (38),Everton FC (7),2-1,?,Huddersfield Town AFC (8)
?,(Sat) 26 Sep 1936 (38),Leeds United FC (8),2-0,?,Liverpool FC (8)
?,(Sat) 26 Sep 1936 (38),Middlesbrough FC (7),1-1,?,Charlton Athletic FC (8)
?,(Sat) 26 Sep 1936 (38),Preston North End FC (7),3-1,?,Manchester United FC (7)
?,(Sat) 26 Sep 1936 (38),Arsenal FC (7),2-2,?,Derby County FC (8)
?,(Sat) 26 Sep 1936 (38),Manchester City FC (8),0-0,?,Chelsea FC (8)
?,(Sat) 26 Sep 1936 (38),Birmingham City FC (8),2-3,?,Grimsby Town FC (8)
?,(Sat) 26 Sep 1936 (38),Bolton Wanderers FC (7),1-1,?,Sunderland AFC (7)
?,(Sat) 26 Sep 1936 (38),West Bromwich Albion FC (7),2-2,?,Stoke City FC (8)
?,(Sat) 26 Sep 1936 (38),Sheffield Wednesday FC (8),0-0,?,Portsmouth FC (8)
?,(Sat) 26 Sep 1936 (38),Brentford FC (8),3-2,?,Wolverhampton Wanderers FC (8)
?,(Sat) 3 Oct 1936 (39),Chelsea FC (9),1-1,?,Portsmouth FC (9)
?,(Sat) 3 Oct 1936 (39),Stoke City FC (9),2-2,?,Manchester City FC (9)
?,(Sat) 3 Oct 1936 (39),Liverpool FC (9),2-0,?,Birmingham City FC (9)
?,(Sat) 3 Oct 1936 (39),Wolverhampton Wanderers FC (9),2-3,?,Bolton Wanderers FC (8)
?,(Sat) 3 Oct 1936 (39),Manchester United FC (8),2-0,?,Arsenal FC (8)
?,(Sat) 3 Oct 1936 (39),Grimsby Town FC (9),5-1,?,Middlesbrough FC (8)
?,(Sat) 3 Oct 1936 (39),Huddersfield Town AFC (9),3-0,?,Leeds United FC (9)
?,(Sat) 3 Oct 1936 (39),Charlton Athletic FC (9),4-2,?,West Bromwich Albion FC (8)
?,(Sat) 3 Oct 1936 (39),Sheffield Wednesday FC (9),0-1,?,Preston North End FC (8)
?,(Sat) 3 Oct 1936 (39),Sunderland AFC (8),3-1,?,Everton FC (8)
?,(Sat) 10 Oct 1936 (40),Middlesbrough FC (9),3-3,?,Liverpool FC (10)
?,(Sat) 10 Oct 1936 (40),Arsenal FC (9),1-1,?,Sheffield Wednesday FC (10)
?,(Sat) 10 Oct 1936 (40),Birmingham City FC (10),2-1,?,Leeds United FC (10)
?,(Sat) 10 Oct 1936 (40),West Bromwich Albion FC (9),4-2,?,Grimsby Town FC (10)
?,(Sat) 10 Oct 1936 (40),Manchester City FC (10),1-1,?,Charlton Athletic FC (10)
?,(Sat) 10 Oct 1936 (40),Bolton Wanderers FC (9),1-3,?,Derby County FC (9)
?,(Sat) 10 Oct 1936 (40),Portsmouth FC (10),1-0,?,Stoke City FC (10)
?,(Sat) 10 Oct 1936 (40),Preston North End FC (9),1-0,?,Chelsea FC (10)
?,(Sat) 10 Oct 1936 (40),Brentford FC (9),4-0,?,Manchester United FC (9)
?,(Sat) 10 Oct 1936 (40),Huddersfield Town AFC (10),2-1,?,Sunderland AFC (9)
?,(Sat) 10 Oct 1936 (40),Everton FC (9),1-0,?,Wolverhampton Wanderers FC (10)
?,(Sat) 17 Oct 1936 (41),Birmingham City FC (11),4-2,?,Huddersfield Town AFC (11)
?,(Sat) 17 Oct 1936 (41),Middlesbrough FC (10),5-5,?,Sunderland AFC (10)
?,(Sat) 17 Oct 1936 (41),Manchester City FC (11),3-2,?,Derby County FC (10)
?,(Sat) 17 Oct 1936 (41),Portsmouth FC (11),2-1,?,Manchester United FC (10)
?,(Sat) 17 Oct 1936 (41),Charlton Athletic FC (11),0-2,?,Arsenal FC (10)
?,(Sat) 17 Oct 1936 (41),Liverpool FC (11),0-0,?,Bolton Wanderers FC (10)
?,(Sat) 17 Oct 1936 (41),Stoke City FC (11),0-2,?,Preston North End FC (10)
?,(Sat) 17 Oct 1936 (41),West Bromwich Albion FC (10),2-1,?,Wolverhampton Wanderers FC (11)
?,(Sat) 17 Oct 1936 (41),Chelsea FC (11),1-1,?,Sheffield Wednesday FC (11)
?,(Sat) 17 Oct 1936 (41),Leeds United FC (11),3-0,?,Everton FC (10)
?,(Sat) 17 Oct 1936 (41),Grimsby Town FC (11),2-0,?,Brentford FC (10)
?,(Fri) 23 Oct 1936 (42),Derby County FC (11),2-3,?,Brentford FC (11)
?,(Sat) 24 Oct 1936 (42),Everton FC (11),3-3,?,Birmingham City FC (12)
?,(Sat) 24 Oct 1936 (42),Sunderland AFC (11),1-0,?,West Bromwich Albion FC (11)
?,(Sat) 24 Oct 1936 (42),Bolton Wanderers FC (11),2-1,?,Leeds United FC (12)
?,(Sat) 24 Oct 1936 (42),Derby County FC (12),1-3,?,Portsmouth FC (12)
?,(Sat) 24 Oct 1936 (42),Brentford FC (12),5-2,?,Liverpool FC (12)
?,(Sat) 24 Oct 1936 (42),Sheffield Wednesday FC (12),0-0,?,Stoke City FC (12)
?,(Sat) 24 Oct 1936 (42),Manchester United FC (11),0-0,?,Chelsea FC (12)
?,(Sat) 24 Oct 1936 (42),Wolverhampton Wanderers FC (12),2-1,?,Manchester City FC (12)
?,(Sat) 24 Oct 1936 (42),Huddersfield Town AFC (12),2-0,?,Middlesbrough FC (11)
?,(Sat) 24 Oct 1936 (42),Arsenal FC (11),0-0,?,Grimsby Town FC (12)
?,(Sat) 24 Oct 1936 (42),Preston North End FC (11),0-0,?,Charlton Athletic FC (12)
?,(Sat) 31 Oct 1936 (43),Charlton Athletic FC (13),1-0,?,Sheffield Wednesday FC (13)
?,(Sat) 31 Oct 1936 (43),Birmingham City FC (13),1-1,?,Bolton Wanderers FC (12)
?,(Sat) 31 Oct 1936 (43),Stoke City FC (13),3-0,?,Manchester United FC (12)
?,(Sat) 31 Oct 1936 (43),West Bromwich Albion FC (12),2-1,?,Huddersfield Town AFC (13)
?,(Sat) 31 Oct 1936 (43),Chelsea FC (13),1-1,?,Derby County FC (13)
?,(Sat) 31 Oct 1936 (43),Middlesbrough FC (12),2-0,?,Everton FC (12)
?,(Sat) 31 Oct 1936 (43),Liverpool FC (13),2-1,?,Arsenal FC (12)
?,(Sat) 31 Oct 1936 (43),Leeds United FC (13),3-1,?,Brentford FC (13)
?,(Sat) 31 Oct 1936 (43),Grimsby Town FC (13),6-4,?,Preston North End FC (12)
?,(Sat) 31 Oct 1936 (43),Portsmouth FC (13),1-1,?,Wolverhampton Wanderers FC (13)
?,(Sat) 31 Oct 1936 (43),Manchester City FC (13),2-4,?,Sunderland AFC (12)
?,(Tue) 3 Nov 1936 (44),West Bromwich Albion FC (13),0-2,?,Bolton Wanderers FC (13)
?,(Sat) 7 Nov 1936 (44),Huddersfield Town AFC (14),1-1,?,Manchester City FC (14)
?,(Sat) 7 Nov 1936 (44),Sunderland AFC (13),3-2,?,Portsmouth FC (14)
?,(Sat) 7 Nov 1936 (44),Manchester United FC (13),0-0,?,Charlton Athletic FC (14)
?,(Sat) 7 Nov 1936 (44),Derby County FC (14),2-2,?,Stoke City FC (14)
?,(Sat) 7 Nov 1936 (44),Arsenal FC (13),4-1,?,Leeds United FC (14)
?,(Sat) 7 Nov 1936 (44),Everton FC (13),4-2,?,West Bromwich Albion FC (14)
?,(Sat) 7 Nov 1936 (44),Brentford FC (14),2-1,?,Birmingham City FC (14)
?,(Sat) 7 Nov 1936 (44),Sheffield Wednesday FC (14),2-1,?,Grimsby Town FC (14)
?,(Sat) 7 Nov 1936 (44),Preston North End FC (13),3-1,?,Liverpool FC (14)
?,(Sat) 7 Nov 1936 (44),Wolverhampton Wanderers FC (14),1-2,?,Chelsea FC (14)
?,(Sat) 7 Nov 1936 (44),Bolton Wanderers FC (14),1-3,?,Middlesbrough FC (13)
?,(Sat) 14 Nov 1936 (45),Liverpool FC (15),2-2,?,Sheffield Wednesday FC (15)
?,(Sat) 14 Nov 1936 (45),Middlesbrough FC (14),3-0,?,Brentford FC (15)
?,(Sat) 14 Nov 1936 (45),Charlton Athletic FC (15),2-0,?,Derby County FC (15)
?,(Sat) 14 Nov 1936 (45),Stoke City FC (15),2-1,?,Wolverhampton Wanderers FC (15)
?,(Sat) 14 Nov 1936 (45),Leeds United FC (15),1-0,?,Preston North End FC (14)
?,(Sat) 14 Nov 1936 (45),Portsmouth FC (15),1-0,?,Huddersfield Town AFC (15)
?,(Sat) 14 Nov 1936 (45),Manchester City FC (15),4-1,?,Everton FC (14)
?,(Sat) 14 Nov 1936 (45),Chelsea FC (15),1-3,?,Sunderland AFC (14)
?,(Sat) 14 Nov 1936 (45),Birmingham City FC (15),1-3,?,Arsenal FC (14)
?,(Sat) 14 Nov 1936 (45),Grimsby Town FC (15),6-2,?,Manchester United FC (14)
?,(Sat) 21 Nov 1936 (46),Everton FC (15),4-0,?,Portsmouth FC (16)
?,(Sat) 21 Nov 1936 (46),Huddersfield Town AFC (16),4-2,?,Chelsea FC (16)
?,(Sat) 21 Nov 1936 (46),Brentford FC (16),2-1,?,West Bromwich Albion FC (15)
?,(Sat) 21 Nov 1936 (46),Arsenal FC (15),5-3,?,Middlesbrough FC (15)
?,(Sat) 21 Nov 1936 (46),Manchester United FC (15),2-5,?,Liverpool FC (16)
?,(Sat) 21 Nov 1936 (46),Sheffield Wednesday FC (16),1-2,?,Leeds United FC (16)
?,(Sat) 21 Nov 1936 (46),Sunderland AFC (15),3-0,?,Stoke City FC (16)
?,(Sat) 21 Nov 1936 (46),Wolverhampton Wanderers FC (16),6-1,?,Charlton Athletic FC (16)
?,(Sat) 21 Nov 1936 (46),Preston North End FC (15),2-2,?,Birmingham City FC (16)
?,(Sat) 21 Nov 1936 (46),Derby County FC (16),3-1,?,Grimsby Town FC (16)
?,(Sat) 21 Nov 1936 (46),Bolton Wanderers FC (15),0-2,?,Manchester City FC (16)
?,(Sat) 28 Nov 1936 (47),Chelsea FC (17),4-0,?,Everton FC (16)
?,(Sat) 28 Nov 1936 (47),Leeds United FC (17),2-1,?,Manchester United FC (16)
?,(Sat) 28 Nov 1936 (47),Middlesbrough FC (16),2-1,?,Preston North End FC (16)
?,(Sat) 28 Nov 1936 (47),Portsmouth FC (17),1-1,?,Bolton Wanderers FC (16)
?,(Sat) 28 Nov 1936 (47),Stoke City FC (17),1-1,?,Huddersfield Town AFC (17)
?,(Sat) 28 Nov 1936 (47),Grimsby Town FC (17),1-1,?,Wolverhampton Wanderers FC (17)
?,(Sat) 28 Nov 1936 (47),West Bromwich Albion FC (16),2-4,?,Arsenal FC (16)
?,(Sat) 28 Nov 1936 (47),Birmingham City FC (17),1-1,?,Sheffield Wednesday FC (17)
?,(Sat) 28 Nov 1936 (47),Charlton Athletic FC (17),3-1,?,Sunderland AFC (16)
?,(Sat) 28 Nov 1936 (47),Liverpool FC (17),3-3,?,Derby County FC (17)
?,(Sat) 5 Dec 1936 (48),Huddersfield Town AFC (18),1-2,?,Charlton Athletic FC (18)
?,(Sat) 5 Dec 1936 (48),Brentford FC (17),4-0,?,Portsmouth FC (18)
?,(Sat) 5 Dec 1936 (48),Preston North End FC (17),3-2,?,West Bromwich Albion FC (17)
?,(Sat) 5 Dec 1936 (48),Sunderland AFC (17),5-1,?,Grimsby Town FC (18)
?,(Sat) 5 Dec 1936 (48),Everton FC (17),1-1,?,Stoke City FC (18)
?,(Sat) 5 Dec 1936 (48),Sheffield Wednesday FC (18),1-0,?,Middlesbrough FC (17)
?,(Sat) 5 Dec 1936 (48),Derby County FC (18),5-3,?,Leeds United FC (18)
?,(Sat) 5 Dec 1936 (48),Bolton Wanderers FC (17),2-1,?,Chelsea FC (18)
?,(Sat) 5 Dec 1936 (48),Wolverhampton Wanderers FC (18),2-0,?,Liverpool FC (18)
?,(Sat) 5 Dec 1936 (48),Manchester United FC (17),1-2,?,Birmingham City FC (18)
?,(Sat) 5 Dec 1936 (48),Arsenal FC (17),1-3,?,Manchester City FC (17)
?,(Sat) 12 Dec 1936 (49),Grimsby Town FC (19),2-2,?,Huddersfield Town AFC (19)
?,(Sat) 12 Dec 1936 (49),Liverpool FC (19),4-0,?,Sunderland AFC (18)
?,(Sat) 12 Dec 1936 (49),Chelsea FC (19),2-1,?,Brentford FC (18)
?,(Sat) 12 Dec 1936 (49),Middlesbrough FC (18),3-2,?,Manchester United FC (18)
?,(Sat) 12 Dec 1936 (49),Manchester City FC (18),4-1,?,Preston North End FC (18)
?,(Sat) 12 Dec 1936 (49),Birmingham City FC (19),0-1,?,Derby County FC (19)
?,(Sat) 12 Dec 1936 (49),Stoke City FC (19),2-2,?,Bolton Wanderers FC (18)
?,(Sat) 12 Dec 1936 (49),Portsmouth FC (19),1-5,?,Arsenal FC (18)
?,(Sat) 12 Dec 1936 (49),Charlton Athletic FC (19),2-0,?,Everton FC (18)
?,(Sat) 19 Dec 1936 (50),Arsenal FC (19),4-1,?,Chelsea FC (20)
?,(Sat) 19 Dec 1936 (50),Huddersfield Town AFC (20),4-0,?,Liverpool FC (20)
?,(Sat) 19 Dec 1936 (50),Preston North End FC (19),1-1,?,Portsmouth FC (20)
?,(Sat) 19 Dec 1936 (50),Wolverhampton Wanderers FC (19),2-1,?,Birmingham City FC (20)
?,(Sat) 19 Dec 1936 (50),Manchester United FC (19),2-2,?,West Bromwich Albion FC (18)
?,(Sat) 19 Dec 1936 (50),Derby County FC (20),0-2,?,Middlesbrough FC (19)
?,(Sat) 19 Dec 1936 (50),Brentford FC (19),2-1,?,Stoke City FC (20)
?,(Sat) 19 Dec 1936 (50),Sheffield Wednesday FC (19),5-1,?,Manchester City FC (19)
?,(Sat) 19 Dec 1936 (50),Bolton Wanderers FC (19),2-1,?,Charlton Athletic FC (20)
?,(Sat) 19 Dec 1936 (50),Sunderland AFC (19),2-1,?,Leeds United FC (19)
?,(Sat) 19 Dec 1936 (50),Everton FC (19),3-0,?,Grimsby Town FC (20)
?,(Fri) 25 Dec 1936 (51),Grimsby Town FC (21),5-3,?,Manchester City FC (20)
?,(Fri) 25 Dec 1936 (51),Charlton Athletic FC (21),0-0,?,Portsmouth FC (21)
?,(Fri) 25 Dec 1936 (51),Birmingham City FC (21),2-0,?,Sunderland AFC (20)
?,(Fri) 25 Dec 1936 (51),Manchester United FC (20),1-0,?,Bolton Wanderers FC (20)
?,(Fri) 25 Dec 1936 (51),Wolverhampton Wanderers FC (20),3-1,?,Huddersfield Town AFC (21)
?,(Fri) 25 Dec 1936 (51),Stoke City FC (21),2-0,?,Chelsea FC (21)
?,(Fri) 25 Dec 1936 (51),Everton FC (20),7-0,?,Derby County FC (21)
?,(Fri) 25 Dec 1936 (51),Arsenal FC (20),4-1,?,Preston North End FC (20)
?,(Fri) 25 Dec 1936 (51),Brentford FC (20),2-1,?,Sheffield Wednesday FC (20)
?,(Fri) 25 Dec 1936 (51),West Bromwich Albion FC (19),3-1,?,Liverpool FC (21)
?,(Fri) 25 Dec 1936 (51),Leeds United FC (20),5-0,?,Middlesbrough FC (20)
?,(Sat) 26 Dec 1936 (51),Manchester City FC (21),2-1,?,Middlesbrough FC (21)
?,(Sat) 26 Dec 1936 (51),Charlton Athletic FC (22),1-0,?,Grimsby Town FC (22)
?,(Sat) 26 Dec 1936 (51),Everton FC (21),1-1,?,Arsenal FC (21)
?,(Sat) 26 Dec 1936 (51),Portsmouth FC (22),2-1,?,Birmingham City FC (22)
?,(Sat) 26 Dec 1936 (51),Bolton Wanderers FC (21),2-2,?,Brentford FC (21)
?,(Sat) 26 Dec 1936 (51),Wolverhampton Wanderers FC (21),3-1,?,Manchester United FC (21)
?,(Sat) 26 Dec 1936 (51),Stoke City FC (22),1-1,?,Liverpool FC (22)
?,(Sat) 26 Dec 1936 (51),Derby County FC (22),1-0,?,West Bromwich Albion FC (20)
?,(Sat) 26 Dec 1936 (51),Huddersfield Town AFC (22),4-2,?,Preston North End FC (21)
?,(Sat) 26 Dec 1936 (51),Sunderland AFC (21),2-1,?,Sheffield Wednesday FC (21)
?,(Sat) 26 Dec 1936 (51),Chelsea FC (22),2-1,?,Leeds United FC (21)
?,(Mon) 28 Dec 1936 (52),Sunderland AFC (22),4-0,?,Birmingham City FC (23)
?,(Mon) 28 Dec 1936 (52),Huddersfield Town AFC (23),4-0,?,Wolverhampton Wanderers FC (22)
?,(Mon) 28 Dec 1936 (52),Portsmouth FC (23),0-1,?,Charlton Athletic FC (23)
?,(Mon) 28 Dec 1936 (52),Liverpool FC (23),1-2,?,West Bromwich Albion FC (21)
?,(Mon) 28 Dec 1936 (52),Sheffield Wednesday FC (22),0-2,?,Brentford FC (22)
?,(Mon) 28 Dec 1936 (52),Chelsea FC (23),1-0,?,Stoke City FC (23)
?,(Mon) 28 Dec 1936 (52),Preston North End FC (22),1-3,?,Arsenal FC (22)
?,(Mon) 28 Dec 1936 (52),Bolton Wanderers FC (22),0-4,?,Manchester United FC (22)
?,(Mon) 28 Dec 1936 (52),Middlesbrough FC (22),4-2,?,Leeds United FC (22)
?,(Mon) 28 Dec 1936 (52),Manchester City FC (22),1-1,?,Grimsby Town FC (23)
?,(Mon) 28 Dec 1936 (52),Derby County FC (23),3-1,?,Everton FC (22)
?,(Fri) 1 Jan 1937 (0),Middlesbrough FC (23),4-1,?,West Bromwich Albion FC (22)
?,(Fri) 1 Jan 1937 (0),Manchester United FC (23),2-1,?,Sunderland AFC (23)
?,(Fri) 1 Jan 1937 (0),Bolton Wanderers FC (23),0-5,?,Arsenal FC (23)
?,(Fri) 1 Jan 1937 (0),Everton FC (23),2-2,?,Preston North End FC (23)
?,(Sat) 2 Jan 1937 (0),Manchester United FC (24),2-2,?,Derby County FC (24)
?,(Sat) 2 Jan 1937 (0),Liverpool FC (24),1-2,?,Charlton Athletic FC (24)
?,(Sat) 2 Jan 1937 (0),Grimsby Town FC (24),3-1,?,Bolton Wanderers FC (24)
?,(Sat) 2 Jan 1937 (0),Middlesbrough FC (24),2-2,?,Portsmouth FC (24)
?,(Sat) 2 Jan 1937 (0),Sheffield Wednesday FC (23),1-3,?,Wolverhampton Wanderers FC (23)
?,(Sat) 2 Jan 1937 (0),Birmingham City FC (24),0-0,?,Chelsea FC (24)
?,(Sat) 2 Jan 1937 (0),Arsenal FC (24),1-1,?,Huddersfield Town AFC (24)
?,(Sat) 2 Jan 1937 (0),Preston North End FC (24),2-0,?,Sunderland AFC (24)
?,(Sat) 2 Jan 1937 (0),West Bromwich Albion FC (23),2-2,?,Manchester City FC (23)
?,(Sat) 2 Jan 1937 (0),Leeds United FC (23),2-1,?,Stoke City FC (24)
?,(Sat) 2 Jan 1937 (0),Brentford FC (23),2-2,?,Everton FC (24)
?,(Sat) 9 Jan 1937 (1),Derby County FC (25),3-2,?,Sheffield Wednesday FC (24)
?,(Sat) 9 Jan 1937 (1),Wolverhampton Wanderers FC (24),5-0,?,Preston North End FC (25)
?,(Sat) 9 Jan 1937 (1),Huddersfield Town AFC (25),1-1,?,Brentford FC (24)
?,(Sat) 9 Jan 1937 (1),Manchester City FC (24),1-0,?,Manchester United FC (25)
?,(Sat) 9 Jan 1937 (1),Portsmouth FC (25),5-3,?,West Bromwich Albion FC (24)
?,(Sat) 9 Jan 1937 (1),Sunderland AFC (25),1-1,?,Arsenal FC (25)
?,(Sat) 9 Jan 1937 (1),Chelsea FC (25),1-0,?,Middlesbrough FC (25)
?,(Sat) 9 Jan 1937 (1),Stoke City FC (25),2-0,?,Birmingham City FC (25)
?,(Sat) 9 Jan 1937 (1),Grimsby Town FC (25),2-1,?,Liverpool FC (25)
?,(Sat) 9 Jan 1937 (1),Everton FC (25),3-2,?,Bolton Wanderers FC (25)
?,(Sat) 9 Jan 1937 (1),Charlton Athletic FC (25),1-0,?,Leeds United FC (24)
?,(Sat) 23 Jan 1937 (3),West Bromwich Albion FC (25),2-0,?,Chelsea FC (26)
?,(Sat) 23 Jan 1937 (3),Preston North End FC (26),5-2,?,Derby County FC (26)
?,(Sat) 23 Jan 1937 (3),Brentford FC (25),3-3,?,Sunderland AFC (26)
?,(Sat) 23 Jan 1937 (3),Middlesbrough FC (26),1-0,?,Stoke City FC (26)
?,(Sat) 23 Jan 1937 (3),Sheffield Wednesday FC (25),1-0,?,Manchester United FC (26)
?,(Sat) 23 Jan 1937 (3),Arsenal FC (26),3-0,?,Wolverhampton Wanderers FC (25)
?,(Sat) 23 Jan 1937 (3),Liverpool FC (26),3-2,?,Everton FC (26)
?,(Sat) 23 Jan 1937 (3),Birmingham City FC (26),1-2,?,Charlton Athletic FC (26)
?,(Sat) 23 Jan 1937 (3),Leeds United FC (25),2-0,?,Grimsby Town FC (26)
?,(Sat) 23 Jan 1937 (3),Manchester City FC (25),3-1,?,Portsmouth FC (26)
?,(Sat) 23 Jan 1937 (3),Bolton Wanderers FC (26),2-2,?,Huddersfield Town AFC (26)
?,(Sat) 30 Jan 1937 (4),Liverpool FC (27),3-0,?,Leeds United FC (26)
?,(Sat) 30 Jan 1937 (4),Charlton Athletic FC (27),2-2,?,Middlesbrough FC (27)
?,(Tue) 2 Feb 1937 (5),Grimsby Town FC (27),1-1,?,Birmingham City FC (27)
?,(Wed) 3 Feb 1937 (5),Portsmouth FC (27),1-0,?,Sheffield Wednesday FC (26)
?,(Wed) 3 Feb 1937 (5),Huddersfield Town AFC (27),0-3,?,Everton FC (27)
?,(Wed) 3 Feb 1937 (5),Manchester United FC (27),1-1,?,Preston North End FC (27)
?,(Wed) 3 Feb 1937 (5),Derby County FC (27),5-4,?,Arsenal FC (27)
?,(Wed) 3 Feb 1937 (5),Chelsea FC (27),4-4,?,Manchester City FC (26)
?,(Thu) 4 Feb 1937 (5),Stoke City FC (27),10-3,?,West Bromwich Albion FC (26)
?,(Sat) 6 Feb 1937 (5),Arsenal FC (28),1-1,?,Manchester United FC (28)
?,(Sat) 6 Feb 1937 (5),West Bromwich Albion FC (27),1-2,?,Charlton Athletic FC (28)
?,(Sat) 6 Feb 1937 (5),Preston North End FC (28),1-1,?,Sheffield Wednesday FC (27)
?,(Sat) 6 Feb 1937 (5),Portsmouth FC (28),4-1,?,Chelsea FC (28)
?,(Sat) 6 Feb 1937 (5),Manchester City FC (27),2-1,?,Stoke City FC (28)
?,(Sat) 6 Feb 1937 (5),Bolton Wanderers FC (27),1-2,?,Wolverhampton Wanderers FC (26)
?,(Sat) 6 Feb 1937 (5),Brentford FC (26),6-2,?,Derby County FC (28)
?,(Sat) 6 Feb 1937 (5),Middlesbrough FC (28),0-0,?,Grimsby Town FC (28)
?,(Sat) 6 Feb 1937 (5),Leeds United FC (27),2-1,?,Huddersfield Town AFC (28)
?,(Sat) 6 Feb 1937 (5),Everton FC (28),3-0,?,Sunderland AFC (27)
?,(Sat) 6 Feb 1937 (5),Birmingham City FC (28),5-0,?,Liverpool FC (28)
?,(Wed) 10 Feb 1937 (6),Wolverhampton Wanderers FC (27),4-0,?,Brentford FC (27)
?,(Wed) 10 Feb 1937 (6),Sunderland AFC (28),3-0,?,Bolton Wanderers FC (28)
?,(Sat) 13 Feb 1937 (6),Stoke City FC (29),2-4,?,Portsmouth FC (29)
?,(Sat) 13 Feb 1937 (6),Grimsby Town FC (29),2-3,?,West Bromwich Albion FC (28)
?,(Sat) 13 Feb 1937 (6),Sheffield Wednesday FC (28),0-0,?,Arsenal FC (29)
?,(Sat) 13 Feb 1937 (6),Wolverhampton Wanderers FC (28),7-2,?,Everton FC (29)
?,(Sat) 13 Feb 1937 (6),Derby County FC (29),3-0,?,Bolton Wanderers FC (29)
?,(Sat) 13 Feb 1937 (6),Manchester United FC (29),1-3,?,Brentford FC (28)
?,(Sat) 13 Feb 1937 (6),Chelsea FC (29),0-0,?,Preston North End FC (29)
?,(Sat) 13 Feb 1937 (6),Charlton Athletic FC (29),1-1,?,Manchester City FC (28)
?,(Sat) 13 Feb 1937 (6),Liverpool FC (29),0-2,?,Middlesbrough FC (29)
?,(Sat) 13 Feb 1937 (6),Leeds United FC (28),0-2,?,Birmingham City FC (29)
?,(Sat) 13 Feb 1937 (6),Sunderland AFC (29),3-2,?,Huddersfield Town AFC (29)
?,(Sat) 20 Feb 1937 (7),Huddersfield Town AFC (30),1-1,?,Birmingham City FC (30)
?,(Sat) 20 Feb 1937 (7),Manchester United FC (30),0-1,?,Portsmouth FC (30)
?,(Sat) 20 Feb 1937 (7),Sheffield Wednesday FC (29),1-1,?,Chelsea FC (30)
?,(Wed) 24 Feb 1937 (8),Arsenal FC (30),1-1,?,Charlton Athletic FC (30)
?,(Wed) 24 Feb 1937 (8),Preston North End FC (30),0-1,?,Stoke City FC (30)
?,(Wed) 24 Feb 1937 (8),Bolton Wanderers FC (30),0-1,?,Liverpool FC (30)
?,(Wed) 24 Feb 1937 (8),Sunderland AFC (30),4-1,?,Middlesbrough FC (30)
?,(Wed) 24 Feb 1937 (8),Derby County FC (30),0-5,?,Manchester City FC (29)
?,(Sat) 27 Feb 1937 (8),Grimsby Town FC (30),1-3,?,Arsenal FC (31)
?,(Sat) 27 Feb 1937 (8),Leeds United FC (29),2-2,?,Bolton Wanderers FC (31)
?,(Sat) 27 Feb 1937 (8),Charlton Athletic FC (31),3-1,?,Preston North End FC (31)
?,(Sat) 27 Feb 1937 (8),Liverpool FC (31),2-2,?,Brentford FC (29)
?,(Sat) 27 Feb 1937 (8),Birmingham City FC (31),2-0,?,Everton FC (30)
?,(Sat) 27 Feb 1937 (8),Manchester City FC (30),4-1,?,Wolverhampton Wanderers FC (29)
?,(Sat) 27 Feb 1937 (8),Chelsea FC (31),4-2,?,Manchester United FC (31)
?,(Sat) 27 Feb 1937 (8),Middlesbrough FC (31),5-0,?,Huddersfield Town AFC (31)
?,(Sat) 27 Feb 1937 (8),West Bromwich Albion FC (29),6-4,?,Sunderland AFC (31)
?,(Sat) 27 Feb 1937 (8),Portsmouth FC (31),1-2,?,Derby County FC (31)
?,(Wed) 3 Mar 1937 (9),Brentford FC (30),2-3,?,Grimsby Town FC (31)
?,(Wed) 3 Mar 1937 (9),Everton FC (31),7-1,?,Leeds United FC (30)
?,(Sat) 6 Mar 1937 (9),Brentford FC (31),4-1,?,Leeds United FC (31)
?,(Sat) 6 Mar 1937 (9),Derby County FC (32),1-1,?,Chelsea FC (32)
?,(Sat) 6 Mar 1937 (9),Everton FC (32),2-3,?,Middlesbrough FC (32)
?,(Sat) 6 Mar 1937 (9),Bolton Wanderers FC (32),0-0,?,Birmingham City FC (32)
?,(Sat) 6 Mar 1937 (9),Manchester United FC (32),2-1,?,Stoke City FC (31)
?,(Sat) 6 Mar 1937 (9),Sheffield Wednesday FC (30),3-1,?,Charlton Athletic FC (32)
?,(Wed) 10 Mar 1937 (10),Arsenal FC (32),1-0,?,Liverpool FC (32)
?,(Wed) 10 Mar 1937 (10),Preston North End FC (32),3-2,?,Grimsby Town FC (32)
?,(Wed) 10 Mar 1937 (10),Huddersfield Town AFC (32),1-1,?,West Bromwich Albion FC (30)
?,(Sat) 13 Mar 1937 (10),Chelsea FC (33),0-1,?,Wolverhampton Wanderers FC (30)
?,(Sat) 13 Mar 1937 (10),West Bromwich Albion FC (31),2-1,?,Everton FC (33)
?,(Sat) 13 Mar 1937 (10),Grimsby Town FC (33),5-1,?,Sheffield Wednesday FC (31)
?,(Sat) 13 Mar 1937 (10),Portsmouth FC (32),3-2,?,Sunderland AFC (32)
?,(Sat) 13 Mar 1937 (10),Birmingham City FC (33),4-0,?,Brentford FC (32)
?,(Sat) 13 Mar 1937 (10),Leeds United FC (32),3-4,?,Arsenal FC (33)
?,(Sat) 13 Mar 1937 (10),Middlesbrough FC (33),2-0,?,Bolton Wanderers FC (33)
?,(Sat) 13 Mar 1937 (10),Stoke City FC (32),1-2,?,Derby County FC (33)
?,(Sat) 13 Mar 1937 (10),Charlton Athletic FC (33),3-0,?,Manchester United FC (33)
?,(Sat) 13 Mar 1937 (10),Manchester City FC (31),3-0,?,Huddersfield Town AFC (33)
?,(Sat) 13 Mar 1937 (10),Liverpool FC (33),1-1,?,Preston North End FC (33)
?,(Wed) 17 Mar 1937 (11),Wolverhampton Wanderers FC (31),1-1,?,Portsmouth FC (33)
?,(Sat) 20 Mar 1937 (11),Arsenal FC (34),1-1,?,Birmingham City FC (34)
?,(Sat) 20 Mar 1937 (11),Derby County FC (34),5-0,?,Charlton Athletic FC (34)
?,(Sat) 20 Mar 1937 (11),Brentford FC (33),4-1,?,Middlesbrough FC (34)
?,(Sat) 20 Mar 1937 (11),Sunderland AFC (33),2-3,?,Chelsea FC (34)
?,(Sat) 20 Mar 1937 (11),Preston North End FC (34),1-0,?,Leeds United FC (33)
?,(Sat) 20 Mar 1937 (11),Wolverhampton Wanderers FC (32),2-1,?,Stoke City FC (33)
?,(Sat) 20 Mar 1937 (11),Bolton Wanderers FC (34),4-1,?,West Bromwich Albion FC (32)
?,(Sat) 20 Mar 1937 (11),Sheffield Wednesday FC (32),1-2,?,Liverpool FC (34)
?,(Sat) 20 Mar 1937 (11),Manchester United FC (34),1-1,?,Grimsby Town FC (34)
?,(Sat) 20 Mar 1937 (11),Everton FC (34),1-1,?,Manchester City FC (32)
?,(Sat) 20 Mar 1937 (11),Huddersfield Town AFC (34),1-2,?,Portsmouth FC (34)
?,(Mon) 22 Mar 1937 (12),West Bromwich Albion FC (33),0-0,?,Preston North End FC (35)
?,(Fri) 26 Mar 1937 (12),Bolton Wanderers FC (35),1-0,?,Sheffield Wednesday FC (33)
?,(Fri) 26 Mar 1937 (12),Grimsby Town FC (35),1-0,?,Portsmouth FC (35)
?,(Fri) 26 Mar 1937 (12),Middlesbrough FC (35),3-1,?,Birmingham City FC (35)
?,(Fri) 26 Mar 1937 (12),Sunderland AFC (34),6-2,?,Wolverhampton Wanderers FC (33)
?,(Fri) 26 Mar 1937 (12),Chelsea FC (35),3-0,?,Charlton Athletic FC (35)
?,(Fri) 26 Mar 1937 (12),Brentford FC (34),1-1,?,Preston North End FC (36)
?,(Fri) 26 Mar 1937 (12),Liverpool FC (35),0-5,?,Manchester City FC (33)
?,(Fri) 26 Mar 1937 (12),Manchester United FC (35),2-1,?,Everton FC (35)
?,(Fri) 26 Mar 1937 (12),Arsenal FC (35),0-0,?,Stoke City FC (34)
?,(Sat) 27 Mar 1937 (12),Leeds United FC (34),1-1,?,Sheffield Wednesday FC (34)
?,(Sat) 27 Mar 1937 (12),Birmingham City FC (36),1-0,?,Preston North End FC (37)
?,(Sat) 27 Mar 1937 (12),Stoke City FC (35),5-3,?,Sunderland AFC (35)
?,(Sat) 27 Mar 1937 (12),Grimsby Town FC (36),3-4,?,Derby County FC (35)
?,(Sat) 27 Mar 1937 (12),Portsmouth FC (36),2-2,?,Everton FC (36)
?,(Sat) 27 Mar 1937 (12),Middlesbrough FC (36),1-1,?,Arsenal FC (36)
?,(Sat) 27 Mar 1937 (12),West Bromwich Albion FC (34),1-0,?,Brentford FC (35)
?,(Sat) 27 Mar 1937 (12),Charlton Athletic FC (36),4-0,?,Wolverhampton Wanderers FC (34)
?,(Sat) 27 Mar 1937 (12),Chelsea FC (36),0-0,?,Huddersfield Town AFC (35)
?,(Sat) 27 Mar 1937 (12),Liverpool FC (36),2-0,?,Manchester United FC (36)
?,(Sat) 27 Mar 1937 (12),Manchester City FC (34),2-2,?,Bolton Wanderers FC (36)
?,(Mon) 29 Mar 1937 (13),Derby County FC (36),3-3,?,Huddersfield Town AFC (36)
?,(Mon) 29 Mar 1937 (13),West Bromwich Albion FC (35),3-0,?,Leeds United FC (35)
?,(Mon) 29 Mar 1937 (13),Preston North End FC (38),1-1,?,Brentford FC (36)
?,(Mon) 29 Mar 1937 (13),Manchester City FC (35),5-1,?,Liverpool FC (37)
?,(Mon) 29 Mar 1937 (13),Wolverhampton Wanderers FC (35),1-1,?,Sunderland AFC (36)
?,(Mon) 29 Mar 1937 (13),Birmingham City FC (37),0-0,?,Middlesbrough FC (37)
?,(Mon) 29 Mar 1937 (13),Portsmouth FC (37),2-1,?,Grimsby Town FC (37)
?,(Mon) 29 Mar 1937 (13),Everton FC (37),2-3,?,Manchester United FC (37)
?,(Mon) 29 Mar 1937 (13),Sheffield Wednesday FC (35),2-0,?,Bolton Wanderers FC (37)
?,(Mon) 29 Mar 1937 (13),Stoke City FC (36),0-0,?,Arsenal FC (37)
?,(Mon) 29 Mar 1937 (13),Charlton Athletic FC (37),1-0,?,Chelsea FC (37)
?,(Tue) 30 Mar 1937 (13),Leeds United FC (36),3-1,?,West Bromwich Albion FC (36)
?,(Tue) 30 Mar 1937 (13),Huddersfield Town AFC (37),2-0,?,Derby County FC (37)
?,(Sat) 3 Apr 1937 (13),Huddersfield Town AFC (38),2-1,?,Stoke City FC (37)
?,(Sat) 3 Apr 1937 (13),Sunderland AFC (37),1-0,?,Charlton Athletic FC (38)
?,(Sat) 3 Apr 1937 (13),Brentford FC (37),2-6,?,Manchester City FC (36)
?,(Sat) 3 Apr 1937 (13),Derby County FC (38),4-1,?,Liverpool FC (38)
?,(Sat) 3 Apr 1937 (13),Arsenal FC (38),2-0,?,West Bromwich Albion FC (37)
?,(Sat) 3 Apr 1937 (13),Everton FC (38),0-0,?,Chelsea FC (38)
?,(Sat) 3 Apr 1937 (13),Bolton Wanderers FC (38),1-0,?,Portsmouth FC (38)
?,(Sat) 3 Apr 1937 (13),Manchester United FC (38),0-0,?,Leeds United FC (37)
?,(Sat) 3 Apr 1937 (13),Preston North End FC (39),2-0,?,Middlesbrough FC (38)
?,(Sat) 3 Apr 1937 (13),Wolverhampton Wanderers FC (36),5-2,?,Grimsby Town FC (38)
?,(Sat) 3 Apr 1937 (13),Sheffield Wednesday FC (36),0-3,?,Birmingham City FC (38)
?,(Mon) 5 Apr 1937 (14),Stoke City FC (38),1-0,?,Sheffield Wednesday FC (37)
?,(Wed) 7 Apr 1937 (14),Manchester City FC (37),2-1,?,Brentford FC (38)
?,(Sat) 10 Apr 1937 (14),Liverpool FC (39),1-0,?,Wolverhampton Wanderers FC (37)
?,(Sat) 10 Apr 1937 (14),Birmingham City FC (39),2-2,?,Manchester United FC (39)
?,(Sat) 10 Apr 1937 (14),Charlton Athletic FC (39),1-0,?,Huddersfield Town AFC (39)
?,(Sat) 10 Apr 1937 (14),Stoke City FC (39),2-1,?,Everton FC (39)
?,(Sat) 10 Apr 1937 (14),Middlesbrough FC (39),2-0,?,Sheffield Wednesday FC (38)
?,(Sat) 10 Apr 1937 (14),Leeds United FC (38),2-0,?,Derby County FC (39)
?,(Sat) 10 Apr 1937 (14),Portsmouth FC (39),1-3,?,Brentford FC (39)
?,(Sat) 10 Apr 1937 (14),Chelsea FC (39),0-1,?,Bolton Wanderers FC (39)
?,(Sat) 10 Apr 1937 (14),Manchester City FC (38),2-0,?,Arsenal FC (39)
?,(Mon) 12 Apr 1937 (15),Grimsby Town FC (39),6-0,?,Sunderland AFC (38)
?,(Wed) 14 Apr 1937 (15),Preston North End FC (40),1-0,?,Everton FC (40)
?,(Wed) 14 Apr 1937 (15),Wolverhampton Wanderers FC (38),5-2,?,West Bromwich Albion FC (38)
?,(Wed) 14 Apr 1937 (15),Sunderland AFC (39),1-3,?,Manchester City FC (39)
?,(Sat) 17 Apr 1937 (15),Manchester United FC (40),2-1,?,Middlesbrough FC (40)
?,(Sat) 17 Apr 1937 (15),Sunderland AFC (40),4-2,?,Liverpool FC (40)
?,(Sat) 17 Apr 1937 (15),Arsenal FC (40),4-0,?,Portsmouth FC (40)
?,(Sat) 17 Apr 1937 (15),Preston North End FC (41),2-5,?,Manchester City FC (40)
?,(Sat) 17 Apr 1937 (15),Everton FC (41),2-2,?,Charlton Athletic FC (40)
?,(Sat) 17 Apr 1937 (15),Sheffield Wednesday FC (39),2-3,?,West Bromwich Albion FC (39)
?,(Sat) 17 Apr 1937 (15),Wolverhampton Wanderers FC (39),3-0,?,Leeds United FC (39)
?,(Sat) 17 Apr 1937 (15),Bolton Wanderers FC (40),0-0,?,Stoke City FC (40)
?,(Sat) 17 Apr 1937 (15),Huddersfield Town AFC (40),0-3,?,Grimsby Town FC (40)
?,(Sat) 17 Apr 1937 (15),Brentford FC (40),1-0,?,Chelsea FC (40)
?,(Sat) 17 Apr 1937 (15),Derby County FC (40),3-1,?,Birmingham City FC (40)
?,(Wed) 21 Apr 1937 (16),Leeds United FC (40),0-1,?,Wolverhampton Wanderers FC (40)
?,(Wed) 21 Apr 1937 (16),Sunderland AFC (41),1-1,?,Manchester United FC (41)
?,(Wed) 21 Apr 1937 (16),West Bromwich Albion FC (40),2-3,?,Sheffield Wednesday FC (40)
?,(Sat) 24 Apr 1937 (16),Grimsby Town FC (41),1-0,?,Everton FC (42)
?,(Sat) 24 Apr 1937 (16),Leeds United FC (41),3-0,?,Sunderland AFC (42)
?,(Sat) 24 Apr 1937 (16),Chelsea FC (41),2-0,?,Arsenal FC (41)
?,(Sat) 24 Apr 1937 (16),Charlton Athletic FC (41),1-0,?,Bolton Wanderers FC (41)
?,(Sat) 24 Apr 1937 (16),Liverpool FC (41),1-1,?,Huddersfield Town AFC (41)
?,(Sat) 24 Apr 1937 (16),Portsmouth FC (41),0-1,?,Preston North End FC (42)
?,(Sat) 24 Apr 1937 (16),Birmingham City FC (41),1-0,?,Wolverhampton Wanderers FC (41)
?,(Sat) 24 Apr 1937 (16),Stoke City FC (41),5-1,?,Brentford FC (41)
?,(Sat) 24 Apr 1937 (16),West Bromwich Albion FC (41),1-0,?,Manchester United FC (42)
?,(Sat) 24 Apr 1937 (16),Middlesbrough FC (41),1-3,?,Derby County FC (41)
?,(Sat) 24 Apr 1937 (16),Manchester City FC (41),4-1,?,Sheffield Wednesday FC (41)
?,(Sat) 1 May 1937 (17),Grimsby Town FC (42),1-3,?,Stoke City FC (42)
?,(Sat) 1 May 1937 (17),Birmingham City FC (42),2-2,?,Manchester City FC (42)
?,(Sat) 1 May 1937 (17),West Bromwich Albion FC (42),3-1,?,Middlesbrough FC (42)
?,(Sat) 1 May 1937 (17),Wolverhampton Wanderers FC (42),3-1,?,Derby County FC (42)
?,(Sat) 1 May 1937 (17),Liverpool FC (42),1-1,?,Chelsea FC (42)
?,(Sat) 1 May 1937 (17),Arsenal FC (42),0-0,?,Bolton Wanderers FC (42)
?,(Sat) 1 May 1937 (17),Charlton Athletic FC (42),2-1,?,Brentford FC (42)
?,(Sat) 1 May 1937 (17),Leeds United FC (42),3-1,?,Portsmouth FC (42)
?,(Sat) 1 May 1937 (17),Huddersfield Town AFC (42),1-0,?,Sheffield Wednesday FC (42)
