Round,Date,Team 1,FT,HT,Team 2
?,(Sat) 29 Aug 1936 (34),Newport County AFC (1),1-3,?,Watford FC (1)
?,(Sat) 29 Aug 1936 (34),Swindon Town FC (1),2-0,?,Northampton Town FC (1)
?,(Sat) 29 Aug 1936 (34),Bristol City FC (1),3-2,?,Queens Park Rangers FC (1)
?,(Sat) 29 Aug 1936 (34),Gillingham FC (1),1-0,?,Brighton & Hove Albion FC (1)
?,(Sat) 29 Aug 1936 (34),Torquay United FC (1),2-2,?,Reading FC (1)
?,(Sat) 29 Aug 1936 (34),Aldershot Town FC (1),1-3,?,AFC Bournemouth (1)
?,(Sat) 29 Aug 1936 (34),Millwall FC (1),1-2,?,Bristol Rovers FC (1)
?,(Sat) 29 Aug 1936 (34),Leyton Orient FC (1),1-1,?,Crystal Palace FC (1)
?,(Sat) 29 Aug 1936 (34),Luton Town FC (1),1-0,?,Southend United FC (1)
?,(Sat) 29 Aug 1936 (34),Walsall FC (1),1-0,?,Cardiff City FC (1)
?,(Sat) 29 Aug 1936 (34),Notts County FC (1),3-1,?,Exeter City FC (1)
?,(Mon) 31 Aug 1936 (35),Cardiff City FC (2),2-1,?,Leyton Orient FC (2)
?,(Mon) 31 Aug 1936 (35),Millwall FC (2),2-0,?,Queens Park Rangers FC (2)
?,(Mon) 31 Aug 1936 (35),Northampton Town FC (2),5-3,?,Aldershot Town FC (2)
?,(Mon) 31 Aug 1936 (35),Walsall FC (2),0-1,?,Luton Town FC (2)
?,(Wed) 2 Sep 1936 (35),Southend United FC (2),1-1,?,Watford FC (2)
?,(Wed) 2 Sep 1936 (35),AFC Bournemouth (2),1-0,?,Gillingham FC (2)
?,(Wed) 2 Sep 1936 (35),Reading FC (2),2-1,?,Bristol City FC (2)
?,(Wed) 2 Sep 1936 (35),Brighton & Hove Albion FC (2),2-0,?,Newport County AFC (2)
?,(Wed) 2 Sep 1936 (35),Crystal Palace FC (2),1-2,?,Notts County FC (2)
?,(Wed) 2 Sep 1936 (35),Bristol Rovers FC (2),2-1,?,Swindon Town FC (2)
?,(Wed) 2 Sep 1936 (35),Exeter City FC (2),2-1,?,Torquay United FC (2)
?,(Sat) 5 Sep 1936 (35),Cardiff City FC (3),3-0,?,Luton Town FC (3)
?,(Sat) 5 Sep 1936 (35),Queens Park Rangers FC (3),3-0,?,Torquay United FC (3)
?,(Sat) 5 Sep 1936 (35),AFC Bournemouth (3),5-2,?,Swindon Town FC (3)
?,(Sat) 5 Sep 1936 (35),Northampton Town FC (3),2-2,?,Millwall FC (3)
?,(Sat) 5 Sep 1936 (35),Crystal Palace FC (3),3-1,?,Walsall FC (3)
?,(Sat) 5 Sep 1936 (35),Bristol Rovers FC (3),3-1,?,Bristol City FC (3)
?,(Sat) 5 Sep 1936 (35),Brighton & Hove Albion FC (3),1-0,?,Aldershot Town FC (3)
?,(Sat) 5 Sep 1936 (35),Southend United FC (3),9-2,?,Newport County AFC (3)
?,(Sat) 5 Sep 1936 (35),Exeter City FC (3),0-2,?,Leyton Orient FC (3)
?,(Sat) 5 Sep 1936 (35),Reading FC (3),4-1,?,Notts County FC (3)
?,(Sat) 5 Sep 1936 (35),Watford FC (3),6-1,?,Gillingham FC (3)
?,(Mon) 7 Sep 1936 (36),Luton Town FC (4),2-0,?,Walsall FC (4)
?,(Mon) 7 Sep 1936 (36),Notts County FC (4),0-1,?,Crystal Palace FC (4)
?,(Wed) 9 Sep 1936 (36),Gillingham FC (4),1-0,?,AFC Bournemouth (4)
?,(Wed) 9 Sep 1936 (36),Aldershot Town FC (4),0-2,?,Northampton Town FC (4)
?,(Wed) 9 Sep 1936 (36),Torquay United FC (4),0-1,?,Exeter City FC (4)
?,(Wed) 9 Sep 1936 (36),Watford FC (4),1-3,?,Southend United FC (4)
?,(Thu) 10 Sep 1936 (36),Newport County AFC (4),1-4,?,Brighton & Hove Albion FC (4)
?,(Thu) 10 Sep 1936 (36),Leyton Orient FC (4),0-1,?,Cardiff City FC (4)
?,(Sat) 12 Sep 1936 (36),Newport County AFC (5),2-3,?,Cardiff City FC (5)
?,(Sat) 12 Sep 1936 (36),Aldershot Town FC (5),2-2,?,Watford FC (5)
?,(Sat) 12 Sep 1936 (36),Luton Town FC (5),5-2,?,Crystal Palace FC (5)
?,(Sat) 12 Sep 1936 (36),Torquay United FC (5),5-2,?,Bristol City FC (4)
?,(Sat) 12 Sep 1936 (36),Bristol Rovers FC (4),2-0,?,Northampton Town FC (5)
?,(Sat) 12 Sep 1936 (36),Leyton Orient FC (5),3-2,?,Reading FC (4)
?,(Sat) 12 Sep 1936 (36),Notts County FC (5),1-2,?,Queens Park Rangers FC (4)
?,(Sat) 12 Sep 1936 (36),Walsall FC (5),4-2,?,Exeter City FC (5)
?,(Sat) 12 Sep 1936 (36),Gillingham FC (5),1-0,?,Southend United FC (5)
?,(Sat) 12 Sep 1936 (36),Millwall FC (4),0-2,?,AFC Bournemouth (5)
?,(Sat) 12 Sep 1936 (36),Swindon Town FC (4),1-2,?,Brighton & Hove Albion FC (5)
?,(Mon) 14 Sep 1936 (37),Cardiff City FC (6),3-1,?,Bristol City FC (5)
?,(Wed) 16 Sep 1936 (37),Swindon Town FC (5),5-1,?,Aldershot Town FC (6)
?,(Wed) 16 Sep 1936 (37),Torquay United FC (6),2-2,?,Luton Town FC (6)
?,(Wed) 16 Sep 1936 (37),Bristol Rovers FC (5),1-1,?,Newport County AFC (6)
?,(Wed) 16 Sep 1936 (37),Southend United FC (6),2-0,?,Northampton Town FC (6)
?,(Wed) 16 Sep 1936 (37),Reading FC (5),1-0,?,Exeter City FC (6)
?,(Thu) 17 Sep 1936 (37),Leyton Orient FC (6),2-0,?,Brighton & Hove Albion FC (6)
?,(Thu) 17 Sep 1936 (37),Queens Park Rangers FC (5),0-1,?,Millwall FC (5)
?,(Sat) 19 Sep 1936 (37),Queens Park Rangers FC (6),2-1,?,Leyton Orient FC (7)
?,(Sat) 19 Sep 1936 (37),Exeter City FC (7),2-4,?,Luton Town FC (7)
?,(Sat) 19 Sep 1936 (37),Brighton & Hove Albion FC (7),2-2,?,Millwall FC (6)
?,(Sat) 19 Sep 1936 (37),Reading FC (6),0-2,?,Walsall FC (6)
?,(Sat) 19 Sep 1936 (37),Northampton Town FC (7),3-0,?,Torquay United FC (7)
?,(Sat) 19 Sep 1936 (37),Newport County AFC (7),0-0,?,Gillingham FC (6)
?,(Sat) 19 Sep 1936 (37),Southend United FC (7),2-2,?,Aldershot Town FC (7)
?,(Sat) 19 Sep 1936 (37),Bristol City FC (6),1-1,?,Notts County FC (6)
?,(Sat) 19 Sep 1936 (37),Watford FC (6),2-2,?,Swindon Town FC (6)
?,(Sat) 19 Sep 1936 (37),AFC Bournemouth (6),3-0,?,Bristol Rovers FC (6)
?,(Sat) 19 Sep 1936 (37),Crystal Palace FC (6),2-2,?,Cardiff City FC (7)
?,(Mon) 21 Sep 1936 (38),Millwall FC (7),3-0,?,Gillingham FC (7)
?,(Wed) 23 Sep 1936 (38),Bristol City FC (7),1-2,?,Reading FC (7)
?,(Wed) 23 Sep 1936 (38),Swindon Town FC (7),4-1,?,Bristol Rovers FC (7)
?,(Wed) 23 Sep 1936 (38),Watford FC (7),4-0,?,AFC Bournemouth (7)
?,(Wed) 23 Sep 1936 (38),Crystal Palace FC (7),0-0,?,Queens Park Rangers FC (7)
?,(Sat) 26 Sep 1936 (38),Swindon Town FC (8),4-0,?,Southend United FC (8)
?,(Sat) 26 Sep 1936 (38),Leyton Orient FC (8),0-0,?,Bristol City FC (8)
?,(Sat) 26 Sep 1936 (38),Bristol Rovers FC (8),2-0,?,Brighton & Hove Albion FC (8)
?,(Sat) 26 Sep 1936 (38),Notts County FC (7),2-0,?,Torquay United FC (8)
?,(Sat) 26 Sep 1936 (38),Millwall FC (8),2-1,?,Watford FC (8)
?,(Sat) 26 Sep 1936 (38),Gillingham FC (8),2-0,?,Crystal Palace FC (8)
?,(Sat) 26 Sep 1936 (38),Aldershot Town FC (8),2-0,?,Newport County AFC (8)
?,(Sat) 26 Sep 1936 (38),Northampton Town FC (8),0-0,?,AFC Bournemouth (8)
?,(Sat) 26 Sep 1936 (38),Cardiff City FC (8),3-1,?,Exeter City FC (8)
?,(Sat) 26 Sep 1936 (38),Luton Town FC (8),4-0,?,Reading FC (8)
?,(Sat) 26 Sep 1936 (38),Walsall FC (7),2-4,?,Queens Park Rangers FC (8)
?,(Mon) 28 Sep 1936 (39),Cardiff City FC (9),1-1,?,Southend United FC (9)
?,(Thu) 1 Oct 1936 (39),Notts County FC (8),3-3,?,Walsall FC (8)
?,(Sat) 3 Oct 1936 (39),Torquay United FC (9),4-1,?,Leyton Orient FC (9)
?,(Sat) 3 Oct 1936 (39),Brighton & Hove Albion FC (9),1-2,?,Northampton Town FC (9)
?,(Sat) 3 Oct 1936 (39),Newport County AFC (9),1-1,?,Swindon Town FC (9)
?,(Sat) 3 Oct 1936 (39),Queens Park Rangers FC (9),2-1,?,Luton Town FC (9)
?,(Sat) 3 Oct 1936 (39),Watford FC (9),3-0,?,Bristol Rovers FC (9)
?,(Sat) 3 Oct 1936 (39),Reading FC (9),3-0,?,Cardiff City FC (10)
?,(Sat) 3 Oct 1936 (39),Southend United FC (10),0-0,?,Millwall FC (9)
?,(Sat) 3 Oct 1936 (39),Bristol City FC (9),0-0,?,Walsall FC (9)
?,(Sat) 3 Oct 1936 (39),Gillingham FC (9),1-2,?,Aldershot Town FC (9)
?,(Sat) 3 Oct 1936 (39),Exeter City FC (9),3-2,?,Crystal Palace FC (9)
?,(Sat) 3 Oct 1936 (39),AFC Bournemouth (9),1-0,?,Notts County FC (9)
?,(Sat) 10 Oct 1936 (40),Crystal Palace FC (10),3-1,?,Reading FC (10)
?,(Sat) 10 Oct 1936 (40),Cardiff City FC (11),2-0,?,Queens Park Rangers FC (10)
?,(Sat) 10 Oct 1936 (40),Swindon Town FC (10),3-0,?,Gillingham FC (10)
?,(Sat) 10 Oct 1936 (40),Bristol Rovers FC (10),1-2,?,Southend United FC (11)
?,(Sat) 10 Oct 1936 (40),AFC Bournemouth (10),1-0,?,Brighton & Hove Albion FC (10)
?,(Sat) 10 Oct 1936 (40),Walsall FC (10),1-0,?,Torquay United FC (10)
?,(Sat) 10 Oct 1936 (40),Leyton Orient FC (10),1-1,?,Notts County FC (10)
?,(Sat) 10 Oct 1936 (40),Northampton Town FC (10),0-1,?,Watford FC (10)
?,(Sat) 10 Oct 1936 (40),Aldershot Town FC (10),1-1,?,Exeter City FC (10)
?,(Sat) 10 Oct 1936 (40),Luton Town FC (10),4-0,?,Bristol City FC (10)
?,(Sat) 10 Oct 1936 (40),Millwall FC (10),7-2,?,Newport County AFC (10)
?,(Sat) 17 Oct 1936 (41),Crystal Palace FC (11),6-1,?,Newport County AFC (11)
?,(Sat) 17 Oct 1936 (41),Reading FC (11),2-0,?,Aldershot Town FC (11)
?,(Sat) 17 Oct 1936 (41),Luton Town FC (11),4-1,?,Watford FC (11)
?,(Sat) 17 Oct 1936 (41),Torquay United FC (11),1-0,?,Bristol Rovers FC (11)
?,(Sat) 17 Oct 1936 (41),Leyton Orient FC (11),2-1,?,AFC Bournemouth (11)
?,(Sat) 17 Oct 1936 (41),Queens Park Rangers FC (11),1-1,?,Swindon Town FC (11)
?,(Sat) 17 Oct 1936 (41),Exeter City FC (11),1-1,?,Gillingham FC (11)
?,(Sat) 17 Oct 1936 (41),Notts County FC (11),3-2,?,Northampton Town FC (11)
?,(Sat) 17 Oct 1936 (41),Walsall FC (11),1-4,?,Brighton & Hove Albion FC (11)
?,(Sat) 17 Oct 1936 (41),Bristol City FC (11),2-0,?,Millwall FC (11)
?,(Sat) 24 Oct 1936 (42),AFC Bournemouth (12),3-2,?,Walsall FC (12)
?,(Sat) 24 Oct 1936 (42),Newport County AFC (12),2-0,?,Exeter City FC (12)
?,(Sat) 24 Oct 1936 (42),Millwall FC (12),1-1,?,Torquay United FC (12)
?,(Sat) 24 Oct 1936 (42),Swindon Town FC (12),0-1,?,Bristol City FC (12)
?,(Sat) 24 Oct 1936 (42),Northampton Town FC (12),1-1,?,Leyton Orient FC (12)
?,(Sat) 24 Oct 1936 (42),Gillingham FC (12),2-1,?,Reading FC (12)
?,(Sat) 24 Oct 1936 (42),Southend United FC (12),2-1,?,Crystal Palace FC (12)
?,(Sat) 24 Oct 1936 (42),Brighton & Hove Albion FC (12),2-1,?,Luton Town FC (12)
?,(Sat) 24 Oct 1936 (42),Aldershot Town FC (12),0-0,?,Queens Park Rangers FC (12)
?,(Sat) 24 Oct 1936 (42),Watford FC (12),2-0,?,Cardiff City FC (12)
?,(Sat) 24 Oct 1936 (42),Bristol Rovers FC (12),2-3,?,Notts County FC (12)
?,(Sat) 31 Oct 1936 (43),Torquay United FC (13),2-0,?,Swindon Town FC (13)
?,(Sat) 31 Oct 1936 (43),Notts County FC (13),1-1,?,Millwall FC (13)
?,(Sat) 31 Oct 1936 (43),Leyton Orient FC (13),2-1,?,Bristol Rovers FC (13)
?,(Sat) 31 Oct 1936 (43),Exeter City FC (13),2-2,?,Southend United FC (13)
?,(Sat) 31 Oct 1936 (43),Crystal Palace FC (13),2-0,?,Watford FC (13)
?,(Sat) 31 Oct 1936 (43),Reading FC (13),4-4,?,Newport County AFC (13)
?,(Sat) 31 Oct 1936 (43),Cardiff City FC (13),1-2,?,Brighton & Hove Albion FC (13)
?,(Sat) 31 Oct 1936 (43),Bristol City FC (13),3-0,?,Aldershot Town FC (13)
?,(Sat) 31 Oct 1936 (43),Walsall FC (13),2-2,?,Northampton Town FC (13)
?,(Sat) 31 Oct 1936 (43),Queens Park Rangers FC (13),0-1,?,Gillingham FC (13)
?,(Sat) 31 Oct 1936 (43),Luton Town FC (13),1-0,?,AFC Bournemouth (13)
?,(Sat) 7 Nov 1936 (44),Gillingham FC (14),5-3,?,Bristol City FC (14)
?,(Sat) 7 Nov 1936 (44),Newport County AFC (14),1-2,?,Queens Park Rangers FC (14)
?,(Sat) 7 Nov 1936 (44),Brighton & Hove Albion FC (14),1-0,?,Crystal Palace FC (14)
?,(Sat) 7 Nov 1936 (44),AFC Bournemouth (14),0-2,?,Cardiff City FC (14)
?,(Sat) 7 Nov 1936 (44),Swindon Town FC (14),2-2,?,Notts County FC (14)
?,(Sat) 7 Nov 1936 (44),Northampton Town FC (14),3-1,?,Luton Town FC (14)
?,(Sat) 7 Nov 1936 (44),Aldershot Town FC (14),0-1,?,Torquay United FC (14)
?,(Sat) 7 Nov 1936 (44),Watford FC (14),1-1,?,Exeter City FC (14)
?,(Sat) 7 Nov 1936 (44),Southend United FC (14),1-1,?,Reading FC (14)
?,(Sat) 7 Nov 1936 (44),Millwall FC (14),2-1,?,Leyton Orient FC (14)
?,(Sat) 7 Nov 1936 (44),Bristol Rovers FC (14),3-0,?,Walsall FC (14)
?,(Sat) 14 Nov 1936 (45),Queens Park Rangers FC (15),7-2,?,Southend United FC (15)
?,(Sat) 14 Nov 1936 (45),Cardiff City FC (15),2-1,?,Northampton Town FC (15)
?,(Sat) 14 Nov 1936 (45),Bristol City FC (15),3-1,?,Newport County AFC (15)
?,(Sat) 14 Nov 1936 (45),Leyton Orient FC (15),1-1,?,Swindon Town FC (15)
?,(Sat) 14 Nov 1936 (45),Reading FC (15),3-0,?,Watford FC (15)
?,(Sat) 14 Nov 1936 (45),Exeter City FC (15),0-4,?,Brighton & Hove Albion FC (15)
?,(Sat) 14 Nov 1936 (45),Crystal Palace FC (15),2-2,?,AFC Bournemouth (15)
?,(Sat) 14 Nov 1936 (45),Notts County FC (15),3-0,?,Aldershot Town FC (15)
?,(Sat) 14 Nov 1936 (45),Luton Town FC (15),2-0,?,Bristol Rovers FC (15)
?,(Sat) 14 Nov 1936 (45),Torquay United FC (15),0-2,?,Gillingham FC (15)
?,(Sat) 14 Nov 1936 (45),Walsall FC (15),0-3,?,Millwall FC (15)
?,(Sat) 21 Nov 1936 (46),Bristol Rovers FC (16),5-1,?,Cardiff City FC (16)
?,(Sat) 21 Nov 1936 (46),Aldershot Town FC (16),1-1,?,Leyton Orient FC (16)
?,(Sat) 21 Nov 1936 (46),Southend United FC (16),3-0,?,Bristol City FC (16)
?,(Sat) 21 Nov 1936 (46),Watford FC (16),2-0,?,Queens Park Rangers FC (16)
?,(Sat) 21 Nov 1936 (46),AFC Bournemouth (16),0-0,?,Exeter City FC (16)
?,(Sat) 21 Nov 1936 (46),Northampton Town FC (16),2-0,?,Crystal Palace FC (16)
?,(Sat) 21 Nov 1936 (46),Millwall FC (16),0-2,?,Luton Town FC (16)
?,(Sat) 21 Nov 1936 (46),Brighton & Hove Albion FC (16),1-1,?,Reading FC (16)
?,(Sat) 21 Nov 1936 (46),Gillingham FC (16),3-0,?,Notts County FC (16)
?,(Sat) 21 Nov 1936 (46),Swindon Town FC (16),3-0,?,Walsall FC (16)
?,(Sat) 21 Nov 1936 (46),Newport County AFC (16),1-1,?,Torquay United FC (16)
?,(Sat) 5 Dec 1936 (48),Northampton Town FC (17),2-1,?,Reading FC (17)
?,(Sat) 5 Dec 1936 (48),AFC Bournemouth (17),3-1,?,Queens Park Rangers FC (17)
?,(Sat) 5 Dec 1936 (48),Swindon Town FC (17),4-2,?,Cardiff City FC (17)
?,(Sat) 5 Dec 1936 (48),Bristol Rovers FC (17),4-2,?,Exeter City FC (17)
?,(Sat) 5 Dec 1936 (48),Aldershot Town FC (17),2-3,?,Luton Town FC (17)
?,(Sat) 5 Dec 1936 (48),Brighton & Hove Albion FC (17),2-0,?,Bristol City FC (17)
?,(Sat) 5 Dec 1936 (48),Watford FC (17),4-0,?,Torquay United FC (17)
?,(Sat) 5 Dec 1936 (48),Millwall FC (17),3-0,?,Crystal Palace FC (17)
?,(Sat) 5 Dec 1936 (48),Newport County AFC (17),1-1,?,Leyton Orient FC (17)
?,(Sat) 5 Dec 1936 (48),Gillingham FC (17),2-2,?,Walsall FC (17)
?,(Sat) 5 Dec 1936 (48),Southend United FC (17),2-3,?,Notts County FC (17)
?,(Sat) 12 Dec 1936 (49),Notts County FC (18),2-1,?,Watford FC (18)
?,(Sat) 12 Dec 1936 (49),Torquay United FC (18),0-2,?,Brighton & Hove Albion FC (18)
?,(Sat) 19 Dec 1936 (50),Watford FC (19),2-1,?,Leyton Orient FC (18)
?,(Sat) 19 Dec 1936 (50),Brighton & Hove Albion FC (19),2-2,?,Notts County FC (19)
?,(Sat) 19 Dec 1936 (50),Gillingham FC (18),0-0,?,Cardiff City FC (18)
?,(Sat) 19 Dec 1936 (50),Newport County AFC (18),2-1,?,Luton Town FC (18)
?,(Sat) 19 Dec 1936 (50),Southend United FC (18),3-0,?,Walsall FC (18)
?,(Sat) 19 Dec 1936 (50),Northampton Town FC (18),5-1,?,Bristol City FC (18)
?,(Sat) 19 Dec 1936 (50),Millwall FC (18),0-2,?,Reading FC (18)
?,(Sat) 19 Dec 1936 (50),Aldershot Town FC (18),2-2,?,Crystal Palace FC (18)
?,(Sat) 19 Dec 1936 (50),Bristol Rovers FC (18),1-1,?,Queens Park Rangers FC (18)
?,(Sat) 19 Dec 1936 (50),Swindon Town FC (18),3-1,?,Exeter City FC (18)
?,(Sat) 19 Dec 1936 (50),AFC Bournemouth (18),3-3,?,Torquay United FC (19)
?,(Fri) 25 Dec 1936 (51),Walsall FC (19),3-2,?,Leyton Orient FC (19)
?,(Fri) 25 Dec 1936 (51),Millwall FC (19),4-2,?,Aldershot Town FC (19)
?,(Fri) 25 Dec 1936 (51),Southend United FC (19),0-0,?,AFC Bournemouth (19)
?,(Fri) 25 Dec 1936 (51),Reading FC (19),2-2,?,Swindon Town FC (19)
?,(Fri) 25 Dec 1936 (51),Bristol City FC (19),1-0,?,Crystal Palace FC (19)
?,(Fri) 25 Dec 1936 (51),Luton Town FC (19),2-1,?,Notts County FC (20)
?,(Fri) 25 Dec 1936 (51),Queens Park Rangers FC (19),4-0,?,Exeter City FC (19)
?,(Fri) 25 Dec 1936 (51),Torquay United FC (20),1-0,?,Cardiff City FC (19)
?,(Fri) 25 Dec 1936 (51),Northampton Town FC (19),3-2,?,Newport County AFC (19)
?,(Fri) 25 Dec 1936 (51),Gillingham FC (19),1-0,?,Bristol Rovers FC (19)
?,(Fri) 25 Dec 1936 (51),Brighton & Hove Albion FC (20),1-1,?,Watford FC (20)
?,(Sat) 26 Dec 1936 (51),AFC Bournemouth (20),2-1,?,Aldershot Town FC (20)
?,(Sat) 26 Dec 1936 (51),Queens Park Rangers FC (20),5-0,?,Bristol City FC (20)
?,(Sat) 26 Dec 1936 (51),Watford FC (21),3-0,?,Newport County AFC (20)
?,(Sat) 26 Dec 1936 (51),Reading FC (20),5-1,?,Torquay United FC (21)
?,(Sat) 26 Dec 1936 (51),Bristol Rovers FC (20),2-1,?,Millwall FC (20)
?,(Sat) 26 Dec 1936 (51),Crystal Palace FC (20),2-3,?,Leyton Orient FC (20)
?,(Sat) 26 Dec 1936 (51),Cardiff City FC (20),2-2,?,Walsall FC (20)
?,(Sat) 26 Dec 1936 (51),Exeter City FC (20),1-3,?,Notts County FC (21)
?,(Sat) 26 Dec 1936 (51),Northampton Town FC (20),4-0,?,Swindon Town FC (20)
?,(Sat) 26 Dec 1936 (51),Southend United FC (20),3-0,?,Luton Town FC (20)
?,(Sat) 26 Dec 1936 (51),Brighton & Hove Albion FC (21),4-0,?,Gillingham FC (20)
?,(Mon) 28 Dec 1936 (52),Bristol Rovers FC (21),0-3,?,Gillingham FC (21)
?,(Mon) 28 Dec 1936 (52),Cardiff City FC (21),0-2,?,Torquay United FC (22)
?,(Mon) 28 Dec 1936 (52),Exeter City FC (21),0-3,?,Queens Park Rangers FC (21)
?,(Mon) 28 Dec 1936 (52),Notts County FC (22),2-1,?,Luton Town FC (21)
?,(Mon) 28 Dec 1936 (52),Leyton Orient FC (21),2-2,?,Walsall FC (21)
?,(Mon) 28 Dec 1936 (52),Crystal Palace FC (21),1-0,?,Bristol City FC (21)
?,(Mon) 28 Dec 1936 (52),Swindon Town FC (21),1-2,?,Reading FC (21)
?,(Mon) 28 Dec 1936 (52),Watford FC (22),1-0,?,Brighton & Hove Albion FC (22)
?,(Mon) 28 Dec 1936 (52),AFC Bournemouth (21),1-0,?,Southend United FC (21)
?,(Mon) 28 Dec 1936 (52),Newport County AFC (21),1-3,?,Northampton Town FC (21)
?,(Tue) 29 Dec 1936 (52),Aldershot Town FC (21),1-2,?,Millwall FC (21)
?,(Sat) 2 Jan 1937 (0),Notts County FC (23),1-0,?,Reading FC (22)
?,(Sat) 2 Jan 1937 (0),Walsall FC (22),1-0,?,Crystal Palace FC (22)
?,(Sat) 2 Jan 1937 (0),Leyton Orient FC (22),1-0,?,Exeter City FC (22)
?,(Sat) 2 Jan 1937 (0),Luton Town FC (22),8-1,?,Cardiff City FC (22)
?,(Sat) 2 Jan 1937 (0),Aldershot Town FC (22),0-1,?,Brighton & Hove Albion FC (23)
?,(Sat) 2 Jan 1937 (0),Millwall FC (22),1-0,?,Northampton Town FC (22)
?,(Sat) 2 Jan 1937 (0),Gillingham FC (22),2-1,?,Watford FC (23)
?,(Sat) 2 Jan 1937 (0),Torquay United FC (23),1-1,?,Queens Park Rangers FC (22)
?,(Sat) 2 Jan 1937 (0),Bristol City FC (22),4-1,?,Bristol Rovers FC (22)
?,(Sat) 2 Jan 1937 (0),Newport County AFC (22),6-2,?,Southend United FC (22)
?,(Sat) 2 Jan 1937 (0),Swindon Town FC (22),3-1,?,AFC Bournemouth (22)
?,(Sat) 9 Jan 1937 (1),Bristol City FC (23),4-1,?,Torquay United FC (24)
?,(Sat) 9 Jan 1937 (1),Southend United FC (23),0-2,?,Gillingham FC (23)
?,(Sat) 9 Jan 1937 (1),Reading FC (23),1-1,?,Leyton Orient FC (23)
?,(Sat) 9 Jan 1937 (1),Cardiff City FC (23),0-1,?,Newport County AFC (23)
?,(Sat) 9 Jan 1937 (1),Exeter City FC (23),3-0,?,Walsall FC (23)
?,(Sat) 9 Jan 1937 (1),Brighton & Hove Albion FC (24),2-0,?,Swindon Town FC (23)
?,(Sat) 9 Jan 1937 (1),Northampton Town FC (23),4-1,?,Bristol Rovers FC (23)
?,(Sat) 9 Jan 1937 (1),Crystal Palace FC (23),0-4,?,Luton Town FC (23)
?,(Sat) 9 Jan 1937 (1),AFC Bournemouth (23),2-1,?,Millwall FC (23)
?,(Sat) 9 Jan 1937 (1),Queens Park Rangers FC (23),0-2,?,Notts County FC (24)
?,(Sat) 9 Jan 1937 (1),Watford FC (24),5-3,?,Aldershot Town FC (23)
?,(Sat) 16 Jan 1937 (2),Leyton Orient FC (24),2-0,?,Gillingham FC (24)
?,(Sat) 16 Jan 1937 (2),Crystal Palace FC (24),2-0,?,Swindon Town FC (24)
?,(Sat) 16 Jan 1937 (2),Bristol City FC (24),2-2,?,Watford FC (25)
?,(Sat) 16 Jan 1937 (2),Notts County FC (25),3-1,?,Newport County AFC (24)
?,(Sat) 16 Jan 1937 (2),Torquay United FC (25),1-4,?,Southend United FC (24)
?,(Wed) 20 Jan 1937 (3),Exeter City FC (24),2-5,?,Northampton Town FC (24)
?,(Wed) 20 Jan 1937 (3),Crystal Palace FC (25),3-0,?,Bristol Rovers FC (24)
?,(Wed) 20 Jan 1937 (3),Reading FC (24),3-2,?,AFC Bournemouth (24)
?,(Thu) 21 Jan 1937 (3),Walsall FC (24),0-0,?,Aldershot Town FC (24)
?,(Thu) 21 Jan 1937 (3),Queens Park Rangers FC (24),2-3,?,Brighton & Hove Albion FC (25)
?,(Sat) 23 Jan 1937 (3),Luton Town FC (24),2-2,?,Exeter City FC (25)
?,(Sat) 23 Jan 1937 (3),Bristol Rovers FC (25),4-0,?,AFC Bournemouth (25)
?,(Sat) 23 Jan 1937 (3),Leyton Orient FC (25),0-0,?,Queens Park Rangers FC (25)
?,(Sat) 23 Jan 1937 (3),Cardiff City FC (24),1-1,?,Crystal Palace FC (26)
?,(Sat) 23 Jan 1937 (3),Notts County FC (26),1-0,?,Bristol City FC (25)
?,(Sat) 23 Jan 1937 (3),Swindon Town FC (25),1-1,?,Watford FC (26)
?,(Sat) 23 Jan 1937 (3),Aldershot Town FC (25),1-2,?,Southend United FC (25)
?,(Sat) 23 Jan 1937 (3),Millwall FC (24),3-0,?,Brighton & Hove Albion FC (26)
?,(Sat) 23 Jan 1937 (3),Torquay United FC (26),5-0,?,Northampton Town FC (25)
?,(Sat) 23 Jan 1937 (3),Gillingham FC (25),4-4,?,Newport County AFC (25)
?,(Wed) 27 Jan 1937 (4),Bristol City FC (26),4-1,?,AFC Bournemouth (26)
?,(Sat) 30 Jan 1937 (4),Torquay United FC (27),2-2,?,Notts County FC (27)
?,(Sat) 30 Jan 1937 (4),Bristol City FC (27),4-0,?,Leyton Orient FC (26)
?,(Sat) 30 Jan 1937 (4),Brighton & Hove Albion FC (27),5-2,?,Bristol Rovers FC (26)
?,(Sat) 30 Jan 1937 (4),Southend United FC (26),2-0,?,Swindon Town FC (26)
?,(Sat) 30 Jan 1937 (4),Crystal Palace FC (27),1-1,?,Gillingham FC (26)
?,(Sat) 30 Jan 1937 (4),Newport County AFC (26),4-0,?,Aldershot Town FC (26)
?,(Wed) 3 Feb 1937 (5),Exeter City FC (26),3-1,?,Cardiff City FC (25)
?,(Wed) 3 Feb 1937 (5),Watford FC (27),2-2,?,Millwall FC (25)
?,(Thu) 4 Feb 1937 (5),Queens Park Rangers FC (26),2-0,?,Walsall FC (25)
?,(Sat) 6 Feb 1937 (5),Millwall FC (26),1-2,?,Southend United FC (27)
?,(Sat) 6 Feb 1937 (5),Leyton Orient FC (27),2-0,?,Torquay United FC (28)
?,(Sat) 6 Feb 1937 (5),Crystal Palace FC (28),8-0,?,Exeter City FC (27)
?,(Sat) 6 Feb 1937 (5),Northampton Town FC (26),2-0,?,Brighton & Hove Albion FC (28)
?,(Sat) 6 Feb 1937 (5),Walsall FC (26),1-5,?,Bristol City FC (28)
?,(Sat) 6 Feb 1937 (5),Swindon Town FC (27),1-2,?,Newport County AFC (27)
?,(Sat) 6 Feb 1937 (5),Cardiff City FC (26),1-1,?,Reading FC (25)
?,(Sat) 6 Feb 1937 (5),Bristol Rovers FC (27),0-1,?,Watford FC (28)
?,(Sat) 6 Feb 1937 (5),Luton Town FC (25),0-1,?,Queens Park Rangers FC (27)
?,(Sat) 6 Feb 1937 (5),Aldershot Town FC (27),3-0,?,Gillingham FC (27)
?,(Sat) 6 Feb 1937 (5),Notts County FC (28),4-3,?,AFC Bournemouth (27)
?,(Wed) 10 Feb 1937 (6),Reading FC (26),2-2,?,Luton Town FC (26)
?,(Sat) 13 Feb 1937 (6),Reading FC (27),1-1,?,Crystal Palace FC (29)
?,(Sat) 13 Feb 1937 (6),Southend United FC (28),2-3,?,Bristol Rovers FC (28)
?,(Sat) 13 Feb 1937 (6),Torquay United FC (29),3-1,?,Walsall FC (27)
?,(Sat) 13 Feb 1937 (6),Gillingham FC (28),4-1,?,Swindon Town FC (28)
?,(Sat) 13 Feb 1937 (6),Bristol City FC (29),2-3,?,Luton Town FC (27)
?,(Sat) 13 Feb 1937 (6),Queens Park Rangers FC (28),6-0,?,Cardiff City FC (27)
?,(Sat) 13 Feb 1937 (6),Notts County FC (29),0-0,?,Leyton Orient FC (28)
?,(Sat) 13 Feb 1937 (6),Brighton & Hove Albion FC (29),1-0,?,AFC Bournemouth (28)
?,(Sat) 13 Feb 1937 (6),Exeter City FC (28),1-2,?,Aldershot Town FC (28)
?,(Sat) 13 Feb 1937 (6),Watford FC (29),4-1,?,Northampton Town FC (27)
?,(Sat) 13 Feb 1937 (6),Newport County AFC (28),1-2,?,Millwall FC (27)
?,(Thu) 18 Feb 1937 (7),Queens Park Rangers FC (29),3-2,?,Northampton Town FC (28)
?,(Sat) 20 Feb 1937 (7),Newport County AFC (29),1-1,?,Crystal Palace FC (30)
?,(Sat) 20 Feb 1937 (7),Brighton & Hove Albion FC (30),3-0,?,Walsall FC (28)
?,(Sat) 20 Feb 1937 (7),Southend United FC (29),8-1,?,Cardiff City FC (28)
?,(Sat) 20 Feb 1937 (7),Watford FC (30),1-3,?,Luton Town FC (28)
?,(Sat) 20 Feb 1937 (7),AFC Bournemouth (29),2-1,?,Leyton Orient FC (29)
?,(Sat) 20 Feb 1937 (7),Swindon Town FC (29),1-1,?,Queens Park Rangers FC (30)
?,(Sat) 20 Feb 1937 (7),Northampton Town FC (29),1-1,?,Notts County FC (30)
?,(Sat) 20 Feb 1937 (7),Aldershot Town FC (29),0-2,?,Reading FC (28)
?,(Sat) 20 Feb 1937 (7),Bristol Rovers FC (29),5-1,?,Torquay United FC (30)
?,(Mon) 22 Feb 1937 (8),Millwall FC (28),3-1,?,Bristol City FC (30)
?,(Wed) 24 Feb 1937 (8),Gillingham FC (29),2-2,?,Exeter City FC (29)
?,(Wed) 24 Feb 1937 (8),Reading FC (29),2-0,?,Bristol Rovers FC (30)
?,(Sat) 27 Feb 1937 (8),Queens Park Rangers FC (31),3-0,?,Aldershot Town FC (30)
?,(Sat) 27 Feb 1937 (8),Cardiff City FC (29),2-2,?,Watford FC (31)
?,(Sat) 27 Feb 1937 (8),Notts County FC (31),4-3,?,Bristol Rovers FC (31)
?,(Sat) 27 Feb 1937 (8),Walsall FC (29),1-1,?,AFC Bournemouth (30)
?,(Sat) 27 Feb 1937 (8),Reading FC (30),6-2,?,Gillingham FC (30)
?,(Sat) 27 Feb 1937 (8),Crystal Palace FC (31),1-1,?,Southend United FC (30)
?,(Sat) 27 Feb 1937 (8),Leyton Orient FC (30),3-1,?,Northampton Town FC (30)
?,(Sat) 27 Feb 1937 (8),Exeter City FC (30),3-1,?,Newport County AFC (30)
?,(Sat) 27 Feb 1937 (8),Torquay United FC (31),0-2,?,Millwall FC (29)
?,(Sat) 27 Feb 1937 (8),Luton Town FC (29),2-1,?,Brighton & Hove Albion FC (31)
?,(Sat) 6 Mar 1937 (9),Watford FC (32),3-1,?,Crystal Palace FC (32)
?,(Sat) 6 Mar 1937 (9),Newport County AFC (31),3-0,?,Reading FC (31)
?,(Sat) 6 Mar 1937 (9),Swindon Town FC (30),4-2,?,Torquay United FC (32)
?,(Sat) 6 Mar 1937 (9),Aldershot Town FC (31),3-0,?,Bristol City FC (31)
?,(Sat) 6 Mar 1937 (9),AFC Bournemouth (31),2-1,?,Luton Town FC (30)
?,(Sat) 6 Mar 1937 (9),Brighton & Hove Albion FC (32),7-2,?,Cardiff City FC (30)
?,(Sat) 6 Mar 1937 (9),Southend United FC (31),4-4,?,Exeter City FC (31)
?,(Sat) 6 Mar 1937 (9),Bristol Rovers FC (32),4-0,?,Leyton Orient FC (31)
?,(Sat) 6 Mar 1937 (9),Northampton Town FC (31),6-3,?,Walsall FC (30)
?,(Sat) 6 Mar 1937 (9),Gillingham FC (31),0-0,?,Queens Park Rangers FC (32)
?,(Mon) 8 Mar 1937 (10),Millwall FC (30),0-0,?,Notts County FC (32)
?,(Sat) 13 Mar 1937 (10),Leyton Orient FC (32),1-0,?,Millwall FC (31)
?,(Sat) 13 Mar 1937 (10),Queens Park Rangers FC (33),6-2,?,Newport County AFC (32)
?,(Sat) 13 Mar 1937 (10),Notts County FC (33),3-2,?,Swindon Town FC (31)
?,(Sat) 13 Mar 1937 (10),Bristol City FC (32),2-0,?,Gillingham FC (32)
?,(Sat) 13 Mar 1937 (10),Reading FC (32),2-3,?,Southend United FC (32)
?,(Sat) 13 Mar 1937 (10),Walsall FC (31),5-2,?,Bristol Rovers FC (33)
?,(Sat) 13 Mar 1937 (10),Cardiff City FC (31),2-1,?,AFC Bournemouth (32)
?,(Sat) 13 Mar 1937 (10),Crystal Palace FC (33),2-0,?,Brighton & Hove Albion FC (33)
?,(Sat) 13 Mar 1937 (10),Luton Town FC (31),3-2,?,Northampton Town FC (32)
?,(Sat) 13 Mar 1937 (10),Torquay United FC (33),5-1,?,Aldershot Town FC (32)
?,(Sat) 13 Mar 1937 (10),Exeter City FC (32),2-1,?,Watford FC (33)
?,(Wed) 17 Mar 1937 (11),Exeter City FC (33),1-1,?,Millwall FC (32)
?,(Sat) 20 Mar 1937 (11),Newport County AFC (33),0-0,?,Bristol City FC (33)
?,(Sat) 20 Mar 1937 (11),Swindon Town FC (32),1-3,?,Leyton Orient FC (33)
?,(Sat) 20 Mar 1937 (11),AFC Bournemouth (33),3-1,?,Crystal Palace FC (34)
?,(Sat) 20 Mar 1937 (11),Bristol Rovers FC (34),4-0,?,Luton Town FC (32)
?,(Sat) 20 Mar 1937 (11),Watford FC (34),6-1,?,Reading FC (33)
?,(Sat) 20 Mar 1937 (11),Gillingham FC (33),1-0,?,Torquay United FC (34)
?,(Sat) 20 Mar 1937 (11),Millwall FC (33),3-1,?,Walsall FC (32)
?,(Sat) 20 Mar 1937 (11),Brighton & Hove Albion FC (34),1-0,?,Exeter City FC (34)
?,(Sat) 20 Mar 1937 (11),Southend United FC (33),3-2,?,Queens Park Rangers FC (34)
?,(Sat) 20 Mar 1937 (11),Northampton Town FC (33),2-0,?,Cardiff City FC (32)
?,(Sat) 20 Mar 1937 (11),Aldershot Town FC (33),0-1,?,Notts County FC (34)
?,(Fri) 26 Mar 1937 (12),Walsall FC (33),3-1,?,Watford FC (35)
?,(Fri) 26 Mar 1937 (12),Brighton & Hove Albion FC (35),1-0,?,Southend United FC (34)
?,(Fri) 26 Mar 1937 (12),Bristol City FC (34),2-1,?,Exeter City FC (35)
?,(Fri) 26 Mar 1937 (12),Notts County FC (35),4-0,?,Cardiff City FC (33)
?,(Fri) 26 Mar 1937 (12),Aldershot Town FC (34),4-0,?,Bristol Rovers FC (35)
?,(Fri) 26 Mar 1937 (12),Leyton Orient FC (34),0-2,?,Luton Town FC (33)
?,(Fri) 26 Mar 1937 (12),Crystal Palace FC (35),0-0,?,Torquay United FC (35)
?,(Fri) 26 Mar 1937 (12),Gillingham FC (34),2-0,?,Northampton Town FC (34)
?,(Fri) 26 Mar 1937 (12),Queens Park Rangers FC (35),0-0,?,Reading FC (34)
?,(Fri) 26 Mar 1937 (12),Newport County AFC (34),4-0,?,AFC Bournemouth (34)
?,(Fri) 26 Mar 1937 (12),Millwall FC (34),1-1,?,Swindon Town FC (33)
?,(Sat) 27 Mar 1937 (12),Bristol City FC (35),0-1,?,Southend United FC (35)
?,(Sat) 27 Mar 1937 (12),Torquay United FC (36),1-2,?,Newport County AFC (35)
?,(Sat) 27 Mar 1937 (12),Notts County FC (36),2-0,?,Gillingham FC (35)
?,(Sat) 27 Mar 1937 (12),Queens Park Rangers FC (36),1-2,?,Watford FC (36)
?,(Sat) 27 Mar 1937 (12),Leyton Orient FC (35),1-1,?,Aldershot Town FC (35)
?,(Sat) 27 Mar 1937 (12),Walsall FC (34),5-2,?,Swindon Town FC (34)
?,(Sat) 27 Mar 1937 (12),Crystal Palace FC (36),2-2,?,Northampton Town FC (35)
?,(Sat) 27 Mar 1937 (12),Luton Town FC (34),5-0,?,Millwall FC (35)
?,(Sat) 27 Mar 1937 (12),Reading FC (35),2-0,?,Brighton & Hove Albion FC (36)
?,(Sat) 27 Mar 1937 (12),Cardiff City FC (34),3-1,?,Bristol Rovers FC (36)
?,(Sat) 27 Mar 1937 (12),Exeter City FC (36),1-1,?,AFC Bournemouth (35)
?,(Mon) 29 Mar 1937 (13),Bristol Rovers FC (37),1-0,?,Aldershot Town FC (36)
?,(Mon) 29 Mar 1937 (13),Watford FC (37),0-0,?,Walsall FC (35)
?,(Mon) 29 Mar 1937 (13),Swindon Town FC (35),3-0,?,Millwall FC (36)
?,(Mon) 29 Mar 1937 (13),Luton Town FC (35),2-0,?,Leyton Orient FC (36)
?,(Mon) 29 Mar 1937 (13),Exeter City FC (37),3-0,?,Bristol City FC (36)
?,(Mon) 29 Mar 1937 (13),AFC Bournemouth (36),5-0,?,Newport County AFC (36)
?,(Mon) 29 Mar 1937 (13),Southend United FC (36),2-1,?,Brighton & Hove Albion FC (37)
?,(Mon) 29 Mar 1937 (13),Torquay United FC (37),3-0,?,Crystal Palace FC (37)
?,(Mon) 29 Mar 1937 (13),Reading FC (36),2-0,?,Queens Park Rangers FC (37)
?,(Mon) 29 Mar 1937 (13),Northampton Town FC (36),5-0,?,Gillingham FC (36)
?,(Mon) 29 Mar 1937 (13),Cardiff City FC (35),0-2,?,Notts County FC (37)
?,(Tue) 30 Mar 1937 (13),Walsall FC (36),0-1,?,Reading FC (37)
?,(Sat) 3 Apr 1937 (13),Bristol Rovers FC (38),1-0,?,Crystal Palace FC (38)
?,(Sat) 3 Apr 1937 (13),Newport County AFC (37),2-0,?,Notts County FC (38)
?,(Sat) 3 Apr 1937 (13),Northampton Town FC (37),2-1,?,Exeter City FC (38)
?,(Sat) 3 Apr 1937 (13),Brighton & Hove Albion FC (38),4-1,?,Queens Park Rangers FC (38)
?,(Sat) 3 Apr 1937 (13),Gillingham FC (37),0-2,?,Leyton Orient FC (37)
?,(Sat) 3 Apr 1937 (13),Watford FC (38),1-0,?,Bristol City FC (37)
?,(Sat) 3 Apr 1937 (13),AFC Bournemouth (37),2-1,?,Reading FC (38)
?,(Sat) 3 Apr 1937 (13),Southend United FC (37),0-0,?,Torquay United FC (38)
?,(Sat) 3 Apr 1937 (13),Millwall FC (37),3-1,?,Cardiff City FC (36)
?,(Sat) 3 Apr 1937 (13),Aldershot Town FC (37),4-4,?,Walsall FC (37)
?,(Sat) 3 Apr 1937 (13),Swindon Town FC (36),2-2,?,Luton Town FC (36)
?,(Wed) 7 Apr 1937 (14),Luton Town FC (37),5-2,?,Gillingham FC (38)
?,(Sat) 10 Apr 1937 (14),Luton Town FC (38),5-2,?,Aldershot Town FC (38)
?,(Sat) 10 Apr 1937 (14),Cardiff City FC (37),1-2,?,Swindon Town FC (37)
?,(Sat) 10 Apr 1937 (14),Leyton Orient FC (38),1-2,?,Newport County AFC (38)
?,(Sat) 10 Apr 1937 (14),Bristol City FC (38),1-0,?,Brighton & Hove Albion FC (39)
?,(Sat) 10 Apr 1937 (14),Reading FC (39),3-1,?,Northampton Town FC (38)
?,(Sat) 10 Apr 1937 (14),Queens Park Rangers FC (39),1-2,?,AFC Bournemouth (38)
?,(Sat) 10 Apr 1937 (14),Walsall FC (38),2-1,?,Gillingham FC (39)
?,(Sat) 10 Apr 1937 (14),Exeter City FC (39),3-2,?,Bristol Rovers FC (39)
?,(Sat) 10 Apr 1937 (14),Torquay United FC (39),4-7,?,Watford FC (39)
?,(Sat) 10 Apr 1937 (14),Notts County FC (39),2-1,?,Southend United FC (38)
?,(Mon) 12 Apr 1937 (15),Cardiff City FC (38),0-1,?,Millwall FC (38)
?,(Wed) 14 Apr 1937 (15),Crystal Palace FC (39),1-0,?,Millwall FC (39)
?,(Sat) 17 Apr 1937 (15),AFC Bournemouth (39),0-0,?,Bristol City FC (39)
?,(Sat) 17 Apr 1937 (15),Northampton Town FC (39),0-1,?,Queens Park Rangers FC (40)
?,(Sat) 17 Apr 1937 (15),Swindon Town FC (38),4-0,?,Crystal Palace FC (40)
?,(Sat) 17 Apr 1937 (15),Watford FC (40),0-2,?,Notts County FC (40)
?,(Sat) 17 Apr 1937 (15),Bristol Rovers FC (40),2-2,?,Reading FC (40)
?,(Sat) 17 Apr 1937 (15),Millwall FC (40),3-3,?,Exeter City FC (40)
?,(Sat) 17 Apr 1937 (15),Brighton & Hove Albion FC (40),5-1,?,Torquay United FC (40)
?,(Sat) 17 Apr 1937 (15),Newport County AFC (39),1-2,?,Walsall FC (39)
?,(Sat) 17 Apr 1937 (15),Aldershot Town FC (39),0-1,?,Cardiff City FC (39)
?,(Sat) 17 Apr 1937 (15),Gillingham FC (40),1-0,?,Luton Town FC (39)
?,(Sat) 17 Apr 1937 (15),Southend United FC (39),0-0,?,Leyton Orient FC (39)
?,(Mon) 19 Apr 1937 (16),Cardiff City FC (40),4-1,?,Aldershot Town FC (40)
?,(Wed) 21 Apr 1937 (16),Luton Town FC (40),5-1,?,Swindon Town FC (39)
?,(Wed) 21 Apr 1937 (16),AFC Bournemouth (40),3-2,?,Northampton Town FC (40)
?,(Sat) 24 Apr 1937 (16),Cardiff City FC (41),2-0,?,Gillingham FC (41)
?,(Sat) 24 Apr 1937 (16),Exeter City FC (41),1-1,?,Swindon Town FC (40)
?,(Sat) 24 Apr 1937 (16),Leyton Orient FC (40),1-1,?,Watford FC (41)
?,(Sat) 24 Apr 1937 (16),Walsall FC (40),3-0,?,Southend United FC (40)
?,(Sat) 24 Apr 1937 (16),Reading FC (41),3-0,?,Millwall FC (41)
?,(Sat) 24 Apr 1937 (16),Luton Town FC (41),5-0,?,Newport County AFC (40)
?,(Sat) 24 Apr 1937 (16),Torquay United FC (41),0-0,?,AFC Bournemouth (41)
?,(Sat) 24 Apr 1937 (16),Crystal Palace FC (41),3-0,?,Aldershot Town FC (41)
?,(Sat) 24 Apr 1937 (16),Bristol City FC (40),0-1,?,Northampton Town FC (41)
?,(Sat) 24 Apr 1937 (16),Notts County FC (41),0-1,?,Brighton & Hove Albion FC (41)
?,(Sat) 24 Apr 1937 (16),Queens Park Rangers FC (41),2-1,?,Bristol Rovers FC (41)
?,(Mon) 26 Apr 1937 (17),Walsall FC (41),1-2,?,Newport County AFC (41)
?,(Wed) 28 Apr 1937 (17),Bristol City FC (41),1-2,?,Swindon Town FC (41)
?,(Thu) 29 Apr 1937 (17),Leyton Orient FC (41),3-0,?,Southend United FC (41)
?,(Sat) 1 May 1937 (17),Brighton & Hove Albion FC (42),1-1,?,Leyton Orient FC (42)
?,(Sat) 1 May 1937 (17),Luton Town FC (42),2-0,?,Torquay United FC (42)
?,(Sat) 1 May 1937 (17),Bristol City FC (42),2-1,?,Cardiff City FC (42)
?,(Sat) 1 May 1937 (17),Gillingham FC (42),1-0,?,Millwall FC (42)
?,(Sat) 1 May 1937 (17),Queens Park Rangers FC (42),1-3,?,Crystal Palace FC (42)
?,(Sat) 1 May 1937 (17),Exeter City FC (42),2-0,?,Reading FC (42)
?,(Sat) 1 May 1937 (17),AFC Bournemouth (42),3-2,?,Watford FC (42)
?,(Sat) 1 May 1937 (17),Newport County AFC (42),2-2,?,Bristol Rovers FC (42)
?,(Sat) 1 May 1937 (17),Aldershot Town FC (42),2-1,?,Swindon Town FC (42)
?,(Sat) 1 May 1937 (17),Northampton Town FC (42),4-3,?,Southend United FC (42)
?,(Sat) 1 May 1937 (17),Walsall FC (42),2-1,?,Notts County FC (42)
