Round,Date,Team 1,FT,HT,Team 2
?,(Sat) 16 Aug 2003 (W33),Arsenal FC (1),2-1,1-0,Everton FC (1)
?,(Sat) 16 Aug 2003 (W33),Birmingham City FC (1),1-0,1-0,Tottenham Hotspur FC (1)
?,(Sat) 16 Aug 2003 (W33),Blackburn Rovers FC (1),5-1,2-0,Wolverhampton Wanderers FC (1)
?,(Sat) 16 Aug 2003 (W33),Fulham FC (1),3-2,1-1,Middlesbrough FC (1)
?,(Sat) 16 Aug 2003 (W33),Leicester City FC (1),2-2,2-0,Southampton FC (1)
?,(Sat) 16 Aug 2003 (W33),Manchester United FC (1),4-0,1-0,Bolton Wanderers FC (1)
?,(Sat) 16 Aug 2003 (W33),Portsmouth FC (1),2-1,1-0,Aston Villa FC (1)
?,(Sun) 17 Aug 2003 (W33),Charlton Athletic FC (1),0-3,0-2,Manchester City FC (1)
?,(Sun) 17 Aug 2003 (W33),Leeds United FC (1),2-2,1-1,Newcastle United FC (1)
?,(Sun) 17 Aug 2003 (W33),Liverpool FC (1),1-2,0-1,Chelsea FC (1)
?,(Sat) 23 Aug 2003 (W34),Bolton Wanderers FC (2),2-2,2-0,Blackburn Rovers FC (2)
?,(Sat) 23 Aug 2003 (W34),Chelsea FC (2),2-1,2-1,Leicester City FC (2)
?,(Sat) 23 Aug 2003 (W34),Everton FC (2),3-1,3-0,Fulham FC (2)
?,(Sat) 23 Aug 2003 (W34),Manchester City FC (2),1-1,0-1,Portsmouth FC (2)
?,(Sat) 23 Aug 2003 (W34),Newcastle United FC (2),1-2,1-0,Manchester United FC (2)
?,(Sat) 23 Aug 2003 (W34),Southampton FC (2),0-0,0-0,Birmingham City FC (2)
?,(Sat) 23 Aug 2003 (W34),Tottenham Hotspur FC (2),2-1,1-1,Leeds United FC (2)
?,(Sat) 23 Aug 2003 (W34),Wolverhampton Wanderers FC (2),0-4,0-4,Charlton Athletic FC (2)
?,(Sun) 24 Aug 2003 (W34),Aston Villa FC (2),0-0,0-0,Liverpool FC (2)
?,(Sun) 24 Aug 2003 (W34),Middlesbrough FC (2),0-4,0-3,Arsenal FC (2)
?,(Mon) 25 Aug 2003 (W35),Blackburn Rovers FC (3),2-3,1-1,Manchester City FC (3)
?,(Tue) 26 Aug 2003 (W35),Charlton Athletic FC (3),2-2,1-1,Everton FC (3)
?,(Tue) 26 Aug 2003 (W35),Leeds United FC (3),0-0,0-0,Southampton FC (3)
?,(Tue) 26 Aug 2003 (W35),Leicester City FC (3),0-0,0-0,Middlesbrough FC (3)
?,(Tue) 26 Aug 2003 (W35),Portsmouth FC (3),4-0,0-0,Bolton Wanderers FC (3)
?,(Wed) 27 Aug 2003 (W35),Arsenal FC (3),2-0,0-0,Aston Villa FC (3)
?,(Wed) 27 Aug 2003 (W35),Liverpool FC (3),0-0,0-0,Tottenham Hotspur FC (3)
?,(Wed) 27 Aug 2003 (W35),Manchester United FC (3),1-0,0-0,Wolverhampton Wanderers FC (3)
?,(Sat) 30 Aug 2003 (W35),Aston Villa FC (4),3-1,3-0,Leicester City FC (4)
?,(Sat) 30 Aug 2003 (W35),Bolton Wanderers FC (4),0-0,0-0,Charlton Athletic FC (4)
?,(Sat) 30 Aug 2003 (W35),Chelsea FC (3),2-2,1-1,Blackburn Rovers FC (4)
?,(Sat) 30 Aug 2003 (W35),Everton FC (4),0-3,0-1,Liverpool FC (4)
?,(Sat) 30 Aug 2003 (W35),Middlesbrough FC (4),2-3,0-1,Leeds United FC (4)
?,(Sat) 30 Aug 2003 (W35),Newcastle United FC (3),0-1,0-0,Birmingham City FC (3)
?,(Sat) 30 Aug 2003 (W35),Tottenham Hotspur FC (4),0-3,0-1,Fulham FC (3)
?,(Sat) 30 Aug 2003 (W35),Wolverhampton Wanderers FC (4),0-0,0-0,Portsmouth FC (4)
?,(Sun) 31 Aug 2003 (W35),Manchester City FC (4),1-2,1-0,Arsenal FC (4)
?,(Sun) 31 Aug 2003 (W35),Southampton FC (4),1-0,0-0,Manchester United FC (4)
?,(Sat) 13 Sep 2003 (W37),Arsenal FC (5),1-1,1-1,Portsmouth FC (5)
?,(Sat) 13 Sep 2003 (W37),Blackburn Rovers FC (5),1-3,1-1,Liverpool FC (5)
?,(Sat) 13 Sep 2003 (W37),Bolton Wanderers FC (5),2-0,1-0,Middlesbrough FC (5)
?,(Sat) 13 Sep 2003 (W37),Charlton Athletic FC (5),0-2,0-0,Manchester United FC (5)
?,(Sat) 13 Sep 2003 (W37),Chelsea FC (4),4-2,2-1,Tottenham Hotspur FC (5)
?,(Sat) 13 Sep 2003 (W37),Everton FC (5),2-2,0-0,Newcastle United FC (4)
?,(Sat) 13 Sep 2003 (W37),Southampton FC (5),2-0,1-0,Wolverhampton Wanderers FC (5)
?,(Sun) 14 Sep 2003 (W37),Birmingham City FC (4),2-2,1-1,Fulham FC (4)
?,(Sun) 14 Sep 2003 (W37),Manchester City FC (5),4-1,0-1,Aston Villa FC (5)
?,(Mon) 15 Sep 2003 (W38),Leicester City FC (5),4-0,2-0,Leeds United FC (5)
?,(Sat) 20 Sep 2003 (W38),Aston Villa FC (6),2-1,1-0,Charlton Athletic FC (6)
?,(Sat) 20 Sep 2003 (W38),Fulham FC (5),2-2,0-0,Manchester City FC (6)
?,(Sat) 20 Sep 2003 (W38),Leeds United FC (6),0-2,0-0,Birmingham City FC (5)
?,(Sat) 20 Sep 2003 (W38),Liverpool FC (6),2-1,1-0,Leicester City FC (6)
?,(Sat) 20 Sep 2003 (W38),Newcastle United FC (5),0-0,0-0,Bolton Wanderers FC (6)
?,(Sat) 20 Sep 2003 (W38),Portsmouth FC (6),1-2,0-2,Blackburn Rovers FC (6)
?,(Sat) 20 Sep 2003 (W38),Tottenham Hotspur FC (6),1-3,0-2,Southampton FC (6)
?,(Sat) 20 Sep 2003 (W38),Wolverhampton Wanderers FC (6),0-5,0-2,Chelsea FC (5)
?,(Sun) 21 Sep 2003 (W38),Manchester United FC (6),0-0,0-0,Arsenal FC (6)
?,(Sun) 21 Sep 2003 (W38),Middlesbrough FC (6),1-0,1-0,Everton FC (6)
?,(Fri) 26 Sep 2003 (W39),Arsenal FC (7),3-2,1-1,Newcastle United FC (6)
?,(Sat) 27 Sep 2003 (W39),Birmingham City FC (6),2-0,1-0,Portsmouth FC (7)
?,(Sat) 27 Sep 2003 (W39),Bolton Wanderers FC (7),1-1,0-1,Wolverhampton Wanderers FC (7)
?,(Sat) 27 Sep 2003 (W39),Chelsea FC (6),1-0,1-0,Aston Villa FC (7)
?,(Sat) 27 Sep 2003 (W39),Leicester City FC (7),1-4,0-3,Manchester United FC (7)
?,(Sat) 27 Sep 2003 (W39),Southampton FC (7),0-1,0-1,Middlesbrough FC (7)
?,(Sun) 28 Sep 2003 (W39),Blackburn Rovers FC (7),0-2,0-1,Fulham FC (6)
?,(Sun) 28 Sep 2003 (W39),Charlton Athletic FC (7),3-2,2-1,Liverpool FC (7)
?,(Sun) 28 Sep 2003 (W39),Everton FC (7),4-0,3-0,Leeds United FC (7)
?,(Sun) 28 Sep 2003 (W39),Manchester City FC (7),0-0,0-0,Tottenham Hotspur FC (7)
?,(Sat) 4 Oct 2003 (W40),Fulham FC (7),2-0,1-0,Leicester City FC (8)
?,(Sat) 4 Oct 2003 (W40),Leeds United FC (8),2-1,2-0,Blackburn Rovers FC (8)
?,(Sat) 4 Oct 2003 (W40),Liverpool FC (8),1-2,1-1,Arsenal FC (8)
?,(Sat) 4 Oct 2003 (W40),Manchester United FC (8),3-0,1-0,Birmingham City FC (7)
?,(Sat) 4 Oct 2003 (W40),Newcastle United FC (7),1-0,1-0,Southampton FC (8)
?,(Sat) 4 Oct 2003 (W40),Portsmouth FC (8),1-2,1-0,Charlton Athletic FC (8)
?,(Sat) 4 Oct 2003 (W40),Tottenham Hotspur FC (8),3-0,1-0,Everton FC (8)
?,(Sat) 4 Oct 2003 (W40),Wolverhampton Wanderers FC (8),1-0,0-0,Manchester City FC (8)
?,(Sun) 5 Oct 2003 (W40),Aston Villa FC (8),1-1,0-0,Bolton Wanderers FC (8)
?,(Sun) 5 Oct 2003 (W40),Middlesbrough FC (8),1-2,0-1,Chelsea FC (7)
?,(Tue) 14 Oct 2003 (W42),Birmingham City FC (8),0-0,0-0,Chelsea FC (8)
?,(Sat) 18 Oct 2003 (W42),Arsenal FC (9),2-1,1-1,Chelsea FC (9)
?,(Sat) 18 Oct 2003 (W42),Fulham FC (8),0-0,0-0,Wolverhampton Wanderers FC (9)
?,(Sat) 18 Oct 2003 (W42),Leeds United FC (9),0-1,0-0,Manchester United FC (9)
?,(Sat) 18 Oct 2003 (W42),Manchester City FC (9),6-2,1-1,Bolton Wanderers FC (9)
?,(Sat) 18 Oct 2003 (W42),Middlesbrough FC (9),0-1,0-1,Newcastle United FC (8)
?,(Sat) 18 Oct 2003 (W42),Portsmouth FC (9),1-0,1-0,Liverpool FC (9)
?,(Sun) 19 Oct 2003 (W42),Birmingham City FC (9),0-0,0-0,Aston Villa FC (9)
?,(Sun) 19 Oct 2003 (W42),Everton FC (9),0-0,0-0,Southampton FC (9)
?,(Sun) 19 Oct 2003 (W42),Leicester City FC (9),1-2,1-0,Tottenham Hotspur FC (9)
?,(Mon) 20 Oct 2003 (W43),Blackburn Rovers FC (9),0-1,0-1,Charlton Athletic FC (9)
?,(Tue) 21 Oct 2003 (W43),Fulham FC (9),2-3,2-1,Newcastle United FC (9)
?,(Sat) 25 Oct 2003 (W43),Aston Villa FC (10),0-0,0-0,Everton FC (10)
?,(Sat) 25 Oct 2003 (W43),Bolton Wanderers FC (10),0-1,0-1,Birmingham City FC (10)
?,(Sat) 25 Oct 2003 (W43),Chelsea FC (10),1-0,1-0,Manchester City FC (10)
?,(Sat) 25 Oct 2003 (W43),Liverpool FC (10),3-1,1-1,Leeds United FC (10)
?,(Sat) 25 Oct 2003 (W43),Manchester United FC (10),1-3,1-1,Fulham FC (10)
?,(Sat) 25 Oct 2003 (W43),Newcastle United FC (10),3-0,2-0,Portsmouth FC (10)
?,(Sat) 25 Oct 2003 (W43),Southampton FC (10),2-0,0-0,Blackburn Rovers FC (10)
?,(Sat) 25 Oct 2003 (W43),Wolverhampton Wanderers FC (10),4-3,0-3,Leicester City FC (10)
?,(Sun) 26 Oct 2003 (W43),Charlton Athletic FC (10),1-1,1-1,Arsenal FC (10)
?,(Sun) 26 Oct 2003 (W43),Tottenham Hotspur FC (10),0-0,0-0,Middlesbrough FC (10)
?,(Sat) 1 Nov 2003 (W44),Everton FC (11),0-1,0-0,Chelsea FC (11)
?,(Sat) 1 Nov 2003 (W44),Leeds United FC (11),1-4,0-3,Arsenal FC (11)
?,(Sat) 1 Nov 2003 (W44),Manchester United FC (11),3-0,1-0,Portsmouth FC (11)
?,(Sat) 1 Nov 2003 (W44),Middlesbrough FC (11),2-0,0-0,Wolverhampton Wanderers FC (11)
?,(Sat) 1 Nov 2003 (W44),Newcastle United FC (11),1-1,1-1,Aston Villa FC (11)
?,(Sat) 1 Nov 2003 (W44),Southampton FC (11),0-2,0-1,Manchester City FC (11)
?,(Sat) 1 Nov 2003 (W44),Tottenham Hotspur FC (11),0-1,0-0,Bolton Wanderers FC (11)
?,(Sun) 2 Nov 2003 (W44),Fulham FC (11),1-2,1-1,Liverpool FC (11)
?,(Sun) 2 Nov 2003 (W44),Leicester City FC (11),2-0,0-0,Blackburn Rovers FC (11)
?,(Mon) 3 Nov 2003 (W45),Birmingham City FC (11),1-2,0-1,Charlton Athletic FC (11)
?,(Sat) 8 Nov 2003 (W45),Arsenal FC (12),2-1,0-1,Tottenham Hotspur FC (12)
?,(Sat) 8 Nov 2003 (W45),Aston Villa FC (12),0-2,0-1,Middlesbrough FC (12)
?,(Sat) 8 Nov 2003 (W45),Bolton Wanderers FC (12),0-0,0-0,Southampton FC (12)
?,(Sat) 8 Nov 2003 (W45),Charlton Athletic FC (12),3-1,1-0,Fulham FC (12)
?,(Sat) 8 Nov 2003 (W45),Portsmouth FC (12),6-1,2-1,Leeds United FC (12)
?,(Sat) 8 Nov 2003 (W45),Wolverhampton Wanderers FC (12),1-1,0-0,Birmingham City FC (12)
?,(Sun) 9 Nov 2003 (W45),Chelsea FC (12),5-0,3-0,Newcastle United FC (12)
?,(Sun) 9 Nov 2003 (W45),Liverpool FC (12),1-2,0-0,Manchester United FC (12)
?,(Sun) 9 Nov 2003 (W45),Manchester City FC (12),0-3,0-1,Leicester City FC (12)
?,(Mon) 10 Nov 2003 (W46),Blackburn Rovers FC (12),2-1,2-0,Everton FC (12)
?,(Sat) 22 Nov 2003 (W47),Birmingham City FC (13),0-3,0-1,Arsenal FC (13)
?,(Sat) 22 Nov 2003 (W47),Everton FC (13),2-0,2-0,Wolverhampton Wanderers FC (13)
?,(Sat) 22 Nov 2003 (W47),Leeds United FC (13),0-2,0-2,Bolton Wanderers FC (13)
?,(Sat) 22 Nov 2003 (W47),Leicester City FC (13),1-1,1-0,Charlton Athletic FC (13)
?,(Sat) 22 Nov 2003 (W47),Manchester United FC (13),2-1,2-0,Blackburn Rovers FC (13)
?,(Sat) 22 Nov 2003 (W47),Middlesbrough FC (13),0-0,0-0,Liverpool FC (13)
?,(Sat) 22 Nov 2003 (W47),Newcastle United FC (13),3-0,0-0,Manchester City FC (13)
?,(Sat) 22 Nov 2003 (W47),Southampton FC (13),0-1,0-0,Chelsea FC (13)
?,(Sun) 23 Nov 2003 (W47),Tottenham Hotspur FC (13),2-1,0-0,Aston Villa FC (13)
?,(Mon) 24 Nov 2003 (W48),Fulham FC (13),2-0,2-0,Portsmouth FC (13)
?,(Sat) 29 Nov 2003 (W48),Aston Villa FC (14),1-0,1-0,Southampton FC (14)
?,(Sat) 29 Nov 2003 (W48),Blackburn Rovers FC (14),1-0,0-0,Tottenham Hotspur FC (14)
?,(Sat) 29 Nov 2003 (W48),Bolton Wanderers FC (14),2-0,1-0,Everton FC (14)
?,(Sat) 29 Nov 2003 (W48),Charlton Athletic FC (14),0-1,0-1,Leeds United FC (14)
?,(Sat) 29 Nov 2003 (W48),Portsmouth FC (14),0-2,0-1,Leicester City FC (14)
?,(Sat) 29 Nov 2003 (W48),Wolverhampton Wanderers FC (14),1-1,1-1,Newcastle United FC (14)
?,(Sun) 30 Nov 2003 (W48),Arsenal FC (14),0-0,0-0,Fulham FC (14)
?,(Sun) 30 Nov 2003 (W48),Chelsea FC (14),1-0,1-0,Manchester United FC (14)
?,(Sun) 30 Nov 2003 (W48),Liverpool FC (14),3-1,1-1,Birmingham City FC (14)
?,(Sun) 30 Nov 2003 (W48),Manchester City FC (14),0-1,0-1,Middlesbrough FC (14)
?,(Sat) 6 Dec 2003 (W49),Birmingham City FC (15),0-4,0-0,Blackburn Rovers FC (15)
?,(Sat) 6 Dec 2003 (W49),Fulham FC (15),2-1,0-0,Bolton Wanderers FC (15)
?,(Sat) 6 Dec 2003 (W49),Leeds United FC (15),1-1,1-0,Chelsea FC (15)
?,(Sat) 6 Dec 2003 (W49),Leicester City FC (15),1-1,0-0,Arsenal FC (15)
?,(Sat) 6 Dec 2003 (W49),Manchester United FC (15),4-0,2-0,Aston Villa FC (15)
?,(Sat) 6 Dec 2003 (W49),Middlesbrough FC (15),0-0,0-0,Portsmouth FC (15)
?,(Sat) 6 Dec 2003 (W49),Newcastle United FC (15),1-1,0-1,Liverpool FC (15)
?,(Sat) 6 Dec 2003 (W49),Tottenham Hotspur FC (15),5-2,1-1,Wolverhampton Wanderers FC (15)
?,(Sun) 7 Dec 2003 (W49),Everton FC (15),0-0,0-0,Manchester City FC (15)
?,(Sun) 7 Dec 2003 (W49),Southampton FC (15),3-2,2-0,Charlton Athletic FC (15)
?,(Sat) 13 Dec 2003 (W50),Chelsea FC (16),1-2,1-1,Bolton Wanderers FC (16)
?,(Sat) 13 Dec 2003 (W50),Leicester City FC (16),0-2,0-1,Birmingham City FC (16)
?,(Sat) 13 Dec 2003 (W50),Liverpool FC (16),1-2,0-1,Southampton FC (16)
?,(Sat) 13 Dec 2003 (W50),Manchester United FC (16),3-1,2-0,Manchester City FC (16)
?,(Sat) 13 Dec 2003 (W50),Middlesbrough FC (16),0-0,0-0,Charlton Athletic FC (16)
?,(Sat) 13 Dec 2003 (W50),Newcastle United FC (16),4-0,1-0,Tottenham Hotspur FC (16)
?,(Sat) 13 Dec 2003 (W50),Portsmouth FC (16),1-2,1-2,Everton FC (16)
?,(Sun) 14 Dec 2003 (W50),Arsenal FC (16),1-0,1-0,Blackburn Rovers FC (16)
?,(Sun) 14 Dec 2003 (W50),Aston Villa FC (16),3-2,2-1,Wolverhampton Wanderers FC (16)
?,(Sun) 14 Dec 2003 (W50),Leeds United FC (16),3-2,1-0,Fulham FC (16)
?,(Sat) 20 Dec 2003 (W51),Blackburn Rovers FC (17),0-2,0-0,Aston Villa FC (17)
?,(Sat) 20 Dec 2003 (W51),Bolton Wanderers FC (17),1-1,0-0,Arsenal FC (17)
?,(Sat) 20 Dec 2003 (W51),Charlton Athletic FC (17),0-0,0-0,Newcastle United FC (17)
?,(Sat) 20 Dec 2003 (W51),Everton FC (17),3-2,1-1,Leicester City FC (17)
?,(Sat) 20 Dec 2003 (W51),Fulham FC (17),0-1,0-0,Chelsea FC (17)
?,(Sun) 21 Dec 2003 (W51),Southampton FC (17),3-0,1-0,Portsmouth FC (17)
?,(Sun) 21 Dec 2003 (W51),Tottenham Hotspur FC (17),1-2,0-2,Manchester United FC (17)
?,(Mon) 22 Dec 2003 (W52),Manchester City FC (17),1-1,0-1,Leeds United FC (17)
?,(Fri) 26 Dec 2003 (W52),Arsenal FC (18),3-0,2-0,Wolverhampton Wanderers FC (17)
?,(Fri) 26 Dec 2003 (W52),Birmingham City FC (17),2-1,0-1,Manchester City FC (18)
?,(Fri) 26 Dec 2003 (W52),Blackburn Rovers FC (18),2-2,1-1,Middlesbrough FC (17)
?,(Fri) 26 Dec 2003 (W52),Charlton Athletic FC (18),4-2,2-1,Chelsea FC (18)
?,(Fri) 26 Dec 2003 (W52),Fulham FC (18),2-0,1-0,Southampton FC (18)
?,(Fri) 26 Dec 2003 (W52),Leeds United FC (18),0-0,0-0,Aston Villa FC (18)
?,(Fri) 26 Dec 2003 (W52),Leicester City FC (18),1-1,0-0,Newcastle United FC (18)
?,(Fri) 26 Dec 2003 (W52),Liverpool FC (17),3-1,1-0,Bolton Wanderers FC (18)
?,(Fri) 26 Dec 2003 (W52),Manchester United FC (18),3-2,2-1,Everton FC (18)
?,(Fri) 26 Dec 2003 (W52),Portsmouth FC (18),2-0,0-0,Tottenham Hotspur FC (18)
?,(Sun) 28 Dec 2003 (W52),Aston Villa FC (19),3-0,1-0,Fulham FC (19)
?,(Sun) 28 Dec 2003 (W52),Bolton Wanderers FC (19),2-2,1-1,Leicester City FC (19)
?,(Sun) 28 Dec 2003 (W52),Chelsea FC (19),3-0,0-0,Portsmouth FC (19)
?,(Sun) 28 Dec 2003 (W52),Everton FC (19),1-0,0-0,Birmingham City FC (18)
?,(Sun) 28 Dec 2003 (W52),Manchester City FC (19),2-2,1-0,Liverpool FC (18)
?,(Sun) 28 Dec 2003 (W52),Middlesbrough FC (18),0-1,0-1,Manchester United FC (19)
?,(Sun) 28 Dec 2003 (W52),Newcastle United FC (19),0-1,0-0,Blackburn Rovers FC (19)
?,(Sun) 28 Dec 2003 (W52),Tottenham Hotspur FC (19),0-1,0-0,Charlton Athletic FC (19)
?,(Sun) 28 Dec 2003 (W52),Wolverhampton Wanderers FC (18),3-1,1-1,Leeds United FC (19)
?,(Mon) 29 Dec 2003 (W1),Southampton FC (19),0-1,0-1,Arsenal FC (19)
?,(Tue) 6 Jan 2004 (W2),Aston Villa FC (20),2-1,1-0,Portsmouth FC (20)
?,(Wed) 7 Jan 2004 (W2),Bolton Wanderers FC (20),1-2,0-2,Manchester United FC (20)
?,(Wed) 7 Jan 2004 (W2),Chelsea FC (20),0-1,0-1,Liverpool FC (19)
?,(Wed) 7 Jan 2004 (W2),Everton FC (20),1-1,0-1,Arsenal FC (20)
?,(Wed) 7 Jan 2004 (W2),Manchester City FC (20),1-1,1-0,Charlton Athletic FC (20)
?,(Wed) 7 Jan 2004 (W2),Middlesbrough FC (19),2-1,1-0,Fulham FC (20)
?,(Wed) 7 Jan 2004 (W2),Newcastle United FC (20),1-0,1-0,Leeds United FC (20)
?,(Wed) 7 Jan 2004 (W2),Southampton FC (20),0-0,0-0,Leicester City FC (20)
?,(Wed) 7 Jan 2004 (W2),Tottenham Hotspur FC (20),4-1,3-0,Birmingham City FC (19)
?,(Wed) 7 Jan 2004 (W2),Wolverhampton Wanderers FC (19),2-2,0-1,Blackburn Rovers FC (20)
?,(Sat) 10 Jan 2004 (W2),Arsenal FC (21),4-1,2-0,Middlesbrough FC (20)
?,(Sat) 10 Jan 2004 (W2),Birmingham City FC (20),2-1,1-1,Southampton FC (21)
?,(Sat) 10 Jan 2004 (W2),Blackburn Rovers FC (21),3-4,3-2,Bolton Wanderers FC (21)
?,(Sat) 10 Jan 2004 (W2),Charlton Athletic FC (21),2-0,1-0,Wolverhampton Wanderers FC (20)
?,(Sat) 10 Jan 2004 (W2),Fulham FC (21),2-1,1-0,Everton FC (21)
?,(Sat) 10 Jan 2004 (W2),Leeds United FC (21),0-1,0-0,Tottenham Hotspur FC (21)
?,(Sat) 10 Jan 2004 (W2),Liverpool FC (20),1-0,1-0,Aston Villa FC (21)
?,(Sat) 10 Jan 2004 (W2),Portsmouth FC (21),4-2,1-2,Manchester City FC (21)
?,(Sun) 11 Jan 2004 (W2),Leicester City FC (21),0-4,0-2,Chelsea FC (21)
?,(Sun) 11 Jan 2004 (W2),Manchester United FC (21),0-0,0-0,Newcastle United FC (21)
?,(Sat) 17 Jan 2004 (W3),Bolton Wanderers FC (22),1-0,0-0,Portsmouth FC (22)
?,(Sat) 17 Jan 2004 (W3),Everton FC (22),0-1,0-1,Charlton Athletic FC (22)
?,(Sat) 17 Jan 2004 (W3),Manchester City FC (22),1-1,0-0,Blackburn Rovers FC (22)
?,(Sat) 17 Jan 2004 (W3),Middlesbrough FC (21),3-3,1-0,Leicester City FC (22)
?,(Sat) 17 Jan 2004 (W3),Southampton FC (22),2-1,2-0,Leeds United FC (22)
?,(Sat) 17 Jan 2004 (W3),Tottenham Hotspur FC (22),2-1,1-0,Liverpool FC (21)
?,(Sat) 17 Jan 2004 (W3),Wolverhampton Wanderers FC (21),1-0,0-0,Manchester United FC (22)
?,(Sun) 18 Jan 2004 (W3),Aston Villa FC (22),0-2,0-1,Arsenal FC (22)
?,(Sun) 18 Jan 2004 (W3),Chelsea FC (22),0-0,0-0,Birmingham City FC (21)
?,(Mon) 19 Jan 2004 (W4),Newcastle United FC (22),3-1,2-0,Fulham FC (22)
?,(Wed) 21 Jan 2004 (W4),Wolverhampton Wanderers FC (22),1-1,0-1,Liverpool FC (22)
?,(Sat) 31 Jan 2004 (W5),Birmingham City FC (22),1-1,0-1,Newcastle United FC (23)
?,(Sat) 31 Jan 2004 (W5),Charlton Athletic FC (23),1-2,1-1,Bolton Wanderers FC (23)
?,(Sat) 31 Jan 2004 (W5),Fulham FC (23),2-1,1-1,Tottenham Hotspur FC (23)
?,(Sat) 31 Jan 2004 (W5),Leeds United FC (23),0-3,0-0,Middlesbrough FC (22)
?,(Sat) 31 Jan 2004 (W5),Leicester City FC (23),0-5,0-0,Aston Villa FC (23)
?,(Sat) 31 Jan 2004 (W5),Liverpool FC (23),0-0,0-0,Everton FC (23)
?,(Sat) 31 Jan 2004 (W5),Manchester United FC (23),3-2,2-1,Southampton FC (23)
?,(Sat) 31 Jan 2004 (W5),Portsmouth FC (23),0-0,0-0,Wolverhampton Wanderers FC (23)
?,(Sun) 1 Feb 2004 (W5),Arsenal FC (23),2-1,1-0,Manchester City FC (23)
?,(Sun) 1 Feb 2004 (W5),Blackburn Rovers FC (23),2-3,1-2,Chelsea FC (23)
?,(Sat) 7 Feb 2004 (W6),Aston Villa FC (24),2-0,1-0,Leeds United FC (24)
?,(Sat) 7 Feb 2004 (W6),Bolton Wanderers FC (24),2-2,1-0,Liverpool FC (24)
?,(Sat) 7 Feb 2004 (W6),Everton FC (24),3-4,0-3,Manchester United FC (24)
?,(Sat) 7 Feb 2004 (W6),Middlesbrough FC (23),0-1,0-1,Blackburn Rovers FC (24)
?,(Sat) 7 Feb 2004 (W6),Newcastle United FC (24),3-1,2-0,Leicester City FC (24)
?,(Sat) 7 Feb 2004 (W6),Southampton FC (24),0-0,0-0,Fulham FC (24)
?,(Sat) 7 Feb 2004 (W6),Tottenham Hotspur FC (24),4-3,2-1,Portsmouth FC (24)
?,(Sat) 7 Feb 2004 (W6),Wolverhampton Wanderers FC (24),1-3,1-1,Arsenal FC (24)
?,(Sun) 8 Feb 2004 (W6),Chelsea FC (24),1-0,1-0,Charlton Athletic FC (24)
?,(Sun) 8 Feb 2004 (W6),Manchester City FC (24),0-0,0-0,Birmingham City FC (23)
?,(Tue) 10 Feb 2004 (W7),Arsenal FC (25),2-0,1-0,Southampton FC (25)
?,(Tue) 10 Feb 2004 (W7),Leeds United FC (25),4-1,2-1,Wolverhampton Wanderers FC (25)
?,(Tue) 10 Feb 2004 (W7),Leicester City FC (25),1-1,1-1,Bolton Wanderers FC (25)
?,(Wed) 11 Feb 2004 (W7),Birmingham City FC (24),3-0,2-0,Everton FC (25)
?,(Wed) 11 Feb 2004 (W7),Blackburn Rovers FC (25),1-1,0-0,Newcastle United FC (25)
?,(Wed) 11 Feb 2004 (W7),Charlton Athletic FC (25),2-4,0-2,Tottenham Hotspur FC (25)
?,(Wed) 11 Feb 2004 (W7),Fulham FC (25),1-2,1-2,Aston Villa FC (25)
?,(Wed) 11 Feb 2004 (W7),Liverpool FC (25),2-1,1-0,Manchester City FC (25)
?,(Wed) 11 Feb 2004 (W7),Manchester United FC (25),2-3,1-2,Middlesbrough FC (24)
?,(Wed) 11 Feb 2004 (W7),Portsmouth FC (25),0-2,0-1,Chelsea FC (25)
?,(Sat) 21 Feb 2004 (W8),Bolton Wanderers FC (26),1-3,1-2,Manchester City FC (26)
?,(Sat) 21 Feb 2004 (W8),Charlton Athletic FC (26),3-2,2-0,Blackburn Rovers FC (26)
?,(Sat) 21 Feb 2004 (W8),Chelsea FC (26),1-2,1-2,Arsenal FC (26)
?,(Sat) 21 Feb 2004 (W8),Manchester United FC (26),1-1,0-0,Leeds United FC (26)
?,(Sat) 21 Feb 2004 (W8),Newcastle United FC (26),2-1,0-1,Middlesbrough FC (25)
?,(Sat) 21 Feb 2004 (W8),Southampton FC (26),3-3,0-2,Everton FC (26)
?,(Sat) 21 Feb 2004 (W8),Wolverhampton Wanderers FC (26),2-1,1-0,Fulham FC (26)
?,(Sun) 22 Feb 2004 (W8),Aston Villa FC (26),2-2,1-0,Birmingham City FC (25)
?,(Sun) 22 Feb 2004 (W8),Tottenham Hotspur FC (26),4-4,3-1,Leicester City FC (26)
?,(Sat) 28 Feb 2004 (W9),Arsenal FC (27),2-1,2-0,Charlton Athletic FC (27)
?,(Sat) 28 Feb 2004 (W9),Blackburn Rovers FC (27),1-1,0-1,Southampton FC (27)
?,(Sat) 28 Feb 2004 (W9),Everton FC (27),2-0,0-0,Aston Villa FC (27)
?,(Sat) 28 Feb 2004 (W9),Fulham FC (27),1-1,0-1,Manchester United FC (27)
?,(Sat) 28 Feb 2004 (W9),Leicester City FC (27),0-0,0-0,Wolverhampton Wanderers FC (27)
?,(Sat) 28 Feb 2004 (W9),Manchester City FC (27),0-1,0-0,Chelsea FC (27)
?,(Sun) 29 Feb 2004 (W9),Leeds United FC (27),2-2,2-2,Liverpool FC (26)
?,(Sun) 29 Feb 2004 (W9),Portsmouth FC (26),1-1,0-1,Newcastle United FC (27)
?,(Wed) 3 Mar 2004 (W10),Birmingham City FC (26),3-1,1-0,Middlesbrough FC (26)
?,(Sat) 6 Mar 2004 (W10),Birmingham City FC (27),2-0,1-0,Bolton Wanderers FC (27)
?,(Tue) 9 Mar 2004 (W11),Middlesbrough FC (27),1-0,0-0,Tottenham Hotspur FC (27)
?,(Sat) 13 Mar 2004 (W11),Birmingham City FC (28),0-1,0-0,Leicester City FC (28)
?,(Sat) 13 Mar 2004 (W11),Blackburn Rovers FC (28),0-2,0-0,Arsenal FC (28)
?,(Sat) 13 Mar 2004 (W11),Bolton Wanderers FC (28),0-2,0-0,Chelsea FC (28)
?,(Sat) 13 Mar 2004 (W11),Charlton Athletic FC (28),1-0,1-0,Middlesbrough FC (28)
?,(Sat) 13 Mar 2004 (W11),Everton FC (28),1-0,0-0,Portsmouth FC (27)
?,(Sat) 13 Mar 2004 (W11),Fulham FC (28),2-0,0-0,Leeds United FC (28)
?,(Sun) 14 Mar 2004 (W11),Manchester City FC (28),4-1,2-1,Manchester United FC (28)
?,(Sun) 14 Mar 2004 (W11),Southampton FC (28),2-0,0-0,Liverpool FC (27)
?,(Sun) 14 Mar 2004 (W11),Tottenham Hotspur FC (28),1-0,0-0,Newcastle United FC (28)
?,(Sun) 14 Mar 2004 (W11),Wolverhampton Wanderers FC (28),0-4,0-3,Aston Villa FC (28)
?,(Wed) 17 Mar 2004 (W12),Liverpool FC (28),3-0,2-0,Portsmouth FC (28)
?,(Sat) 20 Mar 2004 (W12),Arsenal FC (29),2-1,2-1,Bolton Wanderers FC (29)
?,(Sat) 20 Mar 2004 (W12),Aston Villa FC (29),0-2,0-2,Blackburn Rovers FC (29)
?,(Sat) 20 Mar 2004 (W12),Chelsea FC (29),2-1,2-1,Fulham FC (29)
?,(Sat) 20 Mar 2004 (W12),Leicester City FC (29),1-1,0-0,Everton FC (29)
?,(Sat) 20 Mar 2004 (W12),Liverpool FC (29),1-0,0-0,Wolverhampton Wanderers FC (29)
?,(Sat) 20 Mar 2004 (W12),Manchester United FC (29),3-0,1-0,Tottenham Hotspur FC (29)
?,(Sat) 20 Mar 2004 (W12),Middlesbrough FC (29),5-3,4-2,Birmingham City FC (29)
?,(Sat) 20 Mar 2004 (W12),Newcastle United FC (29),3-1,2-0,Charlton Athletic FC (29)
?,(Sun) 21 Mar 2004 (W12),Portsmouth FC (29),1-0,0-0,Southampton FC (29)
?,(Mon) 22 Mar 2004 (W13),Leeds United FC (29),2-1,1-1,Manchester City FC (29)
?,(Sat) 27 Mar 2004 (W13),Birmingham City FC (30),4-1,1-1,Leeds United FC (30)
?,(Sat) 27 Mar 2004 (W13),Blackburn Rovers FC (30),1-2,1-1,Portsmouth FC (30)
?,(Sat) 27 Mar 2004 (W13),Charlton Athletic FC (30),1-2,1-1,Aston Villa FC (30)
?,(Sat) 27 Mar 2004 (W13),Chelsea FC (30),5-2,1-1,Wolverhampton Wanderers FC (30)
?,(Sat) 27 Mar 2004 (W13),Everton FC (30),1-1,0-0,Middlesbrough FC (30)
?,(Sat) 27 Mar 2004 (W13),Manchester City FC (30),0-0,0-0,Fulham FC (30)
?,(Sat) 27 Mar 2004 (W13),Southampton FC (30),1-0,0-0,Tottenham Hotspur FC (30)
?,(Sun) 28 Mar 2004 (W13),Arsenal FC (30),1-1,0-0,Manchester United FC (30)
?,(Sun) 28 Mar 2004 (W13),Bolton Wanderers FC (30),1-0,1-0,Newcastle United FC (30)
?,(Sun) 28 Mar 2004 (W13),Leicester City FC (30),0-0,0-0,Liverpool FC (30)
?,(Sat) 3 Apr 2004 (W14),Fulham FC (31),0-0,0-0,Birmingham City FC (31)
?,(Sat) 3 Apr 2004 (W14),Middlesbrough FC (31),2-0,1-0,Bolton Wanderers FC (31)
?,(Sat) 3 Apr 2004 (W14),Newcastle United FC (31),4-2,2-1,Everton FC (31)
?,(Sat) 3 Apr 2004 (W14),Tottenham Hotspur FC (31),0-1,0-1,Chelsea FC (31)
?,(Sat) 3 Apr 2004 (W14),Wolverhampton Wanderers FC (31),1-4,0-1,Southampton FC (31)
?,(Sun) 4 Apr 2004 (W14),Aston Villa FC (31),1-1,1-0,Manchester City FC (31)
?,(Sun) 4 Apr 2004 (W14),Liverpool FC (31),4-0,3-0,Blackburn Rovers FC (31)
?,(Mon) 5 Apr 2004 (W15),Leeds United FC (31),3-2,2-0,Leicester City FC (31)
?,(Fri) 9 Apr 2004 (W15),Arsenal FC (31),4-2,1-2,Liverpool FC (32)
?,(Fri) 9 Apr 2004 (W15),Everton FC (32),3-1,3-0,Tottenham Hotspur FC (32)
?,(Sat) 10 Apr 2004 (W15),Birmingham City FC (32),1-2,1-0,Manchester United FC (31)
?,(Sat) 10 Apr 2004 (W15),Blackburn Rovers FC (32),1-2,0-1,Leeds United FC (32)
?,(Sat) 10 Apr 2004 (W15),Bolton Wanderers FC (32),2-2,0-1,Aston Villa FC (32)
?,(Sat) 10 Apr 2004 (W15),Charlton Athletic FC (31),1-1,1-0,Portsmouth FC (31)
?,(Sat) 10 Apr 2004 (W15),Chelsea FC (32),0-0,0-0,Middlesbrough FC (32)
?,(Sat) 10 Apr 2004 (W15),Leicester City FC (32),0-2,0-0,Fulham FC (32)
?,(Sat) 10 Apr 2004 (W15),Manchester City FC (32),3-3,2-2,Wolverhampton Wanderers FC (32)
?,(Sun) 11 Apr 2004 (W15),Newcastle United FC (32),0-0,0-0,Arsenal FC (32)
?,(Mon) 12 Apr 2004 (W16),Aston Villa FC (33),3-2,1-1,Chelsea FC (33)
?,(Mon) 12 Apr 2004 (W16),Fulham FC (33),3-4,2-1,Blackburn Rovers FC (33)
?,(Mon) 12 Apr 2004 (W16),Liverpool FC (33),0-1,0-0,Charlton Athletic FC (32)
?,(Mon) 12 Apr 2004 (W16),Middlesbrough FC (33),3-1,2-0,Southampton FC (32)
?,(Mon) 12 Apr 2004 (W16),Portsmouth FC (32),3-1,1-0,Birmingham City FC (33)
?,(Mon) 12 Apr 2004 (W16),Tottenham Hotspur FC (33),1-1,0-1,Manchester City FC (33)
?,(Mon) 12 Apr 2004 (W16),Wolverhampton Wanderers FC (33),1-2,1-1,Bolton Wanderers FC (33)
?,(Tue) 13 Apr 2004 (W16),Leeds United FC (33),1-1,0-1,Everton FC (33)
?,(Tue) 13 Apr 2004 (W16),Manchester United FC (32),1-0,0-0,Leicester City FC (33)
?,(Fri) 16 Apr 2004 (W16),Arsenal FC (33),5-0,3-0,Leeds United FC (34)
?,(Sat) 17 Apr 2004 (W16),Blackburn Rovers FC (34),1-0,1-0,Leicester City FC (34)
?,(Sat) 17 Apr 2004 (W16),Bolton Wanderers FC (34),2-0,1-0,Tottenham Hotspur FC (34)
?,(Sat) 17 Apr 2004 (W16),Charlton Athletic FC (33),1-1,0-0,Birmingham City FC (34)
?,(Sat) 17 Apr 2004 (W16),Chelsea FC (34),0-0,0-0,Everton FC (34)
?,(Sat) 17 Apr 2004 (W16),Liverpool FC (34),0-0,0-0,Fulham FC (34)
?,(Sat) 17 Apr 2004 (W16),Manchester City FC (34),1-3,0-1,Southampton FC (33)
?,(Sat) 17 Apr 2004 (W16),Portsmouth FC (33),1-0,1-0,Manchester United FC (33)
?,(Sat) 17 Apr 2004 (W16),Wolverhampton Wanderers FC (34),2-0,1-0,Middlesbrough FC (34)
?,(Sun) 18 Apr 2004 (W16),Aston Villa FC (34),0-0,0-0,Newcastle United FC (33)
?,(Tue) 20 Apr 2004 (W17),Manchester United FC (34),2-0,1-0,Charlton Athletic FC (34)
?,(Sat) 24 Apr 2004 (W17),Everton FC (35),0-1,0-0,Blackburn Rovers FC (35)
?,(Sat) 24 Apr 2004 (W17),Fulham FC (35),2-0,1-0,Charlton Athletic FC (35)
?,(Sat) 24 Apr 2004 (W17),Leicester City FC (35),1-1,0-1,Manchester City FC (35)
?,(Sat) 24 Apr 2004 (W17),Manchester United FC (35),0-1,0-0,Liverpool FC (35)
?,(Sat) 24 Apr 2004 (W17),Middlesbrough FC (35),1-2,1-1,Aston Villa FC (35)
?,(Sat) 24 Apr 2004 (W17),Southampton FC (34),1-2,1-0,Bolton Wanderers FC (35)
?,(Sun) 25 Apr 2004 (W17),Birmingham City FC (35),2-2,2-1,Wolverhampton Wanderers FC (35)
?,(Sun) 25 Apr 2004 (W17),Leeds United FC (35),1-2,0-1,Portsmouth FC (34)
?,(Sun) 25 Apr 2004 (W17),Newcastle United FC (34),2-1,1-1,Chelsea FC (35)
?,(Sun) 25 Apr 2004 (W17),Tottenham Hotspur FC (35),2-2,0-2,Arsenal FC (34)
?,(Sat) 1 May 2004 (W18),Arsenal FC (35),0-0,0-0,Birmingham City FC (36)
?,(Sat) 1 May 2004 (W18),Blackburn Rovers FC (36),1-0,0-0,Manchester United FC (36)
?,(Sat) 1 May 2004 (W18),Charlton Athletic FC (36),2-2,0-1,Leicester City FC (36)
?,(Sat) 1 May 2004 (W18),Chelsea FC (36),4-0,0-0,Southampton FC (35)
?,(Sat) 1 May 2004 (W18),Manchester City FC (36),1-0,0-0,Newcastle United FC (35)
?,(Sat) 1 May 2004 (W18),Portsmouth FC (35),1-1,0-0,Fulham FC (36)
?,(Sat) 1 May 2004 (W18),Wolverhampton Wanderers FC (36),2-1,0-1,Everton FC (36)
?,(Sun) 2 May 2004 (W18),Aston Villa FC (36),1-0,1-0,Tottenham Hotspur FC (36)
?,(Sun) 2 May 2004 (W18),Bolton Wanderers FC (36),4-1,0-1,Leeds United FC (36)
?,(Sun) 2 May 2004 (W18),Liverpool FC (36),2-0,0-0,Middlesbrough FC (36)
?,(Tue) 4 May 2004 (W19),Portsmouth FC (36),1-1,1-0,Arsenal FC (36)
?,(Sat) 8 May 2004 (W19),Birmingham City FC (37),0-3,0-1,Liverpool FC (37)
?,(Sat) 8 May 2004 (W19),Everton FC (37),1-2,0-1,Bolton Wanderers FC (37)
?,(Sat) 8 May 2004 (W19),Leeds United FC (37),3-3,2-1,Charlton Athletic FC (37)
?,(Sat) 8 May 2004 (W19),Leicester City FC (37),3-1,2-0,Portsmouth FC (37)
?,(Sat) 8 May 2004 (W19),Manchester United FC (37),1-1,0-1,Chelsea FC (37)
?,(Sat) 8 May 2004 (W19),Middlesbrough FC (37),2-1,2-1,Manchester City FC (37)
?,(Sat) 8 May 2004 (W19),Southampton FC (36),1-1,1-1,Aston Villa FC (37)
?,(Sat) 8 May 2004 (W19),Tottenham Hotspur FC (37),1-0,1-0,Blackburn Rovers FC (37)
?,(Sun) 9 May 2004 (W19),Fulham FC (37),0-1,0-1,Arsenal FC (37)
?,(Sun) 9 May 2004 (W19),Newcastle United FC (36),1-1,1-0,Wolverhampton Wanderers FC (37)
?,(Wed) 12 May 2004 (W20),Southampton FC (37),3-3,2-2,Newcastle United FC (37)
?,(Sat) 15 May 2004 (W20),Arsenal FC (38),2-1,0-1,Leicester City FC (38)
?,(Sat) 15 May 2004 (W20),Aston Villa FC (38),0-2,0-2,Manchester United FC (38)
?,(Sat) 15 May 2004 (W20),Blackburn Rovers FC (38),1-1,1-0,Birmingham City FC (38)
?,(Sat) 15 May 2004 (W20),Bolton Wanderers FC (38),0-2,0-1,Fulham FC (38)
?,(Sat) 15 May 2004 (W20),Charlton Athletic FC (38),2-1,1-0,Southampton FC (38)
?,(Sat) 15 May 2004 (W20),Chelsea FC (38),1-0,1-0,Leeds United FC (38)
?,(Sat) 15 May 2004 (W20),Liverpool FC (38),1-1,0-1,Newcastle United FC (38)
?,(Sat) 15 May 2004 (W20),Manchester City FC (38),5-1,3-0,Everton FC (38)
?,(Sat) 15 May 2004 (W20),Portsmouth FC (38),5-1,3-1,Middlesbrough FC (38)
?,(Sat) 15 May 2004 (W20),Wolverhampton Wanderers FC (38),0-2,0-1,Tottenham Hotspur FC (38)
