Round,Date,Team 1,FT,HT,Team 2
?,(Sat) 31 Aug 1935 (34),Bristol Rovers FC (1),0-0,?,Notts County FC (1)
?,(Sat) 31 Aug 1935 (34),Brighton & Hove Albion FC (1),3-2,?,Torquay United FC (1)
?,(Sat) 31 Aug 1935 (34),Watford FC (1),0-2,?,Bristol City FC (1)
?,(Sat) 31 Aug 1935 (34),Leyton Orient FC (1),3-0,?,Luton Town FC (1)
?,(Sat) 31 Aug 1935 (34),Crystal Palace FC (1),3-2,?,Cardiff City FC (1)
?,(Sat) 31 Aug 1935 (34),Newport County AFC (1),2-2,?,Swindon Town FC (1)
?,(Sat) 31 Aug 1935 (34),Exeter City FC (1),5-1,?,Aldershot Town FC (1)
?,(Sat) 31 Aug 1935 (34),Reading FC (1),2-1,?,Coventry City FC (1)
?,(Sat) 31 Aug 1935 (34),Queens Park Rangers FC (1),2-3,?,Millwall FC (1)
?,(Sat) 31 Aug 1935 (34),Southend United FC (1),3-3,?,AFC Bournemouth (1)
?,(Sat) 31 Aug 1935 (34),Northampton Town FC (1),0-0,?,Gillingham FC (1)
?,(Mon) 2 Sep 1935 (35),Cardiff City FC (2),0-0,?,Bristol Rovers FC (2)
?,(Mon) 2 Sep 1935 (35),Aldershot Town FC (2),2-0,?,Northampton Town FC (2)
?,(Mon) 2 Sep 1935 (35),Millwall FC (2),2-2,?,Coventry City FC (2)
?,(Wed) 4 Sep 1935 (35),AFC Bournemouth (2),2-1,?,Luton Town FC (2)
?,(Wed) 4 Sep 1935 (35),Southend United FC (2),7-1,?,Crystal Palace FC (2)
?,(Wed) 4 Sep 1935 (35),Exeter City FC (2),1-3,?,Watford FC (2)
?,(Wed) 4 Sep 1935 (35),Swindon Town FC (2),4-1,?,Torquay United FC (2)
?,(Wed) 4 Sep 1935 (35),Brighton & Hove Albion FC (2),1-1,?,Queens Park Rangers FC (2)
?,(Wed) 4 Sep 1935 (35),Notts County FC (2),3-3,?,Gillingham FC (2)
?,(Wed) 4 Sep 1935 (35),Bristol City FC (2),1-2,?,Newport County AFC (2)
?,(Thu) 5 Sep 1935 (35),Leyton Orient FC (2),1-0,?,Reading FC (2)
?,(Sat) 7 Sep 1935 (35),Gillingham FC (3),0-2,?,Crystal Palace FC (3)
?,(Sat) 7 Sep 1935 (35),Notts County FC (3),2-0,?,Leyton Orient FC (3)
?,(Sat) 7 Sep 1935 (35),Swindon Town FC (3),1-1,?,Exeter City FC (3)
?,(Sat) 7 Sep 1935 (35),Torquay United FC (3),4-2,?,Queens Park Rangers FC (3)
?,(Sat) 7 Sep 1935 (35),Coventry City FC (3),7-1,?,Newport County AFC (3)
?,(Sat) 7 Sep 1935 (35),Aldershot Town FC (3),1-0,?,Brighton & Hove Albion FC (3)
?,(Sat) 7 Sep 1935 (35),Millwall FC (3),0-0,?,Watford FC (3)
?,(Sat) 7 Sep 1935 (35),Bristol City FC (3),0-2,?,Bristol Rovers FC (3)
?,(Sat) 7 Sep 1935 (35),AFC Bournemouth (3),4-0,?,Northampton Town FC (3)
?,(Sat) 7 Sep 1935 (35),Luton Town FC (3),1-2,?,Southend United FC (3)
?,(Sat) 7 Sep 1935 (35),Cardiff City FC (3),2-3,?,Reading FC (3)
?,(Mon) 9 Sep 1935 (36),Newport County AFC (4),2-0,?,Bristol City FC (4)
?,(Mon) 9 Sep 1935 (36),Luton Town FC (4),0-0,?,AFC Bournemouth (4)
?,(Mon) 9 Sep 1935 (36),Northampton Town FC (4),3-0,?,Aldershot Town FC (4)
?,(Mon) 9 Sep 1935 (36),Coventry City FC (4),5-0,?,Millwall FC (4)
?,(Wed) 11 Sep 1935 (36),Gillingham FC (4),0-0,?,Notts County FC (4)
?,(Wed) 11 Sep 1935 (36),Reading FC (4),4-1,?,Leyton Orient FC (4)
?,(Wed) 11 Sep 1935 (36),Torquay United FC (4),2-1,?,Swindon Town FC (4)
?,(Wed) 11 Sep 1935 (36),Watford FC (4),1-0,?,Exeter City FC (4)
?,(Wed) 11 Sep 1935 (36),Bristol Rovers FC (4),1-1,?,Cardiff City FC (4)
?,(Wed) 11 Sep 1935 (36),Crystal Palace FC (4),3-0,?,Southend United FC (4)
?,(Thu) 12 Sep 1935 (36),Queens Park Rangers FC (4),3-2,?,Brighton & Hove Albion FC (4)
?,(Sat) 14 Sep 1935 (36),Leyton Orient FC (5),2-0,?,Bristol Rovers FC (5)
?,(Sat) 14 Sep 1935 (36),Crystal Palace FC (5),2-0,?,AFC Bournemouth (5)
?,(Sat) 14 Sep 1935 (36),Southend United FC (5),0-0,?,Notts County FC (5)
?,(Sat) 14 Sep 1935 (36),Exeter City FC (5),1-3,?,Coventry City FC (5)
?,(Sat) 14 Sep 1935 (36),Reading FC (5),1-0,?,Gillingham FC (5)
?,(Sat) 14 Sep 1935 (36),Brighton & Hove Albion FC (5),0-2,?,Swindon Town FC (5)
?,(Sat) 14 Sep 1935 (36),Bristol City FC (5),4-1,?,Millwall FC (5)
?,(Sat) 14 Sep 1935 (36),Newport County AFC (5),0-0,?,Cardiff City FC (5)
?,(Sat) 14 Sep 1935 (36),Queens Park Rangers FC (5),5-0,?,Aldershot Town FC (5)
?,(Sat) 14 Sep 1935 (36),Northampton Town FC (5),0-0,?,Luton Town FC (5)
?,(Sat) 14 Sep 1935 (36),Watford FC (5),2-2,?,Torquay United FC (5)
?,(Mon) 16 Sep 1935 (37),Luton Town FC (6),2-0,?,Queens Park Rangers FC (6)
?,(Mon) 16 Sep 1935 (37),Northampton Town FC (6),3-1,?,Crystal Palace FC (6)
?,(Mon) 16 Sep 1935 (37),Millwall FC (6),2-2,?,Newport County AFC (6)
?,(Mon) 16 Sep 1935 (37),Cardiff City FC (6),4-1,?,Leyton Orient FC (6)
?,(Wed) 18 Sep 1935 (37),Bristol Rovers FC (6),4-3,?,Gillingham FC (6)
?,(Wed) 18 Sep 1935 (37),Notts County FC (6),1-3,?,AFC Bournemouth (6)
?,(Wed) 18 Sep 1935 (37),Aldershot Town FC (6),1-3,?,Swindon Town FC (6)
?,(Wed) 18 Sep 1935 (37),Brighton & Hove Albion FC (6),2-1,?,Watford FC (6)
?,(Wed) 18 Sep 1935 (37),Torquay United FC (6),3-3,?,Coventry City FC (6)
?,(Wed) 18 Sep 1935 (37),Exeter City FC (6),0-1,?,Bristol City FC (6)
?,(Wed) 18 Sep 1935 (37),Southend United FC (6),1-2,?,Reading FC (6)
?,(Sat) 21 Sep 1935 (37),Aldershot Town FC (7),1-1,?,Watford FC (7)
?,(Sat) 21 Sep 1935 (37),Torquay United FC (7),2-0,?,Bristol City FC (7)
?,(Sat) 21 Sep 1935 (37),Coventry City FC (7),5-0,?,Brighton & Hove Albion FC (7)
?,(Sat) 21 Sep 1935 (37),Millwall FC (7),1-0,?,Leyton Orient FC (7)
?,(Sat) 21 Sep 1935 (37),AFC Bournemouth (7),4-1,?,Reading FC (7)
?,(Sat) 21 Sep 1935 (37),Notts County FC (7),3-0,?,Northampton Town FC (7)
?,(Sat) 21 Sep 1935 (37),Luton Town FC (7),6-0,?,Crystal Palace FC (7)
?,(Sat) 21 Sep 1935 (37),Bristol Rovers FC (7),3-2,?,Southend United FC (7)
?,(Sat) 21 Sep 1935 (37),Newport County AFC (7),2-1,?,Exeter City FC (7)
?,(Sat) 21 Sep 1935 (37),Gillingham FC (7),3-0,?,Cardiff City FC (7)
?,(Sat) 21 Sep 1935 (37),Swindon Town FC (7),2-2,?,Queens Park Rangers FC (7)
?,(Mon) 23 Sep 1935 (38),Crystal Palace FC (8),6-1,?,Northampton Town FC (8)
?,(Wed) 25 Sep 1935 (38),Torquay United FC (8),2-1,?,Exeter City FC (8)
?,(Sat) 28 Sep 1935 (38),Watford FC (8),2-1,?,Swindon Town FC (8)
?,(Sat) 28 Sep 1935 (38),Crystal Palace FC (9),0-0,?,Notts County FC (8)
?,(Sat) 28 Sep 1935 (38),Cardiff City FC (8),1-1,?,AFC Bournemouth (8)
?,(Sat) 28 Sep 1935 (38),Southend United FC (8),2-1,?,Leyton Orient FC (8)
?,(Sat) 28 Sep 1935 (38),Queens Park Rangers FC (8),0-0,?,Coventry City FC (8)
?,(Sat) 28 Sep 1935 (38),Bristol City FC (8),1-0,?,Aldershot Town FC (8)
?,(Sat) 28 Sep 1935 (38),Northampton Town FC (9),3-3,?,Bristol Rovers FC (8)
?,(Sat) 28 Sep 1935 (38),Millwall FC (8),1-1,?,Torquay United FC (9)
?,(Sat) 28 Sep 1935 (38),Exeter City FC (9),2-5,?,Gillingham FC (8)
?,(Sat) 28 Sep 1935 (38),Reading FC (8),2-1,?,Luton Town FC (8)
?,(Sat) 28 Sep 1935 (38),Brighton & Hove Albion FC (8),7-1,?,Newport County AFC (8)
?,(Sat) 5 Oct 1935 (39),Exeter City FC (10),3-3,?,Brighton & Hove Albion FC (9)
?,(Sat) 5 Oct 1935 (39),Bristol Rovers FC (9),2-4,?,Crystal Palace FC (10)
?,(Sat) 5 Oct 1935 (39),AFC Bournemouth (9),1-2,?,Gillingham FC (9)
?,(Sat) 5 Oct 1935 (39),Luton Town FC (9),2-2,?,Cardiff City FC (9)
?,(Sat) 5 Oct 1935 (39),Leyton Orient FC (9),4-0,?,Northampton Town FC (10)
?,(Sat) 5 Oct 1935 (39),Newport County AFC (9),3-4,?,Queens Park Rangers FC (9)
?,(Sat) 5 Oct 1935 (39),Aldershot Town FC (9),1-1,?,Millwall FC (9)
?,(Sat) 5 Oct 1935 (39),Swindon Town FC (9),1-1,?,Bristol City FC (9)
?,(Sat) 5 Oct 1935 (39),Torquay United FC (10),1-1,?,Southend United FC (9)
?,(Sat) 5 Oct 1935 (39),Coventry City FC (9),2-0,?,Watford FC (9)
?,(Sat) 5 Oct 1935 (39),Notts County FC (9),1-3,?,Reading FC (9)
?,(Sat) 12 Oct 1935 (40),Brighton & Hove Albion FC (10),0-1,?,AFC Bournemouth (10)
?,(Sat) 12 Oct 1935 (40),Reading FC (10),3-2,?,Bristol Rovers FC (10)
?,(Sat) 12 Oct 1935 (40),Watford FC (10),2-5,?,Newport County AFC (10)
?,(Sat) 12 Oct 1935 (40),Millwall FC (10),1-0,?,Swindon Town FC (10)
?,(Sat) 12 Oct 1935 (40),Torquay United FC (11),3-1,?,Aldershot Town FC (10)
?,(Sat) 12 Oct 1935 (40),Bristol City FC (10),0-0,?,Coventry City FC (10)
?,(Sat) 12 Oct 1935 (40),Queens Park Rangers FC (10),3-1,?,Exeter City FC (11)
?,(Sat) 12 Oct 1935 (40),Cardiff City FC (10),3-2,?,Notts County FC (10)
?,(Sat) 12 Oct 1935 (40),Crystal Palace FC (11),2-2,?,Leyton Orient FC (10)
?,(Sat) 12 Oct 1935 (40),Northampton Town FC (11),2-0,?,Southend United FC (10)
?,(Sat) 12 Oct 1935 (40),Gillingham FC (10),0-1,?,Luton Town FC (10)
?,(Sat) 19 Oct 1935 (41),Luton Town FC (11),2-1,?,Brighton & Hove Albion FC (11)
?,(Sat) 19 Oct 1935 (41),Southend United FC (11),6-0,?,Millwall FC (11)
?,(Sat) 19 Oct 1935 (41),Gillingham FC (11),3-0,?,Newport County AFC (11)
?,(Sat) 19 Oct 1935 (41),Leyton Orient FC (11),2-0,?,Bristol City FC (11)
?,(Sat) 19 Oct 1935 (41),Cardiff City FC (11),1-0,?,Coventry City FC (11)
?,(Sat) 19 Oct 1935 (41),Crystal Palace FC (12),2-1,?,Aldershot Town FC (11)
?,(Sat) 19 Oct 1935 (41),Reading FC (11),2-0,?,Swindon Town FC (11)
?,(Sat) 19 Oct 1935 (41),AFC Bournemouth (11),1-1,?,Exeter City FC (12)
?,(Sat) 19 Oct 1935 (41),Bristol Rovers FC (11),0-1,?,Watford FC (11)
?,(Sat) 19 Oct 1935 (41),Notts County FC (11),3-0,?,Queens Park Rangers FC (11)
?,(Sat) 19 Oct 1935 (41),Northampton Town FC (12),2-1,?,Torquay United FC (12)
?,(Sat) 26 Oct 1935 (42),Aldershot Town FC (12),1-0,?,Reading FC (12)
?,(Sat) 26 Oct 1935 (42),Swindon Town FC (12),2-1,?,Cardiff City FC (12)
?,(Sat) 26 Oct 1935 (42),Newport County AFC (12),0-0,?,AFC Bournemouth (12)
?,(Sat) 26 Oct 1935 (42),Exeter City FC (13),1-2,?,Luton Town FC (12)
?,(Sat) 26 Oct 1935 (42),Torquay United FC (13),3-2,?,Crystal Palace FC (13)
?,(Sat) 26 Oct 1935 (42),Bristol City FC (12),2-1,?,Southend United FC (12)
?,(Sat) 26 Oct 1935 (42),Millwall FC (12),2-1,?,Northampton Town FC (13)
?,(Sat) 26 Oct 1935 (42),Watford FC (12),1-1,?,Leyton Orient FC (12)
?,(Sat) 26 Oct 1935 (42),Brighton & Hove Albion FC (12),5-1,?,Notts County FC (12)
?,(Sat) 26 Oct 1935 (42),Queens Park Rangers FC (12),4-0,?,Bristol Rovers FC (12)
?,(Sat) 26 Oct 1935 (42),Coventry City FC (12),4-0,?,Gillingham FC (12)
?,(Sat) 2 Nov 1935 (43),Northampton Town FC (14),0-2,?,Bristol City FC (13)
?,(Sat) 2 Nov 1935 (43),Bristol Rovers FC (13),5-2,?,Brighton & Hove Albion FC (13)
?,(Sat) 2 Nov 1935 (43),Crystal Palace FC (14),5-0,?,Millwall FC (13)
?,(Sat) 2 Nov 1935 (43),Gillingham FC (13),3-1,?,Swindon Town FC (13)
?,(Sat) 2 Nov 1935 (43),AFC Bournemouth (13),1-1,?,Coventry City FC (13)
?,(Sat) 2 Nov 1935 (43),Reading FC (13),2-0,?,Torquay United FC (14)
?,(Sat) 2 Nov 1935 (43),Leyton Orient FC (13),1-0,?,Queens Park Rangers FC (13)
?,(Sat) 2 Nov 1935 (43),Cardiff City FC (13),0-1,?,Aldershot Town FC (13)
?,(Sat) 2 Nov 1935 (43),Notts County FC (13),3-1,?,Exeter City FC (14)
?,(Sat) 2 Nov 1935 (43),Luton Town FC (13),7-0,?,Newport County AFC (13)
?,(Sat) 2 Nov 1935 (43),Southend United FC (13),1-1,?,Watford FC (13)
?,(Sat) 9 Nov 1935 (44),Bristol City FC (14),1-1,?,Notts County FC (14)
?,(Sat) 9 Nov 1935 (44),Swindon Town FC (14),3-1,?,Northampton Town FC (15)
?,(Sat) 9 Nov 1935 (44),Watford FC (14),1-3,?,Luton Town FC (14)
?,(Sat) 9 Nov 1935 (44),Aldershot Town FC (14),1-1,?,Southend United FC (14)
?,(Sat) 9 Nov 1935 (44),Newport County AFC (14),1-5,?,Reading FC (14)
?,(Sat) 9 Nov 1935 (44),Queens Park Rangers FC (14),2-0,?,AFC Bournemouth (14)
?,(Sat) 9 Nov 1935 (44),Exeter City FC (15),2-0,?,Cardiff City FC (14)
?,(Sat) 9 Nov 1935 (44),Millwall FC (14),2-1,?,Bristol Rovers FC (14)
?,(Sat) 9 Nov 1935 (44),Brighton & Hove Albion FC (14),1-1,?,Gillingham FC (14)
?,(Sat) 9 Nov 1935 (44),Torquay United FC (15),1-0,?,Leyton Orient FC (14)
?,(Sat) 9 Nov 1935 (44),Coventry City FC (14),8-1,?,Crystal Palace FC (15)
?,(Sat) 16 Nov 1935 (45),Southend United FC (15),0-0,?,Brighton & Hove Albion FC (15)
?,(Sat) 16 Nov 1935 (45),Northampton Town FC (16),1-4,?,Queens Park Rangers FC (15)
?,(Sat) 16 Nov 1935 (45),Crystal Palace FC (16),1-2,?,Watford FC (15)
?,(Sat) 16 Nov 1935 (45),Cardiff City FC (15),3-1,?,Millwall FC (15)
?,(Sat) 16 Nov 1935 (45),Reading FC (15),5-2,?,Bristol City FC (15)
?,(Sat) 16 Nov 1935 (45),Luton Town FC (15),2-1,?,Swindon Town FC (15)
?,(Sat) 16 Nov 1935 (45),Notts County FC (15),2-1,?,Coventry City FC (15)
?,(Sat) 16 Nov 1935 (45),Leyton Orient FC (15),1-2,?,Exeter City FC (16)
?,(Sat) 16 Nov 1935 (45),Gillingham FC (15),1-0,?,Torquay United FC (16)
?,(Sat) 16 Nov 1935 (45),Bristol Rovers FC (15),3-0,?,Newport County AFC (15)
?,(Sat) 16 Nov 1935 (45),AFC Bournemouth (15),0-0,?,Aldershot Town FC (15)
?,(Sat) 23 Nov 1935 (46),Newport County AFC (16),2-3,?,Leyton Orient FC (16)
?,(Sat) 23 Nov 1935 (46),Aldershot Town FC (16),0-1,?,Luton Town FC (16)
?,(Sat) 23 Nov 1935 (46),Coventry City FC (16),3-1,?,Bristol Rovers FC (16)
?,(Sat) 23 Nov 1935 (46),Millwall FC (16),4-1,?,Gillingham FC (16)
?,(Sat) 23 Nov 1935 (46),Exeter City FC (17),1-0,?,Southend United FC (16)
?,(Sat) 23 Nov 1935 (46),Watford FC (16),4-2,?,Reading FC (16)
?,(Sat) 23 Nov 1935 (46),Queens Park Rangers FC (16),3-0,?,Crystal Palace FC (17)
?,(Sat) 23 Nov 1935 (46),Bristol City FC (16),0-2,?,Cardiff City FC (16)
?,(Sat) 23 Nov 1935 (46),Brighton & Hove Albion FC (16),5-1,?,Northampton Town FC (17)
?,(Sat) 23 Nov 1935 (46),Swindon Town FC (16),2-1,?,Notts County FC (16)
?,(Sat) 23 Nov 1935 (46),Torquay United FC (17),0-2,?,AFC Bournemouth (16)
?,(Sat) 7 Dec 1935 (48),Exeter City FC (18),1-0,?,Crystal Palace FC (18)
?,(Sat) 7 Dec 1935 (48),Aldershot Town FC (17),6-1,?,Bristol Rovers FC (17)
?,(Sat) 7 Dec 1935 (48),Bristol City FC (17),1-0,?,AFC Bournemouth (17)
?,(Sat) 7 Dec 1935 (48),Coventry City FC (17),3-0,?,Southend United FC (17)
?,(Sat) 7 Dec 1935 (48),Brighton & Hove Albion FC (17),4-2,?,Reading FC (17)
?,(Sat) 7 Dec 1935 (48),Watford FC (17),1-2,?,Gillingham FC (17)
?,(Sat) 7 Dec 1935 (48),Queens Park Rangers FC (17),5-1,?,Cardiff City FC (17)
?,(Sat) 7 Dec 1935 (48),Swindon Town FC (17),2-2,?,Leyton Orient FC (17)
?,(Sat) 7 Dec 1935 (48),Torquay United FC (18),0-1,?,Notts County FC (17)
?,(Sat) 7 Dec 1935 (48),Newport County AFC (17),5-1,?,Northampton Town FC (18)
?,(Sat) 7 Dec 1935 (48),Millwall FC (17),0-0,?,Luton Town FC (17)
?,(Sat) 14 Dec 1935 (49),Luton Town FC (18),1-0,?,Bristol City FC (18)
?,(Sat) 14 Dec 1935 (49),Northampton Town FC (19),2-4,?,Coventry City FC (18)
?,(Wed) 18 Dec 1935 (50),Crystal Palace FC (19),6-0,?,Newport County AFC (18)
?,(Wed) 18 Dec 1935 (50),Notts County FC (18),0-0,?,Millwall FC (18)
?,(Sat) 21 Dec 1935 (50),Brighton & Hove Albion FC (18),1-3,?,Leyton Orient FC (18)
?,(Sat) 21 Dec 1935 (50),Aldershot Town FC (18),0-2,?,Gillingham FC (18)
?,(Sat) 21 Dec 1935 (50),Queens Park Rangers FC (18),2-1,?,Southend United FC (18)
?,(Sat) 21 Dec 1935 (50),Watford FC (18),4-1,?,Northampton Town FC (20)
?,(Sat) 21 Dec 1935 (50),Swindon Town FC (18),2-3,?,AFC Bournemouth (18)
?,(Sat) 21 Dec 1935 (50),Millwall FC (19),0-1,?,Reading FC (18)
?,(Sat) 21 Dec 1935 (50),Exeter City FC (19),3-1,?,Bristol Rovers FC (18)
?,(Wed) 25 Dec 1935 (51),Queens Park Rangers FC (19),3-1,?,Watford FC (19)
?,(Wed) 25 Dec 1935 (51),Newport County AFC (19),1-6,?,Torquay United FC (19)
?,(Wed) 25 Dec 1935 (51),Bristol Rovers FC (19),2-1,?,AFC Bournemouth (19)
?,(Wed) 25 Dec 1935 (51),Southend United FC (19),3-1,?,Cardiff City FC (18)
?,(Wed) 25 Dec 1935 (51),Notts County FC (19),0-3,?,Luton Town FC (19)
?,(Wed) 25 Dec 1935 (51),Leyton Orient FC (19),3-1,?,Gillingham FC (19)
?,(Wed) 25 Dec 1935 (51),Coventry City FC (19),0-2,?,Aldershot Town FC (19)
?,(Wed) 25 Dec 1935 (51),Swindon Town FC (19),0-2,?,Crystal Palace FC (20)
?,(Wed) 25 Dec 1935 (51),Brighton & Hove Albion FC (19),3-0,?,Bristol City FC (19)
?,(Wed) 25 Dec 1935 (51),Millwall FC (20),2-2,?,Exeter City FC (20)
?,(Wed) 25 Dec 1935 (51),Northampton Town FC (21),4-2,?,Reading FC (19)
?,(Thu) 26 Dec 1935 (51),Exeter City FC (21),4-3,?,Millwall FC (21)
?,(Thu) 26 Dec 1935 (51),Bristol City FC (20),0-3,?,Brighton & Hove Albion FC (20)
?,(Thu) 26 Dec 1935 (51),Watford FC (20),2-1,?,Queens Park Rangers FC (20)
?,(Thu) 26 Dec 1935 (51),Luton Town FC (20),1-0,?,Notts County FC (20)
?,(Thu) 26 Dec 1935 (51),Cardiff City FC (19),1-1,?,Southend United FC (20)
?,(Thu) 26 Dec 1935 (51),Torquay United FC (20),3-2,?,Newport County AFC (20)
?,(Thu) 26 Dec 1935 (51),Aldershot Town FC (20),1-2,?,Coventry City FC (20)
?,(Thu) 26 Dec 1935 (51),Reading FC (20),5-2,?,Northampton Town FC (22)
?,(Thu) 26 Dec 1935 (51),AFC Bournemouth (20),2-1,?,Bristol Rovers FC (20)
?,(Thu) 26 Dec 1935 (51),Gillingham FC (20),3-0,?,Leyton Orient FC (20)
?,(Thu) 26 Dec 1935 (51),Crystal Palace FC (21),5-1,?,Swindon Town FC (20)
?,(Sat) 28 Dec 1935 (51),Torquay United FC (21),1-0,?,Brighton & Hove Albion FC (21)
?,(Sat) 28 Dec 1935 (51),Millwall FC (22),2-0,?,Queens Park Rangers FC (21)
?,(Sat) 28 Dec 1935 (51),Notts County FC (21),6-0,?,Bristol Rovers FC (21)
?,(Sat) 28 Dec 1935 (51),Gillingham FC (21),2-3,?,Northampton Town FC (23)
?,(Sat) 28 Dec 1935 (51),Swindon Town FC (21),1-1,?,Newport County AFC (21)
?,(Sat) 28 Dec 1935 (51),Luton Town FC (21),5-3,?,Leyton Orient FC (21)
?,(Sat) 28 Dec 1935 (51),Coventry City FC (21),3-1,?,Reading FC (21)
?,(Sat) 28 Dec 1935 (51),AFC Bournemouth (21),2-1,?,Southend United FC (21)
?,(Sat) 28 Dec 1935 (51),Cardiff City FC (20),1-1,?,Crystal Palace FC (22)
?,(Sat) 28 Dec 1935 (51),Aldershot Town FC (21),3-0,?,Exeter City FC (22)
?,(Sat) 4 Jan 1936 (0),Northampton Town FC (24),2-1,?,AFC Bournemouth (22)
?,(Sat) 4 Jan 1936 (0),Newport County AFC (22),2-1,?,Coventry City FC (22)
?,(Sat) 4 Jan 1936 (0),Leyton Orient FC (22),0-2,?,Notts County FC (22)
?,(Sat) 4 Jan 1936 (0),Bristol Rovers FC (22),1-1,?,Bristol City FC (21)
?,(Sat) 4 Jan 1936 (0),Watford FC (21),2-1,?,Millwall FC (23)
?,(Sat) 4 Jan 1936 (0),Reading FC (22),4-1,?,Cardiff City FC (21)
?,(Sat) 4 Jan 1936 (0),Brighton & Hove Albion FC (22),2-1,?,Aldershot Town FC (22)
?,(Sat) 4 Jan 1936 (0),Exeter City FC (23),0-3,?,Swindon Town FC (22)
?,(Sat) 4 Jan 1936 (0),Queens Park Rangers FC (22),2-1,?,Torquay United FC (22)
?,(Sat) 4 Jan 1936 (0),Crystal Palace FC (23),1-1,?,Gillingham FC (22)
?,(Sat) 4 Jan 1936 (0),Southend United FC (22),0-1,?,Luton Town FC (22)
?,(Sat) 11 Jan 1936 (1),Gillingham FC (23),2-1,?,Bristol City FC (22)
?,(Sat) 11 Jan 1936 (1),Torquay United FC (23),2-1,?,Cardiff City FC (22)
?,(Sat) 11 Jan 1936 (1),Northampton Town FC (25),1-1,?,Exeter City FC (24)
?,(Wed) 15 Jan 1936 (2),Cardiff City FC (23),0-2,?,Watford FC (22)
?,(Wed) 15 Jan 1936 (2),Reading FC (23),1-2,?,Queens Park Rangers FC (23)
?,(Wed) 15 Jan 1936 (2),Crystal Palace FC (24),4-0,?,Brighton & Hove Albion FC (23)
?,(Wed) 15 Jan 1936 (2),Bristol Rovers FC (23),2-1,?,Swindon Town FC (23)
?,(Thu) 16 Jan 1936 (2),Leyton Orient FC (23),0-1,?,Coventry City FC (23)
?,(Sat) 18 Jan 1936 (2),AFC Bournemouth (23),2-5,?,Crystal Palace FC (25)
?,(Sat) 18 Jan 1936 (2),Cardiff City FC (24),2-0,?,Newport County AFC (23)
?,(Sat) 18 Jan 1936 (2),Gillingham FC (24),2-0,?,Reading FC (24)
?,(Sat) 18 Jan 1936 (2),Bristol Rovers FC (24),1-1,?,Leyton Orient FC (24)
?,(Sat) 18 Jan 1936 (2),Millwall FC (24),1-1,?,Bristol City FC (23)
?,(Sat) 18 Jan 1936 (2),Torquay United FC (24),2-1,?,Watford FC (23)
?,(Sat) 18 Jan 1936 (2),Swindon Town FC (24),1-2,?,Brighton & Hove Albion FC (24)
?,(Sat) 18 Jan 1936 (2),Notts County FC (23),1-2,?,Southend United FC (23)
?,(Sat) 18 Jan 1936 (2),Coventry City FC (24),3-0,?,Exeter City FC (25)
?,(Sat) 18 Jan 1936 (2),Luton Town FC (23),3-3,?,Northampton Town FC (26)
?,(Sat) 18 Jan 1936 (2),Aldershot Town FC (23),1-3,?,Queens Park Rangers FC (24)
?,(Wed) 22 Jan 1936 (3),Southend United FC (24),1-2,?,Newport County AFC (24)
?,(Wed) 22 Jan 1936 (3),AFC Bournemouth (24),1-2,?,Millwall FC (25)
?,(Sat) 25 Jan 1936 (3),Brighton & Hove Albion FC (25),2-1,?,Coventry City FC (25)
?,(Sat) 25 Jan 1936 (3),Cardiff City FC (25),4-0,?,Gillingham FC (25)
?,(Sat) 25 Jan 1936 (3),Bristol City FC (24),2-0,?,Torquay United FC (25)
?,(Sat) 25 Jan 1936 (3),Queens Park Rangers FC (25),5-1,?,Swindon Town FC (25)
?,(Sat) 25 Jan 1936 (3),Northampton Town FC (27),3-1,?,Notts County FC (24)
?,(Sat) 25 Jan 1936 (3),Reading FC (25),0-2,?,AFC Bournemouth (25)
?,(Sat) 25 Jan 1936 (3),Exeter City FC (26),3-3,?,Newport County AFC (25)
?,(Sat) 25 Jan 1936 (3),Southend United FC (25),1-1,?,Bristol Rovers FC (25)
?,(Wed) 29 Jan 1936 (4),Watford FC (24),0-0,?,Aldershot Town FC (24)
?,(Wed) 29 Jan 1936 (4),Crystal Palace FC (26),5-1,?,Luton Town FC (24)
?,(Sat) 1 Feb 1936 (4),Leyton Orient FC (25),3-0,?,Southend United FC (26)
?,(Sat) 1 Feb 1936 (4),Newport County AFC (26),0-2,?,Brighton & Hove Albion FC (26)
?,(Sat) 1 Feb 1936 (4),Coventry City FC (26),6-1,?,Queens Park Rangers FC (26)
?,(Sat) 1 Feb 1936 (4),Aldershot Town FC (25),0-0,?,Bristol City FC (25)
?,(Sat) 1 Feb 1936 (4),Torquay United FC (26),1-3,?,Millwall FC (26)
?,(Sat) 1 Feb 1936 (4),Notts County FC (25),3-1,?,Crystal Palace FC (27)
?,(Sat) 1 Feb 1936 (4),AFC Bournemouth (26),4-4,?,Cardiff City FC (26)
?,(Sat) 1 Feb 1936 (4),Bristol Rovers FC (26),5-2,?,Northampton Town FC (28)
?,(Sat) 1 Feb 1936 (4),Luton Town FC (25),2-1,?,Reading FC (26)
?,(Sat) 1 Feb 1936 (4),Swindon Town FC (26),1-6,?,Watford FC (25)
?,(Sat) 1 Feb 1936 (4),Gillingham FC (26),2-2,?,Exeter City FC (27)
?,(Sat) 8 Feb 1936 (5),Watford FC (26),5-0,?,Coventry City FC (27)
?,(Sat) 8 Feb 1936 (5),Northampton Town FC (29),2-0,?,Leyton Orient FC (26)
?,(Sat) 8 Feb 1936 (5),Brighton & Hove Albion FC (27),3-1,?,Exeter City FC (28)
?,(Sat) 8 Feb 1936 (5),Reading FC (27),3-1,?,Notts County FC (26)
?,(Sat) 8 Feb 1936 (5),Gillingham FC (27),1-2,?,AFC Bournemouth (27)
?,(Sat) 8 Feb 1936 (5),Southend United FC (27),2-1,?,Torquay United FC (27)
?,(Sat) 8 Feb 1936 (5),Millwall FC (27),1-2,?,Aldershot Town FC (26)
?,(Sat) 8 Feb 1936 (5),Bristol City FC (26),5-0,?,Swindon Town FC (27)
?,(Sat) 8 Feb 1936 (5),Crystal Palace FC (28),5-3,?,Bristol Rovers FC (27)
?,(Sat) 8 Feb 1936 (5),Cardiff City FC (27),2-3,?,Luton Town FC (26)
?,(Sat) 8 Feb 1936 (5),Queens Park Rangers FC (27),1-1,?,Newport County AFC (27)
?,(Wed) 12 Feb 1936 (6),Notts County FC (27),1-2,?,Aldershot Town FC (27)
?,(Sat) 15 Feb 1936 (6),Luton Town FC (27),1-2,?,Gillingham FC (28)
?,(Sat) 15 Feb 1936 (6),Coventry City FC (28),3-1,?,Bristol City FC (27)
?,(Sat) 15 Feb 1936 (6),AFC Bournemouth (28),1-2,?,Brighton & Hove Albion FC (28)
?,(Sat) 15 Feb 1936 (6),Swindon Town FC (28),3-1,?,Millwall FC (28)
?,(Sat) 15 Feb 1936 (6),Bristol Rovers FC (28),1-4,?,Reading FC (28)
?,(Sat) 15 Feb 1936 (6),Notts County FC (28),2-0,?,Cardiff City FC (28)
?,(Sat) 15 Feb 1936 (6),Exeter City FC (29),0-0,?,Queens Park Rangers FC (28)
?,(Sat) 15 Feb 1936 (6),Newport County AFC (28),0-5,?,Watford FC (27)
?,(Sat) 15 Feb 1936 (6),Aldershot Town FC (28),1-0,?,Torquay United FC (28)
?,(Sat) 22 Feb 1936 (7),Coventry City FC (29),5-1,?,Cardiff City FC (29)
?,(Sat) 22 Feb 1936 (7),Queens Park Rangers FC (29),2-2,?,Notts County FC (29)
?,(Sat) 22 Feb 1936 (7),Bristol City FC (28),2-0,?,Leyton Orient FC (27)
?,(Sat) 22 Feb 1936 (7),Aldershot Town FC (29),1-3,?,Crystal Palace FC (29)
?,(Sat) 22 Feb 1936 (7),Exeter City FC (30),1-3,?,AFC Bournemouth (29)
?,(Sat) 22 Feb 1936 (7),Watford FC (28),1-2,?,Bristol Rovers FC (29)
?,(Sat) 22 Feb 1936 (7),Torquay United FC (29),3-3,?,Northampton Town FC (30)
?,(Sat) 22 Feb 1936 (7),Swindon Town FC (29),4-1,?,Reading FC (29)
?,(Sat) 22 Feb 1936 (7),Millwall FC (29),1-2,?,Southend United FC (28)
?,(Sat) 22 Feb 1936 (7),Brighton & Hove Albion FC (29),1-1,?,Luton Town FC (28)
?,(Wed) 26 Feb 1936 (8),Leyton Orient FC (28),1-0,?,Crystal Palace FC (30)
?,(Thu) 27 Feb 1936 (8),Newport County AFC (29),1-2,?,Notts County FC (30)
?,(Sat) 29 Feb 1936 (8),Notts County FC (31),1-1,?,Bristol City FC (29)
?,(Sat) 29 Feb 1936 (8),Bristol Rovers FC (30),2-0,?,Millwall FC (30)
?,(Sat) 29 Feb 1936 (8),Southend United FC (29),2-2,?,Aldershot Town FC (30)
?,(Sat) 29 Feb 1936 (8),Leyton Orient FC (29),1-1,?,Torquay United FC (30)
?,(Sat) 29 Feb 1936 (8),Northampton Town FC (31),0-0,?,Swindon Town FC (30)
?,(Sat) 29 Feb 1936 (8),AFC Bournemouth (30),0-1,?,Queens Park Rangers FC (30)
?,(Sat) 29 Feb 1936 (8),Cardiff City FC (30),5-2,?,Exeter City FC (31)
?,(Sat) 29 Feb 1936 (8),Reading FC (30),2-1,?,Newport County AFC (30)
?,(Sat) 29 Feb 1936 (8),Luton Town FC (29),2-1,?,Watford FC (29)
?,(Sat) 29 Feb 1936 (8),Gillingham FC (29),1-2,?,Brighton & Hove Albion FC (30)
?,(Sat) 29 Feb 1936 (8),Crystal Palace FC (31),3-1,?,Coventry City FC (30)
?,(Sat) 7 Mar 1936 (9),Coventry City FC (31),4-0,?,Northampton Town FC (32)
?,(Sat) 7 Mar 1936 (9),Brighton & Hove Albion FC (31),1-0,?,Cardiff City FC (31)
?,(Sat) 7 Mar 1936 (9),Newport County AFC (31),2-5,?,Crystal Palace FC (32)
?,(Sat) 7 Mar 1936 (9),Queens Park Rangers FC (31),5-2,?,Gillingham FC (30)
?,(Sat) 7 Mar 1936 (9),Aldershot Town FC (31),1-0,?,Leyton Orient FC (30)
?,(Sat) 7 Mar 1936 (9),Torquay United FC (31),2-0,?,Bristol Rovers FC (31)
?,(Sat) 7 Mar 1936 (9),Watford FC (30),4-1,?,AFC Bournemouth (31)
?,(Sat) 7 Mar 1936 (9),Bristol City FC (30),1-2,?,Luton Town FC (30)
?,(Sat) 7 Mar 1936 (9),Exeter City FC (32),4-5,?,Reading FC (31)
?,(Sat) 7 Mar 1936 (9),Millwall FC (31),2-1,?,Notts County FC (32)
?,(Sat) 7 Mar 1936 (9),Swindon Town FC (31),1-3,?,Southend United FC (30)
?,(Sat) 14 Mar 1936 (10),Crystal Palace FC (33),1-0,?,Torquay United FC (32)
?,(Sat) 14 Mar 1936 (10),Notts County FC (33),1-1,?,Brighton & Hove Albion FC (32)
?,(Sat) 14 Mar 1936 (10),Cardiff City FC (32),2-1,?,Swindon Town FC (32)
?,(Sat) 14 Mar 1936 (10),Southend United FC (31),0-1,?,Bristol City FC (31)
?,(Sat) 14 Mar 1936 (10),Leyton Orient FC (31),0-2,?,Watford FC (31)
?,(Sat) 14 Mar 1936 (10),Gillingham FC (31),1-1,?,Coventry City FC (32)
?,(Sat) 14 Mar 1936 (10),Reading FC (32),3-1,?,Aldershot Town FC (32)
?,(Sat) 14 Mar 1936 (10),Luton Town FC (31),3-1,?,Exeter City FC (33)
?,(Sat) 14 Mar 1936 (10),Bristol Rovers FC (32),0-1,?,Queens Park Rangers FC (32)
?,(Sat) 14 Mar 1936 (10),Northampton Town FC (33),2-4,?,Millwall FC (32)
?,(Sat) 14 Mar 1936 (10),AFC Bournemouth (32),2-0,?,Newport County AFC (32)
?,(Wed) 18 Mar 1936 (11),Cardiff City FC (33),1-0,?,Brighton & Hove Albion FC (33)
?,(Wed) 18 Mar 1936 (11),Reading FC (33),2-0,?,Exeter City FC (34)
?,(Thu) 19 Mar 1936 (11),Newport County AFC (33),4-2,?,Gillingham FC (32)
?,(Sat) 21 Mar 1936 (11),Newport County AFC (34),1-0,?,Bristol Rovers FC (33)
?,(Sat) 21 Mar 1936 (11),Swindon Town FC (33),3-0,?,Luton Town FC (32)
?,(Sat) 21 Mar 1936 (11),Queens Park Rangers FC (33),0-1,?,Northampton Town FC (34)
?,(Sat) 21 Mar 1936 (11),Aldershot Town FC (33),2-0,?,AFC Bournemouth (33)
?,(Sat) 21 Mar 1936 (11),Coventry City FC (33),5-1,?,Notts County FC (34)
?,(Sat) 21 Mar 1936 (11),Millwall FC (33),2-4,?,Cardiff City FC (34)
?,(Sat) 21 Mar 1936 (11),Torquay United FC (33),4-2,?,Gillingham FC (33)
?,(Sat) 21 Mar 1936 (11),Bristol City FC (32),1-1,?,Reading FC (34)
?,(Sat) 21 Mar 1936 (11),Watford FC (32),3-2,?,Crystal Palace FC (34)
?,(Sat) 21 Mar 1936 (11),Brighton & Hove Albion FC (34),1-3,?,Southend United FC (32)
?,(Sat) 21 Mar 1936 (11),Exeter City FC (35),2-3,?,Leyton Orient FC (32)
?,(Wed) 25 Mar 1936 (12),Luton Town FC (33),1-0,?,Torquay United FC (34)
?,(Sat) 28 Mar 1936 (12),Gillingham FC (34),1-3,?,Millwall FC (34)
?,(Sat) 28 Mar 1936 (12),Southend United FC (33),4-0,?,Exeter City FC (36)
?,(Sat) 28 Mar 1936 (12),Northampton Town FC (35),1-0,?,Brighton & Hove Albion FC (35)
?,(Sat) 28 Mar 1936 (12),Crystal Palace FC (35),0-2,?,Queens Park Rangers FC (34)
?,(Sat) 28 Mar 1936 (12),Notts County FC (35),0-0,?,Swindon Town FC (34)
?,(Sat) 28 Mar 1936 (12),AFC Bournemouth (34),1-1,?,Torquay United FC (35)
?,(Sat) 28 Mar 1936 (12),Leyton Orient FC (33),4-0,?,Newport County AFC (35)
?,(Sat) 28 Mar 1936 (12),Cardiff City FC (35),1-0,?,Bristol City FC (33)
?,(Sat) 28 Mar 1936 (12),Luton Town FC (34),2-2,?,Aldershot Town FC (34)
?,(Sat) 28 Mar 1936 (12),Bristol Rovers FC (34),3-2,?,Coventry City FC (34)
?,(Sat) 28 Mar 1936 (12),Reading FC (35),3-0,?,Watford FC (33)
?,(Wed) 1 Apr 1936 (13),Bristol City FC (34),2-2,?,Watford FC (34)
?,(Thu) 2 Apr 1936 (13),Leyton Orient FC (34),1-0,?,Millwall FC (35)
?,(Sat) 4 Apr 1936 (13),Bristol City FC (35),2-1,?,Gillingham FC (35)
?,(Sat) 4 Apr 1936 (13),Watford FC (35),4-0,?,Cardiff City FC (36)
?,(Sat) 4 Apr 1936 (13),Coventry City FC (35),2-0,?,Leyton Orient FC (35)
?,(Sat) 4 Apr 1936 (13),Newport County AFC (36),3-1,?,Southend United FC (34)
?,(Sat) 4 Apr 1936 (13),Aldershot Town FC (35),3-1,?,Notts County FC (36)
?,(Sat) 4 Apr 1936 (13),Queens Park Rangers FC (35),0-1,?,Reading FC (36)
?,(Sat) 4 Apr 1936 (13),Swindon Town FC (35),3-0,?,Bristol Rovers FC (35)
?,(Sat) 4 Apr 1936 (13),Brighton & Hove Albion FC (36),2-1,?,Crystal Palace FC (36)
?,(Sat) 4 Apr 1936 (13),Millwall FC (36),3-0,?,AFC Bournemouth (35)
?,(Sat) 4 Apr 1936 (13),Torquay United FC (36),2-1,?,Luton Town FC (35)
?,(Sat) 4 Apr 1936 (13),Exeter City FC (37),3-1,?,Northampton Town FC (36)
?,(Fri) 10 Apr 1936 (14),Gillingham FC (36),2-1,?,Southend United FC (35)
?,(Fri) 10 Apr 1936 (14),Aldershot Town FC (36),1-1,?,Newport County AFC (37)
?,(Fri) 10 Apr 1936 (14),Leyton Orient FC (36),1-1,?,AFC Bournemouth (36)
?,(Fri) 10 Apr 1936 (14),Bristol Rovers FC (36),2-2,?,Luton Town FC (36)
?,(Fri) 10 Apr 1936 (14),Queens Park Rangers FC (36),4-1,?,Bristol City FC (36)
?,(Fri) 10 Apr 1936 (14),Watford FC (36),1-2,?,Notts County FC (37)
?,(Fri) 10 Apr 1936 (14),Millwall FC (37),0-0,?,Brighton & Hove Albion FC (37)
?,(Fri) 10 Apr 1936 (14),Cardiff City FC (37),0-0,?,Northampton Town FC (37)
?,(Fri) 10 Apr 1936 (14),Crystal Palace FC (37),2-0,?,Reading FC (37)
?,(Sat) 11 Apr 1936 (14),Notts County FC (38),1-0,?,Torquay United FC (37)
?,(Sat) 11 Apr 1936 (14),Leyton Orient FC (37),1-2,?,Swindon Town FC (36)
?,(Sat) 11 Apr 1936 (14),AFC Bournemouth (37),3-0,?,Bristol City FC (37)
?,(Sat) 11 Apr 1936 (14),Gillingham FC (37),0-0,?,Watford FC (37)
?,(Sat) 11 Apr 1936 (14),Luton Town FC (37),0-0,?,Millwall FC (38)
?,(Sat) 11 Apr 1936 (14),Northampton Town FC (38),3-0,?,Newport County AFC (38)
?,(Sat) 11 Apr 1936 (14),Bristol Rovers FC (37),2-2,?,Aldershot Town FC (37)
?,(Sat) 11 Apr 1936 (14),Reading FC (38),3-0,?,Brighton & Hove Albion FC (38)
?,(Sat) 11 Apr 1936 (14),Southend United FC (36),0-0,?,Coventry City FC (36)
?,(Sat) 11 Apr 1936 (14),Cardiff City FC (38),3-2,?,Queens Park Rangers FC (37)
?,(Sat) 11 Apr 1936 (14),Crystal Palace FC (38),2-2,?,Exeter City FC (38)
?,(Mon) 13 Apr 1936 (15),Reading FC (39),0-1,?,Crystal Palace FC (39)
?,(Mon) 13 Apr 1936 (15),Northampton Town FC (39),2-0,?,Cardiff City FC (39)
?,(Mon) 13 Apr 1936 (15),Luton Town FC (38),12-0,?,Bristol Rovers FC (38)
?,(Mon) 13 Apr 1936 (15),Swindon Town FC (37),1-2,?,Coventry City FC (37)
?,(Mon) 13 Apr 1936 (15),AFC Bournemouth (38),2-0,?,Leyton Orient FC (38)
?,(Mon) 13 Apr 1936 (15),Exeter City FC (39),1-1,?,Torquay United FC (38)
?,(Mon) 13 Apr 1936 (15),Notts County FC (39),0-2,?,Watford FC (38)
?,(Mon) 13 Apr 1936 (15),Newport County AFC (39),1-1,?,Aldershot Town FC (38)
?,(Mon) 13 Apr 1936 (15),Brighton & Hove Albion FC (39),0-0,?,Millwall FC (39)
?,(Mon) 13 Apr 1936 (15),Southend United FC (37),4-2,?,Gillingham FC (38)
?,(Mon) 13 Apr 1936 (15),Bristol City FC (38),0-0,?,Queens Park Rangers FC (38)
?,(Tue) 14 Apr 1936 (15),Coventry City FC (38),3-1,?,Swindon Town FC (38)
?,(Tue) 14 Apr 1936 (15),Bristol Rovers FC (39),3-0,?,Torquay United FC (39)
?,(Sat) 18 Apr 1936 (15),Coventry City FC (39),2-0,?,AFC Bournemouth (39)
?,(Sat) 18 Apr 1936 (15),Bristol City FC (39),3-2,?,Northampton Town FC (40)
?,(Sat) 18 Apr 1936 (15),Millwall FC (40),4-0,?,Crystal Palace FC (40)
?,(Sat) 18 Apr 1936 (15),Swindon Town FC (39),3-0,?,Gillingham FC (39)
?,(Sat) 18 Apr 1936 (15),Newport County AFC (40),0-2,?,Luton Town FC (39)
?,(Sat) 18 Apr 1936 (15),Brighton & Hove Albion FC (40),4-1,?,Bristol Rovers FC (40)
?,(Sat) 18 Apr 1936 (15),Queens Park Rangers FC (39),4-0,?,Leyton Orient FC (39)
?,(Sat) 18 Apr 1936 (15),Aldershot Town FC (39),1-1,?,Cardiff City FC (40)
?,(Sat) 18 Apr 1936 (15),Watford FC (39),5-0,?,Southend United FC (38)
?,(Sat) 18 Apr 1936 (15),Exeter City FC (40),0-0,?,Notts County FC (40)
?,(Sat) 18 Apr 1936 (15),Torquay United FC (40),0-0,?,Reading FC (40)
?,(Wed) 22 Apr 1936 (16),Southend United FC (39),0-1,?,Northampton Town FC (41)
?,(Wed) 22 Apr 1936 (16),AFC Bournemouth (40),2-2,?,Watford FC (40)
?,(Wed) 22 Apr 1936 (16),Gillingham FC (40),2-2,?,Queens Park Rangers FC (40)
?,(Thu) 23 Apr 1936 (16),Leyton Orient FC (40),0-1,?,Aldershot Town FC (40)
?,(Sat) 25 Apr 1936 (16),Bristol Rovers FC (41),6-1,?,Exeter City FC (41)
?,(Sat) 25 Apr 1936 (16),Luton Town FC (40),1-1,?,Coventry City FC (40)
?,(Sat) 25 Apr 1936 (16),Crystal Palace FC (41),6-1,?,Bristol City FC (40)
?,(Sat) 25 Apr 1936 (16),Leyton Orient FC (41),3-1,?,Brighton & Hove Albion FC (41)
?,(Sat) 25 Apr 1936 (16),Northampton Town FC (42),2-0,?,Watford FC (41)
?,(Sat) 25 Apr 1936 (16),Reading FC (41),3-1,?,Millwall FC (41)
?,(Sat) 25 Apr 1936 (16),Cardiff City FC (41),1-2,?,Torquay United FC (41)
?,(Sat) 25 Apr 1936 (16),AFC Bournemouth (41),1-0,?,Swindon Town FC (40)
?,(Sat) 25 Apr 1936 (16),Southend United FC (40),0-1,?,Queens Park Rangers FC (41)
?,(Sat) 25 Apr 1936 (16),Gillingham FC (41),4-2,?,Aldershot Town FC (41)
?,(Sat) 25 Apr 1936 (16),Notts County FC (41),6-2,?,Newport County AFC (41)
?,(Mon) 27 Apr 1936 (17),Coventry City FC (41),0-0,?,Luton Town FC (41)
?,(Wed) 29 Apr 1936 (17),Bristol City FC (41),2-0,?,Crystal Palace FC (42)
?,(Wed) 29 Apr 1936 (17),Southend United FC (41),1-0,?,Swindon Town FC (41)
?,(Sat) 2 May 1936 (17),Bristol City FC (42),2-1,?,Exeter City FC (42)
?,(Sat) 2 May 1936 (17),Reading FC (42),2-1,?,Southend United FC (42)
?,(Sat) 2 May 1936 (17),Queens Park Rangers FC (42),0-0,?,Luton Town FC (42)
?,(Sat) 2 May 1936 (17),Leyton Orient FC (42),2-1,?,Cardiff City FC (42)
?,(Sat) 2 May 1936 (17),Coventry City FC (42),2-1,?,Torquay United FC (42)
?,(Sat) 2 May 1936 (17),Watford FC (42),2-1,?,Brighton & Hove Albion FC (42)
?,(Sat) 2 May 1936 (17),Gillingham FC (42),1-2,?,Bristol Rovers FC (42)
?,(Sat) 2 May 1936 (17),AFC Bournemouth (42),0-1,?,Notts County FC (42)
?,(Sat) 2 May 1936 (17),Swindon Town FC (42),3-2,?,Aldershot Town FC (42)
?,(Sat) 2 May 1936 (17),Newport County AFC (42),4-1,?,Millwall FC (42)
