Round,Date,Team 1,FT,HT,Team 2
?,(Sat) 22 Aug 1959 (33),Queens Park Rangers FC (1),2-0,?,Swindon Town FC (1)
?,(Sat) 22 Aug 1959 (33),Tranmere Rovers FC (1),5-1,?,Accrington Stanley FC (1)
?,(Sat) 22 Aug 1959 (33),Grimsby Town FC (1),5-1,?,Chesterfield FC (1)
?,(Sat) 22 Aug 1959 (33),Reading FC (1),2-3,?,Port Vale FC (1)
?,(Sat) 22 Aug 1959 (33),Wrexham AFC (1),0-0,?,Newport County AFC (1)
?,(Sat) 22 Aug 1959 (33),Bradford City AFC (1),2-0,?,York City FC (1)
?,(Sat) 22 Aug 1959 (33),Barnsley FC (1),1-2,?,Brentford FC (1)
?,(Sat) 22 Aug 1959 (33),Southampton FC (1),2-2,?,Norwich City FC (1)
?,(Sat) 22 Aug 1959 (33),FC Halifax Town (1),2-1,?,Southend United FC (1)
?,(Sat) 22 Aug 1959 (33),Shrewsbury Town FC (1),0-0,?,AFC Bournemouth (1)
?,(Sat) 22 Aug 1959 (33),Coventry City FC (1),2-0,?,Mansfield Town FC (1)
?,(Sat) 22 Aug 1959 (33),Bury FC (1),3-1,?,Colchester United FC (1)
?,(Mon) 24 Aug 1959 (34),Colchester United FC (2),2-2,?,Grimsby Town FC (2)
?,(Mon) 24 Aug 1959 (34),Newport County AFC (2),3-2,?,Reading FC (2)
?,(Mon) 24 Aug 1959 (34),Port Vale FC (2),1-0,?,AFC Bournemouth (2)
?,(Mon) 24 Aug 1959 (34),Coventry City FC (2),0-1,?,FC Halifax Town (2)
?,(Mon) 24 Aug 1959 (34),Accrington Stanley FC (2),2-2,?,Shrewsbury Town FC (2)
?,(Mon) 24 Aug 1959 (34),Mansfield Town FC (2),0-0,?,Bradford City AFC (2)
?,(Mon) 24 Aug 1959 (34),Southend United FC (2),3-2,?,Queens Park Rangers FC (2)
?,(Mon) 24 Aug 1959 (34),York City FC (2),1-0,?,Bury FC (2)
?,(Mon) 24 Aug 1959 (34),Chesterfield FC (2),3-2,?,Southampton FC (2)
?,(Tue) 25 Aug 1959 (34),Brentford FC (2),3-1,?,Wrexham AFC (2)
?,(Wed) 26 Aug 1959 (34),Norwich City FC (2),3-0,?,Tranmere Rovers FC (2)
?,(Wed) 26 Aug 1959 (34),Swindon Town FC (2),1-1,?,Barnsley FC (2)
?,(Sat) 29 Aug 1959 (34),Swindon Town FC (3),5-3,?,Bradford City AFC (3)
?,(Sat) 29 Aug 1959 (34),Port Vale FC (3),0-3,?,Shrewsbury Town FC (3)
?,(Sat) 29 Aug 1959 (34),Accrington Stanley FC (3),2-2,?,Wrexham AFC (3)
?,(Sat) 29 Aug 1959 (34),Brentford FC (3),2-2,?,Southampton FC (3)
?,(Sat) 29 Aug 1959 (34),Chesterfield FC (3),0-4,?,Queens Park Rangers FC (3)
?,(Sat) 29 Aug 1959 (34),York City FC (3),1-1,?,Coventry City FC (3)
?,(Sat) 29 Aug 1959 (34),Newport County AFC (3),0-2,?,Grimsby Town FC (3)
?,(Sat) 29 Aug 1959 (34),AFC Bournemouth (3),2-1,?,Tranmere Rovers FC (3)
?,(Sat) 29 Aug 1959 (34),Colchester United FC (3),2-2,?,Barnsley FC (3)
?,(Sat) 29 Aug 1959 (34),Southend United FC (3),0-4,?,Bury FC (3)
?,(Sat) 29 Aug 1959 (34),Norwich City FC (3),4-2,?,Reading FC (3)
?,(Sat) 29 Aug 1959 (34),Mansfield Town FC (3),1-1,?,FC Halifax Town (3)
?,(Mon) 31 Aug 1959 (35),Queens Park Rangers FC (4),0-0,?,Southend United FC (4)
?,(Mon) 31 Aug 1959 (35),Shrewsbury Town FC (4),5-0,?,Accrington Stanley FC (4)
?,(Mon) 31 Aug 1959 (35),FC Halifax Town (4),2-2,?,Coventry City FC (4)
?,(Mon) 31 Aug 1959 (35),Tranmere Rovers FC (4),0-0,?,Norwich City FC (4)
?,(Tue) 1 Sep 1959 (35),Bury FC (4),2-0,?,York City FC (4)
?,(Tue) 1 Sep 1959 (35),Bradford City AFC (4),4-1,?,Mansfield Town FC (4)
?,(Tue) 1 Sep 1959 (35),Grimsby Town FC (4),4-1,?,Colchester United FC (4)
?,(Wed) 2 Sep 1959 (35),AFC Bournemouth (4),3-0,?,Port Vale FC (4)
?,(Wed) 2 Sep 1959 (35),Wrexham AFC (4),3-2,?,Brentford FC (4)
?,(Wed) 2 Sep 1959 (35),Barnsley FC (4),0-3,?,Swindon Town FC (4)
?,(Wed) 2 Sep 1959 (35),Reading FC (4),0-1,?,Newport County AFC (4)
?,(Wed) 2 Sep 1959 (35),Southampton FC (4),4-3,?,Chesterfield FC (4)
?,(Sat) 5 Sep 1959 (35),Queens Park Rangers FC (5),3-0,?,Newport County AFC (5)
?,(Sat) 5 Sep 1959 (35),Tranmere Rovers FC (5),6-0,?,Port Vale FC (5)
?,(Sat) 5 Sep 1959 (35),Bradford City AFC (5),1-0,?,Chesterfield FC (5)
?,(Sat) 5 Sep 1959 (35),Southampton FC (5),4-2,?,Colchester United FC (5)
?,(Sat) 5 Sep 1959 (35),Reading FC (5),3-3,?,Brentford FC (5)
?,(Sat) 5 Sep 1959 (35),Shrewsbury Town FC (5),1-3,?,Norwich City FC (5)
?,(Sat) 5 Sep 1959 (35),Coventry City FC (5),3-1,?,Swindon Town FC (5)
?,(Sat) 5 Sep 1959 (35),York City FC (5),1-2,?,FC Halifax Town (5)
?,(Sat) 5 Sep 1959 (35),Grimsby Town FC (5),4-0,?,Accrington Stanley FC (5)
?,(Sat) 5 Sep 1959 (35),Wrexham AFC (5),1-2,?,AFC Bournemouth (5)
?,(Sat) 5 Sep 1959 (35),Bury FC (5),4-1,?,Mansfield Town FC (5)
?,(Sat) 5 Sep 1959 (35),Barnsley FC (5),4-1,?,Southend United FC (5)
?,(Mon) 7 Sep 1959 (36),Accrington Stanley FC (6),2-1,?,AFC Bournemouth (6)
?,(Mon) 7 Sep 1959 (36),Colchester United FC (6),1-0,?,FC Halifax Town (6)
?,(Mon) 7 Sep 1959 (36),Port Vale FC (6),1-1,?,Southampton FC (6)
?,(Mon) 7 Sep 1959 (36),Chesterfield FC (6),5-1,?,Wrexham AFC (6)
?,(Mon) 7 Sep 1959 (36),Newport County AFC (6),2-1,?,Tranmere Rovers FC (6)
?,(Mon) 7 Sep 1959 (36),Southend United FC (6),0-2,?,Mansfield Town FC (6)
?,(Mon) 7 Sep 1959 (36),York City FC (6),2-1,?,Queens Park Rangers FC (6)
?,(Mon) 7 Sep 1959 (36),Coventry City FC (6),2-2,?,Bradford City AFC (6)
?,(Tue) 8 Sep 1959 (36),Brentford FC (6),1-1,?,Bury FC (6)
?,(Wed) 9 Sep 1959 (36),Reading FC (6),2-3,?,Shrewsbury Town FC (6)
?,(Wed) 9 Sep 1959 (36),Swindon Town FC (6),3-2,?,Grimsby Town FC (6)
?,(Wed) 9 Sep 1959 (36),Norwich City FC (6),0-0,?,Barnsley FC (6)
?,(Sat) 12 Sep 1959 (36),AFC Bournemouth (7),4-2,?,Grimsby Town FC (7)
?,(Sat) 12 Sep 1959 (36),Brentford FC (7),2-1,?,Shrewsbury Town FC (7)
?,(Sat) 12 Sep 1959 (36),Norwich City FC (7),5-1,?,Port Vale FC (7)
?,(Sat) 12 Sep 1959 (36),Chesterfield FC (7),0-3,?,Coventry City FC (7)
?,(Sat) 12 Sep 1959 (36),Colchester United FC (7),4-2,?,Reading FC (7)
?,(Sat) 12 Sep 1959 (36),Accrington Stanley FC (7),1-2,?,Queens Park Rangers FC (7)
?,(Sat) 12 Sep 1959 (36),Mansfield Town FC (7),1-4,?,Barnsley FC (7)
?,(Sat) 12 Sep 1959 (36),Southend United FC (7),2-4,?,Southampton FC (7)
?,(Sat) 12 Sep 1959 (36),Tranmere Rovers FC (7),4-1,?,Wrexham AFC (7)
?,(Sat) 12 Sep 1959 (36),Newport County AFC (7),2-0,?,Bradford City AFC (7)
?,(Sat) 12 Sep 1959 (36),FC Halifax Town (7),1-0,?,Bury FC (7)
?,(Sat) 12 Sep 1959 (36),Swindon Town FC (7),1-1,?,York City FC (7)
?,(Mon) 14 Sep 1959 (37),FC Halifax Town (8),3-2,?,Colchester United FC (8)
?,(Mon) 14 Sep 1959 (37),Mansfield Town FC (8),1-1,?,Southend United FC (8)
?,(Mon) 14 Sep 1959 (37),Shrewsbury Town FC (8),3-2,?,Reading FC (8)
?,(Mon) 14 Sep 1959 (37),Tranmere Rovers FC (8),2-2,?,Newport County AFC (8)
?,(Mon) 14 Sep 1959 (37),Queens Park Rangers FC (8),0-0,?,York City FC (8)
?,(Tue) 15 Sep 1959 (37),Bury FC (8),1-0,?,Brentford FC (8)
?,(Tue) 15 Sep 1959 (37),Bradford City AFC (8),1-3,?,Coventry City FC (8)
?,(Tue) 15 Sep 1959 (37),Grimsby Town FC (8),3-0,?,Swindon Town FC (8)
?,(Wed) 16 Sep 1959 (37),Barnsley FC (8),2-0,?,Norwich City FC (8)
?,(Wed) 16 Sep 1959 (37),Southampton FC (8),3-2,?,Port Vale FC (8)
?,(Wed) 16 Sep 1959 (37),AFC Bournemouth (8),3-1,?,Accrington Stanley FC (8)
?,(Sat) 19 Sep 1959 (37),Bradford City AFC (9),4-5,?,Accrington Stanley FC (9)
?,(Sat) 19 Sep 1959 (37),York City FC (9),1-0,?,Chesterfield FC (8)
?,(Sat) 19 Sep 1959 (37),Barnsley FC (9),1-2,?,FC Halifax Town (9)
?,(Sat) 19 Sep 1959 (37),Coventry City FC (9),1-1,?,Newport County AFC (9)
?,(Sat) 19 Sep 1959 (37),Grimsby Town FC (9),1-1,?,Tranmere Rovers FC (9)
?,(Sat) 19 Sep 1959 (37),Shrewsbury Town FC (9),4-1,?,Colchester United FC (9)
?,(Sat) 19 Sep 1959 (37),Swindon Town FC (9),1-0,?,Bury FC (9)
?,(Sat) 19 Sep 1959 (37),Southampton FC (9),5-2,?,Mansfield Town FC (9)
?,(Sat) 19 Sep 1959 (37),Wrexham AFC (8),1-2,?,Norwich City FC (9)
?,(Sat) 19 Sep 1959 (37),Queens Park Rangers FC (9),3-0,?,AFC Bournemouth (9)
?,(Sat) 19 Sep 1959 (37),Port Vale FC (9),3-1,?,Brentford FC (9)
?,(Sat) 19 Sep 1959 (37),Reading FC (9),4-1,?,Southend United FC (9)
?,(Mon) 21 Sep 1959 (38),Colchester United FC (10),3-0,?,Mansfield Town FC (10)
?,(Mon) 21 Sep 1959 (38),Chesterfield FC (9),2-0,?,Tranmere Rovers FC (10)
?,(Mon) 21 Sep 1959 (38),York City FC (10),3-3,?,Grimsby Town FC (10)
?,(Mon) 21 Sep 1959 (38),Southend United FC (10),2-1,?,Bradford City AFC (10)
?,(Mon) 21 Sep 1959 (38),Coventry City FC (10),0-0,?,Queens Park Rangers FC (10)
?,(Mon) 21 Sep 1959 (38),Port Vale FC (10),1-0,?,Barnsley FC (10)
?,(Tue) 22 Sep 1959 (38),Brentford FC (10),1-1,?,FC Halifax Town (10)
?,(Wed) 23 Sep 1959 (38),Southampton FC (10),6-3,?,Shrewsbury Town FC (10)
?,(Wed) 23 Sep 1959 (38),AFC Bournemouth (10),4-1,?,Newport County AFC (10)
?,(Wed) 23 Sep 1959 (38),Norwich City FC (10),2-0,?,Bury FC (10)
?,(Wed) 23 Sep 1959 (38),Reading FC (10),2-0,?,Accrington Stanley FC (10)
?,(Wed) 23 Sep 1959 (38),Swindon Town FC (10),4-1,?,Wrexham AFC (9)
?,(Sat) 26 Sep 1959 (38),Wrexham AFC (10),2-1,?,Grimsby Town FC (11)
?,(Sat) 26 Sep 1959 (38),Southend United FC (11),2-1,?,Shrewsbury Town FC (11)
?,(Sat) 26 Sep 1959 (38),Bury FC (11),0-2,?,Barnsley FC (11)
?,(Sat) 26 Sep 1959 (38),Brentford FC (11),3-4,?,Norwich City FC (11)
?,(Sat) 26 Sep 1959 (38),FC Halifax Town (11),3-1,?,Southampton FC (11)
?,(Sat) 26 Sep 1959 (38),Newport County AFC (11),3-2,?,York City FC (11)
?,(Sat) 26 Sep 1959 (38),Mansfield Town FC (11),4-4,?,Reading FC (11)
?,(Sat) 26 Sep 1959 (38),Accrington Stanley FC (11),0-2,?,Coventry City FC (11)
?,(Sat) 26 Sep 1959 (38),Tranmere Rovers FC (11),0-3,?,Queens Park Rangers FC (11)
?,(Sat) 26 Sep 1959 (38),AFC Bournemouth (11),3-2,?,Bradford City AFC (11)
?,(Sat) 26 Sep 1959 (38),Colchester United FC (11),3-1,?,Port Vale FC (11)
?,(Sat) 26 Sep 1959 (38),Chesterfield FC (10),1-3,?,Swindon Town FC (11)
?,(Mon) 28 Sep 1959 (39),Shrewsbury Town FC (12),1-1,?,Southampton FC (12)
?,(Mon) 28 Sep 1959 (39),FC Halifax Town (12),1-0,?,Brentford FC (12)
?,(Mon) 28 Sep 1959 (39),Mansfield Town FC (12),1-3,?,Colchester United FC (12)
?,(Mon) 28 Sep 1959 (39),Tranmere Rovers FC (12),3-0,?,Chesterfield FC (11)
?,(Mon) 28 Sep 1959 (39),Accrington Stanley FC (12),0-0,?,Reading FC (12)
?,(Mon) 28 Sep 1959 (39),Newport County AFC (12),5-2,?,AFC Bournemouth (12)
?,(Mon) 28 Sep 1959 (39),Queens Park Rangers FC (12),2-1,?,Coventry City FC (12)
?,(Tue) 29 Sep 1959 (39),Bradford City AFC (12),3-1,?,Southend United FC (12)
?,(Tue) 29 Sep 1959 (39),Grimsby Town FC (12),2-2,?,York City FC (12)
?,(Tue) 29 Sep 1959 (39),Bury FC (12),1-0,?,Norwich City FC (12)
?,(Wed) 30 Sep 1959 (39),Barnsley FC (12),1-0,?,Port Vale FC (12)
?,(Wed) 30 Sep 1959 (39),Wrexham AFC (11),1-2,?,Swindon Town FC (12)
?,(Sat) 3 Oct 1959 (39),Norwich City FC (13),3-2,?,Colchester United FC (13)
?,(Sat) 3 Oct 1959 (39),Shrewsbury Town FC (13),6-3,?,Mansfield Town FC (13)
?,(Sat) 3 Oct 1959 (39),Chesterfield FC (12),4-1,?,Barnsley FC (13)
?,(Sat) 3 Oct 1959 (39),Reading FC (13),1-1,?,FC Halifax Town (13)
?,(Sat) 3 Oct 1959 (39),Southampton FC (13),0-2,?,Bury FC (13)
?,(Sat) 3 Oct 1959 (39),Bradford City AFC (13),1-0,?,Tranmere Rovers FC (13)
?,(Sat) 3 Oct 1959 (39),Coventry City FC (13),4-0,?,AFC Bournemouth (13)
?,(Sat) 3 Oct 1959 (39),Queens Park Rangers FC (13),2-1,?,Wrexham AFC (12)
?,(Sat) 3 Oct 1959 (39),Swindon Town FC (13),1-0,?,Newport County AFC (13)
?,(Sat) 3 Oct 1959 (39),Port Vale FC (13),3-1,?,Southend United FC (13)
?,(Sat) 3 Oct 1959 (39),York City FC (13),3-0,?,Accrington Stanley FC (13)
?,(Sat) 3 Oct 1959 (39),Grimsby Town FC (13),1-3,?,Brentford FC (13)
?,(Mon) 5 Oct 1959 (40),Queens Park Rangers FC (14),0-0,?,Grimsby Town FC (14)
?,(Mon) 5 Oct 1959 (40),FC Halifax Town (14),1-2,?,Shrewsbury Town FC (14)
?,(Mon) 5 Oct 1959 (40),Coventry City FC (14),1-0,?,Tranmere Rovers FC (14)
?,(Mon) 5 Oct 1959 (40),Southend United FC (14),1-0,?,Norwich City FC (14)
?,(Tue) 6 Oct 1959 (40),Brentford FC (14),2-0,?,Colchester United FC (14)
?,(Tue) 6 Oct 1959 (40),Bury FC (14),1-0,?,Reading FC (14)
?,(Wed) 7 Oct 1959 (40),Swindon Town FC (14),0-1,?,Accrington Stanley FC (14)
?,(Wed) 7 Oct 1959 (40),AFC Bournemouth (14),2-0,?,York City FC (14)
?,(Wed) 7 Oct 1959 (40),Wrexham AFC (13),4-3,?,Bradford City AFC (14)
?,(Wed) 7 Oct 1959 (40),Barnsley FC (14),1-0,?,Southampton FC (14)
?,(Sat) 10 Oct 1959 (40),Barnsley FC (15),1-1,?,York City FC (15)
?,(Sat) 10 Oct 1959 (40),Brentford FC (15),2-1,?,Tranmere Rovers FC (15)
?,(Sat) 10 Oct 1959 (40),Mansfield Town FC (14),4-3,?,Queens Park Rangers FC (15)
?,(Sat) 10 Oct 1959 (40),Shrewsbury Town FC (15),6-2,?,Newport County AFC (14)
?,(Sat) 10 Oct 1959 (40),Southampton FC (15),5-1,?,Swindon Town FC (15)
?,(Sat) 10 Oct 1959 (40),Norwich City FC (15),2-3,?,AFC Bournemouth (15)
?,(Sat) 10 Oct 1959 (40),Port Vale FC (14),2-0,?,Accrington Stanley FC (15)
?,(Sat) 10 Oct 1959 (40),Bury FC (15),2-1,?,Coventry City FC (15)
?,(Sat) 10 Oct 1959 (40),Southend United FC (15),3-0,?,Grimsby Town FC (15)
?,(Sat) 10 Oct 1959 (40),Colchester United FC (15),3-1,?,Wrexham AFC (14)
?,(Sat) 10 Oct 1959 (40),FC Halifax Town (15),4-0,?,Bradford City AFC (15)
?,(Sat) 10 Oct 1959 (40),Reading FC (15),6-3,?,Chesterfield FC (13)
?,(Mon) 12 Oct 1959 (41),Port Vale FC (15),4-1,?,Mansfield Town FC (15)
?,(Mon) 12 Oct 1959 (41),Colchester United FC (16),2-1,?,Brentford FC (16)
?,(Mon) 12 Oct 1959 (41),Accrington Stanley FC (16),3-1,?,Swindon Town FC (16)
?,(Mon) 12 Oct 1959 (41),Newport County AFC (15),3-1,?,Chesterfield FC (14)
?,(Mon) 12 Oct 1959 (41),Tranmere Rovers FC (16),3-1,?,Coventry City FC (16)
?,(Mon) 12 Oct 1959 (41),York City FC (16),3-2,?,AFC Bournemouth (16)
?,(Tue) 13 Oct 1959 (41),Bradford City AFC (16),2-2,?,Wrexham AFC (15)
?,(Tue) 13 Oct 1959 (41),Grimsby Town FC (16),3-1,?,Queens Park Rangers FC (16)
?,(Wed) 14 Oct 1959 (41),Southampton FC (16),2-1,?,Barnsley FC (16)
?,(Wed) 14 Oct 1959 (41),Reading FC (16),0-1,?,Bury FC (16)
?,(Sat) 17 Oct 1959 (41),Chesterfield FC (15),2-2,?,Shrewsbury Town FC (16)
?,(Sat) 17 Oct 1959 (41),AFC Bournemouth (17),1-2,?,Brentford FC (17)
?,(Sat) 17 Oct 1959 (41),Bradford City AFC (17),0-0,?,Bury FC (17)
?,(Sat) 17 Oct 1959 (41),Coventry City FC (17),2-1,?,Barnsley FC (17)
?,(Sat) 17 Oct 1959 (41),Tranmere Rovers FC (17),1-1,?,Colchester United FC (17)
?,(Sat) 17 Oct 1959 (41),York City FC (17),2-2,?,Southampton FC (17)
?,(Sat) 17 Oct 1959 (41),Queens Park Rangers FC (17),3-0,?,FC Halifax Town (16)
?,(Sat) 17 Oct 1959 (41),Accrington Stanley FC (17),3-4,?,Norwich City FC (16)
?,(Sat) 17 Oct 1959 (41),Swindon Town FC (17),0-4,?,Reading FC (17)
?,(Sat) 17 Oct 1959 (41),Wrexham AFC (16),3-1,?,Southend United FC (16)
?,(Sat) 17 Oct 1959 (41),Grimsby Town FC (17),2-1,?,Mansfield Town FC (16)
?,(Mon) 19 Oct 1959 (42),Newport County AFC (16),4-3,?,Port Vale FC (16)
?,(Sat) 24 Oct 1959 (42),Colchester United FC (18),1-2,?,AFC Bournemouth (18)
?,(Sat) 24 Oct 1959 (42),Brentford FC (18),3-0,?,Accrington Stanley FC (18)
?,(Sat) 24 Oct 1959 (42),Shrewsbury Town FC (17),3-0,?,Swindon Town FC (18)
?,(Sat) 24 Oct 1959 (42),Reading FC (18),1-0,?,York City FC (18)
?,(Sat) 24 Oct 1959 (42),Southend United FC (17),7-1,?,Tranmere Rovers FC (18)
?,(Sat) 24 Oct 1959 (42),Port Vale FC (17),3-1,?,Chesterfield FC (16)
?,(Sat) 24 Oct 1959 (42),Norwich City FC (17),1-0,?,Newport County AFC (17)
?,(Sat) 24 Oct 1959 (42),Bury FC (18),2-0,?,Queens Park Rangers FC (18)
?,(Sat) 24 Oct 1959 (42),Barnsley FC (18),2-0,?,Bradford City AFC (18)
?,(Sat) 24 Oct 1959 (42),FC Halifax Town (17),1-2,?,Grimsby Town FC (18)
?,(Sat) 24 Oct 1959 (42),Mansfield Town FC (17),6-2,?,Wrexham AFC (17)
?,(Sat) 24 Oct 1959 (42),Southampton FC (18),5-1,?,Coventry City FC (18)
?,(Wed) 28 Oct 1959 (43),Wrexham AFC (18),2-3,?,Chesterfield FC (17)
?,(Sat) 31 Oct 1959 (43),Swindon Town FC (19),1-1,?,FC Halifax Town (18)
?,(Sat) 31 Oct 1959 (43),Newport County AFC (18),4-0,?,Barnsley FC (19)
?,(Sat) 31 Oct 1959 (43),AFC Bournemouth (19),1-1,?,Reading FC (19)
?,(Sat) 31 Oct 1959 (43),York City FC (19),2-1,?,Mansfield Town FC (18)
?,(Sat) 31 Oct 1959 (43),Bradford City AFC (19),0-0,?,Colchester United FC (19)
?,(Sat) 31 Oct 1959 (43),Wrexham AFC (19),1-0,?,Port Vale FC (18)
?,(Sat) 31 Oct 1959 (43),Queens Park Rangers FC (19),2-4,?,Brentford FC (19)
?,(Sat) 31 Oct 1959 (43),Grimsby Town FC (19),1-1,?,Norwich City FC (18)
?,(Sat) 31 Oct 1959 (43),Coventry City FC (19),2-0,?,Southend United FC (18)
?,(Sat) 31 Oct 1959 (43),Accrington Stanley FC (19),2-2,?,Southampton FC (19)
?,(Sat) 31 Oct 1959 (43),Chesterfield FC (18),0-2,?,Bury FC (19)
?,(Sat) 31 Oct 1959 (43),Tranmere Rovers FC (19),3-3,?,Shrewsbury Town FC (18)
?,(Sat) 7 Nov 1959 (44),Port Vale FC (19),2-0,?,York City FC (20)
?,(Sat) 7 Nov 1959 (44),Southend United FC (19),6-1,?,Accrington Stanley FC (20)
?,(Sat) 7 Nov 1959 (44),Norwich City FC (19),3-2,?,Swindon Town FC (20)
?,(Sat) 7 Nov 1959 (44),Barnsley FC (20),3-3,?,Grimsby Town FC (20)
?,(Sat) 7 Nov 1959 (44),Shrewsbury Town FC (19),3-2,?,Coventry City FC (20)
?,(Sat) 7 Nov 1959 (44),Mansfield Town FC (19),3-4,?,AFC Bournemouth (20)
?,(Sat) 7 Nov 1959 (44),Bury FC (20),3-2,?,Wrexham AFC (20)
?,(Sat) 7 Nov 1959 (44),Colchester United FC (20),2-1,?,Newport County AFC (19)
?,(Sat) 7 Nov 1959 (44),FC Halifax Town (19),0-3,?,Tranmere Rovers FC (20)
?,(Sat) 7 Nov 1959 (44),Southampton FC (20),2-1,?,Queens Park Rangers FC (20)
?,(Sat) 21 Nov 1959 (46),Port Vale FC (20),0-2,?,Bradford City AFC (20)
?,(Sat) 21 Nov 1959 (46),Southend United FC (20),1-2,?,Chesterfield FC (19)
?,(Sat) 21 Nov 1959 (46),Colchester United FC (21),0-0,?,Swindon Town FC (21)
?,(Sat) 21 Nov 1959 (46),FC Halifax Town (20),0-2,?,Accrington Stanley FC (21)
?,(Sat) 21 Nov 1959 (46),Barnsley FC (21),2-0,?,Tranmere Rovers FC (21)
?,(Sat) 21 Nov 1959 (46),Southampton FC (21),3-0,?,Wrexham AFC (21)
?,(Sat) 21 Nov 1959 (46),Brentford FC (20),1-2,?,York City FC (21)
?,(Sat) 21 Nov 1959 (46),Mansfield Town FC (20),3-1,?,Newport County AFC (20)
?,(Sat) 21 Nov 1959 (46),Norwich City FC (20),1-4,?,Coventry City FC (21)
?,(Sat) 21 Nov 1959 (46),Reading FC (20),1-2,?,Grimsby Town FC (21)
?,(Sat) 21 Nov 1959 (46),Shrewsbury Town FC (20),1-1,?,Queens Park Rangers FC (21)
?,(Sat) 21 Nov 1959 (46),Bury FC (21),0-2,?,AFC Bournemouth (21)
?,(Sat) 28 Nov 1959 (47),AFC Bournemouth (22),1-1,?,Barnsley FC (22)
?,(Sat) 28 Nov 1959 (47),Grimsby Town FC (22),2-1,?,Shrewsbury Town FC (21)
?,(Sat) 28 Nov 1959 (47),Accrington Stanley FC (22),1-3,?,Bury FC (22)
?,(Sat) 28 Nov 1959 (47),York City FC (22),2-3,?,Colchester United FC (22)
?,(Sat) 28 Nov 1959 (47),Chesterfield FC (20),0-1,?,Mansfield Town FC (21)
?,(Sat) 28 Nov 1959 (47),Coventry City FC (22),2-1,?,Brentford FC (21)
?,(Sat) 28 Nov 1959 (47),Newport County AFC (21),5-1,?,FC Halifax Town (21)
?,(Sat) 28 Nov 1959 (47),Swindon Town FC (22),2-0,?,Southend United FC (21)
?,(Sat) 28 Nov 1959 (47),Bradford City AFC (21),1-1,?,Norwich City FC (21)
?,(Sat) 28 Nov 1959 (47),Queens Park Rangers FC (22),2-2,?,Port Vale FC (21)
?,(Sat) 28 Nov 1959 (47),Tranmere Rovers FC (22),2-4,?,Southampton FC (22)
?,(Sat) 28 Nov 1959 (47),Wrexham AFC (22),2-1,?,Reading FC (21)
?,(Sat) 5 Dec 1959 (48),Accrington Stanley FC (23),1-3,?,Chesterfield FC (21)
?,(Sat) 12 Dec 1959 (49),AFC Bournemouth (23),0-0,?,Southend United FC (22)
?,(Sat) 12 Dec 1959 (49),Grimsby Town FC (23),2-2,?,Bury FC (23)
?,(Sat) 12 Dec 1959 (49),Swindon Town FC (23),2-3,?,Port Vale FC (22)
?,(Sat) 12 Dec 1959 (49),Reading FC (22),4-2,?,Coventry City FC (23)
?,(Sat) 12 Dec 1959 (49),Tranmere Rovers FC (23),4-2,?,Mansfield Town FC (22)
?,(Sat) 12 Dec 1959 (49),Shrewsbury Town FC (22),4-0,?,York City FC (23)
?,(Sat) 12 Dec 1959 (49),Accrington Stanley FC (24),1-2,?,Colchester United FC (23)
?,(Sat) 12 Dec 1959 (49),Bradford City AFC (22),2-0,?,Southampton FC (23)
?,(Sat) 12 Dec 1959 (49),Chesterfield FC (22),2-1,?,Norwich City FC (22)
?,(Sat) 12 Dec 1959 (49),Wrexham AFC (23),2-1,?,FC Halifax Town (22)
?,(Sat) 12 Dec 1959 (49),Barnsley FC (23),2-1,?,Queens Park Rangers FC (23)
?,(Sat) 12 Dec 1959 (49),Newport County AFC (22),4-2,?,Brentford FC (22)
?,(Sat) 19 Dec 1959 (50),Swindon Town FC (24),2-1,?,Queens Park Rangers FC (24)
?,(Sat) 19 Dec 1959 (50),AFC Bournemouth (24),2-2,?,Shrewsbury Town FC (23)
?,(Sat) 19 Dec 1959 (50),York City FC (24),1-1,?,Bradford City AFC (23)
?,(Sat) 19 Dec 1959 (50),Brentford FC (23),3-0,?,Barnsley FC (24)
?,(Sat) 19 Dec 1959 (50),Accrington Stanley FC (25),1-3,?,Tranmere Rovers FC (24)
?,(Sat) 19 Dec 1959 (50),Southend United FC (23),3-0,?,FC Halifax Town (23)
?,(Sat) 19 Dec 1959 (50),Norwich City FC (23),1-2,?,Southampton FC (24)
?,(Sat) 19 Dec 1959 (50),Colchester United FC (24),3-0,?,Bury FC (24)
?,(Sat) 19 Dec 1959 (50),Chesterfield FC (23),2-2,?,Grimsby Town FC (24)
?,(Sat) 19 Dec 1959 (50),Port Vale FC (23),4-1,?,Reading FC (23)
?,(Fri) 25 Dec 1959 (51),Coventry City FC (24),5-3,?,Wrexham AFC (24)
?,(Sat) 26 Dec 1959 (51),Southampton FC (25),2-0,?,Newport County AFC (23)
?,(Sat) 26 Dec 1959 (51),Wrexham AFC (25),1-3,?,Coventry City FC (25)
?,(Sat) 26 Dec 1959 (51),Mansfield Town FC (23),3-2,?,Norwich City FC (24)
?,(Sat) 26 Dec 1959 (51),Shrewsbury Town FC (24),0-2,?,Bury FC (25)
?,(Sat) 26 Dec 1959 (51),Grimsby Town FC (25),1-3,?,Bradford City AFC (24)
?,(Sat) 26 Dec 1959 (51),Southend United FC (24),2-0,?,Brentford FC (24)
?,(Sat) 26 Dec 1959 (51),Barnsley FC (25),3-3,?,Reading FC (24)
?,(Sat) 26 Dec 1959 (51),FC Halifax Town (24),1-1,?,Port Vale FC (24)
?,(Sat) 26 Dec 1959 (51),Queens Park Rangers FC (25),3-1,?,Colchester United FC (25)
?,(Sat) 26 Dec 1959 (51),Chesterfield FC (24),0-3,?,Accrington Stanley FC (26)
?,(Sat) 26 Dec 1959 (51),Tranmere Rovers FC (25),2-2,?,York City FC (25)
?,(Sat) 26 Dec 1959 (51),AFC Bournemouth (25),3-1,?,Swindon Town FC (25)
?,(Mon) 28 Dec 1959 (52),Colchester United FC (26),2-0,?,Queens Park Rangers FC (26)
?,(Mon) 28 Dec 1959 (52),Bury FC (26),2-1,?,Shrewsbury Town FC (25)
?,(Mon) 28 Dec 1959 (52),Bradford City AFC (25),2-2,?,Grimsby Town FC (26)
?,(Mon) 28 Dec 1959 (52),Port Vale FC (25),7-0,?,FC Halifax Town (25)
?,(Mon) 28 Dec 1959 (52),Swindon Town FC (26),2-0,?,AFC Bournemouth (26)
?,(Mon) 28 Dec 1959 (52),Brentford FC (25),3-1,?,Southend United FC (25)
?,(Mon) 28 Dec 1959 (52),York City FC (26),3-0,?,Tranmere Rovers FC (26)
?,(Mon) 28 Dec 1959 (52),Norwich City FC (25),5-1,?,Mansfield Town FC (24)
?,(Wed) 30 Dec 1959 (52),Reading FC (25),3-2,?,Barnsley FC (26)
?,(Fri) 1 Jan 1960 (0),Chesterfield FC (25),2-0,?,Newport County AFC (24)
?,(Sat) 2 Jan 1960 (0),Bradford City AFC (26),1-0,?,Swindon Town FC (27)
?,(Sat) 2 Jan 1960 (0),Southampton FC (26),2-0,?,Brentford FC (26)
?,(Sat) 2 Jan 1960 (0),FC Halifax Town (26),4-2,?,Mansfield Town FC (25)
?,(Sat) 2 Jan 1960 (0),Reading FC (26),0-2,?,Norwich City FC (26)
?,(Sat) 2 Jan 1960 (0),Coventry City FC (26),5-2,?,York City FC (27)
?,(Sat) 2 Jan 1960 (0),Grimsby Town FC (27),0-1,?,Newport County AFC (25)
?,(Sat) 2 Jan 1960 (0),Wrexham AFC (26),2-3,?,Accrington Stanley FC (27)
?,(Sat) 2 Jan 1960 (0),Shrewsbury Town FC (26),2-1,?,Port Vale FC (26)
?,(Sat) 2 Jan 1960 (0),Barnsley FC (27),2-1,?,Colchester United FC (27)
?,(Sat) 2 Jan 1960 (0),Bury FC (27),3-0,?,Southend United FC (26)
?,(Sat) 2 Jan 1960 (0),Tranmere Rovers FC (27),1-1,?,AFC Bournemouth (27)
?,(Sat) 9 Jan 1960 (1),FC Halifax Town (27),0-1,?,Norwich City FC (27)
?,(Sat) 9 Jan 1960 (1),Accrington Stanley FC (28),2-1,?,Barnsley FC (28)
?,(Sat) 9 Jan 1960 (1),Chesterfield FC (26),1-1,?,Colchester United FC (28)
?,(Sat) 9 Jan 1960 (1),Swindon Town FC (28),0-0,?,Brentford FC (27)
?,(Sat) 16 Jan 1960 (2),AFC Bournemouth (28),1-3,?,Wrexham AFC (27)
?,(Sat) 16 Jan 1960 (2),Brentford FC (28),2-2,?,Reading FC (27)
?,(Sat) 16 Jan 1960 (2),Chesterfield FC (27),1-2,?,Bradford City AFC (27)
?,(Sat) 16 Jan 1960 (2),FC Halifax Town (28),1-2,?,York City FC (28)
?,(Sat) 16 Jan 1960 (2),Accrington Stanley FC (29),2-4,?,Grimsby Town FC (28)
?,(Sat) 16 Jan 1960 (2),Port Vale FC (27),1-1,?,Tranmere Rovers FC (28)
?,(Sat) 16 Jan 1960 (2),Mansfield Town FC (26),1-5,?,Bury FC (28)
?,(Sat) 16 Jan 1960 (2),Newport County AFC (26),2-3,?,Queens Park Rangers FC (27)
?,(Sat) 23 Jan 1960 (3),Reading FC (28),2-1,?,Colchester United FC (29)
?,(Sat) 23 Jan 1960 (3),Bradford City AFC (28),6-2,?,Newport County AFC (27)
?,(Sat) 23 Jan 1960 (3),York City FC (29),1-0,?,Swindon Town FC (29)
?,(Sat) 23 Jan 1960 (3),Southampton FC (27),3-1,?,Southend United FC (27)
?,(Sat) 23 Jan 1960 (3),Bury FC (29),2-2,?,FC Halifax Town (29)
?,(Sat) 23 Jan 1960 (3),Shrewsbury Town FC (27),1-1,?,Brentford FC (29)
?,(Sat) 23 Jan 1960 (3),Wrexham AFC (28),1-0,?,Tranmere Rovers FC (29)
?,(Sat) 23 Jan 1960 (3),Grimsby Town FC (29),1-1,?,AFC Bournemouth (29)
?,(Sat) 23 Jan 1960 (3),Port Vale FC (28),2-1,?,Norwich City FC (28)
?,(Sat) 23 Jan 1960 (3),Barnsley FC (29),2-2,?,Mansfield Town FC (27)
?,(Sat) 23 Jan 1960 (3),Coventry City FC (27),1-0,?,Chesterfield FC (28)
?,(Sat) 23 Jan 1960 (3),Queens Park Rangers FC (28),5-1,?,Accrington Stanley FC (30)
?,(Sat) 30 Jan 1960 (4),Shrewsbury Town FC (28),3-2,?,Wrexham AFC (29)
?,(Sat) 30 Jan 1960 (4),Southend United FC (28),1-1,?,York City FC (30)
?,(Sat) 30 Jan 1960 (4),Norwich City FC (29),1-0,?,Queens Park Rangers FC (29)
?,(Sat) 30 Jan 1960 (4),Bury FC (30),0-1,?,Newport County AFC (28)
?,(Sat) 30 Jan 1960 (4),Reading FC (29),5-4,?,Tranmere Rovers FC (30)
?,(Sat) 30 Jan 1960 (4),Colchester United FC (30),0-0,?,Coventry City FC (28)
?,(Sat) 6 Feb 1960 (5),Colchester United FC (31),3-2,?,Shrewsbury Town FC (29)
?,(Sat) 6 Feb 1960 (5),FC Halifax Town (30),5-0,?,Barnsley FC (30)
?,(Sat) 6 Feb 1960 (5),Bury FC (31),0-3,?,Swindon Town FC (30)
?,(Sat) 6 Feb 1960 (5),Accrington Stanley FC (31),0-4,?,Bradford City AFC (29)
?,(Sat) 6 Feb 1960 (5),Brentford FC (30),2-0,?,Port Vale FC (29)
?,(Sat) 6 Feb 1960 (5),Chesterfield FC (29),2-0,?,York City FC (31)
?,(Sat) 6 Feb 1960 (5),Southend United FC (29),2-0,?,Reading FC (30)
?,(Sat) 6 Feb 1960 (5),Norwich City FC (30),3-1,?,Wrexham AFC (30)
?,(Sat) 6 Feb 1960 (5),Mansfield Town FC (28),4-2,?,Southampton FC (28)
?,(Sat) 6 Feb 1960 (5),AFC Bournemouth (30),1-1,?,Queens Park Rangers FC (30)
?,(Wed) 10 Feb 1960 (6),Port Vale FC (30),2-1,?,Grimsby Town FC (30)
?,(Fri) 12 Feb 1960 (6),York City FC (32),2-0,?,Newport County AFC (29)
?,(Sat) 13 Feb 1960 (6),Southampton FC (29),3-2,?,FC Halifax Town (31)
?,(Sat) 13 Feb 1960 (6),Barnsley FC (31),2-2,?,Bury FC (32)
?,(Sat) 13 Feb 1960 (6),Swindon Town FC (31),1-1,?,Chesterfield FC (30)
?,(Sat) 13 Feb 1960 (6),Bradford City AFC (30),0-0,?,AFC Bournemouth (31)
?,(Sat) 13 Feb 1960 (6),Port Vale FC (31),1-1,?,Colchester United FC (32)
?,(Sat) 13 Feb 1960 (6),Grimsby Town FC (31),3-1,?,Wrexham AFC (31)
?,(Sat) 13 Feb 1960 (6),Shrewsbury Town FC (30),1-3,?,Southend United FC (30)
?,(Sat) 13 Feb 1960 (6),Norwich City FC (31),2-1,?,Brentford FC (31)
?,(Sat) 13 Feb 1960 (6),Queens Park Rangers FC (31),2-1,?,Tranmere Rovers FC (31)
?,(Sat) 13 Feb 1960 (6),Reading FC (31),3-2,?,Mansfield Town FC (29)
?,(Sat) 13 Feb 1960 (6),Coventry City FC (29),2-1,?,Accrington Stanley FC (32)
?,(Mon) 15 Feb 1960 (7),Newport County AFC (30),2-0,?,Coventry City FC (30)
?,(Sat) 20 Feb 1960 (7),AFC Bournemouth (32),2-2,?,Coventry City FC (31)
?,(Sat) 20 Feb 1960 (7),Newport County AFC (31),1-3,?,Swindon Town FC (32)
?,(Sat) 20 Feb 1960 (7),Barnsley FC (32),3-1,?,Chesterfield FC (31)
?,(Sat) 20 Feb 1960 (7),Colchester United FC (33),3-0,?,Norwich City FC (32)
?,(Sat) 20 Feb 1960 (7),Brentford FC (32),0-2,?,Grimsby Town FC (32)
?,(Sat) 20 Feb 1960 (7),Bury FC (33),1-2,?,Southampton FC (30)
?,(Sat) 20 Feb 1960 (7),Mansfield Town FC (30),1-0,?,Shrewsbury Town FC (31)
?,(Mon) 22 Feb 1960 (8),Southend United FC (31),2-1,?,Port Vale FC (32)
?,(Mon) 22 Feb 1960 (8),Tranmere Rovers FC (32),2-0,?,Grimsby Town FC (33)
?,(Wed) 24 Feb 1960 (8),Southampton FC (31),4-3,?,AFC Bournemouth (33)
?,(Sat) 27 Feb 1960 (8),Accrington Stanley FC (33),1-3,?,Port Vale FC (33)
?,(Sat) 27 Feb 1960 (8),Tranmere Rovers FC (33),2-1,?,Brentford FC (33)
?,(Sat) 27 Feb 1960 (8),Swindon Town FC (33),0-3,?,Southampton FC (32)
?,(Sat) 27 Feb 1960 (8),Grimsby Town FC (34),1-1,?,Southend United FC (32)
?,(Sat) 27 Feb 1960 (8),Wrexham AFC (32),1-1,?,Colchester United FC (34)
?,(Sat) 27 Feb 1960 (8),Queens Park Rangers FC (32),2-0,?,Mansfield Town FC (31)
?,(Sat) 27 Feb 1960 (8),Newport County AFC (32),1-3,?,Shrewsbury Town FC (32)
?,(Sat) 27 Feb 1960 (8),Coventry City FC (32),0-1,?,Bury FC (34)
?,(Sat) 27 Feb 1960 (8),York City FC (33),0-0,?,Barnsley FC (33)
?,(Sat) 27 Feb 1960 (8),Chesterfield FC (32),2-1,?,Reading FC (32)
?,(Sat) 27 Feb 1960 (8),AFC Bournemouth (34),0-0,?,Norwich City FC (33)
?,(Sat) 27 Feb 1960 (8),Bradford City AFC (31),1-2,?,FC Halifax Town (32)
?,(Mon) 29 Feb 1960 (9),Newport County AFC (33),4-1,?,Wrexham AFC (33)
?,(Mon) 29 Feb 1960 (9),Tranmere Rovers FC (34),2-3,?,Bradford City AFC (32)
?,(Mon) 29 Feb 1960 (9),Southend United FC (33),2-2,?,Barnsley FC (34)
?,(Sat) 5 Mar 1960 (9),Colchester United FC (35),4-0,?,Tranmere Rovers FC (35)
?,(Sat) 5 Mar 1960 (9),Mansfield Town FC (32),3-2,?,Grimsby Town FC (35)
?,(Sat) 5 Mar 1960 (9),Port Vale FC (34),2-1,?,Newport County AFC (34)
?,(Sat) 5 Mar 1960 (9),Shrewsbury Town FC (33),2-4,?,Chesterfield FC (33)
?,(Sat) 5 Mar 1960 (9),Barnsley FC (35),1-0,?,Coventry City FC (33)
?,(Sat) 5 Mar 1960 (9),Brentford FC (34),1-0,?,AFC Bournemouth (35)
?,(Sat) 5 Mar 1960 (9),Norwich City FC (34),4-0,?,Accrington Stanley FC (34)
?,(Sat) 5 Mar 1960 (9),Southampton FC (33),3-1,?,York City FC (34)
?,(Sat) 5 Mar 1960 (9),FC Halifax Town (33),3-1,?,Queens Park Rangers FC (33)
?,(Sat) 5 Mar 1960 (9),Southend United FC (34),1-1,?,Wrexham AFC (34)
?,(Sat) 5 Mar 1960 (9),Bury FC (35),0-0,?,Bradford City AFC (33)
?,(Sat) 5 Mar 1960 (9),Reading FC (33),3-0,?,Swindon Town FC (34)
?,(Mon) 7 Mar 1960 (10),Queens Park Rangers FC (34),2-0,?,Reading FC (34)
?,(Mon) 7 Mar 1960 (10),Newport County AFC (35),5-1,?,Southampton FC (34)
?,(Mon) 7 Mar 1960 (10),Coventry City FC (34),1-1,?,Port Vale FC (35)
?,(Tue) 8 Mar 1960 (10),Brentford FC (35),3-0,?,Chesterfield FC (34)
?,(Wed) 9 Mar 1960 (10),Wrexham AFC (35),1-0,?,Barnsley FC (36)
?,(Fri) 11 Mar 1960 (10),Accrington Stanley FC (35),3-4,?,Brentford FC (36)
?,(Sat) 12 Mar 1960 (10),Queens Park Rangers FC (35),2-0,?,Bury FC (36)
?,(Sat) 12 Mar 1960 (10),York City FC (35),2-3,?,Reading FC (35)
?,(Sat) 12 Mar 1960 (10),Coventry City FC (35),4-1,?,Southampton FC (35)
?,(Sat) 12 Mar 1960 (10),Newport County AFC (36),1-1,?,Norwich City FC (35)
?,(Sat) 12 Mar 1960 (10),Tranmere Rovers FC (36),1-0,?,Southend United FC (35)
?,(Sat) 12 Mar 1960 (10),Wrexham AFC (36),3-0,?,Mansfield Town FC (33)
?,(Sat) 12 Mar 1960 (10),AFC Bournemouth (36),3-2,?,Colchester United FC (36)
?,(Sat) 12 Mar 1960 (10),Grimsby Town FC (36),3-2,?,FC Halifax Town (34)
?,(Sat) 12 Mar 1960 (10),Swindon Town FC (35),4-2,?,Shrewsbury Town FC (34)
?,(Sat) 12 Mar 1960 (10),Chesterfield FC (35),4-1,?,Port Vale FC (36)
?,(Sat) 12 Mar 1960 (10),Bradford City AFC (34),0-0,?,Barnsley FC (37)
?,(Tue) 15 Mar 1960 (11),Bradford City AFC (35),2-3,?,Shrewsbury Town FC (35)
?,(Wed) 16 Mar 1960 (11),York City FC (36),1-2,?,Norwich City FC (36)
?,(Sat) 19 Mar 1960 (11),Shrewsbury Town FC (36),5-2,?,Grimsby Town FC (37)
?,(Sat) 19 Mar 1960 (11),Colchester United FC (37),2-2,?,York City FC (37)
?,(Sat) 19 Mar 1960 (11),Southend United FC (36),1-3,?,Swindon Town FC (36)
?,(Sat) 19 Mar 1960 (11),Norwich City FC (37),0-0,?,Bradford City AFC (36)
?,(Sat) 19 Mar 1960 (11),Barnsley FC (38),1-0,?,AFC Bournemouth (37)
?,(Sat) 19 Mar 1960 (11),Mansfield Town FC (34),4-1,?,Chesterfield FC (36)
?,(Sat) 19 Mar 1960 (11),Reading FC (36),0-1,?,Wrexham AFC (37)
?,(Sat) 19 Mar 1960 (11),Brentford FC (37),3-1,?,Coventry City FC (36)
?,(Sat) 19 Mar 1960 (11),Bury FC (37),0-1,?,Accrington Stanley FC (36)
?,(Sat) 19 Mar 1960 (11),Southampton FC (36),1-1,?,Tranmere Rovers FC (37)
?,(Sat) 19 Mar 1960 (11),FC Halifax Town (35),2-1,?,Newport County AFC (37)
?,(Sat) 19 Mar 1960 (11),Port Vale FC (37),0-0,?,Queens Park Rangers FC (36)
?,(Mon) 21 Mar 1960 (12),Newport County AFC (38),1-1,?,Southend United FC (37)
?,(Mon) 21 Mar 1960 (12),Colchester United FC (38),1-1,?,Southampton FC (37)
?,(Mon) 21 Mar 1960 (12),Accrington Stanley FC (37),0-1,?,Mansfield Town FC (35)
?,(Sat) 26 Mar 1960 (12),Swindon Town FC (37),0-1,?,Norwich City FC (38)
?,(Sat) 26 Mar 1960 (12),Grimsby Town FC (38),2-0,?,Barnsley FC (39)
?,(Sat) 26 Mar 1960 (12),AFC Bournemouth (38),6-0,?,Mansfield Town FC (36)
?,(Sat) 26 Mar 1960 (12),Coventry City FC (37),1-1,?,Shrewsbury Town FC (37)
?,(Sat) 26 Mar 1960 (12),Bradford City AFC (37),0-2,?,Reading FC (37)
?,(Sat) 26 Mar 1960 (12),Newport County AFC (39),3-2,?,Colchester United FC (39)
?,(Sat) 26 Mar 1960 (12),Wrexham AFC (38),1-1,?,Bury FC (38)
?,(Sat) 26 Mar 1960 (12),York City FC (38),2-0,?,Port Vale FC (38)
?,(Sat) 26 Mar 1960 (12),Accrington Stanley FC (38),0-4,?,Southend United FC (38)
?,(Sat) 26 Mar 1960 (12),Queens Park Rangers FC (37),0-1,?,Southampton FC (38)
?,(Sat) 26 Mar 1960 (12),Chesterfield FC (37),1-0,?,Brentford FC (38)
?,(Mon) 28 Mar 1960 (13),Tranmere Rovers FC (38),1-1,?,FC Halifax Town (36)
?,(Mon) 28 Mar 1960 (13),Mansfield Town FC (37),1-2,?,Swindon Town FC (38)
?,(Mon) 28 Mar 1960 (13),Queens Park Rangers FC (38),3-3,?,Chesterfield FC (38)
?,(Wed) 30 Mar 1960 (13),Norwich City FC (39),1-1,?,Shrewsbury Town FC (38)
?,(Wed) 30 Mar 1960 (13),Accrington Stanley FC (39),4-0,?,York City FC (39)
?,(Sat) 2 Apr 1960 (13),Brentford FC (39),2-1,?,Swindon Town FC (39)
?,(Sat) 2 Apr 1960 (13),Southend United FC (39),3-2,?,Newport County AFC (40)
?,(Sat) 2 Apr 1960 (13),FC Halifax Town (37),1-0,?,AFC Bournemouth (39)
?,(Sat) 2 Apr 1960 (13),Reading FC (38),2-0,?,Queens Park Rangers FC (39)
?,(Sat) 2 Apr 1960 (13),Colchester United FC (40),1-0,?,Chesterfield FC (39)
?,(Sat) 2 Apr 1960 (13),Southampton FC (39),1-1,?,Grimsby Town FC (39)
?,(Sat) 2 Apr 1960 (13),Barnsley FC (40),6-1,?,Wrexham AFC (39)
?,(Sat) 2 Apr 1960 (13),Shrewsbury Town FC (39),3-0,?,Bradford City AFC (38)
?,(Sat) 2 Apr 1960 (13),Port Vale FC (39),0-1,?,Coventry City FC (38)
?,(Sat) 2 Apr 1960 (13),Bury FC (39),4-1,?,Tranmere Rovers FC (39)
?,(Sat) 2 Apr 1960 (13),Norwich City FC (40),1-0,?,York City FC (40)
?,(Sat) 2 Apr 1960 (13),Mansfield Town FC (38),4-1,?,Accrington Stanley FC (40)
?,(Mon) 4 Apr 1960 (14),Mansfield Town FC (39),2-4,?,Coventry City FC (39)
?,(Sat) 9 Apr 1960 (14),Tranmere Rovers FC (40),2-0,?,Barnsley FC (41)
?,(Sat) 9 Apr 1960 (14),Newport County AFC (41),0-1,?,Mansfield Town FC (40)
?,(Sat) 9 Apr 1960 (14),Bradford City AFC (39),3-1,?,Port Vale FC (40)
?,(Sat) 9 Apr 1960 (14),Accrington Stanley FC (41),0-5,?,FC Halifax Town (38)
?,(Sat) 9 Apr 1960 (14),AFC Bournemouth (40),2-1,?,Bury FC (40)
?,(Sat) 9 Apr 1960 (14),Swindon Town FC (40),4-3,?,Colchester United FC (41)
?,(Sat) 9 Apr 1960 (14),Grimsby Town FC (40),0-1,?,Reading FC (39)
?,(Sat) 9 Apr 1960 (14),York City FC (41),0-1,?,Brentford FC (40)
?,(Sat) 9 Apr 1960 (14),Queens Park Rangers FC (40),1-1,?,Shrewsbury Town FC (40)
?,(Sat) 9 Apr 1960 (14),Wrexham AFC (40),2-1,?,Southampton FC (40)
?,(Sat) 9 Apr 1960 (14),Chesterfield FC (40),1-0,?,Southend United FC (40)
?,(Sat) 9 Apr 1960 (14),Coventry City FC (40),2-1,?,Norwich City FC (41)
?,(Mon) 11 Apr 1960 (15),FC Halifax Town (39),2-2,?,Reading FC (40)
?,(Fri) 15 Apr 1960 (15),Newport County AFC (42),1-3,?,Accrington Stanley FC (42)
?,(Fri) 15 Apr 1960 (15),Brentford FC (41),1-1,?,Mansfield Town FC (41)
?,(Fri) 15 Apr 1960 (15),Tranmere Rovers FC (41),2-2,?,Swindon Town FC (41)
?,(Fri) 15 Apr 1960 (15),Bury FC (41),3-1,?,Port Vale FC (41)
?,(Fri) 15 Apr 1960 (15),Grimsby Town FC (41),3-0,?,Coventry City FC (41)
?,(Fri) 15 Apr 1960 (15),Colchester United FC (42),2-3,?,Southend United FC (41)
?,(Fri) 15 Apr 1960 (15),Chesterfield FC (41),4-0,?,AFC Bournemouth (41)
?,(Fri) 15 Apr 1960 (15),Queens Park Rangers FC (41),5-0,?,Bradford City AFC (40)
?,(Fri) 15 Apr 1960 (15),Reading FC (41),2-0,?,Southampton FC (41)
?,(Fri) 15 Apr 1960 (15),York City FC (42),3-0,?,Wrexham AFC (41)
?,(Sat) 16 Apr 1960 (15),Southend United FC (42),1-0,?,Coventry City FC (42)
?,(Sat) 16 Apr 1960 (15),Port Vale FC (42),3-1,?,Wrexham AFC (42)
?,(Sat) 16 Apr 1960 (15),Brentford FC (42),1-1,?,Queens Park Rangers FC (42)
?,(Sat) 16 Apr 1960 (15),Reading FC (42),2-2,?,AFC Bournemouth (42)
?,(Sat) 16 Apr 1960 (15),Bury FC (42),1-1,?,Chesterfield FC (42)
?,(Sat) 16 Apr 1960 (15),Barnsley FC (42),0-2,?,Newport County AFC (43)
?,(Sat) 16 Apr 1960 (15),Southampton FC (42),5-1,?,Accrington Stanley FC (43)
?,(Sat) 16 Apr 1960 (15),FC Halifax Town (40),3-1,?,Swindon Town FC (42)
?,(Sat) 16 Apr 1960 (15),Mansfield Town FC (42),2-0,?,York City FC (43)
?,(Sat) 16 Apr 1960 (15),Norwich City FC (42),1-1,?,Grimsby Town FC (42)
?,(Sat) 16 Apr 1960 (15),Colchester United FC (43),2-1,?,Bradford City AFC (41)
?,(Sat) 16 Apr 1960 (15),Shrewsbury Town FC (41),0-0,?,Tranmere Rovers FC (42)
?,(Mon) 18 Apr 1960 (16),Bradford City AFC (42),3-1,?,Queens Park Rangers FC (43)
?,(Mon) 18 Apr 1960 (16),AFC Bournemouth (43),1-1,?,Chesterfield FC (43)
?,(Mon) 18 Apr 1960 (16),Southend United FC (43),1-0,?,Colchester United FC (44)
?,(Mon) 18 Apr 1960 (16),Wrexham AFC (43),3-1,?,York City FC (44)
?,(Mon) 18 Apr 1960 (16),Norwich City FC (43),3-0,?,FC Halifax Town (41)
?,(Mon) 18 Apr 1960 (16),Port Vale FC (43),3-0,?,Bury FC (43)
?,(Mon) 18 Apr 1960 (16),Shrewsbury Town FC (42),2-2,?,Barnsley FC (43)
?,(Mon) 18 Apr 1960 (16),Southampton FC (43),1-0,?,Reading FC (43)
?,(Mon) 18 Apr 1960 (16),Accrington Stanley FC (44),0-0,?,Newport County AFC (44)
?,(Mon) 18 Apr 1960 (16),Swindon Town FC (43),1-1,?,Tranmere Rovers FC (43)
?,(Mon) 18 Apr 1960 (16),Mansfield Town FC (43),0-1,?,Brentford FC (43)
?,(Tue) 19 Apr 1960 (16),Barnsley FC (44),0-0,?,Shrewsbury Town FC (43)
?,(Tue) 19 Apr 1960 (16),Coventry City FC (43),0-2,?,Grimsby Town FC (43)
?,(Sat) 23 Apr 1960 (16),Newport County AFC (45),3-1,?,Bury FC (44)
?,(Sat) 23 Apr 1960 (16),Coventry City FC (44),3-1,?,Colchester United FC (45)
?,(Sat) 23 Apr 1960 (16),Queens Park Rangers FC (44),0-0,?,Norwich City FC (44)
?,(Sat) 23 Apr 1960 (16),Chesterfield FC (44),2-1,?,FC Halifax Town (42)
?,(Sat) 23 Apr 1960 (16),Grimsby Town FC (44),1-1,?,Port Vale FC (44)
?,(Sat) 23 Apr 1960 (16),Barnsley FC (45),5-0,?,Accrington Stanley FC (45)
?,(Sat) 23 Apr 1960 (16),Wrexham AFC (44),1-1,?,Shrewsbury Town FC (44)
?,(Sat) 23 Apr 1960 (16),Tranmere Rovers FC (44),0-1,?,Reading FC (44)
?,(Sat) 23 Apr 1960 (16),AFC Bournemouth (44),1-3,?,Southampton FC (44)
?,(Sat) 23 Apr 1960 (16),York City FC (45),2-3,?,Southend United FC (44)
?,(Sat) 23 Apr 1960 (16),Swindon Town FC (44),2-1,?,Mansfield Town FC (44)
?,(Sat) 23 Apr 1960 (16),Bradford City AFC (43),0-2,?,Brentford FC (44)
?,(Mon) 25 Apr 1960 (17),Shrewsbury Town FC (45),2-2,?,FC Halifax Town (43)
?,(Mon) 25 Apr 1960 (17),Tranmere Rovers FC (45),2-0,?,Bury FC (45)
?,(Mon) 25 Apr 1960 (17),Mansfield Town FC (45),6-3,?,Port Vale FC (45)
?,(Tue) 26 Apr 1960 (17),Grimsby Town FC (45),3-2,?,Southampton FC (45)
?,(Wed) 27 Apr 1960 (17),Norwich City FC (45),4-3,?,Southend United FC (45)
?,(Wed) 27 Apr 1960 (17),Reading FC (45),1-0,?,Bradford City AFC (44)
?,(Thu) 28 Apr 1960 (17),FC Halifax Town (44),0-1,?,Chesterfield FC (45)
?,(Sat) 30 Apr 1960 (17),Coventry City FC (45),1-1,?,Reading FC (46)
?,(Sat) 30 Apr 1960 (17),Brentford FC (45),1-2,?,Newport County AFC (46)
?,(Sat) 30 Apr 1960 (17),Mansfield Town FC (46),0-2,?,Tranmere Rovers FC (46)
?,(Sat) 30 Apr 1960 (17),Norwich City FC (46),3-0,?,Chesterfield FC (46)
?,(Sat) 30 Apr 1960 (17),Southampton FC (46),2-0,?,Bradford City AFC (45)
?,(Sat) 30 Apr 1960 (17),Southend United FC (46),3-0,?,AFC Bournemouth (45)
?,(Sat) 30 Apr 1960 (17),Colchester United FC (46),5-1,?,Accrington Stanley FC (46)
?,(Sat) 30 Apr 1960 (17),Port Vale FC (46),6-1,?,Swindon Town FC (45)
?,(Sat) 30 Apr 1960 (17),Bury FC (46),1-1,?,Grimsby Town FC (46)
?,(Sat) 30 Apr 1960 (17),Queens Park Rangers FC (45),1-0,?,Barnsley FC (46)
?,(Sat) 30 Apr 1960 (17),York City FC (46),0-1,?,Shrewsbury Town FC (46)
?,(Sat) 30 Apr 1960 (17),FC Halifax Town (45),2-0,?,Wrexham AFC (45)
?,(Tue) 3 May 1960 (18),Brentford FC (46),4-0,?,Bradford City AFC (46)
?,(Wed) 4 May 1960 (18),Swindon Town FC (46),2-0,?,Coventry City FC (46)
?,(Wed) 4 May 1960 (18),AFC Bournemouth (46),1-0,?,FC Halifax Town (46)
?,(Wed) 4 May 1960 (18),Wrexham AFC (46),1-1,?,Queens Park Rangers FC (46)
