Round,Date,Team 1,FT,HT,Team 2
?,(Sat) 31 Aug 1946 (34),Oldham Athletic AFC (1),0-2,?,Carlisle United FC (1)
?,(Sat) 31 Aug 1946 (34),Stockport County FC (1),4-1,?,FC Halifax Town (1)
?,(Sat) 31 Aug 1946 (34),Darlington FC (1),4-2,?,Southport FC (1)
?,(Sat) 31 Aug 1946 (34),Hull City AFC (1),0-0,?,Lincoln City FC (1)
?,(Sat) 31 Aug 1946 (34),Gateshead FC (1),2-1,?,Crewe Alexandra FC (1)
?,(Sat) 31 Aug 1946 (34),York City FC (1),4-4,?,Chester FC (1)
?,(Sat) 31 Aug 1946 (34),Bradford City AFC (1),3-1,?,Accrington Stanley FC (1)
?,(Sat) 31 Aug 1946 (34),Wrexham AFC (1),3-2,?,New Brighton Tower FC (1898-1901) (1)
?,(Sat) 31 Aug 1946 (34),Tranmere Rovers FC (1),1-4,?,Rotherham United FC (1)
?,(Sat) 31 Aug 1946 (34),Doncaster Rovers FC (1),2-1,?,Rochdale AFC (1)
?,(Sat) 31 Aug 1946 (34),Hartlepool United FC (1),1-1,?,Barrow AFC (1)
?,(Mon) 2 Sep 1946 (35),FC Halifax Town (2),1-1,?,Oldham Athletic AFC (2)
?,(Mon) 2 Sep 1946 (35),Hull City AFC (2),2-2,?,Crewe Alexandra FC (2)
?,(Tue) 3 Sep 1946 (35),Southport FC (2),1-2,?,Tranmere Rovers FC (2)
?,(Tue) 3 Sep 1946 (35),Rochdale AFC (2),0-1,?,Wrexham AFC (2)
?,(Wed) 4 Sep 1946 (35),New Brighton Tower FC (1898-1901) (2),0-0,?,Bradford City AFC (2)
?,(Wed) 4 Sep 1946 (35),Gateshead FC (2),0-1,?,Hartlepool United FC (2)
?,(Wed) 4 Sep 1946 (35),Chester FC (2),1-3,?,Doncaster Rovers FC (2)
?,(Wed) 4 Sep 1946 (35),York City FC (2),2-3,?,Rotherham United FC (2)
?,(Wed) 4 Sep 1946 (35),Lincoln City FC (2),2-0,?,Darlington FC (2)
?,(Thu) 5 Sep 1946 (35),Barrow AFC (2),1-3,?,Accrington Stanley FC (2)
?,(Sat) 7 Sep 1946 (35),Accrington Stanley FC (3),2-3,?,Oldham Athletic AFC (3)
?,(Sat) 7 Sep 1946 (35),Barrow AFC (3),0-0,?,Bradford City AFC (3)
?,(Sat) 7 Sep 1946 (35),Rotherham United FC (3),4-1,?,Darlington FC (3)
?,(Sat) 7 Sep 1946 (35),Lincoln City FC (3),4-0,?,Gateshead FC (3)
?,(Sat) 7 Sep 1946 (35),FC Halifax Town (3),0-0,?,Wrexham AFC (3)
?,(Sat) 7 Sep 1946 (35),New Brighton Tower FC (1898-1901) (3),2-5,?,Doncaster Rovers FC (3)
?,(Sat) 7 Sep 1946 (35),Rochdale AFC (3),0-1,?,York City FC (3)
?,(Sat) 7 Sep 1946 (35),Chester FC (3),4-1,?,Tranmere Rovers FC (3)
?,(Sat) 7 Sep 1946 (35),Carlisle United FC (2),1-1,?,Stockport County FC (2)
?,(Sat) 7 Sep 1946 (35),Crewe Alexandra FC (3),1-1,?,Hartlepool United FC (3)
?,(Sat) 7 Sep 1946 (35),Southport FC (3),3-1,?,Hull City AFC (3)
?,(Mon) 9 Sep 1946 (36),Crewe Alexandra FC (4),2-0,?,Hull City AFC (4)
?,(Mon) 9 Sep 1946 (36),Oldham Athletic AFC (4),3-2,?,Rochdale AFC (4)
?,(Mon) 9 Sep 1946 (36),Bradford City AFC (4),2-1,?,New Brighton Tower FC (1898-1901) (4)
?,(Mon) 9 Sep 1946 (36),Stockport County FC (3),1-3,?,Doncaster Rovers FC (4)
?,(Tue) 10 Sep 1946 (36),Southport FC (4),2-4,?,Chester FC (4)
?,(Wed) 11 Sep 1946 (36),York City FC (4),2-4,?,Lincoln City FC (4)
?,(Wed) 11 Sep 1946 (36),Darlington FC (4),2-1,?,Hartlepool United FC (4)
?,(Wed) 11 Sep 1946 (36),Wrexham AFC (4),1-1,?,Rotherham United FC (4)
?,(Thu) 12 Sep 1946 (36),Barrow AFC (4),3-0,?,FC Halifax Town (4)
?,(Sat) 14 Sep 1946 (36),Hull City AFC (5),0-2,?,Rotherham United FC (5)
?,(Sat) 14 Sep 1946 (36),Tranmere Rovers FC (4),2-1,?,York City FC (5)
?,(Sat) 14 Sep 1946 (36),Gateshead FC (4),2-2,?,Southport FC (5)
?,(Sat) 14 Sep 1946 (36),Stockport County FC (4),2-0,?,Accrington Stanley FC (4)
?,(Sat) 14 Sep 1946 (36),Wrexham AFC (5),2-1,?,Carlisle United FC (3)
?,(Sat) 14 Sep 1946 (36),Bradford City AFC (5),1-0,?,Crewe Alexandra FC (5)
?,(Sat) 14 Sep 1946 (36),Darlington FC (5),3-3,?,Chester FC (5)
?,(Sat) 14 Sep 1946 (36),Hartlepool United FC (5),2-0,?,Lincoln City FC (5)
?,(Sat) 14 Sep 1946 (36),Doncaster Rovers FC (5),2-0,?,FC Halifax Town (5)
?,(Sat) 14 Sep 1946 (36),Oldham Athletic AFC (5),0-1,?,Barrow AFC (5)
?,(Sat) 14 Sep 1946 (36),Rochdale AFC (5),2-2,?,New Brighton Tower FC (1898-1901) (5)
?,(Mon) 16 Sep 1946 (37),Hartlepool United FC (6),4-1,?,Darlington FC (6)
?,(Mon) 16 Sep 1946 (37),Hull City AFC (6),1-2,?,Gateshead FC (5)
?,(Mon) 16 Sep 1946 (37),FC Halifax Town (6),3-2,?,Barrow AFC (6)
?,(Mon) 16 Sep 1946 (37),Doncaster Rovers FC (6),1-3,?,Stockport County FC (5)
?,(Tue) 17 Sep 1946 (37),Rochdale AFC (6),1-3,?,Oldham Athletic AFC (6)
?,(Wed) 18 Sep 1946 (37),Chester FC (6),2-0,?,Wrexham AFC (6)
?,(Wed) 18 Sep 1946 (37),Tranmere Rovers FC (5),3-2,?,Crewe Alexandra FC (6)
?,(Thu) 19 Sep 1946 (37),Carlisle United FC (4),4-3,?,Bradford City AFC (6)
?,(Sat) 21 Sep 1946 (37),Rotherham United FC (6),4-0,?,Gateshead FC (6)
?,(Sat) 21 Sep 1946 (37),Chester FC (7),5-1,?,Hull City AFC (7)
?,(Sat) 21 Sep 1946 (37),Accrington Stanley FC (5),0-1,?,Wrexham AFC (7)
?,(Sat) 21 Sep 1946 (37),Bradford City AFC (7),1-0,?,Oldham Athletic AFC (7)
?,(Sat) 21 Sep 1946 (37),New Brighton Tower FC (1898-1901) (6),2-1,?,Tranmere Rovers FC (6)
?,(Sat) 21 Sep 1946 (37),FC Halifax Town (7),3-0,?,Rochdale AFC (7)
?,(Sat) 21 Sep 1946 (37),York City FC (6),3-0,?,Darlington FC (7)
?,(Sat) 21 Sep 1946 (37),Southport FC (6),3-3,?,Hartlepool United FC (7)
?,(Sat) 21 Sep 1946 (37),Lincoln City FC (6),1-3,?,Crewe Alexandra FC (7)
?,(Sat) 21 Sep 1946 (37),Carlisle United FC (5),2-3,?,Doncaster Rovers FC (7)
?,(Sat) 21 Sep 1946 (37),Barrow AFC (7),1-0,?,Stockport County FC (6)
?,(Tue) 24 Sep 1946 (38),Accrington Stanley FC (6),4-3,?,Carlisle United FC (6)
?,(Wed) 25 Sep 1946 (38),Chester FC (8),2-1,?,Southport FC (7)
?,(Wed) 25 Sep 1946 (38),Wrexham AFC (8),2-2,?,Rochdale AFC (8)
?,(Sat) 28 Sep 1946 (38),Crewe Alexandra FC (8),2-0,?,Southport FC (8)
?,(Sat) 28 Sep 1946 (38),Wrexham AFC (9),1-1,?,Barrow AFC (8)
?,(Sat) 28 Sep 1946 (38),New Brighton Tower FC (1898-1901) (7),1-1,?,FC Halifax Town (8)
?,(Sat) 28 Sep 1946 (38),Doncaster Rovers FC (8),5-0,?,Accrington Stanley FC (7)
?,(Sat) 28 Sep 1946 (38),Rochdale AFC (9),6-0,?,Carlisle United FC (7)
?,(Sat) 28 Sep 1946 (38),Darlington FC (8),1-2,?,Tranmere Rovers FC (7)
?,(Sat) 28 Sep 1946 (38),Hartlepool United FC (8),2-1,?,Rotherham United FC (7)
?,(Sat) 28 Sep 1946 (38),Stockport County FC (7),4-0,?,Bradford City AFC (8)
?,(Sat) 28 Sep 1946 (38),Gateshead FC (7),3-4,?,Chester FC (9)
?,(Sat) 28 Sep 1946 (38),Oldham Athletic AFC (8),3-1,?,Lincoln City FC (7)
?,(Sat) 28 Sep 1946 (38),Hull City AFC (8),2-2,?,York City FC (7)
?,(Sat) 5 Oct 1946 (39),Bradford City AFC (9),2-1,?,Wrexham AFC (10)
?,(Sat) 5 Oct 1946 (39),Rotherham United FC (8),5-1,?,Crewe Alexandra FC (9)
?,(Sat) 5 Oct 1946 (39),Southport FC (9),1-3,?,Lincoln City FC (8)
?,(Sat) 5 Oct 1946 (39),FC Halifax Town (9),0-2,?,Darlington FC (9)
?,(Sat) 5 Oct 1946 (39),York City FC (8),3-1,?,Gateshead FC (8)
?,(Sat) 5 Oct 1946 (39),Oldham Athletic AFC (9),0-0,?,Stockport County FC (8)
?,(Sat) 5 Oct 1946 (39),Accrington Stanley FC (8),2-3,?,Rochdale AFC (10)
?,(Sat) 5 Oct 1946 (39),Tranmere Rovers FC (8),1-3,?,Hull City AFC (9)
?,(Sat) 5 Oct 1946 (39),Chester FC (10),2-1,?,Hartlepool United FC (9)
?,(Sat) 5 Oct 1946 (39),Barrow AFC (9),0-1,?,Doncaster Rovers FC (9)
?,(Sat) 5 Oct 1946 (39),Carlisle United FC (8),3-2,?,New Brighton Tower FC (1898-1901) (8)
?,(Sat) 12 Oct 1946 (40),Gateshead FC (9),3-1,?,Tranmere Rovers FC (9)
?,(Sat) 12 Oct 1946 (40),Doncaster Rovers FC (10),4-3,?,Bradford City AFC (10)
?,(Sat) 12 Oct 1946 (40),Lincoln City FC (9),4-0,?,Rotherham United FC (9)
?,(Sat) 12 Oct 1946 (40),Hartlepool United FC (10),1-1,?,York City FC (9)
?,(Sat) 12 Oct 1946 (40),Wrexham AFC (11),2-1,?,Oldham Athletic AFC (10)
?,(Sat) 12 Oct 1946 (40),FC Halifax Town (10),0-1,?,Carlisle United FC (9)
?,(Sat) 12 Oct 1946 (40),Rochdale AFC (11),1-1,?,Barrow AFC (10)
?,(Sat) 12 Oct 1946 (40),New Brighton Tower FC (1898-1901) (9),4-0,?,Accrington Stanley FC (9)
?,(Sat) 12 Oct 1946 (40),Stockport County FC (9),2-0,?,Southport FC (10)
?,(Sat) 12 Oct 1946 (40),Hull City AFC (10),2-1,?,Darlington FC (10)
?,(Sat) 12 Oct 1946 (40),Crewe Alexandra FC (10),0-2,?,Chester FC (11)
?,(Sat) 19 Oct 1946 (41),Gateshead FC (10),1-3,?,Carlisle United FC (10)
?,(Sat) 19 Oct 1946 (41),Southport FC (11),2-4,?,Oldham Athletic AFC (11)
?,(Sat) 19 Oct 1946 (41),Lincoln City FC (10),0-1,?,Bradford City AFC (11)
?,(Sat) 19 Oct 1946 (41),Hartlepool United FC (11),0-2,?,Accrington Stanley FC (10)
?,(Sat) 19 Oct 1946 (41),Darlington FC (11),4-0,?,New Brighton Tower FC (1898-1901) (10)
?,(Sat) 19 Oct 1946 (41),Rotherham United FC (10),2-1,?,Stockport County FC (10)
?,(Sat) 19 Oct 1946 (41),Tranmere Rovers FC (10),2-3,?,Rochdale AFC (12)
?,(Sat) 19 Oct 1946 (41),York City FC (10),1-4,?,Doncaster Rovers FC (11)
?,(Sat) 19 Oct 1946 (41),Hull City AFC (11),3-0,?,FC Halifax Town (11)
?,(Sat) 19 Oct 1946 (41),Crewe Alexandra FC (11),0-1,?,Barrow AFC (11)
?,(Sat) 26 Oct 1946 (42),Oldham Athletic AFC (12),0-1,?,Rotherham United FC (11)
?,(Sat) 26 Oct 1946 (42),Rochdale AFC (13),3-0,?,Darlington FC (12)
?,(Sat) 26 Oct 1946 (42),Wrexham AFC (12),3-1,?,York City FC (11)
?,(Sat) 26 Oct 1946 (42),Bradford City AFC (12),5-1,?,Southport FC (12)
?,(Sat) 26 Oct 1946 (42),Stockport County FC (11),0-3,?,Chester FC (12)
?,(Sat) 26 Oct 1946 (42),Accrington Stanley FC (11),2-3,?,Crewe Alexandra FC (12)
?,(Sat) 26 Oct 1946 (42),Doncaster Rovers FC (12),2-0,?,Tranmere Rovers FC (11)
?,(Sat) 26 Oct 1946 (42),Carlisle United FC (11),5-1,?,Hartlepool United FC (12)
?,(Sat) 26 Oct 1946 (42),FC Halifax Town (12),2-1,?,Gateshead FC (11)
?,(Sat) 26 Oct 1946 (42),New Brighton Tower FC (1898-1901) (11),1-5,?,Hull City AFC (12)
?,(Sat) 26 Oct 1946 (42),Barrow AFC (12),1-3,?,Lincoln City FC (11)
?,(Sat) 2 Nov 1946 (43),Southport FC (13),2-2,?,Barrow AFC (13)
?,(Sat) 2 Nov 1946 (43),Rotherham United FC (12),2-1,?,Bradford City AFC (13)
?,(Sat) 2 Nov 1946 (43),Hartlepool United FC (13),1-4,?,FC Halifax Town (13)
?,(Sat) 2 Nov 1946 (43),Tranmere Rovers FC (12),0-0,?,Wrexham AFC (13)
?,(Sat) 2 Nov 1946 (43),Darlington FC (13),1-1,?,Doncaster Rovers FC (13)
?,(Sat) 2 Nov 1946 (43),Hull City AFC (13),0-1,?,Rochdale AFC (14)
?,(Sat) 2 Nov 1946 (43),Lincoln City FC (12),1-1,?,Accrington Stanley FC (12)
?,(Sat) 2 Nov 1946 (43),Gateshead FC (12),3-0,?,New Brighton Tower FC (1898-1901) (12)
?,(Sat) 2 Nov 1946 (43),York City FC (12),3-2,?,Stockport County FC (12)
?,(Sat) 2 Nov 1946 (43),Crewe Alexandra FC (13),2-0,?,Carlisle United FC (12)
?,(Sat) 2 Nov 1946 (43),Chester FC (13),2-0,?,Oldham Athletic AFC (13)
?,(Sat) 9 Nov 1946 (44),New Brighton Tower FC (1898-1901) (13),2-1,?,Hartlepool United FC (14)
?,(Sat) 9 Nov 1946 (44),Barrow AFC (14),2-3,?,Rotherham United FC (13)
?,(Sat) 9 Nov 1946 (44),Bradford City AFC (14),0-0,?,Chester FC (14)
?,(Sat) 9 Nov 1946 (44),Rochdale AFC (15),2-3,?,Gateshead FC (13)
?,(Sat) 9 Nov 1946 (44),Doncaster Rovers FC (14),4-1,?,Hull City AFC (14)
?,(Sat) 9 Nov 1946 (44),Accrington Stanley FC (13),1-0,?,Southport FC (14)
?,(Sat) 9 Nov 1946 (44),Wrexham AFC (14),7-1,?,Darlington FC (14)
?,(Sat) 9 Nov 1946 (44),Stockport County FC (13),4-0,?,Tranmere Rovers FC (13)
?,(Sat) 9 Nov 1946 (44),FC Halifax Town (14),1-2,?,Crewe Alexandra FC (14)
?,(Sat) 9 Nov 1946 (44),Oldham Athletic AFC (14),2-2,?,York City FC (13)
?,(Sat) 9 Nov 1946 (44),Carlisle United FC (13),1-0,?,Lincoln City FC (13)
?,(Sat) 16 Nov 1946 (45),Crewe Alexandra FC (15),3-0,?,New Brighton Tower FC (1898-1901) (14)
?,(Sat) 16 Nov 1946 (45),Chester FC (15),3-0,?,Barrow AFC (15)
?,(Sat) 16 Nov 1946 (45),Lincoln City FC (14),3-1,?,FC Halifax Town (15)
?,(Sat) 16 Nov 1946 (45),Gateshead FC (14),1-3,?,Doncaster Rovers FC (15)
?,(Sat) 16 Nov 1946 (45),Hartlepool United FC (15),0-3,?,Rochdale AFC (16)
?,(Sat) 16 Nov 1946 (45),York City FC (14),0-3,?,Bradford City AFC (15)
?,(Sat) 16 Nov 1946 (45),Tranmere Rovers FC (14),4-2,?,Oldham Athletic AFC (15)
?,(Sat) 16 Nov 1946 (45),Darlington FC (15),1-2,?,Stockport County FC (14)
?,(Sat) 16 Nov 1946 (45),Rotherham United FC (14),4-1,?,Accrington Stanley FC (14)
?,(Sat) 16 Nov 1946 (45),Southport FC (15),0-2,?,Carlisle United FC (14)
?,(Sat) 16 Nov 1946 (45),Hull City AFC (15),1-0,?,Wrexham AFC (15)
?,(Sat) 23 Nov 1946 (46),Barrow AFC (16),0-1,?,York City FC (15)
?,(Sat) 23 Nov 1946 (46),Stockport County FC (15),2-0,?,Hull City AFC (16)
?,(Sat) 23 Nov 1946 (46),Rochdale AFC (17),1-1,?,Crewe Alexandra FC (16)
?,(Sat) 23 Nov 1946 (46),New Brighton Tower FC (1898-1901) (15),4-2,?,Lincoln City FC (15)
?,(Sat) 23 Nov 1946 (46),Doncaster Rovers FC (16),5-1,?,Hartlepool United FC (16)
?,(Sat) 23 Nov 1946 (46),Carlisle United FC (15),1-1,?,Rotherham United FC (15)
?,(Sat) 23 Nov 1946 (46),Accrington Stanley FC (15),1-4,?,Chester FC (16)
?,(Sat) 23 Nov 1946 (46),Oldham Athletic AFC (16),2-0,?,Darlington FC (16)
?,(Sat) 23 Nov 1946 (46),Bradford City AFC (16),2-2,?,Tranmere Rovers FC (15)
?,(Sat) 23 Nov 1946 (46),FC Halifax Town (16),1-1,?,Southport FC (16)
?,(Sat) 23 Nov 1946 (46),Wrexham AFC (16),2-0,?,Gateshead FC (15)
?,(Sat) 7 Dec 1946 (48),Wrexham AFC (17),1-0,?,Crewe Alexandra FC (17)
?,(Sat) 7 Dec 1946 (48),FC Halifax Town (17),1-2,?,Chester FC (17)
?,(Sat) 7 Dec 1946 (48),Rochdale AFC (18),0-0,?,Southport FC (17)
?,(Sat) 7 Dec 1946 (48),Lincoln City FC (16),3-5,?,Doncaster Rovers FC (17)
?,(Sat) 7 Dec 1946 (48),Bradford City AFC (17),1-1,?,Hull City AFC (17)
?,(Sat) 7 Dec 1946 (48),Carlisle United FC (16),1-2,?,York City FC (16)
?,(Sat) 7 Dec 1946 (48),Stockport County FC (16),1-2,?,Hartlepool United FC (17)
?,(Sat) 7 Dec 1946 (48),Accrington Stanley FC (16),2-1,?,Tranmere Rovers FC (16)
?,(Sat) 7 Dec 1946 (48),Barrow AFC (17),2-3,?,Darlington FC (17)
?,(Sat) 7 Dec 1946 (48),Oldham Athletic AFC (17),1-1,?,Gateshead FC (16)
?,(Sat) 14 Dec 1946 (49),Accrington Stanley FC (17),1-3,?,Barrow AFC (18)
?,(Sat) 14 Dec 1946 (49),Chester FC (18),2-1,?,New Brighton Tower FC (1898-1901) (16)
?,(Sat) 14 Dec 1946 (49),Tranmere Rovers FC (17),2-0,?,Bradford City AFC (18)
?,(Sat) 21 Dec 1946 (50),Rochdale AFC (19),2-1,?,Chester FC (19)
?,(Sat) 21 Dec 1946 (50),FC Halifax Town (18),1-3,?,Tranmere Rovers FC (18)
?,(Sat) 21 Dec 1946 (50),Oldham Athletic AFC (18),3-1,?,Crewe Alexandra FC (18)
?,(Sat) 21 Dec 1946 (50),Bradford City AFC (19),1-2,?,Hartlepool United FC (18)
?,(Sat) 21 Dec 1946 (50),Barrow AFC (19),1-0,?,Gateshead FC (17)
?,(Sat) 21 Dec 1946 (50),Accrington Stanley FC (18),0-0,?,Hull City AFC (18)
?,(Sat) 21 Dec 1946 (50),Wrexham AFC (18),1-1,?,Southport FC (18)
?,(Sat) 21 Dec 1946 (50),Doncaster Rovers FC (18),1-1,?,Rotherham United FC (16)
?,(Sat) 21 Dec 1946 (50),Stockport County FC (17),3-2,?,Lincoln City FC (17)
?,(Sat) 21 Dec 1946 (50),Carlisle United FC (17),1-5,?,Darlington FC (18)
?,(Wed) 25 Dec 1946 (51),Rochdale AFC (20),1-4,?,Stockport County FC (18)
?,(Wed) 25 Dec 1946 (51),Carlisle United FC (18),4-1,?,Barrow AFC (20)
?,(Wed) 25 Dec 1946 (51),Hartlepool United FC (19),0-0,?,Hull City AFC (19)
?,(Wed) 25 Dec 1946 (51),FC Halifax Town (19),1-2,?,Bradford City AFC (20)
?,(Wed) 25 Dec 1946 (51),Doncaster Rovers FC (19),5-0,?,Wrexham AFC (19)
?,(Wed) 25 Dec 1946 (51),Oldham Athletic AFC (19),2-2,?,New Brighton Tower FC (1898-1901) (17)
?,(Wed) 25 Dec 1946 (51),Tranmere Rovers FC (19),5-2,?,Lincoln City FC (18)
?,(Wed) 25 Dec 1946 (51),Southport FC (19),0-3,?,York City FC (17)
?,(Wed) 25 Dec 1946 (51),Chester FC (20),2-2,?,Rotherham United FC (17)
?,(Wed) 25 Dec 1946 (51),Crewe Alexandra FC (19),3-2,?,Darlington FC (19)
?,(Wed) 25 Dec 1946 (51),Gateshead FC (18),2-1,?,Accrington Stanley FC (19)
?,(Thu) 26 Dec 1946 (51),Barrow AFC (21),3-1,?,Carlisle United FC (19)
?,(Thu) 26 Dec 1946 (51),Wrexham AFC (20),0-2,?,Doncaster Rovers FC (20)
?,(Thu) 26 Dec 1946 (51),New Brighton Tower FC (1898-1901) (18),4-0,?,Oldham Athletic AFC (20)
?,(Thu) 26 Dec 1946 (51),Darlington FC (20),4-0,?,Crewe Alexandra FC (20)
?,(Thu) 26 Dec 1946 (51),Lincoln City FC (19),2-1,?,Tranmere Rovers FC (20)
?,(Thu) 26 Dec 1946 (51),Hull City AFC (20),1-1,?,Hartlepool United FC (20)
?,(Thu) 26 Dec 1946 (51),Accrington Stanley FC (20),0-3,?,Gateshead FC (19)
?,(Thu) 26 Dec 1946 (51),Rotherham United FC (18),3-1,?,Chester FC (21)
?,(Thu) 26 Dec 1946 (51),Stockport County FC (19),5-2,?,Rochdale AFC (21)
?,(Thu) 26 Dec 1946 (51),York City FC (18),1-1,?,Southport FC (20)
?,(Thu) 26 Dec 1946 (51),Bradford City AFC (21),3-1,?,FC Halifax Town (20)
?,(Sat) 28 Dec 1946 (51),Accrington Stanley FC (21),0-0,?,Bradford City AFC (22)
?,(Sat) 28 Dec 1946 (51),Rotherham United FC (19),6-0,?,Tranmere Rovers FC (21)
?,(Sat) 28 Dec 1946 (51),Rochdale AFC (22),2-3,?,Doncaster Rovers FC (21)
?,(Sat) 28 Dec 1946 (51),Chester FC (22),6-0,?,York City FC (19)
?,(Sat) 28 Dec 1946 (51),Carlisle United FC (20),1-2,?,Oldham Athletic AFC (21)
?,(Sat) 28 Dec 1946 (51),Crewe Alexandra FC (21),1-1,?,Gateshead FC (20)
?,(Sat) 28 Dec 1946 (51),Barrow AFC (22),2-0,?,Hartlepool United FC (21)
?,(Sat) 28 Dec 1946 (51),Southport FC (21),2-2,?,Darlington FC (21)
?,(Sat) 28 Dec 1946 (51),FC Halifax Town (21),1-2,?,Stockport County FC (20)
?,(Sat) 28 Dec 1946 (51),Lincoln City FC (20),0-3,?,Hull City AFC (21)
?,(Wed) 1 Jan 1947 (0),Tranmere Rovers FC (22),2-0,?,Southport FC (22)
?,(Wed) 1 Jan 1947 (0),Darlington FC (22),4-3,?,Lincoln City FC (21)
?,(Wed) 1 Jan 1947 (0),Hartlepool United FC (22),1-3,?,Wrexham AFC (21)
?,(Wed) 1 Jan 1947 (0),Oldham Athletic AFC (22),6-1,?,FC Halifax Town (22)
?,(Wed) 1 Jan 1947 (0),Gateshead FC (21),1-0,?,Hull City AFC (22)
?,(Wed) 1 Jan 1947 (0),New Brighton Tower FC (1898-1901) (19),1-0,?,Stockport County FC (21)
?,(Wed) 1 Jan 1947 (0),Rotherham United FC (20),6-1,?,York City FC (20)
?,(Wed) 1 Jan 1947 (0),Carlisle United FC (21),4-2,?,Accrington Stanley FC (22)
?,(Thu) 2 Jan 1947 (0),Gateshead FC (22),1-2,?,Bradford City AFC (23)
?,(Sat) 4 Jan 1947 (0),Wrexham AFC (22),2-0,?,FC Halifax Town (23)
?,(Sat) 4 Jan 1947 (0),Bradford City AFC (24),5-0,?,Barrow AFC (23)
?,(Sat) 4 Jan 1947 (0),Darlington FC (23),4-3,?,Rotherham United FC (21)
?,(Sat) 4 Jan 1947 (0),Doncaster Rovers FC (22),0-0,?,New Brighton Tower FC (1898-1901) (20)
?,(Sat) 4 Jan 1947 (0),Stockport County FC (22),2-0,?,Carlisle United FC (22)
?,(Sat) 4 Jan 1947 (0),Oldham Athletic AFC (23),1-2,?,Accrington Stanley FC (23)
?,(Sat) 4 Jan 1947 (0),York City FC (21),2-3,?,Rochdale AFC (23)
?,(Sat) 4 Jan 1947 (0),Tranmere Rovers FC (23),3-2,?,Chester FC (23)
?,(Sat) 4 Jan 1947 (0),Hartlepool United FC (23),5-2,?,Crewe Alexandra FC (22)
?,(Sat) 4 Jan 1947 (0),Hull City AFC (23),4-0,?,Southport FC (23)
?,(Sat) 4 Jan 1947 (0),Gateshead FC (23),3-0,?,Lincoln City FC (22)
?,(Sat) 11 Jan 1947 (1),Tranmere Rovers FC (24),1-1,?,Barrow AFC (24)
?,(Sat) 11 Jan 1947 (1),Darlington FC (24),2-0,?,Bradford City AFC (25)
?,(Sat) 11 Jan 1947 (1),Southport FC (24),2-0,?,New Brighton Tower FC (1898-1901) (21)
?,(Sat) 11 Jan 1947 (1),York City FC (22),0-1,?,Accrington Stanley FC (24)
?,(Sat) 11 Jan 1947 (1),Hartlepool United FC (24),1-1,?,Oldham Athletic AFC (24)
?,(Mon) 13 Jan 1947 (2),Rotherham United FC (22),6-1,?,FC Halifax Town (24)
?,(Wed) 15 Jan 1947 (2),Gateshead FC (24),1-2,?,Stockport County FC (23)
?,(Sat) 18 Jan 1947 (2),Crewe Alexandra FC (23),2-2,?,Bradford City AFC (26)
?,(Sat) 18 Jan 1947 (2),York City FC (23),0-1,?,Tranmere Rovers FC (25)
?,(Sat) 18 Jan 1947 (2),Accrington Stanley FC (25),2-1,?,Stockport County FC (24)
?,(Sat) 18 Jan 1947 (2),Southport FC (25),2-1,?,Gateshead FC (25)
?,(Sat) 18 Jan 1947 (2),FC Halifax Town (25),4-2,?,Doncaster Rovers FC (23)
?,(Sat) 18 Jan 1947 (2),Barrow AFC (25),5-2,?,Oldham Athletic AFC (25)
?,(Sat) 18 Jan 1947 (2),Rotherham United FC (23),2-0,?,Hull City AFC (24)
?,(Sat) 18 Jan 1947 (2),New Brighton Tower FC (1898-1901) (22),1-2,?,Rochdale AFC (24)
?,(Sat) 18 Jan 1947 (2),Lincoln City FC (23),5-2,?,Hartlepool United FC (25)
?,(Sat) 18 Jan 1947 (2),Chester FC (24),1-1,?,Darlington FC (25)
?,(Wed) 22 Jan 1947 (3),Crewe Alexandra FC (24),0-3,?,Doncaster Rovers FC (24)
?,(Wed) 22 Jan 1947 (3),Lincoln City FC (24),2-3,?,Rochdale AFC (25)
?,(Sat) 25 Jan 1947 (3),Oldham Athletic AFC (26),0-1,?,Bradford City AFC (27)
?,(Sat) 25 Jan 1947 (3),Rochdale AFC (26),1-0,?,FC Halifax Town (26)
?,(Sat) 25 Jan 1947 (3),Wrexham AFC (23),4-0,?,Accrington Stanley FC (26)
?,(Sat) 25 Jan 1947 (3),Gateshead FC (26),2-0,?,Rotherham United FC (24)
?,(Sat) 25 Jan 1947 (3),Darlington FC (26),3-1,?,York City FC (24)
?,(Sat) 25 Jan 1947 (3),Tranmere Rovers FC (26),3-3,?,New Brighton Tower FC (1898-1901) (23)
?,(Sat) 25 Jan 1947 (3),Crewe Alexandra FC (25),0-5,?,Lincoln City FC (25)
?,(Sat) 25 Jan 1947 (3),Hartlepool United FC (26),3-0,?,Southport FC (26)
?,(Sat) 25 Jan 1947 (3),Doncaster Rovers FC (25),9-2,?,Carlisle United FC (23)
?,(Sat) 25 Jan 1947 (3),Stockport County FC (25),2-0,?,Barrow AFC (26)
?,(Sat) 1 Feb 1947 (4),Barrow AFC (27),1-0,?,Wrexham AFC (24)
?,(Sat) 1 Feb 1947 (4),FC Halifax Town (27),0-1,?,New Brighton Tower FC (1898-1901) (24)
?,(Sat) 1 Feb 1947 (4),Carlisle United FC (24),1-3,?,Rochdale AFC (27)
?,(Sat) 1 Feb 1947 (4),Bradford City AFC (28),0-2,?,Stockport County FC (26)
?,(Sat) 1 Feb 1947 (4),Rotherham United FC (25),4-0,?,Hartlepool United FC (27)
?,(Sat) 1 Feb 1947 (4),Chester FC (25),0-1,?,Gateshead FC (27)
?,(Sat) 1 Feb 1947 (4),Southport FC (27),2-2,?,Crewe Alexandra FC (26)
?,(Sat) 1 Feb 1947 (4),Accrington Stanley FC (27),0-1,?,Doncaster Rovers FC (26)
?,(Sat) 1 Feb 1947 (4),York City FC (25),3-0,?,Hull City AFC (25)
?,(Sat) 1 Feb 1947 (4),Lincoln City FC (26),1-3,?,Oldham Athletic AFC (27)
?,(Sat) 1 Feb 1947 (4),Tranmere Rovers FC (27),2-0,?,Darlington FC (27)
?,(Sat) 8 Feb 1947 (5),Hartlepool United FC (28),5-1,?,Chester FC (26)
?,(Sat) 8 Feb 1947 (5),Stockport County FC (27),4-0,?,Oldham Athletic AFC (28)
?,(Sat) 8 Feb 1947 (5),Crewe Alexandra FC (27),1-2,?,Rotherham United FC (26)
?,(Sat) 15 Feb 1947 (6),Southport FC (28),4-1,?,Stockport County FC (28)
?,(Sat) 15 Feb 1947 (6),Carlisle United FC (25),1-0,?,FC Halifax Town (28)
?,(Sat) 15 Feb 1947 (6),Oldham Athletic AFC (29),1-5,?,Wrexham AFC (25)
?,(Sat) 15 Feb 1947 (6),Tranmere Rovers FC (28),1-0,?,Gateshead FC (28)
?,(Sat) 15 Feb 1947 (6),Darlington FC (28),0-2,?,Hull City AFC (26)
?,(Sat) 15 Feb 1947 (6),Chester FC (27),2-0,?,Crewe Alexandra FC (28)
?,(Sat) 22 Feb 1947 (7),Barrow AFC (28),0-2,?,Crewe Alexandra FC (29)
?,(Sat) 22 Feb 1947 (7),Carlisle United FC (26),3-1,?,Gateshead FC (29)
?,(Sat) 22 Feb 1947 (7),Accrington Stanley FC (28),2-1,?,Hartlepool United FC (29)
?,(Sat) 22 Feb 1947 (7),Stockport County FC (29),1-2,?,Rotherham United FC (27)
?,(Sat) 22 Feb 1947 (7),Oldham Athletic AFC (30),2-4,?,Southport FC (29)
?,(Sat) 1 Mar 1947 (8),Hartlepool United FC (30),4-1,?,Carlisle United FC (27)
?,(Sat) 1 Mar 1947 (8),Tranmere Rovers FC (29),3-5,?,Doncaster Rovers FC (27)
?,(Sat) 1 Mar 1947 (8),Southport FC (30),0-1,?,Bradford City AFC (29)
?,(Sat) 1 Mar 1947 (8),Darlington FC (29),4-1,?,Rochdale AFC (28)
?,(Thu) 6 Mar 1947 (9),Hull City AFC (27),1-0,?,Chester FC (28)
?,(Sat) 8 Mar 1947 (9),Carlisle United FC (28),3-3,?,Crewe Alexandra FC (30)
?,(Sat) 8 Mar 1947 (9),New Brighton Tower FC (1898-1901) (25),2-3,?,Gateshead FC (30)
?,(Sat) 8 Mar 1947 (9),Rochdale AFC (29),5-2,?,Hull City AFC (28)
?,(Sat) 8 Mar 1947 (9),Doncaster Rovers FC (28),5-0,?,Darlington FC (30)
?,(Thu) 13 Mar 1947 (10),Doncaster Rovers FC (29),8-0,?,Barrow AFC (29)
?,(Sat) 15 Mar 1947 (10),Crewe Alexandra FC (31),2-0,?,FC Halifax Town (29)
?,(Sat) 15 Mar 1947 (10),Tranmere Rovers FC (30),2-1,?,Stockport County FC (30)
?,(Sat) 15 Mar 1947 (10),Southport FC (31),0-1,?,Accrington Stanley FC (29)
?,(Sat) 15 Mar 1947 (10),Lincoln City FC (27),3-1,?,Carlisle United FC (29)
?,(Sat) 15 Mar 1947 (10),Hull City AFC (29),0-1,?,Doncaster Rovers FC (30)
?,(Sat) 15 Mar 1947 (10),Hartlepool United FC (31),3-0,?,New Brighton Tower FC (1898-1901) (26)
?,(Sat) 22 Mar 1947 (11),Carlisle United FC (30),1-1,?,Southport FC (32)
?,(Sat) 22 Mar 1947 (11),Accrington Stanley FC (30),2-3,?,Rotherham United FC (28)
?,(Sat) 22 Mar 1947 (11),Oldham Athletic AFC (31),1-2,?,Tranmere Rovers FC (31)
?,(Sat) 22 Mar 1947 (11),Barrow AFC (30),1-0,?,Chester FC (29)
?,(Sat) 22 Mar 1947 (11),New Brighton Tower FC (1898-1901) (27),4-0,?,Crewe Alexandra FC (32)
?,(Sat) 22 Mar 1947 (11),Stockport County FC (31),1-0,?,Darlington FC (31)
?,(Sat) 22 Mar 1947 (11),Bradford City AFC (30),3-2,?,York City FC (26)
?,(Sat) 22 Mar 1947 (11),Doncaster Rovers FC (31),3-0,?,Gateshead FC (31)
?,(Sat) 22 Mar 1947 (11),Rochdale AFC (30),1-0,?,Hartlepool United FC (32)
?,(Sat) 22 Mar 1947 (11),Wrexham AFC (26),0-1,?,Hull City AFC (30)
?,(Sat) 29 Mar 1947 (12),Chester FC (30),3-1,?,Accrington Stanley FC (31)
?,(Sat) 29 Mar 1947 (12),Lincoln City FC (28),5-1,?,New Brighton Tower FC (1898-1901) (28)
?,(Sat) 29 Mar 1947 (12),Darlington FC (32),1-1,?,Oldham Athletic AFC (32)
?,(Sat) 29 Mar 1947 (12),Gateshead FC (32),3-3,?,Wrexham AFC (27)
?,(Sat) 29 Mar 1947 (12),Crewe Alexandra FC (33),2-2,?,Rochdale AFC (31)
?,(Sat) 29 Mar 1947 (12),York City FC (27),0-2,?,Barrow AFC (31)
?,(Sat) 29 Mar 1947 (12),Rotherham United FC (29),4-0,?,Carlisle United FC (31)
?,(Sat) 29 Mar 1947 (12),Southport FC (33),6-1,?,FC Halifax Town (30)
?,(Sat) 29 Mar 1947 (12),Hull City AFC (31),0-3,?,Stockport County FC (32)
?,(Sat) 29 Mar 1947 (12),Hartlepool United FC (33),0-2,?,Doncaster Rovers FC (32)
?,(Fri) 4 Apr 1947 (13),New Brighton Tower FC (1898-1901) (29),0-1,?,Barrow AFC (32)
?,(Fri) 4 Apr 1947 (13),Southport FC (34),2-0,?,Rotherham United FC (30)
?,(Fri) 4 Apr 1947 (13),Carlisle United FC (32),0-2,?,Hull City AFC (32)
?,(Fri) 4 Apr 1947 (13),Accrington Stanley FC (32),1-1,?,FC Halifax Town (31)
?,(Fri) 4 Apr 1947 (13),Stockport County FC (33),1-0,?,Wrexham AFC (28)
?,(Fri) 4 Apr 1947 (13),Crewe Alexandra FC (34),2-0,?,York City FC (28)
?,(Fri) 4 Apr 1947 (13),Chester FC (31),3-0,?,Lincoln City FC (29)
?,(Fri) 4 Apr 1947 (13),Rochdale AFC (32),0-1,?,Bradford City AFC (31)
?,(Fri) 4 Apr 1947 (13),Darlington FC (33),2-0,?,Gateshead FC (33)
?,(Fri) 4 Apr 1947 (13),Doncaster Rovers FC (33),4-2,?,Oldham Athletic AFC (33)
?,(Fri) 4 Apr 1947 (13),Hartlepool United FC (34),1-0,?,Tranmere Rovers FC (32)
?,(Sat) 5 Apr 1947 (13),FC Halifax Town (32),2-3,?,Rotherham United FC (31)
?,(Sat) 5 Apr 1947 (13),Barrow AFC (33),0-1,?,Tranmere Rovers FC (33)
?,(Sat) 5 Apr 1947 (13),Wrexham AFC (29),4-1,?,Hartlepool United FC (35)
?,(Sat) 5 Apr 1947 (13),Doncaster Rovers FC (34),1-1,?,Crewe Alexandra FC (35)
?,(Sat) 5 Apr 1947 (13),New Brighton Tower FC (1898-1901) (30),1-0,?,Southport FC (35)
?,(Sat) 5 Apr 1947 (13),Bradford City AFC (32),2-0,?,Darlington FC (34)
?,(Sat) 5 Apr 1947 (13),Rochdale AFC (33),2-0,?,Lincoln City FC (30)
?,(Sat) 5 Apr 1947 (13),Stockport County FC (34),2-0,?,Gateshead FC (34)
?,(Sat) 5 Apr 1947 (13),Oldham Athletic AFC (34),1-2,?,Hull City AFC (33)
?,(Sat) 5 Apr 1947 (13),Carlisle United FC (33),3-2,?,Chester FC (32)
?,(Mon) 7 Apr 1947 (14),Rotherham United FC (32),2-1,?,Southport FC (36)
?,(Mon) 7 Apr 1947 (14),Wrexham AFC (30),2-1,?,Stockport County FC (35)
?,(Mon) 7 Apr 1947 (14),Gateshead FC (35),1-0,?,Darlington FC (35)
?,(Mon) 7 Apr 1947 (14),Hull City AFC (34),2-0,?,Carlisle United FC (34)
?,(Mon) 7 Apr 1947 (14),Oldham Athletic AFC (35),0-1,?,Doncaster Rovers FC (35)
?,(Mon) 7 Apr 1947 (14),FC Halifax Town (33),2-1,?,Accrington Stanley FC (33)
?,(Mon) 7 Apr 1947 (14),Barrow AFC (34),0-1,?,New Brighton Tower FC (1898-1901) (31)
?,(Mon) 7 Apr 1947 (14),York City FC (29),2-3,?,Crewe Alexandra FC (36)
?,(Mon) 7 Apr 1947 (14),Lincoln City FC (31),2-2,?,Chester FC (33)
?,(Mon) 7 Apr 1947 (14),Tranmere Rovers FC (34),4-1,?,Hartlepool United FC (36)
?,(Mon) 7 Apr 1947 (14),Bradford City AFC (33),0-1,?,Rochdale AFC (34)
?,(Sat) 12 Apr 1947 (14),Darlington FC (36),0-1,?,Barrow AFC (35)
?,(Sat) 12 Apr 1947 (14),Tranmere Rovers FC (35),0-1,?,Accrington Stanley FC (34)
?,(Sat) 12 Apr 1947 (14),Crewe Alexandra FC (37),1-0,?,Wrexham AFC (31)
?,(Sat) 12 Apr 1947 (14),Southport FC (37),0-2,?,Rochdale AFC (35)
?,(Sat) 12 Apr 1947 (14),York City FC (30),2-2,?,Carlisle United FC (35)
?,(Sat) 12 Apr 1947 (14),Gateshead FC (36),1-0,?,Oldham Athletic AFC (36)
?,(Sat) 12 Apr 1947 (14),Hull City AFC (35),0-2,?,Bradford City AFC (34)
?,(Sat) 12 Apr 1947 (14),Chester FC (34),2-0,?,FC Halifax Town (34)
?,(Sat) 12 Apr 1947 (14),Rotherham United FC (33),3-0,?,New Brighton Tower FC (1898-1901) (32)
?,(Sat) 12 Apr 1947 (14),Doncaster Rovers FC (36),1-1,?,Lincoln City FC (32)
?,(Sat) 12 Apr 1947 (14),Hartlepool United FC (37),1-0,?,Stockport County FC (36)
?,(Sat) 19 Apr 1947 (15),Rochdale AFC (36),1-1,?,Rotherham United FC (34)
?,(Sat) 19 Apr 1947 (15),Southport FC (38),0-5,?,Doncaster Rovers FC (37)
?,(Sat) 19 Apr 1947 (15),Wrexham AFC (32),4-1,?,Lincoln City FC (33)
?,(Sat) 19 Apr 1947 (15),Stockport County FC (37),3-2,?,Crewe Alexandra FC (38)
?,(Sat) 19 Apr 1947 (15),Barrow AFC (36),1-0,?,Hull City AFC (36)
?,(Sat) 19 Apr 1947 (15),Accrington Stanley FC (35),3-0,?,Darlington FC (37)
?,(Sat) 19 Apr 1947 (15),Carlisle United FC (36),4-2,?,Tranmere Rovers FC (36)
?,(Sat) 19 Apr 1947 (15),FC Halifax Town (35),0-3,?,York City FC (31)
?,(Sat) 19 Apr 1947 (15),New Brighton Tower FC (1898-1901) (33),0-3,?,Chester FC (35)
?,(Sat) 19 Apr 1947 (15),Oldham Athletic AFC (37),0-0,?,Hartlepool United FC (38)
?,(Sat) 19 Apr 1947 (15),Bradford City AFC (35),2-2,?,Gateshead FC (37)
?,(Sat) 26 Apr 1947 (16),Chester FC (36),1-0,?,Rochdale AFC (37)
?,(Sat) 26 Apr 1947 (16),Southport FC (39),1-1,?,Wrexham AFC (33)
?,(Sat) 26 Apr 1947 (16),Hartlepool United FC (39),0-0,?,Bradford City AFC (36)
?,(Sat) 26 Apr 1947 (16),Lincoln City FC (34),4-0,?,Stockport County FC (38)
?,(Sat) 26 Apr 1947 (16),Gateshead FC (38),0-5,?,Barrow AFC (37)
?,(Sat) 26 Apr 1947 (16),Crewe Alexandra FC (39),3-0,?,Oldham Athletic AFC (38)
?,(Sat) 26 Apr 1947 (16),York City FC (32),1-2,?,New Brighton Tower FC (1898-1901) (34)
?,(Sat) 26 Apr 1947 (16),Darlington FC (38),2-1,?,Carlisle United FC (37)
?,(Sat) 26 Apr 1947 (16),Rotherham United FC (35),3-2,?,Doncaster Rovers FC (38)
?,(Sat) 26 Apr 1947 (16),Tranmere Rovers FC (37),1-1,?,FC Halifax Town (36)
?,(Sat) 26 Apr 1947 (16),Hull City AFC (37),3-0,?,Accrington Stanley FC (36)
?,(Sat) 3 May 1947 (17),Darlington FC (39),5-0,?,Accrington Stanley FC (37)
?,(Sat) 3 May 1947 (17),Lincoln City FC (35),2-2,?,York City FC (33)
?,(Sat) 3 May 1947 (17),Stockport County FC (39),2-0,?,New Brighton Tower FC (1898-1901) (35)
?,(Sat) 3 May 1947 (17),Rotherham United FC (36),3-2,?,Wrexham AFC (34)
?,(Sat) 3 May 1947 (17),Gateshead FC (39),6-1,?,FC Halifax Town (37)
?,(Sat) 3 May 1947 (17),Barrow AFC (38),2-1,?,Southport FC (40)
?,(Sat) 3 May 1947 (17),Crewe Alexandra FC (40),4-3,?,Tranmere Rovers FC (38)
?,(Sat) 3 May 1947 (17),Doncaster Rovers FC (39),3-0,?,Chester FC (37)
?,(Sat) 3 May 1947 (17),Bradford City AFC (37),2-2,?,Carlisle United FC (38)
?,(Sat) 10 May 1947 (18),Doncaster Rovers FC (40),2-0,?,Southport FC (41)
?,(Sat) 10 May 1947 (18),Crewe Alexandra FC (41),3-2,?,Stockport County FC (40)
?,(Sat) 10 May 1947 (18),Chester FC (38),3-0,?,Bradford City AFC (38)
?,(Sat) 10 May 1947 (18),Rotherham United FC (37),3-0,?,Lincoln City FC (36)
?,(Sat) 10 May 1947 (18),Barrow AFC (39),2-2,?,Rochdale AFC (38)
?,(Sat) 10 May 1947 (18),Carlisle United FC (39),1-1,?,Wrexham AFC (35)
?,(Sat) 10 May 1947 (18),Hull City AFC (38),1-0,?,Tranmere Rovers FC (39)
?,(Sat) 10 May 1947 (18),Accrington Stanley FC (38),3-1,?,New Brighton Tower FC (1898-1901) (36)
?,(Sat) 10 May 1947 (18),York City FC (34),1-4,?,Hartlepool United FC (40)
?,(Sat) 10 May 1947 (18),Darlington FC (40),0-1,?,FC Halifax Town (38)
?,(Wed) 14 May 1947 (19),Accrington Stanley FC (39),1-2,?,York City FC (35)
?,(Sat) 17 May 1947 (19),Crewe Alexandra FC (42),5-0,?,Accrington Stanley FC (40)
?,(Sat) 17 May 1947 (19),Gateshead FC (40),2-2,?,Rochdale AFC (39)
?,(Sat) 17 May 1947 (19),Wrexham AFC (36),2-0,?,Bradford City AFC (39)
?,(Sat) 17 May 1947 (19),FC Halifax Town (39),2-0,?,Hull City AFC (39)
?,(Sat) 17 May 1947 (19),New Brighton Tower FC (1898-1901) (37),0-3,?,York City FC (36)
?,(Sat) 17 May 1947 (19),Oldham Athletic AFC (39),1-0,?,Chester FC (39)
?,(Sat) 17 May 1947 (19),Lincoln City FC (37),4-2,?,Southport FC (42)
?,(Wed) 21 May 1947 (20),York City FC (37),1-0,?,Oldham Athletic AFC (40)
?,(Sat) 24 May 1947 (20),New Brighton Tower FC (1898-1901) (38),4-1,?,Darlington FC (41)
?,(Sat) 24 May 1947 (20),FC Halifax Town (40),1-4,?,Hartlepool United FC (41)
?,(Sat) 24 May 1947 (20),Lincoln City FC (38),3-1,?,Wrexham AFC (37)
?,(Sat) 24 May 1947 (20),Bradford City AFC (40),0-1,?,Doncaster Rovers FC (41)
?,(Sat) 24 May 1947 (20),Hull City AFC (40),0-1,?,Oldham Athletic AFC (41)
?,(Sat) 24 May 1947 (20),Chester FC (40),3-0,?,Stockport County FC (41)
?,(Sat) 24 May 1947 (20),Rochdale AFC (40),5-1,?,Accrington Stanley FC (41)
?,(Sat) 24 May 1947 (20),Rotherham United FC (38),4-3,?,Barrow AFC (40)
?,(Sat) 24 May 1947 (20),Tranmere Rovers FC (40),1-1,?,Carlisle United FC (40)
?,(Sat) 24 May 1947 (20),Gateshead FC (41),1-2,?,York City FC (38)
?,(Mon) 26 May 1947 (21),Lincoln City FC (39),1-0,?,Barrow AFC (41)
?,(Mon) 26 May 1947 (21),Rotherham United FC (39),8-0,?,Oldham Athletic AFC (42)
?,(Mon) 26 May 1947 (21),New Brighton Tower FC (1898-1901) (39),2-2,?,Carlisle United FC (41)
?,(Mon) 26 May 1947 (21),Wrexham AFC (38),0-4,?,Chester FC (41)
?,(Mon) 26 May 1947 (21),Hartlepool United FC (42),1-3,?,Gateshead FC (42)
?,(Mon) 26 May 1947 (21),York City FC (39),2-0,?,FC Halifax Town (41)
?,(Tue) 27 May 1947 (21),York City FC (40),2-2,?,Wrexham AFC (39)
?,(Sat) 31 May 1947 (21),Chester FC (42),4-0,?,Carlisle United FC (42)
?,(Sat) 31 May 1947 (21),Rochdale AFC (41),3-0,?,Tranmere Rovers FC (41)
?,(Sat) 31 May 1947 (21),Bradford City AFC (41),2-0,?,Rotherham United FC (40)
?,(Sat) 31 May 1947 (21),Hull City AFC (41),1-0,?,Barrow AFC (42)
?,(Sat) 31 May 1947 (21),New Brighton Tower FC (1898-1901) (40),1-0,?,Wrexham AFC (40)
?,(Sat) 31 May 1947 (21),Accrington Stanley FC (42),8-4,?,Lincoln City FC (40)
?,(Sat) 31 May 1947 (21),Stockport County FC (42),4-2,?,York City FC (41)
?,(Sat) 7 Jun 1947 (22),Doncaster Rovers FC (42),0-0,?,York City FC (42)
?,(Sat) 7 Jun 1947 (22),FC Halifax Town (42),2-3,?,Lincoln City FC (41)
?,(Sat) 7 Jun 1947 (22),Hull City AFC (42),1-1,?,New Brighton Tower FC (1898-1901) (41)
?,(Sat) 7 Jun 1947 (22),Darlington FC (42),1-1,?,Wrexham AFC (41)
?,(Sat) 7 Jun 1947 (22),Rotherham United FC (41),3-3,?,Rochdale AFC (42)
?,(Sat) 14 Jun 1947 (23),New Brighton Tower FC (1898-1901) (42),1-0,?,Rotherham United FC (42)
?,(Sat) 14 Jun 1947 (23),Bradford City AFC (42),3-0,?,Lincoln City FC (42)
?,(Sat) 14 Jun 1947 (23),Wrexham AFC (42),0-0,?,Tranmere Rovers FC (42)
