Round,Date,Team 1,FT,HT,Team 2
?,(Sat) 31 Aug 1946 (34),Burnley FC (1),1-1,?,Coventry City FC (1)
?,(Sat) 31 Aug 1946 (34),Leicester City FC (1),0-3,?,Manchester City FC (1)
?,(Sat) 31 Aug 1946 (34),Bury FC (1),7-2,?,Fulham FC (1)
?,(Sat) 31 Aug 1946 (34),Luton Town FC (1),4-1,?,Sheffield Wednesday FC (1)
?,(Sat) 31 Aug 1946 (34),Tottenham Hotspur FC (1),1-2,?,Birmingham City FC (1)
?,(Sat) 31 Aug 1946 (34),Chesterfield FC (1),1-1,?,Bradford Park Avenue AFC (1)
?,(Sat) 31 Aug 1946 (34),Plymouth Argyle FC (1),3-1,?,West Ham United FC (1)
?,(Sat) 31 Aug 1946 (34),Millwall FC (1),1-4,?,Newcastle United FC (1)
?,(Sat) 31 Aug 1946 (34),Swansea City AFC (1),2-3,?,West Bromwich Albion FC (1)
?,(Sat) 31 Aug 1946 (34),Barnsley FC (1),3-2,?,Nottingham Forest FC (1)
?,(Mon) 2 Sep 1946 (35),Sheffield Wednesday FC (2),2-4,?,Barnsley FC (2)
?,(Mon) 2 Sep 1946 (35),Coventry City FC (2),3-2,?,West Bromwich Albion FC (2)
?,(Mon) 2 Sep 1946 (35),West Ham United FC (2),3-2,?,Fulham FC (2)
?,(Mon) 2 Sep 1946 (35),Millwall FC (2),1-1,?,Plymouth Argyle FC (2)
?,(Wed) 4 Sep 1946 (35),Southampton FC (1),4-0,?,Swansea City AFC (2)
?,(Wed) 4 Sep 1946 (35),Birmingham City FC (2),4-0,?,Leicester City FC (2)
?,(Wed) 4 Sep 1946 (35),Bradford Park Avenue AFC (2),2-1,?,Luton Town FC (2)
?,(Wed) 4 Sep 1946 (35),Manchester City FC (2),3-1,?,Bury FC (2)
?,(Thu) 5 Sep 1946 (35),Nottingham Forest FC (2),0-2,?,Newcastle United FC (2)
?,(Sat) 7 Sep 1946 (35),West Bromwich Albion FC (3),3-2,?,Tottenham Hotspur FC (2)
?,(Sat) 7 Sep 1946 (35),Manchester City FC (3),0-0,?,Chesterfield FC (2)
?,(Sat) 7 Sep 1946 (35),Bradford Park Avenue AFC (3),0-0,?,Millwall FC (3)
?,(Sat) 7 Sep 1946 (35),Newcastle United FC (3),1-1,?,Swansea City AFC (3)
?,(Sat) 7 Sep 1946 (35),Birmingham City FC (3),0-2,?,Burnley FC (2)
?,(Sat) 7 Sep 1946 (35),Coventry City FC (3),1-1,?,Barnsley FC (3)
?,(Sat) 7 Sep 1946 (35),Fulham FC (3),2-1,?,Luton Town FC (3)
?,(Sat) 7 Sep 1946 (35),Nottingham Forest FC (3),6-1,?,Newport County AFC (1)
?,(Sat) 7 Sep 1946 (35),Sheffield Wednesday FC (3),2-1,?,Plymouth Argyle FC (3)
?,(Sat) 7 Sep 1946 (35),Southampton FC (2),1-1,?,Bury FC (3)
?,(Sat) 7 Sep 1946 (35),West Ham United FC (3),0-2,?,Leicester City FC (3)
?,(Mon) 9 Sep 1946 (36),Barnsley FC (4),4-1,?,Sheffield Wednesday FC (4)
?,(Mon) 9 Sep 1946 (36),Swansea City AFC (4),3-2,?,Nottingham Forest FC (4)
?,(Mon) 9 Sep 1946 (36),Tottenham Hotspur FC (3),2-1,?,Southampton FC (3)
?,(Mon) 9 Sep 1946 (36),Burnley FC (3),3-2,?,Newport County AFC (2)
?,(Mon) 9 Sep 1946 (36),Fulham FC (4),3-2,?,West Ham United FC (4)
?,(Wed) 11 Sep 1946 (36),Newcastle United FC (4),3-1,?,Coventry City FC (4)
?,(Wed) 11 Sep 1946 (36),Plymouth Argyle FC (4),1-0,?,Chesterfield FC (3)
?,(Wed) 11 Sep 1946 (36),Luton Town FC (4),3-0,?,Millwall FC (4)
?,(Thu) 12 Sep 1946 (36),Leicester City FC (4),2-1,?,Birmingham City FC (4)
?,(Sat) 14 Sep 1946 (36),Newport County AFC (3),4-2,?,Coventry City FC (5)
?,(Sat) 14 Sep 1946 (36),Burnley FC (4),0-2,?,West Bromwich Albion FC (4)
?,(Sat) 14 Sep 1946 (36),Chesterfield FC (4),3-1,?,West Ham United FC (5)
?,(Sat) 14 Sep 1946 (36),Tottenham Hotspur FC (4),1-1,?,Newcastle United FC (5)
?,(Sat) 14 Sep 1946 (36),Southampton FC (4),5-2,?,Nottingham Forest FC (5)
?,(Sat) 14 Sep 1946 (36),Plymouth Argyle FC (5),2-2,?,Fulham FC (5)
?,(Sat) 14 Sep 1946 (36),Leicester City FC (5),3-5,?,Sheffield Wednesday FC (5)
?,(Sat) 14 Sep 1946 (36),Luton Town FC (5),2-0,?,Bury FC (4)
?,(Sat) 14 Sep 1946 (36),Millwall FC (5),1-3,?,Manchester City FC (4)
?,(Sat) 14 Sep 1946 (36),Barnsley FC (5),3-1,?,Birmingham City FC (5)
?,(Sat) 14 Sep 1946 (36),Swansea City AFC (5),1-6,?,Bradford Park Avenue AFC (4)
?,(Mon) 16 Sep 1946 (37),Coventry City FC (6),1-1,?,Newcastle United FC (6)
?,(Mon) 16 Sep 1946 (37),Sheffield Wednesday FC (6),1-1,?,Fulham FC (6)
?,(Mon) 16 Sep 1946 (37),Barnsley FC (6),1-0,?,Burnley FC (5)
?,(Wed) 18 Sep 1946 (37),West Bromwich Albion FC (5),3-0,?,Birmingham City FC (6)
?,(Wed) 18 Sep 1946 (37),Bury FC (5),2-2,?,Manchester City FC (5)
?,(Thu) 19 Sep 1946 (37),Leicester City FC (6),0-1,?,Chesterfield FC (5)
?,(Thu) 19 Sep 1946 (37),Newport County AFC (4),2-4,?,Tottenham Hotspur FC (5)
?,(Sat) 21 Sep 1946 (37),West Bromwich Albion FC (6),2-5,?,Barnsley FC (7)
?,(Sat) 21 Sep 1946 (37),Birmingham City FC (7),1-1,?,Newport County AFC (5)
?,(Sat) 21 Sep 1946 (37),Bury FC (6),3-3,?,Plymouth Argyle FC (6)
?,(Sat) 21 Sep 1946 (37),Swansea City AFC (6),0-2,?,Tottenham Hotspur FC (6)
?,(Sat) 21 Sep 1946 (37),Fulham FC (7),4-2,?,Leicester City FC (7)
?,(Sat) 21 Sep 1946 (37),Coventry City FC (7),2-0,?,Southampton FC (5)
?,(Sat) 21 Sep 1946 (37),Newcastle United FC (7),1-2,?,Burnley FC (6)
?,(Sat) 21 Sep 1946 (37),West Ham United FC (6),3-1,?,Millwall FC (6)
?,(Sat) 21 Sep 1946 (37),Nottingham Forest FC (6),4-2,?,Luton Town FC (6)
?,(Sat) 21 Sep 1946 (37),Sheffield Wednesday FC (7),0-1,?,Chesterfield FC (6)
?,(Sat) 21 Sep 1946 (37),Manchester City FC (6),7-2,?,Bradford Park Avenue AFC (5)
?,(Wed) 25 Sep 1946 (38),Birmingham City FC (8),1-0,?,West Bromwich Albion FC (7)
?,(Wed) 25 Sep 1946 (38),Bradford Park Avenue AFC (6),2-2,?,Bury FC (7)
?,(Sat) 28 Sep 1946 (38),Tottenham Hotspur FC (7),0-0,?,Manchester City FC (7)
?,(Sat) 28 Sep 1946 (38),Barnsley FC (8),1-1,?,Newcastle United FC (8)
?,(Sat) 28 Sep 1946 (38),Nottingham Forest FC (7),1-0,?,Coventry City FC (8)
?,(Sat) 28 Sep 1946 (38),Chesterfield FC (7),1-1,?,Fulham FC (8)
?,(Sat) 28 Sep 1946 (38),Millwall FC (7),2-2,?,Sheffield Wednesday FC (8)
?,(Sat) 28 Sep 1946 (38),Newport County AFC (6),2-7,?,West Bromwich Albion FC (8)
?,(Sat) 28 Sep 1946 (38),Burnley FC (7),1-0,?,Swansea City AFC (7)
?,(Sat) 28 Sep 1946 (38),Southampton FC (6),1-0,?,Birmingham City FC (9)
?,(Sat) 28 Sep 1946 (38),Bradford Park Avenue AFC (7),0-1,?,West Ham United FC (7)
?,(Sat) 28 Sep 1946 (38),Leicester City FC (8),0-0,?,Bury FC (8)
?,(Sat) 28 Sep 1946 (38),Plymouth Argyle FC (7),2-1,?,Luton Town FC (7)
?,(Mon) 30 Sep 1946 (39),Burnley FC (8),2-2,?,Barnsley FC (9)
?,(Thu) 3 Oct 1946 (39),Swansea City AFC (8),4-2,?,Southampton FC (7)
?,(Sat) 5 Oct 1946 (39),Sheffield Wednesday FC (9),1-2,?,Bradford Park Avenue AFC (8)
?,(Sat) 5 Oct 1946 (39),Swansea City AFC (9),2-2,?,Barnsley FC (10)
?,(Sat) 5 Oct 1946 (39),Fulham FC (9),3-2,?,Millwall FC (8)
?,(Sat) 5 Oct 1946 (39),Birmingham City FC (10),4-0,?,Nottingham Forest FC (8)
?,(Sat) 5 Oct 1946 (39),West Bromwich Albion FC (9),2-0,?,Southampton FC (8)
?,(Sat) 5 Oct 1946 (39),Bury FC (9),0-2,?,Chesterfield FC (8)
?,(Sat) 5 Oct 1946 (39),Luton Town FC (8),1-2,?,Leicester City FC (9)
?,(Sat) 5 Oct 1946 (39),Plymouth Argyle FC (8),2-2,?,Coventry City FC (9)
?,(Sat) 5 Oct 1946 (39),Newcastle United FC (9),13-0,?,Newport County AFC (7)
?,(Sat) 5 Oct 1946 (39),Tottenham Hotspur FC (8),1-1,?,Burnley FC (9)
?,(Sat) 5 Oct 1946 (39),West Ham United FC (8),1-0,?,Manchester City FC (8)
?,(Mon) 7 Oct 1946 (40),Millwall FC (9),2-0,?,Luton Town FC (9)
?,(Mon) 7 Oct 1946 (40),Tottenham Hotspur FC (9),3-1,?,Newport County AFC (8)
?,(Sat) 12 Oct 1946 (40),Southampton FC (9),1-1,?,Newcastle United FC (10)
?,(Sat) 12 Oct 1946 (40),Newport County AFC (9),2-4,?,Swansea City AFC (10)
?,(Sat) 12 Oct 1946 (40),Chesterfield FC (9),2-1,?,Luton Town FC (10)
?,(Sat) 12 Oct 1946 (40),Barnsley FC (11),1-3,?,Tottenham Hotspur FC (10)
?,(Sat) 12 Oct 1946 (40),Millwall FC (10),1-0,?,Bury FC (10)
?,(Sat) 12 Oct 1946 (40),Burnley FC (10),2-1,?,West Ham United FC (9)
?,(Sat) 12 Oct 1946 (40),Coventry City FC (10),0-0,?,Birmingham City FC (11)
?,(Sat) 12 Oct 1946 (40),Nottingham Forest FC (9),1-1,?,West Bromwich Albion FC (10)
?,(Sat) 12 Oct 1946 (40),Manchester City FC (9),2-1,?,Sheffield Wednesday FC (10)
?,(Sat) 12 Oct 1946 (40),Leicester City FC (10),4-1,?,Plymouth Argyle FC (9)
?,(Sat) 12 Oct 1946 (40),Bradford Park Avenue AFC (9),1-2,?,Fulham FC (10)
?,(Sat) 19 Oct 1946 (41),Chesterfield FC (10),0-1,?,Birmingham City FC (12)
?,(Sat) 19 Oct 1946 (41),Millwall FC (11),1-2,?,West Bromwich Albion FC (11)
?,(Sat) 19 Oct 1946 (41),Sheffield Wednesday FC (11),1-2,?,Burnley FC (11)
?,(Sat) 19 Oct 1946 (41),West Ham United FC (10),2-2,?,Tottenham Hotspur FC (11)
?,(Sat) 19 Oct 1946 (41),Leicester City FC (11),1-0,?,Coventry City FC (11)
?,(Sat) 19 Oct 1946 (41),Bradford Park Avenue AFC (10),2-1,?,Newcastle United FC (11)
?,(Sat) 19 Oct 1946 (41),Manchester City FC (10),1-1,?,Swansea City AFC (11)
?,(Sat) 19 Oct 1946 (41),Fulham FC (11),6-1,?,Barnsley FC (12)
?,(Sat) 19 Oct 1946 (41),Bury FC (11),0-1,?,Newport County AFC (10)
?,(Sat) 19 Oct 1946 (41),Plymouth Argyle FC (10),2-0,?,Nottingham Forest FC (10)
?,(Sat) 19 Oct 1946 (41),Luton Town FC (11),2-2,?,Southampton FC (10)
?,(Thu) 24 Oct 1946 (42),Newport County AFC (11),1-2,?,Southampton FC (11)
?,(Sat) 26 Oct 1946 (42),Burnley FC (12),2-0,?,Fulham FC (12)
?,(Sat) 26 Oct 1946 (42),Barnsley FC (13),4-0,?,Bury FC (12)
?,(Sat) 26 Oct 1946 (42),Nottingham Forest FC (11),2-0,?,Leicester City FC (12)
?,(Sat) 26 Oct 1946 (42),Newcastle United FC (12),3-2,?,Manchester City FC (11)
?,(Sat) 26 Oct 1946 (42),Tottenham Hotspur FC (12),2-0,?,Sheffield Wednesday FC (12)
?,(Sat) 26 Oct 1946 (42),Birmingham City FC (13),4-0,?,Millwall FC (12)
?,(Sat) 26 Oct 1946 (42),Coventry City FC (12),1-1,?,Chesterfield FC (11)
?,(Sat) 26 Oct 1946 (42),Southampton FC (12),5-1,?,Plymouth Argyle FC (11)
?,(Sat) 26 Oct 1946 (42),Swansea City AFC (12),2-1,?,West Ham United FC (11)
?,(Sat) 26 Oct 1946 (42),West Bromwich Albion FC (12),1-1,?,Bradford Park Avenue AFC (11)
?,(Sat) 26 Oct 1946 (42),Newport County AFC (12),1-3,?,Luton Town FC (12)
?,(Sat) 2 Nov 1946 (43),Bury FC (13),2-2,?,Burnley FC (13)
?,(Sat) 2 Nov 1946 (43),Millwall FC (13),3-5,?,Coventry City FC (13)
?,(Sat) 2 Nov 1946 (43),West Ham United FC (12),0-2,?,Newcastle United FC (13)
?,(Sat) 2 Nov 1946 (43),Manchester City FC (12),5-0,?,West Bromwich Albion FC (13)
?,(Sat) 2 Nov 1946 (43),Sheffield Wednesday FC (13),3-0,?,Swansea City AFC (13)
?,(Sat) 2 Nov 1946 (43),Fulham FC (13),1-1,?,Tottenham Hotspur FC (13)
?,(Sat) 2 Nov 1946 (43),Plymouth Argyle FC (12),4-1,?,Newport County AFC (13)
?,(Sat) 2 Nov 1946 (43),Chesterfield FC (12),1-1,?,Nottingham Forest FC (12)
?,(Sat) 2 Nov 1946 (43),Luton Town FC (13),3-1,?,Barnsley FC (14)
?,(Sat) 2 Nov 1946 (43),Leicester City FC (13),2-0,?,Southampton FC (13)
?,(Sat) 2 Nov 1946 (43),Bradford Park Avenue AFC (12),2-0,?,Birmingham City FC (14)
?,(Sat) 9 Nov 1946 (44),Southampton FC (14),1-1,?,Chesterfield FC (13)
?,(Sat) 9 Nov 1946 (44),Nottingham Forest FC (13),1-2,?,Millwall FC (14)
?,(Sat) 9 Nov 1946 (44),Newcastle United FC (14),4-0,?,Sheffield Wednesday FC (14)
?,(Sat) 9 Nov 1946 (44),Burnley FC (14),1-1,?,Luton Town FC (14)
?,(Sat) 9 Nov 1946 (44),Newport County AFC (14),2-3,?,Leicester City FC (14)
?,(Sat) 9 Nov 1946 (44),Coventry City FC (14),0-0,?,Bradford Park Avenue AFC (13)
?,(Sat) 9 Nov 1946 (44),West Bromwich Albion FC (14),2-3,?,West Ham United FC (13)
?,(Sat) 9 Nov 1946 (44),Barnsley FC (15),1-3,?,Plymouth Argyle FC (13)
?,(Sat) 9 Nov 1946 (44),Tottenham Hotspur FC (14),2-1,?,Bury FC (14)
?,(Sat) 9 Nov 1946 (44),Birmingham City FC (15),3-1,?,Manchester City FC (13)
?,(Sat) 9 Nov 1946 (44),Swansea City AFC (14),0-2,?,Fulham FC (14)
?,(Sat) 16 Nov 1946 (45),Chesterfield FC (14),2-0,?,Newport County AFC (15)
?,(Sat) 16 Nov 1946 (45),Plymouth Argyle FC (14),2-2,?,Burnley FC (15)
?,(Sat) 16 Nov 1946 (45),West Ham United FC (14),0-4,?,Birmingham City FC (16)
?,(Sat) 16 Nov 1946 (45),Millwall FC (15),3-1,?,Southampton FC (15)
?,(Sat) 16 Nov 1946 (45),Luton Town FC (15),3-2,?,Tottenham Hotspur FC (15)
?,(Sat) 16 Nov 1946 (45),Leicester City FC (15),6-0,?,Barnsley FC (16)
?,(Sat) 16 Nov 1946 (45),Fulham FC (15),0-3,?,Newcastle United FC (15)
?,(Sat) 16 Nov 1946 (45),Bury FC (15),3-3,?,Swansea City AFC (15)
?,(Sat) 16 Nov 1946 (45),Manchester City FC (14),1-0,?,Coventry City FC (15)
?,(Sat) 16 Nov 1946 (45),Bradford Park Avenue AFC (14),0-1,?,Nottingham Forest FC (14)
?,(Sat) 16 Nov 1946 (45),Sheffield Wednesday FC (15),2-2,?,West Bromwich Albion FC (15)
?,(Sat) 23 Nov 1946 (46),Nottingham Forest FC (15),0-1,?,Manchester City FC (15)
?,(Sat) 23 Nov 1946 (46),Birmingham City FC (17),3-1,?,Sheffield Wednesday FC (16)
?,(Sat) 23 Nov 1946 (46),Tottenham Hotspur FC (16),2-1,?,Plymouth Argyle FC (15)
?,(Sat) 23 Nov 1946 (46),Southampton FC (16),3-2,?,Bradford Park Avenue AFC (15)
?,(Sat) 23 Nov 1946 (46),Burnley FC (16),0-0,?,Leicester City FC (16)
?,(Sat) 23 Nov 1946 (46),Barnsley FC (17),1-2,?,Chesterfield FC (15)
?,(Sat) 23 Nov 1946 (46),Newport County AFC (16),3-1,?,Millwall FC (16)
?,(Sat) 23 Nov 1946 (46),Swansea City AFC (16),2-0,?,Luton Town FC (16)
?,(Sat) 23 Nov 1946 (46),West Bromwich Albion FC (16),6-1,?,Fulham FC (16)
?,(Sat) 23 Nov 1946 (46),Coventry City FC (16),2-1,?,West Ham United FC (15)
?,(Sat) 23 Nov 1946 (46),Newcastle United FC (16),1-1,?,Bury FC (16)
?,(Sat) 30 Nov 1946 (47),Fulham FC (17),0-1,?,Birmingham City FC (18)
?,(Sat) 30 Nov 1946 (47),Bradford Park Avenue AFC (16),2-1,?,Newport County AFC (17)
?,(Sat) 30 Nov 1946 (47),Plymouth Argyle FC (16),2-1,?,Swansea City AFC (17)
?,(Sat) 30 Nov 1946 (47),West Ham United FC (16),2-2,?,Nottingham Forest FC (16)
?,(Sat) 30 Nov 1946 (47),Manchester City FC (16),1-1,?,Southampton FC (17)
?,(Sat) 30 Nov 1946 (47),Millwall FC (17),3-1,?,Barnsley FC (18)
?,(Sat) 30 Nov 1946 (47),Luton Town FC (17),4-3,?,Newcastle United FC (17)
?,(Sat) 30 Nov 1946 (47),Chesterfield FC (16),0-0,?,Burnley FC (17)
?,(Sat) 30 Nov 1946 (47),Leicester City FC (17),1-1,?,Tottenham Hotspur FC (17)
?,(Sat) 30 Nov 1946 (47),Bury FC (17),4-0,?,West Bromwich Albion FC (17)
?,(Sat) 30 Nov 1946 (47),Sheffield Wednesday FC (17),4-2,?,Coventry City FC (17)
?,(Sat) 7 Dec 1946 (48),Southampton FC (18),4-2,?,West Ham United FC (17)
?,(Sat) 7 Dec 1946 (48),Tottenham Hotspur FC (18),3-4,?,Chesterfield FC (17)
?,(Sat) 7 Dec 1946 (48),Nottingham Forest FC (17),2-2,?,Sheffield Wednesday FC (18)
?,(Sat) 7 Dec 1946 (48),Newcastle United FC (18),3-2,?,Plymouth Argyle FC (17)
?,(Sat) 7 Dec 1946 (48),Newport County AFC (18),0-3,?,Manchester City FC (17)
?,(Sat) 7 Dec 1946 (48),Burnley FC (18),3-0,?,Millwall FC (18)
?,(Sat) 7 Dec 1946 (48),Barnsley FC (19),3-1,?,Bradford Park Avenue AFC (17)
?,(Sat) 7 Dec 1946 (48),West Bromwich Albion FC (18),1-2,?,Luton Town FC (18)
?,(Sat) 7 Dec 1946 (48),Coventry City FC (18),1-0,?,Fulham FC (18)
?,(Sat) 7 Dec 1946 (48),Birmingham City FC (19),3-0,?,Bury FC (18)
?,(Sat) 7 Dec 1946 (48),Swansea City AFC (18),3-4,?,Leicester City FC (18)
?,(Sat) 14 Dec 1946 (49),Sheffield Wednesday FC (19),3-0,?,Southampton FC (19)
?,(Sat) 14 Dec 1946 (49),Luton Town FC (19),1-3,?,Birmingham City FC (20)
?,(Sat) 14 Dec 1946 (49),Millwall FC (19),0-3,?,Tottenham Hotspur FC (19)
?,(Sat) 14 Dec 1946 (49),Manchester City FC (18),5-1,?,Barnsley FC (20)
?,(Sat) 14 Dec 1946 (49),Plymouth Argyle FC (18),2-1,?,West Bromwich Albion FC (19)
?,(Sat) 14 Dec 1946 (49),Leicester City FC (19),2-4,?,Newcastle United FC (19)
?,(Sat) 14 Dec 1946 (49),Bradford Park Avenue AFC (18),0-1,?,Burnley FC (19)
?,(Sat) 14 Dec 1946 (49),Chesterfield FC (18),1-0,?,Swansea City AFC (19)
?,(Sat) 14 Dec 1946 (49),Bury FC (19),1-0,?,Coventry City FC (19)
?,(Sat) 21 Dec 1946 (50),Burnley FC (20),0-0,?,Manchester City FC (19)
?,(Sat) 21 Dec 1946 (50),Tottenham Hotspur FC (20),3-3,?,Bradford Park Avenue AFC (19)
?,(Sat) 21 Dec 1946 (50),Barnsley FC (21),1-2,?,West Ham United FC (18)
?,(Sat) 21 Dec 1946 (50),Coventry City FC (20),0-0,?,Luton Town FC (20)
?,(Sat) 21 Dec 1946 (50),Birmingham City FC (21),6-1,?,Plymouth Argyle FC (19)
?,(Sat) 21 Dec 1946 (50),Nottingham Forest FC (18),2-0,?,Bury FC (20)
?,(Sat) 21 Dec 1946 (50),West Bromwich Albion FC (20),4-2,?,Leicester City FC (20)
?,(Sat) 21 Dec 1946 (50),Newcastle United FC (20),2-1,?,Chesterfield FC (19)
?,(Sat) 21 Dec 1946 (50),Newport County AFC (19),4-3,?,Sheffield Wednesday FC (20)
?,(Wed) 25 Dec 1946 (51),Coventry City FC (21),3-1,?,Tottenham Hotspur FC (21)
?,(Wed) 25 Dec 1946 (51),Millwall FC (20),1-1,?,Chesterfield FC (20)
?,(Wed) 25 Dec 1946 (51),Barnsley FC (22),4-4,?,Southampton FC (20)
?,(Wed) 25 Dec 1946 (51),Newcastle United FC (21),2-4,?,West Bromwich Albion FC (21)
?,(Wed) 25 Dec 1946 (51),Burnley FC (21),3-0,?,Nottingham Forest FC (19)
?,(Wed) 25 Dec 1946 (51),Bury FC (21),4-2,?,Sheffield Wednesday FC (21)
?,(Wed) 25 Dec 1946 (51),Newport County AFC (20),4-2,?,Fulham FC (19)
?,(Wed) 25 Dec 1946 (51),Bradford Park Avenue AFC (20),1-2,?,Leicester City FC (21)
?,(Wed) 25 Dec 1946 (51),West Ham United FC (19),2-1,?,Luton Town FC (21)
?,(Wed) 25 Dec 1946 (51),Manchester City FC (20),4-3,?,Plymouth Argyle FC (20)
?,(Wed) 25 Dec 1946 (51),Birmingham City FC (22),3-1,?,Swansea City AFC (20)
?,(Thu) 26 Dec 1946 (51),Chesterfield FC (21),2-3,?,Millwall FC (21)
?,(Thu) 26 Dec 1946 (51),Leicester City FC (22),2-1,?,Bradford Park Avenue AFC (21)
?,(Thu) 26 Dec 1946 (51),West Bromwich Albion FC (22),3-2,?,Newcastle United FC (22)
?,(Thu) 26 Dec 1946 (51),Plymouth Argyle FC (21),2-3,?,Manchester City FC (21)
?,(Thu) 26 Dec 1946 (51),Southampton FC (21),1-1,?,Barnsley FC (23)
?,(Thu) 26 Dec 1946 (51),Tottenham Hotspur FC (22),0-0,?,Coventry City FC (22)
?,(Thu) 26 Dec 1946 (51),Luton Town FC (22),2-1,?,West Ham United FC (20)
?,(Thu) 26 Dec 1946 (51),Nottingham Forest FC (20),1-0,?,Burnley FC (22)
?,(Thu) 26 Dec 1946 (51),Sheffield Wednesday FC (22),2-5,?,Bury FC (22)
?,(Thu) 26 Dec 1946 (51),Swansea City AFC (21),1-0,?,Birmingham City FC (23)
?,(Thu) 26 Dec 1946 (51),Fulham FC (20),4-1,?,Newport County AFC (21)
?,(Sat) 28 Dec 1946 (51),Birmingham City FC (24),1-0,?,Tottenham Hotspur FC (23)
?,(Sat) 28 Dec 1946 (51),Southampton FC (22),5-1,?,Newport County AFC (22)
?,(Sat) 28 Dec 1946 (51),West Ham United FC (21),4-1,?,Plymouth Argyle FC (22)
?,(Sat) 28 Dec 1946 (51),Fulham FC (21),2-0,?,Bury FC (23)
?,(Sat) 28 Dec 1946 (51),Newcastle United FC (23),0-2,?,Millwall FC (22)
?,(Sat) 28 Dec 1946 (51),Nottingham Forest FC (21),2-1,?,Barnsley FC (24)
?,(Sat) 28 Dec 1946 (51),Bradford Park Avenue AFC (22),0-0,?,Chesterfield FC (22)
?,(Sat) 28 Dec 1946 (51),Manchester City FC (22),1-0,?,Leicester City FC (23)
?,(Sat) 28 Dec 1946 (51),Coventry City FC (23),0-3,?,Burnley FC (23)
?,(Sat) 28 Dec 1946 (51),West Bromwich Albion FC (23),2-1,?,Swansea City AFC (22)
?,(Sat) 28 Dec 1946 (51),Sheffield Wednesday FC (23),1-1,?,Luton Town FC (23)
?,(Wed) 1 Jan 1947 (0),Manchester City FC (23),4-0,?,Fulham FC (22)
?,(Wed) 1 Jan 1947 (0),Bury FC (24),6-3,?,Bradford Park Avenue AFC (23)
?,(Wed) 1 Jan 1947 (0),Newcastle United FC (24),3-0,?,Nottingham Forest FC (22)
?,(Wed) 1 Jan 1947 (0),Chesterfield FC (23),4-1,?,Plymouth Argyle FC (23)
?,(Wed) 1 Jan 1947 (0),Sheffield Wednesday FC (24),1-1,?,West Ham United FC (22)
?,(Sat) 4 Jan 1947 (0),Burnley FC (24),1-0,?,Birmingham City FC (25)
?,(Sat) 4 Jan 1947 (0),Swansea City AFC (23),1-2,?,Newcastle United FC (25)
?,(Sat) 4 Jan 1947 (0),Millwall FC (23),0-1,?,Bradford Park Avenue AFC (24)
?,(Sat) 4 Jan 1947 (0),Newport County AFC (23),2-5,?,Nottingham Forest FC (23)
?,(Sat) 4 Jan 1947 (0),Luton Town FC (24),2-0,?,Fulham FC (23)
?,(Sat) 4 Jan 1947 (0),Leicester City FC (24),4-0,?,West Ham United FC (23)
?,(Sat) 4 Jan 1947 (0),Bury FC (25),2-1,?,Southampton FC (23)
?,(Sat) 4 Jan 1947 (0),Tottenham Hotspur FC (24),2-0,?,West Bromwich Albion FC (24)
?,(Sat) 4 Jan 1947 (0),Chesterfield FC (24),0-1,?,Manchester City FC (24)
?,(Sat) 4 Jan 1947 (0),Plymouth Argyle FC (24),4-1,?,Sheffield Wednesday FC (25)
?,(Sat) 4 Jan 1947 (0),Barnsley FC (25),0-2,?,Coventry City FC (24)
?,(Sat) 18 Jan 1947 (2),Sheffield Wednesday FC (26),1-3,?,Leicester City FC (25)
?,(Sat) 18 Jan 1947 (2),Bradford Park Avenue AFC (25),0-0,?,Swansea City AFC (24)
?,(Sat) 18 Jan 1947 (2),Coventry City FC (25),6-0,?,Newport County AFC (24)
?,(Sat) 18 Jan 1947 (2),Bury FC (26),3-0,?,Luton Town FC (25)
?,(Sat) 18 Jan 1947 (2),Manchester City FC (25),1-0,?,Millwall FC (24)
?,(Sat) 18 Jan 1947 (2),West Ham United FC (24),5-0,?,Chesterfield FC (25)
?,(Sat) 18 Jan 1947 (2),Fulham FC (24),3-1,?,Plymouth Argyle FC (25)
?,(Sat) 18 Jan 1947 (2),Newcastle United FC (26),1-0,?,Tottenham Hotspur FC (25)
?,(Sat) 18 Jan 1947 (2),West Bromwich Albion FC (25),1-1,?,Burnley FC (25)
?,(Sat) 18 Jan 1947 (2),Birmingham City FC (26),1-2,?,Barnsley FC (26)
?,(Sat) 18 Jan 1947 (2),Nottingham Forest FC (24),6-0,?,Southampton FC (24)
?,(Sat) 25 Jan 1947 (3),Millwall FC (25),0-0,?,West Ham United FC (25)
?,(Sat) 25 Jan 1947 (3),Plymouth Argyle FC (26),3-1,?,Bury FC (27)
?,(Mon) 27 Jan 1947 (4),Tottenham Hotspur FC (26),3-1,?,Swansea City AFC (25)
?,(Tue) 28 Jan 1947 (4),Burnley FC (26),3-0,?,Newcastle United FC (27)
?,(Wed) 29 Jan 1947 (4),Luton Town FC (26),3-2,?,Nottingham Forest FC (25)
?,(Sat) 1 Feb 1947 (4),Swansea City AFC (26),0-2,?,Burnley FC (27)
?,(Sat) 1 Feb 1947 (4),Manchester City FC (26),1-0,?,Tottenham Hotspur FC (27)
?,(Sat) 1 Feb 1947 (4),Sheffield Wednesday FC (27),3-0,?,Millwall FC (26)
?,(Sat) 1 Feb 1947 (4),West Bromwich Albion FC (26),2-2,?,Newport County AFC (25)
?,(Sat) 1 Feb 1947 (4),Coventry City FC (26),1-1,?,Nottingham Forest FC (26)
?,(Sat) 1 Feb 1947 (4),Birmingham City FC (27),3-1,?,Southampton FC (25)
?,(Sat) 1 Feb 1947 (4),West Ham United FC (26),1-1,?,Bradford Park Avenue AFC (26)
?,(Sat) 1 Feb 1947 (4),Newcastle United FC (28),4-2,?,Barnsley FC (27)
?,(Sat) 1 Feb 1947 (4),Luton Town FC (27),3-4,?,Plymouth Argyle FC (27)
?,(Sat) 1 Feb 1947 (4),Bury FC (28),2-3,?,Leicester City FC (26)
?,(Wed) 5 Feb 1947 (5),Southampton FC (26),5-2,?,Coventry City FC (27)
?,(Sat) 8 Feb 1947 (5),Southampton FC (27),0-1,?,West Bromwich Albion FC (27)
?,(Sat) 8 Feb 1947 (5),West Ham United FC (27),3-0,?,Newport County AFC (26)
?,(Sat) 15 Feb 1947 (6),Newcastle United FC (29),1-3,?,Southampton FC (28)
?,(Sat) 15 Feb 1947 (6),Birmingham City FC (28),2-0,?,Coventry City FC (28)
?,(Sat) 15 Feb 1947 (6),Luton Town FC (28),1-1,?,Chesterfield FC (26)
?,(Sat) 15 Feb 1947 (6),Bury FC (29),5-2,?,Millwall FC (27)
?,(Sat) 15 Feb 1947 (6),Swansea City AFC (27),5-1,?,Newport County AFC (27)
?,(Sat) 15 Feb 1947 (6),Plymouth Argyle FC (28),4-0,?,Leicester City FC (27)
?,(Tue) 18 Feb 1947 (7),Burnley FC (28),0-0,?,Tottenham Hotspur FC (28)
?,(Sat) 22 Feb 1947 (7),Birmingham City FC (29),0-0,?,Chesterfield FC (27)
?,(Sat) 22 Feb 1947 (7),Burnley FC (29),2-0,?,Sheffield Wednesday FC (28)
?,(Sat) 22 Feb 1947 (7),Southampton FC (29),1-3,?,Luton Town FC (29)
?,(Sat) 22 Feb 1947 (7),Swansea City AFC (28),1-2,?,Manchester City FC (27)
?,(Sat) 1 Mar 1947 (8),Bury FC (30),4-4,?,Barnsley FC (28)
?,(Sat) 1 Mar 1947 (8),West Ham United FC (28),3-0,?,Swansea City AFC (29)
?,(Sat) 1 Mar 1947 (8),Leicester City FC (28),1-1,?,Nottingham Forest FC (27)
?,(Sat) 1 Mar 1947 (8),Plymouth Argyle FC (29),2-3,?,Southampton FC (30)
?,(Sat) 1 Mar 1947 (8),Fulham FC (25),2-2,?,Manchester City FC (28)
?,(Sat) 1 Mar 1947 (8),Sheffield Wednesday FC (29),5-1,?,Tottenham Hotspur FC (29)
?,(Sat) 8 Mar 1947 (9),Tottenham Hotspur FC (30),1-1,?,Fulham FC (26)
?,(Wed) 12 Mar 1947 (10),Bradford Park Avenue AFC (27),1-1,?,Sheffield Wednesday FC (30)
?,(Sat) 15 Mar 1947 (10),West Ham United FC (29),3-2,?,West Bromwich Albion FC (28)
?,(Sat) 15 Mar 1947 (10),Millwall FC (28),4-0,?,Nottingham Forest FC (28)
?,(Sat) 15 Mar 1947 (10),Manchester City FC (29),1-0,?,Birmingham City FC (30)
?,(Sat) 15 Mar 1947 (10),Fulham FC (27),3-0,?,Swansea City AFC (30)
?,(Sat) 15 Mar 1947 (10),Plymouth Argyle FC (30),3-2,?,Barnsley FC (29)
?,(Sat) 15 Mar 1947 (10),Leicester City FC (29),3-0,?,Newport County AFC (28)
?,(Sat) 15 Mar 1947 (10),Bradford Park Avenue AFC (28),5-1,?,Coventry City FC (29)
?,(Sat) 15 Mar 1947 (10),Luton Town FC (30),1-3,?,Burnley FC (30)
?,(Sat) 22 Mar 1947 (11),Swansea City AFC (31),1-0,?,Bury FC (31)
?,(Sat) 22 Mar 1947 (11),Tottenham Hotspur FC (31),2-1,?,Luton Town FC (31)
?,(Sat) 22 Mar 1947 (11),Burnley FC (31),2-1,?,Plymouth Argyle FC (31)
?,(Sat) 22 Mar 1947 (11),Southampton FC (31),1-2,?,Millwall FC (29)
?,(Sat) 22 Mar 1947 (11),West Bromwich Albion FC (29),2-1,?,Sheffield Wednesday FC (31)
?,(Sat) 22 Mar 1947 (11),Birmingham City FC (31),3-0,?,West Ham United FC (30)
?,(Sat) 22 Mar 1947 (11),Newport County AFC (29),3-0,?,Chesterfield FC (28)
?,(Sat) 22 Mar 1947 (11),Barnsley FC (30),1-0,?,Leicester City FC (30)
?,(Sat) 22 Mar 1947 (11),Coventry City FC (30),1-1,?,Manchester City FC (30)
?,(Sat) 22 Mar 1947 (11),Newcastle United FC (30),1-3,?,Fulham FC (28)
?,(Sat) 29 Mar 1947 (12),Manchester City FC (31),2-1,?,Nottingham Forest FC (29)
?,(Sat) 29 Mar 1947 (12),Chesterfield FC (29),2-1,?,Barnsley FC (31)
?,(Sat) 29 Mar 1947 (12),Fulham FC (29),0-1,?,West Bromwich Albion FC (30)
?,(Sat) 29 Mar 1947 (12),Millwall FC (30),3-1,?,Newport County AFC (30)
?,(Sat) 29 Mar 1947 (12),Sheffield Wednesday FC (32),1-0,?,Birmingham City FC (32)
?,(Sat) 29 Mar 1947 (12),Luton Town FC (32),3-0,?,Swansea City AFC (32)
?,(Sat) 29 Mar 1947 (12),Bradford Park Avenue AFC (29),2-3,?,Southampton FC (32)
?,(Sat) 29 Mar 1947 (12),West Ham United FC (31),1-2,?,Coventry City FC (31)
?,(Sat) 29 Mar 1947 (12),Plymouth Argyle FC (32),3-4,?,Tottenham Hotspur FC (32)
?,(Fri) 4 Apr 1947 (13),Newcastle United FC (31),2-2,?,Birmingham City FC (33)
?,(Fri) 4 Apr 1947 (13),Millwall FC (31),1-0,?,Leicester City FC (31)
?,(Fri) 4 Apr 1947 (13),Burnley FC (32),1-0,?,Southampton FC (33)
?,(Fri) 4 Apr 1947 (13),Bury FC (32),4-0,?,West Ham United FC (32)
?,(Fri) 4 Apr 1947 (13),Barnsley FC (32),3-1,?,Newport County AFC (31)
?,(Fri) 4 Apr 1947 (13),Manchester City FC (32),2-0,?,Luton Town FC (33)
?,(Fri) 4 Apr 1947 (13),Tottenham Hotspur FC (33),2-0,?,Nottingham Forest FC (30)
?,(Fri) 4 Apr 1947 (13),Chesterfield FC (30),1-1,?,West Bromwich Albion FC (31)
?,(Sat) 5 Apr 1947 (13),Tottenham Hotspur FC (34),2-1,?,Leicester City FC (32)
?,(Sat) 5 Apr 1947 (13),West Bromwich Albion FC (32),3-0,?,Bury FC (33)
?,(Sat) 5 Apr 1947 (13),Birmingham City FC (34),2-1,?,Fulham FC (30)
?,(Sat) 5 Apr 1947 (13),Southampton FC (34),0-1,?,Manchester City FC (33)
?,(Sat) 5 Apr 1947 (13),Burnley FC (33),1-1,?,Chesterfield FC (31)
?,(Sat) 5 Apr 1947 (13),Swansea City AFC (33),3-1,?,Plymouth Argyle FC (33)
?,(Sat) 5 Apr 1947 (13),Newcastle United FC (32),7-2,?,Luton Town FC (34)
?,(Sat) 5 Apr 1947 (13),Coventry City FC (32),5-1,?,Sheffield Wednesday FC (33)
?,(Sat) 5 Apr 1947 (13),Nottingham Forest FC (31),4-3,?,West Ham United FC (33)
?,(Sat) 5 Apr 1947 (13),Barnsley FC (33),4-1,?,Millwall FC (32)
?,(Mon) 7 Apr 1947 (14),Swansea City AFC (34),2-3,?,Coventry City FC (33)
?,(Mon) 7 Apr 1947 (14),Newport County AFC (32),2-1,?,Barnsley FC (34)
?,(Mon) 7 Apr 1947 (14),Birmingham City FC (35),2-0,?,Newcastle United FC (33)
?,(Mon) 7 Apr 1947 (14),Plymouth Argyle FC (34),2-4,?,Bradford Park Avenue AFC (30)
?,(Mon) 7 Apr 1947 (14),Southampton FC (35),0-1,?,Burnley FC (34)
?,(Mon) 7 Apr 1947 (14),Luton Town FC (35),0-0,?,Manchester City FC (34)
?,(Mon) 7 Apr 1947 (14),Fulham FC (31),1-2,?,Sheffield Wednesday FC (34)
?,(Mon) 7 Apr 1947 (14),West Bromwich Albion FC (33),3-2,?,Chesterfield FC (32)
?,(Mon) 7 Apr 1947 (14),West Ham United FC (34),3-3,?,Bury FC (34)
?,(Mon) 7 Apr 1947 (14),Nottingham Forest FC (32),1-1,?,Tottenham Hotspur FC (35)
?,(Tue) 8 Apr 1947 (14),Coventry City FC (34),3-2,?,Swansea City AFC (35)
?,(Tue) 8 Apr 1947 (14),Leicester City FC (33),5-0,?,Millwall FC (33)
?,(Sat) 12 Apr 1947 (14),Chesterfield FC (33),0-0,?,Tottenham Hotspur FC (36)
?,(Sat) 12 Apr 1947 (14),Bradford Park Avenue AFC (31),1-3,?,Barnsley FC (35)
?,(Sat) 12 Apr 1947 (14),Bury FC (35),2-0,?,Birmingham City FC (36)
?,(Sat) 12 Apr 1947 (14),Plymouth Argyle FC (35),0-1,?,Newcastle United FC (34)
?,(Sat) 12 Apr 1947 (14),Sheffield Wednesday FC (35),2-0,?,Nottingham Forest FC (33)
?,(Sat) 12 Apr 1947 (14),West Ham United FC (35),4-0,?,Southampton FC (36)
?,(Sat) 12 Apr 1947 (14),Fulham FC (32),2-0,?,Coventry City FC (35)
?,(Sat) 12 Apr 1947 (14),Leicester City FC (34),0-1,?,Swansea City AFC (36)
?,(Sat) 12 Apr 1947 (14),Luton Town FC (36),2-0,?,West Bromwich Albion FC (34)
?,(Sat) 19 Apr 1947 (15),Nottingham Forest FC (34),2-1,?,Fulham FC (33)
?,(Sat) 19 Apr 1947 (15),Newcastle United FC (35),1-1,?,Leicester City FC (35)
?,(Sat) 19 Apr 1947 (15),Southampton FC (37),3-1,?,Sheffield Wednesday FC (36)
?,(Sat) 19 Apr 1947 (15),Newport County AFC (33),1-1,?,West Ham United FC (36)
?,(Sat) 19 Apr 1947 (15),Coventry City FC (36),3-1,?,Bury FC (36)
?,(Sat) 19 Apr 1947 (15),Barnsley FC (36),0-2,?,Manchester City FC (35)
?,(Sat) 19 Apr 1947 (15),Swansea City AFC (37),1-2,?,Chesterfield FC (34)
?,(Sat) 19 Apr 1947 (15),Tottenham Hotspur FC (37),2-1,?,Millwall FC (34)
?,(Sat) 19 Apr 1947 (15),Birmingham City FC (37),1-0,?,Luton Town FC (37)
?,(Sat) 19 Apr 1947 (15),Burnley FC (35),1-2,?,Bradford Park Avenue AFC (32)
?,(Sat) 19 Apr 1947 (15),West Bromwich Albion FC (35),2-5,?,Plymouth Argyle FC (36)
?,(Sat) 26 Apr 1947 (16),Luton Town FC (38),1-1,?,Coventry City FC (37)
?,(Sat) 26 Apr 1947 (16),Plymouth Argyle FC (37),0-2,?,Birmingham City FC (38)
?,(Sat) 26 Apr 1947 (16),Bury FC (37),5-0,?,Nottingham Forest FC (35)
?,(Sat) 26 Apr 1947 (16),Fulham FC (34),0-0,?,Southampton FC (38)
?,(Sat) 26 Apr 1947 (16),West Ham United FC (37),4-0,?,Barnsley FC (37)
?,(Sat) 26 Apr 1947 (16),Leicester City FC (36),1-1,?,West Bromwich Albion FC (36)
?,(Sat) 26 Apr 1947 (16),Millwall FC (35),1-1,?,Swansea City AFC (38)
?,(Sat) 26 Apr 1947 (16),Sheffield Wednesday FC (37),2-1,?,Newport County AFC (34)
?,(Sat) 26 Apr 1947 (16),Bradford Park Avenue AFC (33),2-1,?,Tottenham Hotspur FC (38)
?,(Sat) 26 Apr 1947 (16),Chesterfield FC (35),1-0,?,Newcastle United FC (36)
?,(Sat) 3 May 1947 (17),Chesterfield FC (36),5-0,?,Southampton FC (39)
?,(Sat) 3 May 1947 (17),West Bromwich Albion FC (37),1-1,?,Coventry City FC (38)
?,(Sat) 3 May 1947 (17),Plymouth Argyle FC (38),0-2,?,Millwall FC (36)
?,(Sat) 3 May 1947 (17),West Ham United FC (38),2-1,?,Sheffield Wednesday FC (38)
?,(Sat) 3 May 1947 (17),Birmingham City FC (39),4-0,?,Bradford Park Avenue AFC (34)
?,(Sat) 3 May 1947 (17),Manchester City FC (36),0-2,?,Newcastle United FC (37)
?,(Sat) 3 May 1947 (17),Nottingham Forest FC (36),1-1,?,Swansea City AFC (39)
?,(Sat) 3 May 1947 (17),Barnsley FC (38),4-1,?,Fulham FC (35)
?,(Sat) 3 May 1947 (17),Bury FC (38),1-2,?,Tottenham Hotspur FC (39)
?,(Sat) 3 May 1947 (17),Leicester City FC (37),2-1,?,Luton Town FC (39)
?,(Sat) 3 May 1947 (17),Newport County AFC (35),0-3,?,Burnley FC (36)
?,(Sat) 10 May 1947 (18),Manchester City FC (37),1-0,?,Burnley FC (37)
?,(Sat) 10 May 1947 (18),Newcastle United FC (38),5-0,?,Bradford Park Avenue AFC (35)
?,(Sat) 10 May 1947 (18),Barnsley FC (39),4-0,?,Luton Town FC (40)
?,(Sat) 10 May 1947 (18),Newport County AFC (36),1-0,?,Plymouth Argyle FC (39)
?,(Sat) 10 May 1947 (18),Swansea City AFC (40),2-0,?,Sheffield Wednesday FC (39)
?,(Sat) 10 May 1947 (18),Fulham FC (36),2-1,?,Chesterfield FC (37)
?,(Sat) 10 May 1947 (18),Nottingham Forest FC (37),1-1,?,Birmingham City FC (40)
?,(Sat) 10 May 1947 (18),Southampton FC (40),1-0,?,Tottenham Hotspur FC (40)
?,(Sat) 10 May 1947 (18),Coventry City FC (39),2-1,?,Leicester City FC (38)
?,(Sat) 10 May 1947 (18),West Bromwich Albion FC (38),2-4,?,Millwall FC (37)
?,(Wed) 14 May 1947 (19),Bradford Park Avenue AFC (36),1-1,?,Manchester City FC (38)
?,(Sat) 17 May 1947 (19),Bury FC (39),2-2,?,Newcastle United FC (39)
?,(Sat) 17 May 1947 (19),Newport County AFC (37),1-3,?,Bradford Park Avenue AFC (37)
?,(Sat) 17 May 1947 (19),Barnsley FC (40),3-1,?,Swansea City AFC (41)
?,(Sat) 17 May 1947 (19),Fulham FC (37),1-0,?,Burnley FC (38)
?,(Sat) 17 May 1947 (19),West Bromwich Albion FC (39),5-1,?,Nottingham Forest FC (38)
?,(Sat) 17 May 1947 (19),Chesterfield FC (38),2-0,?,Leicester City FC (39)
?,(Sat) 17 May 1947 (19),Millwall FC (38),0-2,?,Birmingham City FC (41)
?,(Sat) 17 May 1947 (19),Tottenham Hotspur FC (41),0-0,?,West Ham United FC (39)
?,(Sat) 17 May 1947 (19),Coventry City FC (40),1-0,?,Plymouth Argyle FC (40)
?,(Sat) 24 May 1947 (20),Coventry City FC (41),4-0,?,Millwall FC (39)
?,(Sat) 24 May 1947 (20),Sheffield Wednesday FC (40),1-1,?,Newcastle United FC (40)
?,(Sat) 24 May 1947 (20),Southampton FC (41),2-0,?,Fulham FC (38)
?,(Sat) 24 May 1947 (20),Luton Town FC (41),3-0,?,Bradford Park Avenue AFC (38)
?,(Sat) 24 May 1947 (20),Leicester City FC (40),1-4,?,Burnley FC (39)
?,(Sat) 24 May 1947 (20),Manchester City FC (39),2-0,?,West Ham United FC (40)
?,(Sat) 24 May 1947 (20),Newport County AFC (38),2-0,?,Bury FC (40)
?,(Mon) 26 May 1947 (21),Burnley FC (40),1-1,?,Bury FC (41)
?,(Mon) 26 May 1947 (21),Southampton FC (42),1-1,?,Leicester City FC (41)
?,(Mon) 26 May 1947 (21),Chesterfield FC (39),2-1,?,Coventry City FC (42)
?,(Mon) 26 May 1947 (21),Barnsley FC (41),2-1,?,West Bromwich Albion FC (40)
?,(Mon) 26 May 1947 (21),Sheffield Wednesday FC (41),1-0,?,Manchester City FC (40)
?,(Mon) 26 May 1947 (21),Fulham FC (39),1-1,?,Nottingham Forest FC (39)
?,(Mon) 26 May 1947 (21),Newport County AFC (39),0-3,?,Birmingham City FC (42)
?,(Mon) 26 May 1947 (21),Bradford Park Avenue AFC (39),3-2,?,Plymouth Argyle FC (41)
?,(Mon) 26 May 1947 (21),Newcastle United FC (41),2-3,?,West Ham United FC (41)
?,(Mon) 26 May 1947 (21),Swansea City AFC (42),0-3,?,Millwall FC (40)
?,(Tue) 27 May 1947 (21),Bradford Park Avenue AFC (40),2-4,?,West Bromwich Albion FC (41)
?,(Tue) 27 May 1947 (21),Nottingham Forest FC (40),1-0,?,Chesterfield FC (40)
?,(Sat) 31 May 1947 (21),Fulham FC (40),0-3,?,Bradford Park Avenue AFC (41)
?,(Sat) 31 May 1947 (21),West Ham United FC (42),0-5,?,Burnley FC (41)
?,(Sat) 31 May 1947 (21),Chesterfield FC (41),3-1,?,Bury FC (42)
?,(Sat) 31 May 1947 (21),Luton Town FC (42),6-3,?,Newport County AFC (40)
?,(Sat) 31 May 1947 (21),West Bromwich Albion FC (42),3-1,?,Manchester City FC (41)
?,(Sat) 31 May 1947 (21),Nottingham Forest FC (41),5-1,?,Plymouth Argyle FC (42)
?,(Sat) 7 Jun 1947 (22),Tottenham Hotspur FC (42),1-1,?,Barnsley FC (42)
?,(Sat) 7 Jun 1947 (22),Newport County AFC (41),4-2,?,Newcastle United FC (42)
?,(Sat) 7 Jun 1947 (22),Millwall FC (41),1-1,?,Burnley FC (42)
?,(Sat) 7 Jun 1947 (22),Chesterfield FC (42),4-2,?,Sheffield Wednesday FC (42)
?,(Sat) 7 Jun 1947 (22),Leicester City FC (42),2-0,?,Fulham FC (41)
?,(Sat) 14 Jun 1947 (23),Millwall FC (42),1-1,?,Fulham FC (42)
?,(Sat) 14 Jun 1947 (23),Manchester City FC (42),5-1,?,Newport County AFC (42)
?,(Sat) 14 Jun 1947 (23),Nottingham Forest FC (42),4-0,?,Bradford Park Avenue AFC (42)
