Round,Date,Team 1,FT,HT,Team 2
?,(Sat) 13 Aug 2005 (W32),Accrington Stanley FC (1),1-0,0-0,Canvey Island FC (1)
?,(Sat) 13 Aug 2005 (W32),Aldershot Town FC (1),0-2,0-2,Tamworth FC (1)
?,(Sat) 13 Aug 2005 (W32),Burton Albion FC (1),1-1,0-0,Grays Athletic FC (1)
?,(Sat) 13 Aug 2005 (W32),Dagenham & Redbridge FC (1),3-1,1-1,Southport FC (1)
?,(Sat) 13 Aug 2005 (W32),Forest Green Rovers FC (1),1-0,0-0,Cambridge United FC (1)
?,(Sat) 13 Aug 2005 (W32),Ebbsfleet United FC (1),0-2,0-1,Exeter City FC (1)
?,(Sat) 13 Aug 2005 (W32),Hereford FC (1),4-0,0-0,Scarborough Athletic FC (1)
?,(Sat) 13 Aug 2005 (W32),Kidderminster Harriers FC (1),2-1,0-0,Woking FC (1)
?,(Sat) 13 Aug 2005 (W32),Morecambe FC (1),1-0,1-0,FC Halifax Town (1)
?,(Sat) 13 Aug 2005 (W32),Stevenage FC (1),3-0,2-0,Altrincham FC (1)
?,(Sat) 13 Aug 2005 (W32),York City FC (1),0-0,0-0,Crawley Town FC (1)
?,(Tue) 16 Aug 2005 (W33),Altrincham FC (2),0-1,0-0,Accrington Stanley FC (2)
?,(Tue) 16 Aug 2005 (W33),Cambridge United FC (2),2-1,1-0,Hereford FC (2)
?,(Tue) 16 Aug 2005 (W33),Canvey Island FC (2),2-1,0-1,Aldershot Town FC (2)
?,(Tue) 16 Aug 2005 (W33),Crawley Town FC (2),0-0,0-0,Dagenham & Redbridge FC (2)
?,(Tue) 16 Aug 2005 (W33),Exeter City FC (2),1-0,0-0,Kidderminster Harriers FC (2)
?,(Tue) 16 Aug 2005 (W33),Grays Athletic FC (2),6-1,2-0,Ebbsfleet United FC (2)
?,(Tue) 16 Aug 2005 (W33),FC Halifax Town (2),1-0,0-0,Burton Albion FC (2)
?,(Tue) 16 Aug 2005 (W33),Scarborough Athletic FC (2),0-1,0-0,Morecambe FC (2)
?,(Tue) 16 Aug 2005 (W33),Southport FC (2),1-4,1-3,York City FC (2)
?,(Tue) 16 Aug 2005 (W33),Tamworth FC (2),0-0,0-0,Forest Green Rovers FC (2)
?,(Tue) 16 Aug 2005 (W33),Woking FC (2),3-2,1-2,Stevenage FC (2)
?,(Sat) 20 Aug 2005 (W33),Altrincham FC (3),2-1,1-0,Forest Green Rovers FC (3)
?,(Sat) 20 Aug 2005 (W33),Cambridge United FC (3),3-1,3-0,Accrington Stanley FC (3)
?,(Sat) 20 Aug 2005 (W33),Canvey Island FC (3),1-2,1-1,Ebbsfleet United FC (3)
?,(Sat) 20 Aug 2005 (W33),Crawley Town FC (3),0-2,0-0,Hereford FC (3)
?,(Sat) 20 Aug 2005 (W33),Exeter City FC (3),2-0,2-0,Morecambe FC (3)
?,(Sat) 20 Aug 2005 (W33),Grays Athletic FC (3),1-1,0-0,York City FC (3)
?,(Sat) 20 Aug 2005 (W33),FC Halifax Town (3),1-1,1-0,Aldershot Town FC (3)
?,(Sat) 20 Aug 2005 (W33),Scarborough Athletic FC (3),1-1,0-1,Kidderminster Harriers FC (3)
?,(Sat) 20 Aug 2005 (W33),Southport FC (3),3-2,2-0,Stevenage FC (3)
?,(Sat) 20 Aug 2005 (W33),Tamworth FC (3),2-2,0-2,Dagenham & Redbridge FC (3)
?,(Sat) 20 Aug 2005 (W33),Woking FC (3),2-2,0-2,Burton Albion FC (3)
?,(Fri) 26 Aug 2005 (W34),York City FC (4),2-1,0-0,Woking FC (4)
?,(Sat) 27 Aug 2005 (W34),Accrington Stanley FC (4),1-2,0-0,Exeter City FC (4)
?,(Sat) 27 Aug 2005 (W34),Aldershot Town FC (4),0-2,0-0,Altrincham FC (4)
?,(Sat) 27 Aug 2005 (W34),Burton Albion FC (4),1-2,1-1,Canvey Island FC (4)
?,(Sat) 27 Aug 2005 (W34),Dagenham & Redbridge FC (4),0-2,0-0,Scarborough Athletic FC (4)
?,(Sat) 27 Aug 2005 (W34),Forest Green Rovers FC (4),2-2,1-0,FC Halifax Town (4)
?,(Sat) 27 Aug 2005 (W34),Ebbsfleet United FC (4),0-0,0-0,Cambridge United FC (4)
?,(Sat) 27 Aug 2005 (W34),Hereford FC (4),0-2,0-1,Grays Athletic FC (4)
?,(Sat) 27 Aug 2005 (W34),Kidderminster Harriers FC (4),1-1,0-1,Southport FC (4)
?,(Sat) 27 Aug 2005 (W34),Morecambe FC (4),3-0,0-0,Crawley Town FC (4)
?,(Sat) 27 Aug 2005 (W34),Stevenage FC (4),3-1,1-0,Tamworth FC (4)
?,(Mon) 29 Aug 2005 (W35),Altrincham FC (5),2-0,2-0,Morecambe FC (5)
?,(Mon) 29 Aug 2005 (W35),Cambridge United FC (5),0-2,0-0,Kidderminster Harriers FC (5)
?,(Mon) 29 Aug 2005 (W35),Canvey Island FC (5),1-2,0-1,Dagenham & Redbridge FC (5)
?,(Mon) 29 Aug 2005 (W35),Crawley Town FC (5),1-2,0-0,Stevenage FC (5)
?,(Mon) 29 Aug 2005 (W35),Exeter City FC (5),0-0,0-0,Forest Green Rovers FC (5)
?,(Mon) 29 Aug 2005 (W35),Grays Athletic FC (5),2-1,1-0,Aldershot Town FC (5)
?,(Mon) 29 Aug 2005 (W35),FC Halifax Town (5),1-0,0-0,York City FC (5)
?,(Mon) 29 Aug 2005 (W35),Scarborough Athletic FC (5),2-2,1-2,Accrington Stanley FC (5)
?,(Mon) 29 Aug 2005 (W35),Southport FC (5),3-2,1-0,Burton Albion FC (5)
?,(Mon) 29 Aug 2005 (W35),Tamworth FC (5),0-1,0-1,Hereford FC (5)
?,(Mon) 29 Aug 2005 (W35),Woking FC (5),1-3,0-2,Ebbsfleet United FC (5)
?,(Fri) 2 Sep 2005 (W35),Forest Green Rovers FC (6),1-2,1-1,Grays Athletic FC (6)
?,(Fri) 2 Sep 2005 (W35),Kidderminster Harriers FC (6),3-2,1-1,Canvey Island FC (6)
?,(Fri) 2 Sep 2005 (W35),York City FC (6),1-0,0-0,Cambridge United FC (6)
?,(Sat) 3 Sep 2005 (W35),Accrington Stanley FC (6),2-1,1-0,Woking FC (6)
?,(Sat) 3 Sep 2005 (W35),Burton Albion FC (6),2-1,1-0,Scarborough Athletic FC (6)
?,(Sat) 3 Sep 2005 (W35),Dagenham & Redbridge FC (6),2-2,1-1,Exeter City FC (6)
?,(Sat) 3 Sep 2005 (W35),Ebbsfleet United FC (6),2-1,1-1,Southport FC (6)
?,(Sat) 3 Sep 2005 (W35),Hereford FC (6),0-0,0-0,Altrincham FC (6)
?,(Sat) 3 Sep 2005 (W35),Morecambe FC (6),0-0,0-0,Tamworth FC (6)
?,(Sat) 3 Sep 2005 (W35),Stevenage FC (6),1-0,1-0,FC Halifax Town (6)
?,(Mon) 5 Sep 2005 (W36),Aldershot Town FC (6),3-2,2-1,Crawley Town FC (6)
?,(Sat) 10 Sep 2005 (W36),Altrincham FC (7),0-5,0-1,Dagenham & Redbridge FC (7)
?,(Sat) 10 Sep 2005 (W36),Burton Albion FC (7),0-2,0-1,Accrington Stanley FC (7)
?,(Sat) 10 Sep 2005 (W36),Crawley Town FC (7),3-1,1-0,Canvey Island FC (7)
?,(Sat) 10 Sep 2005 (W36),Exeter City FC (7),4-0,2-0,Cambridge United FC (7)
?,(Sat) 10 Sep 2005 (W36),Forest Green Rovers FC (7),1-2,0-1,York City FC (7)
?,(Sat) 10 Sep 2005 (W36),Grays Athletic FC (7),2-2,0-0,Kidderminster Harriers FC (7)
?,(Sat) 10 Sep 2005 (W36),FC Halifax Town (7),4-0,0-0,Tamworth FC (7)
?,(Sat) 10 Sep 2005 (W36),Morecambe FC (7),5-2,2-2,Aldershot Town FC (7)
?,(Sat) 10 Sep 2005 (W36),Scarborough Athletic FC (7),3-1,3-0,Ebbsfleet United FC (7)
?,(Sat) 10 Sep 2005 (W36),Stevenage FC (7),0-0,0-0,Hereford FC (7)
?,(Sat) 10 Sep 2005 (W36),Woking FC (7),1-0,0-0,Southport FC (7)
?,(Sat) 17 Sep 2005 (W37),Accrington Stanley FC (8),4-2,1-1,Crawley Town FC (8)
?,(Sat) 17 Sep 2005 (W37),Aldershot Town FC (8),2-2,0-2,Stevenage FC (8)
?,(Sat) 17 Sep 2005 (W37),Cambridge United FC (8),0-2,0-0,Woking FC (8)
?,(Sat) 17 Sep 2005 (W37),Canvey Island FC (8),1-0,1-0,Scarborough Athletic FC (8)
?,(Sat) 17 Sep 2005 (W37),Dagenham & Redbridge FC (8),3-1,1-0,Burton Albion FC (8)
?,(Sat) 17 Sep 2005 (W37),Ebbsfleet United FC (8),4-0,1-0,FC Halifax Town (8)
?,(Sat) 17 Sep 2005 (W37),Hereford FC (8),1-0,1-0,Morecambe FC (8)
?,(Sat) 17 Sep 2005 (W37),Kidderminster Harriers FC (8),1-3,0-2,Forest Green Rovers FC (8)
?,(Sat) 17 Sep 2005 (W37),Southport FC (8),0-3,0-0,Exeter City FC (8)
?,(Sat) 17 Sep 2005 (W37),Tamworth FC (8),2-2,1-1,Grays Athletic FC (8)
?,(Sat) 17 Sep 2005 (W37),York City FC (8),5-0,2-0,Altrincham FC (8)
?,(Tue) 20 Sep 2005 (W38),Accrington Stanley FC (9),3-2,3-1,Aldershot Town FC (9)
?,(Tue) 20 Sep 2005 (W38),Altrincham FC (9),1-1,0-0,Scarborough Athletic FC (9)
?,(Tue) 20 Sep 2005 (W38),Burton Albion FC (9),0-4,0-2,Morecambe FC (9)
?,(Tue) 20 Sep 2005 (W38),Forest Green Rovers FC (9),2-2,2-0,Crawley Town FC (9)
?,(Tue) 20 Sep 2005 (W38),Grays Athletic FC (9),5-3,4-1,Cambridge United FC (9)
?,(Tue) 20 Sep 2005 (W38),Hereford FC (9),1-1,0-0,Ebbsfleet United FC (9)
?,(Tue) 20 Sep 2005 (W38),Kidderminster Harriers FC (9),0-1,0-1,FC Halifax Town (9)
?,(Tue) 20 Sep 2005 (W38),Southport FC (9),1-1,0-0,Tamworth FC (9)
?,(Tue) 20 Sep 2005 (W38),Stevenage FC (9),2-0,0-0,Exeter City FC (9)
?,(Tue) 20 Sep 2005 (W38),Woking FC (9),1-1,1-1,Canvey Island FC (9)
?,(Tue) 20 Sep 2005 (W38),York City FC (9),1-1,1-0,Dagenham & Redbridge FC (9)
?,(Sat) 24 Sep 2005 (W38),Aldershot Town FC (10),2-1,1-0,York City FC (10)
?,(Sat) 24 Sep 2005 (W38),Cambridge United FC (10),4-0,2-0,Altrincham FC (10)
?,(Sat) 24 Sep 2005 (W38),Canvey Island FC (10),2-1,0-1,Southport FC (10)
?,(Sat) 24 Sep 2005 (W38),Crawley Town FC (10),1-3,1-1,Grays Athletic FC (10)
?,(Sat) 24 Sep 2005 (W38),Dagenham & Redbridge FC (10),1-2,0-0,Accrington Stanley FC (10)
?,(Sat) 24 Sep 2005 (W38),Exeter City FC (10),1-2,1-0,Burton Albion FC (10)
?,(Sat) 24 Sep 2005 (W38),Ebbsfleet United FC (10),1-2,0-1,Kidderminster Harriers FC (10)
?,(Sat) 24 Sep 2005 (W38),FC Halifax Town (10),2-1,0-1,Hereford FC (10)
?,(Sat) 24 Sep 2005 (W38),Morecambe FC (10),4-1,3-0,Stevenage FC (10)
?,(Sat) 24 Sep 2005 (W38),Scarborough Athletic FC (10),1-0,0-0,Forest Green Rovers FC (10)
?,(Sat) 24 Sep 2005 (W38),Tamworth FC (10),0-1,0-0,Woking FC (10)
?,(Tue) 27 Sep 2005 (W39),Aldershot Town FC (11),0-1,0-1,Hereford FC (11)
?,(Tue) 27 Sep 2005 (W39),Cambridge United FC (11),2-2,0-1,Burton Albion FC (11)
?,(Tue) 27 Sep 2005 (W39),Canvey Island FC (11),1-1,0-0,Stevenage FC (11)
?,(Tue) 27 Sep 2005 (W39),Crawley Town FC (11),2-0,1-0,Kidderminster Harriers FC (11)
?,(Tue) 27 Sep 2005 (W39),Dagenham & Redbridge FC (11),1-2,0-1,Grays Athletic FC (11)
?,(Tue) 27 Sep 2005 (W39),Exeter City FC (11),1-1,1-0,Woking FC (11)
?,(Tue) 27 Sep 2005 (W39),Ebbsfleet United FC (11),2-0,1-0,Forest Green Rovers FC (11)
?,(Tue) 27 Sep 2005 (W39),FC Halifax Town (11),2-0,1-0,Altrincham FC (11)
?,(Tue) 27 Sep 2005 (W39),Morecambe FC (11),3-2,1-1,Accrington Stanley FC (11)
?,(Tue) 27 Sep 2005 (W39),Scarborough Athletic FC (11),0-1,0-1,Southport FC (11)
?,(Tue) 27 Sep 2005 (W39),Tamworth FC (11),0-3,0-1,York City FC (11)
?,(Sat) 1 Oct 2005 (W39),Accrington Stanley FC (12),1-1,1-0,Ebbsfleet United FC (12)
?,(Sat) 1 Oct 2005 (W39),Altrincham FC (12),1-1,0-1,Crawley Town FC (12)
?,(Sat) 1 Oct 2005 (W39),Forest Green Rovers FC (12),1-0,0-0,Morecambe FC (12)
?,(Sat) 1 Oct 2005 (W39),Grays Athletic FC (12),1-1,1-0,FC Halifax Town (12)
?,(Sat) 1 Oct 2005 (W39),Hereford FC (12),1-1,1-1,Canvey Island FC (12)
?,(Sat) 1 Oct 2005 (W39),Kidderminster Harriers FC (12),0-1,0-1,Tamworth FC (12)
?,(Sat) 1 Oct 2005 (W39),Southport FC (12),2-2,1-1,Cambridge United FC (12)
?,(Sat) 1 Oct 2005 (W39),Woking FC (12),4-0,2-0,Scarborough Athletic FC (12)
?,(Sat) 1 Oct 2005 (W39),York City FC (12),4-2,2-1,Exeter City FC (12)
?,(Sun) 2 Oct 2005 (W39),Burton Albion FC (12),1-2,1-0,Aldershot Town FC (12)
?,(Wed) 5 Oct 2005 (W40),Stevenage FC (12),2-1,1-0,Dagenham & Redbridge FC (12)
?,(Fri) 7 Oct 2005 (W40),Accrington Stanley FC (13),2-1,1-0,Hereford FC (13)
?,(Fri) 7 Oct 2005 (W40),Cambridge United FC (13),2-1,1-0,Tamworth FC (13)
?,(Fri) 7 Oct 2005 (W40),Southport FC (13),3-1,3-1,Forest Green Rovers FC (13)
?,(Sat) 8 Oct 2005 (W40),Burton Albion FC (13),3-1,3-0,Stevenage FC (13)
?,(Sat) 8 Oct 2005 (W40),Canvey Island FC (13),1-1,1-1,Altrincham FC (13)
?,(Sat) 8 Oct 2005 (W40),Exeter City FC (13),4-2,2-2,FC Halifax Town (13)
?,(Sat) 8 Oct 2005 (W40),Ebbsfleet United FC (13),2-2,1-1,York City FC (13)
?,(Sat) 8 Oct 2005 (W40),Kidderminster Harriers FC (13),1-0,1-0,Morecambe FC (13)
?,(Sat) 8 Oct 2005 (W40),Scarborough Athletic FC (13),1-2,1-1,Crawley Town FC (13)
?,(Sat) 8 Oct 2005 (W40),Woking FC (13),1-1,1-1,Grays Athletic FC (13)
?,(Sun) 9 Oct 2005 (W40),Dagenham & Redbridge FC (13),2-0,1-0,Aldershot Town FC (13)
?,(Sat) 15 Oct 2005 (W41),Aldershot Town FC (14),1-0,0-0,Kidderminster Harriers FC (14)
?,(Sat) 15 Oct 2005 (W41),Altrincham FC (14),1-0,0-0,Southport FC (14)
?,(Sat) 15 Oct 2005 (W41),Crawley Town FC (14),0-2,0-0,Exeter City FC (14)
?,(Sat) 15 Oct 2005 (W41),Forest Green Rovers FC (14),0-3,0-3,Woking FC (14)
?,(Sat) 15 Oct 2005 (W41),Grays Athletic FC (14),5-0,1-0,Scarborough Athletic FC (14)
?,(Sat) 15 Oct 2005 (W41),FC Halifax Town (14),1-0,0-0,Cambridge United FC (14)
?,(Sat) 15 Oct 2005 (W41),Hereford FC (14),2-0,1-0,Burton Albion FC (14)
?,(Sat) 15 Oct 2005 (W41),Morecambe FC (14),2-0,1-0,Dagenham & Redbridge FC (14)
?,(Sat) 15 Oct 2005 (W41),Stevenage FC (14),3-1,0-1,Accrington Stanley FC (14)
?,(Sat) 15 Oct 2005 (W41),Tamworth FC (14),1-0,0-0,Ebbsfleet United FC (14)
?,(Sat) 15 Oct 2005 (W41),York City FC (14),2-1,0-0,Canvey Island FC (14)
?,(Sat) 29 Oct 2005 (W43),Accrington Stanley FC (15),2-1,1-0,York City FC (15)
?,(Sat) 29 Oct 2005 (W43),Cambridge United FC (15),2-1,2-1,Crawley Town FC (15)
?,(Sat) 29 Oct 2005 (W43),Canvey Island FC (15),3-3,2-0,Morecambe FC (15)
?,(Sat) 29 Oct 2005 (W43),Dagenham & Redbridge FC (15),1-1,1-1,Forest Green Rovers FC (15)
?,(Sat) 29 Oct 2005 (W43),Exeter City FC (15),3-0,1-0,Tamworth FC (15)
?,(Sat) 29 Oct 2005 (W43),Ebbsfleet United FC (15),0-2,0-1,Stevenage FC (15)
?,(Sat) 29 Oct 2005 (W43),Kidderminster Harriers FC (15),1-1,1-1,Hereford FC (15)
?,(Sat) 29 Oct 2005 (W43),Scarborough Athletic FC (15),2-2,0-1,Aldershot Town FC (15)
?,(Sat) 29 Oct 2005 (W43),Southport FC (15),1-4,0-2,Grays Athletic FC (15)
?,(Sat) 29 Oct 2005 (W43),Woking FC (15),2-2,1-0,FC Halifax Town (15)
?,(Sun) 30 Oct 2005 (W43),Burton Albion FC (15),1-0,1-0,Altrincham FC (15)
?,(Sat) 5 Nov 2005 (W44),Kidderminster Harriers FC (16),1-2,0-0,Exeter City FC (16)
?,(Sat) 12 Nov 2005 (W45),Aldershot Town FC (16),3-2,2-1,Ebbsfleet United FC (16)
?,(Sat) 12 Nov 2005 (W45),Altrincham FC (16),1-1,0-1,Exeter City FC (17)
?,(Sat) 12 Nov 2005 (W45),Crawley Town FC (16),2-0,2-0,Southport FC (16)
?,(Sat) 12 Nov 2005 (W45),Forest Green Rovers FC (16),1-2,1-1,Canvey Island FC (16)
?,(Sat) 12 Nov 2005 (W45),Grays Athletic FC (16),1-2,0-1,Accrington Stanley FC (16)
?,(Sat) 12 Nov 2005 (W45),FC Halifax Town (16),3-0,0-0,Dagenham & Redbridge FC (16)
?,(Sat) 12 Nov 2005 (W45),Hereford FC (16),4-0,1-0,Woking FC (16)
?,(Sat) 12 Nov 2005 (W45),Morecambe FC (16),0-1,0-1,Cambridge United FC (16)
?,(Sat) 12 Nov 2005 (W45),Stevenage FC (16),3-1,2-0,Kidderminster Harriers FC (17)
?,(Sat) 12 Nov 2005 (W45),Tamworth FC (16),0-1,0-1,Scarborough Athletic FC (16)
?,(Sat) 12 Nov 2005 (W45),York City FC (16),0-1,0-0,Burton Albion FC (16)
?,(Fri) 18 Nov 2005 (W46),Accrington Stanley FC (17),2-0,1-0,Forest Green Rovers FC (17)
?,(Sat) 19 Nov 2005 (W46),Burton Albion FC (17),3-1,1-0,Crawley Town FC (17)
?,(Sat) 19 Nov 2005 (W46),Cambridge United FC (17),0-2,0-1,Aldershot Town FC (17)
?,(Sat) 19 Nov 2005 (W46),Canvey Island FC (17),1-2,0-1,Tamworth FC (17)
?,(Sat) 19 Nov 2005 (W46),Dagenham & Redbridge FC (17),0-1,0-1,Hereford FC (17)
?,(Sat) 19 Nov 2005 (W46),Exeter City FC (18),1-2,0-0,Grays Athletic FC (17)
?,(Sat) 19 Nov 2005 (W46),Ebbsfleet United FC (17),2-0,1-0,Altrincham FC (17)
?,(Sat) 19 Nov 2005 (W46),Kidderminster Harriers FC (18),0-0,0-0,York City FC (17)
?,(Sat) 19 Nov 2005 (W46),Scarborough Athletic FC (17),1-1,1-0,Stevenage FC (17)
?,(Sat) 19 Nov 2005 (W46),Southport FC (17),0-2,0-2,FC Halifax Town (17)
?,(Sat) 19 Nov 2005 (W46),Woking FC (17),0-1,0-1,Morecambe FC (17)
?,(Sat) 26 Nov 2005 (W47),Accrington Stanley FC (18),4-0,2-0,Southport FC (18)
?,(Sat) 26 Nov 2005 (W47),Aldershot Town FC (18),2-1,2-1,Forest Green Rovers FC (18)
?,(Sat) 26 Nov 2005 (W47),Altrincham FC (18),2-0,0-0,Tamworth FC (18)
?,(Sat) 26 Nov 2005 (W47),Burton Albion FC (18),1-0,0-0,Kidderminster Harriers FC (19)
?,(Sat) 26 Nov 2005 (W47),Canvey Island FC (18),1-1,1-0,Cambridge United FC (18)
?,(Sat) 26 Nov 2005 (W47),Crawley Town FC (18),1-2,0-2,Ebbsfleet United FC (18)
?,(Sat) 26 Nov 2005 (W47),Dagenham & Redbridge FC (18),1-3,1-2,Woking FC (18)
?,(Sat) 26 Nov 2005 (W47),Hereford FC (18),0-2,0-0,Exeter City FC (19)
?,(Sat) 26 Nov 2005 (W47),Morecambe FC (18),2-0,1-0,York City FC (18)
?,(Sat) 26 Nov 2005 (W47),Scarborough Athletic FC (18),2-0,0-0,FC Halifax Town (18)
?,(Sat) 26 Nov 2005 (W47),Stevenage FC (18),0-1,0-0,Grays Athletic FC (18)
?,(Sat) 3 Dec 2005 (W48),Accrington Stanley FC (19),1-0,0-0,Altrincham FC (19)
?,(Sat) 3 Dec 2005 (W48),Cambridge United FC (19),2-1,2-0,Scarborough Athletic FC (19)
?,(Sat) 3 Dec 2005 (W48),Exeter City FC (20),0-2,0-0,Canvey Island FC (19)
?,(Sat) 3 Dec 2005 (W48),Ebbsfleet United FC (19),1-0,1-0,Morecambe FC (19)
?,(Sat) 3 Dec 2005 (W48),FC Halifax Town (19),2-2,0-1,Crawley Town FC (19)
?,(Sat) 3 Dec 2005 (W48),Kidderminster Harriers FC (20),3-1,2-0,Dagenham & Redbridge FC (19)
?,(Tue) 6 Dec 2005 (W49),Grays Athletic FC (19),1-1,1-0,Altrincham FC (20)
?,(Sat) 10 Dec 2005 (W49),Accrington Stanley FC (20),2-0,1-0,Kidderminster Harriers FC (21)
?,(Sat) 10 Dec 2005 (W49),Aldershot Town FC (19),2-0,2-0,Southport FC (19)
?,(Sat) 10 Dec 2005 (W49),Altrincham FC (21),0-4,0-2,Woking FC (19)
?,(Sat) 10 Dec 2005 (W49),Burton Albion FC (19),0-0,0-0,Ebbsfleet United FC (20)
?,(Sat) 10 Dec 2005 (W49),Canvey Island FC (20),0-1,0-0,FC Halifax Town (20)
?,(Sat) 10 Dec 2005 (W49),Crawley Town FC (20),3-0,0-0,Tamworth FC (19)
?,(Sat) 10 Dec 2005 (W49),Dagenham & Redbridge FC (20),1-0,1-0,Cambridge United FC (20)
?,(Sat) 10 Dec 2005 (W49),Hereford FC (19),1-0,0-0,York City FC (19)
?,(Sat) 10 Dec 2005 (W49),Morecambe FC (20),3-0,2-0,Grays Athletic FC (20)
?,(Sat) 10 Dec 2005 (W49),Scarborough Athletic FC (20),0-1,0-1,Exeter City FC (21)
?,(Sat) 10 Dec 2005 (W49),Stevenage FC (19),2-1,0-1,Forest Green Rovers FC (19)
?,(Tue) 13 Dec 2005 (W50),Forest Green Rovers FC (20),1-0,1-0,Burton Albion FC (20)
?,(Mon) 26 Dec 2005 (W52),Cambridge United FC (21),1-0,1-0,Stevenage FC (20)
?,(Mon) 26 Dec 2005 (W52),Exeter City FC (22),4-0,2-0,Aldershot Town FC (20)
?,(Mon) 26 Dec 2005 (W52),Forest Green Rovers FC (21),2-2,1-0,Hereford FC (20)
?,(Mon) 26 Dec 2005 (W52),Ebbsfleet United FC (21),1-3,1-1,Dagenham & Redbridge FC (21)
?,(Mon) 26 Dec 2005 (W52),FC Halifax Town (21),2-2,1-1,Accrington Stanley FC (21)
?,(Mon) 26 Dec 2005 (W52),Kidderminster Harriers FC (22),1-1,1-0,Altrincham FC (22)
?,(Mon) 26 Dec 2005 (W52),Southport FC (20),0-3,0-1,Morecambe FC (21)
?,(Mon) 26 Dec 2005 (W52),Tamworth FC (20),1-1,1-1,Burton Albion FC (21)
?,(Mon) 26 Dec 2005 (W52),Woking FC (20),0-0,0-0,Crawley Town FC (21)
?,(Mon) 26 Dec 2005 (W52),York City FC (20),3-1,1-1,Scarborough Athletic FC (21)
?,(Tue) 27 Dec 2005 (W52),Grays Athletic FC (21),1-2,0-1,Canvey Island FC (21)
?,(Fri) 30 Dec 2005 (W52),Exeter City FC (23),1-2,1-2,Hereford FC (21)
?,(Fri) 30 Dec 2005 (W52),FC Halifax Town (22),1-0,0-0,Scarborough Athletic FC (22)
?,(Fri) 30 Dec 2005 (W52),Kidderminster Harriers FC (23),0-1,0-0,Burton Albion FC (22)
?,(Sat) 31 Dec 2005 (W52),Cambridge United FC (22),3-1,0-0,Canvey Island FC (22)
?,(Sat) 31 Dec 2005 (W52),Forest Green Rovers FC (22),4-2,2-1,Aldershot Town FC (21)
?,(Sat) 31 Dec 2005 (W52),Grays Athletic FC (22),2-2,1-0,Stevenage FC (21)
?,(Sat) 31 Dec 2005 (W52),Tamworth FC (21),1-1,1-1,Altrincham FC (23)
?,(Sat) 31 Dec 2005 (W52),Woking FC (21),0-0,0-0,Dagenham & Redbridge FC (22)
?,(Sat) 31 Dec 2005 (W52),York City FC (21),1-1,1-0,Morecambe FC (22)
?,(Mon) 2 Jan 2006 (W1),Accrington Stanley FC (22),1-1,0-0,FC Halifax Town (23)
?,(Mon) 2 Jan 2006 (W1),Aldershot Town FC (22),1-0,1-0,Exeter City FC (24)
?,(Mon) 2 Jan 2006 (W1),Altrincham FC (24),3-0,2-0,Kidderminster Harriers FC (24)
?,(Mon) 2 Jan 2006 (W1),Burton Albion FC (23),1-1,0-1,Tamworth FC (22)
?,(Mon) 2 Jan 2006 (W1),Canvey Island FC (23),2-1,1-1,Grays Athletic FC (23)
?,(Mon) 2 Jan 2006 (W1),Crawley Town FC (22),2-2,0-1,Woking FC (22)
?,(Mon) 2 Jan 2006 (W1),Dagenham & Redbridge FC (23),1-2,0-0,Ebbsfleet United FC (22)
?,(Mon) 2 Jan 2006 (W1),Hereford FC (22),1-1,1-0,Forest Green Rovers FC (23)
?,(Mon) 2 Jan 2006 (W1),Morecambe FC (23),0-0,0-0,Southport FC (21)
?,(Mon) 2 Jan 2006 (W1),Scarborough Athletic FC (23),2-2,1-1,York City FC (22)
?,(Mon) 2 Jan 2006 (W1),Stevenage FC (22),3-1,2-1,Cambridge United FC (23)
?,(Sat) 7 Jan 2006 (W1),Altrincham FC (25),1-1,0-1,Stevenage FC (23)
?,(Sat) 7 Jan 2006 (W1),Cambridge United FC (24),2-2,1-1,Forest Green Rovers FC (24)
?,(Sat) 7 Jan 2006 (W1),Canvey Island FC (24),0-2,0-1,Accrington Stanley FC (23)
?,(Sat) 7 Jan 2006 (W1),Crawley Town FC (23),0-1,0-0,York City FC (23)
?,(Sat) 7 Jan 2006 (W1),Exeter City FC (25),1-0,0-0,Ebbsfleet United FC (23)
?,(Sat) 7 Jan 2006 (W1),Scarborough Athletic FC (24),0-1,0-1,Hereford FC (23)
?,(Sat) 7 Jan 2006 (W1),Southport FC (22),1-2,0-2,Dagenham & Redbridge FC (24)
?,(Sat) 7 Jan 2006 (W1),Woking FC (23),0-1,0-0,Kidderminster Harriers FC (25)
?,(Mon) 9 Jan 2006 (W2),FC Halifax Town (24),0-0,0-0,Morecambe FC (24)
?,(Tue) 10 Jan 2006 (W2),Tamworth FC (23),1-2,1-1,Accrington Stanley FC (24)
?,(Tue) 10 Jan 2006 (W2),York City FC (24),0-1,0-1,Stevenage FC (24)
?,(Sat) 14 Jan 2006 (W2),Southport FC (23),0-2,0-2,Scarborough Athletic FC (25)
?,(Fri) 20 Jan 2006 (W3),Ebbsfleet United FC (24),2-0,1-0,Canvey Island FC (25)
?,(Sat) 21 Jan 2006 (W3),Accrington Stanley FC (25),1-0,0-0,Cambridge United FC (25)
?,(Sat) 21 Jan 2006 (W3),Aldershot Town FC (23),3-1,2-1,FC Halifax Town (25)
?,(Sat) 21 Jan 2006 (W3),Burton Albion FC (24),1-1,1-1,Woking FC (24)
?,(Sat) 21 Jan 2006 (W3),Dagenham & Redbridge FC (25),2-1,1-1,Tamworth FC (24)
?,(Sat) 21 Jan 2006 (W3),Forest Green Rovers FC (25),5-0,2-0,Altrincham FC (26)
?,(Sat) 21 Jan 2006 (W3),Hereford FC (24),2-1,1-0,Crawley Town FC (24)
?,(Sat) 21 Jan 2006 (W3),Kidderminster Harriers FC (26),2-1,1-0,Scarborough Athletic FC (26)
?,(Sat) 21 Jan 2006 (W3),Morecambe FC (25),2-2,0-0,Exeter City FC (26)
?,(Sat) 21 Jan 2006 (W3),Stevenage FC (25),0-1,0-0,Southport FC (24)
?,(Sat) 21 Jan 2006 (W3),York City FC (25),1-2,1-1,Grays Athletic FC (24)
?,(Tue) 24 Jan 2006 (W4),Aldershot Town FC (24),2-2,0-0,Canvey Island FC (26)
?,(Tue) 24 Jan 2006 (W4),Burton Albion FC (25),1-2,1-1,FC Halifax Town (26)
?,(Tue) 24 Jan 2006 (W4),Forest Green Rovers FC (26),1-3,0-1,Tamworth FC (25)
?,(Tue) 24 Jan 2006 (W4),Morecambe FC (26),0-3,0-2,Scarborough Athletic FC (27)
?,(Tue) 24 Jan 2006 (W4),Stevenage FC (26),1-1,0-0,Woking FC (25)
?,(Tue) 24 Jan 2006 (W4),York City FC (26),0-0,0-0,Southport FC (25)
?,(Sat) 28 Jan 2006 (W4),Altrincham FC (27),5-1,3-1,Aldershot Town FC (25)
?,(Sat) 28 Jan 2006 (W4),Cambridge United FC (26),1-1,0-1,Ebbsfleet United FC (25)
?,(Sat) 28 Jan 2006 (W4),Canvey Island FC (27),0-2,0-2,Burton Albion FC (26)
?,(Sat) 28 Jan 2006 (W4),Crawley Town FC (25),1-3,0-0,Morecambe FC (27)
?,(Sat) 28 Jan 2006 (W4),Grays Athletic FC (25),2-2,2-0,Hereford FC (25)
?,(Sat) 28 Jan 2006 (W4),FC Halifax Town (27),1-0,1-0,Forest Green Rovers FC (27)
?,(Sat) 28 Jan 2006 (W4),Scarborough Athletic FC (28),0-1,0-0,Dagenham & Redbridge FC (26)
?,(Sat) 28 Jan 2006 (W4),Southport FC (26),1-4,1-3,Kidderminster Harriers FC (27)
?,(Sat) 28 Jan 2006 (W4),Tamworth FC (26),2-0,0-0,Stevenage FC (27)
?,(Sat) 28 Jan 2006 (W4),Woking FC (26),2-0,1-0,York City FC (27)
?,(Mon) 30 Jan 2006 (W5),Exeter City FC (27),1-3,0-1,Accrington Stanley FC (26)
?,(Tue) 31 Jan 2006 (W5),Grays Athletic FC (26),2-3,1-2,Burton Albion FC (27)
?,(Tue) 31 Jan 2006 (W5),Hereford FC (26),3-0,2-0,Cambridge United FC (27)
?,(Sat) 4 Feb 2006 (W5),FC Halifax Town (28),0-0,0-0,Kidderminster Harriers FC (28)
?,(Sat) 4 Feb 2006 (W5),Morecambe FC (28),3-1,1-0,Burton Albion FC (28)
?,(Sat) 4 Feb 2006 (W5),Scarborough Athletic FC (29),1-2,0-1,Altrincham FC (28)
?,(Sat) 4 Feb 2006 (W5),Stevenage FC (28),2-1,1-1,Aldershot Town FC (26)
?,(Fri) 10 Feb 2006 (W6),Burton Albion FC (29),2-0,0-0,Exeter City FC (28)
?,(Sat) 11 Feb 2006 (W6),Accrington Stanley FC (27),1-0,0-0,Dagenham & Redbridge FC (27)
?,(Sat) 11 Feb 2006 (W6),Altrincham FC (29),2-1,2-1,Cambridge United FC (28)
?,(Sat) 11 Feb 2006 (W6),Forest Green Rovers FC (28),5-1,3-0,Scarborough Athletic FC (30)
?,(Sat) 11 Feb 2006 (W6),Grays Athletic FC (27),1-0,0-0,Crawley Town FC (26)
?,(Sat) 11 Feb 2006 (W6),Hereford FC (27),1-0,0-0,FC Halifax Town (29)
?,(Sat) 11 Feb 2006 (W6),Kidderminster Harriers FC (29),0-2,0-1,Ebbsfleet United FC (26)
?,(Sat) 11 Feb 2006 (W6),Southport FC (27),2-0,1-0,Canvey Island FC (28)
?,(Sat) 11 Feb 2006 (W6),Stevenage FC (29),1-0,1-0,Morecambe FC (29)
?,(Sat) 11 Feb 2006 (W6),Woking FC (27),5-0,2-0,Tamworth FC (27)
?,(Sun) 12 Feb 2006 (W6),York City FC (28),3-2,1-1,Aldershot Town FC (27)
?,(Fri) 17 Feb 2006 (W7),Ebbsfleet United FC (27),1-3,0-1,Accrington Stanley FC (28)
?,(Sat) 18 Feb 2006 (W7),Aldershot Town FC (28),1-1,1-1,Burton Albion FC (30)
?,(Sat) 18 Feb 2006 (W7),Cambridge United FC (29),2-1,1-0,Southport FC (28)
?,(Sat) 18 Feb 2006 (W7),Canvey Island FC (29),1-1,1-1,Hereford FC (28)
?,(Sat) 18 Feb 2006 (W7),Crawley Town FC (27),2-0,1-0,Altrincham FC (30)
?,(Sat) 18 Feb 2006 (W7),Dagenham & Redbridge FC (28),2-2,2-2,Stevenage FC (30)
?,(Sat) 18 Feb 2006 (W7),Exeter City FC (29),1-3,1-1,York City FC (29)
?,(Sat) 18 Feb 2006 (W7),FC Halifax Town (30),2-1,1-1,Grays Athletic FC (28)
?,(Sat) 18 Feb 2006 (W7),Morecambe FC (30),3-2,2-1,Forest Green Rovers FC (29)
?,(Sat) 18 Feb 2006 (W7),Scarborough Athletic FC (31),1-1,1-0,Woking FC (28)
?,(Sat) 18 Feb 2006 (W7),Tamworth FC (28),1-1,1-0,Kidderminster Harriers FC (30)
?,(Mon) 20 Feb 2006 (W8),Accrington Stanley FC (29),2-0,2-0,Morecambe FC (31)
?,(Tue) 21 Feb 2006 (W8),Altrincham FC (31),1-2,0-1,FC Halifax Town (31)
?,(Tue) 21 Feb 2006 (W8),Burton Albion FC (31),2-0,0-0,Cambridge United FC (30)
?,(Tue) 21 Feb 2006 (W8),Forest Green Rovers FC (30),0-0,0-0,Ebbsfleet United FC (28)
?,(Tue) 21 Feb 2006 (W8),Grays Athletic FC (29),0-4,0-3,Dagenham & Redbridge FC (29)
?,(Tue) 21 Feb 2006 (W8),Hereford FC (29),2-1,2-0,Aldershot Town FC (29)
?,(Tue) 21 Feb 2006 (W8),Kidderminster Harriers FC (31),1-0,1-0,Crawley Town FC (28)
?,(Tue) 21 Feb 2006 (W8),Stevenage FC (31),3-0,1-0,Canvey Island FC (30)
?,(Tue) 21 Feb 2006 (W8),Woking FC (29),1-0,0-0,Exeter City FC (30)
?,(Tue) 21 Feb 2006 (W8),York City FC (30),2-1,1-0,Tamworth FC (29)
?,(Sat) 25 Feb 2006 (W8),Accrington Stanley FC (30),2-1,1-1,Burton Albion FC (32)
?,(Sat) 25 Feb 2006 (W8),Aldershot Town FC (30),2-0,1-0,Morecambe FC (32)
?,(Sat) 25 Feb 2006 (W8),Canvey Island FC (31),1-0,0-0,Crawley Town FC (29)
?,(Sat) 25 Feb 2006 (W8),Ebbsfleet United FC (29),0-0,0-0,Scarborough Athletic FC (32)
?,(Sat) 25 Feb 2006 (W8),Tamworth FC (30),1-2,0-1,FC Halifax Town (32)
?,(Sat) 25 Feb 2006 (W8),York City FC (31),5-1,4-1,Forest Green Rovers FC (31)
?,(Mon) 27 Feb 2006 (W9),Hereford FC (30),2-0,1-0,Stevenage FC (32)
?,(Tue) 28 Feb 2006 (W9),Ebbsfleet United FC (30),1-1,0-0,Crawley Town FC (30)
?,(Sat) 4 Mar 2006 (W9),Crawley Town FC (31),0-1,0-1,Accrington Stanley FC (31)
?,(Sat) 4 Mar 2006 (W9),Exeter City FC (31),5-0,4-0,Southport FC (29)
?,(Sat) 4 Mar 2006 (W9),Forest Green Rovers FC (32),0-0,0-0,Kidderminster Harriers FC (32)
?,(Sat) 4 Mar 2006 (W9),Grays Athletic FC (30),5-0,3-0,Tamworth FC (31)
?,(Sat) 4 Mar 2006 (W9),Woking FC (30),0-1,0-0,Cambridge United FC (31)
?,(Tue) 7 Mar 2006 (W10),Aldershot Town FC (31),1-4,0-0,Accrington Stanley FC (32)
?,(Tue) 7 Mar 2006 (W10),Cambridge United FC (32),1-1,1-1,Grays Athletic FC (31)
?,(Tue) 7 Mar 2006 (W10),Dagenham & Redbridge FC (30),0-2,0-0,York City FC (32)
?,(Tue) 7 Mar 2006 (W10),Ebbsfleet United FC (31),1-2,1-0,Hereford FC (31)
?,(Sat) 11 Mar 2006 (W10),Aldershot Town FC (32),3-1,2-0,Dagenham & Redbridge FC (31)
?,(Sat) 11 Mar 2006 (W10),Altrincham FC (32),0-1,0-0,Canvey Island FC (32)
?,(Sat) 11 Mar 2006 (W10),Crawley Town FC (32),2-0,1-0,Scarborough Athletic FC (33)
?,(Sat) 11 Mar 2006 (W10),Forest Green Rovers FC (33),1-2,1-1,Southport FC (30)
?,(Sat) 11 Mar 2006 (W10),Grays Athletic FC (32),2-2,2-1,Woking FC (31)
?,(Sat) 11 Mar 2006 (W10),FC Halifax Town (33),2-0,2-0,Exeter City FC (32)
?,(Sat) 11 Mar 2006 (W10),Hereford FC (32),2-2,0-1,Accrington Stanley FC (33)
?,(Sat) 11 Mar 2006 (W10),Morecambe FC (33),2-0,1-0,Kidderminster Harriers FC (33)
?,(Sat) 11 Mar 2006 (W10),Stevenage FC (33),2-3,2-0,Burton Albion FC (33)
?,(Sat) 11 Mar 2006 (W10),Tamworth FC (32),1-1,1-1,Cambridge United FC (33)
?,(Sat) 11 Mar 2006 (W10),York City FC (33),1-0,1-0,Ebbsfleet United FC (32)
?,(Tue) 14 Mar 2006 (W11),Exeter City FC (33),0-2,0-1,Stevenage FC (34)
?,(Tue) 14 Mar 2006 (W11),Southport FC (31),1-2,0-2,Hereford FC (33)
?,(Sat) 18 Mar 2006 (W11),Accrington Stanley FC (34),1-1,0-1,Stevenage FC (35)
?,(Sat) 18 Mar 2006 (W11),Burton Albion FC (34),0-1,0-1,Hereford FC (34)
?,(Sat) 18 Mar 2006 (W11),Cambridge United FC (34),1-1,1-0,FC Halifax Town (34)
?,(Sat) 18 Mar 2006 (W11),Canvey Island FC (33),1-1,0-0,York City FC (34)
?,(Sat) 18 Mar 2006 (W11),Crawley Town FC (33),1-0,1-0,Forest Green Rovers FC (34)
?,(Sat) 18 Mar 2006 (W11),Dagenham & Redbridge FC (32),3-1,0-0,Morecambe FC (34)
?,(Sat) 18 Mar 2006 (W11),Ebbsfleet United FC (33),2-0,1-0,Tamworth FC (33)
?,(Sat) 18 Mar 2006 (W11),Kidderminster Harriers FC (34),1-4,0-4,Aldershot Town FC (33)
?,(Sat) 18 Mar 2006 (W11),Southport FC (32),1-1,1-0,Altrincham FC (33)
?,(Tue) 21 Mar 2006 (W12),Scarborough Athletic FC (34),1-2,0-0,Canvey Island FC (34)
?,(Tue) 21 Mar 2006 (W12),Southport FC (33),2-0,1-0,Accrington Stanley FC (35)
?,(Tue) 21 Mar 2006 (W12),Woking FC (32),1-2,0-2,Aldershot Town FC (34)
?,(Sat) 25 Mar 2006 (W12),Aldershot Town FC (35),0-1,0-1,Scarborough Athletic FC (35)
?,(Sat) 25 Mar 2006 (W12),Altrincham FC (34),1-2,1-1,Burton Albion FC (35)
?,(Sat) 25 Mar 2006 (W12),Crawley Town FC (34),1-0,0-0,Cambridge United FC (35)
?,(Sat) 25 Mar 2006 (W12),Forest Green Rovers FC (35),0-3,0-0,Dagenham & Redbridge FC (33)
?,(Sat) 25 Mar 2006 (W12),Hereford FC (35),0-1,0-0,Kidderminster Harriers FC (35)
?,(Sat) 25 Mar 2006 (W12),Morecambe FC (35),1-0,1-0,Canvey Island FC (35)
?,(Sat) 25 Mar 2006 (W12),Stevenage FC (36),2-0,2-0,Ebbsfleet United FC (34)
?,(Sat) 25 Mar 2006 (W12),Tamworth FC (34),0-0,0-0,Southport FC (34)
?,(Sat) 25 Mar 2006 (W12),York City FC (35),2-4,2-1,Accrington Stanley FC (36)
?,(Tue) 28 Mar 2006 (W13),Dagenham & Redbridge FC (34),0-3,0-0,Crawley Town FC (35)
?,(Tue) 28 Mar 2006 (W13),FC Halifax Town (35),1-0,1-0,Woking FC (33)
?,(Tue) 28 Mar 2006 (W13),Kidderminster Harriers FC (36),0-5,0-2,Grays Athletic FC (33)
?,(Tue) 28 Mar 2006 (W13),Tamworth FC (35),1-1,1-1,Exeter City FC (34)
?,(Sat) 1 Apr 2006 (W13),Accrington Stanley FC (37),2-3,1-0,Grays Athletic FC (34)
?,(Sat) 1 Apr 2006 (W13),Burton Albion FC (36),0-0,0-0,York City FC (36)
?,(Sat) 1 Apr 2006 (W13),Cambridge United FC (36),2-2,1-1,Morecambe FC (36)
?,(Sat) 1 Apr 2006 (W13),Canvey Island FC (36),1-1,0-0,Forest Green Rovers FC (36)
?,(Sat) 1 Apr 2006 (W13),Dagenham & Redbridge FC (35),1-0,1-0,FC Halifax Town (36)
?,(Sat) 1 Apr 2006 (W13),Exeter City FC (35),3-1,2-1,Altrincham FC (35)
?,(Sat) 1 Apr 2006 (W13),Ebbsfleet United FC (35),0-3,0-1,Aldershot Town FC (36)
?,(Sat) 1 Apr 2006 (W13),Kidderminster Harriers FC (37),0-0,0-0,Stevenage FC (37)
?,(Sat) 1 Apr 2006 (W13),Southport FC (35),0-2,0-0,Crawley Town FC (36)
?,(Sat) 1 Apr 2006 (W13),Woking FC (34),1-1,1-0,Hereford FC (36)
?,(Tue) 4 Apr 2006 (W14),Altrincham FC (36),0-3,0-3,York City FC (37)
?,(Tue) 4 Apr 2006 (W14),Cambridge United FC (37),2-1,1-0,Exeter City FC (36)
?,(Tue) 4 Apr 2006 (W14),Canvey Island FC (37),0-2,0-2,Woking FC (35)
?,(Tue) 4 Apr 2006 (W14),Ebbsfleet United FC (36),1-3,0-0,Grays Athletic FC (35)
?,(Tue) 4 Apr 2006 (W14),Morecambe FC (37),2-2,1-0,Hereford FC (37)
?,(Tue) 4 Apr 2006 (W14),Tamworth FC (36),2-1,1-0,Aldershot Town FC (37)
?,(Fri) 7 Apr 2006 (W14),Forest Green Rovers FC (37),1-1,0-0,Accrington Stanley FC (38)
?,(Sat) 8 Apr 2006 (W14),Aldershot Town FC (38),1-3,1-0,Cambridge United FC (38)
?,(Sat) 8 Apr 2006 (W14),Altrincham FC (37),2-2,2-1,Ebbsfleet United FC (37)
?,(Sat) 8 Apr 2006 (W14),Crawley Town FC (37),1-1,0-0,Burton Albion FC (37)
?,(Sat) 8 Apr 2006 (W14),FC Halifax Town (37),2-1,1-0,Southport FC (36)
?,(Sat) 8 Apr 2006 (W14),Hereford FC (38),1-1,0-0,Dagenham & Redbridge FC (36)
?,(Sat) 8 Apr 2006 (W14),Morecambe FC (38),3-1,3-0,Woking FC (36)
?,(Sat) 8 Apr 2006 (W14),Stevenage FC (38),2-0,2-0,Scarborough Athletic FC (36)
?,(Sat) 8 Apr 2006 (W14),Tamworth FC (37),1-0,0-0,Canvey Island FC (38)
?,(Sun) 9 Apr 2006 (W14),York City FC (38),2-2,0-0,Kidderminster Harriers FC (38)
?,(Mon) 10 Apr 2006 (W15),Grays Athletic FC (36),3-0,1-0,Exeter City FC (37)
?,(Mon) 10 Apr 2006 (W15),Southport FC (37),1-0,1-0,Woking FC (37)
?,(Tue) 11 Apr 2006 (W15),Dagenham & Redbridge FC (37),2-4,2-3,Altrincham FC (38)
?,(Tue) 11 Apr 2006 (W15),Scarborough Athletic FC (37),0-0,0-0,Tamworth FC (38)
?,(Fri) 14 Apr 2006 (W15),Cambridge United FC (39),2-0,0-0,York City FC (39)
?,(Fri) 14 Apr 2006 (W15),Canvey Island FC (39),2-1,2-0,Kidderminster Harriers FC (39)
?,(Fri) 14 Apr 2006 (W15),FC Halifax Town (38),1-1,1-0,Stevenage FC (39)
?,(Sat) 15 Apr 2006 (W15),Altrincham FC (39),0-1,0-0,Hereford FC (39)
?,(Sat) 15 Apr 2006 (W15),Crawley Town FC (38),2-0,1-0,Aldershot Town FC (39)
?,(Sat) 15 Apr 2006 (W15),Exeter City FC (38),3-1,1-1,Dagenham & Redbridge FC (38)
?,(Sat) 15 Apr 2006 (W15),Grays Athletic FC (37),2-2,1-1,Forest Green Rovers FC (38)
?,(Sat) 15 Apr 2006 (W15),Scarborough Athletic FC (38),3-0,1-0,Burton Albion FC (38)
?,(Sat) 15 Apr 2006 (W15),Southport FC (38),1-0,1-0,Ebbsfleet United FC (38)
?,(Sat) 15 Apr 2006 (W15),Tamworth FC (39),0-3,0-2,Morecambe FC (39)
?,(Sat) 15 Apr 2006 (W15),Woking FC (38),0-1,0-1,Accrington Stanley FC (39)
?,(Mon) 17 Apr 2006 (W16),Accrington Stanley FC (40),1-0,0-0,Scarborough Athletic FC (39)
?,(Mon) 17 Apr 2006 (W16),Aldershot Town FC (40),0-3,0-3,Grays Athletic FC (38)
?,(Mon) 17 Apr 2006 (W16),Dagenham & Redbridge FC (39),2-2,1-2,Canvey Island FC (40)
?,(Mon) 17 Apr 2006 (W16),Forest Green Rovers FC (39),0-0,0-0,Exeter City FC (39)
?,(Mon) 17 Apr 2006 (W16),Ebbsfleet United FC (39),2-0,1-0,Woking FC (39)
?,(Mon) 17 Apr 2006 (W16),Hereford FC (40),1-0,0-0,Tamworth FC (40)
?,(Mon) 17 Apr 2006 (W16),Kidderminster Harriers FC (40),1-0,1-0,Cambridge United FC (40)
?,(Mon) 17 Apr 2006 (W16),Morecambe FC (40),2-0,1-0,Altrincham FC (40)
?,(Mon) 17 Apr 2006 (W16),Stevenage FC (40),2-1,1-1,Crawley Town FC (39)
?,(Mon) 17 Apr 2006 (W16),York City FC (40),0-2,0-0,FC Halifax Town (39)
?,(Tue) 18 Apr 2006 (W16),Burton Albion FC (39),0-0,0-0,Southport FC (39)
?,(Wed) 19 Apr 2006 (W16),Scarborough Athletic FC (40),2-7,0-3,Grays Athletic FC (39)
?,(Sat) 22 Apr 2006 (W16),Accrington Stanley FC (41),2-1,0-0,Tamworth FC (41)
?,(Sat) 22 Apr 2006 (W16),Aldershot Town FC (41),1-1,0-1,Woking FC (40)
?,(Sat) 22 Apr 2006 (W16),Altrincham FC (41),0-2,0-0,Grays Athletic FC (40)
?,(Sat) 22 Apr 2006 (W16),Burton Albion FC (40),1-0,1-0,Forest Green Rovers FC (40)
?,(Sat) 22 Apr 2006 (W16),Canvey Island FC (41),1-1,0-0,Exeter City FC (40)
?,(Sat) 22 Apr 2006 (W16),Crawley Town FC (40),2-2,2-0,FC Halifax Town (40)
?,(Sat) 22 Apr 2006 (W16),Dagenham & Redbridge FC (40),3-0,3-0,Kidderminster Harriers FC (41)
?,(Sat) 22 Apr 2006 (W16),Hereford FC (41),1-1,0-0,Southport FC (40)
?,(Sat) 22 Apr 2006 (W16),Morecambe FC (41),3-0,2-0,Ebbsfleet United FC (40)
?,(Sat) 22 Apr 2006 (W16),Scarborough Athletic FC (41),1-2,1-1,Cambridge United FC (41)
?,(Sat) 22 Apr 2006 (W16),Stevenage FC (41),1-1,1-1,York City FC (41)
?,(Tue) 25 Apr 2006 (W17),Burton Albion FC (41),2-2,2-1,Dagenham & Redbridge FC (41)
?,(Tue) 25 Apr 2006 (W17),Exeter City FC (41),4-0,3-0,Crawley Town FC (41)
?,(Tue) 25 Apr 2006 (W17),Grays Athletic FC (41),1-1,0-0,Southport FC (41)
?,(Tue) 25 Apr 2006 (W17),FC Halifax Town (41),2-0,0-0,Ebbsfleet United FC (41)
?,(Tue) 25 Apr 2006 (W17),Woking FC (41),2-1,1-1,Forest Green Rovers FC (41)
?,(Sat) 29 Apr 2006 (W17),Cambridge United FC (42),1-2,0-0,Dagenham & Redbridge FC (42)
?,(Sat) 29 Apr 2006 (W17),Exeter City FC (42),1-1,0-0,Scarborough Athletic FC (42)
?,(Sat) 29 Apr 2006 (W17),Forest Green Rovers FC (42),2-0,1-0,Stevenage FC (42)
?,(Sat) 29 Apr 2006 (W17),Ebbsfleet United FC (42),0-1,0-1,Burton Albion FC (42)
?,(Sat) 29 Apr 2006 (W17),Grays Athletic FC (42),1-2,1-1,Morecambe FC (42)
?,(Sat) 29 Apr 2006 (W17),FC Halifax Town (42),0-2,0-1,Canvey Island FC (42)
?,(Sat) 29 Apr 2006 (W17),Kidderminster Harriers FC (42),2-0,0-0,Accrington Stanley FC (42)
?,(Sat) 29 Apr 2006 (W17),Southport FC (42),0-1,0-0,Aldershot Town FC (42)
?,(Sat) 29 Apr 2006 (W17),Tamworth FC (42),0-0,0-0,Crawley Town FC (42)
?,(Sat) 29 Apr 2006 (W17),Woking FC (42),3-1,3-0,Altrincham FC (42)
?,(Sat) 29 Apr 2006 (W17),York City FC (42),1-3,0-2,Hereford FC (42)
