Round,Date,Team 1,FT,HT,Team 2
?,(Sat) 18 Aug 1979 (33),Southend United FC (1),1-0,?,Carlisle United FC (1)
?,(Sat) 18 Aug 1979 (33),Barnsley FC (1),0-3,?,Sheffield Wednesday FC (1)
?,(Sat) 18 Aug 1979 (33),Blackpool FC (1),2-1,?,Gillingham FC (1)
?,(Sat) 18 Aug 1979 (33),Wimbledon FC (1),2-3,?,Chester FC (1)
?,(Sat) 18 Aug 1979 (33),Grimsby Town FC (1),4-1,?,Exeter City FC (1)
?,(Sat) 18 Aug 1979 (33),Sheffield United FC (1),2-1,?,Swindon Town FC (1)
?,(Sat) 18 Aug 1979 (33),Reading FC (1),2-2,?,Brentford FC (1)
?,(Sat) 18 Aug 1979 (33),Mansfield Town FC (1),3-2,?,Chesterfield FC (1)
?,(Sat) 18 Aug 1979 (33),Oxford United FC (1),5-1,?,Rotherham United FC (1)
?,(Sat) 18 Aug 1979 (33),Blackburn Rovers FC (1),1-1,?,Millwall FC (1)
?,(Sat) 18 Aug 1979 (33),Plymouth Argyle FC (1),2-0,?,Bury FC (1)
?,(Sat) 18 Aug 1979 (33),Hull City AFC (1),0-2,?,Colchester United FC (1)
?,(Tue) 21 Aug 1979 (34),Bury FC (2),3-0,?,Blackpool FC (2)
?,(Tue) 21 Aug 1979 (34),Chesterfield FC (2),2-0,?,Barnsley FC (2)
?,(Tue) 21 Aug 1979 (34),Swindon Town FC (2),0-0,?,Reading FC (2)
?,(Tue) 21 Aug 1979 (34),Carlisle United FC (2),1-1,?,Blackburn Rovers FC (2)
?,(Tue) 21 Aug 1979 (34),Sheffield Wednesday FC (2),0-0,?,Hull City AFC (2)
?,(Tue) 21 Aug 1979 (34),Colchester United FC (2),1-0,?,Sheffield United FC (2)
?,(Tue) 21 Aug 1979 (34),Rotherham United FC (2),2-1,?,Mansfield Town FC (2)
?,(Tue) 21 Aug 1979 (34),Millwall FC (2),2-1,?,Plymouth Argyle FC (2)
?,(Wed) 22 Aug 1979 (34),Exeter City FC (2),0-2,?,Wimbledon FC (2)
?,(Wed) 22 Aug 1979 (34),Chester FC (2),3-1,?,Grimsby Town FC (2)
?,(Sat) 25 Aug 1979 (34),Rotherham United FC (3),3-0,?,Colchester United FC (3)
?,(Sat) 25 Aug 1979 (34),Hull City AFC (3),2-2,?,Oxford United FC (2)
?,(Sat) 25 Aug 1979 (34),Grimsby Town FC (3),4-3,?,Blackpool FC (3)
?,(Sat) 25 Aug 1979 (34),Chester FC (3),1-1,?,Sheffield United FC (3)
?,(Sat) 25 Aug 1979 (34),Chesterfield FC (3),3-1,?,Plymouth Argyle FC (3)
?,(Sat) 25 Aug 1979 (34),Wimbledon FC (3),0-1,?,Southend United FC (2)
?,(Sat) 25 Aug 1979 (34),Gillingham FC (2),1-1,?,Millwall FC (3)
?,(Sat) 25 Aug 1979 (34),Exeter City FC (3),2-1,?,Mansfield Town FC (3)
?,(Sat) 25 Aug 1979 (34),Sheffield Wednesday FC (3),0-3,?,Blackburn Rovers FC (3)
?,(Sat) 25 Aug 1979 (34),Swindon Town FC (3),4-0,?,Brentford FC (2)
?,(Sat) 25 Aug 1979 (34),Carlisle United FC (3),1-0,?,Bury FC (3)
?,(Sat) 25 Aug 1979 (34),Barnsley FC (3),2-0,?,Reading FC (3)
?,(Fri) 31 Aug 1979 (35),Colchester United FC (4),2-3,?,Swindon Town FC (4)
?,(Sat) 1 Sep 1979 (35),Blackburn Rovers FC (4),0-0,?,Grimsby Town FC (4)
?,(Sat) 1 Sep 1979 (35),Blackpool FC (4),3-0,?,Wimbledon FC (4)
?,(Sat) 1 Sep 1979 (35),Sheffield United FC (4),3-1,?,Exeter City FC (4)
?,(Sat) 1 Sep 1979 (35),Bury FC (4),2-0,?,Chester FC (4)
?,(Sat) 1 Sep 1979 (35),Plymouth Argyle FC (4),1-3,?,Sheffield Wednesday FC (4)
?,(Sat) 1 Sep 1979 (35),Brentford FC (3),3-1,?,Chesterfield FC (4)
?,(Sat) 1 Sep 1979 (35),Mansfield Town FC (4),1-1,?,Hull City AFC (4)
?,(Sat) 1 Sep 1979 (35),Oxford United FC (3),1-0,?,Barnsley FC (4)
?,(Sat) 1 Sep 1979 (35),Southend United FC (3),0-2,?,Rotherham United FC (4)
?,(Sat) 1 Sep 1979 (35),Millwall FC (4),1-0,?,Carlisle United FC (4)
?,(Sat) 1 Sep 1979 (35),Reading FC (4),1-3,?,Gillingham FC (3)
?,(Fri) 7 Sep 1979 (36),Southend United FC (4),1-2,?,Blackpool FC (5)
?,(Sat) 8 Sep 1979 (36),Chester FC (5),1-1,?,Millwall FC (5)
?,(Sat) 8 Sep 1979 (36),Chesterfield FC (5),3-0,?,Colchester United FC (5)
?,(Sat) 8 Sep 1979 (36),Oxford United FC (4),4-0,?,Reading FC (5)
?,(Sat) 8 Sep 1979 (36),Barnsley FC (5),1-0,?,Mansfield Town FC (5)
?,(Sat) 8 Sep 1979 (36),Grimsby Town FC (5),1-0,?,Plymouth Argyle FC (5)
?,(Sat) 8 Sep 1979 (36),Hull City AFC (5),3-1,?,Sheffield United FC (5)
?,(Sat) 8 Sep 1979 (36),Exeter City FC (5),1-0,?,Bury FC (5)
?,(Sat) 8 Sep 1979 (36),Carlisle United FC (5),1-2,?,Gillingham FC (4)
?,(Sat) 8 Sep 1979 (36),Rotherham United FC (5),3-0,?,Swindon Town FC (5)
?,(Sat) 8 Sep 1979 (36),Wimbledon FC (5),1-0,?,Blackburn Rovers FC (5)
?,(Sat) 8 Sep 1979 (36),Sheffield Wednesday FC (5),0-2,?,Brentford FC (4)
?,(Sat) 15 Sep 1979 (37),Blackpool FC (6),3-2,?,Rotherham United FC (6)
?,(Sat) 15 Sep 1979 (37),Reading FC (6),2-0,?,Carlisle United FC (6)
?,(Sat) 15 Sep 1979 (37),Plymouth Argyle FC (6),3-0,?,Wimbledon FC (6)
?,(Sat) 15 Sep 1979 (37),Sheffield United FC (6),2-0,?,Barnsley FC (6)
?,(Sat) 15 Sep 1979 (37),Millwall FC (6),5-1,?,Exeter City FC (6)
?,(Sat) 15 Sep 1979 (37),Brentford FC (5),1-0,?,Grimsby Town FC (6)
?,(Sat) 15 Sep 1979 (37),Swindon Town FC (6),2-1,?,Chesterfield FC (6)
?,(Sat) 15 Sep 1979 (37),Colchester United FC (6),0-0,?,Sheffield Wednesday FC (6)
?,(Sat) 15 Sep 1979 (37),Bury FC (6),0-1,?,Hull City AFC (6)
?,(Sat) 15 Sep 1979 (37),Mansfield Town FC (6),1-0,?,Oxford United FC (5)
?,(Sat) 15 Sep 1979 (37),Gillingham FC (5),2-2,?,Chester FC (6)
?,(Sat) 15 Sep 1979 (37),Blackburn Rovers FC (6),1-1,?,Southend United FC (5)
?,(Mon) 17 Sep 1979 (38),Brentford FC (6),0-2,?,Exeter City FC (7)
?,(Tue) 18 Sep 1979 (38),Carlisle United FC (7),3-1,?,Rotherham United FC (7)
?,(Tue) 18 Sep 1979 (38),Swindon Town FC (7),3-1,?,Chester FC (7)
?,(Tue) 18 Sep 1979 (38),Plymouth Argyle FC (7),1-1,?,Oxford United FC (6)
?,(Tue) 18 Sep 1979 (38),Sheffield United FC (7),3-1,?,Blackpool FC (7)
?,(Tue) 18 Sep 1979 (38),Chesterfield FC (7),1-1,?,Hull City AFC (7)
?,(Tue) 18 Sep 1979 (38),Bury FC (7),1-1,?,Grimsby Town FC (7)
?,(Tue) 18 Sep 1979 (38),Colchester United FC (7),2-1,?,Mansfield Town FC (7)
?,(Tue) 18 Sep 1979 (38),Millwall FC (7),3-3,?,Sheffield Wednesday FC (7)
?,(Tue) 18 Sep 1979 (38),Gillingham FC (6),1-0,?,Wimbledon FC (7)
?,(Wed) 19 Sep 1979 (38),Blackburn Rovers FC (7),0-1,?,Barnsley FC (7)
?,(Wed) 19 Sep 1979 (38),Reading FC (7),1-1,?,Southend United FC (6)
?,(Fri) 21 Sep 1979 (38),Southend United FC (7),4-1,?,Plymouth Argyle FC (8)
?,(Sat) 22 Sep 1979 (38),Wimbledon FC (8),0-0,?,Brentford FC (7)
?,(Sat) 22 Sep 1979 (38),Blackpool FC (8),2-1,?,Blackburn Rovers FC (8)
?,(Sat) 22 Sep 1979 (38),Mansfield Town FC (8),3-4,?,Sheffield United FC (8)
?,(Sat) 22 Sep 1979 (38),Oxford United FC (7),3-1,?,Bury FC (8)
?,(Sat) 22 Sep 1979 (38),Rotherham United FC (8),2-0,?,Chesterfield FC (8)
?,(Sat) 22 Sep 1979 (38),Grimsby Town FC (8),1-2,?,Colchester United FC (8)
?,(Sat) 22 Sep 1979 (38),Chester FC (8),0-2,?,Reading FC (8)
?,(Sat) 22 Sep 1979 (38),Hull City AFC (8),0-0,?,Gillingham FC (7)
?,(Sat) 22 Sep 1979 (38),Exeter City FC (8),1-2,?,Carlisle United FC (8)
?,(Sat) 22 Sep 1979 (38),Barnsley FC (8),2-1,?,Millwall FC (8)
?,(Sat) 22 Sep 1979 (38),Sheffield Wednesday FC (8),4-2,?,Swindon Town FC (8)
?,(Sat) 29 Sep 1979 (39),Plymouth Argyle FC (9),2-2,?,Blackpool FC (9)
?,(Sat) 29 Sep 1979 (39),Colchester United FC (9),0-0,?,Barnsley FC (9)
?,(Sat) 29 Sep 1979 (39),Sheffield United FC (9),3-1,?,Oxford United FC (8)
?,(Sat) 29 Sep 1979 (39),Swindon Town FC (9),3-0,?,Grimsby Town FC (9)
?,(Sat) 29 Sep 1979 (39),Gillingham FC (8),1-0,?,Exeter City FC (9)
?,(Sat) 29 Sep 1979 (39),Blackburn Rovers FC (9),0-3,?,Rotherham United FC (9)
?,(Sat) 29 Sep 1979 (39),Carlisle United FC (9),2-2,?,Chester FC (9)
?,(Sat) 29 Sep 1979 (39),Reading FC (9),1-0,?,Mansfield Town FC (9)
?,(Sat) 29 Sep 1979 (39),Brentford FC (8),2-0,?,Southend United FC (8)
?,(Sat) 29 Sep 1979 (39),Bury FC (9),1-2,?,Wimbledon FC (9)
?,(Sat) 29 Sep 1979 (39),Chesterfield FC (9),2-1,?,Sheffield Wednesday FC (9)
?,(Sat) 29 Sep 1979 (39),Millwall FC (9),3-2,?,Hull City AFC (9)
?,(Mon) 1 Oct 1979 (40),Mansfield Town FC (10),0-1,?,Colchester United FC (10)
?,(Tue) 2 Oct 1979 (40),Rotherham United FC (10),4-1,?,Carlisle United FC (10)
?,(Tue) 2 Oct 1979 (40),Sheffield Wednesday FC (10),2-0,?,Millwall FC (10)
?,(Tue) 2 Oct 1979 (40),Grimsby Town FC (10),1-0,?,Bury FC (10)
?,(Tue) 2 Oct 1979 (40),Hull City AFC (10),2-1,?,Chesterfield FC (10)
?,(Tue) 2 Oct 1979 (40),Blackpool FC (10),2-3,?,Sheffield United FC (10)
?,(Tue) 2 Oct 1979 (40),Barnsley FC (10),1-1,?,Blackburn Rovers FC (10)
?,(Wed) 3 Oct 1979 (40),Exeter City FC (10),0-0,?,Brentford FC (9)
?,(Fri) 5 Oct 1979 (40),Colchester United FC (11),1-1,?,Reading FC (10)
?,(Sat) 6 Oct 1979 (40),Swindon Town FC (10),0-0,?,Hull City AFC (11)
?,(Sat) 6 Oct 1979 (40),Bury FC (11),1-1,?,Southend United FC (9)
?,(Sat) 6 Oct 1979 (40),Rotherham United FC (11),1-2,?,Sheffield United FC (11)
?,(Sat) 6 Oct 1979 (40),Gillingham FC (9),1-2,?,Blackburn Rovers FC (11)
?,(Sat) 6 Oct 1979 (40),Carlisle United FC (11),1-1,?,Wimbledon FC (10)
?,(Sat) 6 Oct 1979 (40),Exeter City FC (11),1-0,?,Blackpool FC (11)
?,(Sat) 6 Oct 1979 (40),Millwall FC (11),2-0,?,Grimsby Town FC (11)
?,(Sat) 6 Oct 1979 (40),Chester FC (10),1-0,?,Plymouth Argyle FC (10)
?,(Sat) 6 Oct 1979 (40),Chesterfield FC (11),2-2,?,Oxford United FC (9)
?,(Sat) 6 Oct 1979 (40),Brentford FC (10),3-1,?,Barnsley FC (11)
?,(Sat) 6 Oct 1979 (40),Sheffield Wednesday FC (11),0-0,?,Mansfield Town FC (11)
?,(Mon) 8 Oct 1979 (41),Mansfield Town FC (12),5-1,?,Rotherham United FC (12)
?,(Tue) 9 Oct 1979 (41),Barnsley FC (12),0-1,?,Chesterfield FC (12)
?,(Tue) 9 Oct 1979 (41),Plymouth Argyle FC (11),1-1,?,Millwall FC (12)
?,(Tue) 9 Oct 1979 (41),Grimsby Town FC (12),0-2,?,Chester FC (11)
?,(Tue) 9 Oct 1979 (41),Hull City AFC (12),1-1,?,Sheffield Wednesday FC (12)
?,(Tue) 9 Oct 1979 (41),Wimbledon FC (11),2-2,?,Exeter City FC (12)
?,(Tue) 9 Oct 1979 (41),Sheffield United FC (12),1-2,?,Colchester United FC (12)
?,(Wed) 10 Oct 1979 (41),Blackpool FC (12),1-2,?,Bury FC (12)
?,(Wed) 10 Oct 1979 (41),Oxford United FC (10),0-2,?,Brentford FC (11)
?,(Wed) 10 Oct 1979 (41),Blackburn Rovers FC (12),1-2,?,Carlisle United FC (12)
?,(Wed) 10 Oct 1979 (41),Reading FC (11),2-1,?,Swindon Town FC (11)
?,(Fri) 12 Oct 1979 (41),Southend United FC (10),0-1,?,Colchester United FC (13)
?,(Sat) 13 Oct 1979 (41),Exeter City FC (13),1-0,?,Chester FC (12)
?,(Sat) 13 Oct 1979 (41),Oxford United FC (11),1-2,?,Millwall FC (13)
?,(Sat) 13 Oct 1979 (41),Sheffield United FC (13),2-0,?,Reading FC (12)
?,(Sat) 13 Oct 1979 (41),Blackburn Rovers FC (13),1-0,?,Plymouth Argyle FC (12)
?,(Sat) 13 Oct 1979 (41),Barnsley FC (13),2-0,?,Gillingham FC (10)
?,(Sat) 13 Oct 1979 (41),Rotherham United FC (13),1-2,?,Sheffield Wednesday FC (13)
?,(Sat) 13 Oct 1979 (41),Mansfield Town FC (13),1-0,?,Bury FC (13)
?,(Sat) 13 Oct 1979 (41),Hull City AFC (13),2-0,?,Carlisle United FC (13)
?,(Sat) 13 Oct 1979 (41),Grimsby Town FC (13),1-1,?,Chesterfield FC (13)
?,(Sat) 13 Oct 1979 (41),Blackpool FC (13),5-4,?,Brentford FC (12)
?,(Sat) 13 Oct 1979 (41),Wimbledon FC (12),2-0,?,Swindon Town FC (12)
?,(Fri) 19 Oct 1979 (42),Colchester United FC (14),3-1,?,Blackpool FC (14)
?,(Sat) 20 Oct 1979 (42),Sheffield Wednesday FC (14),2-2,?,Oxford United FC (12)
?,(Sat) 20 Oct 1979 (42),Bury FC (14),1-2,?,Sheffield United FC (14)
?,(Sat) 20 Oct 1979 (42),Chester FC (13),2-1,?,Hull City AFC (14)
?,(Sat) 20 Oct 1979 (42),Reading FC (13),2-1,?,Exeter City FC (14)
?,(Sat) 20 Oct 1979 (42),Brentford FC (13),2-0,?,Blackburn Rovers FC (14)
?,(Sat) 20 Oct 1979 (42),Millwall FC (14),2-2,?,Mansfield Town FC (14)
?,(Sat) 20 Oct 1979 (42),Plymouth Argyle FC (13),1-0,?,Rotherham United FC (14)
?,(Sat) 20 Oct 1979 (42),Gillingham FC (11),0-1,?,Grimsby Town FC (14)
?,(Sat) 20 Oct 1979 (42),Carlisle United FC (14),3-1,?,Barnsley FC (14)
?,(Sat) 20 Oct 1979 (42),Swindon Town FC (13),1-0,?,Southend United FC (11)
?,(Sat) 20 Oct 1979 (42),Chesterfield FC (14),0-0,?,Wimbledon FC (13)
?,(Mon) 22 Oct 1979 (43),Brentford FC (14),1-2,?,Sheffield United FC (15)
?,(Tue) 23 Oct 1979 (43),Millwall FC (15),2-0,?,Reading FC (14)
?,(Tue) 23 Oct 1979 (43),Chesterfield FC (15),0-0,?,Blackpool FC (15)
?,(Tue) 23 Oct 1979 (43),Carlisle United FC (15),1-1,?,Mansfield Town FC (15)
?,(Tue) 23 Oct 1979 (43),Rotherham United FC (15),2-1,?,Hull City AFC (15)
?,(Tue) 23 Oct 1979 (43),Bury FC (15),2-2,?,Barnsley FC (15)
?,(Tue) 23 Oct 1979 (43),Sheffield Wednesday FC (15),2-0,?,Grimsby Town FC (15)
?,(Tue) 23 Oct 1979 (43),Gillingham FC (12),4-0,?,Oxford United FC (13)
?,(Tue) 23 Oct 1979 (43),Swindon Town FC (14),2-1,?,Plymouth Argyle FC (14)
?,(Tue) 23 Oct 1979 (43),Colchester United FC (15),4-0,?,Wimbledon FC (14)
?,(Wed) 24 Oct 1979 (43),Chester FC (14),0-0,?,Blackburn Rovers FC (15)
?,(Wed) 24 Oct 1979 (43),Exeter City FC (15),4-2,?,Southend United FC (12)
?,(Fri) 26 Oct 1979 (43),Southend United FC (13),0-0,?,Chesterfield FC (16)
?,(Sat) 27 Oct 1979 (43),Hull City AFC (16),2-2,?,Exeter City FC (16)
?,(Sat) 27 Oct 1979 (43),Mansfield Town FC (16),2-0,?,Gillingham FC (13)
?,(Sat) 27 Oct 1979 (43),Reading FC (15),3-1,?,Bury FC (16)
?,(Sat) 27 Oct 1979 (43),Blackpool FC (16),0-1,?,Swindon Town FC (15)
?,(Sat) 27 Oct 1979 (43),Oxford United FC (14),1-0,?,Carlisle United FC (16)
?,(Sat) 27 Oct 1979 (43),Wimbledon FC (15),3-4,?,Sheffield Wednesday FC (16)
?,(Sat) 27 Oct 1979 (43),Plymouth Argyle FC (15),0-1,?,Brentford FC (15)
?,(Sat) 27 Oct 1979 (43),Blackburn Rovers FC (16),3-0,?,Colchester United FC (16)
?,(Sat) 27 Oct 1979 (43),Sheffield United FC (16),0-1,?,Millwall FC (16)
?,(Sat) 27 Oct 1979 (43),Barnsley FC (16),1-1,?,Chester FC (15)
?,(Sat) 27 Oct 1979 (43),Grimsby Town FC (16),2-0,?,Rotherham United FC (16)
?,(Mon) 29 Oct 1979 (44),Southend United FC (14),0-3,?,Gillingham FC (14)
?,(Wed) 31 Oct 1979 (44),Oxford United FC (15),1-1,?,Plymouth Argyle FC (16)
?,(Fri) 2 Nov 1979 (44),Colchester United FC (17),1-1,?,Hull City AFC (17)
?,(Sat) 3 Nov 1979 (44),Gillingham FC (15),1-1,?,Blackpool FC (17)
?,(Sat) 3 Nov 1979 (44),Chesterfield FC (17),2-0,?,Mansfield Town FC (17)
?,(Sat) 3 Nov 1979 (44),Chester FC (16),3-1,?,Wimbledon FC (16)
?,(Sat) 3 Nov 1979 (44),Sheffield Wednesday FC (17),0-2,?,Barnsley FC (17)
?,(Sat) 3 Nov 1979 (44),Swindon Town FC (16),3-2,?,Sheffield United FC (17)
?,(Sat) 3 Nov 1979 (44),Carlisle United FC (17),4-0,?,Southend United FC (15)
?,(Sat) 3 Nov 1979 (44),Brentford FC (16),2-2,?,Reading FC (16)
?,(Sat) 3 Nov 1979 (44),Millwall FC (17),1-0,?,Blackburn Rovers FC (17)
?,(Sat) 3 Nov 1979 (44),Exeter City FC (17),1-2,?,Grimsby Town FC (17)
?,(Sat) 3 Nov 1979 (44),Bury FC (17),2-1,?,Plymouth Argyle FC (17)
?,(Sat) 3 Nov 1979 (44),Rotherham United FC (17),0-2,?,Oxford United FC (16)
?,(Mon) 5 Nov 1979 (45),Southend United FC (16),4-0,?,Exeter City FC (18)
?,(Tue) 6 Nov 1979 (45),Plymouth Argyle FC (18),2-0,?,Swindon Town FC (17)
?,(Tue) 6 Nov 1979 (45),Mansfield Town FC (18),2-1,?,Carlisle United FC (18)
?,(Tue) 6 Nov 1979 (45),Grimsby Town FC (18),3-1,?,Sheffield Wednesday FC (18)
?,(Tue) 6 Nov 1979 (45),Sheffield United FC (18),0-2,?,Brentford FC (17)
?,(Tue) 6 Nov 1979 (45),Wimbledon FC (17),3-3,?,Colchester United FC (18)
?,(Tue) 6 Nov 1979 (45),Barnsley FC (18),2-1,?,Bury FC (18)
?,(Tue) 6 Nov 1979 (45),Hull City AFC (18),1-1,?,Rotherham United FC (18)
?,(Wed) 7 Nov 1979 (45),Reading FC (17),2-0,?,Millwall FC (18)
?,(Wed) 7 Nov 1979 (45),Blackpool FC (18),2-2,?,Chesterfield FC (18)
?,(Wed) 7 Nov 1979 (45),Blackburn Rovers FC (18),2-0,?,Chester FC (17)
?,(Wed) 7 Nov 1979 (45),Oxford United FC (17),1-1,?,Gillingham FC (16)
?,(Fri) 9 Nov 1979 (45),Southend United FC (17),1-0,?,Grimsby Town FC (19)
?,(Sat) 10 Nov 1979 (45),Reading FC (18),3-0,?,Hull City AFC (19)
?,(Sat) 10 Nov 1979 (45),Wimbledon FC (18),0-1,?,Rotherham United FC (19)
?,(Sat) 10 Nov 1979 (45),Blackpool FC (19),1-1,?,Sheffield Wednesday FC (19)
?,(Sat) 10 Nov 1979 (45),Sheffield United FC (19),4-0,?,Gillingham FC (17)
?,(Sat) 10 Nov 1979 (45),Plymouth Argyle FC (19),4-2,?,Carlisle United FC (19)
?,(Sat) 10 Nov 1979 (45),Brentford FC (18),1-0,?,Colchester United FC (19)
?,(Sat) 10 Nov 1979 (45),Mansfield Town FC (19),1-1,?,Swindon Town FC (18)
?,(Sat) 10 Nov 1979 (45),Barnsley FC (19),2-2,?,Exeter City FC (19)
?,(Sat) 10 Nov 1979 (45),Oxford United FC (18),0-1,?,Chester FC (18)
?,(Sat) 10 Nov 1979 (45),Bury FC (19),3-0,?,Millwall FC (19)
?,(Tue) 13 Nov 1979 (46),Gillingham FC (18),1-0,?,Southend United FC (18)
?,(Wed) 14 Nov 1979 (46),Blackburn Rovers FC (19),1-0,?,Chesterfield FC (19)
?,(Fri) 16 Nov 1979 (46),Colchester United FC (20),5-2,?,Plymouth Argyle FC (20)
?,(Sat) 17 Nov 1979 (46),Sheffield Wednesday FC (20),2-0,?,Southend United FC (19)
?,(Sat) 17 Nov 1979 (46),Rotherham United FC (20),4-2,?,Brentford FC (19)
?,(Sat) 17 Nov 1979 (46),Chester FC (19),1-0,?,Mansfield Town FC (20)
?,(Sat) 17 Nov 1979 (46),Millwall FC (20),2-0,?,Blackpool FC (20)
?,(Sat) 17 Nov 1979 (46),Exeter City FC (20),0-0,?,Oxford United FC (19)
?,(Sat) 17 Nov 1979 (46),Chesterfield FC (20),7-1,?,Reading FC (19)
?,(Sat) 17 Nov 1979 (46),Hull City AFC (20),0-2,?,Barnsley FC (20)
?,(Sat) 17 Nov 1979 (46),Grimsby Town FC (20),1-0,?,Wimbledon FC (19)
?,(Sat) 17 Nov 1979 (46),Carlisle United FC (20),1-0,?,Sheffield United FC (20)
?,(Sat) 17 Nov 1979 (46),Gillingham FC (19),2-1,?,Bury FC (20)
?,(Sat) 17 Nov 1979 (46),Swindon Town FC (19),2-0,?,Blackburn Rovers FC (20)
?,(Sat) 1 Dec 1979 (48),Mansfield Town FC (21),1-1,?,Blackpool FC (21)
?,(Sat) 1 Dec 1979 (48),Sheffield United FC (21),3-2,?,Plymouth Argyle FC (21)
?,(Sat) 1 Dec 1979 (48),Barnsley FC (21),1-2,?,Southend United FC (20)
?,(Sat) 1 Dec 1979 (48),Oxford United FC (20),0-1,?,Grimsby Town FC (21)
?,(Sat) 1 Dec 1979 (48),Chester FC (20),2-2,?,Sheffield Wednesday FC (21)
?,(Sat) 1 Dec 1979 (48),Carlisle United FC (21),3-1,?,Brentford FC (20)
?,(Sat) 1 Dec 1979 (48),Reading FC (20),1-1,?,Blackburn Rovers FC (21)
?,(Sat) 1 Dec 1979 (48),Exeter City FC (21),1-1,?,Rotherham United FC (21)
?,(Sat) 1 Dec 1979 (48),Gillingham FC (20),0-0,?,Swindon Town FC (20)
?,(Sat) 1 Dec 1979 (48),Hull City AFC (21),1-1,?,Wimbledon FC (20)
?,(Sat) 1 Dec 1979 (48),Bury FC (21),2-0,?,Chesterfield FC (21)
?,(Sat) 1 Dec 1979 (48),Millwall FC (21),1-2,?,Colchester United FC (21)
?,(Fri) 7 Dec 1979 (49),Colchester United FC (22),1-1,?,Carlisle United FC (22)
?,(Fri) 7 Dec 1979 (49),Southend United FC (21),4-1,?,Chester FC (21)
?,(Sat) 8 Dec 1979 (49),Swindon Town FC (21),8-0,?,Bury FC (22)
?,(Sat) 8 Dec 1979 (49),Plymouth Argyle FC (22),2-1,?,Barnsley FC (22)
?,(Sat) 8 Dec 1979 (49),Wimbledon FC (21),1-1,?,Sheffield United FC (22)
?,(Sat) 8 Dec 1979 (49),Blackburn Rovers FC (22),2-1,?,Oxford United FC (21)
?,(Sat) 8 Dec 1979 (49),Grimsby Town FC (22),2-1,?,Mansfield Town FC (22)
?,(Sat) 8 Dec 1979 (49),Rotherham United FC (22),2-1,?,Gillingham FC (21)
?,(Sat) 8 Dec 1979 (49),Brentford FC (21),7-2,?,Hull City AFC (22)
?,(Sat) 8 Dec 1979 (49),Chesterfield FC (22),3-2,?,Millwall FC (22)
?,(Sat) 8 Dec 1979 (49),Blackpool FC (22),5-2,?,Reading FC (21)
?,(Sat) 8 Dec 1979 (49),Sheffield Wednesday FC (22),0-1,?,Exeter City FC (22)
?,(Sat) 15 Dec 1979 (50),Brentford FC (22),1-1,?,Oxford United FC (22)
?,(Fri) 21 Dec 1979 (51),Barnsley FC (23),2-1,?,Blackpool FC (23)
?,(Fri) 21 Dec 1979 (51),Sheffield United FC (23),2-0,?,Southend United FC (22)
?,(Fri) 21 Dec 1979 (51),Exeter City FC (23),3-1,?,Colchester United FC (23)
?,(Fri) 21 Dec 1979 (51),Reading FC (22),0-2,?,Sheffield Wednesday FC (23)
?,(Fri) 21 Dec 1979 (51),Hull City AFC (23),0-1,?,Blackburn Rovers FC (23)
?,(Fri) 21 Dec 1979 (51),Chester FC (22),3-1,?,Rotherham United FC (23)
?,(Fri) 21 Dec 1979 (51),Mansfield Town FC (23),0-0,?,Plymouth Argyle FC (23)
?,(Fri) 21 Dec 1979 (51),Carlisle United FC (23),0-2,?,Grimsby Town FC (23)
?,(Fri) 21 Dec 1979 (51),Bury FC (23),4-2,?,Brentford FC (23)
?,(Wed) 26 Dec 1979 (52),Brentford FC (24),2-2,?,Chester FC (23)
?,(Wed) 26 Dec 1979 (52),Colchester United FC (24),2-2,?,Gillingham FC (22)
?,(Wed) 26 Dec 1979 (52),Rotherham United FC (24),0-2,?,Bury FC (24)
?,(Wed) 26 Dec 1979 (52),Southend United FC (23),1-1,?,Oxford United FC (23)
?,(Wed) 26 Dec 1979 (52),Plymouth Argyle FC (24),2-0,?,Reading FC (23)
?,(Wed) 26 Dec 1979 (52),Sheffield Wednesday FC (24),4-0,?,Sheffield United FC (24)
?,(Wed) 26 Dec 1979 (52),Blackburn Rovers FC (24),0-0,?,Mansfield Town FC (24)
?,(Wed) 26 Dec 1979 (52),Swindon Town FC (22),2-3,?,Exeter City FC (24)
?,(Wed) 26 Dec 1979 (52),Chesterfield FC (23),3-2,?,Carlisle United FC (24)
?,(Wed) 26 Dec 1979 (52),Grimsby Town FC (24),3-0,?,Barnsley FC (24)
?,(Wed) 26 Dec 1979 (52),Blackpool FC (24),2-2,?,Hull City AFC (24)
?,(Sat) 29 Dec 1979 (52),Millwall FC (23),2-0,?,Gillingham FC (23)
?,(Sat) 29 Dec 1979 (52),Mansfield Town FC (25),0-1,?,Exeter City FC (25)
?,(Sat) 29 Dec 1979 (52),Brentford FC (25),1-3,?,Swindon Town FC (23)
?,(Sat) 29 Dec 1979 (52),Oxford United FC (24),3-0,?,Hull City AFC (25)
?,(Sat) 29 Dec 1979 (52),Plymouth Argyle FC (25),1-0,?,Chesterfield FC (24)
?,(Sat) 29 Dec 1979 (52),Colchester United FC (25),1-1,?,Rotherham United FC (25)
?,(Sat) 29 Dec 1979 (52),Sheffield United FC (25),1-1,?,Grimsby Town FC (25)
?,(Sat) 29 Dec 1979 (52),Southend United FC (24),1-3,?,Wimbledon FC (22)
?,(Sat) 29 Dec 1979 (52),Chester FC (24),1-0,?,Blackpool FC (25)
?,(Sat) 29 Dec 1979 (52),Reading FC (24),7-0,?,Barnsley FC (25)
?,(Tue) 1 Jan 1980 (0),Exeter City FC (26),2-2,?,Plymouth Argyle FC (26)
?,(Tue) 1 Jan 1980 (0),Sheffield United FC (26),2-1,?,Blackburn Rovers FC (25)
?,(Sat) 5 Jan 1980 (0),Plymouth Argyle FC (27),5-1,?,Hull City AFC (26)
?,(Sat) 5 Jan 1980 (0),Chesterfield FC (25),2-1,?,Sheffield United FC (27)
?,(Sat) 5 Jan 1980 (0),Blackpool FC (26),1-2,?,Oxford United FC (25)
?,(Sat) 5 Jan 1980 (0),Brentford FC (26),0-2,?,Gillingham FC (24)
?,(Tue) 8 Jan 1980 (1),Colchester United FC (26),1-1,?,Chester FC (25)
?,(Sat) 12 Jan 1980 (1),Exeter City FC (27),3-1,?,Sheffield United FC (28)
?,(Sat) 12 Jan 1980 (1),Chesterfield FC (26),1-0,?,Brentford FC (27)
?,(Sat) 12 Jan 1980 (1),Rotherham United FC (26),2-1,?,Southend United FC (25)
?,(Sat) 12 Jan 1980 (1),Wimbledon FC (23),1-2,?,Blackpool FC (27)
?,(Sat) 12 Jan 1980 (1),Gillingham FC (25),1-1,?,Reading FC (25)
?,(Sat) 12 Jan 1980 (1),Sheffield Wednesday FC (25),0-1,?,Plymouth Argyle FC (28)
?,(Sat) 12 Jan 1980 (1),Carlisle United FC (25),4-0,?,Millwall FC (24)
?,(Sat) 12 Jan 1980 (1),Barnsley FC (26),1-2,?,Swindon Town FC (24)
?,(Sat) 12 Jan 1980 (1),Oxford United FC (26),0-2,?,Colchester United FC (27)
?,(Sat) 12 Jan 1980 (1),Grimsby Town FC (26),1-2,?,Blackburn Rovers FC (26)
?,(Sat) 12 Jan 1980 (1),Chester FC (26),1-0,?,Bury FC (25)
?,(Sat) 12 Jan 1980 (1),Hull City AFC (27),3-1,?,Mansfield Town FC (26)
?,(Tue) 15 Jan 1980 (2),Grimsby Town FC (27),2-1,?,Reading FC (26)
?,(Fri) 18 Jan 1980 (2),Blackpool FC (28),1-0,?,Southend United FC (26)
?,(Fri) 18 Jan 1980 (2),Colchester United FC (28),0-1,?,Chesterfield FC (27)
?,(Sat) 19 Jan 1980 (2),Millwall FC (25),3-1,?,Chester FC (27)
?,(Sat) 19 Jan 1980 (2),Gillingham FC (26),1-1,?,Carlisle United FC (26)
?,(Sat) 19 Jan 1980 (2),Brentford FC (28),2-2,?,Sheffield Wednesday FC (26)
?,(Sat) 19 Jan 1980 (2),Plymouth Argyle FC (29),1-1,?,Grimsby Town FC (28)
?,(Sat) 19 Jan 1980 (2),Blackburn Rovers FC (27),3-0,?,Wimbledon FC (24)
?,(Sat) 19 Jan 1980 (2),Bury FC (26),3-0,?,Exeter City FC (28)
?,(Sat) 19 Jan 1980 (2),Sheffield United FC (29),1-1,?,Hull City AFC (28)
?,(Fri) 25 Jan 1980 (3),Southend United FC (27),3-0,?,Hull City AFC (29)
?,(Sat) 26 Jan 1980 (3),Blackpool FC (29),0-3,?,Grimsby Town FC (29)
?,(Sat) 26 Jan 1980 (3),Barnsley FC (27),2-0,?,Oxford United FC (27)
?,(Sat) 26 Jan 1980 (3),Exeter City FC (29),1-2,?,Chesterfield FC (28)
?,(Sat) 26 Jan 1980 (3),Plymouth Argyle FC (30),2-2,?,Gillingham FC (27)
?,(Sat) 26 Jan 1980 (3),Mansfield Town FC (27),1-1,?,Wimbledon FC (25)
?,(Tue) 29 Jan 1980 (4),Bury FC (27),0-1,?,Colchester United FC (29)
?,(Sat) 2 Feb 1980 (4),Oxford United FC (28),3-1,?,Mansfield Town FC (28)
?,(Sat) 2 Feb 1980 (4),Southend United FC (28),0-1,?,Blackburn Rovers FC (28)
?,(Sat) 2 Feb 1980 (4),Exeter City FC (30),2-1,?,Millwall FC (26)
?,(Sat) 2 Feb 1980 (4),Sheffield Wednesday FC (27),3-0,?,Colchester United FC (30)
?,(Sat) 2 Feb 1980 (4),Grimsby Town FC (30),5-1,?,Brentford FC (29)
?,(Tue) 5 Feb 1980 (5),Rotherham United FC (27),1-3,?,Blackburn Rovers FC (29)
?,(Tue) 5 Feb 1980 (5),Sheffield Wednesday FC (28),5-1,?,Bury FC (28)
?,(Wed) 6 Feb 1980 (5),Oxford United FC (29),2-2,?,Swindon Town FC (25)
?,(Fri) 8 Feb 1980 (5),Colchester United FC (31),2-1,?,Grimsby Town FC (31)
?,(Sat) 9 Feb 1980 (5),Carlisle United FC (27),4-1,?,Exeter City FC (31)
?,(Sat) 9 Feb 1980 (5),Millwall FC (27),2-2,?,Barnsley FC (28)
?,(Sat) 9 Feb 1980 (5),Swindon Town FC (26),1-2,?,Sheffield Wednesday FC (29)
?,(Sat) 9 Feb 1980 (5),Reading FC (27),2-1,?,Chester FC (28)
?,(Sat) 9 Feb 1980 (5),Chesterfield FC (29),3-0,?,Rotherham United FC (28)
?,(Sat) 9 Feb 1980 (5),Bury FC (29),1-2,?,Oxford United FC (30)
?,(Sat) 9 Feb 1980 (5),Blackburn Rovers FC (30),2-0,?,Blackpool FC (30)
?,(Sat) 9 Feb 1980 (5),Brentford FC (30),0-1,?,Wimbledon FC (26)
?,(Sat) 9 Feb 1980 (5),Sheffield United FC (30),1-0,?,Mansfield Town FC (29)
?,(Tue) 12 Feb 1980 (6),Millwall FC (28),1-2,?,Southend United FC (29)
?,(Tue) 12 Feb 1980 (6),Wimbledon FC (27),1-0,?,Gillingham FC (28)
?,(Sat) 16 Feb 1980 (6),Hull City AFC (30),1-0,?,Millwall FC (29)
?,(Sat) 16 Feb 1980 (6),Grimsby Town FC (32),2-0,?,Swindon Town FC (27)
?,(Sat) 16 Feb 1980 (6),Blackpool FC (31),1-3,?,Plymouth Argyle FC (31)
?,(Sat) 16 Feb 1980 (6),Southend United FC (30),3-2,?,Brentford FC (31)
?,(Sat) 16 Feb 1980 (6),Barnsley FC (29),1-2,?,Colchester United FC (32)
?,(Sat) 16 Feb 1980 (6),Mansfield Town FC (30),2-2,?,Reading FC (28)
?,(Sat) 16 Feb 1980 (6),Sheffield Wednesday FC (30),3-3,?,Chesterfield FC (30)
?,(Sat) 16 Feb 1980 (6),Oxford United FC (31),1-1,?,Sheffield United FC (31)
?,(Sat) 16 Feb 1980 (6),Exeter City FC (32),3-1,?,Gillingham FC (29)
?,(Tue) 19 Feb 1980 (7),Wimbledon FC (28),3-1,?,Plymouth Argyle FC (32)
?,(Wed) 20 Feb 1980 (7),Chester FC (29),1-0,?,Carlisle United FC (28)
?,(Wed) 20 Feb 1980 (7),Reading FC (29),1-1,?,Rotherham United FC (29)
?,(Fri) 22 Feb 1980 (7),Colchester United FC (33),2-1,?,Southend United FC (31)
?,(Sat) 23 Feb 1980 (7),Millwall FC (30),3-0,?,Oxford United FC (32)
?,(Sat) 23 Feb 1980 (7),Brentford FC (32),2-1,?,Blackpool FC (32)
?,(Sat) 23 Feb 1980 (7),Gillingham FC (30),1-1,?,Barnsley FC (30)
?,(Sat) 23 Feb 1980 (7),Reading FC (30),2-1,?,Sheffield United FC (32)
?,(Sat) 23 Feb 1980 (7),Chesterfield FC (31),2-3,?,Grimsby Town FC (33)
?,(Sat) 23 Feb 1980 (7),Plymouth Argyle FC (33),0-1,?,Blackburn Rovers FC (31)
?,(Sat) 23 Feb 1980 (7),Carlisle United FC (29),3-2,?,Hull City AFC (31)
?,(Sat) 23 Feb 1980 (7),Swindon Town FC (28),2-1,?,Wimbledon FC (29)
?,(Sat) 23 Feb 1980 (7),Bury FC (30),0-2,?,Mansfield Town FC (31)
?,(Sat) 23 Feb 1980 (7),Sheffield Wednesday FC (31),5-0,?,Rotherham United FC (30)
?,(Mon) 25 Feb 1980 (8),Southend United FC (32),2-2,?,Reading FC (31)
?,(Tue) 26 Feb 1980 (8),Gillingham FC (31),0-1,?,Chesterfield FC (32)
?,(Tue) 26 Feb 1980 (8),Carlisle United FC (30),0-2,?,Sheffield Wednesday FC (32)
?,(Tue) 26 Feb 1980 (8),Wimbledon FC (30),0-1,?,Bury FC (31)
?,(Tue) 26 Feb 1980 (8),Sheffield United FC (33),1-1,?,Chester FC (30)
?,(Wed) 27 Feb 1980 (8),Blackburn Rovers FC (32),1-1,?,Exeter City FC (33)
?,(Fri) 29 Feb 1980 (8),Blackpool FC (33),1-0,?,Colchester United FC (34)
?,(Fri) 29 Feb 1980 (8),Southend United FC (33),1-0,?,Swindon Town FC (29)
?,(Sat) 1 Mar 1980 (8),Exeter City FC (34),1-0,?,Reading FC (32)
?,(Sat) 1 Mar 1980 (8),Wimbledon FC (31),1-1,?,Chesterfield FC (33)
?,(Sat) 1 Mar 1980 (8),Grimsby Town FC (34),1-0,?,Gillingham FC (32)
?,(Sat) 1 Mar 1980 (8),Sheffield United FC (34),0-0,?,Bury FC (32)
?,(Sat) 1 Mar 1980 (8),Barnsley FC (31),1-1,?,Carlisle United FC (31)
?,(Sat) 1 Mar 1980 (8),Mansfield Town FC (32),1-0,?,Millwall FC (31)
?,(Sat) 1 Mar 1980 (8),Blackburn Rovers FC (33),3-0,?,Brentford FC (33)
?,(Sat) 1 Mar 1980 (8),Hull City AFC (32),1-0,?,Chester FC (31)
?,(Sat) 1 Mar 1980 (8),Oxford United FC (33),0-2,?,Sheffield Wednesday FC (33)
?,(Sat) 1 Mar 1980 (8),Rotherham United FC (31),3-1,?,Plymouth Argyle FC (34)
?,(Tue) 4 Mar 1980 (9),Barnsley FC (32),0-0,?,Rotherham United FC (32)
?,(Tue) 4 Mar 1980 (9),Gillingham FC (33),1-0,?,Hull City AFC (33)
?,(Tue) 4 Mar 1980 (9),Bury FC (33),0-2,?,Carlisle United FC (32)
?,(Tue) 4 Mar 1980 (9),Millwall FC (32),6-2,?,Swindon Town FC (30)
?,(Wed) 5 Mar 1980 (9),Reading FC (33),3-0,?,Wimbledon FC (32)
?,(Sat) 8 Mar 1980 (9),Chester FC (32),0-0,?,Barnsley FC (33)
?,(Sat) 8 Mar 1980 (9),Rotherham United FC (33),0-0,?,Grimsby Town FC (35)
?,(Sat) 8 Mar 1980 (9),Gillingham FC (34),2-0,?,Mansfield Town FC (33)
?,(Sat) 8 Mar 1980 (9),Millwall FC (33),1-1,?,Sheffield United FC (35)
?,(Sat) 8 Mar 1980 (9),Colchester United FC (35),0-1,?,Blackburn Rovers FC (34)
?,(Sat) 8 Mar 1980 (9),Bury FC (34),1-0,?,Reading FC (34)
?,(Sat) 8 Mar 1980 (9),Brentford FC (34),0-0,?,Plymouth Argyle FC (35)
?,(Sat) 8 Mar 1980 (9),Exeter City FC (35),2-2,?,Hull City AFC (34)
?,(Sat) 8 Mar 1980 (9),Carlisle United FC (33),2-2,?,Oxford United FC (34)
?,(Sat) 8 Mar 1980 (9),Swindon Town FC (31),2-1,?,Blackpool FC (34)
?,(Sat) 8 Mar 1980 (9),Chesterfield FC (34),1-0,?,Southend United FC (34)
?,(Sat) 8 Mar 1980 (9),Sheffield Wednesday FC (34),3-1,?,Wimbledon FC (33)
?,(Mon) 10 Mar 1980 (10),Mansfield Town FC (34),0-0,?,Brentford FC (35)
?,(Tue) 11 Mar 1980 (10),Swindon Town FC (32),0-0,?,Carlisle United FC (34)
?,(Tue) 11 Mar 1980 (10),Wimbledon FC (34),1-2,?,Barnsley FC (34)
?,(Fri) 14 Mar 1980 (10),Reading FC (35),2-0,?,Colchester United FC (36)
?,(Fri) 14 Mar 1980 (10),Southend United FC (35),0-0,?,Bury FC (35)
?,(Fri) 14 Mar 1980 (10),Blackburn Rovers FC (35),3-1,?,Gillingham FC (35)
?,(Fri) 14 Mar 1980 (10),Oxford United FC (35),1-2,?,Chesterfield FC (35)
?,(Fri) 14 Mar 1980 (10),Wimbledon FC (35),0-0,?,Carlisle United FC (35)
?,(Fri) 14 Mar 1980 (10),Hull City AFC (35),1-0,?,Swindon Town FC (33)
?,(Sat) 15 Mar 1980 (10),Barnsley FC (35),1-0,?,Brentford FC (36)
?,(Sat) 15 Mar 1980 (10),Mansfield Town FC (35),1-1,?,Sheffield Wednesday FC (35)
?,(Sat) 15 Mar 1980 (10),Blackpool FC (35),1-0,?,Exeter City FC (36)
?,(Sat) 15 Mar 1980 (10),Plymouth Argyle FC (36),1-0,?,Chester FC (33)
?,(Sat) 15 Mar 1980 (10),Sheffield United FC (36),1-0,?,Rotherham United FC (34)
?,(Sat) 15 Mar 1980 (10),Grimsby Town FC (36),2-0,?,Millwall FC (34)
?,(Mon) 17 Mar 1980 (11),Southend United FC (36),1-1,?,Mansfield Town FC (36)
?,(Tue) 18 Mar 1980 (11),Millwall FC (35),3-1,?,Brentford FC (37)
?,(Tue) 18 Mar 1980 (11),Gillingham FC (36),1-1,?,Sheffield Wednesday FC (36)
?,(Tue) 18 Mar 1980 (11),Carlisle United FC (36),2-0,?,Blackpool FC (36)
?,(Wed) 19 Mar 1980 (11),Oxford United FC (36),4-1,?,Wimbledon FC (36)
?,(Wed) 19 Mar 1980 (11),Chester FC (34),1-0,?,Swindon Town FC (34)
?,(Sat) 22 Mar 1980 (11),Carlisle United FC (37),2-1,?,Plymouth Argyle FC (37)
?,(Sat) 22 Mar 1980 (11),Swindon Town FC (35),2-1,?,Mansfield Town FC (37)
?,(Sat) 22 Mar 1980 (11),Millwall FC (36),0-1,?,Bury FC (36)
?,(Sat) 22 Mar 1980 (11),Grimsby Town FC (37),1-0,?,Southend United FC (37)
?,(Sat) 22 Mar 1980 (11),Exeter City FC (37),2-1,?,Barnsley FC (36)
?,(Sat) 22 Mar 1980 (11),Sheffield Wednesday FC (37),4-1,?,Blackpool FC (37)
?,(Sat) 22 Mar 1980 (11),Chesterfield FC (36),0-1,?,Blackburn Rovers FC (36)
?,(Sat) 22 Mar 1980 (11),Chester FC (35),1-0,?,Oxford United FC (37)
?,(Sat) 22 Mar 1980 (11),Gillingham FC (37),3-0,?,Sheffield United FC (37)
?,(Sat) 22 Mar 1980 (11),Colchester United FC (37),6-1,?,Brentford FC (38)
?,(Sat) 22 Mar 1980 (11),Rotherham United FC (35),0-0,?,Wimbledon FC (37)
?,(Sat) 22 Mar 1980 (11),Hull City AFC (36),0-1,?,Reading FC (36)
?,(Tue) 25 Mar 1980 (12),Barnsley FC (37),0-0,?,Sheffield United FC (38)
?,(Tue) 25 Mar 1980 (12),Chesterfield FC (37),2-1,?,Swindon Town FC (36)
?,(Tue) 25 Mar 1980 (12),Rotherham United FC (36),2-1,?,Millwall FC (37)
?,(Tue) 25 Mar 1980 (12),Hull City AFC (37),2-2,?,Grimsby Town FC (38)
?,(Wed) 26 Mar 1980 (12),Chester FC (36),1-3,?,Exeter City FC (38)
?,(Wed) 26 Mar 1980 (12),Reading FC (37),2-0,?,Oxford United FC (38)
?,(Sat) 29 Mar 1980 (12),Reading FC (38),2-2,?,Chesterfield FC (38)
?,(Sat) 29 Mar 1980 (12),Oxford United FC (39),2-0,?,Exeter City FC (39)
?,(Sat) 29 Mar 1980 (12),Sheffield United FC (39),0-2,?,Carlisle United FC (38)
?,(Sat) 29 Mar 1980 (12),Brentford FC (39),0-1,?,Rotherham United FC (37)
?,(Sat) 29 Mar 1980 (12),Wimbledon FC (38),3-6,?,Grimsby Town FC (39)
?,(Sat) 29 Mar 1980 (12),Plymouth Argyle FC (38),2-0,?,Colchester United FC (38)
?,(Sat) 29 Mar 1980 (12),Blackburn Rovers FC (37),2-0,?,Swindon Town FC (37)
?,(Sat) 29 Mar 1980 (12),Blackpool FC (38),2-2,?,Millwall FC (38)
?,(Sat) 29 Mar 1980 (12),Southend United FC (38),1-1,?,Sheffield Wednesday FC (38)
?,(Sat) 29 Mar 1980 (12),Bury FC (37),0-2,?,Gillingham FC (38)
?,(Sat) 29 Mar 1980 (12),Mansfield Town FC (38),2-1,?,Chester FC (37)
?,(Tue) 1 Apr 1980 (13),Rotherham United FC (38),2-0,?,Chester FC (38)
?,(Tue) 1 Apr 1980 (13),Sheffield Wednesday FC (39),1-1,?,Reading FC (39)
?,(Tue) 1 Apr 1980 (13),Chesterfield FC (39),0-0,?,Gillingham FC (39)
?,(Tue) 1 Apr 1980 (13),Plymouth Argyle FC (39),0-0,?,Mansfield Town FC (39)
?,(Wed) 2 Apr 1980 (13),Colchester United FC (39),0-0,?,Exeter City FC (40)
?,(Fri) 4 Apr 1980 (13),Southend United FC (39),2-1,?,Sheffield United FC (40)
?,(Fri) 4 Apr 1980 (13),Grimsby Town FC (40),2-0,?,Carlisle United FC (39)
?,(Fri) 4 Apr 1980 (13),Blackburn Rovers FC (38),1-0,?,Hull City AFC (38)
?,(Fri) 4 Apr 1980 (13),Blackpool FC (39),1-1,?,Barnsley FC (38)
?,(Sat) 5 Apr 1980 (13),Exeter City FC (41),4-1,?,Swindon Town FC (38)
?,(Sat) 5 Apr 1980 (13),Carlisle United FC (40),0-2,?,Chesterfield FC (40)
?,(Sat) 5 Apr 1980 (13),Mansfield Town FC (40),0-1,?,Blackburn Rovers FC (39)
?,(Sat) 5 Apr 1980 (13),Chester FC (39),1-1,?,Brentford FC (40)
?,(Sat) 5 Apr 1980 (13),Barnsley FC (39),0-1,?,Grimsby Town FC (41)
?,(Sat) 5 Apr 1980 (13),Sheffield United FC (41),1-1,?,Sheffield Wednesday FC (40)
?,(Sat) 5 Apr 1980 (13),Bury FC (38),1-0,?,Rotherham United FC (39)
?,(Sat) 5 Apr 1980 (13),Hull City AFC (39),3-1,?,Blackpool FC (40)
?,(Sat) 5 Apr 1980 (13),Gillingham FC (40),2-2,?,Colchester United FC (40)
?,(Sat) 5 Apr 1980 (13),Oxford United FC (40),1-0,?,Southend United FC (40)
?,(Sat) 5 Apr 1980 (13),Reading FC (40),1-0,?,Plymouth Argyle FC (40)
?,(Sat) 5 Apr 1980 (13),Millwall FC (39),2-2,?,Wimbledon FC (39)
?,(Mon) 7 Apr 1980 (14),Plymouth Argyle FC (41),2-0,?,Exeter City FC (42)
?,(Mon) 7 Apr 1980 (14),Blackburn Rovers FC (40),1-0,?,Sheffield United FC (42)
?,(Mon) 7 Apr 1980 (14),Rotherham United FC (40),1-1,?,Barnsley FC (40)
?,(Mon) 7 Apr 1980 (14),Southend United FC (41),1-0,?,Millwall FC (40)
?,(Mon) 7 Apr 1980 (14),Chesterfield FC (41),2-0,?,Chester FC (40)
?,(Mon) 7 Apr 1980 (14),Blackpool FC (41),2-1,?,Carlisle United FC (41)
?,(Mon) 7 Apr 1980 (14),Wimbledon FC (40),1-1,?,Reading FC (41)
?,(Mon) 7 Apr 1980 (14),Sheffield Wednesday FC (41),1-0,?,Gillingham FC (41)
?,(Mon) 7 Apr 1980 (14),Colchester United FC (41),2-1,?,Bury FC (39)
?,(Mon) 7 Apr 1980 (14),Grimsby Town FC (42),1-1,?,Hull City AFC (40)
?,(Mon) 7 Apr 1980 (14),Brentford FC (41),2-0,?,Mansfield Town FC (41)
?,(Mon) 7 Apr 1980 (14),Swindon Town FC (39),1-1,?,Oxford United FC (41)
?,(Tue) 8 Apr 1980 (14),Brentford FC (42),0-0,?,Bury FC (40)
?,(Fri) 11 Apr 1980 (14),Barnsley FC (41),4-0,?,Wimbledon FC (41)
?,(Sat) 12 Apr 1980 (14),Gillingham FC (42),0-1,?,Brentford FC (43)
?,(Sat) 12 Apr 1980 (14),Mansfield Town FC (42),3-1,?,Southend United FC (42)
?,(Sat) 12 Apr 1980 (14),Carlisle United FC (42),2-1,?,Swindon Town FC (40)
?,(Sat) 12 Apr 1980 (14),Reading FC (42),1-1,?,Grimsby Town FC (43)
?,(Sat) 12 Apr 1980 (14),Oxford United FC (42),0-2,?,Blackpool FC (42)
?,(Sat) 12 Apr 1980 (14),Bury FC (41),1-0,?,Sheffield Wednesday FC (42)
?,(Sat) 12 Apr 1980 (14),Chester FC (41),2-1,?,Colchester United FC (42)
?,(Sat) 12 Apr 1980 (14),Exeter City FC (43),2-0,?,Blackburn Rovers FC (41)
?,(Sat) 12 Apr 1980 (14),Hull City AFC (41),1-0,?,Plymouth Argyle FC (42)
?,(Sat) 12 Apr 1980 (14),Millwall FC (41),0-0,?,Rotherham United FC (41)
?,(Mon) 14 Apr 1980 (15),Mansfield Town FC (43),1-4,?,Barnsley FC (42)
?,(Tue) 15 Apr 1980 (15),Carlisle United FC (43),3-3,?,Reading FC (43)
?,(Tue) 15 Apr 1980 (15),Wimbledon FC (42),1-3,?,Oxford United FC (43)
?,(Tue) 15 Apr 1980 (15),Swindon Town FC (41),6-2,?,Rotherham United FC (42)
?,(Sat) 19 Apr 1980 (15),Rotherham United FC (43),2-0,?,Exeter City FC (44)
?,(Sat) 19 Apr 1980 (15),Wimbledon FC (43),3-2,?,Hull City AFC (42)
?,(Sat) 19 Apr 1980 (15),Colchester United FC (43),0-0,?,Millwall FC (42)
?,(Sat) 19 Apr 1980 (15),Blackpool FC (43),1-1,?,Mansfield Town FC (44)
?,(Sat) 19 Apr 1980 (15),Brentford FC (44),0-3,?,Carlisle United FC (44)
?,(Sat) 19 Apr 1980 (15),Chesterfield FC (42),2-0,?,Bury FC (42)
?,(Sat) 19 Apr 1980 (15),Blackburn Rovers FC (42),4-2,?,Reading FC (44)
?,(Sat) 19 Apr 1980 (15),Sheffield Wednesday FC (43),3-0,?,Chester FC (42)
?,(Sat) 19 Apr 1980 (15),Plymouth Argyle FC (43),4-1,?,Sheffield United FC (43)
?,(Sat) 19 Apr 1980 (15),Swindon Town FC (42),3-0,?,Gillingham FC (43)
?,(Sat) 19 Apr 1980 (15),Southend United FC (43),2-1,?,Barnsley FC (43)
?,(Sat) 19 Apr 1980 (15),Grimsby Town FC (44),2-0,?,Oxford United FC (44)
?,(Tue) 22 Apr 1980 (16),Wimbledon FC (44),2-2,?,Millwall FC (43)
?,(Tue) 22 Apr 1980 (16),Barnsley FC (44),3-1,?,Hull City AFC (43)
?,(Tue) 22 Apr 1980 (16),Blackburn Rovers FC (43),1-2,?,Sheffield Wednesday FC (44)
?,(Tue) 22 Apr 1980 (16),Plymouth Argyle FC (44),0-0,?,Southend United FC (44)
?,(Tue) 22 Apr 1980 (16),Swindon Town FC (43),2-3,?,Colchester United FC (44)
?,(Wed) 23 Apr 1980 (16),Chester FC (43),1-0,?,Chesterfield FC (43)
?,(Sat) 26 Apr 1980 (16),Mansfield Town FC (45),0-0,?,Grimsby Town FC (45)
?,(Sat) 26 Apr 1980 (16),Oxford United FC (45),0-1,?,Blackburn Rovers FC (44)
?,(Sat) 26 Apr 1980 (16),Bury FC (43),0-0,?,Swindon Town FC (44)
?,(Sat) 26 Apr 1980 (16),Sheffield United FC (44),2-1,?,Wimbledon FC (45)
?,(Sat) 26 Apr 1980 (16),Barnsley FC (45),0-0,?,Plymouth Argyle FC (45)
?,(Sat) 26 Apr 1980 (16),Reading FC (45),0-1,?,Blackpool FC (44)
?,(Sat) 26 Apr 1980 (16),Carlisle United FC (45),2-0,?,Colchester United FC (45)
?,(Sat) 26 Apr 1980 (16),Hull City AFC (44),2-1,?,Brentford FC (45)
?,(Sat) 26 Apr 1980 (16),Chester FC (44),2-1,?,Southend United FC (45)
?,(Sat) 26 Apr 1980 (16),Exeter City FC (45),1-0,?,Sheffield Wednesday FC (45)
?,(Sat) 26 Apr 1980 (16),Millwall FC (44),2-0,?,Chesterfield FC (44)
?,(Sat) 26 Apr 1980 (16),Gillingham FC (44),0-1,?,Rotherham United FC (44)
?,(Tue) 29 Apr 1980 (17),Bury FC (44),1-2,?,Blackburn Rovers FC (45)
?,(Tue) 29 Apr 1980 (17),Sheffield United FC (45),0-2,?,Chesterfield FC (45)
?,(Tue) 29 Apr 1980 (17),Swindon Town FC (45),1-0,?,Millwall FC (45)
?,(Wed) 30 Apr 1980 (17),Chester FC (45),0-2,?,Gillingham FC (45)
?,(Fri) 2 May 1980 (17),Colchester United FC (46),3-0,?,Oxford United FC (46)
?,(Sat) 3 May 1980 (17),Sheffield Wednesday FC (46),0-0,?,Carlisle United FC (46)
?,(Sat) 3 May 1980 (17),Brentford FC (46),1-0,?,Millwall FC (46)
?,(Sat) 3 May 1980 (17),Blackpool FC (45),0-0,?,Chester FC (46)
?,(Sat) 3 May 1980 (17),Wimbledon FC (46),3-2,?,Mansfield Town FC (46)
?,(Sat) 3 May 1980 (17),Hull City AFC (45),1-0,?,Southend United FC (46)
?,(Sat) 3 May 1980 (17),Grimsby Town FC (46),4-0,?,Sheffield United FC (46)
?,(Sat) 3 May 1980 (17),Swindon Town FC (46),0-1,?,Barnsley FC (46)
?,(Sat) 3 May 1980 (17),Rotherham United FC (45),1-1,?,Reading FC (46)
?,(Sat) 3 May 1980 (17),Blackburn Rovers FC (46),1-2,?,Bury FC (45)
?,(Sat) 3 May 1980 (17),Chesterfield FC (46),3-0,?,Exeter City FC (46)
?,(Sat) 3 May 1980 (17),Gillingham FC (46),0-1,?,Plymouth Argyle FC (46)
?,(Mon) 5 May 1980 (18),Hull City AFC (46),0-1,?,Bury FC (46)
?,(Tue) 6 May 1980 (18),Rotherham United FC (46),0-2,?,Blackpool FC (46)
