Round,Date,Team 1,FT,HT,Team 2
?,(Sat) 12 Aug 1995 (W32),Chester FC (1),2-0,?,Hartlepool United FC (1)
?,(Sat) 12 Aug 1995 (W32),Colchester United FC (1),2-1,?,Plymouth Argyle FC (1)
?,(Sat) 12 Aug 1995 (W32),Doncaster Rovers FC (1),1-0,?,Scarborough Athletic FC (1)
?,(Sat) 12 Aug 1995 (W32),Exeter City FC (1),0-1,?,Darlington FC (1)
?,(Sat) 12 Aug 1995 (W32),Fulham FC (1),4-2,?,Mansfield Town FC (1)
?,(Sat) 12 Aug 1995 (W32),Gillingham FC (1),2-1,?,Wigan Athletic FC (1)
?,(Sat) 12 Aug 1995 (W32),Hereford FC (1),4-1,?,Barnet FC (1)
?,(Sat) 12 Aug 1995 (W32),Leyton Orient FC (1),1-0,?,Torquay United FC (1)
?,(Sat) 12 Aug 1995 (W32),Northampton Town FC (1),4-1,?,Bury FC (1)
?,(Sat) 12 Aug 1995 (W32),Preston North End FC (1),1-2,?,Lincoln City FC (1)
?,(Sat) 12 Aug 1995 (W32),Rochdale AFC (1),3-3,?,Cardiff City FC (1)
?,(Sat) 12 Aug 1995 (W32),Scunthorpe United FC (1),1-2,?,Cambridge United FC (1)
?,(Sat) 19 Aug 1995 (W33),Barnet FC (2),1-1,?,Colchester United FC (2)
?,(Sat) 19 Aug 1995 (W33),Bury FC (2),1-1,?,Chester FC (2)
?,(Sat) 19 Aug 1995 (W33),Cambridge United FC (2),2-2,?,Hereford FC (2)
?,(Sat) 19 Aug 1995 (W33),Cardiff City FC (2),0-1,?,Northampton Town FC (2)
?,(Sat) 19 Aug 1995 (W33),Darlington FC (2),0-1,?,Rochdale AFC (2)
?,(Sat) 19 Aug 1995 (W33),Hartlepool United FC (2),0-0,?,Exeter City FC (2)
?,(Sat) 19 Aug 1995 (W33),Lincoln City FC (2),0-3,?,Gillingham FC (2)
?,(Sat) 19 Aug 1995 (W33),Mansfield Town FC (2),0-0,?,Leyton Orient FC (2)
?,(Sat) 19 Aug 1995 (W33),Plymouth Argyle FC (2),0-2,?,Preston North End FC (2)
?,(Sat) 19 Aug 1995 (W33),Scarborough Athletic FC (2),2-2,?,Fulham FC (2)
?,(Sat) 19 Aug 1995 (W33),Torquay United FC (2),1-2,?,Doncaster Rovers FC (2)
?,(Sat) 19 Aug 1995 (W33),Wigan Athletic FC (2),2-1,?,Scunthorpe United FC (2)
?,(Sat) 26 Aug 1995 (W34),Chester FC (3),3-1,?,Plymouth Argyle FC (3)
?,(Sat) 26 Aug 1995 (W34),Colchester United FC (3),3-0,?,Lincoln City FC (3)
?,(Sat) 26 Aug 1995 (W34),Doncaster Rovers FC (3),0-0,?,Cardiff City FC (3)
?,(Sat) 26 Aug 1995 (W34),Exeter City FC (3),2-0,?,Scarborough Athletic FC (3)
?,(Sat) 26 Aug 1995 (W34),Fulham FC (3),4-0,?,Torquay United FC (3)
?,(Sat) 26 Aug 1995 (W34),Gillingham FC (3),3-0,?,Cambridge United FC (3)
?,(Sat) 26 Aug 1995 (W34),Hereford FC (3),3-4,?,Bury FC (3)
?,(Sat) 26 Aug 1995 (W34),Leyton Orient FC (3),1-1,?,Darlington FC (3)
?,(Sat) 26 Aug 1995 (W34),Northampton Town FC (3),3-3,?,Mansfield Town FC (3)
?,(Sat) 26 Aug 1995 (W34),Preston North End FC (3),1-1,?,Wigan Athletic FC (3)
?,(Sat) 26 Aug 1995 (W34),Rochdale AFC (3),4-0,?,Hartlepool United FC (3)
?,(Sat) 26 Aug 1995 (W34),Scunthorpe United FC (3),2-0,?,Barnet FC (3)
?,(Mon) 28 Aug 1995 (W35),Lincoln City FC (4),2-2,?,Scunthorpe United FC (4)
?,(Tue) 29 Aug 1995 (W35),Barnet FC (4),0-2,?,Gillingham FC (4)
?,(Tue) 29 Aug 1995 (W35),Bury FC (4),0-0,?,Preston North End FC (4)
?,(Tue) 29 Aug 1995 (W35),Cambridge United FC (4),3-1,?,Colchester United FC (4)
?,(Tue) 29 Aug 1995 (W35),Cardiff City FC (4),0-1,?,Exeter City FC (4)
?,(Tue) 29 Aug 1995 (W35),Darlington FC (4),1-1,?,Fulham FC (4)
?,(Tue) 29 Aug 1995 (W35),Hartlepool United FC (4),2-1,?,Northampton Town FC (4)
?,(Tue) 29 Aug 1995 (W35),Mansfield Town FC (4),0-0,?,Doncaster Rovers FC (4)
?,(Tue) 29 Aug 1995 (W35),Plymouth Argyle FC (4),0-1,?,Hereford FC (4)
?,(Tue) 29 Aug 1995 (W35),Torquay United FC (4),1-0,?,Rochdale AFC (4)
?,(Tue) 29 Aug 1995 (W35),Wigan Athletic FC (4),2-1,?,Chester FC (4)
?,(Wed) 30 Aug 1995 (W35),Scarborough Athletic FC (4),2-1,?,Leyton Orient FC (4)
?,(Sat) 2 Sep 1995 (W35),Barnet FC (5),3-1,?,Lincoln City FC (5)
?,(Sat) 2 Sep 1995 (W35),Bury FC (5),0-5,?,Plymouth Argyle FC (5)
?,(Sat) 2 Sep 1995 (W35),Chester FC (5),2-1,?,Hereford FC (5)
?,(Sat) 2 Sep 1995 (W35),Darlington FC (5),0-1,?,Cardiff City FC (5)
?,(Sat) 2 Sep 1995 (W35),Doncaster Rovers FC (5),1-0,?,Hartlepool United FC (5)
?,(Sat) 2 Sep 1995 (W35),Exeter City FC (5),1-0,?,Scunthorpe United FC (5)
?,(Sat) 2 Sep 1995 (W35),Gillingham FC (5),0-1,?,Colchester United FC (5)
?,(Sat) 2 Sep 1995 (W35),Leyton Orient FC (5),1-0,?,Fulham FC (5)
?,(Sat) 2 Sep 1995 (W35),Preston North End FC (5),3-3,?,Cambridge United FC (5)
?,(Sat) 2 Sep 1995 (W35),Rochdale AFC (5),1-2,?,Northampton Town FC (5)
?,(Sat) 2 Sep 1995 (W35),Scarborough Athletic FC (5),0-0,?,Wigan Athletic FC (5)
?,(Sat) 2 Sep 1995 (W35),Torquay United FC (5),1-1,?,Mansfield Town FC (5)
?,(Sat) 9 Sep 1995 (W36),Cambridge United FC (6),1-1,?,Barnet FC (6)
?,(Sat) 9 Sep 1995 (W36),Cardiff City FC (6),0-0,?,Torquay United FC (6)
?,(Sat) 9 Sep 1995 (W36),Colchester United FC (6),1-2,?,Chester FC (6)
?,(Sat) 9 Sep 1995 (W36),Fulham FC (6),3-1,?,Doncaster Rovers FC (6)
?,(Sat) 9 Sep 1995 (W36),Hartlepool United FC (6),1-1,?,Darlington FC (6)
?,(Sat) 9 Sep 1995 (W36),Hereford FC (6),0-1,?,Preston North End FC (6)
?,(Sat) 9 Sep 1995 (W36),Lincoln City FC (6),1-2,?,Rochdale AFC (6)
?,(Sat) 9 Sep 1995 (W36),Mansfield Town FC (6),2-0,?,Scarborough Athletic FC (6)
?,(Sat) 9 Sep 1995 (W36),Northampton Town FC (6),0-0,?,Exeter City FC (6)
?,(Sat) 9 Sep 1995 (W36),Plymouth Argyle FC (6),1-1,?,Leyton Orient FC (6)
?,(Sat) 9 Sep 1995 (W36),Scunthorpe United FC (6),1-1,?,Gillingham FC (6)
?,(Sat) 9 Sep 1995 (W36),Wigan Athletic FC (6),1-2,?,Bury FC (6)
?,(Tue) 12 Sep 1995 (W37),Cambridge United FC (7),1-1,?,Exeter City FC (7)
?,(Tue) 12 Sep 1995 (W37),Cardiff City FC (7),2-1,?,Scarborough Athletic FC (7)
?,(Tue) 12 Sep 1995 (W37),Colchester United FC (7),2-2,?,Preston North End FC (7)
?,(Tue) 12 Sep 1995 (W37),Fulham FC (7),1-1,?,Rochdale AFC (7)
?,(Tue) 12 Sep 1995 (W37),Hartlepool United FC (7),2-2,?,Torquay United FC (7)
?,(Tue) 12 Sep 1995 (W37),Hereford FC (7),0-0,?,Gillingham FC (7)
?,(Tue) 12 Sep 1995 (W37),Lincoln City FC (7),2-2,?,Bury FC (7)
?,(Tue) 12 Sep 1995 (W37),Mansfield Town FC (7),2-2,?,Darlington FC (7)
?,(Tue) 12 Sep 1995 (W37),Northampton Town FC (7),1-2,?,Leyton Orient FC (7)
?,(Tue) 12 Sep 1995 (W37),Plymouth Argyle FC (7),3-1,?,Doncaster Rovers FC (7)
?,(Tue) 12 Sep 1995 (W37),Scunthorpe United FC (7),0-2,?,Chester FC (7)
?,(Tue) 12 Sep 1995 (W37),Wigan Athletic FC (7),1-0,?,Barnet FC (7)
?,(Sat) 16 Sep 1995 (W37),Barnet FC (8),1-2,?,Plymouth Argyle FC (8)
?,(Sat) 16 Sep 1995 (W37),Bury FC (8),1-2,?,Cambridge United FC (8)
?,(Sat) 16 Sep 1995 (W37),Chester FC (8),5-1,?,Lincoln City FC (8)
?,(Sat) 16 Sep 1995 (W37),Darlington FC (8),2-2,?,Colchester United FC (8)
?,(Sat) 16 Sep 1995 (W37),Doncaster Rovers FC (8),1-0,?,Northampton Town FC (8)
?,(Sat) 16 Sep 1995 (W37),Exeter City FC (8),2-1,?,Fulham FC (8)
?,(Sat) 16 Sep 1995 (W37),Gillingham FC (8),1-0,?,Cardiff City FC (8)
?,(Sat) 16 Sep 1995 (W37),Leyton Orient FC (8),4-1,?,Hartlepool United FC (8)
?,(Sat) 16 Sep 1995 (W37),Preston North End FC (8),2-2,?,Scunthorpe United FC (8)
?,(Sat) 16 Sep 1995 (W37),Rochdale AFC (8),1-1,?,Mansfield Town FC (8)
?,(Sat) 16 Sep 1995 (W37),Scarborough Athletic FC (8),2-2,?,Hereford FC (8)
?,(Sat) 16 Sep 1995 (W37),Torquay United FC (8),1-1,?,Wigan Athletic FC (8)
?,(Sat) 23 Sep 1995 (W38),Bury FC (9),0-0,?,Barnet FC (9)
?,(Sat) 23 Sep 1995 (W38),Chester FC (9),1-1,?,Gillingham FC (9)
?,(Sat) 23 Sep 1995 (W38),Colchester United FC (9),2-0,?,Hereford FC (9)
?,(Sat) 23 Sep 1995 (W38),Darlington FC (9),1-2,?,Scarborough Athletic FC (9)
?,(Sat) 23 Sep 1995 (W38),Doncaster Rovers FC (9),0-3,?,Rochdale AFC (9)
?,(Sat) 23 Sep 1995 (W38),Exeter City FC (9),2-2,?,Leyton Orient FC (9)
?,(Sat) 23 Sep 1995 (W38),Fulham FC (9),2-2,?,Preston North End FC (9)
?,(Sat) 23 Sep 1995 (W38),Hartlepool United FC (9),2-1,?,Cardiff City FC (9)
?,(Sat) 23 Sep 1995 (W38),Lincoln City FC (9),1-3,?,Cambridge United FC (9)
?,(Sat) 23 Sep 1995 (W38),Mansfield Town FC (9),1-1,?,Scunthorpe United FC (9)
?,(Sat) 23 Sep 1995 (W38),Torquay United FC (9),3-0,?,Northampton Town FC (9)
?,(Sat) 23 Sep 1995 (W38),Wigan Athletic FC (9),0-1,?,Plymouth Argyle FC (9)
?,(Sat) 30 Sep 1995 (W39),Barnet FC (10),1-1,?,Darlington FC (10)
?,(Sat) 30 Sep 1995 (W39),Cambridge United FC (10),0-1,?,Hartlepool United FC (10)
?,(Sat) 30 Sep 1995 (W39),Cardiff City FC (10),3-0,?,Mansfield Town FC (10)
?,(Sat) 30 Sep 1995 (W39),Gillingham FC (10),3-0,?,Bury FC (10)
?,(Sat) 30 Sep 1995 (W39),Hereford FC (10),2-2,?,Wigan Athletic FC (10)
?,(Sat) 30 Sep 1995 (W39),Leyton Orient FC (10),3-1,?,Doncaster Rovers FC (10)
?,(Sat) 30 Sep 1995 (W39),Northampton Town FC (10),2-0,?,Fulham FC (10)
?,(Sat) 30 Sep 1995 (W39),Plymouth Argyle FC (10),3-0,?,Lincoln City FC (10)
?,(Sat) 30 Sep 1995 (W39),Preston North End FC (10),2-0,?,Chester FC (10)
?,(Sat) 30 Sep 1995 (W39),Rochdale AFC (10),4-2,?,Exeter City FC (10)
?,(Sat) 30 Sep 1995 (W39),Scarborough Athletic FC (10),2-1,?,Torquay United FC (10)
?,(Sat) 30 Sep 1995 (W39),Scunthorpe United FC (10),1-0,?,Colchester United FC (10)
?,(Sat) 7 Oct 1995 (W40),Barnet FC (11),3-2,?,Exeter City FC (11)
?,(Sat) 7 Oct 1995 (W40),Bury FC (11),2-1,?,Leyton Orient FC (11)
?,(Sat) 7 Oct 1995 (W40),Cambridge United FC (11),4-2,?,Cardiff City FC (11)
?,(Sat) 7 Oct 1995 (W40),Chester FC (11),0-3,?,Doncaster Rovers FC (11)
?,(Sat) 7 Oct 1995 (W40),Colchester United FC (11),4-1,?,Hartlepool United FC (11)
?,(Sat) 7 Oct 1995 (W40),Gillingham FC (11),1-0,?,Rochdale AFC (11)
?,(Sat) 7 Oct 1995 (W40),Hereford FC (11),2-1,?,Torquay United FC (11)
?,(Sat) 7 Oct 1995 (W40),Lincoln City FC (11),0-2,?,Darlington FC (11)
?,(Sat) 7 Oct 1995 (W40),Plymouth Argyle FC (11),3-0,?,Fulham FC (11)
?,(Sat) 7 Oct 1995 (W40),Preston North End FC (11),3-2,?,Scarborough Athletic FC (11)
?,(Sat) 7 Oct 1995 (W40),Scunthorpe United FC (11),0-0,?,Northampton Town FC (11)
?,(Sat) 7 Oct 1995 (W40),Wigan Athletic FC (11),2-6,?,Mansfield Town FC (11)
?,(Sat) 14 Oct 1995 (W41),Cardiff City FC (12),1-1,?,Barnet FC (12)
?,(Sat) 14 Oct 1995 (W41),Darlington FC (12),1-0,?,Gillingham FC (12)
?,(Sat) 14 Oct 1995 (W41),Doncaster Rovers FC (12),0-0,?,Hereford FC (12)
?,(Sat) 14 Oct 1995 (W41),Exeter City FC (12),0-4,?,Wigan Athletic FC (12)
?,(Sat) 14 Oct 1995 (W41),Fulham FC (12),0-0,?,Bury FC (12)
?,(Sat) 14 Oct 1995 (W41),Hartlepool United FC (12),2-0,?,Scunthorpe United FC (12)
?,(Sat) 14 Oct 1995 (W41),Leyton Orient FC (12),0-2,?,Chester FC (12)
?,(Sat) 14 Oct 1995 (W41),Mansfield Town FC (12),1-1,?,Plymouth Argyle FC (12)
?,(Sat) 14 Oct 1995 (W41),Northampton Town FC (12),3-0,?,Cambridge United FC (12)
?,(Sat) 14 Oct 1995 (W41),Rochdale AFC (12),1-1,?,Colchester United FC (12)
?,(Sat) 14 Oct 1995 (W41),Scarborough Athletic FC (12),0-0,?,Lincoln City FC (12)
?,(Sat) 14 Oct 1995 (W41),Torquay United FC (12),0-4,?,Preston North End FC (12)
?,(Sat) 21 Oct 1995 (W42),Barnet FC (13),0-4,?,Rochdale AFC (13)
?,(Sat) 21 Oct 1995 (W42),Bury FC (13),0-2,?,Scarborough Athletic FC (13)
?,(Sat) 21 Oct 1995 (W42),Cambridge United FC (13),0-1,?,Darlington FC (13)
?,(Sat) 21 Oct 1995 (W42),Chester FC (13),1-1,?,Fulham FC (13)
?,(Sat) 21 Oct 1995 (W42),Colchester United FC (13),1-0,?,Northampton Town FC (13)
?,(Sat) 21 Oct 1995 (W42),Gillingham FC (13),4-0,?,Doncaster Rovers FC (13)
?,(Sat) 21 Oct 1995 (W42),Hereford FC (13),2-2,?,Exeter City FC (13)
?,(Sat) 21 Oct 1995 (W42),Lincoln City FC (13),0-1,?,Cardiff City FC (13)
?,(Sat) 21 Oct 1995 (W42),Plymouth Argyle FC (13),4-3,?,Torquay United FC (13)
?,(Sat) 21 Oct 1995 (W42),Preston North End FC (13),6-0,?,Mansfield Town FC (13)
?,(Sat) 21 Oct 1995 (W42),Scunthorpe United FC (13),2-0,?,Leyton Orient FC (13)
?,(Sat) 21 Oct 1995 (W42),Wigan Athletic FC (13),1-0,?,Hartlepool United FC (13)
?,(Sat) 28 Oct 1995 (W43),Cardiff City FC (14),1-2,?,Colchester United FC (14)
?,(Sat) 28 Oct 1995 (W43),Darlington FC (14),2-0,?,Plymouth Argyle FC (14)
?,(Sat) 28 Oct 1995 (W43),Doncaster Rovers FC (14),2-2,?,Preston North End FC (14)
?,(Sat) 28 Oct 1995 (W43),Exeter City FC (14),1-1,?,Lincoln City FC (14)
?,(Sat) 28 Oct 1995 (W43),Fulham FC (14),0-0,?,Hereford FC (14)
?,(Sat) 28 Oct 1995 (W43),Hartlepool United FC (14),1-1,?,Gillingham FC (14)
?,(Sat) 28 Oct 1995 (W43),Leyton Orient FC (14),1-1,?,Wigan Athletic FC (14)
?,(Sat) 28 Oct 1995 (W43),Mansfield Town FC (14),1-5,?,Bury FC (14)
?,(Sat) 28 Oct 1995 (W43),Northampton Town FC (14),0-2,?,Barnet FC (14)
?,(Sat) 28 Oct 1995 (W43),Rochdale AFC (14),3-1,?,Cambridge United FC (14)
?,(Sat) 28 Oct 1995 (W43),Scarborough Athletic FC (14),0-0,?,Chester FC (14)
?,(Sat) 28 Oct 1995 (W43),Torquay United FC (14),1-8,?,Scunthorpe United FC (14)
?,(Mon) 30 Oct 1995 (W44),Doncaster Rovers FC (15),2-1,?,Cambridge United FC (15)
?,(Tue) 31 Oct 1995 (W44),Cardiff City FC (15),0-1,?,Scunthorpe United FC (15)
?,(Tue) 31 Oct 1995 (W44),Darlington FC (15),2-1,?,Wigan Athletic FC (15)
?,(Tue) 31 Oct 1995 (W44),Exeter City FC (15),0-0,?,Gillingham FC (15)
?,(Tue) 31 Oct 1995 (W44),Fulham FC (15),1-1,?,Colchester United FC (15)
?,(Tue) 31 Oct 1995 (W44),Hartlepool United FC (15),0-0,?,Barnet FC (15)
?,(Tue) 31 Oct 1995 (W44),Leyton Orient FC (15),0-1,?,Hereford FC (15)
?,(Tue) 31 Oct 1995 (W44),Northampton Town FC (15),1-2,?,Preston North End FC (15)
?,(Tue) 31 Oct 1995 (W44),Rochdale AFC (15),1-3,?,Chester FC (15)
?,(Tue) 31 Oct 1995 (W44),Scarborough Athletic FC (15),2-2,?,Plymouth Argyle FC (15)
?,(Tue) 31 Oct 1995 (W44),Torquay United FC (15),0-2,?,Bury FC (15)
?,(Wed) 1 Nov 1995 (W44),Mansfield Town FC (15),1-2,?,Lincoln City FC (15)
?,(Sat) 4 Nov 1995 (W44),Barnet FC (16),1-1,?,Doncaster Rovers FC (16)
?,(Sat) 4 Nov 1995 (W44),Bury FC (16),0-0,?,Darlington FC (16)
?,(Sat) 4 Nov 1995 (W44),Cambridge United FC (16),4-1,?,Scarborough Athletic FC (16)
?,(Sat) 4 Nov 1995 (W44),Chester FC (16),4-1,?,Torquay United FC (16)
?,(Sat) 4 Nov 1995 (W44),Colchester United FC (16),1-1,?,Exeter City FC (16)
?,(Sat) 4 Nov 1995 (W44),Gillingham FC (16),0-0,?,Northampton Town FC (16)
?,(Sat) 4 Nov 1995 (W44),Hereford FC (16),0-1,?,Mansfield Town FC (16)
?,(Sat) 4 Nov 1995 (W44),Lincoln City FC (16),1-1,?,Hartlepool United FC (16)
?,(Sat) 4 Nov 1995 (W44),Plymouth Argyle FC (16),0-0,?,Cardiff City FC (16)
?,(Sat) 4 Nov 1995 (W44),Preston North End FC (16),4-0,?,Leyton Orient FC (16)
?,(Sat) 4 Nov 1995 (W44),Scunthorpe United FC (16),1-3,?,Rochdale AFC (16)
?,(Sat) 4 Nov 1995 (W44),Wigan Athletic FC (16),1-1,?,Fulham FC (16)
?,(Sat) 18 Nov 1995 (W46),Cardiff City FC (17),0-1,?,Bury FC (17)
?,(Sat) 18 Nov 1995 (W46),Darlington FC (17),0-0,?,Scunthorpe United FC (17)
?,(Sat) 18 Nov 1995 (W46),Doncaster Rovers FC (17),3-2,?,Colchester United FC (17)
?,(Sat) 18 Nov 1995 (W46),Exeter City FC (17),1-1,?,Preston North End FC (17)
?,(Sat) 18 Nov 1995 (W46),Fulham FC (17),1-1,?,Barnet FC (17)
?,(Sat) 18 Nov 1995 (W46),Hartlepool United FC (17),2-2,?,Plymouth Argyle FC (17)
?,(Sat) 18 Nov 1995 (W46),Leyton Orient FC (17),3-1,?,Cambridge United FC (17)
?,(Sat) 18 Nov 1995 (W46),Mansfield Town FC (17),3-4,?,Chester FC (17)
?,(Sat) 18 Nov 1995 (W46),Northampton Town FC (17),0-0,?,Wigan Athletic FC (17)
?,(Sat) 18 Nov 1995 (W46),Rochdale AFC (17),0-0,?,Hereford FC (17)
?,(Sat) 18 Nov 1995 (W46),Scarborough Athletic FC (17),0-2,?,Gillingham FC (17)
?,(Sat) 18 Nov 1995 (W46),Torquay United FC (17),0-2,?,Lincoln City FC (17)
?,(Sat) 25 Nov 1995 (W47),Barnet FC (18),3-0,?,Leyton Orient FC (18)
?,(Sat) 25 Nov 1995 (W47),Bury FC (18),2-0,?,Exeter City FC (18)
?,(Sat) 25 Nov 1995 (W47),Cambridge United FC (18),1-1,?,Torquay United FC (18)
?,(Sat) 25 Nov 1995 (W47),Chester FC (18),4-1,?,Darlington FC (18)
?,(Sat) 25 Nov 1995 (W47),Colchester United FC (18),1-3,?,Mansfield Town FC (18)
?,(Sat) 25 Nov 1995 (W47),Gillingham FC (18),1-0,?,Fulham FC (18)
?,(Sat) 25 Nov 1995 (W47),Lincoln City FC (18),1-0,?,Northampton Town FC (18)
?,(Sat) 25 Nov 1995 (W47),Plymouth Argyle FC (18),2-0,?,Rochdale AFC (18)
?,(Sat) 25 Nov 1995 (W47),Preston North End FC (18),3-0,?,Hartlepool United FC (18)
?,(Sat) 25 Nov 1995 (W47),Scunthorpe United FC (18),3-3,?,Scarborough Athletic FC (18)
?,(Sat) 25 Nov 1995 (W47),Wigan Athletic FC (18),2-0,?,Doncaster Rovers FC (18)
?,(Sun) 26 Nov 1995 (W47),Hereford FC (18),1-3,?,Cardiff City FC (18)
?,(Sat) 2 Dec 1995 (W48),Doncaster Rovers FC (19),2-0,?,Exeter City FC (19)
?,(Sat) 9 Dec 1995 (W49),Barnet FC (19),0-0,?,Bury FC (19)
?,(Sat) 9 Dec 1995 (W49),Cambridge United FC (19),2-1,?,Lincoln City FC (19)
?,(Sat) 9 Dec 1995 (W49),Cardiff City FC (19),2-0,?,Hartlepool United FC (19)
?,(Sat) 9 Dec 1995 (W49),Hereford FC (19),1-1,?,Colchester United FC (19)
?,(Sat) 9 Dec 1995 (W49),Leyton Orient FC (19),0-3,?,Exeter City FC (20)
?,(Sat) 9 Dec 1995 (W49),Northampton Town FC (19),1-1,?,Torquay United FC (19)
?,(Sat) 9 Dec 1995 (W49),Plymouth Argyle FC (19),3-1,?,Wigan Athletic FC (19)
?,(Sat) 9 Dec 1995 (W49),Preston North End FC (19),1-1,?,Fulham FC (19)
?,(Sat) 9 Dec 1995 (W49),Rochdale AFC (19),1-0,?,Doncaster Rovers FC (20)
?,(Sat) 9 Dec 1995 (W49),Scarborough Athletic FC (19),1-2,?,Darlington FC (19)
?,(Sat) 9 Dec 1995 (W49),Scunthorpe United FC (19),1-1,?,Mansfield Town FC (19)
?,(Sat) 16 Dec 1995 (W50),Bury FC (20),1-0,?,Gillingham FC (19)
?,(Sat) 16 Dec 1995 (W50),Chester FC (19),1-1,?,Preston North End FC (20)
?,(Sat) 16 Dec 1995 (W50),Colchester United FC (20),2-1,?,Scunthorpe United FC (20)
?,(Sat) 16 Dec 1995 (W50),Darlington FC (20),1-1,?,Barnet FC (20)
?,(Sat) 16 Dec 1995 (W50),Doncaster Rovers FC (21),4-1,?,Leyton Orient FC (20)
?,(Sat) 16 Dec 1995 (W50),Exeter City FC (21),2-0,?,Rochdale AFC (20)
?,(Sat) 16 Dec 1995 (W50),Fulham FC (20),1-3,?,Northampton Town FC (20)
?,(Sat) 16 Dec 1995 (W50),Hartlepool United FC (20),1-2,?,Cambridge United FC (20)
?,(Sat) 16 Dec 1995 (W50),Lincoln City FC (20),0-0,?,Plymouth Argyle FC (20)
?,(Sat) 16 Dec 1995 (W50),Mansfield Town FC (20),1-1,?,Cardiff City FC (20)
?,(Sat) 16 Dec 1995 (W50),Torquay United FC (20),0-0,?,Scarborough Athletic FC (20)
?,(Sat) 16 Dec 1995 (W50),Wigan Athletic FC (20),2-1,?,Hereford FC (20)
?,(Tue) 19 Dec 1995 (W51),Fulham FC (21),4-2,?,Cardiff City FC (21)
?,(Tue) 19 Dec 1995 (W51),Hereford FC (21),3-0,?,Scunthorpe United FC (21)
?,(Fri) 22 Dec 1995 (W51),Leyton Orient FC (21),2-0,?,Rochdale AFC (21)
?,(Sat) 23 Dec 1995 (W51),Bury FC (21),0-0,?,Colchester United FC (21)
?,(Sat) 23 Dec 1995 (W51),Chester FC (20),0-2,?,Barnet FC (21)
?,(Sat) 23 Dec 1995 (W51),Mansfield Town FC (21),0-3,?,Hartlepool United FC (21)
?,(Sat) 23 Dec 1995 (W51),Plymouth Argyle FC (21),1-0,?,Cambridge United FC (21)
?,(Sat) 23 Dec 1995 (W51),Preston North End FC (21),0-0,?,Gillingham FC (20)
?,(Sat) 23 Dec 1995 (W51),Scarborough Athletic FC (21),2-1,?,Northampton Town FC (21)
?,(Sat) 23 Dec 1995 (W51),Torquay United FC (21),0-1,?,Darlington FC (21)
?,(Sat) 23 Dec 1995 (W51),Wigan Athletic FC (21),1-1,?,Lincoln City FC (21)
?,(Tue) 26 Dec 1995 (W52),Barnet FC (22),0-0,?,Mansfield Town FC (22)
?,(Tue) 26 Dec 1995 (W52),Cambridge United FC (22),2-1,?,Wigan Athletic FC (22)
?,(Tue) 26 Dec 1995 (W52),Cardiff City FC (22),0-0,?,Chester FC (21)
?,(Tue) 26 Dec 1995 (W52),Colchester United FC (22),0-0,?,Leyton Orient FC (22)
?,(Tue) 26 Dec 1995 (W52),Exeter City FC (22),0-0,?,Torquay United FC (22)
?,(Tue) 26 Dec 1995 (W52),Gillingham FC (21),1-0,?,Plymouth Argyle FC (22)
?,(Tue) 26 Dec 1995 (W52),Lincoln City FC (22),4-0,?,Fulham FC (22)
?,(Tue) 26 Dec 1995 (W52),Northampton Town FC (22),1-1,?,Hereford FC (22)
?,(Sat) 30 Dec 1995 (W52),Exeter City FC (23),1-2,?,Chester FC (22)
?,(Mon) 1 Jan 1996 (W1),Bury FC (22),0-3,?,Hartlepool United FC (22)
?,(Mon) 1 Jan 1996 (W1),Leyton Orient FC (23),0-1,?,Gillingham FC (22)
?,(Mon) 1 Jan 1996 (W1),Plymouth Argyle FC (23),2-2,?,Exeter City FC (24)
?,(Mon) 1 Jan 1996 (W1),Preston North End FC (22),5-0,?,Cardiff City FC (23)
?,(Mon) 1 Jan 1996 (W1),Torquay United FC (23),2-3,?,Colchester United FC (23)
?,(Tue) 2 Jan 1996 (W1),Wigan Athletic FC (23),2-0,?,Rochdale AFC (22)
?,(Sat) 6 Jan 1996 (W1),Barnet FC (23),1-0,?,Preston North End FC (23)
?,(Sat) 6 Jan 1996 (W1),Bury FC (23),4-1,?,Doncaster Rovers FC (22)
?,(Sat) 6 Jan 1996 (W1),Cambridge United FC (23),1-1,?,Chester FC (23)
?,(Sat) 6 Jan 1996 (W1),Cardiff City FC (24),0-0,?,Leyton Orient FC (24)
?,(Sat) 6 Jan 1996 (W1),Darlington FC (22),1-2,?,Northampton Town FC (23)
?,(Sat) 6 Jan 1996 (W1),Hartlepool United FC (23),1-1,?,Scarborough Athletic FC (22)
?,(Sat) 6 Jan 1996 (W1),Mansfield Town FC (23),1-1,?,Exeter City FC (25)
?,(Tue) 9 Jan 1996 (W2),Gillingham FC (23),3-1,?,Chester FC (24)
?,(Tue) 9 Jan 1996 (W2),Scarborough Athletic FC (23),1-1,?,Barnet FC (24)
?,(Sat) 13 Jan 1996 (W2),Chester FC (25),1-1,?,Bury FC (24)
?,(Sat) 13 Jan 1996 (W2),Colchester United FC (24),3-2,?,Barnet FC (25)
?,(Sat) 13 Jan 1996 (W2),Doncaster Rovers FC (23),1-0,?,Torquay United FC (24)
?,(Sat) 13 Jan 1996 (W2),Fulham FC (23),1-0,?,Scarborough Athletic FC (24)
?,(Sat) 13 Jan 1996 (W2),Gillingham FC (24),2-0,?,Lincoln City FC (23)
?,(Sat) 13 Jan 1996 (W2),Hereford FC (23),5-2,?,Cambridge United FC (24)
?,(Sat) 13 Jan 1996 (W2),Leyton Orient FC (25),1-0,?,Mansfield Town FC (24)
?,(Sat) 13 Jan 1996 (W2),Northampton Town FC (24),1-0,?,Cardiff City FC (25)
?,(Sat) 13 Jan 1996 (W2),Preston North End FC (24),3-2,?,Plymouth Argyle FC (24)
?,(Sat) 13 Jan 1996 (W2),Rochdale AFC (23),1-2,?,Darlington FC (23)
?,(Sat) 13 Jan 1996 (W2),Scunthorpe United FC (22),3-1,?,Wigan Athletic FC (24)
?,(Tue) 16 Jan 1996 (W3),Darlington FC (24),1-2,?,Doncaster Rovers FC (24)
?,(Tue) 16 Jan 1996 (W3),Lincoln City FC (24),1-0,?,Leyton Orient FC (26)
?,(Sat) 20 Jan 1996 (W3),Barnet FC (26),1-3,?,Hereford FC (24)
?,(Sat) 20 Jan 1996 (W3),Bury FC (25),0-1,?,Northampton Town FC (25)
?,(Sat) 20 Jan 1996 (W3),Cambridge United FC (25),1-2,?,Scunthorpe United FC (23)
?,(Sat) 20 Jan 1996 (W3),Cardiff City FC (26),1-0,?,Rochdale AFC (24)
?,(Sat) 20 Jan 1996 (W3),Darlington FC (25),1-0,?,Exeter City FC (26)
?,(Sat) 20 Jan 1996 (W3),Hartlepool United FC (24),2-1,?,Chester FC (26)
?,(Sat) 20 Jan 1996 (W3),Lincoln City FC (25),0-0,?,Preston North End FC (25)
?,(Sat) 20 Jan 1996 (W3),Mansfield Town FC (25),1-0,?,Fulham FC (24)
?,(Sat) 20 Jan 1996 (W3),Plymouth Argyle FC (25),1-1,?,Colchester United FC (25)
?,(Sat) 20 Jan 1996 (W3),Scarborough Athletic FC (25),0-2,?,Doncaster Rovers FC (25)
?,(Sat) 20 Jan 1996 (W3),Torquay United FC (25),2-1,?,Leyton Orient FC (27)
?,(Sat) 20 Jan 1996 (W3),Wigan Athletic FC (25),2-1,?,Gillingham FC (25)
?,(Tue) 23 Jan 1996 (W4),Mansfield Town FC (26),2-1,?,Cambridge United FC (26)
?,(Tue) 23 Jan 1996 (W4),Plymouth Argyle FC (26),1-3,?,Scunthorpe United FC (24)
?,(Tue) 23 Jan 1996 (W4),Scarborough Athletic FC (26),1-1,?,Rochdale AFC (25)
?,(Tue) 30 Jan 1996 (W5),Darlington FC (26),1-2,?,Preston North End FC (26)
?,(Tue) 30 Jan 1996 (W5),Exeter City FC (27),1-0,?,Hartlepool United FC (25)
?,(Tue) 30 Jan 1996 (W5),Fulham FC (25),1-3,?,Scunthorpe United FC (25)
?,(Tue) 30 Jan 1996 (W5),Gillingham FC (26),2-0,?,Mansfield Town FC (27)
?,(Tue) 30 Jan 1996 (W5),Northampton Town FC (26),1-0,?,Plymouth Argyle FC (27)
?,(Tue) 30 Jan 1996 (W5),Wigan Athletic FC (26),2-0,?,Colchester United FC (26)
?,(Sat) 3 Feb 1996 (W5),Barnet FC (27),1-0,?,Scunthorpe United FC (26)
?,(Sat) 3 Feb 1996 (W5),Cambridge United FC (27),0-0,?,Gillingham FC (27)
?,(Sat) 3 Feb 1996 (W5),Cardiff City FC (27),3-2,?,Doncaster Rovers FC (26)
?,(Sat) 3 Feb 1996 (W5),Darlington FC (27),2-0,?,Leyton Orient FC (28)
?,(Sat) 3 Feb 1996 (W5),Hartlepool United FC (26),1-1,?,Rochdale AFC (26)
?,(Sat) 3 Feb 1996 (W5),Lincoln City FC (26),0-0,?,Colchester United FC (27)
?,(Sat) 3 Feb 1996 (W5),Mansfield Town FC (28),0-0,?,Northampton Town FC (27)
?,(Sat) 3 Feb 1996 (W5),Plymouth Argyle FC (28),4-2,?,Chester FC (27)
?,(Sat) 3 Feb 1996 (W5),Scarborough Athletic FC (27),0-0,?,Exeter City FC (28)
?,(Sat) 3 Feb 1996 (W5),Torquay United FC (26),2-1,?,Fulham FC (26)
?,(Sat) 3 Feb 1996 (W5),Wigan Athletic FC (27),0-1,?,Preston North End FC (27)
?,(Mon) 5 Feb 1996 (W6),Doncaster Rovers FC (27),1-1,?,Lincoln City FC (27)
?,(Tue) 6 Feb 1996 (W6),Colchester United FC (28),1-1,?,Scarborough Athletic FC (28)
?,(Tue) 6 Feb 1996 (W6),Torquay United FC (27),1-1,?,Barnet FC (28)
?,(Sat) 10 Feb 1996 (W6),Colchester United FC (29),1-2,?,Wigan Athletic FC (28)
?,(Sat) 10 Feb 1996 (W6),Doncaster Rovers FC (28),0-1,?,Bury FC (26)
?,(Sat) 10 Feb 1996 (W6),Fulham FC (27),2-2,?,Hartlepool United FC (27)
?,(Sat) 10 Feb 1996 (W6),Gillingham FC (28),2-0,?,Torquay United FC (28)
?,(Sat) 10 Feb 1996 (W6),Leyton Orient FC (29),4-1,?,Cardiff City FC (28)
?,(Sat) 10 Feb 1996 (W6),Northampton Town FC (28),1-1,?,Darlington FC (28)
?,(Sat) 10 Feb 1996 (W6),Preston North End FC (28),0-1,?,Barnet FC (29)
?,(Sat) 10 Feb 1996 (W6),Rochdale AFC (27),0-2,?,Scarborough Athletic FC (29)
?,(Sat) 10 Feb 1996 (W6),Scunthorpe United FC (27),1-1,?,Plymouth Argyle FC (29)
?,(Tue) 13 Feb 1996 (W7),Cambridge United FC (28),0-0,?,Fulham FC (28)
?,(Tue) 13 Feb 1996 (W7),Exeter City FC (29),2-2,?,Mansfield Town FC (29)
?,(Tue) 13 Feb 1996 (W7),Gillingham FC (29),1-0,?,Barnet FC (30)
?,(Tue) 13 Feb 1996 (W7),Lincoln City FC (28),2-1,?,Hereford FC (25)
?,(Tue) 13 Feb 1996 (W7),Rochdale AFC (28),1-1,?,Bury FC (27)
?,(Sat) 17 Feb 1996 (W7),Barnet FC (31),5-0,?,Wigan Athletic FC (29)
?,(Sat) 17 Feb 1996 (W7),Bury FC (28),7-1,?,Lincoln City FC (29)
?,(Sat) 17 Feb 1996 (W7),Chester FC (28),3-0,?,Scunthorpe United FC (28)
?,(Sat) 17 Feb 1996 (W7),Darlington FC (29),1-1,?,Mansfield Town FC (30)
?,(Sat) 17 Feb 1996 (W7),Doncaster Rovers FC (29),0-0,?,Plymouth Argyle FC (30)
?,(Sat) 17 Feb 1996 (W7),Exeter City FC (30),1-0,?,Cambridge United FC (29)
?,(Sat) 17 Feb 1996 (W7),Gillingham FC (30),1-1,?,Hereford FC (26)
?,(Sat) 17 Feb 1996 (W7),Leyton Orient FC (30),2-0,?,Northampton Town FC (29)
?,(Sat) 17 Feb 1996 (W7),Preston North End FC (29),2-0,?,Colchester United FC (30)
?,(Sat) 17 Feb 1996 (W7),Rochdale AFC (29),1-1,?,Fulham FC (29)
?,(Sat) 17 Feb 1996 (W7),Scarborough Athletic FC (30),1-0,?,Cardiff City FC (29)
?,(Sat) 17 Feb 1996 (W7),Torquay United FC (29),0-0,?,Hartlepool United FC (28)
?,(Tue) 20 Feb 1996 (W8),Cardiff City FC (30),0-2,?,Darlington FC (30)
?,(Tue) 20 Feb 1996 (W8),Hartlepool United FC (29),0-1,?,Doncaster Rovers FC (30)
?,(Tue) 20 Feb 1996 (W8),Hereford FC (27),1-0,?,Chester FC (29)
?,(Tue) 20 Feb 1996 (W8),Northampton Town FC (30),2-1,?,Rochdale AFC (30)
?,(Tue) 20 Feb 1996 (W8),Plymouth Argyle FC (31),1-0,?,Bury FC (29)
?,(Tue) 20 Feb 1996 (W8),Wigan Athletic FC (30),2-0,?,Scarborough Athletic FC (31)
?,(Sat) 24 Feb 1996 (W8),Cambridge United FC (30),2-4,?,Bury FC (30)
?,(Sat) 24 Feb 1996 (W8),Cardiff City FC (31),2-0,?,Gillingham FC (31)
?,(Sat) 24 Feb 1996 (W8),Colchester United FC (31),1-1,?,Darlington FC (31)
?,(Sat) 24 Feb 1996 (W8),Fulham FC (30),2-1,?,Exeter City FC (31)
?,(Sat) 24 Feb 1996 (W8),Hartlepool United FC (30),4-1,?,Leyton Orient FC (31)
?,(Sat) 24 Feb 1996 (W8),Hereford FC (28),0-0,?,Scarborough Athletic FC (32)
?,(Sat) 24 Feb 1996 (W8),Lincoln City FC (30),0-0,?,Chester FC (30)
?,(Sat) 24 Feb 1996 (W8),Northampton Town FC (31),2-2,?,Doncaster Rovers FC (31)
?,(Sat) 24 Feb 1996 (W8),Plymouth Argyle FC (32),1-1,?,Barnet FC (32)
?,(Sat) 24 Feb 1996 (W8),Scunthorpe United FC (29),1-2,?,Preston North End FC (30)
?,(Sat) 24 Feb 1996 (W8),Wigan Athletic FC (31),3-0,?,Torquay United FC (30)
?,(Mon) 26 Feb 1996 (W9),Doncaster Rovers FC (32),0-2,?,Fulham FC (31)
?,(Tue) 27 Feb 1996 (W9),Barnet FC (33),2-0,?,Cambridge United FC (31)
?,(Tue) 27 Feb 1996 (W9),Bury FC (31),2-1,?,Wigan Athletic FC (32)
?,(Tue) 27 Feb 1996 (W9),Chester FC (31),1-1,?,Colchester United FC (32)
?,(Tue) 27 Feb 1996 (W9),Darlington FC (32),1-0,?,Hartlepool United FC (31)
?,(Tue) 27 Feb 1996 (W9),Exeter City FC (32),1-2,?,Northampton Town FC (32)
?,(Tue) 27 Feb 1996 (W9),Gillingham FC (32),0-0,?,Scunthorpe United FC (30)
?,(Tue) 27 Feb 1996 (W9),Leyton Orient FC (32),0-1,?,Plymouth Argyle FC (33)
?,(Tue) 27 Feb 1996 (W9),Preston North End FC (31),2-2,?,Hereford FC (29)
?,(Tue) 27 Feb 1996 (W9),Rochdale AFC (31),3-3,?,Lincoln City FC (31)
?,(Tue) 27 Feb 1996 (W9),Scarborough Athletic FC (33),1-1,?,Mansfield Town FC (31)
?,(Tue) 27 Feb 1996 (W9),Torquay United FC (31),0-0,?,Cardiff City FC (32)
?,(Sat) 2 Mar 1996 (W9),Bury FC (32),3-0,?,Scunthorpe United FC (31)
?,(Sat) 2 Mar 1996 (W9),Chester FC (32),4-0,?,Cardiff City FC (33)
?,(Sat) 2 Mar 1996 (W9),Doncaster Rovers FC (33),1-2,?,Darlington FC (33)
?,(Sat) 2 Mar 1996 (W9),Fulham FC (32),1-2,?,Lincoln City FC (32)
?,(Sat) 2 Mar 1996 (W9),Hereford FC (30),1-0,?,Northampton Town FC (33)
?,(Sat) 2 Mar 1996 (W9),Leyton Orient FC (33),0-1,?,Colchester United FC (33)
?,(Sat) 2 Mar 1996 (W9),Mansfield Town FC (32),2-1,?,Barnet FC (34)
?,(Sat) 2 Mar 1996 (W9),Plymouth Argyle FC (34),1-0,?,Gillingham FC (33)
?,(Sat) 2 Mar 1996 (W9),Preston North End FC (32),1-2,?,Rochdale AFC (32)
?,(Sat) 2 Mar 1996 (W9),Scarborough Athletic FC (34),1-2,?,Hartlepool United FC (32)
?,(Sat) 2 Mar 1996 (W9),Torquay United FC (32),0-2,?,Exeter City FC (33)
?,(Sat) 2 Mar 1996 (W9),Wigan Athletic FC (33),3-1,?,Cambridge United FC (32)
?,(Tue) 5 Mar 1996 (W10),Cardiff City FC (34),3-0,?,Wigan Athletic FC (34)
?,(Tue) 5 Mar 1996 (W10),Fulham FC (33),2-2,?,Darlington FC (34)
?,(Tue) 5 Mar 1996 (W10),Hartlepool United FC (33),0-1,?,Hereford FC (31)
?,(Tue) 5 Mar 1996 (W10),Scunthorpe United FC (32),2-3,?,Lincoln City FC (33)
?,(Sat) 9 Mar 1996 (W10),Barnet FC (35),1-1,?,Chester FC (33)
?,(Sat) 9 Mar 1996 (W10),Cambridge United FC (33),2-3,?,Plymouth Argyle FC (35)
?,(Sat) 9 Mar 1996 (W10),Cardiff City FC (35),1-4,?,Fulham FC (34)
?,(Sat) 9 Mar 1996 (W10),Colchester United FC (34),1-0,?,Bury FC (33)
?,(Sat) 9 Mar 1996 (W10),Darlington FC (35),1-2,?,Torquay United FC (33)
?,(Sat) 9 Mar 1996 (W10),Exeter City FC (34),1-0,?,Doncaster Rovers FC (34)
?,(Sat) 9 Mar 1996 (W10),Gillingham FC (34),1-1,?,Preston North End FC (33)
?,(Sat) 9 Mar 1996 (W10),Hartlepool United FC (34),1-1,?,Mansfield Town FC (33)
?,(Sat) 9 Mar 1996 (W10),Lincoln City FC (34),2-4,?,Wigan Athletic FC (35)
?,(Sat) 9 Mar 1996 (W10),Northampton Town FC (34),2-0,?,Scarborough Athletic FC (35)
?,(Sat) 9 Mar 1996 (W10),Rochdale AFC (33),1-0,?,Leyton Orient FC (34)
?,(Sat) 9 Mar 1996 (W10),Scunthorpe United FC (33),0-1,?,Hereford FC (32)
?,(Tue) 12 Mar 1996 (W11),Exeter City FC (35),2-0,?,Cardiff City FC (36)
?,(Tue) 12 Mar 1996 (W11),Hartlepool United FC (35),1-0,?,Fulham FC (35)
?,(Tue) 12 Mar 1996 (W11),Rochdale AFC (34),0-3,?,Preston North End FC (34)
?,(Tue) 12 Mar 1996 (W11),Torquay United FC (34),0-0,?,Gillingham FC (35)
?,(Sat) 16 Mar 1996 (W11),Barnet FC (36),4-0,?,Torquay United FC (35)
?,(Sat) 16 Mar 1996 (W11),Bury FC (34),1-1,?,Rochdale AFC (35)
?,(Sat) 16 Mar 1996 (W11),Chester FC (34),2-2,?,Exeter City FC (36)
?,(Sat) 16 Mar 1996 (W11),Doncaster Rovers FC (35),2-0,?,Scunthorpe United FC (34)
?,(Sat) 16 Mar 1996 (W11),Fulham FC (36),0-2,?,Cambridge United FC (34)
?,(Sat) 16 Mar 1996 (W11),Leyton Orient FC (35),2-0,?,Lincoln City FC (35)
?,(Sat) 16 Mar 1996 (W11),Mansfield Town FC (34),0-1,?,Gillingham FC (36)
?,(Sat) 16 Mar 1996 (W11),Plymouth Argyle FC (36),1-0,?,Northampton Town FC (35)
?,(Sat) 16 Mar 1996 (W11),Preston North End FC (35),1-1,?,Darlington FC (36)
?,(Sat) 16 Mar 1996 (W11),Scarborough Athletic FC (36),0-0,?,Colchester United FC (35)
?,(Sat) 16 Mar 1996 (W11),Wigan Athletic FC (36),3-1,?,Cardiff City FC (37)
?,(Tue) 19 Mar 1996 (W12),Bury FC (35),2-0,?,Hereford FC (33)
?,(Tue) 19 Mar 1996 (W12),Chester FC (35),0-0,?,Wigan Athletic FC (37)
?,(Tue) 19 Mar 1996 (W12),Colchester United FC (36),2-1,?,Cambridge United FC (35)
?,(Tue) 19 Mar 1996 (W12),Leyton Orient FC (36),1-0,?,Scarborough Athletic FC (37)
?,(Tue) 19 Mar 1996 (W12),Lincoln City FC (36),1-2,?,Barnet FC (37)
?,(Tue) 19 Mar 1996 (W12),Northampton Town FC (36),0-0,?,Hartlepool United FC (36)
?,(Tue) 19 Mar 1996 (W12),Rochdale AFC (36),3-0,?,Torquay United FC (36)
?,(Sat) 23 Mar 1996 (W12),Barnet FC (38),1-0,?,Scarborough Athletic FC (38)
?,(Sat) 23 Mar 1996 (W12),Cambridge United FC (36),0-2,?,Mansfield Town FC (35)
?,(Sat) 23 Mar 1996 (W12),Cardiff City FC (38),0-1,?,Preston North End FC (36)
?,(Sat) 23 Mar 1996 (W12),Colchester United FC (37),3-1,?,Torquay United FC (37)
?,(Sat) 23 Mar 1996 (W12),Exeter City FC (37),1-1,?,Plymouth Argyle FC (37)
?,(Sat) 23 Mar 1996 (W12),Gillingham FC (37),1-1,?,Leyton Orient FC (37)
?,(Sat) 23 Mar 1996 (W12),Hartlepool United FC (37),1-2,?,Bury FC (36)
?,(Sat) 23 Mar 1996 (W12),Hereford FC (34),0-1,?,Darlington FC (37)
?,(Sat) 23 Mar 1996 (W12),Lincoln City FC (37),4-0,?,Doncaster Rovers FC (36)
?,(Sat) 23 Mar 1996 (W12),Northampton Town FC (37),1-0,?,Chester FC (36)
?,(Sat) 23 Mar 1996 (W12),Rochdale AFC (37),0-2,?,Wigan Athletic FC (38)
?,(Sat) 23 Mar 1996 (W12),Scunthorpe United FC (35),3-0,?,Fulham FC (37)
?,(Mon) 25 Mar 1996 (W13),Doncaster Rovers FC (37),0-0,?,Mansfield Town FC (36)
?,(Tue) 26 Mar 1996 (W13),Chester FC (37),1-1,?,Cambridge United FC (37)
?,(Tue) 26 Mar 1996 (W13),Fulham FC (38),2-1,?,Leyton Orient FC (38)
?,(Tue) 26 Mar 1996 (W13),Preston North End FC (37),0-0,?,Bury FC (37)
?,(Tue) 26 Mar 1996 (W13),Scunthorpe United FC (36),4-0,?,Exeter City FC (38)
?,(Wed) 27 Mar 1996 (W13),Hereford FC (35),1-0,?,Lincoln City FC (38)
?,(Sat) 30 Mar 1996 (W13),Cardiff City FC (39),1-1,?,Cambridge United FC (38)
?,(Sat) 30 Mar 1996 (W13),Darlington FC (38),3-2,?,Lincoln City FC (39)
?,(Sat) 30 Mar 1996 (W13),Doncaster Rovers FC (38),1-2,?,Chester FC (38)
?,(Sat) 30 Mar 1996 (W13),Exeter City FC (39),1-0,?,Barnet FC (39)
?,(Sat) 30 Mar 1996 (W13),Fulham FC (39),4-0,?,Plymouth Argyle FC (38)
?,(Sat) 30 Mar 1996 (W13),Hartlepool United FC (38),2-1,?,Colchester United FC (38)
?,(Sat) 30 Mar 1996 (W13),Leyton Orient FC (39),0-2,?,Bury FC (38)
?,(Sat) 30 Mar 1996 (W13),Mansfield Town FC (37),1-0,?,Wigan Athletic FC (39)
?,(Sat) 30 Mar 1996 (W13),Northampton Town FC (38),1-2,?,Scunthorpe United FC (37)
?,(Sat) 30 Mar 1996 (W13),Rochdale AFC (38),2-0,?,Gillingham FC (38)
?,(Sat) 30 Mar 1996 (W13),Scarborough Athletic FC (39),1-2,?,Preston North End FC (38)
?,(Sat) 30 Mar 1996 (W13),Torquay United FC (38),1-1,?,Hereford FC (36)
?,(Tue) 2 Apr 1996 (W14),Barnet FC (40),1-0,?,Cardiff City FC (40)
?,(Tue) 2 Apr 1996 (W14),Bury FC (39),3-0,?,Fulham FC (40)
?,(Tue) 2 Apr 1996 (W14),Cambridge United FC (39),0-1,?,Northampton Town FC (39)
?,(Tue) 2 Apr 1996 (W14),Chester FC (39),1-1,?,Leyton Orient FC (40)
?,(Tue) 2 Apr 1996 (W14),Colchester United FC (39),1-0,?,Rochdale AFC (39)
?,(Tue) 2 Apr 1996 (W14),Gillingham FC (39),0-0,?,Darlington FC (39)
?,(Tue) 2 Apr 1996 (W14),Hereford FC (37),1-0,?,Doncaster Rovers FC (39)
?,(Tue) 2 Apr 1996 (W14),Lincoln City FC (40),2-1,?,Scarborough Athletic FC (40)
?,(Tue) 2 Apr 1996 (W14),Plymouth Argyle FC (39),1-0,?,Mansfield Town FC (38)
?,(Tue) 2 Apr 1996 (W14),Preston North End FC (39),1-0,?,Torquay United FC (39)
?,(Tue) 2 Apr 1996 (W14),Scunthorpe United FC (38),2-1,?,Hartlepool United FC (39)
?,(Tue) 2 Apr 1996 (W14),Wigan Athletic FC (40),1-0,?,Exeter City FC (40)
?,(Sat) 6 Apr 1996 (W14),Barnet FC (41),2-0,?,Northampton Town FC (40)
?,(Sat) 6 Apr 1996 (W14),Bury FC (40),0-2,?,Mansfield Town FC (39)
?,(Sat) 6 Apr 1996 (W14),Cambridge United FC (40),2-1,?,Rochdale AFC (40)
?,(Sat) 6 Apr 1996 (W14),Chester FC (40),5-0,?,Scarborough Athletic FC (41)
?,(Sat) 6 Apr 1996 (W14),Colchester United FC (40),1-0,?,Cardiff City FC (41)
?,(Sat) 6 Apr 1996 (W14),Gillingham FC (40),2-0,?,Hartlepool United FC (40)
?,(Sat) 6 Apr 1996 (W14),Hereford FC (38),1-0,?,Fulham FC (41)
?,(Sat) 6 Apr 1996 (W14),Lincoln City FC (41),0-1,?,Exeter City FC (41)
?,(Sat) 6 Apr 1996 (W14),Plymouth Argyle FC (40),0-1,?,Darlington FC (40)
?,(Sat) 6 Apr 1996 (W14),Preston North End FC (40),1-0,?,Doncaster Rovers FC (40)
?,(Sat) 6 Apr 1996 (W14),Scunthorpe United FC (39),1-0,?,Torquay United FC (40)
?,(Sat) 6 Apr 1996 (W14),Wigan Athletic FC (41),1-0,?,Leyton Orient FC (41)
?,(Mon) 8 Apr 1996 (W15),Cardiff City FC (42),1-1,?,Lincoln City FC (42)
?,(Mon) 8 Apr 1996 (W15),Darlington FC (41),0-0,?,Cambridge United FC (41)
?,(Mon) 8 Apr 1996 (W15),Doncaster Rovers FC (41),0-1,?,Gillingham FC (41)
?,(Mon) 8 Apr 1996 (W15),Exeter City FC (42),0-2,?,Hereford FC (39)
?,(Mon) 8 Apr 1996 (W15),Fulham FC (42),2-0,?,Chester FC (41)
?,(Mon) 8 Apr 1996 (W15),Hartlepool United FC (41),1-2,?,Wigan Athletic FC (42)
?,(Mon) 8 Apr 1996 (W15),Leyton Orient FC (42),0-0,?,Scunthorpe United FC (40)
?,(Mon) 8 Apr 1996 (W15),Mansfield Town FC (40),0-0,?,Preston North End FC (41)
?,(Mon) 8 Apr 1996 (W15),Northampton Town FC (41),2-1,?,Colchester United FC (41)
?,(Mon) 8 Apr 1996 (W15),Rochdale AFC (41),0-4,?,Barnet FC (42)
?,(Mon) 8 Apr 1996 (W15),Torquay United FC (41),0-2,?,Plymouth Argyle FC (41)
?,(Tue) 9 Apr 1996 (W15),Scarborough Athletic FC (42),0-2,?,Bury FC (41)
?,(Sat) 13 Apr 1996 (W15),Barnet FC (43),5-1,?,Hartlepool United FC (42)
?,(Sat) 13 Apr 1996 (W15),Bury FC (42),1-0,?,Torquay United FC (42)
?,(Sat) 13 Apr 1996 (W15),Cambridge United FC (42),2-2,?,Doncaster Rovers FC (42)
?,(Sat) 13 Apr 1996 (W15),Chester FC (42),1-2,?,Rochdale AFC (42)
?,(Sat) 13 Apr 1996 (W15),Colchester United FC (42),2-2,?,Fulham FC (43)
?,(Sat) 13 Apr 1996 (W15),Gillingham FC (42),1-0,?,Exeter City FC (43)
?,(Sat) 13 Apr 1996 (W15),Hereford FC (40),3-2,?,Leyton Orient FC (43)
?,(Sat) 13 Apr 1996 (W15),Lincoln City FC (43),2-1,?,Mansfield Town FC (41)
?,(Sat) 13 Apr 1996 (W15),Plymouth Argyle FC (42),5-1,?,Scarborough Athletic FC (43)
?,(Sat) 13 Apr 1996 (W15),Preston North End FC (42),0-3,?,Northampton Town FC (42)
?,(Sat) 13 Apr 1996 (W15),Scunthorpe United FC (41),1-1,?,Cardiff City FC (43)
?,(Sat) 13 Apr 1996 (W15),Wigan Athletic FC (43),1-1,?,Darlington FC (42)
?,(Tue) 16 Apr 1996 (W16),Cambridge United FC (43),2-1,?,Preston North End FC (43)
?,(Tue) 16 Apr 1996 (W16),Colchester United FC (43),1-1,?,Gillingham FC (43)
?,(Tue) 16 Apr 1996 (W16),Hereford FC (41),3-0,?,Plymouth Argyle FC (43)
?,(Tue) 16 Apr 1996 (W16),Mansfield Town FC (42),2-2,?,Rochdale AFC (43)
?,(Tue) 16 Apr 1996 (W16),Scunthorpe United FC (42),1-2,?,Bury FC (43)
?,(Sat) 20 Apr 1996 (W16),Cardiff City FC (44),0-1,?,Plymouth Argyle FC (44)
?,(Sat) 20 Apr 1996 (W16),Darlington FC (43),4-0,?,Bury FC (44)
?,(Sat) 20 Apr 1996 (W16),Doncaster Rovers FC (43),1-0,?,Barnet FC (44)
?,(Sat) 20 Apr 1996 (W16),Exeter City FC (44),2-2,?,Colchester United FC (44)
?,(Sat) 20 Apr 1996 (W16),Fulham FC (44),1-0,?,Wigan Athletic FC (44)
?,(Sat) 20 Apr 1996 (W16),Hartlepool United FC (43),3-0,?,Lincoln City FC (44)
?,(Sat) 20 Apr 1996 (W16),Leyton Orient FC (44),0-2,?,Preston North End FC (44)
?,(Sat) 20 Apr 1996 (W16),Mansfield Town FC (43),1-2,?,Hereford FC (42)
?,(Sat) 20 Apr 1996 (W16),Northampton Town FC (43),1-1,?,Gillingham FC (44)
?,(Sat) 20 Apr 1996 (W16),Rochdale AFC (44),1-1,?,Scunthorpe United FC (43)
?,(Sat) 20 Apr 1996 (W16),Scarborough Athletic FC (44),2-0,?,Cambridge United FC (44)
?,(Sat) 20 Apr 1996 (W16),Torquay United FC (43),1-1,?,Chester FC (43)
?,(Tue) 23 Apr 1996 (W17),Chester FC (44),1-0,?,Northampton Town FC (44)
?,(Tue) 23 Apr 1996 (W17),Darlington FC (44),1-0,?,Hereford FC (43)
?,(Tue) 23 Apr 1996 (W17),Mansfield Town FC (44),2-0,?,Torquay United FC (44)
?,(Tue) 23 Apr 1996 (W17),Scunthorpe United FC (44),2-2,?,Doncaster Rovers FC (44)
?,(Sat) 27 Apr 1996 (W17),Cardiff City FC (45),3-2,?,Hereford FC (44)
?,(Sat) 27 Apr 1996 (W17),Darlington FC (45),3-1,?,Chester FC (45)
?,(Sat) 27 Apr 1996 (W17),Doncaster Rovers FC (45),2-1,?,Wigan Athletic FC (45)
?,(Sat) 27 Apr 1996 (W17),Exeter City FC (45),1-1,?,Bury FC (45)
?,(Sat) 27 Apr 1996 (W17),Fulham FC (45),0-0,?,Gillingham FC (45)
?,(Sat) 27 Apr 1996 (W17),Hartlepool United FC (44),0-2,?,Preston North End FC (45)
?,(Sat) 27 Apr 1996 (W17),Leyton Orient FC (45),3-3,?,Barnet FC (45)
?,(Sat) 27 Apr 1996 (W17),Mansfield Town FC (45),1-2,?,Colchester United FC (45)
?,(Sat) 27 Apr 1996 (W17),Northampton Town FC (45),1-1,?,Lincoln City FC (45)
?,(Sat) 27 Apr 1996 (W17),Rochdale AFC (45),0-1,?,Plymouth Argyle FC (45)
?,(Sat) 27 Apr 1996 (W17),Scarborough Athletic FC (45),1-4,?,Scunthorpe United FC (45)
?,(Sat) 27 Apr 1996 (W17),Torquay United FC (45),0-3,?,Cambridge United FC (45)
?,(Tue) 30 Apr 1996 (W18),Hereford FC (45),4-1,?,Hartlepool United FC (45)
?,(Sat) 4 May 1996 (W18),Barnet FC (46),3-0,?,Fulham FC (46)
?,(Sat) 4 May 1996 (W18),Bury FC (46),3-0,?,Cardiff City FC (46)
?,(Sat) 4 May 1996 (W18),Cambridge United FC (46),2-0,?,Leyton Orient FC (46)
?,(Sat) 4 May 1996 (W18),Chester FC (46),2-1,?,Mansfield Town FC (46)
?,(Sat) 4 May 1996 (W18),Colchester United FC (46),1-0,?,Doncaster Rovers FC (46)
?,(Sat) 4 May 1996 (W18),Gillingham FC (46),1-0,?,Scarborough Athletic FC (46)
?,(Sat) 4 May 1996 (W18),Hereford FC (46),2-0,?,Rochdale AFC (46)
?,(Sat) 4 May 1996 (W18),Lincoln City FC (46),5-0,?,Torquay United FC (46)
?,(Sat) 4 May 1996 (W18),Plymouth Argyle FC (46),3-0,?,Hartlepool United FC (46)
?,(Sat) 4 May 1996 (W18),Preston North End FC (46),2-0,?,Exeter City FC (46)
?,(Sat) 4 May 1996 (W18),Scunthorpe United FC (46),3-3,?,Darlington FC (46)
?,(Sat) 4 May 1996 (W18),Wigan Athletic FC (46),1-2,?,Northampton Town FC (46)
