Round,Date,Team 1,FT,HT,Team 2
?,(Sat) 2 Sep 1899 (35),Birmingham City FC (1),3-2,?,Walsall FC (1)
?,(Sat) 2 Sep 1899 (35),Barnsley FC (1),4-1,?,Burton Swifts FC (1871-1901) (1)
?,(Sat) 2 Sep 1899 (35),Loughborough FC (1886-1900) (1),2-3,?,Bolton Wanderers FC (1)
?,(Sat) 2 Sep 1899 (35),Manchester United FC (1),2-2,?,Gainsborough Trinity FC (1)
?,(Sat) 2 Sep 1899 (35),New Brighton Tower FC (1898-1901) (1),2-0,?,Port Vale FC (1)
?,(Sat) 2 Sep 1899 (35),Sheffield Wednesday FC (1),5-1,?,Chesterfield FC (1)
?,(Sat) 2 Sep 1899 (35),Lincoln City FC (1),3-0,?,Middlesbrough FC (1)
?,(Sat) 2 Sep 1899 (35),Arsenal FC (1),0-2,?,Leicester City FC (1)
?,(Sat) 2 Sep 1899 (35),Grimsby Town FC (1),3-3,?,Luton Town FC (1)
?,(Mon) 4 Sep 1899 (36),Port Vale FC (2),3-1,?,Middlesbrough FC (2)
?,(Sat) 9 Sep 1899 (36),Gainsborough Trinity FC (2),0-2,?,Sheffield Wednesday FC (2)
?,(Sat) 9 Sep 1899 (36),Walsall FC (2),2-1,?,New Brighton Tower FC (1898-1901) (2)
?,(Sat) 9 Sep 1899 (36),Bolton Wanderers FC (2),2-1,?,Manchester United FC (2)
?,(Sat) 9 Sep 1899 (36),Middlesbrough FC (3),1-3,?,Birmingham City FC (2)
?,(Sat) 9 Sep 1899 (36),Port Vale FC (3),2-3,?,Grimsby Town FC (2)
?,(Sat) 9 Sep 1899 (36),Luton Town FC (2),1-2,?,Arsenal FC (2)
?,(Sat) 9 Sep 1899 (36),Burton Swifts FC (1871-1901) (2),3-1,?,Loughborough FC (1886-1900) (2)
?,(Sat) 9 Sep 1899 (36),Leicester City FC (2),1-0,?,Barnsley FC (2)
?,(Sat) 9 Sep 1899 (36),Chesterfield FC (2),2-2,?,Lincoln City FC (2)
?,(Sat) 16 Sep 1899 (37),Barnsley FC (3),2-1,?,Luton Town FC (3)
?,(Sat) 16 Sep 1899 (37),Leicester City FC (3),1-0,?,Burton Swifts FC (1871-1901) (3)
?,(Sat) 16 Sep 1899 (37),Arsenal FC (3),1-0,?,Port Vale FC (4)
?,(Sat) 16 Sep 1899 (37),Sheffield Wednesday FC (3),2-1,?,Bolton Wanderers FC (3)
?,(Sat) 16 Sep 1899 (37),New Brighton Tower FC (1898-1901) (3),1-1,?,Middlesbrough FC (4)
?,(Sat) 16 Sep 1899 (37),Manchester United FC (3),4-0,?,Loughborough FC (1886-1900) (3)
?,(Sat) 16 Sep 1899 (37),Lincoln City FC (3),2-1,?,Gainsborough Trinity FC (3)
?,(Sat) 16 Sep 1899 (37),Grimsby Town FC (3),4-2,?,Walsall FC (3)
?,(Sat) 16 Sep 1899 (37),Birmingham City FC (3),5-3,?,Chesterfield FC (3)
?,(Sat) 23 Sep 1899 (38),Luton Town FC (4),0-0,?,Leicester City FC (4)
?,(Sat) 23 Sep 1899 (38),Bolton Wanderers FC (4),4-0,?,Lincoln City FC (4)
?,(Sat) 23 Sep 1899 (38),Burton Swifts FC (1871-1901) (4),0-0,?,Manchester United FC (4)
?,(Sat) 23 Sep 1899 (38),Gainsborough Trinity FC (4),1-4,?,Birmingham City FC (4)
?,(Sat) 23 Sep 1899 (38),Port Vale FC (5),3-1,?,Barnsley FC (4)
?,(Sat) 23 Sep 1899 (38),Walsall FC (4),2-0,?,Arsenal FC (4)
?,(Sat) 23 Sep 1899 (38),Loughborough FC (1886-1900) (4),0-0,?,Sheffield Wednesday FC (4)
?,(Sat) 23 Sep 1899 (38),Middlesbrough FC (5),1-0,?,Grimsby Town FC (4)
?,(Mon) 25 Sep 1899 (39),Walsall FC (5),1-2,?,Leicester City FC (5)
?,(Sat) 30 Sep 1899 (39),Barnsley FC (5),2-2,?,Walsall FC (6)
?,(Sat) 30 Sep 1899 (39),Sheffield Wednesday FC (5),2-1,?,Manchester United FC (5)
?,(Sat) 30 Sep 1899 (39),Birmingham City FC (5),0-0,?,Bolton Wanderers FC (5)
?,(Sat) 30 Sep 1899 (39),Arsenal FC (5),3-0,?,Middlesbrough FC (6)
?,(Sat) 30 Sep 1899 (39),Luton Town FC (5),5-2,?,Burton Swifts FC (1871-1901) (5)
?,(Sat) 30 Sep 1899 (39),Lincoln City FC (5),3-2,?,Loughborough FC (1886-1900) (5)
?,(Sat) 30 Sep 1899 (39),Leicester City FC (6),2-0,?,Port Vale FC (6)
?,(Mon) 2 Oct 1899 (40),Birmingham City FC (6),5-0,?,Lincoln City FC (6)
?,(Sat) 7 Oct 1899 (40),Gainsborough Trinity FC (5),2-3,?,Grimsby Town FC (5)
?,(Sat) 7 Oct 1899 (40),Burton Swifts FC (1871-1901) (6),0-5,?,Sheffield Wednesday FC (6)
?,(Sat) 7 Oct 1899 (40),Middlesbrough FC (7),3-0,?,Barnsley FC (6)
?,(Sat) 7 Oct 1899 (40),Chesterfield FC (4),3-1,?,Arsenal FC (6)
?,(Sat) 7 Oct 1899 (40),Manchester United FC (6),1-0,?,Lincoln City FC (7)
?,(Sat) 7 Oct 1899 (40),Loughborough FC (1886-1900) (6),1-2,?,Birmingham City FC (7)
?,(Sat) 7 Oct 1899 (40),Port Vale FC (7),1-0,?,Luton Town FC (6)
?,(Sat) 14 Oct 1899 (41),Birmingham City FC (8),1-0,?,Manchester United FC (7)
?,(Sat) 14 Oct 1899 (41),Luton Town FC (7),4-0,?,Walsall FC (7)
?,(Sat) 14 Oct 1899 (41),Port Vale FC (8),2-1,?,Burton Swifts FC (1871-1901) (7)
?,(Sat) 14 Oct 1899 (41),Leicester City FC (7),4-1,?,Middlesbrough FC (8)
?,(Sat) 14 Oct 1899 (41),Grimsby Town FC (6),0-0,?,Bolton Wanderers FC (6)
?,(Sat) 14 Oct 1899 (41),Lincoln City FC (8),1-2,?,Sheffield Wednesday FC (7)
?,(Sat) 14 Oct 1899 (41),Arsenal FC (7),2-1,?,Gainsborough Trinity FC (6)
?,(Sat) 21 Oct 1899 (42),Walsall FC (8),0-1,?,Port Vale FC (9)
?,(Sat) 21 Oct 1899 (42),Manchester United FC (8),2-1,?,New Brighton Tower FC (1898-1901) (4)
?,(Sat) 21 Oct 1899 (42),Loughborough FC (1886-1900) (7),0-0,?,Grimsby Town FC (7)
?,(Sat) 21 Oct 1899 (42),Chesterfield FC (5),0-0,?,Leicester City FC (8)
?,(Sat) 21 Oct 1899 (42),Burton Swifts FC (1871-1901) (8),0-0,?,Lincoln City FC (9)
?,(Sat) 21 Oct 1899 (42),Middlesbrough FC (9),0-0,?,Luton Town FC (8)
?,(Sat) 21 Oct 1899 (42),Gainsborough Trinity FC (7),1-0,?,Barnsley FC (7)
?,(Sat) 21 Oct 1899 (42),Bolton Wanderers FC (7),1-0,?,Arsenal FC (8)
?,(Sat) 21 Oct 1899 (42),Sheffield Wednesday FC (8),4-0,?,Birmingham City FC (9)
?,(Sat) 28 Oct 1899 (43),New Brighton Tower FC (1898-1901) (5),5-0,?,Gainsborough Trinity FC (8)
?,(Sat) 4 Nov 1899 (44),Bolton Wanderers FC (8),2-2,?,Leicester City FC (9)
?,(Sat) 4 Nov 1899 (44),Burton Swifts FC (1871-1901) (9),0-3,?,Birmingham City FC (10)
?,(Sat) 4 Nov 1899 (44),Loughborough FC (1886-1900) (8),0-0,?,Barnsley FC (8)
?,(Sat) 4 Nov 1899 (44),Chesterfield FC (6),0-4,?,Port Vale FC (10)
?,(Sat) 4 Nov 1899 (44),Middlesbrough FC (10),1-1,?,Walsall FC (9)
?,(Sat) 4 Nov 1899 (44),Gainsborough Trinity FC (9),2-2,?,Luton Town FC (9)
?,(Sat) 4 Nov 1899 (44),Manchester United FC (9),2-0,?,Arsenal FC (9)
?,(Sat) 4 Nov 1899 (44),Lincoln City FC (10),0-0,?,New Brighton Tower FC (1898-1901) (6)
?,(Mon) 6 Nov 1899 (45),New Brighton Tower FC (1898-1901) (7),2-3,?,Chesterfield FC (7)
?,(Sat) 11 Nov 1899 (45),Loughborough FC (1886-1900) (9),0-2,?,Leicester City FC (10)
?,(Sat) 11 Nov 1899 (45),New Brighton Tower FC (1898-1901) (8),2-2,?,Birmingham City FC (11)
?,(Sat) 11 Nov 1899 (45),Barnsley FC (9),0-0,?,Manchester United FC (10)
?,(Sat) 11 Nov 1899 (45),Port Vale FC (11),1-0,?,Gainsborough Trinity FC (10)
?,(Sat) 11 Nov 1899 (45),Middlesbrough FC (11),8-1,?,Burton Swifts FC (1871-1901) (10)
?,(Sat) 11 Nov 1899 (45),Grimsby Town FC (8),5-2,?,Lincoln City FC (11)
?,(Sat) 11 Nov 1899 (45),Walsall FC (10),6-3,?,Chesterfield FC (8)
?,(Sat) 11 Nov 1899 (45),Arsenal FC (10),1-2,?,Sheffield Wednesday FC (9)
?,(Sat) 11 Nov 1899 (45),Luton Town FC (10),0-2,?,Bolton Wanderers FC (9)
?,(Sat) 25 Nov 1899 (47),Middlesbrough FC (12),0-0,?,Gainsborough Trinity FC (11)
?,(Sat) 25 Nov 1899 (47),Port Vale FC (12),3-1,?,Loughborough FC (1886-1900) (10)
?,(Sat) 25 Nov 1899 (47),Chesterfield FC (9),0-4,?,Burton Swifts FC (1871-1901) (11)
?,(Sat) 25 Nov 1899 (47),Leicester City FC (11),0-0,?,Sheffield Wednesday FC (10)
?,(Sat) 25 Nov 1899 (47),Walsall FC (11),2-2,?,Bolton Wanderers FC (10)
?,(Sat) 25 Nov 1899 (47),Grimsby Town FC (9),1-2,?,New Brighton Tower FC (1898-1901) (9)
?,(Sat) 25 Nov 1899 (47),Arsenal FC (11),3-0,?,Birmingham City FC (12)
?,(Sat) 25 Nov 1899 (47),Barnsley FC (10),0-4,?,Lincoln City FC (12)
?,(Sat) 25 Nov 1899 (47),Luton Town FC (11),0-1,?,Manchester United FC (11)
?,(Sat) 2 Dec 1899 (48),Burton Swifts FC (1871-1901) (12),1-2,?,Grimsby Town FC (10)
?,(Sat) 2 Dec 1899 (48),New Brighton Tower FC (1898-1901) (10),0-2,?,Arsenal FC (12)
?,(Sat) 2 Dec 1899 (48),Loughborough FC (1886-1900) (11),0-0,?,Walsall FC (12)
?,(Sat) 2 Dec 1899 (48),Sheffield Wednesday FC (11),6-0,?,Luton Town FC (12)
?,(Sat) 2 Dec 1899 (48),Bolton Wanderers FC (11),3-0,?,Middlesbrough FC (13)
?,(Sat) 2 Dec 1899 (48),Birmingham City FC (13),5-0,?,Barnsley FC (11)
?,(Sat) 2 Dec 1899 (48),Manchester United FC (12),3-0,?,Port Vale FC (13)
?,(Sat) 2 Dec 1899 (48),Gainsborough Trinity FC (12),3-5,?,Chesterfield FC (10)
?,(Sat) 2 Dec 1899 (48),Lincoln City FC (13),2-0,?,Leicester City FC (12)
?,(Sat) 9 Dec 1899 (49),Barnsley FC (12),1-1,?,New Brighton Tower FC (1898-1901) (11)
?,(Sat) 9 Dec 1899 (49),Middlesbrough FC (14),3-0,?,Loughborough FC (1886-1900) (12)
?,(Tue) 12 Dec 1899 (50),Chesterfield FC (11),3-3,?,Bolton Wanderers FC (12)
?,(Sat) 16 Dec 1899 (50),New Brighton Tower FC (1898-1901) (12),2-2,?,Leicester City FC (13)
?,(Sat) 16 Dec 1899 (50),Grimsby Town FC (11),8-1,?,Barnsley FC (13)
?,(Sat) 16 Dec 1899 (50),Lincoln City FC (14),1-1,?,Port Vale FC (14)
?,(Sat) 16 Dec 1899 (50),Arsenal FC (13),1-1,?,Burton Swifts FC (1871-1901) (13)
?,(Sat) 16 Dec 1899 (50),Sheffield Wednesday FC (12),2-0,?,Walsall FC (13)
?,(Sat) 16 Dec 1899 (50),Birmingham City FC (14),3-0,?,Luton Town FC (13)
?,(Sat) 16 Dec 1899 (50),Manchester United FC (13),2-1,?,Middlesbrough FC (15)
?,(Sat) 16 Dec 1899 (50),Gainsborough Trinity FC (13),1-1,?,Bolton Wanderers FC (13)
?,(Sat) 23 Dec 1899 (51),Middlesbrough FC (16),1-2,?,Sheffield Wednesday FC (13)
?,(Sat) 23 Dec 1899 (51),Luton Town FC (14),1-4,?,New Brighton Tower FC (1898-1901) (13)
?,(Sat) 23 Dec 1899 (51),Chesterfield FC (12),2-1,?,Manchester United FC (14)
?,(Sat) 23 Dec 1899 (51),Gainsborough Trinity FC (14),4-2,?,Loughborough FC (1886-1900) (13)
?,(Sat) 23 Dec 1899 (51),Walsall FC (14),3-1,?,Lincoln City FC (15)
?,(Sat) 23 Dec 1899 (51),Leicester City FC (14),3-0,?,Grimsby Town FC (12)
?,(Sat) 23 Dec 1899 (51),Port Vale FC (15),3-0,?,Birmingham City FC (15)
?,(Sat) 23 Dec 1899 (51),Burton Swifts FC (1871-1901) (14),2-5,?,Bolton Wanderers FC (14)
?,(Mon) 25 Dec 1899 (52),Lincoln City FC (16),5-0,?,Arsenal FC (14)
?,(Mon) 25 Dec 1899 (52),Leicester City FC (15),5-0,?,Loughborough FC (1886-1900) (14)
?,(Mon) 25 Dec 1899 (52),Walsall FC (15),4-2,?,Barnsley FC (14)
?,(Mon) 25 Dec 1899 (52),New Brighton Tower FC (1898-1901) (14),2-2,?,Sheffield Wednesday FC (14)
?,(Mon) 25 Dec 1899 (52),Grimsby Town FC (13),0-3,?,Chesterfield FC (13)
?,(Tue) 26 Dec 1899 (52),Barnsley FC (15),1-6,?,Bolton Wanderers FC (15)
?,(Tue) 26 Dec 1899 (52),Grimsby Town FC (14),0-7,?,Manchester United FC (15)
?,(Tue) 26 Dec 1899 (52),Gainsborough Trinity FC (15),4-1,?,Burton Swifts FC (1871-1901) (15)
?,(Tue) 26 Dec 1899 (52),Luton Town FC (15),0-3,?,Chesterfield FC (14)
?,(Tue) 26 Dec 1899 (52),Lincoln City FC (17),3-1,?,Walsall FC (16)
?,(Wed) 27 Dec 1899 (52),Leicester City FC (16),2-1,?,Walsall FC (17)
?,(Sat) 30 Dec 1899 (52),Luton Town FC (16),0-4,?,Grimsby Town FC (15)
?,(Sat) 30 Dec 1899 (52),Leicester City FC (17),0-0,?,Arsenal FC (15)
?,(Sat) 30 Dec 1899 (52),Middlesbrough FC (17),1-1,?,Lincoln City FC (18)
?,(Sat) 30 Dec 1899 (52),Bolton Wanderers FC (16),7-0,?,Loughborough FC (1886-1900) (15)
?,(Sat) 30 Dec 1899 (52),Chesterfield FC (15),1-0,?,Sheffield Wednesday FC (15)
?,(Sat) 30 Dec 1899 (52),Port Vale FC (16),1-1,?,New Brighton Tower FC (1898-1901) (15)
?,(Sat) 30 Dec 1899 (52),Gainsborough Trinity FC (16),0-1,?,Manchester United FC (16)
?,(Sat) 30 Dec 1899 (52),Burton Swifts FC (1871-1901) (16),4-0,?,Barnsley FC (16)
?,(Sat) 30 Dec 1899 (52),Walsall FC (18),1-0,?,Birmingham City FC (16)
?,(Mon) 1 Jan 1900 (1),Bolton Wanderers FC (17),2-1,?,New Brighton Tower FC (1898-1901) (16)
?,(Mon) 1 Jan 1900 (1),Sheffield Wednesday FC (16),2-1,?,Grimsby Town FC (16)
?,(Tue) 2 Jan 1900 (1),Bolton Wanderers FC (18),5-0,?,Port Vale FC (17)
?,(Sat) 6 Jan 1900 (1),New Brighton Tower FC (1898-1901) (17),0-1,?,Walsall FC (19)
?,(Sat) 6 Jan 1900 (1),Barnsley FC (17),1-2,?,Leicester City FC (18)
?,(Sat) 6 Jan 1900 (1),Loughborough FC (1886-1900) (16),2-1,?,Burton Swifts FC (1871-1901) (17)
?,(Sat) 6 Jan 1900 (1),Birmingham City FC (17),5-1,?,Middlesbrough FC (18)
?,(Sat) 6 Jan 1900 (1),Manchester United FC (17),1-2,?,Bolton Wanderers FC (19)
?,(Sat) 6 Jan 1900 (1),Lincoln City FC (19),2-0,?,Chesterfield FC (16)
?,(Sat) 6 Jan 1900 (1),Grimsby Town FC (17),1-1,?,Port Vale FC (18)
?,(Sat) 6 Jan 1900 (1),Arsenal FC (16),3-1,?,Luton Town FC (17)
?,(Sat) 6 Jan 1900 (1),Sheffield Wednesday FC (17),5-1,?,Gainsborough Trinity FC (17)
?,(Sat) 13 Jan 1900 (2),Bolton Wanderers FC (20),1-0,?,Sheffield Wednesday FC (18)
?,(Sat) 13 Jan 1900 (2),Burton Swifts FC (1871-1901) (18),2-0,?,Leicester City FC (19)
?,(Sat) 13 Jan 1900 (2),Middlesbrough FC (19),5-2,?,New Brighton Tower FC (1898-1901) (18)
?,(Sat) 13 Jan 1900 (2),Walsall FC (20),1-1,?,Grimsby Town FC (18)
?,(Sat) 13 Jan 1900 (2),Chesterfield FC (17),0-0,?,Birmingham City FC (18)
?,(Sat) 13 Jan 1900 (2),Luton Town FC (18),3-0,?,Barnsley FC (18)
?,(Sat) 13 Jan 1900 (2),Port Vale FC (19),1-1,?,Arsenal FC (17)
?,(Sat) 13 Jan 1900 (2),Gainsborough Trinity FC (18),3-1,?,Lincoln City FC (20)
?,(Sat) 13 Jan 1900 (2),Loughborough FC (1886-1900) (17),0-2,?,Manchester United FC (18)
?,(Sat) 20 Jan 1900 (3),Lincoln City FC (21),1-0,?,Bolton Wanderers FC (21)
?,(Sat) 20 Jan 1900 (3),Manchester United FC (19),4-0,?,Burton Swifts FC (1871-1901) (19)
?,(Sat) 20 Jan 1900 (3),Grimsby Town FC (19),2-0,?,Middlesbrough FC (20)
?,(Sat) 20 Jan 1900 (3),Birmingham City FC (19),8-1,?,Gainsborough Trinity FC (19)
?,(Sat) 20 Jan 1900 (3),Arsenal FC (18),3-1,?,Walsall FC (21)
?,(Sat) 20 Jan 1900 (3),Chesterfield FC (18),5-2,?,New Brighton Tower FC (1898-1901) (19)
?,(Sat) 20 Jan 1900 (3),Sheffield Wednesday FC (19),5-0,?,Loughborough FC (1886-1900) (18)
?,(Sat) 20 Jan 1900 (3),Leicester City FC (20),2-2,?,Luton Town FC (19)
?,(Sat) 20 Jan 1900 (3),Barnsley FC (19),3-0,?,Port Vale FC (20)
?,(Sat) 27 Jan 1900 (4),New Brighton Tower FC (1898-1901) (20),3-0,?,Loughborough FC (1886-1900) (19)
?,(Sat) 27 Jan 1900 (4),Chesterfield FC (19),7-1,?,Middlesbrough FC (21)
?,(Sat) 27 Jan 1900 (4),Birmingham City FC (20),2-1,?,Port Vale FC (21)
?,(Sat) 3 Feb 1900 (5),Bolton Wanderers FC (22),1-1,?,Birmingham City FC (21)
?,(Sat) 3 Feb 1900 (5),Manchester United FC (20),1-0,?,Sheffield Wednesday FC (20)
?,(Sat) 3 Feb 1900 (5),Middlesbrough FC (22),1-0,?,Arsenal FC (19)
?,(Sat) 3 Feb 1900 (5),Burton Swifts FC (1871-1901) (20),3-1,?,Luton Town FC (20)
?,(Sat) 3 Feb 1900 (5),Port Vale FC (22),0-2,?,Leicester City FC (21)
?,(Sat) 3 Feb 1900 (5),Chesterfield FC (20),3-1,?,Grimsby Town FC (20)
?,(Sat) 10 Feb 1900 (6),Arsenal FC (20),2-0,?,Chesterfield FC (21)
?,(Sat) 10 Feb 1900 (6),Burton Swifts FC (1871-1901) (21),2-2,?,New Brighton Tower FC (1898-1901) (21)
?,(Sat) 10 Feb 1900 (6),Luton Town FC (21),1-1,?,Port Vale FC (23)
?,(Sat) 10 Feb 1900 (6),Barnsley FC (20),5-2,?,Middlesbrough FC (23)
?,(Sat) 10 Feb 1900 (6),Birmingham City FC (22),6-0,?,Loughborough FC (1886-1900) (20)
?,(Sat) 10 Feb 1900 (6),Lincoln City FC (22),1-0,?,Manchester United FC (21)
?,(Sat) 10 Feb 1900 (6),Grimsby Town FC (21),3-0,?,Gainsborough Trinity FC (20)
?,(Mon) 12 Feb 1900 (7),Port Vale FC (24),0-3,?,Sheffield Wednesday FC (21)
?,(Mon) 12 Feb 1900 (7),Birmingham City FC (23),0-1,?,Grimsby Town FC (22)
?,(Sat) 17 Feb 1900 (7),Bolton Wanderers FC (23),1-2,?,Grimsby Town FC (23)
?,(Sat) 17 Feb 1900 (7),Gainsborough Trinity FC (21),1-1,?,Arsenal FC (21)
?,(Sat) 17 Feb 1900 (7),Middlesbrough FC (24),0-1,?,Leicester City FC (22)
?,(Sat) 17 Feb 1900 (7),Walsall FC (22),7-3,?,Luton Town FC (22)
?,(Sat) 17 Feb 1900 (7),Chesterfield FC (22),2-1,?,Barnsley FC (21)
?,(Sat) 17 Feb 1900 (7),Loughborough FC (1886-1900) (21),1-2,?,New Brighton Tower FC (1898-1901) (22)
?,(Sat) 17 Feb 1900 (7),Burton Swifts FC (1871-1901) (22),2-2,?,Port Vale FC (25)
?,(Sat) 17 Feb 1900 (7),Manchester United FC (22),3-2,?,Birmingham City FC (24)
?,(Sat) 24 Feb 1900 (8),Luton Town FC (23),1-1,?,Middlesbrough FC (25)
?,(Sat) 24 Feb 1900 (8),Leicester City FC (23),2-2,?,Chesterfield FC (23)
?,(Sat) 24 Feb 1900 (8),New Brighton Tower FC (1898-1901) (23),1-4,?,Manchester United FC (23)
?,(Sat) 24 Feb 1900 (8),Birmingham City FC (25),4-1,?,Sheffield Wednesday FC (22)
?,(Sat) 24 Feb 1900 (8),Lincoln City FC (23),3-0,?,Burton Swifts FC (1871-1901) (23)
?,(Sat) 24 Feb 1900 (8),Barnsley FC (22),5-0,?,Gainsborough Trinity FC (22)
?,(Sat) 24 Feb 1900 (8),Port Vale FC (26),1-0,?,Walsall FC (23)
?,(Sat) 24 Feb 1900 (8),Arsenal FC (22),0-1,?,Bolton Wanderers FC (24)
?,(Sat) 24 Feb 1900 (8),Grimsby Town FC (24),3-0,?,Loughborough FC (1886-1900) (22)
?,(Tue) 27 Feb 1900 (9),Sheffield Wednesday FC (23),5-1,?,Barnsley FC (23)
?,(Sat) 3 Mar 1900 (9),Middlesbrough FC (26),1-0,?,Port Vale FC (27)
?,(Sat) 3 Mar 1900 (9),Gainsborough Trinity FC (23),3-0,?,Leicester City FC (24)
?,(Sat) 3 Mar 1900 (9),Lincoln City FC (24),2-0,?,Luton Town FC (24)
?,(Sat) 3 Mar 1900 (9),Sheffield Wednesday FC (24),4-0,?,New Brighton Tower FC (1898-1901) (24)
?,(Sat) 3 Mar 1900 (9),Loughborough FC (1886-1900) (23),2-3,?,Arsenal FC (23)
?,(Sat) 3 Mar 1900 (9),Manchester United FC (24),1-0,?,Grimsby Town FC (25)
?,(Sat) 10 Mar 1900 (10),Leicester City FC (25),0-0,?,Bolton Wanderers FC (25)
?,(Sat) 10 Mar 1900 (10),Luton Town FC (25),4-0,?,Gainsborough Trinity FC (24)
?,(Sat) 10 Mar 1900 (10),Walsall FC (24),1-1,?,Middlesbrough FC (27)
?,(Sat) 10 Mar 1900 (10),New Brighton Tower FC (1898-1901) (25),3-0,?,Lincoln City FC (25)
?,(Sat) 10 Mar 1900 (10),Arsenal FC (24),2-1,?,Manchester United FC (25)
?,(Sat) 10 Mar 1900 (10),Birmingham City FC (26),2-0,?,Burton Swifts FC (1871-1901) (24)
?,(Sat) 10 Mar 1900 (10),Port Vale FC (28),2-0,?,Chesterfield FC (24)
?,(Sat) 10 Mar 1900 (10),Barnsley FC (24),7-0,?,Loughborough FC (1886-1900) (24)
?,(Mon) 12 Mar 1900 (11),Arsenal FC (25),12-0,?,Loughborough FC (1886-1900) (25)
?,(Mon) 12 Mar 1900 (11),Sheffield Wednesday FC (25),6-0,?,Burton Swifts FC (1871-1901) (25)
?,(Sat) 17 Mar 1900 (11),Chesterfield FC (25),1-3,?,Walsall FC (25)
?,(Sat) 17 Mar 1900 (11),Bolton Wanderers FC (26),3-0,?,Luton Town FC (26)
?,(Sat) 17 Mar 1900 (11),Sheffield Wednesday FC (26),3-1,?,Arsenal FC (26)
?,(Sat) 17 Mar 1900 (11),Burton Swifts FC (1871-1901) (26),5-0,?,Middlesbrough FC (28)
?,(Sat) 17 Mar 1900 (11),Gainsborough Trinity FC (25),4-0,?,Port Vale FC (29)
?,(Sat) 17 Mar 1900 (11),Birmingham City FC (27),2-0,?,New Brighton Tower FC (1898-1901) (26)
?,(Sat) 17 Mar 1900 (11),Manchester United FC (26),3-0,?,Barnsley FC (25)
?,(Sat) 24 Mar 1900 (12),Arsenal FC (27),2-1,?,Lincoln City FC (26)
?,(Sat) 24 Mar 1900 (12),Grimsby Town FC (26),2-0,?,Birmingham City FC (28)
?,(Sat) 24 Mar 1900 (12),Leicester City FC (26),2-0,?,Manchester United FC (27)
?,(Sat) 24 Mar 1900 (12),Barnsley FC (26),1-0,?,Sheffield Wednesday FC (27)
?,(Sat) 24 Mar 1900 (12),Middlesbrough FC (29),0-1,?,Chesterfield FC (26)
?,(Sat) 24 Mar 1900 (12),Walsall FC (26),1-0,?,Gainsborough Trinity FC (26)
?,(Sat) 24 Mar 1900 (12),New Brighton Tower FC (1898-1901) (27),5-0,?,Burton Swifts FC (1871-1901) (27)
?,(Sat) 24 Mar 1900 (12),Luton Town FC (27),4-0,?,Loughborough FC (1886-1900) (26)
?,(Mon) 26 Mar 1900 (13),Chesterfield FC (27),2-0,?,Luton Town FC (28)
?,(Sat) 31 Mar 1900 (13),Gainsborough Trinity FC (27),5-0,?,Middlesbrough FC (30)
?,(Sat) 31 Mar 1900 (13),Manchester United FC (28),5-0,?,Luton Town FC (29)
?,(Sat) 31 Mar 1900 (13),Birmingham City FC (29),3-1,?,Arsenal FC (28)
?,(Sat) 31 Mar 1900 (13),New Brighton Tower FC (1898-1901) (28),2-1,?,Grimsby Town FC (27)
?,(Sat) 31 Mar 1900 (13),Loughborough FC (1886-1900) (27),1-2,?,Port Vale FC (30)
?,(Sat) 31 Mar 1900 (13),Sheffield Wednesday FC (28),2-0,?,Leicester City FC (27)
?,(Sat) 31 Mar 1900 (13),Bolton Wanderers FC (27),2-0,?,Walsall FC (27)
?,(Sat) 31 Mar 1900 (13),Lincoln City FC (27),1-1,?,Barnsley FC (27)
?,(Sat) 31 Mar 1900 (13),Burton Swifts FC (1871-1901) (28),2-1,?,Chesterfield FC (28)
?,(Sat) 7 Apr 1900 (14),Arsenal FC (29),5-0,?,New Brighton Tower FC (1898-1901) (29)
?,(Sat) 7 Apr 1900 (14),Luton Town FC (30),0-1,?,Sheffield Wednesday FC (29)
?,(Sat) 7 Apr 1900 (14),Barnsley FC (28),1-1,?,Birmingham City FC (30)
?,(Sat) 7 Apr 1900 (14),Walsall FC (28),1-0,?,Loughborough FC (1886-1900) (28)
?,(Sat) 7 Apr 1900 (14),Port Vale FC (31),1-0,?,Manchester United FC (29)
?,(Sat) 7 Apr 1900 (14),Grimsby Town FC (28),6-0,?,Burton Swifts FC (1871-1901) (29)
?,(Sat) 7 Apr 1900 (14),Chesterfield FC (29),3-1,?,Gainsborough Trinity FC (28)
?,(Sat) 7 Apr 1900 (14),Middlesbrough FC (31),0-3,?,Bolton Wanderers FC (28)
?,(Sat) 7 Apr 1900 (14),Leicester City FC (28),2-0,?,Lincoln City FC (28)
?,(Fri) 13 Apr 1900 (15),Chesterfield FC (30),1-0,?,Loughborough FC (1886-1900) (29)
?,(Fri) 13 Apr 1900 (15),Lincoln City FC (29),0-0,?,Birmingham City FC (31)
?,(Fri) 13 Apr 1900 (15),Grimsby Town FC (29),1-2,?,Sheffield Wednesday FC (30)
?,(Fri) 13 Apr 1900 (15),Burton Swifts FC (1871-1901) (30),2-1,?,Walsall FC (29)
?,(Fri) 13 Apr 1900 (15),Manchester United FC (30),3-2,?,Leicester City FC (29)
?,(Fri) 13 Apr 1900 (15),Bolton Wanderers FC (29),2-0,?,Barnsley FC (29)
?,(Sat) 14 Apr 1900 (15),Bolton Wanderers FC (30),3-0,?,Chesterfield FC (31)
?,(Sat) 14 Apr 1900 (15),Loughborough FC (1886-1900) (30),1-1,?,Middlesbrough FC (32)
?,(Sat) 14 Apr 1900 (15),Birmingham City FC (32),4-1,?,Leicester City FC (30)
?,(Sat) 14 Apr 1900 (15),Manchester United FC (31),5-0,?,Walsall FC (30)
?,(Sat) 14 Apr 1900 (15),Grimsby Town FC (30),1-0,?,Arsenal FC (30)
?,(Sat) 14 Apr 1900 (15),Sheffield Wednesday FC (31),4-0,?,Port Vale FC (32)
?,(Sat) 14 Apr 1900 (15),Burton Swifts FC (1871-1901) (31),1-1,?,Gainsborough Trinity FC (29)
?,(Mon) 16 Apr 1900 (16),Loughborough FC (1886-1900) (31),0-4,?,Chesterfield FC (32)
?,(Mon) 16 Apr 1900 (16),New Brighton Tower FC (1898-1901) (30),3-1,?,Bolton Wanderers FC (31)
?,(Mon) 16 Apr 1900 (16),Arsenal FC (31),2-0,?,Grimsby Town FC (31)
?,(Mon) 16 Apr 1900 (16),Luton Town FC (31),0-2,?,Lincoln City FC (30)
?,(Mon) 16 Apr 1900 (16),Walsall FC (31),2-0,?,Burton Swifts FC (1871-1901) (32)
?,(Mon) 16 Apr 1900 (16),Leicester City FC (31),5-0,?,Gainsborough Trinity FC (30)
?,(Tue) 17 Apr 1900 (16),Barnsley FC (30),0-0,?,Chesterfield FC (33)
?,(Tue) 17 Apr 1900 (16),Leicester City FC (32),2-0,?,Birmingham City FC (33)
?,(Tue) 17 Apr 1900 (16),Sheffield Wednesday FC (32),1-0,?,Lincoln City FC (31)
?,(Tue) 17 Apr 1900 (16),Loughborough FC (1886-1900) (32),1-1,?,Luton Town FC (32)
?,(Tue) 17 Apr 1900 (16),Walsall FC (32),0-0,?,Manchester United FC (32)
?,(Wed) 18 Apr 1900 (16),Gainsborough Trinity FC (31),1-1,?,New Brighton Tower FC (1898-1901) (31)
?,(Sat) 21 Apr 1900 (16),Barnsley FC (31),0-1,?,Grimsby Town FC (32)
?,(Sat) 21 Apr 1900 (16),Burton Swifts FC (1871-1901) (33),2-0,?,Arsenal FC (32)
?,(Sat) 21 Apr 1900 (16),Port Vale FC (33),2-0,?,Lincoln City FC (32)
?,(Sat) 21 Apr 1900 (16),Bolton Wanderers FC (32),3-0,?,Gainsborough Trinity FC (32)
?,(Sat) 21 Apr 1900 (16),Middlesbrough FC (33),2-0,?,Manchester United FC (33)
?,(Sat) 21 Apr 1900 (16),Leicester City FC (33),1-2,?,New Brighton Tower FC (1898-1901) (32)
?,(Sat) 21 Apr 1900 (16),Luton Town FC (33),1-2,?,Birmingham City FC (34)
?,(Sat) 21 Apr 1900 (16),Walsall FC (33),1-1,?,Sheffield Wednesday FC (33)
?,(Mon) 23 Apr 1900 (17),Port Vale FC (34),0-2,?,Bolton Wanderers FC (33)
?,(Mon) 23 Apr 1900 (17),Barnsley FC (32),3-2,?,Arsenal FC (33)
?,(Mon) 23 Apr 1900 (17),Loughborough FC (1886-1900) (33),0-1,?,Lincoln City FC (33)
?,(Wed) 25 Apr 1900 (17),New Brighton Tower FC (1898-1901) (33),6-2,?,Barnsley FC (33)
?,(Fri) 27 Apr 1900 (17),Lincoln City FC (34),1-1,?,Grimsby Town FC (33)
?,(Sat) 28 Apr 1900 (17),Loughborough FC (1886-1900) (34),1-2,?,Gainsborough Trinity FC (33)
?,(Sat) 28 Apr 1900 (17),Manchester United FC (34),2-1,?,Chesterfield FC (34)
?,(Sat) 28 Apr 1900 (17),New Brighton Tower FC (1898-1901) (34),5-1,?,Luton Town FC (34)
?,(Sat) 28 Apr 1900 (17),Grimsby Town FC (34),6-1,?,Leicester City FC (34)
?,(Sat) 28 Apr 1900 (17),Sheffield Wednesday FC (34),3-0,?,Middlesbrough FC (34)
?,(Sat) 28 Apr 1900 (17),Bolton Wanderers FC (34),5-0,?,Burton Swifts FC (1871-1901) (34)
?,(Sat) 28 Apr 1900 (17),Arsenal FC (34),5-1,?,Barnsley FC (34)
?,(Mon) 30 Apr 1900 (18),Gainsborough Trinity FC (34),2-0,?,Walsall FC (34)
