Round,Date,Team 1,FT,HT,Team 2
?,(Sat) 12 Aug 2000 (W32),Barnsley FC (1),1-0,0-0,Norwich City FC (1)
?,(Sat) 12 Aug 2000 (W32),Blackburn Rovers FC (1),2-0,2-0,Crystal Palace FC (1)
?,(Sat) 12 Aug 2000 (W32),Bolton Wanderers FC (1),1-1,1-0,Burnley FC (1)
?,(Sat) 12 Aug 2000 (W32),Fulham FC (1),2-0,0-0,Crewe Alexandra FC (1)
?,(Sat) 12 Aug 2000 (W32),Gillingham FC (1),1-3,1-2,Stockport County FC (1)
?,(Sat) 12 Aug 2000 (W32),Grimsby Town FC (1),1-2,0-1,Preston North End FC (1)
?,(Sat) 12 Aug 2000 (W32),Huddersfield Town AFC (1),1-2,1-1,Watford FC (1)
?,(Sat) 12 Aug 2000 (W32),Nottingham Forest FC (1),1-0,0-0,West Bromwich Albion FC (1)
?,(Sat) 12 Aug 2000 (W32),Queens Park Rangers FC (1),0-0,0-0,Birmingham City FC (1)
?,(Sat) 12 Aug 2000 (W32),Sheffield United FC (1),2-0,1-0,Portsmouth FC (1)
?,(Sat) 12 Aug 2000 (W32),Wimbledon FC (1),0-0,0-0,Tranmere Rovers FC (1)
?,(Sun) 13 Aug 2000 (W32),Wolverhampton Wanderers FC (1),1-1,1-0,Sheffield Wednesday FC (1)
?,(Fri) 18 Aug 2000 (W33),Birmingham City FC (2),1-3,1-3,Fulham FC (2)
?,(Sat) 19 Aug 2000 (W33),Burnley FC (2),1-0,1-0,Wimbledon FC (2)
?,(Sat) 19 Aug 2000 (W33),Crewe Alexandra FC (2),0-0,0-0,Blackburn Rovers FC (2)
?,(Sat) 19 Aug 2000 (W33),Norwich City FC (2),0-0,0-0,Nottingham Forest FC (2)
?,(Sat) 19 Aug 2000 (W33),Portsmouth FC (2),1-1,0-0,Grimsby Town FC (2)
?,(Sat) 19 Aug 2000 (W33),Preston North End FC (2),3-0,2-0,Sheffield United FC (2)
?,(Sat) 19 Aug 2000 (W33),Sheffield Wednesday FC (2),2-3,1-3,Huddersfield Town AFC (2)
?,(Sat) 19 Aug 2000 (W33),Stockport County FC (2),1-1,0-0,Wolverhampton Wanderers FC (2)
?,(Sat) 19 Aug 2000 (W33),Tranmere Rovers FC (2),3-2,3-1,Gillingham FC (2)
?,(Sat) 19 Aug 2000 (W33),Watford FC (2),1-0,0-0,Barnsley FC (2)
?,(Sat) 19 Aug 2000 (W33),West Bromwich Albion FC (2),0-2,0-1,Bolton Wanderers FC (2)
?,(Sun) 20 Aug 2000 (W33),Crystal Palace FC (2),1-1,1-0,Queens Park Rangers FC (2)
?,(Fri) 25 Aug 2000 (W34),Gillingham FC (3),1-1,1-0,Portsmouth FC (3)
?,(Sat) 26 Aug 2000 (W34),Barnsley FC (3),4-1,0-1,West Bromwich Albion FC (3)
?,(Sat) 26 Aug 2000 (W34),Blackburn Rovers FC (3),3-2,1-0,Norwich City FC (3)
?,(Sat) 26 Aug 2000 (W34),Bolton Wanderers FC (3),2-0,1-0,Preston North End FC (3)
?,(Sat) 26 Aug 2000 (W34),Fulham FC (3),4-1,1-1,Stockport County FC (3)
?,(Sat) 26 Aug 2000 (W34),Grimsby Town FC (3),0-1,0-1,Sheffield Wednesday FC (3)
?,(Sat) 26 Aug 2000 (W34),Huddersfield Town AFC (3),1-2,1-1,Crystal Palace FC (3)
?,(Sat) 26 Aug 2000 (W34),Nottingham Forest FC (3),1-2,0-2,Birmingham City FC (3)
?,(Sat) 26 Aug 2000 (W34),Queens Park Rangers FC (3),1-0,1-0,Crewe Alexandra FC (3)
?,(Sat) 26 Aug 2000 (W34),Sheffield United FC (3),2-0,1-0,Tranmere Rovers FC (3)
?,(Sat) 26 Aug 2000 (W34),Wimbledon FC (3),0-0,0-0,Watford FC (3)
?,(Sat) 26 Aug 2000 (W34),Wolverhampton Wanderers FC (3),1-0,0-0,Burnley FC (3)
?,(Mon) 28 Aug 2000 (W35),Birmingham City FC (4),4-1,2-0,Barnsley FC (4)
?,(Mon) 28 Aug 2000 (W35),Burnley FC (4),1-1,0-0,Gillingham FC (4)
?,(Mon) 28 Aug 2000 (W35),Crystal Palace FC (4),2-3,0-3,Nottingham Forest FC (4)
?,(Mon) 28 Aug 2000 (W35),Norwich City FC (4),0-1,0-0,Fulham FC (4)
?,(Mon) 28 Aug 2000 (W35),Portsmouth FC (4),3-1,3-1,Wolverhampton Wanderers FC (4)
?,(Mon) 28 Aug 2000 (W35),Preston North End FC (4),1-1,0-1,Wimbledon FC (4)
?,(Mon) 28 Aug 2000 (W35),Sheffield Wednesday FC (4),1-1,1-1,Blackburn Rovers FC (4)
?,(Mon) 28 Aug 2000 (W35),Stockport County FC (4),0-0,0-0,Huddersfield Town AFC (4)
?,(Mon) 28 Aug 2000 (W35),Tranmere Rovers FC (4),0-1,0-0,Bolton Wanderers FC (4)
?,(Mon) 28 Aug 2000 (W35),Watford FC (4),4-1,2-1,Sheffield United FC (4)
?,(Mon) 28 Aug 2000 (W35),West Bromwich Albion FC (4),2-1,0-1,Queens Park Rangers FC (4)
?,(Tue) 29 Aug 2000 (W35),Crewe Alexandra FC (4),2-0,1-0,Grimsby Town FC (4)
?,(Fri) 1 Sep 2000 (W35),Tranmere Rovers FC (5),2-1,2-1,Stockport County FC (5)
?,(Sat) 2 Sep 2000 (W35),Gillingham FC (5),1-0,1-0,Wolverhampton Wanderers FC (5)
?,(Sat) 2 Sep 2000 (W35),Preston North End FC (5),1-0,0-0,Portsmouth FC (5)
?,(Sun) 3 Sep 2000 (W35),West Bromwich Albion FC (5),1-0,1-0,Crystal Palace FC (5)
?,(Sat) 9 Sep 2000 (W36),Birmingham City FC (5),1-0,1-0,Sheffield United FC (5)
?,(Sat) 9 Sep 2000 (W36),Blackburn Rovers FC (5),3-0,2-0,Nottingham Forest FC (5)
?,(Sat) 9 Sep 2000 (W36),Crewe Alexandra FC (5),0-0,0-0,Norwich City FC (5)
?,(Sat) 9 Sep 2000 (W36),Crystal Palace FC (6),0-1,0-0,Burnley FC (5)
?,(Sat) 9 Sep 2000 (W36),Grimsby Town FC (5),1-0,1-0,Gillingham FC (6)
?,(Sat) 9 Sep 2000 (W36),Huddersfield Town AFC (5),2-3,0-0,Bolton Wanderers FC (5)
?,(Sat) 9 Sep 2000 (W36),Portsmouth FC (6),1-3,0-2,Watford FC (5)
?,(Sat) 9 Sep 2000 (W36),Queens Park Rangers FC (5),0-0,0-0,Preston North End FC (6)
?,(Sat) 9 Sep 2000 (W36),Sheffield Wednesday FC (5),0-5,0-0,Wimbledon FC (5)
?,(Sat) 9 Sep 2000 (W36),Stockport County FC (6),0-0,0-0,West Bromwich Albion FC (6)
?,(Sat) 9 Sep 2000 (W36),Wolverhampton Wanderers FC (6),1-2,1-1,Tranmere Rovers FC (6)
?,(Sun) 10 Sep 2000 (W36),Fulham FC (5),5-1,3-0,Barnsley FC (5)
?,(Tue) 12 Sep 2000 (W37),Birmingham City FC (6),3-1,0-1,Preston North End FC (7)
?,(Tue) 12 Sep 2000 (W37),Blackburn Rovers FC (6),3-4,2-3,Watford FC (6)
?,(Tue) 12 Sep 2000 (W37),Crewe Alexandra FC (6),0-1,0-1,West Bromwich Albion FC (7)
?,(Tue) 12 Sep 2000 (W37),Crystal Palace FC (7),1-0,1-0,Barnsley FC (6)
?,(Tue) 12 Sep 2000 (W37),Fulham FC (6),3-1,0-1,Burnley FC (6)
?,(Tue) 12 Sep 2000 (W37),Grimsby Town FC (6),0-1,0-0,Bolton Wanderers FC (6)
?,(Tue) 12 Sep 2000 (W37),Huddersfield Town AFC (6),0-2,0-1,Wimbledon FC (6)
?,(Tue) 12 Sep 2000 (W37),Portsmouth FC (7),2-0,0-0,Tranmere Rovers FC (7)
?,(Tue) 12 Sep 2000 (W37),Stockport County FC (7),1-3,0-2,Norwich City FC (6)
?,(Tue) 12 Sep 2000 (W37),Wolverhampton Wanderers FC (7),0-0,0-0,Sheffield United FC (6)
?,(Wed) 13 Sep 2000 (W37),Queens Park Rangers FC (6),2-2,0-0,Gillingham FC (7)
?,(Wed) 13 Sep 2000 (W37),Sheffield Wednesday FC (6),0-1,0-1,Nottingham Forest FC (6)
?,(Fri) 15 Sep 2000 (W37),Sheffield United FC (7),2-0,2-0,Blackburn Rovers FC (7)
?,(Sat) 16 Sep 2000 (W37),Barnsley FC (7),4-2,3-0,Queens Park Rangers FC (7)
?,(Sat) 16 Sep 2000 (W37),Bolton Wanderers FC (7),2-0,1-0,Portsmouth FC (8)
?,(Sat) 16 Sep 2000 (W37),Burnley FC (7),1-1,1-1,Grimsby Town FC (7)
?,(Sat) 16 Sep 2000 (W37),Gillingham FC (8),2-1,0-1,Huddersfield Town AFC (7)
?,(Sat) 16 Sep 2000 (W37),Norwich City FC (7),0-0,0-0,Crystal Palace FC (8)
?,(Sat) 16 Sep 2000 (W37),Nottingham Forest FC (7),0-3,0-0,Fulham FC (7)
?,(Sat) 16 Sep 2000 (W37),Preston North End FC (8),1-1,1-1,Stockport County FC (8)
?,(Sat) 16 Sep 2000 (W37),Tranmere Rovers FC (8),2-0,1-0,Sheffield Wednesday FC (7)
?,(Sat) 16 Sep 2000 (W37),Watford FC (7),3-0,1-0,Crewe Alexandra FC (7)
?,(Sat) 16 Sep 2000 (W37),Wimbledon FC (7),1-1,0-0,Wolverhampton Wanderers FC (8)
?,(Sun) 17 Sep 2000 (W37),West Bromwich Albion FC (8),1-1,1-0,Birmingham City FC (7)
?,(Sat) 23 Sep 2000 (W38),Birmingham City FC (8),2-0,0-0,Tranmere Rovers FC (9)
?,(Sat) 23 Sep 2000 (W38),Blackburn Rovers FC (8),1-1,1-0,Bolton Wanderers FC (8)
?,(Sat) 23 Sep 2000 (W38),Crewe Alexandra FC (8),2-2,1-0,Barnsley FC (8)
?,(Sat) 23 Sep 2000 (W38),Crystal Palace FC (9),0-1,0-1,Sheffield United FC (8)
?,(Sat) 23 Sep 2000 (W38),Fulham FC (8),3-0,1-0,Gillingham FC (9)
?,(Sat) 23 Sep 2000 (W38),Grimsby Town FC (8),0-2,0-2,Nottingham Forest FC (8)
?,(Sat) 23 Sep 2000 (W38),Huddersfield Town AFC (8),0-1,0-1,Burnley FC (8)
?,(Sat) 23 Sep 2000 (W38),Portsmouth FC (9),0-1,0-0,West Bromwich Albion FC (9)
?,(Sat) 23 Sep 2000 (W38),Queens Park Rangers FC (8),2-1,0-0,Wimbledon FC (8)
?,(Sat) 23 Sep 2000 (W38),Sheffield Wednesday FC (8),1-3,1-0,Preston North End FC (9)
?,(Sat) 23 Sep 2000 (W38),Stockport County FC (9),2-3,0-1,Watford FC (8)
?,(Sun) 24 Sep 2000 (W38),Wolverhampton Wanderers FC (9),4-0,3-0,Norwich City FC (8)
?,(Sat) 30 Sep 2000 (W39),Barnsley FC (9),2-0,1-0,Grimsby Town FC (9)
?,(Sat) 30 Sep 2000 (W39),Bolton Wanderers FC (9),0-2,0-1,Fulham FC (9)
?,(Sat) 30 Sep 2000 (W39),Burnley FC (9),1-1,0-0,Portsmouth FC (10)
?,(Sat) 30 Sep 2000 (W39),Gillingham FC (10),2-0,1-0,Sheffield Wednesday FC (9)
?,(Sat) 30 Sep 2000 (W39),Norwich City FC (9),1-1,0-0,Huddersfield Town AFC (9)
?,(Sat) 30 Sep 2000 (W39),Nottingham Forest FC (9),0-0,0-0,Wolverhampton Wanderers FC (10)
?,(Sat) 30 Sep 2000 (W39),Preston North End FC (10),2-0,1-0,Crystal Palace FC (10)
?,(Sat) 30 Sep 2000 (W39),Sheffield United FC (9),1-1,1-0,Queens Park Rangers FC (9)
?,(Sat) 30 Sep 2000 (W39),Tranmere Rovers FC (10),1-3,0-2,Crewe Alexandra FC (9)
?,(Sat) 30 Sep 2000 (W39),West Bromwich Albion FC (10),1-0,0-0,Blackburn Rovers FC (9)
?,(Sat) 30 Sep 2000 (W39),Wimbledon FC (9),2-0,1-0,Stockport County FC (10)
?,(Sun) 1 Oct 2000 (W39),Watford FC (9),2-0,0-0,Birmingham City FC (9)
?,(Fri) 6 Oct 2000 (W40),Gillingham FC (11),2-2,0-2,Bolton Wanderers FC (10)
?,(Fri) 6 Oct 2000 (W40),Huddersfield Town AFC (10),1-1,0-0,Barnsley FC (10)
?,(Fri) 6 Oct 2000 (W40),Tranmere Rovers FC (11),2-3,0-1,Burnley FC (10)
?,(Sun) 8 Oct 2000 (W40),Crewe Alexandra FC (10),0-2,0-0,Birmingham City FC (10)
?,(Sun) 8 Oct 2000 (W40),Sheffield Wednesday FC (10),1-2,1-1,West Bromwich Albion FC (11)
?,(Sun) 8 Oct 2000 (W40),Stockport County FC (11),1-1,0-1,Portsmouth FC (11)
?,(Sat) 14 Oct 2000 (W41),Barnsley FC (11),3-4,0-2,Nottingham Forest FC (10)
?,(Sat) 14 Oct 2000 (W41),Birmingham City FC (11),2-1,0-0,Crystal Palace FC (11)
?,(Sat) 14 Oct 2000 (W41),Bolton Wanderers FC (11),2-1,1-0,Wolverhampton Wanderers FC (11)
?,(Sat) 14 Oct 2000 (W41),Burnley FC (11),2-1,2-0,Stockport County FC (12)
?,(Sat) 14 Oct 2000 (W41),Grimsby Town FC (10),1-0,1-0,Huddersfield Town AFC (11)
?,(Sat) 14 Oct 2000 (W41),Portsmouth FC (12),2-1,1-0,Sheffield Wednesday FC (11)
?,(Sat) 14 Oct 2000 (W41),Preston North End FC (11),1-0,0-0,Tranmere Rovers FC (12)
?,(Sat) 14 Oct 2000 (W41),Sheffield United FC (10),1-0,0-0,Crewe Alexandra FC (11)
?,(Sat) 14 Oct 2000 (W41),Watford FC (10),3-1,2-0,Queens Park Rangers FC (10)
?,(Sat) 14 Oct 2000 (W41),West Bromwich Albion FC (12),2-3,1-2,Norwich City FC (10)
?,(Sat) 14 Oct 2000 (W41),Wimbledon FC (10),4-4,2-3,Gillingham FC (12)
?,(Sun) 15 Oct 2000 (W41),Fulham FC (10),2-1,1-1,Blackburn Rovers FC (10)
?,(Tue) 17 Oct 2000 (W42),Barnsley FC (12),1-1,0-1,Tranmere Rovers FC (13)
?,(Tue) 17 Oct 2000 (W42),Birmingham City FC (12),4-0,1-0,Stockport County FC (13)
?,(Tue) 17 Oct 2000 (W42),Bolton Wanderers FC (12),0-0,0-0,Nottingham Forest FC (11)
?,(Tue) 17 Oct 2000 (W42),Burnley FC (12),1-0,0-0,Sheffield Wednesday FC (12)
?,(Tue) 17 Oct 2000 (W42),Grimsby Town FC (11),3-1,0-1,Queens Park Rangers FC (11)
?,(Tue) 17 Oct 2000 (W42),Portsmouth FC (13),2-1,0-0,Crewe Alexandra FC (12)
?,(Tue) 17 Oct 2000 (W42),Preston North End FC (12),1-0,0-0,Norwich City FC (11)
?,(Tue) 17 Oct 2000 (W42),Sheffield United FC (11),3-0,1-0,Huddersfield Town AFC (12)
?,(Tue) 17 Oct 2000 (W42),Watford FC (11),0-0,0-0,Gillingham FC (13)
?,(Tue) 17 Oct 2000 (W42),West Bromwich Albion FC (13),1-0,1-0,Wolverhampton Wanderers FC (12)
?,(Wed) 18 Oct 2000 (W42),Fulham FC (11),3-1,2-1,Crystal Palace FC (12)
?,(Wed) 18 Oct 2000 (W42),Wimbledon FC (11),0-2,0-2,Blackburn Rovers FC (11)
?,(Sat) 21 Oct 2000 (W42),Blackburn Rovers FC (12),2-0,0-0,Grimsby Town FC (12)
?,(Sat) 21 Oct 2000 (W42),Crewe Alexandra FC (13),0-4,0-2,Wimbledon FC (12)
?,(Sat) 21 Oct 2000 (W42),Crystal Palace FC (13),2-3,2-1,Portsmouth FC (14)
?,(Sat) 21 Oct 2000 (W42),Gillingham FC (14),0-0,0-0,Barnsley FC (13)
?,(Sat) 21 Oct 2000 (W42),Huddersfield Town AFC (13),0-0,0-0,Preston North End FC (13)
?,(Sat) 21 Oct 2000 (W42),Norwich City FC (12),4-2,2-2,Sheffield United FC (12)
?,(Sat) 21 Oct 2000 (W42),Nottingham Forest FC (12),0-2,0-2,Watford FC (12)
?,(Sat) 21 Oct 2000 (W42),Queens Park Rangers FC (12),0-1,0-0,Burnley FC (13)
?,(Sat) 21 Oct 2000 (W42),Stockport County FC (14),4-3,3-0,Bolton Wanderers FC (13)
?,(Sat) 21 Oct 2000 (W42),Tranmere Rovers FC (14),2-2,1-2,West Bromwich Albion FC (14)
?,(Sat) 21 Oct 2000 (W42),Wolverhampton Wanderers FC (13),0-0,0-0,Fulham FC (12)
?,(Sun) 22 Oct 2000 (W42),Sheffield Wednesday FC (13),1-0,0-0,Birmingham City FC (13)
?,(Tue) 24 Oct 2000 (W43),Barnsley FC (14),1-2,1-2,Wolverhampton Wanderers FC (14)
?,(Tue) 24 Oct 2000 (W43),Crewe Alexandra FC (14),1-0,0-0,Huddersfield Town AFC (14)
?,(Tue) 24 Oct 2000 (W43),Crystal Palace FC (14),0-1,0-1,Grimsby Town FC (13)
?,(Tue) 24 Oct 2000 (W43),Fulham FC (13),0-1,0-0,Preston North End FC (14)
?,(Tue) 24 Oct 2000 (W43),Norwich City FC (13),0-0,0-0,Portsmouth FC (15)
?,(Tue) 24 Oct 2000 (W43),Sheffield United FC (13),1-0,0-0,Stockport County FC (15)
?,(Tue) 24 Oct 2000 (W43),Watford FC (13),1-0,0-0,Bolton Wanderers FC (14)
?,(Tue) 24 Oct 2000 (W43),West Bromwich Albion FC (15),3-1,2-1,Wimbledon FC (13)
?,(Wed) 25 Oct 2000 (W43),Birmingham City FC (14),1-0,0-0,Gillingham FC (15)
?,(Wed) 25 Oct 2000 (W43),Blackburn Rovers FC (13),3-2,3-1,Tranmere Rovers FC (15)
?,(Wed) 25 Oct 2000 (W43),Nottingham Forest FC (13),5-0,2-0,Burnley FC (14)
?,(Wed) 25 Oct 2000 (W43),Queens Park Rangers FC (13),1-2,1-0,Sheffield Wednesday FC (14)
?,(Fri) 27 Oct 2000 (W43),Preston North End FC (15),1-2,0-1,Barnsley FC (15)
?,(Sat) 28 Oct 2000 (W43),Bolton Wanderers FC (15),3-3,1-1,Crystal Palace FC (15)
?,(Sat) 28 Oct 2000 (W43),Gillingham FC (16),0-1,0-0,Crewe Alexandra FC (15)
?,(Sat) 28 Oct 2000 (W43),Huddersfield Town AFC (15),0-1,0-0,Blackburn Rovers FC (14)
?,(Sat) 28 Oct 2000 (W43),Portsmouth FC (16),1-1,1-0,Birmingham City FC (15)
?,(Sat) 28 Oct 2000 (W43),Sheffield Wednesday FC (15),3-3,1-0,Fulham FC (14)
?,(Sat) 28 Oct 2000 (W43),Stockport County FC (16),1-2,0-0,Nottingham Forest FC (14)
?,(Sat) 28 Oct 2000 (W43),Tranmere Rovers FC (16),1-1,0-0,Queens Park Rangers FC (14)
?,(Sat) 28 Oct 2000 (W43),Wimbledon FC (14),0-0,0-0,Sheffield United FC (14)
?,(Sat) 28 Oct 2000 (W43),Wolverhampton Wanderers FC (15),2-2,0-2,Watford FC (14)
?,(Sun) 29 Oct 2000 (W43),Grimsby Town FC (14),2-0,0-0,West Bromwich Albion FC (16)
?,(Tue) 31 Oct 2000 (W44),Bolton Wanderers FC (16),3-1,1-1,Queens Park Rangers FC (15)
?,(Tue) 31 Oct 2000 (W44),Burnley FC (15),1-0,1-0,Crewe Alexandra FC (16)
?,(Sat) 4 Nov 2000 (W44),Birmingham City FC (16),1-1,0-0,Bolton Wanderers FC (17)
?,(Sat) 4 Nov 2000 (W44),Blackburn Rovers FC (15),2-1,0-1,Stockport County FC (17)
?,(Sat) 4 Nov 2000 (W44),Crewe Alexandra FC (17),2-0,2-0,Wolverhampton Wanderers FC (16)
?,(Sat) 4 Nov 2000 (W44),Crystal Palace FC (16),4-1,3-0,Sheffield Wednesday FC (16)
?,(Sat) 4 Nov 2000 (W44),Fulham FC (15),3-0,0-0,Huddersfield Town AFC (16)
?,(Sat) 4 Nov 2000 (W44),Norwich City FC (14),1-0,0-0,Tranmere Rovers FC (17)
?,(Sat) 4 Nov 2000 (W44),Nottingham Forest FC (15),3-1,1-1,Preston North End FC (16)
?,(Sat) 4 Nov 2000 (W44),Queens Park Rangers FC (16),1-1,1-0,Portsmouth FC (17)
?,(Sat) 4 Nov 2000 (W44),Sheffield United FC (15),1-2,0-1,Gillingham FC (17)
?,(Sat) 4 Nov 2000 (W44),Watford FC (15),4-0,2-0,Grimsby Town FC (15)
?,(Sat) 4 Nov 2000 (W44),West Bromwich Albion FC (17),1-1,0-1,Burnley FC (16)
?,(Sun) 5 Nov 2000 (W44),Barnsley FC (16),0-1,0-0,Wimbledon FC (15)
?,(Tue) 7 Nov 2000 (W45),Norwich City FC (15),1-0,1-0,Birmingham City FC (17)
?,(Tue) 7 Nov 2000 (W45),Watford FC (16),1-3,0-1,Sheffield Wednesday FC (17)
?,(Wed) 8 Nov 2000 (W45),Barnsley FC (17),1-2,1-0,Blackburn Rovers FC (16)
?,(Fri) 10 Nov 2000 (W45),Preston North End FC (17),2-1,1-1,Crewe Alexandra FC (18)
?,(Sat) 11 Nov 2000 (W45),Bolton Wanderers FC (18),2-0,2-0,Barnsley FC (18)
?,(Sat) 11 Nov 2000 (W45),Burnley FC (17),2-0,0-0,Sheffield United FC (16)
?,(Sat) 11 Nov 2000 (W45),Huddersfield Town AFC (17),0-2,0-2,West Bromwich Albion FC (18)
?,(Sat) 11 Nov 2000 (W45),Portsmouth FC (18),2-2,1-1,Blackburn Rovers FC (17)
?,(Sat) 11 Nov 2000 (W45),Sheffield Wednesday FC (18),3-2,1-1,Norwich City FC (16)
?,(Sat) 11 Nov 2000 (W45),Stockport County FC (18),2-2,1-1,Queens Park Rangers FC (17)
?,(Sat) 11 Nov 2000 (W45),Tranmere Rovers FC (18),2-0,1-0,Watford FC (17)
?,(Sat) 11 Nov 2000 (W45),Wimbledon FC (16),0-3,0-1,Fulham FC (16)
?,(Sat) 11 Nov 2000 (W45),Wolverhampton Wanderers FC (17),1-3,0-2,Crystal Palace FC (17)
?,(Sun) 12 Nov 2000 (W45),Gillingham FC (18),1-3,1-2,Nottingham Forest FC (16)
?,(Sat) 18 Nov 2000 (W46),Barnsley FC (19),1-0,1-0,Sheffield Wednesday FC (19)
?,(Sat) 18 Nov 2000 (W46),Birmingham City FC (18),3-2,0-0,Burnley FC (18)
?,(Sat) 18 Nov 2000 (W46),Blackburn Rovers FC (18),1-0,0-0,Wolverhampton Wanderers FC (18)
?,(Sat) 18 Nov 2000 (W46),Crewe Alexandra FC (19),1-2,0-1,Stockport County FC (19)
?,(Sat) 18 Nov 2000 (W46),Crystal Palace FC (18),3-2,1-2,Tranmere Rovers FC (19)
?,(Sat) 18 Nov 2000 (W46),Fulham FC (17),3-1,1-1,Portsmouth FC (19)
?,(Sat) 18 Nov 2000 (W46),Norwich City FC (17),0-2,0-0,Bolton Wanderers FC (19)
?,(Sat) 18 Nov 2000 (W46),Nottingham Forest FC (17),1-2,0-1,Wimbledon FC (17)
?,(Sat) 18 Nov 2000 (W46),Queens Park Rangers FC (18),1-1,1-1,Huddersfield Town AFC (18)
?,(Sat) 18 Nov 2000 (W46),Sheffield United FC (17),3-2,1-0,Grimsby Town FC (16)
?,(Sat) 18 Nov 2000 (W46),Watford FC (18),2-3,2-2,Preston North End FC (18)
?,(Sat) 18 Nov 2000 (W46),West Bromwich Albion FC (19),3-1,2-0,Gillingham FC (19)
?,(Tue) 21 Nov 2000 (W47),Burnley FC (19),2-0,0-0,Norwich City FC (18)
?,(Tue) 21 Nov 2000 (W47),Sheffield United FC (18),1-1,1-1,Fulham FC (18)
?,(Tue) 21 Nov 2000 (W47),Wolverhampton Wanderers FC (19),2-0,2-0,Grimsby Town FC (17)
?,(Sat) 25 Nov 2000 (W47),Barnsley FC (20),1-0,0-0,Portsmouth FC (20)
?,(Sat) 25 Nov 2000 (W47),Birmingham City FC (19),2-1,2-0,Huddersfield Town AFC (19)
?,(Sat) 25 Nov 2000 (W47),Blackburn Rovers FC (19),1-2,1-2,Gillingham FC (20)
?,(Sat) 25 Nov 2000 (W47),Crewe Alexandra FC (20),1-0,0-0,Sheffield Wednesday FC (20)
?,(Sat) 25 Nov 2000 (W47),Crystal Palace FC (19),2-2,0-1,Stockport County FC (20)
?,(Sat) 25 Nov 2000 (W47),Fulham FC (19),2-1,0-0,Grimsby Town FC (18)
?,(Sat) 25 Nov 2000 (W47),Norwich City FC (19),1-2,1-1,Wimbledon FC (18)
?,(Sat) 25 Nov 2000 (W47),Nottingham Forest FC (18),3-1,2-1,Tranmere Rovers FC (20)
?,(Sat) 25 Nov 2000 (W47),Queens Park Rangers FC (19),2-2,1-2,Wolverhampton Wanderers FC (20)
?,(Sat) 25 Nov 2000 (W47),Sheffield United FC (19),1-0,0-0,Bolton Wanderers FC (20)
?,(Sat) 25 Nov 2000 (W47),West Bromwich Albion FC (20),3-1,1-0,Preston North End FC (19)
?,(Wed) 29 Nov 2000 (W48),Nottingham Forest FC (19),2-0,1-0,Sheffield United FC (20)
?,(Sat) 2 Dec 2000 (W48),Burnley FC (20),1-0,0-0,Nottingham Forest FC (20)
?,(Sat) 2 Dec 2000 (W48),Gillingham FC (21),1-2,1-0,Birmingham City FC (20)
?,(Sat) 2 Dec 2000 (W48),Grimsby Town FC (19),2-2,0-1,Crystal Palace FC (20)
?,(Sat) 2 Dec 2000 (W48),Huddersfield Town AFC (20),3-1,0-1,Crewe Alexandra FC (21)
?,(Sat) 2 Dec 2000 (W48),Portsmouth FC (21),2-0,1-0,Norwich City FC (20)
?,(Sat) 2 Dec 2000 (W48),Preston North End FC (20),1-1,1-0,Fulham FC (20)
?,(Sat) 2 Dec 2000 (W48),Sheffield Wednesday FC (21),5-2,3-1,Queens Park Rangers FC (20)
?,(Sat) 2 Dec 2000 (W48),Stockport County FC (21),0-2,0-1,Sheffield United FC (21)
?,(Sat) 2 Dec 2000 (W48),Tranmere Rovers FC (21),1-1,0-0,Blackburn Rovers FC (20)
?,(Sat) 2 Dec 2000 (W48),Wimbledon FC (19),0-1,0-0,West Bromwich Albion FC (21)
?,(Sat) 2 Dec 2000 (W48),Wolverhampton Wanderers FC (21),2-0,1-0,Barnsley FC (21)
?,(Sun) 3 Dec 2000 (W48),Bolton Wanderers FC (21),2-1,0-1,Watford FC (19)
?,(Tue) 5 Dec 2000 (W49),Crystal Palace FC (21),3-1,0-1,Wimbledon FC (20)
?,(Sat) 9 Dec 2000 (W49),Barnsley FC (22),0-0,0-0,Sheffield United FC (22)
?,(Sat) 9 Dec 2000 (W49),Birmingham City FC (21),0-3,0-2,Wimbledon FC (21)
?,(Sat) 9 Dec 2000 (W49),Blackburn Rovers FC (21),0-0,0-0,Queens Park Rangers FC (21)
?,(Sat) 9 Dec 2000 (W49),Bolton Wanderers FC (22),4-1,3-1,Crewe Alexandra FC (22)
?,(Sat) 9 Dec 2000 (W49),Crystal Palace FC (22),1-0,0-0,Watford FC (20)
?,(Sat) 9 Dec 2000 (W49),Huddersfield Town AFC (21),3-0,0-0,Wolverhampton Wanderers FC (22)
?,(Sat) 9 Dec 2000 (W49),Norwich City FC (21),1-0,0-0,Gillingham FC (22)
?,(Sat) 9 Dec 2000 (W49),Nottingham Forest FC (21),2-0,1-0,Portsmouth FC (22)
?,(Sat) 9 Dec 2000 (W49),Preston North End FC (21),2-1,0-1,Burnley FC (21)
?,(Sat) 9 Dec 2000 (W49),Sheffield Wednesday FC (22),2-4,2-2,Stockport County FC (22)
?,(Sat) 9 Dec 2000 (W49),Tranmere Rovers FC (22),2-0,0-0,Grimsby Town FC (20)
?,(Sat) 9 Dec 2000 (W49),West Bromwich Albion FC (22),1-3,0-2,Fulham FC (21)
?,(Wed) 13 Dec 2000 (W50),Nottingham Forest FC (22),1-3,0-0,Huddersfield Town AFC (22)
?,(Wed) 13 Dec 2000 (W50),Wimbledon FC (22),2-2,2-1,Grimsby Town FC (21)
?,(Sat) 16 Dec 2000 (W50),Crewe Alexandra FC (23),1-1,1-0,Crystal Palace FC (23)
?,(Sat) 16 Dec 2000 (W50),Fulham FC (22),3-1,2-1,Tranmere Rovers FC (23)
?,(Sat) 16 Dec 2000 (W50),Gillingham FC (23),4-0,2-0,Preston North End FC (22)
?,(Sat) 16 Dec 2000 (W50),Grimsby Town FC (22),2-0,1-0,Norwich City FC (22)
?,(Sat) 16 Dec 2000 (W50),Portsmouth FC (23),1-1,0-1,Huddersfield Town AFC (23)
?,(Sat) 16 Dec 2000 (W50),Queens Park Rangers FC (22),1-0,1-0,Nottingham Forest FC (23)
?,(Sat) 16 Dec 2000 (W50),Sheffield United FC (23),1-1,0-0,Sheffield Wednesday FC (23)
?,(Sat) 16 Dec 2000 (W50),Stockport County FC (23),2-0,0-0,Barnsley FC (23)
?,(Sat) 16 Dec 2000 (W50),Watford FC (21),3-3,2-0,West Bromwich Albion FC (23)
?,(Sat) 16 Dec 2000 (W50),Wimbledon FC (23),0-1,0-0,Bolton Wanderers FC (23)
?,(Sun) 17 Dec 2000 (W50),Burnley FC (22),0-2,0-1,Blackburn Rovers FC (22)
?,(Sun) 17 Dec 2000 (W50),Wolverhampton Wanderers FC (23),0-1,0-1,Birmingham City FC (22)
?,(Fri) 22 Dec 2000 (W51),Crystal Palace FC (24),2-3,0-3,Blackburn Rovers FC (23)
?,(Fri) 22 Dec 2000 (W51),Stockport County FC (24),2-2,1-1,Gillingham FC (24)
?,(Sat) 23 Dec 2000 (W51),Birmingham City FC (23),0-0,0-0,Queens Park Rangers FC (23)
?,(Sat) 23 Dec 2000 (W51),Burnley FC (23),0-2,0-0,Bolton Wanderers FC (24)
?,(Sat) 23 Dec 2000 (W51),Crewe Alexandra FC (24),1-2,1-0,Fulham FC (23)
?,(Sat) 23 Dec 2000 (W51),Norwich City FC (23),0-0,0-0,Barnsley FC (24)
?,(Sat) 23 Dec 2000 (W51),Portsmouth FC (24),0-0,0-0,Sheffield United FC (24)
?,(Sat) 23 Dec 2000 (W51),Preston North End FC (23),1-2,1-1,Grimsby Town FC (23)
?,(Sat) 23 Dec 2000 (W51),Sheffield Wednesday FC (24),0-1,0-1,Wolverhampton Wanderers FC (24)
?,(Sat) 23 Dec 2000 (W51),Tranmere Rovers FC (24),0-4,0-1,Wimbledon FC (24)
?,(Sat) 23 Dec 2000 (W51),Watford FC (22),1-2,1-1,Huddersfield Town AFC (24)
?,(Sat) 23 Dec 2000 (W51),West Bromwich Albion FC (24),3-0,2-0,Nottingham Forest FC (24)
?,(Tue) 26 Dec 2000 (W52),Barnsley FC (25),1-0,0-0,Burnley FC (24)
?,(Tue) 26 Dec 2000 (W52),Blackburn Rovers FC (24),2-1,0-0,Birmingham City FC (24)
?,(Tue) 26 Dec 2000 (W52),Bolton Wanderers FC (25),2-0,1-0,Sheffield Wednesday FC (25)
?,(Tue) 26 Dec 2000 (W52),Fulham FC (24),5-0,2-0,Watford FC (23)
?,(Tue) 26 Dec 2000 (W52),Gillingham FC (25),4-1,1-0,Crystal Palace FC (25)
?,(Tue) 26 Dec 2000 (W52),Grimsby Town FC (24),1-1,0-1,Stockport County FC (25)
?,(Tue) 26 Dec 2000 (W52),Huddersfield Town AFC (25),3-0,1-0,Tranmere Rovers FC (25)
?,(Tue) 26 Dec 2000 (W52),Nottingham Forest FC (25),1-0,1-0,Crewe Alexandra FC (25)
?,(Tue) 26 Dec 2000 (W52),Queens Park Rangers FC (24),2-3,2-1,Norwich City FC (24)
?,(Tue) 26 Dec 2000 (W52),Sheffield United FC (25),2-0,1-0,West Bromwich Albion FC (25)
?,(Tue) 26 Dec 2000 (W52),Wimbledon FC (25),1-1,0-1,Portsmouth FC (25)
?,(Tue) 26 Dec 2000 (W52),Wolverhampton Wanderers FC (25),0-1,0-1,Preston North End FC (24)
?,(Fri) 29 Dec 2000 (W52),Barnsley FC (26),0-1,0-0,Watford FC (24)
?,(Sat) 30 Dec 2000 (W52),Blackburn Rovers FC (25),1-0,0-0,Crewe Alexandra FC (26)
?,(Sat) 30 Dec 2000 (W52),Bolton Wanderers FC (26),0-1,0-1,West Bromwich Albion FC (26)
?,(Sat) 30 Dec 2000 (W52),Huddersfield Town AFC (26),0-0,0-0,Sheffield Wednesday FC (26)
?,(Sat) 30 Dec 2000 (W52),Nottingham Forest FC (26),0-0,0-0,Norwich City FC (25)
?,(Sat) 30 Dec 2000 (W52),Queens Park Rangers FC (25),1-1,1-0,Crystal Palace FC (26)
?,(Sat) 30 Dec 2000 (W52),Sheffield United FC (26),3-2,1-2,Preston North End FC (25)
?,(Sat) 30 Dec 2000 (W52),Wolverhampton Wanderers FC (26),3-2,3-1,Stockport County FC (26)
?,(Mon) 1 Jan 2001 (W1),Birmingham City FC (25),0-2,0-0,Nottingham Forest FC (27)
?,(Mon) 1 Jan 2001 (W1),Burnley FC (25),1-2,1-1,Wolverhampton Wanderers FC (27)
?,(Mon) 1 Jan 2001 (W1),Norwich City FC (26),1-1,1-0,Blackburn Rovers FC (26)
?,(Mon) 1 Jan 2001 (W1),Portsmouth FC (26),0-0,0-0,Gillingham FC (26)
?,(Mon) 1 Jan 2001 (W1),Preston North End FC (26),0-2,0-1,Bolton Wanderers FC (27)
?,(Mon) 1 Jan 2001 (W1),Sheffield Wednesday FC (27),1-0,0-0,Grimsby Town FC (25)
?,(Mon) 1 Jan 2001 (W1),Stockport County FC (27),2-0,1-0,Fulham FC (25)
?,(Mon) 1 Jan 2001 (W1),Tranmere Rovers FC (26),1-0,1-0,Sheffield United FC (27)
?,(Mon) 1 Jan 2001 (W1),West Bromwich Albion FC (27),1-0,0-0,Barnsley FC (27)
?,(Tue) 2 Jan 2001 (W1),Watford FC (25),3-1,3-1,Wimbledon FC (26)
?,(Wed) 10 Jan 2001 (W2),Blackburn Rovers FC (27),3-2,3-0,Preston North End FC (27)
?,(Sat) 13 Jan 2001 (W2),Barnsley FC (28),2-3,0-2,Birmingham City FC (26)
?,(Sat) 13 Jan 2001 (W2),Blackburn Rovers FC (28),2-0,2-0,Sheffield Wednesday FC (28)
?,(Sat) 13 Jan 2001 (W2),Bolton Wanderers FC (28),2-0,2-0,Tranmere Rovers FC (27)
?,(Sat) 13 Jan 2001 (W2),Fulham FC (26),2-0,1-0,Norwich City FC (27)
?,(Sat) 13 Jan 2001 (W2),Gillingham FC (27),0-0,0-0,Burnley FC (26)
?,(Sat) 13 Jan 2001 (W2),Grimsby Town FC (26),1-3,0-2,Crewe Alexandra FC (27)
?,(Sat) 13 Jan 2001 (W2),Huddersfield Town AFC (27),0-0,0-0,Stockport County FC (28)
?,(Sat) 13 Jan 2001 (W2),Queens Park Rangers FC (26),2-0,1-0,West Bromwich Albion FC (28)
?,(Sat) 13 Jan 2001 (W2),Sheffield United FC (28),0-1,0-0,Watford FC (26)
?,(Sat) 13 Jan 2001 (W2),Wimbledon FC (27),3-1,1-0,Preston North End FC (28)
?,(Sat) 13 Jan 2001 (W2),Wolverhampton Wanderers FC (28),1-1,1-1,Portsmouth FC (27)
?,(Sun) 14 Jan 2001 (W2),Nottingham Forest FC (28),0-3,0-2,Crystal Palace FC (27)
?,(Sat) 20 Jan 2001 (W3),Burnley FC (27),2-1,1-0,Barnsley FC (29)
?,(Sat) 20 Jan 2001 (W3),Crystal Palace FC (28),2-2,0-1,Gillingham FC (28)
?,(Sat) 20 Jan 2001 (W3),Norwich City FC (28),1-0,1-0,Queens Park Rangers FC (27)
?,(Sat) 20 Jan 2001 (W3),Portsmouth FC (28),2-1,2-1,Wimbledon FC (28)
?,(Sat) 20 Jan 2001 (W3),Sheffield Wednesday FC (29),0-3,0-2,Bolton Wanderers FC (29)
?,(Sat) 20 Jan 2001 (W3),Stockport County FC (29),1-1,1-0,Grimsby Town FC (27)
?,(Sat) 20 Jan 2001 (W3),Watford FC (27),1-3,0-0,Fulham FC (27)
?,(Sat) 20 Jan 2001 (W3),West Bromwich Albion FC (29),2-1,0-0,Sheffield United FC (29)
?,(Sat) 27 Jan 2001 (W4),Fulham FC (28),0-1,0-0,Birmingham City FC (27)
?,(Sat) 27 Jan 2001 (W4),Grimsby Town FC (28),2-1,2-0,Portsmouth FC (29)
?,(Sat) 27 Jan 2001 (W4),Norwich City FC (29),2-1,0-0,Watford FC (28)
?,(Wed) 31 Jan 2001 (W5),Queens Park Rangers FC (28),0-2,0-1,Fulham FC (29)
?,(Sat) 3 Feb 2001 (W5),Birmingham City FC (28),2-1,1-0,Norwich City FC (30)
?,(Sat) 3 Feb 2001 (W5),Blackburn Rovers FC (29),0-0,0-0,Barnsley FC (30)
?,(Sat) 3 Feb 2001 (W5),Crewe Alexandra FC (28),4-2,3-1,Burnley FC (28)
?,(Sat) 3 Feb 2001 (W5),Crystal Palace FC (29),2-2,2-1,West Bromwich Albion FC (30)
?,(Sat) 3 Feb 2001 (W5),Huddersfield Town AFC (28),1-1,1-1,Nottingham Forest FC (29)
?,(Sat) 3 Feb 2001 (W5),Portsmouth FC (30),0-1,0-1,Preston North End FC (29)
?,(Sat) 3 Feb 2001 (W5),Queens Park Rangers FC (29),1-1,0-0,Bolton Wanderers FC (30)
?,(Sat) 3 Feb 2001 (W5),Sheffield Wednesday FC (30),2-3,2-2,Watford FC (29)
?,(Sat) 3 Feb 2001 (W5),Stockport County FC (30),1-1,1-0,Tranmere Rovers FC (28)
?,(Sat) 3 Feb 2001 (W5),Wolverhampton Wanderers FC (29),1-1,1-1,Gillingham FC (29)
?,(Sun) 4 Feb 2001 (W5),Fulham FC (30),1-1,1-1,Sheffield United FC (30)
?,(Sat) 10 Feb 2001 (W6),Barnsley FC (31),0-0,0-0,Fulham FC (31)
?,(Sat) 10 Feb 2001 (W6),Bolton Wanderers FC (31),2-2,0-2,Huddersfield Town AFC (29)
?,(Sat) 10 Feb 2001 (W6),Burnley FC (29),1-2,1-0,Crystal Palace FC (30)
?,(Sat) 10 Feb 2001 (W6),Gillingham FC (30),1-0,0-0,Grimsby Town FC (29)
?,(Sat) 10 Feb 2001 (W6),Norwich City FC (31),1-1,0-0,Crewe Alexandra FC (29)
?,(Sat) 10 Feb 2001 (W6),Nottingham Forest FC (30),2-1,0-0,Blackburn Rovers FC (30)
?,(Sat) 10 Feb 2001 (W6),Preston North End FC (30),5-0,0-0,Queens Park Rangers FC (30)
?,(Sat) 10 Feb 2001 (W6),Sheffield United FC (31),3-1,2-0,Birmingham City FC (29)
?,(Sat) 10 Feb 2001 (W6),Tranmere Rovers FC (29),0-2,0-1,Wolverhampton Wanderers FC (30)
?,(Sat) 10 Feb 2001 (W6),Watford FC (30),2-2,2-2,Portsmouth FC (31)
?,(Sat) 10 Feb 2001 (W6),West Bromwich Albion FC (31),1-1,1-0,Stockport County FC (31)
?,(Sat) 10 Feb 2001 (W6),Wimbledon FC (29),4-1,2-1,Sheffield Wednesday FC (31)
?,(Tue) 13 Feb 2001 (W7),Portsmouth FC (32),1-2,0-0,Bolton Wanderers FC (32)
?,(Tue) 13 Feb 2001 (W7),Sheffield Wednesday FC (32),1-0,0-0,Tranmere Rovers FC (30)
?,(Tue) 13 Feb 2001 (W7),Stockport County FC (32),0-1,0-0,Preston North End FC (31)
?,(Sat) 17 Feb 2001 (W7),Birmingham City FC (30),2-1,1-1,West Bromwich Albion FC (32)
?,(Sat) 17 Feb 2001 (W7),Crewe Alexandra FC (30),2-0,2-0,Watford FC (31)
?,(Sat) 17 Feb 2001 (W7),Crystal Palace FC (31),1-1,1-0,Norwich City FC (32)
?,(Sat) 17 Feb 2001 (W7),Fulham FC (32),1-0,1-0,Nottingham Forest FC (31)
?,(Sat) 17 Feb 2001 (W7),Grimsby Town FC (30),1-0,0-0,Burnley FC (30)
?,(Sat) 17 Feb 2001 (W7),Huddersfield Town AFC (30),2-3,2-2,Gillingham FC (31)
?,(Sat) 17 Feb 2001 (W7),Queens Park Rangers FC (31),2-0,1-0,Barnsley FC (32)
?,(Tue) 20 Feb 2001 (W8),Barnsley FC (33),1-0,1-0,Crystal Palace FC (32)
?,(Tue) 20 Feb 2001 (W8),Bolton Wanderers FC (33),2-2,0-1,Grimsby Town FC (31)
?,(Tue) 20 Feb 2001 (W8),Burnley FC (31),2-1,0-0,Fulham FC (33)
?,(Tue) 20 Feb 2001 (W8),Gillingham FC (32),0-1,0-0,Queens Park Rangers FC (32)
?,(Tue) 20 Feb 2001 (W8),Norwich City FC (33),4-0,3-0,Stockport County FC (33)
?,(Tue) 20 Feb 2001 (W8),Preston North End FC (32),0-2,0-1,Birmingham City FC (31)
?,(Tue) 20 Feb 2001 (W8),Sheffield United FC (32),1-0,1-0,Wolverhampton Wanderers FC (31)
?,(Tue) 20 Feb 2001 (W8),Watford FC (32),0-1,0-0,Blackburn Rovers FC (31)
?,(Tue) 20 Feb 2001 (W8),West Bromwich Albion FC (33),2-2,1-1,Crewe Alexandra FC (31)
?,(Wed) 21 Feb 2001 (W8),Nottingham Forest FC (32),0-1,0-0,Sheffield Wednesday FC (33)
?,(Fri) 23 Feb 2001 (W8),Bolton Wanderers FC (34),1-4,0-1,Blackburn Rovers FC (32)
?,(Sat) 24 Feb 2001 (W8),Barnsley FC (34),3-0,1-0,Crewe Alexandra FC (32)
?,(Sat) 24 Feb 2001 (W8),Burnley FC (32),1-0,0-0,Huddersfield Town AFC (31)
?,(Sat) 24 Feb 2001 (W8),Gillingham FC (33),0-2,0-0,Fulham FC (34)
?,(Sat) 24 Feb 2001 (W8),Norwich City FC (34),1-0,1-0,Wolverhampton Wanderers FC (32)
?,(Sat) 24 Feb 2001 (W8),Nottingham Forest FC (33),3-1,0-1,Grimsby Town FC (32)
?,(Sat) 24 Feb 2001 (W8),Preston North End FC (33),2-0,0-0,Sheffield Wednesday FC (34)
?,(Sat) 24 Feb 2001 (W8),Sheffield United FC (33),1-0,0-0,Crystal Palace FC (33)
?,(Sat) 24 Feb 2001 (W8),Watford FC (33),2-2,0-1,Stockport County FC (34)
?,(Sat) 24 Feb 2001 (W8),West Bromwich Albion FC (34),2-0,1-0,Portsmouth FC (33)
?,(Sat) 24 Feb 2001 (W8),Wimbledon FC (30),5-0,1-0,Queens Park Rangers FC (33)
?,(Tue) 27 Feb 2001 (W9),Tranmere Rovers FC (31),2-0,2-0,Huddersfield Town AFC (32)
?,(Fri) 2 Mar 2001 (W9),Birmingham City FC (32),2-0,1-0,Watford FC (34)
?,(Sat) 3 Mar 2001 (W9),Blackburn Rovers FC (33),1-0,0-0,West Bromwich Albion FC (35)
?,(Sat) 3 Mar 2001 (W9),Crewe Alexandra FC (33),3-1,0-1,Tranmere Rovers FC (32)
?,(Sat) 3 Mar 2001 (W9),Crystal Palace FC (34),0-2,0-2,Preston North End FC (34)
?,(Sat) 3 Mar 2001 (W9),Grimsby Town FC (33),0-2,0-1,Barnsley FC (35)
?,(Sat) 3 Mar 2001 (W9),Huddersfield Town AFC (33),2-0,1-0,Norwich City FC (35)
?,(Sat) 3 Mar 2001 (W9),Portsmouth FC (34),2-0,0-0,Burnley FC (33)
?,(Sat) 3 Mar 2001 (W9),Queens Park Rangers FC (34),1-3,1-0,Sheffield United FC (34)
?,(Sat) 3 Mar 2001 (W9),Sheffield Wednesday FC (35),2-1,1-0,Gillingham FC (34)
?,(Sat) 3 Mar 2001 (W9),Stockport County FC (35),2-2,1-1,Wimbledon FC (31)
?,(Sat) 3 Mar 2001 (W9),Wolverhampton Wanderers FC (33),2-0,0-0,Nottingham Forest FC (34)
?,(Sun) 4 Mar 2001 (W9),Fulham FC (35),1-1,1-0,Bolton Wanderers FC (35)
?,(Tue) 6 Mar 2001 (W10),Crewe Alexandra FC (34),1-0,0-0,Sheffield United FC (35)
?,(Tue) 6 Mar 2001 (W10),Crystal Palace FC (35),1-2,0-0,Birmingham City FC (33)
?,(Tue) 6 Mar 2001 (W10),Gillingham FC (35),0-0,0-0,Wimbledon FC (32)
?,(Tue) 6 Mar 2001 (W10),Huddersfield Town AFC (34),0-0,0-0,Grimsby Town FC (34)
?,(Tue) 6 Mar 2001 (W10),Norwich City FC (36),0-1,0-1,West Bromwich Albion FC (36)
?,(Tue) 6 Mar 2001 (W10),Stockport County FC (36),0-0,0-0,Burnley FC (34)
?,(Tue) 6 Mar 2001 (W10),Tranmere Rovers FC (33),1-1,0-1,Preston North End FC (35)
?,(Wed) 7 Mar 2001 (W10),Nottingham Forest FC (35),1-0,1-0,Barnsley FC (36)
?,(Wed) 7 Mar 2001 (W10),Queens Park Rangers FC (35),1-1,0-0,Watford FC (35)
?,(Wed) 7 Mar 2001 (W10),Sheffield Wednesday FC (36),0-0,0-0,Portsmouth FC (35)
?,(Sat) 10 Mar 2001 (W10),Barnsley FC (37),3-1,1-1,Huddersfield Town AFC (35)
?,(Sat) 10 Mar 2001 (W10),Birmingham City FC (34),2-0,0-0,Crewe Alexandra FC (35)
?,(Sat) 10 Mar 2001 (W10),Bolton Wanderers FC (36),3-3,2-1,Gillingham FC (36)
?,(Sat) 10 Mar 2001 (W10),Fulham FC (36),2-0,1-0,Queens Park Rangers FC (36)
?,(Sat) 10 Mar 2001 (W10),Grimsby Town FC (35),0-2,0-0,Wolverhampton Wanderers FC (34)
?,(Sat) 10 Mar 2001 (W10),Portsmouth FC (36),2-1,0-0,Stockport County FC (37)
?,(Sat) 10 Mar 2001 (W10),Sheffield United FC (36),1-3,0-1,Nottingham Forest FC (36)
?,(Sat) 10 Mar 2001 (W10),Watford FC (36),4-1,1-1,Norwich City FC (37)
?,(Sat) 10 Mar 2001 (W10),West Bromwich Albion FC (37),1-2,1-1,Sheffield Wednesday FC (37)
?,(Sat) 10 Mar 2001 (W10),Wimbledon FC (33),1-0,1-0,Crystal Palace FC (36)
?,(Tue) 13 Mar 2001 (W11),Crewe Alexandra FC (36),1-0,0-0,Nottingham Forest FC (37)
?,(Tue) 13 Mar 2001 (W11),Grimsby Town FC (36),1-1,0-1,Wimbledon FC (34)
?,(Tue) 13 Mar 2001 (W11),Watford FC (37),0-1,0-0,Burnley FC (35)
?,(Wed) 14 Mar 2001 (W11),Birmingham City FC (35),0-2,0-1,Blackburn Rovers FC (34)
?,(Wed) 14 Mar 2001 (W11),Preston North End FC (36),2-0,1-0,Wolverhampton Wanderers FC (35)
?,(Wed) 14 Mar 2001 (W11),Tranmere Rovers FC (34),1-1,1-0,Portsmouth FC (37)
?,(Sat) 17 Mar 2001 (W11),Blackburn Rovers FC (35),1-1,0-0,Wimbledon FC (35)
?,(Sat) 17 Mar 2001 (W11),Crewe Alexandra FC (37),1-0,1-0,Portsmouth FC (38)
?,(Sat) 17 Mar 2001 (W11),Crystal Palace FC (37),0-2,0-1,Fulham FC (37)
?,(Sat) 17 Mar 2001 (W11),Huddersfield Town AFC (36),2-1,1-1,Sheffield United FC (37)
?,(Sat) 17 Mar 2001 (W11),Norwich City FC (38),1-2,1-1,Preston North End FC (37)
?,(Sat) 17 Mar 2001 (W11),Nottingham Forest FC (38),0-2,0-0,Bolton Wanderers FC (37)
?,(Sat) 17 Mar 2001 (W11),Queens Park Rangers FC (37),0-1,0-0,Grimsby Town FC (37)
?,(Sat) 17 Mar 2001 (W11),Sheffield Wednesday FC (38),2-0,1-0,Burnley FC (36)
?,(Sat) 17 Mar 2001 (W11),Stockport County FC (38),2-0,1-0,Birmingham City FC (36)
?,(Sat) 17 Mar 2001 (W11),Tranmere Rovers FC (35),2-3,2-0,Barnsley FC (38)
?,(Sun) 18 Mar 2001 (W11),Wolverhampton Wanderers FC (36),3-1,2-0,West Bromwich Albion FC (38)
?,(Tue) 20 Mar 2001 (W12),Gillingham FC (37),2-1,1-1,Tranmere Rovers FC (36)
?,(Tue) 20 Mar 2001 (W12),Grimsby Town FC (38),1-1,1-1,Birmingham City FC (37)
?,(Sat) 24 Mar 2001 (W12),Birmingham City FC (38),1-2,0-1,Sheffield Wednesday FC (39)
?,(Sat) 24 Mar 2001 (W12),Burnley FC (37),2-1,2-0,Queens Park Rangers FC (38)
?,(Sun) 25 Mar 2001 (W12),Barnsley FC (39),3-1,1-1,Gillingham FC (38)
?,(Sun) 25 Mar 2001 (W12),West Bromwich Albion FC (39),2-1,1-0,Tranmere Rovers FC (37)
?,(Fri) 30 Mar 2001 (W13),Tranmere Rovers FC (38),1-4,0-1,Fulham FC (38)
?,(Sat) 31 Mar 2001 (W13),Barnsley FC (40),0-2,0-1,Stockport County FC (39)
?,(Sat) 31 Mar 2001 (W13),Bolton Wanderers FC (38),2-2,1-1,Wimbledon FC (36)
?,(Sat) 31 Mar 2001 (W13),Crystal Palace FC (38),1-0,0-0,Crewe Alexandra FC (38)
?,(Sat) 31 Mar 2001 (W13),Huddersfield Town AFC (37),4-1,0-1,Portsmouth FC (39)
?,(Sat) 31 Mar 2001 (W13),Norwich City FC (39),2-1,1-1,Grimsby Town FC (39)
?,(Sat) 31 Mar 2001 (W13),Nottingham Forest FC (39),1-1,1-0,Queens Park Rangers FC (39)
?,(Sat) 31 Mar 2001 (W13),Preston North End FC (38),0-0,0-0,Gillingham FC (39)
?,(Sat) 31 Mar 2001 (W13),West Bromwich Albion FC (40),3-0,0-0,Watford FC (38)
?,(Sun) 1 Apr 2001 (W13),Birmingham City FC (39),0-1,0-1,Wolverhampton Wanderers FC (37)
?,(Sun) 1 Apr 2001 (W13),Blackburn Rovers FC (36),5-0,2-0,Burnley FC (38)
?,(Sun) 1 Apr 2001 (W13),Sheffield Wednesday FC (40),1-2,0-0,Sheffield United FC (38)
?,(Tue) 3 Apr 2001 (W14),Bolton Wanderers FC (39),1-1,1-0,Stockport County FC (40)
?,(Tue) 3 Apr 2001 (W14),Crystal Palace FC (39),0-0,0-0,Huddersfield Town AFC (38)
?,(Tue) 3 Apr 2001 (W14),Watford FC (39),3-0,1-0,Nottingham Forest FC (40)
?,(Wed) 4 Apr 2001 (W14),Blackburn Rovers FC (37),1-1,1-0,Sheffield United FC (39)
?,(Wed) 4 Apr 2001 (W14),Wolverhampton Wanderers FC (38),0-1,0-0,Wimbledon FC (37)
?,(Fri) 6 Apr 2001 (W14),Burnley FC (39),3-0,2-0,Preston North End FC (39)
?,(Sat) 7 Apr 2001 (W14),Fulham FC (39),0-0,0-0,West Bromwich Albion FC (41)
?,(Sat) 7 Apr 2001 (W14),Gillingham FC (40),4-3,2-0,Norwich City FC (40)
?,(Sat) 7 Apr 2001 (W14),Grimsby Town FC (40),3-1,0-1,Tranmere Rovers FC (39)
?,(Sat) 7 Apr 2001 (W14),Portsmouth FC (40),0-2,0-2,Nottingham Forest FC (41)
?,(Sat) 7 Apr 2001 (W14),Queens Park Rangers FC (40),1-3,1-2,Blackburn Rovers FC (38)
?,(Sat) 7 Apr 2001 (W14),Sheffield United FC (40),1-2,1-1,Barnsley FC (41)
?,(Sat) 7 Apr 2001 (W14),Stockport County FC (41),2-1,1-0,Sheffield Wednesday FC (41)
?,(Sat) 7 Apr 2001 (W14),Watford FC (40),2-2,0-1,Crystal Palace FC (40)
?,(Sat) 7 Apr 2001 (W14),Wimbledon FC (38),3-1,1-0,Birmingham City FC (40)
?,(Sat) 7 Apr 2001 (W14),Wolverhampton Wanderers FC (39),0-1,0-1,Huddersfield Town AFC (39)
?,(Tue) 10 Apr 2001 (W15),Crewe Alexandra FC (39),2-2,0-2,Queens Park Rangers FC (41)
?,(Tue) 10 Apr 2001 (W15),Preston North End FC (40),0-0,0-0,Huddersfield Town AFC (40)
?,(Tue) 10 Apr 2001 (W15),Sheffield United FC (41),1-1,1-0,Norwich City FC (41)
?,(Tue) 10 Apr 2001 (W15),Tranmere Rovers FC (40),1-0,0-0,Birmingham City FC (41)
?,(Tue) 10 Apr 2001 (W15),Wimbledon FC (39),0-2,0-2,Burnley FC (40)
?,(Wed) 11 Apr 2001 (W15),Blackburn Rovers FC (39),1-2,1-1,Fulham FC (40)
?,(Fri) 13 Apr 2001 (W15),Bolton Wanderers FC (40),2-2,0-1,Birmingham City FC (42)
?,(Sat) 14 Apr 2001 (W15),Burnley FC (41),1-1,0-0,West Bromwich Albion FC (42)
?,(Sat) 14 Apr 2001 (W15),Gillingham FC (41),4-1,1-0,Sheffield United FC (42)
?,(Sat) 14 Apr 2001 (W15),Grimsby Town FC (41),2-1,0-1,Watford FC (41)
?,(Sat) 14 Apr 2001 (W15),Huddersfield Town AFC (41),1-2,0-0,Fulham FC (41)
?,(Sat) 14 Apr 2001 (W15),Portsmouth FC (41),1-1,1-0,Queens Park Rangers FC (42)
?,(Sat) 14 Apr 2001 (W15),Preston North End FC (41),1-1,1-0,Nottingham Forest FC (42)
?,(Sat) 14 Apr 2001 (W15),Sheffield Wednesday FC (42),4-1,3-1,Crystal Palace FC (41)
?,(Sat) 14 Apr 2001 (W15),Stockport County FC (42),0-0,0-0,Blackburn Rovers FC (40)
?,(Sat) 14 Apr 2001 (W15),Tranmere Rovers FC (41),0-1,0-0,Norwich City FC (42)
?,(Sat) 14 Apr 2001 (W15),Wimbledon FC (40),1-1,1-0,Barnsley FC (42)
?,(Sat) 14 Apr 2001 (W15),Wolverhampton Wanderers FC (40),0-0,0-0,Crewe Alexandra FC (40)
?,(Mon) 16 Apr 2001 (W16),Barnsley FC (43),0-4,0-2,Preston North End FC (42)
?,(Mon) 16 Apr 2001 (W16),Birmingham City FC (43),0-0,0-0,Portsmouth FC (42)
?,(Mon) 16 Apr 2001 (W16),Blackburn Rovers FC (41),2-0,1-0,Huddersfield Town AFC (42)
?,(Mon) 16 Apr 2001 (W16),Crewe Alexandra FC (41),2-1,1-1,Gillingham FC (42)
?,(Mon) 16 Apr 2001 (W16),Crystal Palace FC (42),0-2,0-1,Bolton Wanderers FC (41)
?,(Mon) 16 Apr 2001 (W16),Fulham FC (42),1-1,0-1,Sheffield Wednesday FC (43)
?,(Mon) 16 Apr 2001 (W16),Norwich City FC (43),2-3,2-1,Burnley FC (42)
?,(Mon) 16 Apr 2001 (W16),Nottingham Forest FC (43),1-0,1-0,Stockport County FC (43)
?,(Mon) 16 Apr 2001 (W16),Queens Park Rangers FC (43),2-0,1-0,Tranmere Rovers FC (42)
?,(Mon) 16 Apr 2001 (W16),West Bromwich Albion FC (43),0-1,0-1,Grimsby Town FC (42)
?,(Tue) 17 Apr 2001 (W16),Sheffield United FC (43),0-1,0-0,Wimbledon FC (41)
?,(Tue) 17 Apr 2001 (W16),Watford FC (42),3-2,2-1,Wolverhampton Wanderers FC (41)
?,(Wed) 18 Apr 2001 (W16),Crewe Alexandra FC (42),2-1,0-0,Bolton Wanderers FC (42)
?,(Sat) 21 Apr 2001 (W16),Bolton Wanderers FC (43),1-0,0-0,Norwich City FC (44)
?,(Sat) 21 Apr 2001 (W16),Burnley FC (43),0-0,0-0,Birmingham City FC (44)
?,(Sat) 21 Apr 2001 (W16),Gillingham FC (43),1-2,1-2,West Bromwich Albion FC (44)
?,(Sat) 21 Apr 2001 (W16),Grimsby Town FC (43),0-1,0-1,Sheffield United FC (44)
?,(Sat) 21 Apr 2001 (W16),Huddersfield Town AFC (43),2-1,1-1,Queens Park Rangers FC (44)
?,(Sat) 21 Apr 2001 (W16),Portsmouth FC (43),1-1,1-0,Fulham FC (43)
?,(Sat) 21 Apr 2001 (W16),Sheffield Wednesday FC (44),2-1,0-1,Barnsley FC (44)
?,(Sat) 21 Apr 2001 (W16),Stockport County FC (44),3-0,0-0,Crewe Alexandra FC (43)
?,(Sat) 21 Apr 2001 (W16),Tranmere Rovers FC (43),1-1,0-1,Crystal Palace FC (43)
?,(Sat) 21 Apr 2001 (W16),Wimbledon FC (42),2-1,0-0,Nottingham Forest FC (44)
?,(Sat) 21 Apr 2001 (W16),Wolverhampton Wanderers FC (42),0-0,0-0,Blackburn Rovers FC (42)
?,(Sun) 22 Apr 2001 (W16),Preston North End FC (43),3-2,2-1,Watford FC (43)
?,(Tue) 24 Apr 2001 (W17),Burnley FC (44),2-1,1-1,Tranmere Rovers FC (44)
?,(Tue) 24 Apr 2001 (W17),Fulham FC (44),2-0,1-0,Wolverhampton Wanderers FC (43)
?,(Tue) 24 Apr 2001 (W17),Grimsby Town FC (44),1-4,0-2,Blackburn Rovers FC (43)
?,(Tue) 24 Apr 2001 (W17),Wimbledon FC (43),3-3,2-1,Crewe Alexandra FC (44)
?,(Sat) 28 Apr 2001 (W17),Barnsley FC (45),0-1,0-0,Bolton Wanderers FC (44)
?,(Sat) 28 Apr 2001 (W17),Birmingham City FC (45),1-0,0-0,Grimsby Town FC (45)
?,(Sat) 28 Apr 2001 (W17),Crewe Alexandra FC (45),1-3,1-3,Preston North End FC (44)
?,(Sat) 28 Apr 2001 (W17),Crystal Palace FC (44),0-2,0-1,Wolverhampton Wanderers FC (44)
?,(Sat) 28 Apr 2001 (W17),Fulham FC (45),1-1,0-0,Wimbledon FC (44)
?,(Sat) 28 Apr 2001 (W17),Norwich City FC (45),1-0,1-0,Sheffield Wednesday FC (45)
?,(Sat) 28 Apr 2001 (W17),Nottingham Forest FC (45),0-1,0-0,Gillingham FC (44)
?,(Sat) 28 Apr 2001 (W17),Queens Park Rangers FC (45),0-3,0-0,Stockport County FC (45)
?,(Sat) 28 Apr 2001 (W17),Sheffield United FC (45),2-0,1-0,Burnley FC (45)
?,(Sat) 28 Apr 2001 (W17),Watford FC (44),1-1,0-0,Tranmere Rovers FC (45)
?,(Sat) 28 Apr 2001 (W17),West Bromwich Albion FC (45),1-1,1-1,Huddersfield Town AFC (44)
?,(Sun) 29 Apr 2001 (W17),Blackburn Rovers FC (44),3-1,0-1,Portsmouth FC (44)
?,(Tue) 1 May 2001 (W18),Gillingham FC (45),0-3,0-0,Watford FC (45)
?,(Tue) 1 May 2001 (W18),Wimbledon FC (45),1-1,0-0,Huddersfield Town AFC (45)
?,(Tue) 1 May 2001 (W18),Wolverhampton Wanderers FC (45),0-2,0-1,Bolton Wanderers FC (45)
?,(Wed) 2 May 2001 (W18),Portsmouth FC (45),2-4,1-3,Crystal Palace FC (45)
?,(Wed) 2 May 2001 (W18),Preston North End FC (45),0-1,0-0,Blackburn Rovers FC (45)
?,(Sun) 6 May 2001 (W18),Bolton Wanderers FC (46),1-1,0-0,Sheffield United FC (46)
?,(Sun) 6 May 2001 (W18),Burnley FC (46),2-0,0-0,Watford FC (46)
?,(Sun) 6 May 2001 (W18),Gillingham FC (46),1-1,0-1,Blackburn Rovers FC (46)
?,(Sun) 6 May 2001 (W18),Grimsby Town FC (46),1-0,1-0,Fulham FC (46)
?,(Sun) 6 May 2001 (W18),Huddersfield Town AFC (46),1-2,1-2,Birmingham City FC (46)
?,(Sun) 6 May 2001 (W18),Portsmouth FC (46),3-0,1-0,Barnsley FC (46)
?,(Sun) 6 May 2001 (W18),Preston North End FC (46),2-1,1-1,West Bromwich Albion FC (46)
?,(Sun) 6 May 2001 (W18),Sheffield Wednesday FC (46),0-0,0-0,Crewe Alexandra FC (46)
?,(Sun) 6 May 2001 (W18),Stockport County FC (46),0-1,0-0,Crystal Palace FC (46)
?,(Sun) 6 May 2001 (W18),Tranmere Rovers FC (46),2-2,1-0,Nottingham Forest FC (46)
?,(Sun) 6 May 2001 (W18),Wimbledon FC (46),0-0,0-0,Norwich City FC (46)
?,(Sun) 6 May 2001 (W18),Wolverhampton Wanderers FC (46),1-1,1-0,Queens Park Rangers FC (46)
