Round,Date,Team 1,FT,HT,Team 2
?,(Wed) 19 Aug 1953 (33),Grimsby Town FC (1),3-0,?,York City FC (1)
?,(Wed) 19 Aug 1953 (33),FC Halifax Town (1),0-0,?,Gateshead FC (1)
?,(Wed) 19 Aug 1953 (33),Stockport County FC (1),1-1,?,Southport FC (1)
?,(Wed) 19 Aug 1953 (33),Chesterfield FC (1),1-1,?,Darlington FC (1)
?,(Wed) 19 Aug 1953 (33),Mansfield Town FC (1),1-2,?,Port Vale FC (1)
?,(Wed) 19 Aug 1953 (33),Bradford City AFC (1),1-0,?,Barnsley FC (1)
?,(Wed) 19 Aug 1953 (33),Wrexham AFC (1),1-1,?,Crewe Alexandra FC (1)
?,(Sat) 22 Aug 1953 (33),Crewe Alexandra FC (2),1-0,?,Darlington FC (2)
?,(Sat) 22 Aug 1953 (33),Chester FC (1),1-1,?,Hartlepool United FC (1)
?,(Sat) 22 Aug 1953 (33),Chesterfield FC (2),1-1,?,Barrow AFC (1)
?,(Sat) 22 Aug 1953 (33),FC Halifax Town (2),0-2,?,Wrexham AFC (2)
?,(Sat) 22 Aug 1953 (33),Bradford Park Avenue AFC (1),4-0,?,Bradford City AFC (2)
?,(Sat) 22 Aug 1953 (33),Tranmere Rovers FC (1),2-5,?,Mansfield Town FC (2)
?,(Sat) 22 Aug 1953 (33),Carlisle United FC (1),7-0,?,Rochdale AFC (1)
?,(Sat) 22 Aug 1953 (33),Grimsby Town FC (2),0-1,?,Scunthorpe United FC (1)
?,(Sat) 22 Aug 1953 (33),Port Vale FC (2),0-0,?,Barnsley FC (2)
?,(Sat) 22 Aug 1953 (33),York City FC (2),0-0,?,Workington AFC (1)
?,(Sat) 22 Aug 1953 (33),Southport FC (2),2-4,?,Gateshead FC (2)
?,(Sat) 22 Aug 1953 (33),Accrington Stanley FC (1),2-1,?,Stockport County FC (2)
?,(Mon) 24 Aug 1953 (34),Gateshead FC (3),0-0,?,Scunthorpe United FC (2)
?,(Mon) 24 Aug 1953 (34),Barrow AFC (2),0-0,?,Port Vale FC (3)
?,(Mon) 24 Aug 1953 (34),Hartlepool United FC (2),2-2,?,York City FC (3)
?,(Mon) 24 Aug 1953 (34),Stockport County FC (3),1-1,?,FC Halifax Town (3)
?,(Tue) 25 Aug 1953 (34),Rochdale AFC (2),0-1,?,Tranmere Rovers FC (2)
?,(Wed) 26 Aug 1953 (34),Darlington FC (3),0-1,?,Southport FC (3)
?,(Wed) 26 Aug 1953 (34),Bradford City AFC (3),2-2,?,Mansfield Town FC (3)
?,(Wed) 26 Aug 1953 (34),Grimsby Town FC (3),3-2,?,Carlisle United FC (2)
?,(Wed) 26 Aug 1953 (34),Crewe Alexandra FC (3),1-1,?,Bradford Park Avenue AFC (2)
?,(Wed) 26 Aug 1953 (34),Wrexham AFC (3),1-2,?,Chesterfield FC (3)
?,(Wed) 26 Aug 1953 (34),Accrington Stanley FC (2),4-2,?,Workington AFC (2)
?,(Wed) 26 Aug 1953 (34),Chester FC (2),1-1,?,Barnsley FC (3)
?,(Sat) 29 Aug 1953 (34),Barnsley FC (4),2-1,?,Bradford Park Avenue AFC (3)
?,(Sat) 29 Aug 1953 (34),Barrow AFC (3),2-1,?,Tranmere Rovers FC (3)
?,(Sat) 29 Aug 1953 (34),Rochdale AFC (3),1-0,?,Accrington Stanley FC (3)
?,(Sat) 29 Aug 1953 (34),Bradford City AFC (4),2-0,?,Chesterfield FC (4)
?,(Sat) 29 Aug 1953 (34),Hartlepool United FC (3),0-0,?,Crewe Alexandra FC (4)
?,(Sat) 29 Aug 1953 (34),Darlington FC (4),0-3,?,Port Vale FC (4)
?,(Sat) 29 Aug 1953 (34),Wrexham AFC (4),4-2,?,Carlisle United FC (3)
?,(Sat) 29 Aug 1953 (34),Stockport County FC (4),3-2,?,Grimsby Town FC (4)
?,(Sat) 29 Aug 1953 (34),Scunthorpe United FC (3),3-0,?,York City FC (4)
?,(Sat) 29 Aug 1953 (34),Mansfield Town FC (4),3-1,?,FC Halifax Town (4)
?,(Sat) 29 Aug 1953 (34),Gateshead FC (4),2-1,?,Chester FC (3)
?,(Sat) 29 Aug 1953 (34),Workington AFC (3),0-1,?,Southport FC (4)
?,(Mon) 31 Aug 1953 (35),FC Halifax Town (5),0-1,?,Stockport County FC (5)
?,(Mon) 31 Aug 1953 (35),Bradford Park Avenue AFC (4),1-1,?,Crewe Alexandra FC (5)
?,(Mon) 31 Aug 1953 (35),York City FC (5),5-0,?,Hartlepool United FC (4)
?,(Mon) 31 Aug 1953 (35),Chesterfield FC (5),1-0,?,Wrexham AFC (5)
?,(Mon) 31 Aug 1953 (35),Port Vale FC (5),4-0,?,Barrow AFC (4)
?,(Mon) 31 Aug 1953 (35),Mansfield Town FC (5),0-0,?,Bradford City AFC (5)
?,(Mon) 31 Aug 1953 (35),Workington AFC (4),3-1,?,Accrington Stanley FC (4)
?,(Tue) 1 Sep 1953 (35),Carlisle United FC (4),3-3,?,Grimsby Town FC (5)
?,(Tue) 1 Sep 1953 (35),Southport FC (5),3-0,?,Darlington FC (5)
?,(Tue) 1 Sep 1953 (35),Tranmere Rovers FC (4),5-1,?,Rochdale AFC (4)
?,(Wed) 2 Sep 1953 (35),Barnsley FC (5),3-0,?,Chester FC (4)
?,(Thu) 3 Sep 1953 (35),Scunthorpe United FC (4),1-1,?,Gateshead FC (5)
?,(Sat) 5 Sep 1953 (35),Grimsby Town FC (6),3-2,?,Rochdale AFC (5)
?,(Sat) 5 Sep 1953 (35),Crewe Alexandra FC (6),3-1,?,Gateshead FC (6)
?,(Sat) 5 Sep 1953 (35),FC Halifax Town (6),2-0,?,Barrow AFC (5)
?,(Sat) 5 Sep 1953 (35),Accrington Stanley FC (5),1-2,?,Wrexham AFC (6)
?,(Sat) 5 Sep 1953 (35),Bradford Park Avenue AFC (5),2-2,?,Darlington FC (6)
?,(Sat) 5 Sep 1953 (35),Barnsley FC (6),4-1,?,Chesterfield FC (6)
?,(Sat) 5 Sep 1953 (35),Carlisle United FC (5),5-0,?,Mansfield Town FC (6)
?,(Sat) 5 Sep 1953 (35),Southport FC (6),4-3,?,Scunthorpe United FC (5)
?,(Sat) 5 Sep 1953 (35),Chester FC (5),3-0,?,Workington AFC (5)
?,(Sat) 5 Sep 1953 (35),York City FC (6),0-0,?,Stockport County FC (6)
?,(Sat) 5 Sep 1953 (35),Port Vale FC (6),3-1,?,Hartlepool United FC (5)
?,(Sat) 5 Sep 1953 (35),Tranmere Rovers FC (5),0-1,?,Bradford City AFC (6)
?,(Mon) 7 Sep 1953 (36),Port Vale FC (7),2-0,?,Bradford Park Avenue AFC (6)
?,(Mon) 7 Sep 1953 (36),Workington AFC (6),1-3,?,Scunthorpe United FC (6)
?,(Mon) 7 Sep 1953 (36),Hartlepool United FC (6),1-1,?,Southport FC (7)
?,(Mon) 7 Sep 1953 (36),Gateshead FC (7),3-0,?,York City FC (7)
?,(Mon) 7 Sep 1953 (36),Stockport County FC (7),3-2,?,Carlisle United FC (6)
?,(Mon) 7 Sep 1953 (36),Crewe Alexandra FC (7),3-2,?,Barnsley FC (7)
?,(Tue) 8 Sep 1953 (36),Rochdale AFC (6),0-1,?,FC Halifax Town (7)
?,(Wed) 9 Sep 1953 (36),Grimsby Town FC (7),2-0,?,Accrington Stanley FC (6)
?,(Wed) 9 Sep 1953 (36),Bradford City AFC (7),1-0,?,Barrow AFC (6)
?,(Wed) 9 Sep 1953 (36),Darlington FC (7),1-0,?,Chester FC (6)
?,(Wed) 9 Sep 1953 (36),Wrexham AFC (7),3-0,?,Tranmere Rovers FC (6)
?,(Sat) 12 Sep 1953 (36),Gateshead FC (8),1-0,?,Port Vale FC (8)
?,(Sat) 12 Sep 1953 (36),Darlington FC (8),1-1,?,Barnsley FC (8)
?,(Sat) 12 Sep 1953 (36),Bradford City AFC (8),2-0,?,FC Halifax Town (8)
?,(Sat) 12 Sep 1953 (36),Hartlepool United FC (7),0-2,?,Bradford Park Avenue AFC (7)
?,(Sat) 12 Sep 1953 (36),Mansfield Town FC (7),1-1,?,Accrington Stanley FC (7)
?,(Sat) 12 Sep 1953 (36),Chesterfield FC (7),2-1,?,Tranmere Rovers FC (7)
?,(Sat) 12 Sep 1953 (36),Wrexham AFC (8),4-0,?,Grimsby Town FC (8)
?,(Sat) 12 Sep 1953 (36),Rochdale AFC (7),0-0,?,Stockport County FC (8)
?,(Sat) 12 Sep 1953 (36),Scunthorpe United FC (7),1-0,?,Chester FC (7)
?,(Sat) 12 Sep 1953 (36),York City FC (8),2-1,?,Southport FC (8)
?,(Sat) 12 Sep 1953 (36),Barrow AFC (7),1-1,?,Carlisle United FC (7)
?,(Sat) 12 Sep 1953 (36),Workington AFC (7),1-2,?,Crewe Alexandra FC (8)
?,(Mon) 14 Sep 1953 (37),Mansfield Town FC (8),2-2,?,Chesterfield FC (8)
?,(Mon) 14 Sep 1953 (37),Barrow AFC (8),3-0,?,Bradford City AFC (9)
?,(Mon) 14 Sep 1953 (37),York City FC (9),1-1,?,Gateshead FC (9)
?,(Mon) 14 Sep 1953 (37),FC Halifax Town (9),1-1,?,Rochdale AFC (8)
?,(Tue) 15 Sep 1953 (37),Southport FC (9),2-1,?,Hartlepool United FC (8)
?,(Tue) 15 Sep 1953 (37),Carlisle United FC (8),2-0,?,Stockport County FC (9)
?,(Tue) 15 Sep 1953 (37),Tranmere Rovers FC (8),6-1,?,Wrexham AFC (9)
?,(Wed) 16 Sep 1953 (37),Accrington Stanley FC (8),3-1,?,Grimsby Town FC (9)
?,(Wed) 16 Sep 1953 (37),Chester FC (8),2-2,?,Darlington FC (9)
?,(Wed) 16 Sep 1953 (37),Bradford Park Avenue AFC (8),1-2,?,Port Vale FC (9)
?,(Wed) 16 Sep 1953 (37),Barnsley FC (9),1-1,?,Crewe Alexandra FC (9)
?,(Thu) 17 Sep 1953 (37),Scunthorpe United FC (8),4-1,?,Workington AFC (8)
?,(Sat) 19 Sep 1953 (37),Carlisle United FC (9),2-0,?,Bradford City AFC (10)
?,(Sat) 19 Sep 1953 (37),Stockport County FC (10),2-2,?,Wrexham AFC (10)
?,(Sat) 19 Sep 1953 (37),Crewe Alexandra FC (10),1-1,?,Scunthorpe United FC (9)
?,(Sat) 19 Sep 1953 (37),Southport FC (10),1-1,?,Rochdale AFC (9)
?,(Sat) 19 Sep 1953 (37),Port Vale FC (10),2-0,?,Workington AFC (9)
?,(Sat) 19 Sep 1953 (37),Darlington FC (10),2-1,?,Tranmere Rovers FC (9)
?,(Sat) 19 Sep 1953 (37),Grimsby Town FC (10),0-2,?,Mansfield Town FC (9)
?,(Sat) 19 Sep 1953 (37),Accrington Stanley FC (9),3-2,?,Barrow AFC (9)
?,(Sat) 19 Sep 1953 (37),Barnsley FC (10),3-2,?,Hartlepool United FC (9)
?,(Sat) 19 Sep 1953 (37),Chester FC (9),3-1,?,York City FC (10)
?,(Sat) 19 Sep 1953 (37),Bradford Park Avenue AFC (9),3-1,?,Gateshead FC (10)
?,(Sat) 19 Sep 1953 (37),FC Halifax Town (10),2-1,?,Chesterfield FC (9)
?,(Mon) 21 Sep 1953 (38),Barrow AFC (10),4-2,?,Mansfield Town FC (10)
?,(Mon) 21 Sep 1953 (38),Port Vale FC (11),1-0,?,Crewe Alexandra FC (11)
?,(Mon) 21 Sep 1953 (38),Hartlepool United FC (10),3-2,?,Scunthorpe United FC (10)
?,(Mon) 21 Sep 1953 (38),York City FC (11),3-3,?,Darlington FC (11)
?,(Mon) 21 Sep 1953 (38),Gateshead FC (11),4-1,?,Workington AFC (10)
?,(Mon) 21 Sep 1953 (38),Stockport County FC (11),6-0,?,Tranmere Rovers FC (10)
?,(Tue) 22 Sep 1953 (38),Carlisle United FC (10),2-1,?,Accrington Stanley FC (10)
?,(Tue) 22 Sep 1953 (38),Rochdale AFC (10),0-1,?,Chesterfield FC (10)
?,(Wed) 23 Sep 1953 (38),Grimsby Town FC (11),2-1,?,FC Halifax Town (11)
?,(Wed) 23 Sep 1953 (38),Chester FC (10),2-3,?,Bradford Park Avenue AFC (10)
?,(Wed) 23 Sep 1953 (38),Bradford City AFC (11),1-2,?,Wrexham AFC (11)
?,(Wed) 23 Sep 1953 (38),Barnsley FC (11),2-1,?,Southport FC (11)
?,(Sat) 26 Sep 1953 (38),Tranmere Rovers FC (11),1-0,?,FC Halifax Town (12)
?,(Sat) 26 Sep 1953 (38),Wrexham AFC (12),2-0,?,Rochdale AFC (11)
?,(Sat) 26 Sep 1953 (38),Gateshead FC (12),0-0,?,Barnsley FC (12)
?,(Sat) 26 Sep 1953 (38),Scunthorpe United FC (11),0-2,?,Port Vale FC (12)
?,(Sat) 26 Sep 1953 (38),Chesterfield FC (11),5-0,?,Carlisle United FC (11)
?,(Sat) 26 Sep 1953 (38),Bradford City AFC (12),1-0,?,Accrington Stanley FC (11)
?,(Sat) 26 Sep 1953 (38),Hartlepool United FC (11),1-0,?,Darlington FC (12)
?,(Sat) 26 Sep 1953 (38),Barrow AFC (11),4-0,?,Grimsby Town FC (12)
?,(Sat) 26 Sep 1953 (38),Southport FC (12),0-1,?,Chester FC (11)
?,(Sat) 26 Sep 1953 (38),Workington AFC (11),1-1,?,Bradford Park Avenue AFC (11)
?,(Sat) 26 Sep 1953 (38),York City FC (12),0-3,?,Crewe Alexandra FC (12)
?,(Sat) 26 Sep 1953 (38),Mansfield Town FC (11),3-1,?,Stockport County FC (12)
?,(Mon) 28 Sep 1953 (39),FC Halifax Town (13),2-0,?,Grimsby Town FC (13)
?,(Mon) 28 Sep 1953 (39),Workington AFC (12),2-0,?,Gateshead FC (13)
?,(Mon) 28 Sep 1953 (39),Chesterfield FC (12),2-1,?,Rochdale AFC (12)
?,(Mon) 28 Sep 1953 (39),Mansfield Town FC (12),2-3,?,Barrow AFC (12)
?,(Mon) 28 Sep 1953 (39),Accrington Stanley FC (12),2-2,?,Carlisle United FC (12)
?,(Mon) 28 Sep 1953 (39),Crewe Alexandra FC (13),0-0,?,Port Vale FC (13)
?,(Tue) 29 Sep 1953 (39),Tranmere Rovers FC (12),2-2,?,Stockport County FC (13)
?,(Wed) 30 Sep 1953 (39),Bradford Park Avenue AFC (12),5-0,?,Chester FC (12)
?,(Wed) 30 Sep 1953 (39),Wrexham AFC (13),0-1,?,Bradford City AFC (13)
?,(Thu) 1 Oct 1953 (39),Scunthorpe United FC (12),0-0,?,Hartlepool United FC (12)
?,(Sat) 3 Oct 1953 (39),Port Vale FC (14),5-0,?,York City FC (13)
?,(Sat) 3 Oct 1953 (39),Barnsley FC (13),4-2,?,Workington AFC (13)
?,(Sat) 3 Oct 1953 (39),Hartlepool United FC (13),2-0,?,FC Halifax Town (14)
?,(Sat) 3 Oct 1953 (39),Carlisle United FC (13),0-2,?,Tranmere Rovers FC (13)
?,(Sat) 3 Oct 1953 (39),Stockport County FC (14),5-1,?,Barrow AFC (13)
?,(Sat) 3 Oct 1953 (39),Darlington FC (13),0-2,?,Gateshead FC (14)
?,(Sat) 3 Oct 1953 (39),Bradford Park Avenue AFC (13),2-2,?,Scunthorpe United FC (13)
?,(Sat) 3 Oct 1953 (39),Rochdale AFC (13),1-0,?,Mansfield Town FC (13)
?,(Sat) 3 Oct 1953 (39),Crewe Alexandra FC (14),0-0,?,Southport FC (13)
?,(Sat) 3 Oct 1953 (39),Grimsby Town FC (14),1-0,?,Bradford City AFC (14)
?,(Sat) 3 Oct 1953 (39),Accrington Stanley FC (13),2-2,?,Chesterfield FC (13)
?,(Sat) 3 Oct 1953 (39),Chester FC (13),2-1,?,Wrexham AFC (14)
?,(Sat) 10 Oct 1953 (40),Accrington Stanley FC (14),2-0,?,Hartlepool United FC (14)
?,(Sat) 10 Oct 1953 (40),Grimsby Town FC (15),2-0,?,Gateshead FC (15)
?,(Sat) 10 Oct 1953 (40),Wrexham AFC (15),1-1,?,York City FC (14)
?,(Sat) 10 Oct 1953 (40),Stockport County FC (15),2-0,?,Workington AFC (14)
?,(Sat) 10 Oct 1953 (40),Mansfield Town FC (14),4-2,?,Southport FC (14)
?,(Sat) 10 Oct 1953 (40),Rochdale AFC (14),1-1,?,Scunthorpe United FC (14)
?,(Sat) 10 Oct 1953 (40),Carlisle United FC (14),1-1,?,Darlington FC (14)
?,(Sat) 10 Oct 1953 (40),Bradford City AFC (15),3-0,?,Crewe Alexandra FC (15)
?,(Sat) 10 Oct 1953 (40),Tranmere Rovers FC (14),1-1,?,Bradford Park Avenue AFC (14)
?,(Sat) 10 Oct 1953 (40),Chesterfield FC (14),1-2,?,Port Vale FC (15)
?,(Sat) 10 Oct 1953 (40),Barrow AFC (14),2-1,?,Chester FC (14)
?,(Sat) 10 Oct 1953 (40),FC Halifax Town (15),1-2,?,Barnsley FC (14)
?,(Sat) 17 Oct 1953 (41),Hartlepool United FC (15),3-0,?,Grimsby Town FC (16)
?,(Sat) 17 Oct 1953 (41),Crewe Alexandra FC (16),2-0,?,Chesterfield FC (15)
?,(Sat) 17 Oct 1953 (41),Chester FC (15),3-0,?,Bradford City AFC (16)
?,(Sat) 17 Oct 1953 (41),Southport FC (15),0-1,?,Barrow AFC (15)
?,(Sat) 17 Oct 1953 (41),York City FC (15),5-1,?,Mansfield Town FC (15)
?,(Sat) 17 Oct 1953 (41),Barnsley FC (15),1-1,?,Carlisle United FC (15)
?,(Sat) 17 Oct 1953 (41),Port Vale FC (16),2-0,?,Tranmere Rovers FC (15)
?,(Sat) 17 Oct 1953 (41),Workington AFC (15),0-1,?,Rochdale AFC (15)
?,(Sat) 17 Oct 1953 (41),Scunthorpe United FC (15),3-1,?,Wrexham AFC (16)
?,(Sat) 17 Oct 1953 (41),Gateshead FC (16),4-2,?,Stockport County FC (16)
?,(Sat) 17 Oct 1953 (41),Bradford Park Avenue AFC (15),4-2,?,FC Halifax Town (16)
?,(Sat) 17 Oct 1953 (41),Darlington FC (15),4-1,?,Accrington Stanley FC (15)
?,(Sat) 24 Oct 1953 (42),Accrington Stanley FC (16),3-0,?,Barnsley FC (16)
?,(Sat) 24 Oct 1953 (42),Barrow AFC (16),4-1,?,York City FC (16)
?,(Sat) 24 Oct 1953 (42),Wrexham AFC (17),8-0,?,Workington AFC (16)
?,(Sat) 24 Oct 1953 (42),Rochdale AFC (16),0-1,?,Gateshead FC (17)
?,(Sat) 24 Oct 1953 (42),Tranmere Rovers FC (16),1-0,?,Crewe Alexandra FC (17)
?,(Sat) 24 Oct 1953 (42),Stockport County FC (17),1-0,?,Hartlepool United FC (16)
?,(Sat) 24 Oct 1953 (42),Carlisle United FC (16),0-1,?,Bradford Park Avenue AFC (16)
?,(Sat) 24 Oct 1953 (42),Grimsby Town FC (17),1-0,?,Darlington FC (16)
?,(Sat) 24 Oct 1953 (42),Bradford City AFC (17),4-1,?,Southport FC (16)
?,(Sat) 24 Oct 1953 (42),Mansfield Town FC (16),2-1,?,Scunthorpe United FC (16)
?,(Sat) 24 Oct 1953 (42),Chesterfield FC (16),4-0,?,Chester FC (16)
?,(Sat) 24 Oct 1953 (42),FC Halifax Town (17),0-1,?,Port Vale FC (17)
?,(Sat) 31 Oct 1953 (43),Scunthorpe United FC (17),3-2,?,Barrow AFC (17)
?,(Sat) 31 Oct 1953 (43),Barnsley FC (17),0-0,?,Grimsby Town FC (18)
?,(Sat) 31 Oct 1953 (43),Darlington FC (17),1-0,?,Stockport County FC (18)
?,(Sat) 31 Oct 1953 (43),Workington AFC (17),1-1,?,Mansfield Town FC (17)
?,(Sat) 31 Oct 1953 (43),Chester FC (17),1-2,?,Tranmere Rovers FC (17)
?,(Sat) 31 Oct 1953 (43),Bradford Park Avenue AFC (17),6-4,?,Accrington Stanley FC (17)
?,(Sat) 31 Oct 1953 (43),Gateshead FC (18),3-1,?,Wrexham AFC (18)
?,(Sat) 31 Oct 1953 (43),Hartlepool United FC (17),6-0,?,Rochdale AFC (17)
?,(Sat) 31 Oct 1953 (43),Southport FC (17),2-1,?,Chesterfield FC (17)
?,(Sat) 31 Oct 1953 (43),Port Vale FC (18),1-0,?,Carlisle United FC (17)
?,(Sat) 31 Oct 1953 (43),Crewe Alexandra FC (18),3-1,?,FC Halifax Town (18)
?,(Sat) 31 Oct 1953 (43),York City FC (17),3-2,?,Bradford City AFC (18)
?,(Sat) 7 Nov 1953 (44),Mansfield Town FC (18),1-1,?,Gateshead FC (19)
?,(Sat) 7 Nov 1953 (44),Carlisle United FC (18),5-0,?,Crewe Alexandra FC (19)
?,(Sat) 7 Nov 1953 (44),Wrexham AFC (19),2-0,?,Hartlepool United FC (18)
?,(Sat) 7 Nov 1953 (44),Chesterfield FC (18),3-2,?,York City FC (18)
?,(Sat) 7 Nov 1953 (44),Stockport County FC (19),3-0,?,Barnsley FC (18)
?,(Sat) 7 Nov 1953 (44),Barrow AFC (18),0-1,?,Workington AFC (18)
?,(Sat) 7 Nov 1953 (44),FC Halifax Town (19),1-1,?,Chester FC (18)
?,(Sat) 7 Nov 1953 (44),Grimsby Town FC (19),0-0,?,Bradford Park Avenue AFC (18)
?,(Sat) 7 Nov 1953 (44),Tranmere Rovers FC (18),2-0,?,Southport FC (18)
?,(Sat) 7 Nov 1953 (44),Rochdale AFC (18),3-0,?,Darlington FC (18)
?,(Sat) 7 Nov 1953 (44),Bradford City AFC (19),1-3,?,Scunthorpe United FC (18)
?,(Sat) 7 Nov 1953 (44),Accrington Stanley FC (18),2-2,?,Port Vale FC (19)
?,(Sat) 14 Nov 1953 (45),Bradford Park Avenue AFC (19),3-2,?,Stockport County FC (20)
?,(Sat) 14 Nov 1953 (45),York City FC (19),0-0,?,Tranmere Rovers FC (19)
?,(Sat) 14 Nov 1953 (45),Chester FC (19),0-1,?,Carlisle United FC (19)
?,(Sat) 14 Nov 1953 (45),Hartlepool United FC (19),3-1,?,Mansfield Town FC (19)
?,(Sat) 14 Nov 1953 (45),Southport FC (19),1-0,?,FC Halifax Town (20)
?,(Sat) 14 Nov 1953 (45),Gateshead FC (20),1-0,?,Barrow AFC (19)
?,(Sat) 14 Nov 1953 (45),Crewe Alexandra FC (20),0-3,?,Accrington Stanley FC (19)
?,(Sat) 14 Nov 1953 (45),Scunthorpe United FC (19),2-1,?,Chesterfield FC (19)
?,(Sat) 14 Nov 1953 (45),Darlington FC (19),0-2,?,Wrexham AFC (20)
?,(Sat) 14 Nov 1953 (45),Workington AFC (19),2-2,?,Bradford City AFC (20)
?,(Sat) 14 Nov 1953 (45),Port Vale FC (20),2-0,?,Grimsby Town FC (20)
?,(Sat) 14 Nov 1953 (45),Barnsley FC (19),2-1,?,Rochdale AFC (19)
?,(Sat) 28 Nov 1953 (47),Scunthorpe United FC (20),3-2,?,FC Halifax Town (21)
?,(Sat) 28 Nov 1953 (47),Barnsley FC (20),2-1,?,Mansfield Town FC (20)
?,(Sat) 28 Nov 1953 (47),Bradford Park Avenue AFC (20),2-0,?,Wrexham AFC (21)
?,(Sat) 28 Nov 1953 (47),Hartlepool United FC (20),1-1,?,Bradford City AFC (21)
?,(Sat) 28 Nov 1953 (47),Crewe Alexandra FC (21),1-5,?,Stockport County FC (21)
?,(Sat) 28 Nov 1953 (47),Gateshead FC (21),3-3,?,Chesterfield FC (20)
?,(Sat) 28 Nov 1953 (47),Workington AFC (20),2-1,?,Tranmere Rovers FC (20)
?,(Sat) 28 Nov 1953 (47),York City FC (20),1-3,?,Carlisle United FC (20)
?,(Sat) 28 Nov 1953 (47),Chester FC (20),1-1,?,Grimsby Town FC (21)
?,(Sat) 28 Nov 1953 (47),Port Vale FC (21),6-0,?,Rochdale AFC (20)
?,(Sat) 28 Nov 1953 (47),Darlington FC (20),1-3,?,Barrow AFC (20)
?,(Sat) 28 Nov 1953 (47),Southport FC (20),5-3,?,Accrington Stanley FC (20)
?,(Sat) 5 Dec 1953 (48),Rochdale AFC (21),4-1,?,Crewe Alexandra FC (22)
?,(Sat) 5 Dec 1953 (48),Carlisle United FC (21),5-1,?,Scunthorpe United FC (21)
?,(Sat) 5 Dec 1953 (48),Tranmere Rovers FC (21),1-4,?,Gateshead FC (22)
?,(Sat) 5 Dec 1953 (48),Wrexham AFC (22),1-1,?,Port Vale FC (22)
?,(Sat) 5 Dec 1953 (48),Bradford City AFC (22),2-0,?,Darlington FC (21)
?,(Sat) 5 Dec 1953 (48),Accrington Stanley FC (21),2-0,?,York City FC (21)
?,(Sat) 5 Dec 1953 (48),Mansfield Town FC (21),1-1,?,Bradford Park Avenue AFC (21)
?,(Sat) 5 Dec 1953 (48),Barrow AFC (21),0-1,?,Barnsley FC (21)
?,(Sat) 5 Dec 1953 (48),Chesterfield FC (21),2-1,?,Hartlepool United FC (21)
?,(Sat) 5 Dec 1953 (48),FC Halifax Town (22),3-0,?,Workington AFC (21)
?,(Sat) 5 Dec 1953 (48),Stockport County FC (22),5-0,?,Chester FC (21)
?,(Sat) 5 Dec 1953 (48),Grimsby Town FC (22),1-2,?,Southport FC (21)
?,(Sat) 12 Dec 1953 (49),Chester FC (22),2-0,?,Rochdale AFC (22)
?,(Sat) 12 Dec 1953 (49),Mansfield Town FC (22),6-0,?,Darlington FC (22)
?,(Sat) 12 Dec 1953 (49),Gateshead FC (23),4-0,?,FC Halifax Town (23)
?,(Sat) 19 Dec 1953 (50),Barrow AFC (22),2-2,?,Chesterfield FC (22)
?,(Sat) 19 Dec 1953 (50),Scunthorpe United FC (22),2-1,?,Grimsby Town FC (23)
?,(Sat) 19 Dec 1953 (50),Mansfield Town FC (23),2-0,?,Tranmere Rovers FC (22)
?,(Sat) 19 Dec 1953 (50),Darlington FC (23),0-1,?,Crewe Alexandra FC (23)
?,(Sat) 19 Dec 1953 (50),Rochdale AFC (23),2-1,?,Carlisle United FC (22)
?,(Sat) 19 Dec 1953 (50),Bradford City AFC (23),3-0,?,Bradford Park Avenue AFC (22)
?,(Sat) 19 Dec 1953 (50),Stockport County FC (23),1-1,?,Accrington Stanley FC (22)
?,(Sat) 19 Dec 1953 (50),Hartlepool United FC (22),2-0,?,Chester FC (23)
?,(Sat) 19 Dec 1953 (50),Gateshead FC (24),1-0,?,Southport FC (22)
?,(Sat) 19 Dec 1953 (50),Workington AFC (22),5-2,?,York City FC (22)
?,(Sat) 19 Dec 1953 (50),Wrexham AFC (23),5-0,?,FC Halifax Town (24)
?,(Sat) 19 Dec 1953 (50),Barnsley FC (22),0-1,?,Port Vale FC (23)
?,(Fri) 25 Dec 1953 (51),Barrow AFC (23),1-0,?,Wrexham AFC (24)
?,(Fri) 25 Dec 1953 (51),Grimsby Town FC (24),1-0,?,Tranmere Rovers FC (23)
?,(Fri) 25 Dec 1953 (51),Mansfield Town FC (24),6-0,?,Crewe Alexandra FC (24)
?,(Fri) 25 Dec 1953 (51),Stockport County FC (24),6-1,?,Chesterfield FC (23)
?,(Fri) 25 Dec 1953 (51),Workington AFC (23),0-0,?,Hartlepool United FC (23)
?,(Fri) 25 Dec 1953 (51),FC Halifax Town (25),2-0,?,Accrington Stanley FC (23)
?,(Fri) 25 Dec 1953 (51),Gateshead FC (25),2-2,?,Carlisle United FC (23)
?,(Fri) 25 Dec 1953 (51),Port Vale FC (24),1-0,?,Chester FC (24)
?,(Fri) 25 Dec 1953 (51),Scunthorpe United FC (23),1-1,?,Darlington FC (24)
?,(Fri) 25 Dec 1953 (51),Rochdale AFC (24),3-2,?,Bradford City AFC (24)
?,(Fri) 25 Dec 1953 (51),Southport FC (23),1-0,?,Bradford Park Avenue AFC (23)
?,(Fri) 25 Dec 1953 (51),York City FC (23),0-2,?,Barnsley FC (23)
?,(Sat) 26 Dec 1953 (51),Carlisle United FC (24),1-0,?,Gateshead FC (26)
?,(Sat) 26 Dec 1953 (51),Wrexham AFC (25),1-2,?,Barrow AFC (24)
?,(Sat) 26 Dec 1953 (51),Crewe Alexandra FC (25),0-0,?,Mansfield Town FC (25)
?,(Sat) 26 Dec 1953 (51),Chester FC (25),0-1,?,Port Vale FC (25)
?,(Sat) 26 Dec 1953 (51),Bradford City AFC (25),4-0,?,Rochdale AFC (25)
?,(Sat) 26 Dec 1953 (51),Tranmere Rovers FC (24),2-4,?,Grimsby Town FC (25)
?,(Sat) 26 Dec 1953 (51),Accrington Stanley FC (24),3-0,?,FC Halifax Town (26)
?,(Sat) 26 Dec 1953 (51),Barnsley FC (24),2-1,?,York City FC (24)
?,(Sat) 26 Dec 1953 (51),Hartlepool United FC (24),2-2,?,Workington AFC (24)
?,(Sat) 26 Dec 1953 (51),Chesterfield FC (24),4-0,?,Stockport County FC (25)
?,(Sat) 26 Dec 1953 (51),Darlington FC (25),3-0,?,Scunthorpe United FC (24)
?,(Mon) 28 Dec 1953 (52),Rochdale AFC (26),4-0,?,Chester FC (26)
?,(Mon) 28 Dec 1953 (52),Barrow AFC (25),3-1,?,Crewe Alexandra FC (26)
?,(Mon) 28 Dec 1953 (52),Bradford Park Avenue AFC (24),1-1,?,Southport FC (24)
?,(Fri) 1 Jan 1954 (0),Accrington Stanley FC (25),0-1,?,Scunthorpe United FC (25)
?,(Fri) 1 Jan 1954 (0),Southport FC (25),5-2,?,Barnsley FC (25)
?,(Fri) 1 Jan 1954 (0),Tranmere Rovers FC (25),3-2,?,Hartlepool United FC (25)
?,(Fri) 1 Jan 1954 (0),Chesterfield FC (25),0-0,?,Mansfield Town FC (26)
?,(Fri) 1 Jan 1954 (0),Barrow AFC (26),4-1,?,Bradford Park Avenue AFC (25)
?,(Fri) 1 Jan 1954 (0),Darlington FC (26),1-3,?,York City FC (25)
?,(Fri) 1 Jan 1954 (0),Carlisle United FC (25),2-2,?,Workington AFC (25)
?,(Sat) 2 Jan 1954 (0),Bradford Park Avenue AFC (26),0-2,?,Barnsley FC (26)
?,(Sat) 2 Jan 1954 (0),FC Halifax Town (27),2-0,?,Mansfield Town FC (27)
?,(Sat) 2 Jan 1954 (0),York City FC (26),2-0,?,Scunthorpe United FC (26)
?,(Sat) 2 Jan 1954 (0),Crewe Alexandra FC (27),3-0,?,Hartlepool United FC (26)
?,(Sat) 2 Jan 1954 (0),Southport FC (26),1-1,?,Workington AFC (26)
?,(Sat) 2 Jan 1954 (0),Chesterfield FC (26),2-3,?,Bradford City AFC (26)
?,(Sat) 2 Jan 1954 (0),Carlisle United FC (26),0-0,?,Wrexham AFC (26)
?,(Sat) 2 Jan 1954 (0),Chester FC (27),5-0,?,Gateshead FC (27)
?,(Sat) 2 Jan 1954 (0),Grimsby Town FC (26),1-0,?,Stockport County FC (26)
?,(Sat) 2 Jan 1954 (0),Tranmere Rovers FC (26),1-0,?,Barrow AFC (27)
?,(Sat) 9 Jan 1954 (1),Rochdale AFC (27),1-2,?,York City FC (27)
?,(Sat) 9 Jan 1954 (1),Gateshead FC (28),4-0,?,Accrington Stanley FC (26)
?,(Sat) 9 Jan 1954 (1),Mansfield Town FC (28),2-1,?,Chester FC (28)
?,(Sat) 9 Jan 1954 (1),Barnsley FC (27),4-2,?,Bradford City AFC (27)
?,(Sat) 9 Jan 1954 (1),FC Halifax Town (28),0-0,?,Darlington FC (27)
?,(Sat) 9 Jan 1954 (1),Workington AFC (27),2-2,?,Carlisle United FC (27)
?,(Sat) 16 Jan 1954 (2),Darlington FC (28),2-1,?,Bradford Park Avenue AFC (27)
?,(Sat) 16 Jan 1954 (2),Barrow AFC (28),1-1,?,FC Halifax Town (29)
?,(Sat) 16 Jan 1954 (2),Chesterfield FC (27),1-1,?,Barnsley FC (28)
?,(Sat) 16 Jan 1954 (2),Scunthorpe United FC (27),1-1,?,Southport FC (27)
?,(Sat) 16 Jan 1954 (2),Wrexham AFC (27),4-2,?,Accrington Stanley FC (27)
?,(Sat) 16 Jan 1954 (2),Workington AFC (28),2-0,?,Chester FC (29)
?,(Sat) 16 Jan 1954 (2),Rochdale AFC (28),4-1,?,Grimsby Town FC (27)
?,(Sat) 16 Jan 1954 (2),Mansfield Town FC (29),2-1,?,Carlisle United FC (28)
?,(Sat) 16 Jan 1954 (2),Bradford City AFC (28),1-0,?,Tranmere Rovers FC (27)
?,(Sat) 16 Jan 1954 (2),Hartlepool United FC (27),2-1,?,Port Vale FC (26)
?,(Sat) 16 Jan 1954 (2),Stockport County FC (27),0-1,?,York City FC (28)
?,(Sat) 16 Jan 1954 (2),Gateshead FC (29),2-0,?,Crewe Alexandra FC (28)
?,(Sat) 23 Jan 1954 (3),Crewe Alexandra FC (29),2-3,?,Workington AFC (29)
?,(Sat) 23 Jan 1954 (3),Grimsby Town FC (28),0-0,?,Wrexham AFC (28)
?,(Sat) 23 Jan 1954 (3),Bradford Park Avenue AFC (28),5-0,?,Hartlepool United FC (28)
?,(Sat) 23 Jan 1954 (3),Barnsley FC (29),5-1,?,Darlington FC (29)
?,(Sat) 23 Jan 1954 (3),Southport FC (28),1-1,?,York City FC (29)
?,(Sat) 23 Jan 1954 (3),Carlisle United FC (29),2-2,?,Barrow AFC (29)
?,(Sat) 23 Jan 1954 (3),Stockport County FC (28),1-2,?,Rochdale AFC (29)
?,(Sat) 23 Jan 1954 (3),Port Vale FC (27),0-0,?,Gateshead FC (30)
?,(Sat) 23 Jan 1954 (3),Accrington Stanley FC (28),5-1,?,Mansfield Town FC (30)
?,(Sat) 23 Jan 1954 (3),Tranmere Rovers FC (28),1-2,?,Chesterfield FC (28)
?,(Sat) 23 Jan 1954 (3),FC Halifax Town (30),0-1,?,Bradford City AFC (29)
?,(Sat) 23 Jan 1954 (3),Chester FC (30),0-0,?,Scunthorpe United FC (28)
?,(Sat) 30 Jan 1954 (4),Darlington FC (30),1-1,?,FC Halifax Town (31)
?,(Sat) 30 Jan 1954 (4),York City FC (30),1-2,?,Rochdale AFC (30)
?,(Sat) 30 Jan 1954 (4),Crewe Alexandra FC (30),2-0,?,Barrow AFC (30)
?,(Sat) 30 Jan 1954 (4),Carlisle United FC (30),2-3,?,Hartlepool United FC (29)
?,(Sat) 30 Jan 1954 (4),Grimsby Town FC (29),1-0,?,Workington AFC (30)
?,(Sat) 30 Jan 1954 (4),Accrington Stanley FC (29),2-2,?,Gateshead FC (31)
?,(Sat) 30 Jan 1954 (4),Southport FC (29),4-0,?,Wrexham AFC (29)
?,(Sat) 6 Feb 1954 (5),Hartlepool United FC (30),0-1,?,Barnsley FC (30)
?,(Sat) 6 Feb 1954 (5),Bradford City AFC (30),1-0,?,Carlisle United FC (31)
?,(Sat) 6 Feb 1954 (5),Scunthorpe United FC (29),2-2,?,Crewe Alexandra FC (31)
?,(Sat) 6 Feb 1954 (5),York City FC (31),2-1,?,Chester FC (31)
?,(Sat) 6 Feb 1954 (5),Rochdale AFC (31),2-0,?,Southport FC (30)
?,(Sat) 6 Feb 1954 (5),Workington AFC (31),2-0,?,Port Vale FC (28)
?,(Sat) 6 Feb 1954 (5),Chesterfield FC (29),1-2,?,FC Halifax Town (32)
?,(Sat) 6 Feb 1954 (5),Wrexham AFC (30),1-0,?,Stockport County FC (29)
?,(Sat) 6 Feb 1954 (5),Mansfield Town FC (31),5-1,?,Grimsby Town FC (30)
?,(Sat) 13 Feb 1954 (6),Crewe Alexandra FC (32),1-1,?,York City FC (32)
?,(Sat) 13 Feb 1954 (6),Port Vale FC (29),0-0,?,Scunthorpe United FC (30)
?,(Sat) 13 Feb 1954 (6),Rochdale AFC (32),6-2,?,Wrexham AFC (31)
?,(Sat) 13 Feb 1954 (6),Chester FC (32),1-0,?,Southport FC (31)
?,(Sat) 13 Feb 1954 (6),Stockport County FC (30),3-2,?,Mansfield Town FC (32)
?,(Sat) 13 Feb 1954 (6),Carlisle United FC (32),2-3,?,Chesterfield FC (30)
?,(Sat) 13 Feb 1954 (6),Accrington Stanley FC (30),0-1,?,Bradford City AFC (31)
?,(Sat) 13 Feb 1954 (6),Grimsby Town FC (31),1-0,?,Barrow AFC (31)
?,(Sat) 20 Feb 1954 (7),Barrow AFC (32),1-0,?,Stockport County FC (31)
?,(Sat) 20 Feb 1954 (7),Southport FC (32),1-2,?,Crewe Alexandra FC (33)
?,(Sat) 20 Feb 1954 (7),Gateshead FC (32),1-2,?,Darlington FC (31)
?,(Sat) 20 Feb 1954 (7),Scunthorpe United FC (31),4-1,?,Bradford Park Avenue AFC (29)
?,(Sat) 20 Feb 1954 (7),FC Halifax Town (33),1-0,?,Hartlepool United FC (31)
?,(Sat) 20 Feb 1954 (7),Workington AFC (32),2-0,?,Barnsley FC (31)
?,(Sat) 20 Feb 1954 (7),Chesterfield FC (31),0-0,?,Accrington Stanley FC (31)
?,(Sat) 20 Feb 1954 (7),Bradford City AFC (32),3-0,?,Grimsby Town FC (32)
?,(Sat) 20 Feb 1954 (7),Mansfield Town FC (33),2-0,?,Rochdale AFC (33)
?,(Sat) 20 Feb 1954 (7),Tranmere Rovers FC (29),1-2,?,Carlisle United FC (33)
?,(Sat) 20 Feb 1954 (7),Wrexham AFC (32),2-1,?,Chester FC (33)
?,(Wed) 24 Feb 1954 (8),Bradford Park Avenue AFC (30),3-1,?,Workington AFC (33)
?,(Wed) 24 Feb 1954 (8),York City FC (33),0-1,?,Port Vale FC (30)
?,(Sat) 27 Feb 1954 (8),Darlington FC (32),3-2,?,Carlisle United FC (34)
?,(Sat) 27 Feb 1954 (8),Hartlepool United FC (32),0-1,?,Accrington Stanley FC (32)
?,(Sat) 27 Feb 1954 (8),Workington AFC (34),0-0,?,Stockport County FC (32)
?,(Sat) 27 Feb 1954 (8),Chester FC (34),1-1,?,Barrow AFC (33)
?,(Sat) 27 Feb 1954 (8),Port Vale FC (31),2-2,?,Chesterfield FC (32)
?,(Sat) 27 Feb 1954 (8),Southport FC (33),2-1,?,Mansfield Town FC (34)
?,(Sat) 27 Feb 1954 (8),Barnsley FC (32),1-2,?,FC Halifax Town (34)
?,(Sat) 27 Feb 1954 (8),Scunthorpe United FC (32),1-1,?,Rochdale AFC (34)
?,(Sat) 27 Feb 1954 (8),Bradford Park Avenue AFC (31),1-2,?,Tranmere Rovers FC (30)
?,(Sat) 27 Feb 1954 (8),Gateshead FC (33),7-1,?,Grimsby Town FC (33)
?,(Sat) 27 Feb 1954 (8),Crewe Alexandra FC (34),1-2,?,Bradford City AFC (33)
?,(Sat) 27 Feb 1954 (8),York City FC (34),5-2,?,Wrexham AFC (33)
?,(Wed) 3 Mar 1954 (9),Tranmere Rovers FC (31),0-1,?,Barnsley FC (33)
?,(Sat) 6 Mar 1954 (9),Stockport County FC (33),0-1,?,Gateshead FC (34)
?,(Sat) 6 Mar 1954 (9),Wrexham AFC (34),3-1,?,Scunthorpe United FC (33)
?,(Sat) 6 Mar 1954 (9),Barrow AFC (34),2-3,?,Southport FC (34)
?,(Sat) 6 Mar 1954 (9),Bradford City AFC (34),1-0,?,Chester FC (35)
?,(Sat) 6 Mar 1954 (9),Rochdale AFC (35),4-2,?,Workington AFC (35)
?,(Sat) 6 Mar 1954 (9),Tranmere Rovers FC (32),1-3,?,Port Vale FC (32)
?,(Sat) 6 Mar 1954 (9),Mansfield Town FC (35),7-2,?,York City FC (35)
?,(Sat) 6 Mar 1954 (9),Accrington Stanley FC (33),0-0,?,Darlington FC (33)
?,(Sat) 6 Mar 1954 (9),Chesterfield FC (33),0-2,?,Crewe Alexandra FC (35)
?,(Sat) 6 Mar 1954 (9),Grimsby Town FC (34),3-0,?,Hartlepool United FC (33)
?,(Sat) 6 Mar 1954 (9),Carlisle United FC (35),2-4,?,Barnsley FC (34)
?,(Sat) 6 Mar 1954 (9),FC Halifax Town (35),2-2,?,Bradford Park Avenue AFC (32)
?,(Wed) 10 Mar 1954 (10),Tranmere Rovers FC (33),1-0,?,Darlington FC (34)
?,(Wed) 10 Mar 1954 (10),Stockport County FC (34),1-1,?,Scunthorpe United FC (34)
?,(Wed) 10 Mar 1954 (10),Bradford Park Avenue AFC (33),1-1,?,Chesterfield FC (34)
?,(Sat) 13 Mar 1954 (10),Darlington FC (35),3-0,?,Grimsby Town FC (35)
?,(Sat) 13 Mar 1954 (10),Gateshead FC (35),2-1,?,Rochdale AFC (36)
?,(Sat) 13 Mar 1954 (10),Bradford Park Avenue AFC (34),2-4,?,Carlisle United FC (36)
?,(Sat) 13 Mar 1954 (10),Scunthorpe United FC (35),2-2,?,Mansfield Town FC (36)
?,(Sat) 13 Mar 1954 (10),Barnsley FC (35),5-0,?,Accrington Stanley FC (34)
?,(Sat) 13 Mar 1954 (10),Crewe Alexandra FC (36),1-2,?,Tranmere Rovers FC (34)
?,(Sat) 13 Mar 1954 (10),Chester FC (36),2-2,?,Chesterfield FC (35)
?,(Sat) 13 Mar 1954 (10),Workington AFC (36),1-1,?,Wrexham AFC (35)
?,(Sat) 13 Mar 1954 (10),Southport FC (35),0-1,?,Bradford City AFC (35)
?,(Sat) 13 Mar 1954 (10),York City FC (36),5-2,?,Barrow AFC (35)
?,(Sat) 13 Mar 1954 (10),Hartlepool United FC (34),6-0,?,Stockport County FC (35)
?,(Mon) 15 Mar 1954 (11),Port Vale FC (33),2-0,?,FC Halifax Town (36)
?,(Wed) 17 Mar 1954 (11),Workington AFC (37),2-0,?,Grimsby Town FC (36)
?,(Wed) 17 Mar 1954 (11),Bradford Park Avenue AFC (35),2-1,?,Barrow AFC (36)
?,(Thu) 18 Mar 1954 (11),Scunthorpe United FC (36),1-2,?,Accrington Stanley FC (35)
?,(Sat) 20 Mar 1954 (11),Accrington Stanley FC (36),0-0,?,Bradford Park Avenue AFC (36)
?,(Sat) 20 Mar 1954 (11),Rochdale AFC (37),2-2,?,Hartlepool United FC (35)
?,(Sat) 20 Mar 1954 (11),Wrexham AFC (36),5-1,?,Gateshead FC (36)
?,(Sat) 20 Mar 1954 (11),Mansfield Town FC (37),0-2,?,Workington AFC (38)
?,(Sat) 20 Mar 1954 (11),Grimsby Town FC (37),0-1,?,Barnsley FC (36)
?,(Sat) 20 Mar 1954 (11),Stockport County FC (36),2-0,?,Darlington FC (36)
?,(Sat) 20 Mar 1954 (11),Bradford City AFC (36),1-0,?,York City FC (37)
?,(Sat) 20 Mar 1954 (11),Carlisle United FC (37),0-0,?,Port Vale FC (34)
?,(Sat) 20 Mar 1954 (11),Barrow AFC (37),1-2,?,Scunthorpe United FC (37)
?,(Sat) 20 Mar 1954 (11),Tranmere Rovers FC (35),2-1,?,Chester FC (37)
?,(Sat) 20 Mar 1954 (11),FC Halifax Town (37),1-0,?,Crewe Alexandra FC (37)
?,(Sat) 20 Mar 1954 (11),Chesterfield FC (36),2-0,?,Southport FC (36)
?,(Wed) 24 Mar 1954 (12),Chester FC (38),0-2,?,Mansfield Town FC (38)
?,(Wed) 24 Mar 1954 (12),Darlington FC (37),0-1,?,Hartlepool United FC (36)
?,(Wed) 24 Mar 1954 (12),Chesterfield FC (37),5-1,?,Bradford Park Avenue AFC (37)
?,(Sat) 27 Mar 1954 (12),Barnsley FC (37),4-1,?,Stockport County FC (37)
?,(Sat) 27 Mar 1954 (12),Hartlepool United FC (37),1-1,?,Wrexham AFC (37)
?,(Sat) 27 Mar 1954 (12),Southport FC (37),0-0,?,Tranmere Rovers FC (36)
?,(Sat) 27 Mar 1954 (12),Workington AFC (39),1-1,?,Barrow AFC (38)
?,(Sat) 27 Mar 1954 (12),Gateshead FC (37),1-3,?,Mansfield Town FC (39)
?,(Sat) 27 Mar 1954 (12),Chester FC (39),3-1,?,FC Halifax Town (38)
?,(Sat) 27 Mar 1954 (12),Crewe Alexandra FC (38),0-0,?,Carlisle United FC (38)
?,(Sat) 27 Mar 1954 (12),York City FC (38),1-3,?,Chesterfield FC (38)
?,(Sat) 27 Mar 1954 (12),Scunthorpe United FC (38),2-1,?,Bradford City AFC (37)
?,(Sat) 27 Mar 1954 (12),Darlington FC (38),0-0,?,Rochdale AFC (38)
?,(Sat) 27 Mar 1954 (12),Bradford Park Avenue AFC (38),4-1,?,Grimsby Town FC (38)
?,(Tue) 30 Mar 1954 (13),Port Vale FC (35),1-0,?,Accrington Stanley FC (37)
?,(Wed) 31 Mar 1954 (13),Barnsley FC (38),0-2,?,Gateshead FC (38)
?,(Wed) 31 Mar 1954 (13),Darlington FC (39),3-2,?,Chesterfield FC (39)
?,(Thu) 1 Apr 1954 (13),Port Vale FC (36),3-0,?,Bradford City AFC (38)
?,(Thu) 1 Apr 1954 (13),Scunthorpe United FC (39),2-0,?,Stockport County FC (38)
?,(Sat) 3 Apr 1954 (13),Tranmere Rovers FC (37),1-1,?,York City FC (39)
?,(Sat) 3 Apr 1954 (13),Accrington Stanley FC (38),2-1,?,Crewe Alexandra FC (39)
?,(Sat) 3 Apr 1954 (13),Bradford City AFC (39),1-1,?,Workington AFC (40)
?,(Sat) 3 Apr 1954 (13),Mansfield Town FC (40),1-0,?,Hartlepool United FC (38)
?,(Sat) 3 Apr 1954 (13),Rochdale AFC (39),1-1,?,Barnsley FC (39)
?,(Sat) 3 Apr 1954 (13),Wrexham AFC (38),4-2,?,Darlington FC (40)
?,(Sat) 3 Apr 1954 (13),Barrow AFC (39),0-0,?,Gateshead FC (39)
?,(Sat) 3 Apr 1954 (13),FC Halifax Town (39),1-2,?,Southport FC (38)
?,(Sat) 3 Apr 1954 (13),Grimsby Town FC (39),2-2,?,Port Vale FC (37)
?,(Sat) 3 Apr 1954 (13),Stockport County FC (39),4-1,?,Bradford Park Avenue AFC (39)
?,(Sat) 3 Apr 1954 (13),Carlisle United FC (39),1-1,?,Chester FC (40)
?,(Sat) 3 Apr 1954 (13),Chesterfield FC (40),1-0,?,Scunthorpe United FC (40)
?,(Mon) 5 Apr 1954 (14),Port Vale FC (38),1-1,?,Mansfield Town FC (41)
?,(Mon) 5 Apr 1954 (14),Hartlepool United FC (39),1-2,?,Tranmere Rovers FC (38)
?,(Wed) 7 Apr 1954 (14),Wrexham AFC (39),2-1,?,Southport FC (39)
?,(Wed) 7 Apr 1954 (14),Gateshead FC (40),0-1,?,Bradford Park Avenue AFC (40)
?,(Wed) 7 Apr 1954 (14),Bradford City AFC (40),1-1,?,Port Vale FC (39)
?,(Wed) 7 Apr 1954 (14),Accrington Stanley FC (39),1-0,?,Rochdale AFC (40)
?,(Sat) 10 Apr 1954 (14),Southport FC (40),3-0,?,Carlisle United FC (40)
?,(Sat) 10 Apr 1954 (14),Gateshead FC (41),1-0,?,Bradford City AFC (41)
?,(Sat) 10 Apr 1954 (14),York City FC (40),1-1,?,FC Halifax Town (40)
?,(Sat) 10 Apr 1954 (14),Workington AFC (41),2-1,?,Chesterfield FC (41)
?,(Sat) 10 Apr 1954 (14),Barnsley FC (40),3-0,?,Wrexham AFC (40)
?,(Sat) 10 Apr 1954 (14),Bradford Park Avenue AFC (41),2-2,?,Rochdale AFC (41)
?,(Sat) 10 Apr 1954 (14),Scunthorpe United FC (41),3-1,?,Tranmere Rovers FC (39)
?,(Sat) 10 Apr 1954 (14),Port Vale FC (40),7-0,?,Stockport County FC (40)
?,(Sat) 10 Apr 1954 (14),Darlington FC (41),1-2,?,Mansfield Town FC (42)
?,(Sat) 10 Apr 1954 (14),Crewe Alexandra FC (40),1-1,?,Grimsby Town FC (40)
?,(Sat) 10 Apr 1954 (14),Chester FC (41),3-0,?,Accrington Stanley FC (40)
?,(Sat) 10 Apr 1954 (14),Hartlepool United FC (40),2-2,?,Barrow AFC (40)
?,(Mon) 12 Apr 1954 (15),York City FC (41),1-2,?,Grimsby Town FC (41)
?,(Mon) 12 Apr 1954 (15),Crewe Alexandra FC (41),1-2,?,Wrexham AFC (41)
?,(Mon) 12 Apr 1954 (15),Hartlepool United FC (41),1-1,?,Carlisle United FC (41)
?,(Fri) 16 Apr 1954 (15),Carlisle United FC (42),5-0,?,FC Halifax Town (41)
?,(Fri) 16 Apr 1954 (15),Stockport County FC (41),5-0,?,Bradford City AFC (42)
?,(Fri) 16 Apr 1954 (15),York City FC (42),0-0,?,Bradford Park Avenue AFC (42)
?,(Fri) 16 Apr 1954 (15),Hartlepool United FC (42),1-0,?,Gateshead FC (42)
?,(Fri) 16 Apr 1954 (15),Workington AFC (42),1-1,?,Darlington FC (42)
?,(Fri) 16 Apr 1954 (15),Scunthorpe United FC (42),6-0,?,Barnsley FC (41)
?,(Fri) 16 Apr 1954 (15),Port Vale FC (41),0-0,?,Southport FC (41)
?,(Fri) 16 Apr 1954 (15),Rochdale AFC (42),1-0,?,Barrow AFC (41)
?,(Fri) 16 Apr 1954 (15),Tranmere Rovers FC (40),1-0,?,Accrington Stanley FC (41)
?,(Fri) 16 Apr 1954 (15),Crewe Alexandra FC (42),1-0,?,Chester FC (42)
?,(Fri) 16 Apr 1954 (15),Grimsby Town FC (42),1-1,?,Chesterfield FC (42)
?,(Fri) 16 Apr 1954 (15),Wrexham AFC (42),2-0,?,Mansfield Town FC (43)
?,(Sat) 17 Apr 1954 (15),Carlisle United FC (43),1-1,?,York City FC (43)
?,(Sat) 17 Apr 1954 (15),Grimsby Town FC (43),0-0,?,Chester FC (43)
?,(Sat) 17 Apr 1954 (15),Mansfield Town FC (44),2-0,?,Barnsley FC (42)
?,(Sat) 17 Apr 1954 (15),Rochdale AFC (43),0-0,?,Port Vale FC (42)
?,(Sat) 17 Apr 1954 (15),Stockport County FC (42),1-0,?,Crewe Alexandra FC (43)
?,(Sat) 17 Apr 1954 (15),Tranmere Rovers FC (41),4-2,?,Workington AFC (43)
?,(Sat) 17 Apr 1954 (15),Accrington Stanley FC (42),1-1,?,Southport FC (42)
?,(Sat) 17 Apr 1954 (15),Chesterfield FC (43),1-1,?,Gateshead FC (43)
?,(Sat) 17 Apr 1954 (15),Bradford City AFC (43),1-1,?,Hartlepool United FC (43)
?,(Sat) 17 Apr 1954 (15),Barrow AFC (42),2-2,?,Darlington FC (43)
?,(Sat) 17 Apr 1954 (15),Wrexham AFC (43),2-0,?,Bradford Park Avenue AFC (43)
?,(Sat) 17 Apr 1954 (15),FC Halifax Town (42),0-3,?,Scunthorpe United FC (43)
?,(Mon) 19 Apr 1954 (16),FC Halifax Town (43),2-0,?,Carlisle United FC (44)
?,(Mon) 19 Apr 1954 (16),Chesterfield FC (44),1-0,?,Grimsby Town FC (44)
?,(Mon) 19 Apr 1954 (16),Southport FC (43),0-0,?,Port Vale FC (43)
?,(Mon) 19 Apr 1954 (16),Barnsley FC (43),0-1,?,Scunthorpe United FC (44)
?,(Mon) 19 Apr 1954 (16),Mansfield Town FC (45),4-0,?,Wrexham AFC (44)
?,(Mon) 19 Apr 1954 (16),Barrow AFC (43),4-2,?,Rochdale AFC (44)
?,(Mon) 19 Apr 1954 (16),Accrington Stanley FC (43),0-1,?,Tranmere Rovers FC (42)
?,(Mon) 19 Apr 1954 (16),Chester FC (44),2-0,?,Crewe Alexandra FC (44)
?,(Mon) 19 Apr 1954 (16),Darlington FC (44),3-0,?,Workington AFC (44)
?,(Mon) 19 Apr 1954 (16),Gateshead FC (44),1-3,?,Hartlepool United FC (44)
?,(Mon) 19 Apr 1954 (16),Bradford Park Avenue AFC (44),2-0,?,York City FC (44)
?,(Tue) 20 Apr 1954 (16),Barrow AFC (44),4-3,?,Accrington Stanley FC (44)
?,(Tue) 20 Apr 1954 (16),Bradford City AFC (44),1-1,?,Stockport County FC (43)
?,(Wed) 21 Apr 1954 (16),Barnsley FC (44),3-0,?,Tranmere Rovers FC (43)
?,(Sat) 24 Apr 1954 (16),Scunthorpe United FC (45),2-1,?,Carlisle United FC (45)
?,(Sat) 24 Apr 1954 (16),Crewe Alexandra FC (45),2-1,?,Rochdale AFC (45)
?,(Sat) 24 Apr 1954 (16),Barnsley FC (45),3-2,?,Barrow AFC (45)
?,(Sat) 24 Apr 1954 (16),York City FC (45),1-2,?,Accrington Stanley FC (45)
?,(Sat) 24 Apr 1954 (16),Workington AFC (45),3-1,?,FC Halifax Town (44)
?,(Sat) 24 Apr 1954 (16),Gateshead FC (45),2-1,?,Tranmere Rovers FC (44)
?,(Sat) 24 Apr 1954 (16),Darlington FC (45),1-0,?,Bradford City AFC (45)
?,(Sat) 24 Apr 1954 (16),Port Vale FC (44),2-0,?,Wrexham AFC (45)
?,(Sat) 24 Apr 1954 (16),Bradford Park Avenue AFC (45),1-0,?,Mansfield Town FC (46)
?,(Sat) 24 Apr 1954 (16),Chester FC (45),1-2,?,Stockport County FC (44)
?,(Sat) 24 Apr 1954 (16),Southport FC (44),2-1,?,Grimsby Town FC (45)
?,(Sat) 24 Apr 1954 (16),Hartlepool United FC (45),0-1,?,Chesterfield FC (45)
?,(Mon) 26 Apr 1954 (17),Stockport County FC (45),1-1,?,Port Vale FC (45)
?,(Mon) 26 Apr 1954 (17),Barrow AFC (46),1-1,?,Hartlepool United FC (46)
?,(Mon) 26 Apr 1954 (17),Chesterfield FC (46),1-0,?,Workington AFC (46)
?,(Tue) 27 Apr 1954 (17),FC Halifax Town (45),2-3,?,York City FC (46)
?,(Tue) 27 Apr 1954 (17),Carlisle United FC (46),3-2,?,Southport FC (45)
?,(Tue) 27 Apr 1954 (17),Rochdale AFC (46),0-1,?,Bradford Park Avenue AFC (46)
?,(Tue) 27 Apr 1954 (17),Tranmere Rovers FC (45),1-1,?,Scunthorpe United FC (46)
?,(Wed) 28 Apr 1954 (17),Bradford City AFC (46),2-2,?,Gateshead FC (46)
?,(Wed) 28 Apr 1954 (17),Wrexham AFC (46),1-1,?,Barnsley FC (46)
?,(Wed) 28 Apr 1954 (17),Grimsby Town FC (46),3-1,?,Crewe Alexandra FC (46)
?,(Wed) 28 Apr 1954 (17),Southport FC (46),1-2,?,Stockport County FC (46)
?,(Wed) 28 Apr 1954 (17),Accrington Stanley FC (46),1-0,?,Chester FC (46)
?,(Thu) 29 Apr 1954 (17),FC Halifax Town (46),1-1,?,Tranmere Rovers FC (46)
?,(Thu) 29 Apr 1954 (17),Port Vale FC (46),1-1,?,Darlington FC (46)
