Round,Date,Team 1,FT,HT,Team 2
?,(Sat) 28 Aug 1920 (34),Merthyr Town FC (1),2-1,?,Crystal Palace FC (1)
?,(Sat) 28 Aug 1920 (34),Queens Park Rangers FC (1),1-2,?,Watford FC (1)
?,(Sat) 28 Aug 1920 (34),Millwall FC (1),2-0,?,Bristol Rovers FC (1)
?,(Sat) 28 Aug 1920 (34),Swindon Town FC (1),9-1,?,Luton Town FC (1)
?,(Sat) 28 Aug 1920 (34),Exeter City FC (1),3-0,?,Brentford FC (1)
?,(Sat) 28 Aug 1920 (34),Portsmouth FC (1),3-0,?,Swansea City AFC (1)
?,(Sat) 28 Aug 1920 (34),Southend United FC (1),2-0,?,Brighton & Hove Albion FC (1)
?,(Sat) 28 Aug 1920 (34),Newport County AFC (1),0-1,?,Reading FC (1)
?,(Sat) 28 Aug 1920 (34),Grimsby Town FC (1),2-0,?,Northampton Town FC (1)
?,(Sat) 28 Aug 1920 (34),Gillingham FC (1),1-1,?,Southampton FC (1)
?,(Sat) 28 Aug 1920 (34),Plymouth Argyle FC (1),1-1,?,Norwich City FC (1)
?,(Mon) 30 Aug 1920 (35),Luton Town FC (2),2-2,?,Portsmouth FC (2)
?,(Mon) 30 Aug 1920 (35),Brentford FC (2),1-0,?,Millwall FC (2)
?,(Mon) 30 Aug 1920 (35),Southampton FC (2),4-0,?,Swindon Town FC (2)
?,(Mon) 30 Aug 1920 (35),Grimsby Town FC (2),1-0,?,Southend United FC (2)
?,(Wed) 1 Sep 1920 (35),Brighton & Hove Albion FC (2),0-0,?,Merthyr Town FC (2)
?,(Wed) 1 Sep 1920 (35),Bristol Rovers FC (2),3-2,?,Newport County AFC (2)
?,(Wed) 1 Sep 1920 (35),Crystal Palace FC (2),0-0,?,Plymouth Argyle FC (2)
?,(Wed) 1 Sep 1920 (35),Reading FC (2),1-2,?,Gillingham FC (2)
?,(Wed) 1 Sep 1920 (35),Exeter City FC (2),1-1,?,Norwich City FC (2)
?,(Thu) 2 Sep 1920 (35),Queens Park Rangers FC (2),1-2,?,Northampton Town FC (2)
?,(Thu) 2 Sep 1920 (35),Swansea City AFC (2),2-1,?,Watford FC (2)
?,(Sat) 4 Sep 1920 (35),Norwich City FC (3),0-0,?,Plymouth Argyle FC (3)
?,(Sat) 4 Sep 1920 (35),Swansea City AFC (3),0-0,?,Portsmouth FC (3)
?,(Sat) 4 Sep 1920 (35),Luton Town FC (3),2-0,?,Swindon Town FC (3)
?,(Sat) 4 Sep 1920 (35),Crystal Palace FC (3),3-0,?,Merthyr Town FC (3)
?,(Sat) 4 Sep 1920 (35),Bristol Rovers FC (3),1-2,?,Millwall FC (3)
?,(Sat) 4 Sep 1920 (35),Brentford FC (3),0-0,?,Exeter City FC (3)
?,(Sat) 4 Sep 1920 (35),Northampton Town FC (3),4-1,?,Grimsby Town FC (3)
?,(Sat) 4 Sep 1920 (35),Reading FC (3),4-0,?,Newport County AFC (3)
?,(Sat) 4 Sep 1920 (35),Southampton FC (3),3-0,?,Gillingham FC (3)
?,(Sat) 4 Sep 1920 (35),Watford FC (3),0-2,?,Queens Park Rangers FC (3)
?,(Sat) 4 Sep 1920 (35),Brighton & Hove Albion FC (3),1-0,?,Southend United FC (3)
?,(Mon) 6 Sep 1920 (36),Swindon Town FC (4),3-2,?,Southampton FC (4)
?,(Mon) 6 Sep 1920 (36),Millwall FC (4),0-0,?,Brentford FC (4)
?,(Mon) 6 Sep 1920 (36),Northampton Town FC (4),0-3,?,Queens Park Rangers FC (4)
?,(Mon) 6 Sep 1920 (36),Southend United FC (4),3-1,?,Grimsby Town FC (4)
?,(Mon) 6 Sep 1920 (36),Merthyr Town FC (4),4-1,?,Brighton & Hove Albion FC (4)
?,(Wed) 8 Sep 1920 (36),Watford FC (4),3-0,?,Swansea City AFC (4)
?,(Wed) 8 Sep 1920 (36),Gillingham FC (4),1-0,?,Reading FC (4)
?,(Wed) 8 Sep 1920 (36),Norwich City FC (4),0-0,?,Exeter City FC (4)
?,(Wed) 8 Sep 1920 (36),Portsmouth FC (4),3-0,?,Luton Town FC (4)
?,(Wed) 8 Sep 1920 (36),Plymouth Argyle FC (4),0-1,?,Crystal Palace FC (4)
?,(Thu) 9 Sep 1920 (36),Newport County AFC (4),0-2,?,Bristol Rovers FC (4)
?,(Sat) 11 Sep 1920 (36),Queens Park Rangers FC (5),2-0,?,Reading FC (5)
?,(Sat) 11 Sep 1920 (36),Southend United FC (5),1-3,?,Swindon Town FC (5)
?,(Sat) 11 Sep 1920 (36),Plymouth Argyle FC (5),5-1,?,Newport County AFC (5)
?,(Sat) 11 Sep 1920 (36),Bristol Rovers FC (5),2-0,?,Grimsby Town FC (5)
?,(Sat) 11 Sep 1920 (36),Exeter City FC (5),4-0,?,Millwall FC (5)
?,(Sat) 11 Sep 1920 (36),Norwich City FC (5),0-1,?,Crystal Palace FC (5)
?,(Sat) 11 Sep 1920 (36),Northampton Town FC (5),0-1,?,Watford FC (5)
?,(Sat) 11 Sep 1920 (36),Gillingham FC (5),0-0,?,Merthyr Town FC (5)
?,(Sat) 11 Sep 1920 (36),Luton Town FC (5),3-0,?,Swansea City AFC (5)
?,(Sat) 11 Sep 1920 (36),Southampton FC (5),2-0,?,Portsmouth FC (5)
?,(Sat) 11 Sep 1920 (36),Brentford FC (5),2-0,?,Brighton & Hove Albion FC (5)
?,(Mon) 13 Sep 1920 (37),Northampton Town FC (6),0-2,?,Millwall FC (6)
?,(Wed) 15 Sep 1920 (37),Gillingham FC (6),1-1,?,Portsmouth FC (6)
?,(Thu) 16 Sep 1920 (37),Swansea City AFC (6),5-2,?,Norwich City FC (6)
?,(Sat) 18 Sep 1920 (37),Reading FC (6),0-0,?,Queens Park Rangers FC (6)
?,(Sat) 18 Sep 1920 (37),Grimsby Town FC (6),3-1,?,Bristol Rovers FC (6)
?,(Sat) 18 Sep 1920 (37),Brighton & Hove Albion FC (6),4-0,?,Brentford FC (6)
?,(Sat) 18 Sep 1920 (37),Merthyr Town FC (6),6-1,?,Gillingham FC (7)
?,(Sat) 18 Sep 1920 (37),Millwall FC (7),2-0,?,Exeter City FC (6)
?,(Sat) 18 Sep 1920 (37),Crystal Palace FC (6),1-0,?,Norwich City FC (7)
?,(Sat) 18 Sep 1920 (37),Portsmouth FC (7),0-1,?,Southampton FC (6)
?,(Sat) 18 Sep 1920 (37),Swindon Town FC (6),3-0,?,Southend United FC (6)
?,(Sat) 18 Sep 1920 (37),Newport County AFC (6),0-0,?,Plymouth Argyle FC (6)
?,(Sat) 18 Sep 1920 (37),Watford FC (6),7-1,?,Northampton Town FC (7)
?,(Sat) 18 Sep 1920 (37),Swansea City AFC (7),1-1,?,Luton Town FC (6)
?,(Sat) 25 Sep 1920 (38),Plymouth Argyle FC (7),3-1,?,Gillingham FC (8)
?,(Sat) 25 Sep 1920 (38),Exeter City FC (7),0-1,?,Newport County AFC (7)
?,(Sat) 25 Sep 1920 (38),Reading FC (7),4-1,?,Grimsby Town FC (7)
?,(Sat) 25 Sep 1920 (38),Norwich City FC (8),0-1,?,Southampton FC (7)
?,(Sat) 25 Sep 1920 (38),Brentford FC (7),0-4,?,Crystal Palace FC (7)
?,(Sat) 25 Sep 1920 (38),Queens Park Rangers FC (7),4-1,?,Luton Town FC (7)
?,(Sat) 25 Sep 1920 (38),Watford FC (7),3-0,?,Southend United FC (7)
?,(Sat) 25 Sep 1920 (38),Swindon Town FC (7),3-0,?,Merthyr Town FC (7)
?,(Sat) 25 Sep 1920 (38),Northampton Town FC (8),2-0,?,Swansea City AFC (8)
?,(Sat) 25 Sep 1920 (38),Bristol Rovers FC (7),3-1,?,Brighton & Hove Albion FC (7)
?,(Sat) 25 Sep 1920 (38),Portsmouth FC (8),0-0,?,Millwall FC (8)
?,(Wed) 29 Sep 1920 (39),Brighton & Hove Albion FC (8),1-3,?,Grimsby Town FC (8)
?,(Sat) 2 Oct 1920 (39),Brighton & Hove Albion FC (9),2-0,?,Bristol Rovers FC (8)
?,(Sat) 2 Oct 1920 (39),Southampton FC (8),1-0,?,Norwich City FC (9)
?,(Sat) 2 Oct 1920 (39),Grimsby Town FC (9),2-0,?,Reading FC (8)
?,(Sat) 2 Oct 1920 (39),Merthyr Town FC (8),2-2,?,Swindon Town FC (8)
?,(Sat) 2 Oct 1920 (39),Crystal Palace FC (8),4-2,?,Brentford FC (8)
?,(Sat) 2 Oct 1920 (39),Gillingham FC (9),0-1,?,Plymouth Argyle FC (8)
?,(Sat) 2 Oct 1920 (39),Swansea City AFC (9),2-2,?,Northampton Town FC (9)
?,(Sat) 2 Oct 1920 (39),Luton Town FC (8),2-1,?,Queens Park Rangers FC (8)
?,(Sat) 2 Oct 1920 (39),Newport County AFC (8),2-0,?,Exeter City FC (8)
?,(Sat) 2 Oct 1920 (39),Southend United FC (8),4-1,?,Watford FC (8)
?,(Sat) 2 Oct 1920 (39),Millwall FC (9),1-0,?,Portsmouth FC (9)
?,(Sat) 9 Oct 1920 (40),Bristol Rovers FC (9),2-1,?,Crystal Palace FC (9)
?,(Sat) 9 Oct 1920 (40),Exeter City FC (9),2-1,?,Gillingham FC (10)
?,(Sat) 9 Oct 1920 (40),Northampton Town FC (10),1-0,?,Portsmouth FC (10)
?,(Sat) 9 Oct 1920 (40),Luton Town FC (9),3-1,?,Grimsby Town FC (10)
?,(Sat) 9 Oct 1920 (40),Norwich City FC (10),0-0,?,Brentford FC (9)
?,(Sat) 9 Oct 1920 (40),Newport County AFC (9),3-1,?,Millwall FC (10)
?,(Sat) 9 Oct 1920 (40),Merthyr Town FC (9),2-0,?,Watford FC (9)
?,(Sat) 9 Oct 1920 (40),Southampton FC (9),3-0,?,Swansea City AFC (10)
?,(Sat) 9 Oct 1920 (40),Reading FC (9),0-1,?,Brighton & Hove Albion FC (10)
?,(Sat) 9 Oct 1920 (40),Queens Park Rangers FC (9),2-0,?,Southend United FC (9)
?,(Sat) 9 Oct 1920 (40),Plymouth Argyle FC (9),0-0,?,Swindon Town FC (9)
?,(Sat) 16 Oct 1920 (41),Grimsby Town FC (11),0-1,?,Luton Town FC (10)
?,(Sat) 16 Oct 1920 (41),Millwall FC (11),1-0,?,Newport County AFC (10)
?,(Sat) 16 Oct 1920 (41),Portsmouth FC (11),2-0,?,Northampton Town FC (11)
?,(Sat) 16 Oct 1920 (41),Watford FC (10),1-0,?,Merthyr Town FC (10)
?,(Sat) 16 Oct 1920 (41),Southend United FC (10),1-0,?,Queens Park Rangers FC (10)
?,(Sat) 16 Oct 1920 (41),Crystal Palace FC (10),3-0,?,Bristol Rovers FC (10)
?,(Sat) 16 Oct 1920 (41),Gillingham FC (11),2-1,?,Exeter City FC (10)
?,(Sat) 16 Oct 1920 (41),Swansea City AFC (11),1-1,?,Southampton FC (10)
?,(Sat) 16 Oct 1920 (41),Brentford FC (10),3-1,?,Norwich City FC (11)
?,(Sat) 16 Oct 1920 (41),Swindon Town FC (10),1-1,?,Plymouth Argyle FC (10)
?,(Sat) 16 Oct 1920 (41),Brighton & Hove Albion FC (11),2-2,?,Reading FC (10)
?,(Wed) 20 Oct 1920 (42),Exeter City FC (11),0-0,?,Southend United FC (11)
?,(Thu) 21 Oct 1920 (42),Newport County AFC (11),0-1,?,Swindon Town FC (11)
?,(Sat) 23 Oct 1920 (42),Swansea City AFC (12),1-3,?,Queens Park Rangers FC (11)
?,(Sat) 23 Oct 1920 (42),Exeter City FC (12),1-0,?,Swindon Town FC (12)
?,(Sat) 23 Oct 1920 (42),Merthyr Town FC (11),3-1,?,Grimsby Town FC (12)
?,(Sat) 23 Oct 1920 (42),Southend United FC (12),1-2,?,Northampton Town FC (12)
?,(Sat) 23 Oct 1920 (42),Southampton FC (11),3-0,?,Brentford FC (11)
?,(Sat) 23 Oct 1920 (42),Reading FC (11),1-0,?,Crystal Palace FC (11)
?,(Sat) 23 Oct 1920 (42),Luton Town FC (11),3-2,?,Brighton & Hove Albion FC (12)
?,(Sat) 23 Oct 1920 (42),Millwall FC (12),4-0,?,Gillingham FC (12)
?,(Sat) 23 Oct 1920 (42),Plymouth Argyle FC (11),0-2,?,Watford FC (11)
?,(Sat) 23 Oct 1920 (42),Newport County AFC (12),1-0,?,Portsmouth FC (12)
?,(Sat) 23 Oct 1920 (42),Bristol Rovers FC (11),2-2,?,Norwich City FC (12)
?,(Sat) 30 Oct 1920 (43),Portsmouth FC (13),0-2,?,Newport County AFC (13)
?,(Sat) 30 Oct 1920 (43),Northampton Town FC (13),1-0,?,Southend United FC (13)
?,(Sat) 30 Oct 1920 (43),Crystal Palace FC (12),2-0,?,Reading FC (12)
?,(Sat) 30 Oct 1920 (43),Gillingham FC (13),0-0,?,Millwall FC (13)
?,(Sat) 30 Oct 1920 (43),Queens Park Rangers FC (12),1-1,?,Swansea City AFC (13)
?,(Sat) 30 Oct 1920 (43),Swindon Town FC (13),1-1,?,Exeter City FC (13)
?,(Sat) 30 Oct 1920 (43),Norwich City FC (13),1-1,?,Bristol Rovers FC (12)
?,(Sat) 30 Oct 1920 (43),Brentford FC (12),1-1,?,Southampton FC (12)
?,(Sat) 30 Oct 1920 (43),Brighton & Hove Albion FC (13),1-1,?,Luton Town FC (12)
?,(Sat) 30 Oct 1920 (43),Watford FC (12),1-1,?,Plymouth Argyle FC (12)
?,(Sat) 30 Oct 1920 (43),Grimsby Town FC (13),1-1,?,Merthyr Town FC (12)
?,(Wed) 3 Nov 1920 (44),Crystal Palace FC (13),2-3,?,Southend United FC (14)
?,(Sat) 6 Nov 1920 (44),Newport County AFC (14),1-0,?,Gillingham FC (14)
?,(Sat) 6 Nov 1920 (44),Swansea City AFC (14),3-1,?,Grimsby Town FC (14)
?,(Sat) 6 Nov 1920 (44),Millwall FC (14),5-0,?,Swindon Town FC (14)
?,(Sat) 6 Nov 1920 (44),Southampton FC (13),2-2,?,Queens Park Rangers FC (13)
?,(Sat) 6 Nov 1920 (44),Reading FC (13),0-1,?,Norwich City FC (14)
?,(Sat) 6 Nov 1920 (44),Luton Town FC (13),2-2,?,Crystal Palace FC (14)
?,(Sat) 6 Nov 1920 (44),Southend United FC (15),2-1,?,Portsmouth FC (14)
?,(Sat) 6 Nov 1920 (44),Plymouth Argyle FC (13),5-0,?,Brighton & Hove Albion FC (14)
?,(Sat) 6 Nov 1920 (44),Bristol Rovers FC (13),2-1,?,Brentford FC (13)
?,(Sat) 6 Nov 1920 (44),Merthyr Town FC (13),1-0,?,Northampton Town FC (14)
?,(Sat) 6 Nov 1920 (44),Exeter City FC (14),1-2,?,Watford FC (13)
?,(Sat) 13 Nov 1920 (45),Crystal Palace FC (15),2-1,?,Luton Town FC (14)
?,(Sat) 13 Nov 1920 (45),Watford FC (14),0-0,?,Exeter City FC (15)
?,(Sat) 13 Nov 1920 (45),Portsmouth FC (15),3-0,?,Southend United FC (16)
?,(Sat) 13 Nov 1920 (45),Gillingham FC (15),1-4,?,Newport County AFC (15)
?,(Sat) 13 Nov 1920 (45),Brentford FC (14),0-0,?,Bristol Rovers FC (14)
?,(Sat) 13 Nov 1920 (45),Norwich City FC (15),2-0,?,Reading FC (14)
?,(Sat) 13 Nov 1920 (45),Northampton Town FC (15),2-2,?,Merthyr Town FC (14)
?,(Sat) 13 Nov 1920 (45),Brighton & Hove Albion FC (15),1-0,?,Plymouth Argyle FC (14)
?,(Sat) 13 Nov 1920 (45),Swindon Town FC (15),4-1,?,Millwall FC (15)
?,(Sat) 13 Nov 1920 (45),Grimsby Town FC (15),0-2,?,Swansea City AFC (15)
?,(Sat) 13 Nov 1920 (45),Queens Park Rangers FC (14),0-0,?,Southampton FC (14)
?,(Sat) 20 Nov 1920 (46),Grimsby Town FC (16),2-1,?,Queens Park Rangers FC (15)
?,(Sat) 20 Nov 1920 (46),Southampton FC (15),4-0,?,Bristol Rovers FC (15)
?,(Sat) 20 Nov 1920 (46),Plymouth Argyle FC (15),0-2,?,Northampton Town FC (16)
?,(Sat) 20 Nov 1920 (46),Luton Town FC (15),4-0,?,Norwich City FC (16)
?,(Sat) 20 Nov 1920 (46),Reading FC (15),2-1,?,Brentford FC (15)
?,(Sat) 20 Nov 1920 (46),Swansea City AFC (16),0-0,?,Brighton & Hove Albion FC (16)
?,(Sat) 20 Nov 1920 (46),Millwall FC (16),1-0,?,Watford FC (15)
?,(Sat) 20 Nov 1920 (46),Exeter City FC (16),1-1,?,Crystal Palace FC (16)
?,(Mon) 22 Nov 1920 (47),Merthyr Town FC (15),2-0,?,Southend United FC (17)
?,(Sat) 27 Nov 1920 (47),Watford FC (16),1-0,?,Millwall FC (17)
?,(Sat) 27 Nov 1920 (47),Brighton & Hove Albion FC (17),1-1,?,Swansea City AFC (17)
?,(Sat) 27 Nov 1920 (47),Crystal Palace FC (17),2-1,?,Exeter City FC (17)
?,(Sat) 27 Nov 1920 (47),Bristol Rovers FC (16),1-2,?,Southampton FC (16)
?,(Sat) 27 Nov 1920 (47),Portsmouth FC (16),2-2,?,Gillingham FC (16)
?,(Sat) 27 Nov 1920 (47),Swindon Town FC (16),5-0,?,Newport County AFC (16)
?,(Sat) 27 Nov 1920 (47),Queens Park Rangers FC (16),2-0,?,Grimsby Town FC (17)
?,(Sat) 27 Nov 1920 (47),Norwich City FC (17),3-0,?,Luton Town FC (16)
?,(Sat) 27 Nov 1920 (47),Southend United FC (18),0-1,?,Merthyr Town FC (16)
?,(Sat) 27 Nov 1920 (47),Northampton Town FC (17),1-1,?,Plymouth Argyle FC (16)
?,(Sat) 27 Nov 1920 (47),Brentford FC (16),3-2,?,Reading FC (16)
?,(Sat) 4 Dec 1920 (48),Exeter City FC (18),4-0,?,Northampton Town FC (18)
?,(Sat) 4 Dec 1920 (48),Norwich City FC (18),2-0,?,Millwall FC (18)
?,(Sat) 4 Dec 1920 (48),Southend United FC (19),2-1,?,Plymouth Argyle FC (17)
?,(Sat) 4 Dec 1920 (48),Luton Town FC (17),2-0,?,Brentford FC (17)
?,(Sat) 4 Dec 1920 (48),Southampton FC (17),0-1,?,Grimsby Town FC (18)
?,(Sat) 4 Dec 1920 (48),Swansea City AFC (18),0-0,?,Crystal Palace FC (18)
?,(Sat) 4 Dec 1920 (48),Brighton & Hove Albion FC (18),2-1,?,Queens Park Rangers FC (17)
?,(Sat) 4 Dec 1920 (48),Newport County AFC (17),0-2,?,Watford FC (17)
?,(Sat) 4 Dec 1920 (48),Reading FC (17),2-1,?,Bristol Rovers FC (17)
?,(Sat) 11 Dec 1920 (49),Grimsby Town FC (19),3-0,?,Southampton FC (18)
?,(Sat) 11 Dec 1920 (49),Brentford FC (18),1-0,?,Luton Town FC (18)
?,(Sat) 11 Dec 1920 (49),Swindon Town FC (17),1-1,?,Gillingham FC (17)
?,(Sat) 11 Dec 1920 (49),Crystal Palace FC (19),0-1,?,Swansea City AFC (19)
?,(Sat) 11 Dec 1920 (49),Plymouth Argyle FC (18),0-0,?,Southend United FC (20)
?,(Sat) 11 Dec 1920 (49),Bristol Rovers FC (18),3-2,?,Reading FC (18)
?,(Sat) 11 Dec 1920 (49),Queens Park Rangers FC (18),4-0,?,Brighton & Hove Albion FC (19)
?,(Sat) 11 Dec 1920 (49),Watford FC (18),5-1,?,Newport County AFC (18)
?,(Sat) 11 Dec 1920 (49),Millwall FC (19),2-0,?,Norwich City FC (19)
?,(Sat) 11 Dec 1920 (49),Northampton Town FC (19),3-3,?,Exeter City FC (19)
?,(Sat) 11 Dec 1920 (49),Portsmouth FC (17),0-0,?,Merthyr Town FC (17)
?,(Sat) 18 Dec 1920 (50),Merthyr Town FC (18),0-0,?,Plymouth Argyle FC (19)
?,(Sat) 18 Dec 1920 (50),Queens Park Rangers FC (19),3-0,?,Crystal Palace FC (20)
?,(Sat) 18 Dec 1920 (50),Brentford FC (19),2-2,?,Newport County AFC (19)
?,(Sat) 18 Dec 1920 (50),Portsmouth FC (18),1-1,?,Swindon Town FC (18)
?,(Sat) 18 Dec 1920 (50),Reading FC (19),0-4,?,Southampton FC (19)
?,(Sat) 25 Dec 1920 (51),Newport County AFC (20),1-1,?,Southend United FC (21)
?,(Sat) 25 Dec 1920 (51),Plymouth Argyle FC (20),0-0,?,Exeter City FC (20)
?,(Sat) 25 Dec 1920 (51),Luton Town FC (19),1-1,?,Southampton FC (20)
?,(Sat) 25 Dec 1920 (51),Grimsby Town FC (20),1-1,?,Norwich City FC (20)
?,(Sat) 25 Dec 1920 (51),Watford FC (19),3-2,?,Portsmouth FC (19)
?,(Sat) 25 Dec 1920 (51),Brentford FC (20),0-2,?,Queens Park Rangers FC (20)
?,(Sat) 25 Dec 1920 (51),Reading FC (20),2-3,?,Swindon Town FC (19)
?,(Sat) 25 Dec 1920 (51),Brighton & Hove Albion FC (20),0-2,?,Crystal Palace FC (21)
?,(Sat) 25 Dec 1920 (51),Bristol Rovers FC (19),1-2,?,Swansea City AFC (20)
?,(Sat) 25 Dec 1920 (51),Millwall FC (20),0-0,?,Merthyr Town FC (19)
?,(Sat) 25 Dec 1920 (51),Gillingham FC (18),2-5,?,Northampton Town FC (20)
?,(Mon) 27 Dec 1920 (52),Southampton FC (21),1-1,?,Luton Town FC (20)
?,(Mon) 27 Dec 1920 (52),Norwich City FC (21),0-0,?,Grimsby Town FC (21)
?,(Mon) 27 Dec 1920 (52),Merthyr Town FC (20),0-1,?,Millwall FC (21)
?,(Mon) 27 Dec 1920 (52),Crystal Palace FC (22),3-2,?,Brighton & Hove Albion FC (21)
?,(Mon) 27 Dec 1920 (52),Swansea City AFC (21),2-2,?,Bristol Rovers FC (20)
?,(Mon) 27 Dec 1920 (52),Portsmouth FC (20),1-0,?,Watford FC (20)
?,(Mon) 27 Dec 1920 (52),Swindon Town FC (20),2-0,?,Reading FC (21)
?,(Mon) 27 Dec 1920 (52),Exeter City FC (21),1-1,?,Plymouth Argyle FC (21)
?,(Mon) 27 Dec 1920 (52),Northampton Town FC (21),2-0,?,Gillingham FC (19)
?,(Mon) 27 Dec 1920 (52),Queens Park Rangers FC (21),1-0,?,Brentford FC (21)
?,(Mon) 27 Dec 1920 (52),Southend United FC (22),2-1,?,Newport County AFC (21)
?,(Tue) 28 Dec 1920 (52),Luton Town FC (21),5-0,?,Gillingham FC (20)
?,(Sat) 1 Jan 1921 (0),Watford FC (21),3-1,?,Gillingham FC (21)
?,(Sat) 1 Jan 1921 (0),Southampton FC (22),1-2,?,Reading FC (22)
?,(Sat) 1 Jan 1921 (0),Plymouth Argyle FC (22),2-1,?,Merthyr Town FC (21)
?,(Sat) 1 Jan 1921 (0),Southend United FC (23),0-0,?,Exeter City FC (22)
?,(Sat) 1 Jan 1921 (0),Norwich City FC (22),1-1,?,Swansea City AFC (22)
?,(Sat) 1 Jan 1921 (0),Grimsby Town FC (22),2-2,?,Brighton & Hove Albion FC (22)
?,(Sat) 1 Jan 1921 (0),Millwall FC (22),1-0,?,Northampton Town FC (22)
?,(Sat) 1 Jan 1921 (0),Newport County AFC (22),3-1,?,Brentford FC (22)
?,(Sat) 1 Jan 1921 (0),Swindon Town FC (21),5-2,?,Portsmouth FC (21)
?,(Sat) 1 Jan 1921 (0),Luton Town FC (22),1-2,?,Bristol Rovers FC (21)
?,(Sat) 1 Jan 1921 (0),Crystal Palace FC (23),0-0,?,Queens Park Rangers FC (22)
?,(Thu) 13 Jan 1921 (2),Newport County AFC (23),2-0,?,Norwich City FC (23)
?,(Sat) 15 Jan 1921 (2),Northampton Town FC (23),1-0,?,Luton Town FC (23)
?,(Sat) 15 Jan 1921 (2),Gillingham FC (22),1-3,?,Brentford FC (23)
?,(Sat) 15 Jan 1921 (2),Southend United FC (24),1-2,?,Swansea City AFC (23)
?,(Sat) 15 Jan 1921 (2),Exeter City FC (23),1-0,?,Brighton & Hove Albion FC (23)
?,(Sat) 15 Jan 1921 (2),Watford FC (22),0-0,?,Southampton FC (23)
?,(Sat) 15 Jan 1921 (2),Plymouth Argyle FC (23),0-0,?,Grimsby Town FC (23)
?,(Sat) 15 Jan 1921 (2),Merthyr Town FC (22),3-1,?,Queens Park Rangers FC (23)
?,(Sat) 15 Jan 1921 (2),Millwall FC (23),0-1,?,Crystal Palace FC (24)
?,(Sat) 15 Jan 1921 (2),Portsmouth FC (22),2-2,?,Reading FC (23)
?,(Sat) 15 Jan 1921 (2),Swindon Town FC (22),2-1,?,Bristol Rovers FC (22)
?,(Sat) 22 Jan 1921 (3),Brighton & Hove Albion FC (24),1-1,?,Exeter City FC (24)
?,(Sat) 22 Jan 1921 (3),Swansea City AFC (24),2-0,?,Southend United FC (25)
?,(Sat) 22 Jan 1921 (3),Brentford FC (24),3-3,?,Gillingham FC (23)
?,(Sat) 22 Jan 1921 (3),Crystal Palace FC (25),3-2,?,Millwall FC (24)
?,(Sat) 22 Jan 1921 (3),Norwich City FC (24),3-0,?,Newport County AFC (24)
?,(Sat) 22 Jan 1921 (3),Bristol Rovers FC (23),3-1,?,Swindon Town FC (23)
?,(Sat) 22 Jan 1921 (3),Luton Town FC (24),3-1,?,Northampton Town FC (24)
?,(Sat) 22 Jan 1921 (3),Reading FC (24),1-0,?,Portsmouth FC (23)
?,(Sat) 22 Jan 1921 (3),Queens Park Rangers FC (24),4-2,?,Merthyr Town FC (23)
?,(Sat) 22 Jan 1921 (3),Grimsby Town FC (24),1-1,?,Plymouth Argyle FC (24)
?,(Sat) 22 Jan 1921 (3),Southampton FC (24),4-1,?,Watford FC (23)
?,(Sat) 29 Jan 1921 (4),Newport County AFC (25),1-1,?,Northampton Town FC (25)
?,(Sat) 29 Jan 1921 (4),Merthyr Town FC (24),7-1,?,Exeter City FC (25)
?,(Sat) 29 Jan 1921 (4),Gillingham FC (24),1-0,?,Bristol Rovers FC (24)
?,(Sat) 29 Jan 1921 (4),Reading FC (25),0-1,?,Millwall FC (25)
?,(Sat) 5 Feb 1921 (5),Norwich City FC (25),2-0,?,Queens Park Rangers FC (25)
?,(Sat) 5 Feb 1921 (5),Brentford FC (25),1-2,?,Swansea City AFC (25)
?,(Sat) 5 Feb 1921 (5),Brighton & Hove Albion FC (25),1-1,?,Southampton FC (25)
?,(Sat) 5 Feb 1921 (5),Bristol Rovers FC (25),2-0,?,Gillingham FC (25)
?,(Sat) 5 Feb 1921 (5),Exeter City FC (26),3-3,?,Merthyr Town FC (25)
?,(Sat) 5 Feb 1921 (5),Northampton Town FC (26),0-2,?,Newport County AFC (26)
?,(Sat) 5 Feb 1921 (5),Grimsby Town FC (25),1-0,?,Crystal Palace FC (26)
?,(Sat) 5 Feb 1921 (5),Reading FC (26),0-1,?,Luton Town FC (25)
?,(Sat) 5 Feb 1921 (5),Millwall FC (26),4-2,?,Southend United FC (26)
?,(Sat) 5 Feb 1921 (5),Portsmouth FC (24),1-1,?,Plymouth Argyle FC (25)
?,(Sat) 5 Feb 1921 (5),Watford FC (24),0-1,?,Swindon Town FC (24)
?,(Wed) 9 Feb 1921 (6),Luton Town FC (26),6-0,?,Reading FC (27)
?,(Wed) 9 Feb 1921 (6),Crystal Palace FC (27),2-0,?,Grimsby Town FC (26)
?,(Sat) 12 Feb 1921 (6),Exeter City FC (27),1-1,?,Grimsby Town FC (27)
?,(Sat) 12 Feb 1921 (6),Millwall FC (27),0-1,?,Brighton & Hove Albion FC (26)
?,(Sat) 12 Feb 1921 (6),Watford FC (25),1-2,?,Reading FC (28)
?,(Sat) 12 Feb 1921 (6),Southend United FC (27),1-1,?,Luton Town FC (27)
?,(Sat) 12 Feb 1921 (6),Northampton Town FC (27),2-0,?,Southampton FC (26)
?,(Sat) 12 Feb 1921 (6),Merthyr Town FC (26),0-3,?,Swansea City AFC (26)
?,(Sat) 12 Feb 1921 (6),Swindon Town FC (25),1-0,?,Brentford FC (26)
?,(Sat) 12 Feb 1921 (6),Newport County AFC (27),0-1,?,Crystal Palace FC (28)
?,(Sat) 12 Feb 1921 (6),Plymouth Argyle FC (26),1-0,?,Queens Park Rangers FC (26)
?,(Sat) 12 Feb 1921 (6),Gillingham FC (26),0-0,?,Norwich City FC (26)
?,(Sat) 12 Feb 1921 (6),Portsmouth FC (25),1-0,?,Bristol Rovers FC (26)
?,(Thu) 17 Feb 1921 (7),Queens Park Rangers FC (27),2-0,?,Norwich City FC (27)
?,(Sat) 19 Feb 1921 (7),Norwich City FC (28),2-1,?,Gillingham FC (27)
?,(Sat) 19 Feb 1921 (7),Brighton & Hove Albion FC (27),1-0,?,Millwall FC (28)
?,(Sat) 19 Feb 1921 (7),Bristol Rovers FC (27),2-2,?,Portsmouth FC (26)
?,(Sat) 19 Feb 1921 (7),Grimsby Town FC (28),2-0,?,Exeter City FC (28)
?,(Sat) 19 Feb 1921 (7),Brentford FC (27),0-1,?,Swindon Town FC (26)
?,(Sat) 19 Feb 1921 (7),Crystal Palace FC (29),2-0,?,Newport County AFC (28)
?,(Sat) 19 Feb 1921 (7),Reading FC (29),0-0,?,Watford FC (26)
?,(Sat) 19 Feb 1921 (7),Swansea City AFC (27),1-0,?,Merthyr Town FC (27)
?,(Mon) 21 Feb 1921 (8),Merthyr Town FC (28),2-1,?,Portsmouth FC (27)
?,(Wed) 23 Feb 1921 (8),Southampton FC (27),1-0,?,Brighton & Hove Albion FC (28)
?,(Sat) 26 Feb 1921 (8),Swindon Town FC (27),4-2,?,Norwich City FC (29)
?,(Sat) 26 Feb 1921 (8),Exeter City FC (29),0-1,?,Queens Park Rangers FC (28)
?,(Sat) 26 Feb 1921 (8),Northampton Town FC (28),1-0,?,Reading FC (30)
?,(Sat) 26 Feb 1921 (8),Merthyr Town FC (29),4-1,?,Luton Town FC (28)
?,(Sat) 26 Feb 1921 (8),Watford FC (27),2-1,?,Bristol Rovers FC (28)
?,(Sat) 26 Feb 1921 (8),Portsmouth FC (28),0-2,?,Brentford FC (28)
?,(Sat) 26 Feb 1921 (8),Millwall FC (29),0-1,?,Grimsby Town FC (29)
?,(Sat) 26 Feb 1921 (8),Plymouth Argyle FC (27),1-0,?,Swansea City AFC (28)
?,(Sat) 26 Feb 1921 (8),Newport County AFC (29),0-4,?,Brighton & Hove Albion FC (29)
?,(Sat) 26 Feb 1921 (8),Southend United FC (28),1-0,?,Southampton FC (28)
?,(Sat) 26 Feb 1921 (8),Gillingham FC (28),0-1,?,Crystal Palace FC (30)
?,(Sat) 5 Mar 1921 (9),Bristol Rovers FC (29),2-0,?,Watford FC (28)
?,(Sat) 5 Mar 1921 (9),Norwich City FC (30),3-2,?,Swindon Town FC (28)
?,(Sat) 5 Mar 1921 (9),Southampton FC (29),3-0,?,Southend United FC (29)
?,(Sat) 5 Mar 1921 (9),Crystal Palace FC (31),4-1,?,Gillingham FC (29)
?,(Sat) 5 Mar 1921 (9),Swansea City AFC (29),3-0,?,Plymouth Argyle FC (28)
?,(Sat) 5 Mar 1921 (9),Brentford FC (29),1-2,?,Portsmouth FC (29)
?,(Sat) 5 Mar 1921 (9),Luton Town FC (29),1-0,?,Merthyr Town FC (30)
?,(Sat) 5 Mar 1921 (9),Queens Park Rangers FC (29),2-1,?,Exeter City FC (30)
?,(Sat) 5 Mar 1921 (9),Grimsby Town FC (30),0-2,?,Millwall FC (30)
?,(Sat) 5 Mar 1921 (9),Reading FC (31),4-0,?,Northampton Town FC (29)
?,(Sat) 5 Mar 1921 (9),Brighton & Hove Albion FC (30),1-0,?,Newport County AFC (30)
?,(Wed) 9 Mar 1921 (10),Southampton FC (30),3-1,?,Northampton Town FC (30)
?,(Sat) 12 Mar 1921 (10),Portsmouth FC (30),2-1,?,Norwich City FC (31)
?,(Sat) 12 Mar 1921 (10),Millwall FC (31),0-0,?,Queens Park Rangers FC (30)
?,(Sat) 12 Mar 1921 (10),Gillingham FC (30),1-0,?,Brighton & Hove Albion FC (31)
?,(Sat) 12 Mar 1921 (10),Merthyr Town FC (31),1-1,?,Southampton FC (31)
?,(Sat) 12 Mar 1921 (10),Newport County AFC (31),2-1,?,Grimsby Town FC (31)
?,(Sat) 12 Mar 1921 (10),Exeter City FC (31),1-2,?,Swansea City AFC (30)
?,(Sat) 12 Mar 1921 (10),Swindon Town FC (29),1-3,?,Crystal Palace FC (32)
?,(Sat) 12 Mar 1921 (10),Watford FC (29),1-0,?,Brentford FC (30)
?,(Sat) 12 Mar 1921 (10),Northampton Town FC (31),1-2,?,Bristol Rovers FC (30)
?,(Sat) 12 Mar 1921 (10),Plymouth Argyle FC (29),1-0,?,Luton Town FC (30)
?,(Sat) 12 Mar 1921 (10),Southend United FC (30),1-0,?,Reading FC (32)
?,(Wed) 16 Mar 1921 (11),Gillingham FC (31),1-1,?,Watford FC (30)
?,(Thu) 17 Mar 1921 (11),Queens Park Rangers FC (31),4-0,?,Plymouth Argyle FC (30)
?,(Sat) 19 Mar 1921 (11),Luton Town FC (31),1-1,?,Plymouth Argyle FC (31)
?,(Sat) 19 Mar 1921 (11),Swansea City AFC (31),2-1,?,Exeter City FC (32)
?,(Sat) 19 Mar 1921 (11),Queens Park Rangers FC (32),0-0,?,Millwall FC (32)
?,(Sat) 19 Mar 1921 (11),Reading FC (33),1-1,?,Southend United FC (31)
?,(Sat) 19 Mar 1921 (11),Crystal Palace FC (33),1-0,?,Swindon Town FC (30)
?,(Sat) 19 Mar 1921 (11),Norwich City FC (32),2-2,?,Portsmouth FC (31)
?,(Sat) 19 Mar 1921 (11),Brentford FC (31),1-0,?,Watford FC (31)
?,(Sat) 19 Mar 1921 (11),Brighton & Hove Albion FC (32),1-0,?,Gillingham FC (32)
?,(Sat) 19 Mar 1921 (11),Bristol Rovers FC (31),4-2,?,Northampton Town FC (32)
?,(Sat) 19 Mar 1921 (11),Southampton FC (32),5-0,?,Merthyr Town FC (32)
?,(Sat) 19 Mar 1921 (11),Grimsby Town FC (32),1-1,?,Newport County AFC (32)
?,(Fri) 25 Mar 1921 (12),Watford FC (32),1-0,?,Luton Town FC (32)
?,(Fri) 25 Mar 1921 (12),Portsmouth FC (32),2-1,?,Exeter City FC (33)
?,(Fri) 25 Mar 1921 (12),Gillingham FC (33),1-1,?,Southend United FC (32)
?,(Fri) 25 Mar 1921 (12),Newport County AFC (33),0-3,?,Merthyr Town FC (33)
?,(Fri) 25 Mar 1921 (12),Bristol Rovers FC (32),3-0,?,Queens Park Rangers FC (33)
?,(Fri) 25 Mar 1921 (12),Swansea City AFC (32),2-1,?,Reading FC (34)
?,(Fri) 25 Mar 1921 (12),Plymouth Argyle FC (32),0-2,?,Millwall FC (33)
?,(Fri) 25 Mar 1921 (12),Brighton & Hove Albion FC (33),2-0,?,Norwich City FC (33)
?,(Fri) 25 Mar 1921 (12),Grimsby Town FC (33),2-0,?,Brentford FC (32)
?,(Sat) 26 Mar 1921 (12),Grimsby Town FC (34),2-0,?,Gillingham FC (34)
?,(Sat) 26 Mar 1921 (12),Crystal Palace FC (34),3-0,?,Portsmouth FC (33)
?,(Sat) 26 Mar 1921 (12),Queens Park Rangers FC (34),2-0,?,Newport County AFC (34)
?,(Sat) 26 Mar 1921 (12),Swansea City AFC (33),0-0,?,Millwall FC (34)
?,(Sat) 26 Mar 1921 (12),Brentford FC (33),1-1,?,Northampton Town FC (33)
?,(Sat) 26 Mar 1921 (12),Reading FC (35),2-0,?,Merthyr Town FC (34)
?,(Sat) 26 Mar 1921 (12),Norwich City FC (34),1-1,?,Watford FC (33)
?,(Sat) 26 Mar 1921 (12),Brighton & Hove Albion FC (34),0-3,?,Swindon Town FC (31)
?,(Sat) 26 Mar 1921 (12),Southampton FC (33),1-0,?,Plymouth Argyle FC (33)
?,(Sat) 26 Mar 1921 (12),Luton Town FC (33),3-0,?,Exeter City FC (34)
?,(Sat) 26 Mar 1921 (12),Bristol Rovers FC (33),2-1,?,Southend United FC (33)
?,(Mon) 28 Mar 1921 (13),Millwall FC (35),0-0,?,Plymouth Argyle FC (34)
?,(Mon) 28 Mar 1921 (13),Luton Town FC (34),1-0,?,Watford FC (34)
?,(Mon) 28 Mar 1921 (13),Swindon Town FC (32),2-1,?,Northampton Town FC (34)
?,(Mon) 28 Mar 1921 (13),Queens Park Rangers FC (35),2-1,?,Bristol Rovers FC (34)
?,(Mon) 28 Mar 1921 (13),Southend United FC (34),1-0,?,Gillingham FC (35)
?,(Mon) 28 Mar 1921 (13),Norwich City FC (35),3-0,?,Brighton & Hove Albion FC (35)
?,(Mon) 28 Mar 1921 (13),Southampton FC (34),1-1,?,Crystal Palace FC (35)
?,(Mon) 28 Mar 1921 (13),Merthyr Town FC (35),1-2,?,Newport County AFC (35)
?,(Mon) 28 Mar 1921 (13),Brentford FC (34),5-0,?,Grimsby Town FC (35)
?,(Mon) 28 Mar 1921 (13),Exeter City FC (35),0-0,?,Portsmouth FC (34)
?,(Mon) 28 Mar 1921 (13),Reading FC (36),1-3,?,Swansea City AFC (34)
?,(Tue) 29 Mar 1921 (13),Crystal Palace FC (36),1-1,?,Southampton FC (35)
?,(Tue) 29 Mar 1921 (13),Bristol Rovers FC (35),5-0,?,Luton Town FC (35)
?,(Tue) 29 Mar 1921 (13),Northampton Town FC (35),1-2,?,Swindon Town FC (33)
?,(Sat) 2 Apr 1921 (13),Merthyr Town FC (36),1-0,?,Reading FC (37)
?,(Sat) 2 Apr 1921 (13),Millwall FC (36),0-2,?,Swansea City AFC (35)
?,(Sat) 2 Apr 1921 (13),Northampton Town FC (36),6-2,?,Brentford FC (35)
?,(Sat) 2 Apr 1921 (13),Southend United FC (35),1-0,?,Bristol Rovers FC (36)
?,(Sat) 2 Apr 1921 (13),Portsmouth FC (35),0-0,?,Crystal Palace FC (37)
?,(Sat) 2 Apr 1921 (13),Newport County AFC (36),1-3,?,Queens Park Rangers FC (36)
?,(Sat) 2 Apr 1921 (13),Plymouth Argyle FC (35),0-0,?,Southampton FC (36)
?,(Sat) 2 Apr 1921 (13),Swindon Town FC (34),2-0,?,Brighton & Hove Albion FC (36)
?,(Sat) 2 Apr 1921 (13),Exeter City FC (36),1-0,?,Luton Town FC (36)
?,(Sat) 2 Apr 1921 (13),Gillingham FC (36),2-1,?,Grimsby Town FC (36)
?,(Sat) 2 Apr 1921 (13),Watford FC (35),2-0,?,Norwich City FC (36)
?,(Wed) 6 Apr 1921 (14),Southend United FC (36),1-2,?,Millwall FC (37)
?,(Sat) 9 Apr 1921 (14),Grimsby Town FC (37),3-0,?,Swindon Town FC (35)
?,(Sat) 9 Apr 1921 (14),Queens Park Rangers FC (37),0-1,?,Gillingham FC (37)
?,(Sat) 9 Apr 1921 (14),Brentford FC (36),2-2,?,Southend United FC (37)
?,(Sat) 9 Apr 1921 (14),Reading FC (38),1-1,?,Plymouth Argyle FC (36)
?,(Sat) 9 Apr 1921 (14),Bristol Rovers FC (37),1-1,?,Merthyr Town FC (37)
?,(Sat) 9 Apr 1921 (14),Norwich City FC (37),3-3,?,Northampton Town FC (37)
?,(Sat) 9 Apr 1921 (14),Luton Town FC (37),0-0,?,Millwall FC (38)
?,(Sat) 9 Apr 1921 (14),Southampton FC (37),3-0,?,Exeter City FC (37)
?,(Sat) 9 Apr 1921 (14),Newport County AFC (37),1-1,?,Swansea City AFC (36)
?,(Sat) 9 Apr 1921 (14),Brighton & Hove Albion FC (37),3-0,?,Portsmouth FC (36)
?,(Sat) 9 Apr 1921 (14),Crystal Palace FC (38),2-2,?,Watford FC (36)
?,(Wed) 13 Apr 1921 (15),Plymouth Argyle FC (37),2-0,?,Portsmouth FC (37)
?,(Wed) 13 Apr 1921 (15),Gillingham FC (38),1-1,?,Swindon Town FC (36)
?,(Sat) 16 Apr 1921 (15),Millwall FC (39),0-0,?,Luton Town FC (38)
?,(Sat) 16 Apr 1921 (15),Watford FC (37),1-1,?,Crystal Palace FC (39)
?,(Sat) 16 Apr 1921 (15),Portsmouth FC (38),3-0,?,Brighton & Hove Albion FC (38)
?,(Sat) 16 Apr 1921 (15),Southend United FC (38),4-1,?,Brentford FC (37)
?,(Sat) 16 Apr 1921 (15),Plymouth Argyle FC (38),1-1,?,Reading FC (39)
?,(Sat) 16 Apr 1921 (15),Gillingham FC (39),1-2,?,Queens Park Rangers FC (38)
?,(Sat) 16 Apr 1921 (15),Swindon Town FC (37),0-0,?,Grimsby Town FC (38)
?,(Sat) 16 Apr 1921 (15),Exeter City FC (38),1-0,?,Southampton FC (38)
?,(Sat) 16 Apr 1921 (15),Northampton Town FC (38),1-0,?,Norwich City FC (38)
?,(Sat) 16 Apr 1921 (15),Swansea City AFC (37),1-2,?,Newport County AFC (38)
?,(Sat) 16 Apr 1921 (15),Merthyr Town FC (38),2-2,?,Bristol Rovers FC (38)
?,(Wed) 20 Apr 1921 (16),Swindon Town FC (38),2-0,?,Watford FC (38)
?,(Sat) 23 Apr 1921 (16),Luton Town FC (39),2-2,?,Newport County AFC (39)
?,(Sat) 23 Apr 1921 (16),Crystal Palace FC (40),5-1,?,Northampton Town FC (39)
?,(Sat) 23 Apr 1921 (16),Norwich City FC (39),3-1,?,Southend United FC (39)
?,(Sat) 23 Apr 1921 (16),Bristol Rovers FC (39),2-0,?,Plymouth Argyle FC (39)
?,(Sat) 23 Apr 1921 (16),Brighton & Hove Albion FC (39),0-3,?,Watford FC (39)
?,(Sat) 23 Apr 1921 (16),Swansea City AFC (38),2-0,?,Gillingham FC (40)
?,(Sat) 23 Apr 1921 (16),Queens Park Rangers FC (39),1-0,?,Swindon Town FC (39)
?,(Sat) 23 Apr 1921 (16),Grimsby Town FC (39),0-3,?,Portsmouth FC (39)
?,(Sat) 23 Apr 1921 (16),Southampton FC (39),1-1,?,Millwall FC (40)
?,(Sat) 23 Apr 1921 (16),Reading FC (40),0-1,?,Exeter City FC (39)
?,(Mon) 25 Apr 1921 (17),Brentford FC (38),0-0,?,Merthyr Town FC (39)
?,(Thu) 28 Apr 1921 (17),Swansea City AFC (39),1-1,?,Brentford FC (39)
?,(Sat) 30 Apr 1921 (17),Swindon Town FC (40),0-1,?,Queens Park Rangers FC (40)
?,(Sat) 30 Apr 1921 (17),Portsmouth FC (40),2-1,?,Grimsby Town FC (40)
?,(Sat) 30 Apr 1921 (17),Northampton Town FC (40),2-2,?,Crystal Palace FC (41)
?,(Sat) 30 Apr 1921 (17),Newport County AFC (40),2-0,?,Luton Town FC (40)
?,(Sat) 30 Apr 1921 (17),Plymouth Argyle FC (40),2-1,?,Bristol Rovers FC (40)
?,(Sat) 30 Apr 1921 (17),Southend United FC (40),3-1,?,Norwich City FC (40)
?,(Sat) 30 Apr 1921 (17),Gillingham FC (41),2-1,?,Swansea City AFC (40)
?,(Sat) 30 Apr 1921 (17),Merthyr Town FC (40),3-1,?,Brentford FC (40)
?,(Sat) 30 Apr 1921 (17),Millwall FC (41),0-1,?,Southampton FC (40)
?,(Sat) 30 Apr 1921 (17),Exeter City FC (40),0-1,?,Reading FC (41)
?,(Sat) 30 Apr 1921 (17),Watford FC (40),1-0,?,Brighton & Hove Albion FC (40)
?,(Mon) 2 May 1921 (18),Southampton FC (41),0-0,?,Newport County AFC (41)
?,(Mon) 2 May 1921 (18),Luton Town FC (41),4-0,?,Southend United FC (41)
?,(Mon) 2 May 1921 (18),Swansea City AFC (41),1-1,?,Swindon Town FC (41)
?,(Mon) 2 May 1921 (18),Grimsby Town FC (41),3-0,?,Watford FC (41)
?,(Mon) 2 May 1921 (18),Queens Park Rangers FC (41),0-0,?,Portsmouth FC (41)
?,(Mon) 2 May 1921 (18),Norwich City FC (41),0-0,?,Merthyr Town FC (41)
?,(Mon) 2 May 1921 (18),Northampton Town FC (41),1-0,?,Brighton & Hove Albion FC (41)
?,(Mon) 2 May 1921 (18),Brentford FC (41),0-0,?,Plymouth Argyle FC (41)
?,(Mon) 2 May 1921 (18),Bristol Rovers FC (41),5-0,?,Exeter City FC (41)
?,(Sat) 7 May 1921 (18),Merthyr Town FC (42),0-0,?,Norwich City FC (42)
?,(Sat) 7 May 1921 (18),Exeter City FC (42),1-0,?,Bristol Rovers FC (42)
?,(Sat) 7 May 1921 (18),Watford FC (42),4-2,?,Grimsby Town FC (42)
?,(Sat) 7 May 1921 (18),Plymouth Argyle FC (42),1-0,?,Brentford FC (42)
?,(Sat) 7 May 1921 (18),Millwall FC (42),2-0,?,Reading FC (42)
?,(Sat) 7 May 1921 (18),Swindon Town FC (42),0-0,?,Swansea City AFC (42)
?,(Sat) 7 May 1921 (18),Brighton & Hove Albion FC (42),3-2,?,Northampton Town FC (42)
?,(Sat) 7 May 1921 (18),Newport County AFC (42),0-0,?,Southampton FC (42)
?,(Sat) 7 May 1921 (18),Portsmouth FC (42),0-0,?,Queens Park Rangers FC (42)
?,(Sat) 7 May 1921 (18),Southend United FC (42),0-2,?,Crystal Palace FC (42)
?,(Sat) 7 May 1921 (18),Gillingham FC (42),0-0,?,Luton Town FC (42)
