Round,Date,Team 1,FT,HT,Team 2
?,(Sat) 21 Aug 1965 (33),Millwall FC (1),2-0,?,Workington AFC (1)
?,(Sat) 21 Aug 1965 (33),Southend United FC (1),2-0,?,Swansea City AFC (1)
?,(Sat) 21 Aug 1965 (33),Mansfield Town FC (1),3-1,?,Brighton & Hove Albion FC (1)
?,(Sat) 21 Aug 1965 (33),Peterborough United FC (1),1-0,?,Gillingham FC (1)
?,(Sat) 21 Aug 1965 (33),Reading FC (1),1-2,?,Watford FC (1)
?,(Sat) 21 Aug 1965 (33),Grimsby Town FC (1),1-1,?,Bristol Rovers FC (1)
?,(Sat) 21 Aug 1965 (33),AFC Bournemouth (1),0-1,?,Walsall FC (1)
?,(Sat) 21 Aug 1965 (33),Exeter City FC (1),4-0,?,Oldham Athletic AFC (1)
?,(Sat) 21 Aug 1965 (33),Brentford FC (1),6-1,?,Queens Park Rangers FC (1)
?,(Sat) 21 Aug 1965 (33),Hull City AFC (1),3-2,?,Scunthorpe United FC (1)
?,(Sat) 21 Aug 1965 (33),Swindon Town FC (1),0-0,?,Oxford United FC (1)
?,(Sat) 21 Aug 1965 (33),Shrewsbury Town FC (1),4-1,?,York City FC (1)
?,(Mon) 23 Aug 1965 (34),Queens Park Rangers FC (2),4-1,?,Brighton & Hove Albion FC (2)
?,(Mon) 23 Aug 1965 (34),York City FC (2),0-2,?,Swindon Town FC (2)
?,(Mon) 23 Aug 1965 (34),Peterborough United FC (2),0-2,?,Millwall FC (2)
?,(Tue) 24 Aug 1965 (34),Grimsby Town FC (2),3-2,?,Brentford FC (2)
?,(Tue) 24 Aug 1965 (34),Bristol Rovers FC (2),3-2,?,Shrewsbury Town FC (2)
?,(Tue) 24 Aug 1965 (34),AFC Bournemouth (2),2-1,?,Swansea City AFC (2)
?,(Tue) 24 Aug 1965 (34),Walsall FC (2),1-1,?,Workington AFC (2)
?,(Tue) 24 Aug 1965 (34),Watford FC (2),1-1,?,Hull City AFC (2)
?,(Wed) 25 Aug 1965 (34),Oldham Athletic AFC (2),2-2,?,Reading FC (2)
?,(Wed) 25 Aug 1965 (34),Scunthorpe United FC (2),0-1,?,Mansfield Town FC (2)
?,(Wed) 25 Aug 1965 (34),Gillingham FC (2),1-1,?,Exeter City FC (2)
?,(Wed) 25 Aug 1965 (34),Oxford United FC (2),3-2,?,Southend United FC (2)
?,(Fri) 27 Aug 1965 (34),York City FC (3),1-1,?,Grimsby Town FC (3)
?,(Sat) 28 Aug 1965 (34),Swansea City AFC (3),1-1,?,Swindon Town FC (3)
?,(Sat) 28 Aug 1965 (34),Queens Park Rangers FC (3),1-2,?,Mansfield Town FC (3)
?,(Sat) 28 Aug 1965 (34),Brighton & Hove Albion FC (3),1-2,?,Hull City AFC (3)
?,(Sat) 28 Aug 1965 (34),Oxford United FC (3),0-1,?,Shrewsbury Town FC (3)
?,(Sat) 28 Aug 1965 (34),Walsall FC (3),3-0,?,Southend United FC (3)
?,(Sat) 28 Aug 1965 (34),Workington AFC (3),2-2,?,AFC Bournemouth (3)
?,(Sat) 28 Aug 1965 (34),Scunthorpe United FC (3),2-0,?,Reading FC (3)
?,(Sat) 28 Aug 1965 (34),Gillingham FC (3),1-0,?,Millwall FC (3)
?,(Sat) 28 Aug 1965 (34),Oldham Athletic AFC (3),2-4,?,Peterborough United FC (3)
?,(Sat) 28 Aug 1965 (34),Bristol Rovers FC (3),1-1,?,Brentford FC (3)
?,(Sat) 28 Aug 1965 (34),Watford FC (3),3-0,?,Exeter City FC (3)
?,(Wed) 1 Sep 1965 (35),Hull City AFC (4),1-0,?,Swindon Town FC (4)
?,(Fri) 3 Sep 1965 (35),Reading FC (4),0-0,?,Brighton & Hove Albion FC (4)
?,(Fri) 3 Sep 1965 (35),Shrewsbury Town FC (4),5-0,?,Swansea City AFC (4)
?,(Sat) 4 Sep 1965 (35),Mansfield Town FC (4),2-0,?,Bristol Rovers FC (4)
?,(Sat) 4 Sep 1965 (35),Peterborough United FC (4),2-2,?,Watford FC (4)
?,(Sat) 4 Sep 1965 (35),Millwall FC (4),1-0,?,Oldham Athletic AFC (4)
?,(Sat) 4 Sep 1965 (35),Hull City AFC (5),1-3,?,Queens Park Rangers FC (4)
?,(Sat) 4 Sep 1965 (35),Exeter City FC (4),4-0,?,Scunthorpe United FC (4)
?,(Sat) 4 Sep 1965 (35),Grimsby Town FC (4),1-1,?,Oxford United FC (4)
?,(Sat) 4 Sep 1965 (35),Brentford FC (4),0-1,?,York City FC (4)
?,(Sat) 4 Sep 1965 (35),Swindon Town FC (5),0-0,?,Walsall FC (4)
?,(Sat) 4 Sep 1965 (35),Gillingham FC (4),2-0,?,AFC Bournemouth (4)
?,(Tue) 7 Sep 1965 (36),Bristol Rovers FC (5),0-1,?,Swindon Town FC (6)
?,(Fri) 10 Sep 1965 (36),York City FC (5),1-5,?,Bristol Rovers FC (6)
?,(Sat) 11 Sep 1965 (36),Oldham Athletic AFC (5),5-3,?,Gillingham FC (5)
?,(Sat) 11 Sep 1965 (36),Queens Park Rangers FC (5),0-2,?,Reading FC (5)
?,(Sat) 11 Sep 1965 (36),Mansfield Town FC (5),1-2,?,Hull City AFC (6)
?,(Sat) 11 Sep 1965 (36),Scunthorpe United FC (5),1-1,?,Peterborough United FC (5)
?,(Sat) 11 Sep 1965 (36),Workington AFC (4),0-3,?,Swindon Town FC (7)
?,(Sat) 11 Sep 1965 (36),Watford FC (5),0-1,?,Millwall FC (5)
?,(Sat) 11 Sep 1965 (36),Walsall FC (5),3-0,?,Shrewsbury Town FC (5)
?,(Sat) 11 Sep 1965 (36),Oxford United FC (5),2-0,?,Brentford FC (5)
?,(Sat) 11 Sep 1965 (36),Brighton & Hove Albion FC (5),2-1,?,Exeter City FC (5)
?,(Sat) 11 Sep 1965 (36),AFC Bournemouth (5),0-0,?,Southend United FC (4)
?,(Sat) 11 Sep 1965 (36),Swansea City AFC (5),1-0,?,Grimsby Town FC (5)
?,(Mon) 13 Sep 1965 (37),Millwall FC (6),3-0,?,Exeter City FC (6)
?,(Mon) 13 Sep 1965 (37),Southend United FC (5),2-3,?,York City FC (6)
?,(Tue) 14 Sep 1965 (37),Watford FC (6),2-1,?,Mansfield Town FC (6)
?,(Tue) 14 Sep 1965 (37),Brentford FC (6),4-0,?,Shrewsbury Town FC (6)
?,(Tue) 14 Sep 1965 (37),AFC Bournemouth (6),1-1,?,Oxford United FC (6)
?,(Tue) 14 Sep 1965 (37),Scunthorpe United FC (6),1-2,?,Queens Park Rangers FC (6)
?,(Tue) 14 Sep 1965 (37),Walsall FC (6),2-0,?,Peterborough United FC (6)
?,(Tue) 14 Sep 1965 (37),Swansea City AFC (6),1-6,?,Workington AFC (5)
?,(Wed) 15 Sep 1965 (37),Reading FC (6),2-2,?,Gillingham FC (6)
?,(Wed) 15 Sep 1965 (37),Grimsby Town FC (6),3-1,?,Brighton & Hove Albion FC (6)
?,(Fri) 17 Sep 1965 (37),Oldham Athletic AFC (6),1-0,?,Southend United FC (6)
?,(Fri) 17 Sep 1965 (37),Shrewsbury Town FC (7),1-1,?,Workington AFC (6)
?,(Fri) 17 Sep 1965 (37),Reading FC (7),2-1,?,Mansfield Town FC (7)
?,(Sat) 18 Sep 1965 (37),Grimsby Town FC (7),3-1,?,Walsall FC (7)
?,(Sat) 18 Sep 1965 (37),Gillingham FC (7),2-2,?,Watford FC (7)
?,(Sat) 18 Sep 1965 (37),Hull City AFC (7),1-4,?,York City FC (7)
?,(Sat) 18 Sep 1965 (37),Swindon Town FC (8),0-0,?,AFC Bournemouth (7)
?,(Sat) 18 Sep 1965 (37),Exeter City FC (7),0-0,?,Queens Park Rangers FC (7)
?,(Sat) 18 Sep 1965 (37),Peterborough United FC (7),2-2,?,Brighton & Hove Albion FC (7)
?,(Sat) 18 Sep 1965 (37),Millwall FC (7),2-2,?,Scunthorpe United FC (7)
?,(Sat) 18 Sep 1965 (37),Brentford FC (7),2-0,?,Swansea City AFC (7)
?,(Sat) 18 Sep 1965 (37),Bristol Rovers FC (7),3-1,?,Oxford United FC (7)
?,(Fri) 24 Sep 1965 (38),Southend United FC (7),4-2,?,Swindon Town FC (9)
?,(Sat) 25 Sep 1965 (38),Scunthorpe United FC (8),0-1,?,Gillingham FC (8)
?,(Sat) 25 Sep 1965 (38),Walsall FC (8),1-1,?,Brentford FC (8)
?,(Sat) 25 Sep 1965 (38),Mansfield Town FC (8),0-0,?,Exeter City FC (8)
?,(Sat) 25 Sep 1965 (38),Hull City AFC (8),3-3,?,Reading FC (8)
?,(Sat) 25 Sep 1965 (38),Workington AFC (7),1-0,?,Grimsby Town FC (8)
?,(Sat) 25 Sep 1965 (38),Swansea City AFC (8),3-0,?,Bristol Rovers FC (8)
?,(Sat) 25 Sep 1965 (38),Oxford United FC (8),4-1,?,York City FC (8)
?,(Sat) 25 Sep 1965 (38),Queens Park Rangers FC (8),2-1,?,Peterborough United FC (8)
?,(Sat) 25 Sep 1965 (38),Watford FC (8),4-0,?,Oldham Athletic AFC (7)
?,(Sat) 25 Sep 1965 (38),Brighton & Hove Albion FC (8),2-2,?,Millwall FC (8)
?,(Sat) 25 Sep 1965 (38),AFC Bournemouth (8),2-0,?,Shrewsbury Town FC (8)
?,(Fri) 1 Oct 1965 (39),Reading FC (9),0-1,?,Oxford United FC (9)
?,(Fri) 1 Oct 1965 (39),York City FC (9),5-1,?,Swansea City AFC (9)
?,(Fri) 1 Oct 1965 (39),Shrewsbury Town FC (9),3-0,?,Southend United FC (8)
?,(Sat) 2 Oct 1965 (39),Oldham Athletic AFC (8),1-3,?,Scunthorpe United FC (9)
?,(Sat) 2 Oct 1965 (39),Gillingham FC (9),3-1,?,Brighton & Hove Albion FC (9)
?,(Sat) 2 Oct 1965 (39),Grimsby Town FC (9),2-0,?,AFC Bournemouth (9)
?,(Sat) 2 Oct 1965 (39),Exeter City FC (9),1-4,?,Hull City AFC (9)
?,(Sat) 2 Oct 1965 (39),Watford FC (9),2-0,?,Swindon Town FC (10)
?,(Sat) 2 Oct 1965 (39),Millwall FC (9),2-1,?,Queens Park Rangers FC (9)
?,(Sat) 2 Oct 1965 (39),Bristol Rovers FC (9),3-0,?,Walsall FC (9)
?,(Sat) 2 Oct 1965 (39),Brentford FC (9),0-1,?,Workington AFC (8)
?,(Sat) 2 Oct 1965 (39),Peterborough United FC (9),3-2,?,Mansfield Town FC (9)
?,(Mon) 4 Oct 1965 (40),York City FC (10),0-3,?,Southend United FC (9)
?,(Mon) 4 Oct 1965 (40),Mansfield Town FC (10),2-2,?,Watford FC (10)
?,(Mon) 4 Oct 1965 (40),Queens Park Rangers FC (10),1-0,?,Scunthorpe United FC (10)
?,(Mon) 4 Oct 1965 (40),Peterborough United FC (10),3-1,?,Walsall FC (10)
?,(Mon) 4 Oct 1965 (40),Workington AFC (9),7-0,?,Swansea City AFC (10)
?,(Tue) 5 Oct 1965 (40),Swindon Town FC (11),4-3,?,Bristol Rovers FC (10)
?,(Tue) 5 Oct 1965 (40),Brighton & Hove Albion FC (10),1-2,?,Grimsby Town FC (10)
?,(Wed) 6 Oct 1965 (40),Shrewsbury Town FC (10),0-0,?,Brentford FC (10)
?,(Wed) 6 Oct 1965 (40),Exeter City FC (10),1-2,?,Millwall FC (10)
?,(Wed) 6 Oct 1965 (40),Hull City AFC (10),5-1,?,Oldham Athletic AFC (9)
?,(Fri) 8 Oct 1965 (40),Southend United FC (10),0-2,?,Millwall FC (11)
?,(Sat) 9 Oct 1965 (40),AFC Bournemouth (10),2-3,?,Peterborough United FC (11)
?,(Sat) 9 Oct 1965 (40),Walsall FC (11),3-0,?,Reading FC (10)
?,(Sat) 9 Oct 1965 (40),Grimsby Town FC (11),2-1,?,Watford FC (11)
?,(Sat) 9 Oct 1965 (40),Swansea City AFC (11),4-2,?,Hull City AFC (11)
?,(Sat) 9 Oct 1965 (40),Shrewsbury Town FC (11),3-1,?,Oldham Athletic AFC (10)
?,(Sat) 9 Oct 1965 (40),Oxford United FC (10),4-1,?,Mansfield Town FC (11)
?,(Sat) 9 Oct 1965 (40),Workington AFC (10),6-1,?,Exeter City FC (11)
?,(Sat) 9 Oct 1965 (40),Bristol Rovers FC (11),0-0,?,Brighton & Hove Albion FC (11)
?,(Sat) 9 Oct 1965 (40),Swindon Town FC (12),0-1,?,Gillingham FC (10)
?,(Sat) 9 Oct 1965 (40),Brentford FC (11),0-1,?,Scunthorpe United FC (11)
?,(Sat) 9 Oct 1965 (40),York City FC (11),2-2,?,Queens Park Rangers FC (11)
?,(Wed) 13 Oct 1965 (41),Oldham Athletic AFC (11),2-2,?,Hull City AFC (12)
?,(Fri) 15 Oct 1965 (41),Reading FC (11),1-1,?,Workington AFC (11)
?,(Fri) 15 Oct 1965 (41),Brighton & Hove Albion FC (12),3-1,?,York City FC (12)
?,(Sat) 16 Oct 1965 (41),Queens Park Rangers FC (12),2-3,?,Oxford United FC (11)
?,(Sat) 16 Oct 1965 (41),Watford FC (12),1-1,?,Brentford FC (12)
?,(Sat) 16 Oct 1965 (41),Peterborough United FC (12),4-0,?,Southend United FC (11)
?,(Sat) 16 Oct 1965 (41),Millwall FC (12),1-0,?,Swindon Town FC (13)
?,(Sat) 16 Oct 1965 (41),Gillingham FC (11),0-1,?,Shrewsbury Town FC (12)
?,(Sat) 16 Oct 1965 (41),Hull City AFC (13),3-2,?,Walsall FC (12)
?,(Sat) 16 Oct 1965 (41),Exeter City FC (12),1-0,?,AFC Bournemouth (11)
?,(Sat) 16 Oct 1965 (41),Mansfield Town FC (12),3-0,?,Swansea City AFC (12)
?,(Sat) 16 Oct 1965 (41),Scunthorpe United FC (12),3-0,?,Bristol Rovers FC (12)
?,(Sat) 16 Oct 1965 (41),Oldham Athletic AFC (12),1-4,?,Grimsby Town FC (12)
?,(Tue) 19 Oct 1965 (42),Bristol Rovers FC (13),4-0,?,Oldham Athletic AFC (13)
?,(Tue) 19 Oct 1965 (42),Swindon Town FC (14),6-0,?,York City FC (13)
?,(Fri) 22 Oct 1965 (42),Workington AFC (12),3-0,?,Hull City AFC (14)
?,(Fri) 22 Oct 1965 (42),Shrewsbury Town FC (13),2-0,?,Millwall FC (13)
?,(Sat) 23 Oct 1965 (42),Bristol Rovers FC (14),1-1,?,Watford FC (13)
?,(Sat) 23 Oct 1965 (42),Grimsby Town FC (13),3-1,?,Gillingham FC (12)
?,(Sat) 23 Oct 1965 (42),Swindon Town FC (15),3-0,?,Peterborough United FC (13)
?,(Sat) 23 Oct 1965 (42),Brentford FC (13),0-0,?,Oldham Athletic AFC (14)
?,(Sat) 23 Oct 1965 (42),Swansea City AFC (13),4-2,?,Queens Park Rangers FC (13)
?,(Sat) 23 Oct 1965 (42),Oxford United FC (12),0-0,?,Brighton & Hove Albion FC (13)
?,(Sat) 23 Oct 1965 (42),AFC Bournemouth (12),3-2,?,Reading FC (12)
?,(Sat) 23 Oct 1965 (42),Southend United FC (12),4-2,?,Exeter City FC (13)
?,(Sat) 23 Oct 1965 (42),Walsall FC (13),2-1,?,Mansfield Town FC (13)
?,(Mon) 25 Oct 1965 (43),Millwall FC (14),3-3,?,Bristol Rovers FC (15)
?,(Mon) 25 Oct 1965 (43),Southend United FC (13),3-1,?,Workington AFC (13)
?,(Fri) 29 Oct 1965 (43),Reading FC (13),1-0,?,Southend United FC (14)
?,(Sat) 30 Oct 1965 (43),Hull City AFC (15),3-0,?,AFC Bournemouth (13)
?,(Sat) 30 Oct 1965 (43),Millwall FC (15),2-1,?,Grimsby Town FC (14)
?,(Sat) 30 Oct 1965 (43),Brighton & Hove Albion FC (14),1-1,?,Swansea City AFC (14)
?,(Sat) 30 Oct 1965 (43),Queens Park Rangers FC (14),2-1,?,Walsall FC (14)
?,(Sat) 30 Oct 1965 (43),Oldham Athletic AFC (15),2-0,?,Bristol Rovers FC (16)
?,(Sat) 30 Oct 1965 (43),Gillingham FC (13),1-0,?,Brentford FC (14)
?,(Sat) 30 Oct 1965 (43),Mansfield Town FC (14),0-1,?,Workington AFC (14)
?,(Sat) 30 Oct 1965 (43),Watford FC (14),3-2,?,York City FC (14)
?,(Sat) 30 Oct 1965 (43),Exeter City FC (14),1-1,?,Swindon Town FC (16)
?,(Sat) 30 Oct 1965 (43),Peterborough United FC (14),4-1,?,Shrewsbury Town FC (14)
?,(Sat) 30 Oct 1965 (43),Scunthorpe United FC (13),1-2,?,Oxford United FC (13)
?,(Mon) 1 Nov 1965 (44),Shrewsbury Town FC (15),1-0,?,Bristol Rovers FC (17)
?,(Wed) 3 Nov 1965 (44),Oxford United FC (14),2-1,?,AFC Bournemouth (14)
?,(Fri) 5 Nov 1965 (44),York City FC (15),2-2,?,Oldham Athletic AFC (16)
?,(Fri) 5 Nov 1965 (44),Workington AFC (15),1-1,?,Queens Park Rangers FC (15)
?,(Sat) 6 Nov 1965 (44),Southend United FC (15),0-2,?,Hull City AFC (16)
?,(Sat) 6 Nov 1965 (44),Swindon Town FC (17),5-0,?,Reading FC (14)
?,(Sat) 6 Nov 1965 (44),Brentford FC (15),1-2,?,Millwall FC (16)
?,(Sat) 6 Nov 1965 (44),Walsall FC (15),2-1,?,Brighton & Hove Albion FC (15)
?,(Sat) 6 Nov 1965 (44),Grimsby Town FC (15),3-0,?,Peterborough United FC (15)
?,(Sat) 6 Nov 1965 (44),Oxford United FC (15),1-2,?,Watford FC (15)
?,(Sat) 6 Nov 1965 (44),Bristol Rovers FC (18),0-0,?,Gillingham FC (14)
?,(Sat) 6 Nov 1965 (44),Swansea City AFC (15),3-4,?,Scunthorpe United FC (14)
?,(Sat) 6 Nov 1965 (44),AFC Bournemouth (15),2-2,?,Mansfield Town FC (15)
?,(Sat) 6 Nov 1965 (44),Shrewsbury Town FC (16),4-0,?,Exeter City FC (15)
?,(Tue) 9 Nov 1965 (45),Bristol Rovers FC (19),2-2,?,Workington AFC (16)
?,(Fri) 19 Nov 1965 (46),Workington AFC (17),1-2,?,Scunthorpe United FC (15)
?,(Fri) 19 Nov 1965 (46),York City FC (16),2-1,?,Millwall FC (17)
?,(Sat) 20 Nov 1965 (46),Bristol Rovers FC (20),1-1,?,Peterborough United FC (16)
?,(Sat) 20 Nov 1965 (46),Southend United FC (16),1-3,?,Queens Park Rangers FC (16)
?,(Sat) 20 Nov 1965 (46),Swindon Town FC (18),6-2,?,Mansfield Town FC (16)
?,(Sat) 20 Nov 1965 (46),Walsall FC (16),3-0,?,Watford FC (16)
?,(Sat) 20 Nov 1965 (46),Swansea City AFC (16),4-1,?,Oldham Athletic AFC (17)
?,(Sat) 20 Nov 1965 (46),Shrewsbury Town FC (17),2-2,?,Hull City AFC (17)
?,(Sat) 20 Nov 1965 (46),AFC Bournemouth (16),0-1,?,Brighton & Hove Albion FC (16)
?,(Sat) 20 Nov 1965 (46),Oxford United FC (16),0-4,?,Gillingham FC (15)
?,(Sat) 20 Nov 1965 (46),Grimsby Town FC (16),3-3,?,Reading FC (15)
?,(Sat) 20 Nov 1965 (46),Brentford FC (16),1-2,?,Exeter City FC (16)
?,(Mon) 22 Nov 1965 (47),Millwall FC (18),4-1,?,Peterborough United FC (17)
?,(Mon) 22 Nov 1965 (47),Southend United FC (17),2-1,?,Oxford United FC (17)
?,(Tue) 23 Nov 1965 (47),Brighton & Hove Albion FC (17),0-2,?,Queens Park Rangers FC (17)
?,(Tue) 23 Nov 1965 (47),Brentford FC (17),3-2,?,Grimsby Town FC (17)
?,(Tue) 23 Nov 1965 (47),Swansea City AFC (17),5-0,?,AFC Bournemouth (17)
?,(Wed) 24 Nov 1965 (47),Hull City AFC (18),3-1,?,Watford FC (17)
?,(Sat) 27 Nov 1965 (47),Peterborough United FC (18),1-0,?,York City FC (17)
?,(Sat) 27 Nov 1965 (47),Gillingham FC (16),2-0,?,Swansea City AFC (18)
?,(Sat) 27 Nov 1965 (47),Exeter City FC (17),1-0,?,Bristol Rovers FC (21)
?,(Sat) 27 Nov 1965 (47),Hull City AFC (19),1-1,?,Grimsby Town FC (18)
?,(Sat) 27 Nov 1965 (47),Millwall FC (19),2-0,?,Oxford United FC (18)
?,(Sat) 27 Nov 1965 (47),Reading FC (16),2-0,?,Brentford FC (18)
?,(Sat) 27 Nov 1965 (47),Brighton & Hove Albion FC (18),9-1,?,Southend United FC (18)
?,(Sat) 27 Nov 1965 (47),Scunthorpe United FC (16),3-0,?,AFC Bournemouth (18)
?,(Sat) 27 Nov 1965 (47),Queens Park Rangers FC (18),3-2,?,Swindon Town FC (19)
?,(Sat) 27 Nov 1965 (47),Watford FC (18),1-2,?,Workington AFC (18)
?,(Sat) 4 Dec 1965 (48),York City FC (18),1-3,?,Scunthorpe United FC (17)
?,(Sat) 4 Dec 1965 (48),Exeter City FC (18),3-1,?,Gillingham FC (17)
?,(Sat) 11 Dec 1965 (49),Scunthorpe United FC (18),2-1,?,Swindon Town FC (20)
?,(Sat) 11 Dec 1965 (49),Queens Park Rangers FC (19),3-0,?,Grimsby Town FC (19)
?,(Sat) 11 Dec 1965 (49),Watford FC (19),4-1,?,Southend United FC (19)
?,(Sat) 11 Dec 1965 (49),Reading FC (17),3-0,?,York City FC (19)
?,(Sat) 11 Dec 1965 (49),Mansfield Town FC (17),2-0,?,Brentford FC (19)
?,(Sat) 11 Dec 1965 (49),Exeter City FC (19),1-2,?,Oxford United FC (19)
?,(Sat) 11 Dec 1965 (49),Hull City AFC (20),6-1,?,Bristol Rovers FC (22)
?,(Sat) 11 Dec 1965 (49),Brighton & Hove Albion FC (19),1-1,?,Shrewsbury Town FC (18)
?,(Sat) 11 Dec 1965 (49),Oldham Athletic AFC (18),2-2,?,AFC Bournemouth (19)
?,(Sat) 11 Dec 1965 (49),Peterborough United FC (19),5-2,?,Swansea City AFC (19)
?,(Sat) 11 Dec 1965 (49),Gillingham FC (18),1-0,?,Workington AFC (19)
?,(Sat) 11 Dec 1965 (49),Millwall FC (20),1-1,?,Walsall FC (17)
?,(Fri) 17 Dec 1965 (50),Walsall FC (18),2-4,?,Hull City AFC (21)
?,(Fri) 17 Dec 1965 (50),AFC Bournemouth (20),0-1,?,Exeter City FC (20)
?,(Fri) 17 Dec 1965 (50),York City FC (20),0-1,?,Brighton & Hove Albion FC (20)
?,(Sat) 18 Dec 1965 (50),Oxford United FC (20),1-3,?,Queens Park Rangers FC (20)
?,(Sat) 18 Dec 1965 (50),Grimsby Town FC (20),3-1,?,Oldham Athletic AFC (19)
?,(Sat) 18 Dec 1965 (50),Southend United FC (20),2-0,?,Peterborough United FC (20)
?,(Mon) 27 Dec 1965 (52),Hull City AFC (22),1-0,?,Millwall FC (21)
?,(Mon) 27 Dec 1965 (52),Shrewsbury Town FC (19),1-4,?,Scunthorpe United FC (19)
?,(Mon) 27 Dec 1965 (52),Oxford United FC (21),7-1,?,Walsall FC (19)
?,(Mon) 27 Dec 1965 (52),Brighton & Hove Albion FC (21),2-0,?,Watford FC (20)
?,(Mon) 27 Dec 1965 (52),Exeter City FC (21),1-1,?,Swansea City AFC (20)
?,(Mon) 27 Dec 1965 (52),Reading FC (18),2-1,?,Peterborough United FC (21)
?,(Mon) 27 Dec 1965 (52),Grimsby Town FC (21),2-2,?,Swindon Town FC (21)
?,(Mon) 27 Dec 1965 (52),York City FC (21),3-3,?,Workington AFC (20)
?,(Mon) 27 Dec 1965 (52),Bristol Rovers FC (23),0-0,?,AFC Bournemouth (21)
?,(Tue) 28 Dec 1965 (52),Scunthorpe United FC (20),1-4,?,Shrewsbury Town FC (20)
?,(Tue) 28 Dec 1965 (52),AFC Bournemouth (22),1-0,?,Bristol Rovers FC (24)
?,(Tue) 28 Dec 1965 (52),Millwall FC (22),3-0,?,Hull City AFC (23)
?,(Sat) 1 Jan 1966 (0),Exeter City FC (22),2-1,?,Workington AFC (21)
?,(Sat) 1 Jan 1966 (0),Oldham Athletic AFC (20),0-1,?,Shrewsbury Town FC (21)
?,(Sat) 1 Jan 1966 (0),Peterborough United FC (22),1-0,?,AFC Bournemouth (23)
?,(Sat) 1 Jan 1966 (0),Brighton & Hove Albion FC (22),4-3,?,Bristol Rovers FC (25)
?,(Sat) 1 Jan 1966 (0),Mansfield Town FC (18),1-4,?,Oxford United FC (22)
?,(Sat) 1 Jan 1966 (0),Reading FC (19),3-0,?,Walsall FC (20)
?,(Sat) 1 Jan 1966 (0),Hull City AFC (24),4-1,?,Swansea City AFC (21)
?,(Sat) 1 Jan 1966 (0),Queens Park Rangers FC (21),7-2,?,York City FC (22)
?,(Sat) 1 Jan 1966 (0),Scunthorpe United FC (21),3-2,?,Brentford FC (20)
?,(Sat) 1 Jan 1966 (0),Millwall FC (23),2-0,?,Southend United FC (21)
?,(Sat) 1 Jan 1966 (0),Watford FC (21),1-1,?,Grimsby Town FC (22)
?,(Sat) 1 Jan 1966 (0),Gillingham FC (19),1-0,?,Swindon Town FC (22)
?,(Fri) 7 Jan 1966 (1),Workington AFC (22),1-0,?,Brighton & Hove Albion FC (23)
?,(Sat) 8 Jan 1966 (1),Walsall FC (21),3-0,?,Scunthorpe United FC (22)
?,(Sat) 8 Jan 1966 (1),Grimsby Town FC (23),1-1,?,Exeter City FC (23)
?,(Sat) 8 Jan 1966 (1),AFC Bournemouth (24),1-1,?,Queens Park Rangers FC (22)
?,(Sat) 8 Jan 1966 (1),Brentford FC (21),1-0,?,Peterborough United FC (23)
?,(Sat) 8 Jan 1966 (1),Shrewsbury Town FC (22),3-3,?,Reading FC (20)
?,(Sat) 8 Jan 1966 (1),York City FC (23),1-2,?,Gillingham FC (20)
?,(Sat) 8 Jan 1966 (1),Oxford United FC (23),3-3,?,Oldham Athletic AFC (21)
?,(Sat) 8 Jan 1966 (1),Swindon Town FC (23),3-1,?,Hull City AFC (25)
?,(Sat) 8 Jan 1966 (1),Bristol Rovers FC (26),1-1,?,Millwall FC (24)
?,(Sat) 8 Jan 1966 (1),Southend United FC (22),1-0,?,Mansfield Town FC (19)
?,(Sat) 8 Jan 1966 (1),Swansea City AFC (22),4-2,?,Watford FC (22)
?,(Sat) 15 Jan 1966 (2),Watford FC (23),2-0,?,Bristol Rovers FC (27)
?,(Sat) 15 Jan 1966 (2),Millwall FC (25),4-2,?,Shrewsbury Town FC (23)
?,(Sat) 15 Jan 1966 (2),Hull City AFC (26),6-0,?,Workington AFC (23)
?,(Sat) 15 Jan 1966 (2),Scunthorpe United FC (23),4-1,?,York City FC (24)
?,(Sat) 15 Jan 1966 (2),Oldham Athletic AFC (22),1-1,?,Brentford FC (22)
?,(Sat) 15 Jan 1966 (2),Mansfield Town FC (20),0-3,?,Walsall FC (22)
?,(Sat) 15 Jan 1966 (2),Peterborough United FC (24),2-3,?,Swindon Town FC (24)
?,(Sat) 15 Jan 1966 (2),Queens Park Rangers FC (23),6-2,?,Swansea City AFC (23)
?,(Sat) 15 Jan 1966 (2),Exeter City FC (24),1-1,?,Southend United FC (23)
?,(Fri) 21 Jan 1966 (3),York City FC (25),1-0,?,Watford FC (24)
?,(Sat) 22 Jan 1966 (3),Swansea City AFC (24),1-0,?,Exeter City FC (25)
?,(Fri) 28 Jan 1966 (4),Workington AFC (24),0-0,?,Millwall FC (26)
?,(Sat) 29 Jan 1966 (4),Watford FC (25),1-2,?,Reading FC (21)
?,(Sat) 29 Jan 1966 (4),Oldham Athletic AFC (23),3-1,?,Exeter City FC (26)
?,(Sat) 29 Jan 1966 (4),Bristol Rovers FC (28),2-1,?,Grimsby Town FC (24)
?,(Sat) 29 Jan 1966 (4),Scunthorpe United FC (24),2-4,?,Hull City AFC (27)
?,(Sat) 29 Jan 1966 (4),Swansea City AFC (25),5-0,?,Southend United FC (24)
?,(Sat) 29 Jan 1966 (4),Brighton & Hove Albion FC (24),6-4,?,Mansfield Town FC (21)
?,(Sat) 29 Jan 1966 (4),Walsall FC (23),2-1,?,AFC Bournemouth (25)
?,(Sat) 29 Jan 1966 (4),Queens Park Rangers FC (24),1-0,?,Brentford FC (23)
?,(Sat) 29 Jan 1966 (4),York City FC (26),2-2,?,Shrewsbury Town FC (24)
?,(Sat) 29 Jan 1966 (4),Gillingham FC (21),1-1,?,Peterborough United FC (25)
?,(Sat) 29 Jan 1966 (4),Oxford United FC (24),0-3,?,Swindon Town FC (25)
?,(Sat) 5 Feb 1966 (5),AFC Bournemouth (26),1-1,?,Workington AFC (25)
?,(Sat) 5 Feb 1966 (5),Grimsby Town FC (25),3-1,?,York City FC (27)
?,(Sat) 5 Feb 1966 (5),Southend United FC (25),5-3,?,Walsall FC (24)
?,(Sat) 5 Feb 1966 (5),Swindon Town FC (26),2-2,?,Swansea City AFC (26)
?,(Sat) 5 Feb 1966 (5),Exeter City FC (27),1-2,?,Watford FC (26)
?,(Sat) 5 Feb 1966 (5),Millwall FC (27),2-0,?,Gillingham FC (22)
?,(Sat) 5 Feb 1966 (5),Hull City AFC (28),1-0,?,Brighton & Hove Albion FC (25)
?,(Sat) 5 Feb 1966 (5),Brentford FC (24),0-5,?,Bristol Rovers FC (29)
?,(Sat) 5 Feb 1966 (5),Shrewsbury Town FC (25),4-0,?,Oxford United FC (25)
?,(Sat) 5 Feb 1966 (5),Reading FC (22),2-0,?,Scunthorpe United FC (25)
?,(Sat) 5 Feb 1966 (5),Mansfield Town FC (22),2-1,?,Queens Park Rangers FC (25)
?,(Sat) 5 Feb 1966 (5),Peterborough United FC (26),0-1,?,Oldham Athletic AFC (24)
?,(Fri) 11 Feb 1966 (6),Workington AFC (26),2-1,?,Oxford United FC (26)
?,(Sat) 12 Feb 1966 (6),Swindon Town FC (27),2-1,?,Brentford FC (25)
?,(Sat) 12 Feb 1966 (6),Reading FC (23),1-1,?,Millwall FC (28)
?,(Sat) 12 Feb 1966 (6),York City FC (28),0-2,?,AFC Bournemouth (27)
?,(Sat) 12 Feb 1966 (6),Southend United FC (26),2-0,?,Bristol Rovers FC (30)
?,(Sat) 12 Feb 1966 (6),Brighton & Hove Albion FC (26),0-1,?,Scunthorpe United FC (26)
?,(Tue) 15 Feb 1966 (7),Queens Park Rangers FC (26),1-1,?,Watford FC (27)
?,(Sat) 19 Feb 1966 (7),Brighton & Hove Albion FC (27),1-1,?,Reading FC (24)
?,(Sat) 19 Feb 1966 (7),Workington AFC (27),3-1,?,Southend United FC (27)
?,(Sat) 19 Feb 1966 (7),Watford FC (28),1-0,?,Peterborough United FC (27)
?,(Sat) 19 Feb 1966 (7),Bristol Rovers FC (31),6-0,?,Mansfield Town FC (23)
?,(Sat) 19 Feb 1966 (7),Scunthorpe United FC (27),2-1,?,Exeter City FC (28)
?,(Sat) 19 Feb 1966 (7),Queens Park Rangers FC (27),3-3,?,Hull City AFC (29)
?,(Sat) 19 Feb 1966 (7),Oxford United FC (27),2-0,?,Grimsby Town FC (26)
?,(Sat) 19 Feb 1966 (7),Swansea City AFC (27),4-0,?,Shrewsbury Town FC (26)
?,(Sat) 19 Feb 1966 (7),AFC Bournemouth (28),1-1,?,Gillingham FC (23)
?,(Sat) 19 Feb 1966 (7),Walsall FC (25),5-0,?,Swindon Town FC (28)
?,(Mon) 21 Feb 1966 (8),Mansfield Town FC (24),1-0,?,Oldham Athletic AFC (25)
?,(Wed) 23 Feb 1966 (8),Gillingham FC (24),0-3,?,Hull City AFC (30)
?,(Sat) 26 Feb 1966 (8),Grimsby Town FC (27),2-2,?,Swansea City AFC (28)
?,(Sat) 26 Feb 1966 (8),Brentford FC (26),5-1,?,Oxford United FC (28)
?,(Sat) 26 Feb 1966 (8),Hull City AFC (31),4-0,?,Mansfield Town FC (25)
?,(Sat) 26 Feb 1966 (8),Southend United FC (28),1-2,?,AFC Bournemouth (29)
?,(Sat) 26 Feb 1966 (8),Peterborough United FC (28),3-1,?,Scunthorpe United FC (28)
?,(Sat) 26 Feb 1966 (8),Bristol Rovers FC (32),0-0,?,York City FC (29)
?,(Sat) 26 Feb 1966 (8),Millwall FC (29),0-0,?,Watford FC (29)
?,(Tue) 1 Mar 1966 (9),Oldham Athletic AFC (26),0-2,?,Millwall FC (30)
?,(Tue) 1 Mar 1966 (9),Swansea City AFC (29),1-2,?,Mansfield Town FC (26)
?,(Tue) 1 Mar 1966 (9),Brentford FC (27),2-0,?,Southend United FC (29)
?,(Sat) 5 Mar 1966 (9),Watford FC (30),1-2,?,Queens Park Rangers FC (28)
?,(Sat) 5 Mar 1966 (9),Oxford United FC (29),0-2,?,Workington AFC (28)
?,(Sat) 5 Mar 1966 (9),Brentford FC (28),0-1,?,Swindon Town FC (29)
?,(Sat) 5 Mar 1966 (9),AFC Bournemouth (30),1-0,?,York City FC (30)
?,(Sat) 5 Mar 1966 (9),Gillingham FC (25),3-2,?,Grimsby Town FC (28)
?,(Sat) 5 Mar 1966 (9),Millwall FC (31),3-0,?,Reading FC (25)
?,(Sat) 5 Mar 1966 (9),Scunthorpe United FC (29),2-2,?,Brighton & Hove Albion FC (28)
?,(Sat) 5 Mar 1966 (9),Walsall FC (26),1-1,?,Swansea City AFC (30)
?,(Sat) 5 Mar 1966 (9),Exeter City FC (29),2-5,?,Peterborough United FC (29)
?,(Sat) 5 Mar 1966 (9),Bristol Rovers FC (33),3-1,?,Southend United FC (30)
?,(Sat) 5 Mar 1966 (9),Oldham Athletic AFC (27),1-1,?,Mansfield Town FC (27)
?,(Mon) 7 Mar 1966 (10),Southend United FC (31),1-0,?,Brentford FC (29)
?,(Mon) 7 Mar 1966 (10),Reading FC (26),1-0,?,AFC Bournemouth (31)
?,(Mon) 7 Mar 1966 (10),Mansfield Town FC (28),2-2,?,Scunthorpe United FC (30)
?,(Tue) 8 Mar 1966 (10),Brighton & Hove Albion FC (29),2-0,?,Oxford United FC (30)
?,(Wed) 9 Mar 1966 (10),Hull City AFC (32),1-0,?,Gillingham FC (26)
?,(Fri) 11 Mar 1966 (10),Workington AFC (29),1-3,?,Shrewsbury Town FC (27)
?,(Fri) 11 Mar 1966 (10),Southend United FC (32),0-2,?,Oldham Athletic AFC (28)
?,(Sat) 12 Mar 1966 (10),Scunthorpe United FC (31),4-4,?,Millwall FC (32)
?,(Sat) 12 Mar 1966 (10),Walsall FC (27),1-0,?,Grimsby Town FC (29)
?,(Sat) 12 Mar 1966 (10),Oxford United FC (31),1-0,?,Bristol Rovers FC (34)
?,(Sat) 12 Mar 1966 (10),Queens Park Rangers FC (29),1-0,?,Exeter City FC (30)
?,(Sat) 12 Mar 1966 (10),Swansea City AFC (31),1-1,?,Brentford FC (30)
?,(Sat) 12 Mar 1966 (10),AFC Bournemouth (32),1-0,?,Swindon Town FC (30)
?,(Sat) 12 Mar 1966 (10),Brighton & Hove Albion FC (30),1-0,?,Peterborough United FC (30)
?,(Sat) 12 Mar 1966 (10),Watford FC (31),1-0,?,Gillingham FC (27)
?,(Sat) 12 Mar 1966 (10),Mansfield Town FC (29),0-2,?,Reading FC (27)
?,(Sat) 12 Mar 1966 (10),York City FC (31),1-2,?,Hull City AFC (33)
?,(Mon) 14 Mar 1966 (11),Southend United FC (33),2-0,?,Shrewsbury Town FC (28)
?,(Mon) 14 Mar 1966 (11),Mansfield Town FC (30),0-0,?,Gillingham FC (28)
?,(Tue) 15 Mar 1966 (11),Oldham Athletic AFC (29),1-2,?,Walsall FC (28)
?,(Tue) 15 Mar 1966 (11),Swindon Town FC (31),1-0,?,Millwall FC (33)
?,(Tue) 15 Mar 1966 (11),Workington AFC (30),2-1,?,York City FC (32)
?,(Fri) 18 Mar 1966 (11),Oldham Athletic AFC (30),0-1,?,Watford FC (32)
?,(Fri) 18 Mar 1966 (11),Reading FC (28),0-1,?,Hull City AFC (34)
?,(Fri) 18 Mar 1966 (11),York City FC (33),1-4,?,Oxford United FC (32)
?,(Sat) 19 Mar 1966 (11),Shrewsbury Town FC (29),0-2,?,AFC Bournemouth (33)
?,(Sat) 19 Mar 1966 (11),Swindon Town FC (32),4-0,?,Southend United FC (34)
?,(Sat) 19 Mar 1966 (11),Gillingham FC (29),0-1,?,Scunthorpe United FC (32)
?,(Sat) 19 Mar 1966 (11),Millwall FC (34),3-2,?,Brighton & Hove Albion FC (31)
?,(Sat) 19 Mar 1966 (11),Peterborough United FC (31),1-1,?,Queens Park Rangers FC (30)
?,(Sat) 19 Mar 1966 (11),Brentford FC (31),2-2,?,Walsall FC (29)
?,(Sat) 19 Mar 1966 (11),Bristol Rovers FC (35),2-1,?,Swansea City AFC (32)
?,(Sat) 19 Mar 1966 (11),Exeter City FC (31),2-2,?,Mansfield Town FC (31)
?,(Sat) 19 Mar 1966 (11),Grimsby Town FC (30),1-0,?,Workington AFC (31)
?,(Mon) 21 Mar 1966 (12),Mansfield Town FC (32),0-3,?,Shrewsbury Town FC (30)
?,(Tue) 22 Mar 1966 (12),Watford FC (33),0-1,?,Brighton & Hove Albion FC (32)
?,(Wed) 23 Mar 1966 (12),Gillingham FC (30),2-4,?,Reading FC (29)
?,(Thu) 24 Mar 1966 (12),Shrewsbury Town FC (31),1-2,?,Walsall FC (30)
?,(Fri) 25 Mar 1966 (12),Swansea City AFC (33),7-2,?,York City FC (34)
?,(Sat) 26 Mar 1966 (12),Oxford United FC (33),2-0,?,Reading FC (30)
?,(Sat) 26 Mar 1966 (12),Brighton & Hove Albion FC (33),0-1,?,Gillingham FC (31)
?,(Sat) 26 Mar 1966 (12),Swindon Town FC (33),0-1,?,Watford FC (34)
?,(Sat) 26 Mar 1966 (12),Workington AFC (32),1-1,?,Brentford FC (32)
?,(Sat) 26 Mar 1966 (12),AFC Bournemouth (34),1-0,?,Grimsby Town FC (31)
?,(Sat) 26 Mar 1966 (12),Queens Park Rangers FC (31),6-1,?,Millwall FC (35)
?,(Sat) 26 Mar 1966 (12),Walsall FC (31),1-1,?,Bristol Rovers FC (36)
?,(Sat) 26 Mar 1966 (12),Mansfield Town FC (33),1-7,?,Peterborough United FC (32)
?,(Sat) 26 Mar 1966 (12),Scunthorpe United FC (33),1-1,?,Oldham Athletic AFC (31)
?,(Mon) 28 Mar 1966 (13),Peterborough United FC (33),0-0,?,Reading FC (31)
?,(Mon) 28 Mar 1966 (13),York City FC (35),1-1,?,Brentford FC (33)
?,(Tue) 29 Mar 1966 (13),Bristol Rovers FC (37),2-0,?,Scunthorpe United FC (34)
?,(Wed) 30 Mar 1966 (13),Shrewsbury Town FC (32),2-1,?,Gillingham FC (32)
?,(Wed) 30 Mar 1966 (13),Reading FC (32),3-2,?,Oldham Athletic AFC (32)
?,(Wed) 30 Mar 1966 (13),Workington AFC (33),1-0,?,Walsall FC (32)
?,(Fri) 1 Apr 1966 (13),Reading FC (33),0-2,?,Swindon Town FC (34)
?,(Sat) 2 Apr 1966 (13),Peterborough United FC (34),1-1,?,Grimsby Town FC (32)
?,(Sat) 2 Apr 1966 (13),Scunthorpe United FC (35),1-1,?,Swansea City AFC (34)
?,(Sat) 2 Apr 1966 (13),Brighton & Hove Albion FC (34),2-1,?,Walsall FC (33)
?,(Sat) 2 Apr 1966 (13),Watford FC (35),1-1,?,Oxford United FC (34)
?,(Sat) 2 Apr 1966 (13),Queens Park Rangers FC (32),4-1,?,Workington AFC (34)
?,(Sat) 2 Apr 1966 (13),Gillingham FC (33),2-0,?,Bristol Rovers FC (38)
?,(Sat) 2 Apr 1966 (13),Millwall FC (36),1-0,?,Brentford FC (34)
?,(Sat) 2 Apr 1966 (13),Exeter City FC (32),0-0,?,Shrewsbury Town FC (33)
?,(Fri) 8 Apr 1966 (14),Queens Park Rangers FC (33),4-1,?,Bristol Rovers FC (39)
?,(Fri) 8 Apr 1966 (14),York City FC (36),2-1,?,Mansfield Town FC (34)
?,(Fri) 8 Apr 1966 (14),Brighton & Hove Albion FC (35),2-0,?,Brentford FC (35)
?,(Fri) 8 Apr 1966 (14),AFC Bournemouth (35),0-0,?,Millwall FC (37)
?,(Fri) 8 Apr 1966 (14),Grimsby Town FC (33),1-3,?,Scunthorpe United FC (36)
?,(Fri) 8 Apr 1966 (14),Oxford United FC (35),0-2,?,Hull City AFC (35)
?,(Fri) 8 Apr 1966 (14),Watford FC (36),1-0,?,Shrewsbury Town FC (34)
?,(Fri) 8 Apr 1966 (14),Southend United FC (35),5-2,?,Gillingham FC (34)
?,(Sat) 9 Apr 1966 (14),Brentford FC (36),2-4,?,Hull City AFC (36)
?,(Sat) 9 Apr 1966 (14),Grimsby Town FC (34),0-1,?,Mansfield Town FC (35)
?,(Sat) 9 Apr 1966 (14),Walsall FC (34),6-1,?,Gillingham FC (35)
?,(Sat) 9 Apr 1966 (14),Oxford United FC (36),1-0,?,Peterborough United FC (35)
?,(Sat) 9 Apr 1966 (14),Workington AFC (35),0-1,?,Oldham Athletic AFC (33)
?,(Sat) 9 Apr 1966 (14),AFC Bournemouth (36),2-0,?,Watford FC (37)
?,(Sat) 9 Apr 1966 (14),Bristol Rovers FC (40),0-0,?,Reading FC (34)
?,(Sat) 9 Apr 1966 (14),York City FC (37),2-0,?,Exeter City FC (33)
?,(Sat) 9 Apr 1966 (14),Swindon Town FC (35),3-2,?,Brighton & Hove Albion FC (36)
?,(Sat) 9 Apr 1966 (14),Swansea City AFC (35),0-2,?,Millwall FC (38)
?,(Sat) 9 Apr 1966 (14),Shrewsbury Town FC (35),0-0,?,Queens Park Rangers FC (34)
?,(Mon) 11 Apr 1966 (15),Mansfield Town FC (36),4-1,?,York City FC (38)
?,(Mon) 11 Apr 1966 (15),Brentford FC (37),2-0,?,Brighton & Hove Albion FC (37)
?,(Mon) 11 Apr 1966 (15),Peterborough United FC (36),1-1,?,Workington AFC (36)
?,(Mon) 11 Apr 1966 (15),Swansea City AFC (36),5-4,?,Reading FC (35)
?,(Mon) 11 Apr 1966 (15),Walsall FC (35),1-1,?,Exeter City FC (34)
?,(Mon) 11 Apr 1966 (15),Gillingham FC (36),1-0,?,Southend United FC (36)
?,(Mon) 11 Apr 1966 (15),Hull City AFC (37),2-1,?,Oxford United FC (37)
?,(Mon) 11 Apr 1966 (15),Swindon Town FC (36),0-1,?,Oldham Athletic AFC (34)
?,(Mon) 11 Apr 1966 (15),Shrewsbury Town FC (36),0-0,?,Watford FC (38)
?,(Tue) 12 Apr 1966 (15),Millwall FC (39),1-0,?,AFC Bournemouth (37)
?,(Tue) 12 Apr 1966 (15),Oldham Athletic AFC (35),1-1,?,Swindon Town FC (37)
?,(Tue) 12 Apr 1966 (15),Bristol Rovers FC (41),1-0,?,Queens Park Rangers FC (35)
?,(Tue) 12 Apr 1966 (15),Scunthorpe United FC (37),2-2,?,Grimsby Town FC (35)
?,(Wed) 13 Apr 1966 (15),Exeter City FC (35),0-2,?,Walsall FC (36)
?,(Wed) 13 Apr 1966 (15),Reading FC (36),2-1,?,Swansea City AFC (37)
?,(Sat) 16 Apr 1966 (15),Brighton & Hove Albion FC (38),1-2,?,AFC Bournemouth (38)
?,(Sat) 16 Apr 1966 (15),Peterborough United FC (37),5-2,?,Bristol Rovers FC (42)
?,(Sat) 16 Apr 1966 (15),Gillingham FC (37),1-2,?,Oxford United FC (38)
?,(Sat) 16 Apr 1966 (15),Scunthorpe United FC (38),4-1,?,Workington AFC (37)
?,(Sat) 16 Apr 1966 (15),Oldham Athletic AFC (36),1-0,?,Swansea City AFC (38)
?,(Sat) 16 Apr 1966 (15),Queens Park Rangers FC (36),2-1,?,Southend United FC (37)
?,(Sat) 16 Apr 1966 (15),Hull City AFC (38),2-1,?,Shrewsbury Town FC (37)
?,(Sat) 16 Apr 1966 (15),Millwall FC (40),2-0,?,York City FC (39)
?,(Sat) 16 Apr 1966 (15),Mansfield Town FC (37),1-5,?,Swindon Town FC (38)
?,(Sat) 16 Apr 1966 (15),Watford FC (39),0-1,?,Walsall FC (37)
?,(Sat) 16 Apr 1966 (15),Exeter City FC (36),5-0,?,Brentford FC (38)
?,(Wed) 20 Apr 1966 (16),Hull City AFC (39),6-1,?,Exeter City FC (37)
?,(Thu) 21 Apr 1966 (16),Workington AFC (38),1-1,?,Peterborough United FC (38)
?,(Fri) 22 Apr 1966 (16),Southend United FC (38),0-0,?,Brighton & Hove Albion FC (39)
?,(Fri) 22 Apr 1966 (16),Shrewsbury Town FC (38),2-1,?,Mansfield Town FC (38)
?,(Sat) 23 Apr 1966 (16),Workington AFC (39),1-0,?,Watford FC (40)
?,(Sat) 23 Apr 1966 (16),Brentford FC (39),1-1,?,Reading FC (37)
?,(Sat) 23 Apr 1966 (16),Swindon Town FC (39),2-1,?,Queens Park Rangers FC (37)
?,(Sat) 23 Apr 1966 (16),Walsall FC (38),2-2,?,Oldham Athletic AFC (37)
?,(Sat) 23 Apr 1966 (16),Bristol Rovers FC (43),2-0,?,Exeter City FC (38)
?,(Sat) 23 Apr 1966 (16),AFC Bournemouth (39),1-2,?,Scunthorpe United FC (39)
?,(Sat) 23 Apr 1966 (16),Swansea City AFC (39),0-3,?,Gillingham FC (38)
?,(Sat) 23 Apr 1966 (16),Grimsby Town FC (36),1-0,?,Hull City AFC (40)
?,(Sat) 23 Apr 1966 (16),Oxford United FC (39),3-1,?,Millwall FC (41)
?,(Sat) 23 Apr 1966 (16),York City FC (40),1-1,?,Peterborough United FC (39)
?,(Mon) 25 Apr 1966 (17),Queens Park Rangers FC (38),1-3,?,Gillingham FC (39)
?,(Mon) 25 Apr 1966 (17),Southend United FC (39),3-1,?,Grimsby Town FC (37)
?,(Mon) 25 Apr 1966 (17),Mansfield Town FC (39),1-1,?,Millwall FC (42)
?,(Mon) 25 Apr 1966 (17),York City FC (41),0-3,?,Walsall FC (39)
?,(Mon) 25 Apr 1966 (17),Peterborough United FC (40),4-1,?,Hull City AFC (41)
?,(Tue) 26 Apr 1966 (17),Swindon Town FC (40),0-0,?,Shrewsbury Town FC (39)
?,(Tue) 26 Apr 1966 (17),Watford FC (41),2-1,?,Scunthorpe United FC (40)
?,(Tue) 26 Apr 1966 (17),Workington AFC (40),0-0,?,Bristol Rovers FC (44)
?,(Tue) 26 Apr 1966 (17),AFC Bournemouth (40),0-1,?,Brentford FC (40)
?,(Wed) 27 Apr 1966 (17),Oxford United FC (40),2-2,?,Swansea City AFC (40)
?,(Wed) 27 Apr 1966 (17),Gillingham FC (40),3-0,?,Oldham Athletic AFC (38)
?,(Wed) 27 Apr 1966 (17),Exeter City FC (39),1-2,?,Reading FC (38)
?,(Fri) 29 Apr 1966 (17),Reading FC (39),0-1,?,Bristol Rovers FC (45)
?,(Sat) 30 Apr 1966 (17),Mansfield Town FC (40),2-1,?,Grimsby Town FC (38)
?,(Sat) 30 Apr 1966 (17),Hull City AFC (42),4-1,?,Brentford FC (41)
?,(Sat) 30 Apr 1966 (17),Gillingham FC (41),1-0,?,Walsall FC (40)
?,(Sat) 30 Apr 1966 (17),Millwall FC (43),1-0,?,Swansea City AFC (41)
?,(Sat) 30 Apr 1966 (17),Scunthorpe United FC (41),0-0,?,Southend United FC (40)
?,(Sat) 30 Apr 1966 (17),Watford FC (42),1-0,?,AFC Bournemouth (41)
?,(Sat) 30 Apr 1966 (17),Brighton & Hove Albion FC (40),1-0,?,Swindon Town FC (41)
?,(Sat) 30 Apr 1966 (17),Queens Park Rangers FC (39),2-1,?,Shrewsbury Town FC (40)
?,(Sat) 30 Apr 1966 (17),Oldham Athletic AFC (39),1-1,?,Workington AFC (41)
?,(Sat) 30 Apr 1966 (17),Peterborough United FC (41),2-3,?,Oxford United FC (41)
?,(Sat) 30 Apr 1966 (17),Exeter City FC (40),0-2,?,York City FC (42)
?,(Mon) 2 May 1966 (18),Queens Park Rangers FC (40),1-1,?,Oldham Athletic AFC (40)
?,(Mon) 2 May 1966 (18),Shrewsbury Town FC (41),3-1,?,Grimsby Town FC (39)
?,(Tue) 3 May 1966 (18),Gillingham FC (42),2-0,?,Mansfield Town FC (41)
?,(Tue) 3 May 1966 (18),Swindon Town FC (42),0-1,?,Workington AFC (42)
?,(Tue) 3 May 1966 (18),Exeter City FC (41),2-0,?,Brighton & Hove Albion FC (41)
?,(Wed) 4 May 1966 (18),Grimsby Town FC (40),2-1,?,Shrewsbury Town FC (42)
?,(Wed) 4 May 1966 (18),Walsall FC (41),1-1,?,Oxford United FC (42)
?,(Fri) 6 May 1966 (18),York City FC (43),1-2,?,Reading FC (40)
?,(Fri) 6 May 1966 (18),Shrewsbury Town FC (43),3-1,?,Brighton & Hove Albion FC (42)
?,(Fri) 6 May 1966 (18),Bristol Rovers FC (46),1-2,?,Hull City AFC (43)
?,(Fri) 6 May 1966 (18),Southend United FC (41),1-0,?,Watford FC (43)
?,(Sat) 7 May 1966 (18),Swansea City AFC (42),1-1,?,Peterborough United FC (42)
?,(Sat) 7 May 1966 (18),AFC Bournemouth (42),1-0,?,Oldham Athletic AFC (41)
?,(Sat) 7 May 1966 (18),Swindon Town FC (43),0-0,?,Scunthorpe United FC (42)
?,(Sat) 7 May 1966 (18),Workington AFC (43),1-0,?,Gillingham FC (43)
?,(Sat) 7 May 1966 (18),Oxford United FC (43),0-1,?,Exeter City FC (42)
?,(Sat) 7 May 1966 (18),Grimsby Town FC (41),4-2,?,Queens Park Rangers FC (41)
?,(Sat) 7 May 1966 (18),Walsall FC (42),1-4,?,Millwall FC (44)
?,(Sat) 7 May 1966 (18),Brentford FC (42),0-3,?,Mansfield Town FC (42)
?,(Mon) 9 May 1966 (19),Workington AFC (44),1-0,?,Reading FC (41)
?,(Mon) 9 May 1966 (19),Mansfield Town FC (43),2-0,?,Southend United FC (42)
?,(Mon) 9 May 1966 (19),Peterborough United FC (43),2-0,?,Exeter City FC (43)
?,(Tue) 10 May 1966 (19),Swindon Town FC (44),0-0,?,Grimsby Town FC (42)
?,(Tue) 10 May 1966 (19),Brentford FC (43),1-1,?,Watford FC (44)
?,(Tue) 10 May 1966 (19),Oldham Athletic AFC (42),3-0,?,York City FC (44)
?,(Tue) 10 May 1966 (19),AFC Bournemouth (43),1-1,?,Hull City AFC (44)
?,(Thu) 12 May 1966 (19),Shrewsbury Town FC (44),3-1,?,Peterborough United FC (44)
?,(Fri) 13 May 1966 (19),Reading FC (42),2-1,?,Queens Park Rangers FC (42)
?,(Fri) 13 May 1966 (19),Southend United FC (43),0-1,?,Scunthorpe United FC (43)
?,(Fri) 13 May 1966 (19),Watford FC (45),0-1,?,Swansea City AFC (43)
?,(Fri) 13 May 1966 (19),Brighton & Hove Albion FC (43),3-1,?,Oldham Athletic AFC (43)
?,(Mon) 16 May 1966 (20),Millwall FC (45),2-0,?,Mansfield Town FC (44)
?,(Tue) 17 May 1966 (20),Grimsby Town FC (43),1-0,?,Southend United FC (44)
?,(Tue) 17 May 1966 (20),Walsall FC (43),2-0,?,York City FC (45)
?,(Tue) 17 May 1966 (20),Brentford FC (44),1-0,?,AFC Bournemouth (44)
?,(Tue) 17 May 1966 (20),Scunthorpe United FC (44),1-1,?,Watford FC (46)
?,(Tue) 17 May 1966 (20),Hull City AFC (45),2-1,?,Peterborough United FC (45)
?,(Tue) 17 May 1966 (20),Swansea City AFC (44),3-2,?,Oxford United FC (44)
?,(Wed) 18 May 1966 (20),Reading FC (43),4-1,?,Exeter City FC (44)
?,(Wed) 18 May 1966 (20),Gillingham FC (44),3-1,?,Queens Park Rangers FC (43)
?,(Wed) 18 May 1966 (20),Shrewsbury Town FC (45),1-1,?,Swindon Town FC (45)
?,(Wed) 18 May 1966 (20),Oldham Athletic AFC (44),1-0,?,Brighton & Hove Albion FC (44)
?,(Fri) 20 May 1966 (20),Reading FC (44),4-1,?,Shrewsbury Town FC (46)
?,(Fri) 20 May 1966 (20),Hull City AFC (46),1-0,?,Southend United FC (45)
?,(Fri) 20 May 1966 (20),Brighton & Hove Albion FC (45),3-1,?,Workington AFC (45)
?,(Sat) 21 May 1966 (20),Gillingham FC (45),0-0,?,York City FC (46)
?,(Sat) 21 May 1966 (20),Queens Park Rangers FC (44),5-0,?,AFC Bournemouth (45)
?,(Sat) 21 May 1966 (20),Exeter City FC (45),2-0,?,Grimsby Town FC (44)
?,(Sat) 21 May 1966 (20),Scunthorpe United FC (45),4-2,?,Walsall FC (44)
?,(Sat) 21 May 1966 (20),Peterborough United FC (46),3-0,?,Brentford FC (45)
?,(Sat) 21 May 1966 (20),Oldham Athletic AFC (45),3-0,?,Oxford United FC (45)
?,(Mon) 23 May 1966 (21),Mansfield Town FC (45),1-0,?,AFC Bournemouth (46)
?,(Mon) 23 May 1966 (21),Reading FC (45),0-0,?,Grimsby Town FC (45)
?,(Tue) 24 May 1966 (21),Swansea City AFC (45),1-0,?,Walsall FC (45)
?,(Wed) 25 May 1966 (21),Oldham Athletic AFC (46),0-2,?,Queens Park Rangers FC (45)
?,(Fri) 27 May 1966 (21),Workington AFC (46),2-0,?,Mansfield Town FC (46)
?,(Fri) 27 May 1966 (21),Southend United FC (46),2-1,?,Reading FC (46)
?,(Sat) 28 May 1966 (21),Brentford FC (46),0-2,?,Gillingham FC (46)
?,(Sat) 28 May 1966 (21),Swansea City AFC (46),2-2,?,Brighton & Hove Albion FC (46)
?,(Sat) 28 May 1966 (21),Grimsby Town FC (46),2-0,?,Millwall FC (46)
?,(Sat) 28 May 1966 (21),Swindon Town FC (46),2-2,?,Exeter City FC (46)
?,(Sat) 28 May 1966 (21),Oxford United FC (46),0-3,?,Scunthorpe United FC (46)
?,(Sat) 28 May 1966 (21),Walsall FC (46),0-1,?,Queens Park Rangers FC (46)
