Round,Date,Team 1,FT,HT,Team 2
?,(Sat) 10 Aug 1968 (32),Stoke City FC (1),2-1,?,Sunderland AFC (1)
?,(Sat) 10 Aug 1968 (32),Nottingham Forest FC (1),2-2,?,Burnley FC (1)
?,(Sat) 10 Aug 1968 (32),West Bromwich Albion FC (1),0-0,?,Sheffield Wednesday FC (1)
?,(Sat) 10 Aug 1968 (32),Queens Park Rangers FC (1),1-1,?,Leicester City FC (1)
?,(Sat) 10 Aug 1968 (32),Manchester United FC (1),2-1,?,Everton FC (1)
?,(Sat) 10 Aug 1968 (32),Ipswich Town FC (1),1-0,?,Wolverhampton Wanderers FC (1)
?,(Sat) 10 Aug 1968 (32),Liverpool FC (1),2-1,?,Manchester City FC (1)
?,(Sat) 10 Aug 1968 (32),Tottenham Hotspur FC (1),1-2,?,Arsenal FC (1)
?,(Sat) 10 Aug 1968 (32),Southampton FC (1),1-3,?,Leeds United FC (1)
?,(Sat) 10 Aug 1968 (32),Newcastle United FC (1),1-1,?,West Ham United FC (1)
?,(Tue) 13 Aug 1968 (33),Everton FC (2),3-0,?,Burnley FC (2)
?,(Tue) 13 Aug 1968 (33),Arsenal FC (2),3-0,?,Leicester City FC (2)
?,(Wed) 14 Aug 1968 (33),Leeds United FC (2),4-1,?,Queens Park Rangers FC (2)
?,(Wed) 14 Aug 1968 (33),Southampton FC (2),2-0,?,Liverpool FC (2)
?,(Wed) 14 Aug 1968 (33),West Bromwich Albion FC (2),3-1,?,Manchester United FC (2)
?,(Wed) 14 Aug 1968 (33),Sheffield Wednesday FC (2),1-1,?,Newcastle United FC (2)
?,(Wed) 14 Aug 1968 (33),Sunderland AFC (2),3-0,?,Ipswich Town FC (2)
?,(Wed) 14 Aug 1968 (33),Chelsea FC (1),1-1,?,Nottingham Forest FC (2)
?,(Wed) 14 Aug 1968 (33),Manchester City FC (2),3-2,?,Wolverhampton Wanderers FC (2)
?,(Wed) 14 Aug 1968 (33),Stoke City FC (2),0-2,?,West Ham United FC (2)
?,(Sat) 17 Aug 1968 (33),Manchester City FC (3),0-0,?,Manchester United FC (3)
?,(Sat) 17 Aug 1968 (33),Sheffield Wednesday FC (3),3-0,?,Coventry City FC (1)
?,(Sat) 17 Aug 1968 (33),Chelsea FC (2),3-1,?,West Bromwich Albion FC (3)
?,(Sat) 17 Aug 1968 (33),Leeds United FC (3),2-0,?,Stoke City FC (3)
?,(Sat) 17 Aug 1968 (33),West Ham United FC (3),1-0,?,Nottingham Forest FC (3)
?,(Sat) 17 Aug 1968 (33),Wolverhampton Wanderers FC (3),3-1,?,Queens Park Rangers FC (3)
?,(Sat) 17 Aug 1968 (33),Leicester City FC (3),1-3,?,Ipswich Town FC (3)
?,(Sat) 17 Aug 1968 (33),Everton FC (3),0-2,?,Tottenham Hotspur FC (2)
?,(Sat) 17 Aug 1968 (33),Arsenal FC (3),1-1,?,Liverpool FC (3)
?,(Sat) 17 Aug 1968 (33),Sunderland AFC (3),1-0,?,Southampton FC (3)
?,(Sat) 17 Aug 1968 (33),Burnley FC (3),1-0,?,Newcastle United FC (3)
?,(Mon) 19 Aug 1968 (34),West Ham United FC (4),1-4,?,Everton FC (4)
?,(Tue) 20 Aug 1968 (34),Liverpool FC (4),2-1,?,Stoke City FC (4)
?,(Tue) 20 Aug 1968 (34),Nottingham Forest FC (4),0-0,?,Sheffield Wednesday FC (4)
?,(Tue) 20 Aug 1968 (34),Ipswich Town FC (4),2-3,?,Leeds United FC (4)
?,(Tue) 20 Aug 1968 (34),Burnley FC (4),3-1,?,Southampton FC (4)
?,(Tue) 20 Aug 1968 (34),Queens Park Rangers FC (4),2-2,?,Sunderland AFC (4)
?,(Wed) 21 Aug 1968 (34),Tottenham Hotspur FC (3),1-1,?,West Bromwich Albion FC (4)
?,(Wed) 21 Aug 1968 (34),Wolverhampton Wanderers FC (4),0-0,?,Arsenal FC (4)
?,(Wed) 21 Aug 1968 (34),Newcastle United FC (4),3-2,?,Chelsea FC (3)
?,(Wed) 21 Aug 1968 (34),Manchester United FC (4),1-0,?,Coventry City FC (2)
?,(Wed) 21 Aug 1968 (34),Leicester City FC (4),3-0,?,Manchester City FC (4)
?,(Sat) 24 Aug 1968 (34),Ipswich Town FC (5),1-2,?,Arsenal FC (5)
?,(Sat) 24 Aug 1968 (34),Tottenham Hotspur FC (4),1-2,?,Sheffield Wednesday FC (5)
?,(Sat) 24 Aug 1968 (34),West Bromwich Albion FC (5),3-2,?,Burnley FC (5)
?,(Sat) 24 Aug 1968 (34),Coventry City FC (3),1-2,?,West Ham United FC (5)
?,(Sat) 24 Aug 1968 (34),Liverpool FC (5),4-1,?,Sunderland AFC (5)
?,(Sat) 24 Aug 1968 (34),Stoke City FC (5),1-0,?,Leicester City FC (5)
?,(Sat) 24 Aug 1968 (34),Southampton FC (5),2-1,?,Wolverhampton Wanderers FC (5)
?,(Sat) 24 Aug 1968 (34),Queens Park Rangers FC (5),1-1,?,Manchester City FC (5)
?,(Sat) 24 Aug 1968 (34),Newcastle United FC (5),0-0,?,Everton FC (5)
?,(Sat) 24 Aug 1968 (34),Manchester United FC (5),0-4,?,Chelsea FC (4)
?,(Mon) 26 Aug 1968 (35),West Ham United FC (6),5-0,?,Burnley FC (6)
?,(Tue) 27 Aug 1968 (35),Ipswich Town FC (6),3-0,?,Queens Park Rangers FC (6)
?,(Tue) 27 Aug 1968 (35),Everton FC (6),0-0,?,Liverpool FC (6)
?,(Tue) 27 Aug 1968 (35),Arsenal FC (6),4-1,?,Manchester City FC (6)
?,(Tue) 27 Aug 1968 (35),Coventry City FC (4),4-2,?,West Bromwich Albion FC (6)
?,(Wed) 28 Aug 1968 (35),Newcastle United FC (6),1-1,?,Nottingham Forest FC (5)
?,(Wed) 28 Aug 1968 (35),Southampton FC (6),2-0,?,Stoke City FC (6)
?,(Wed) 28 Aug 1968 (35),Leeds United FC (5),1-1,?,Sunderland AFC (6)
?,(Wed) 28 Aug 1968 (35),Chelsea FC (5),1-0,?,Sheffield Wednesday FC (6)
?,(Wed) 28 Aug 1968 (35),Wolverhampton Wanderers FC (6),1-0,?,Leicester City FC (6)
?,(Wed) 28 Aug 1968 (35),Manchester United FC (6),3-1,?,Tottenham Hotspur FC (5)
?,(Sat) 31 Aug 1968 (35),Wolverhampton Wanderers FC (7),1-1,?,Stoke City FC (7)
?,(Sat) 31 Aug 1968 (35),Leeds United FC (6),1-0,?,Liverpool FC (7)
?,(Sat) 31 Aug 1968 (35),Arsenal FC (7),2-1,?,Queens Park Rangers FC (7)
?,(Sat) 31 Aug 1968 (35),West Ham United FC (7),4-0,?,West Bromwich Albion FC (7)
?,(Sat) 31 Aug 1968 (35),Chelsea FC (6),2-2,?,Tottenham Hotspur FC (6)
?,(Sat) 31 Aug 1968 (35),Sunderland AFC (7),1-1,?,Newcastle United FC (7)
?,(Sat) 31 Aug 1968 (35),Burnley FC (7),1-1,?,Coventry City FC (5)
?,(Sat) 31 Aug 1968 (35),Leicester City FC (7),3-1,?,Southampton FC (7)
?,(Sat) 31 Aug 1968 (35),Sheffield Wednesday FC (7),5-4,?,Manchester United FC (7)
?,(Sat) 31 Aug 1968 (35),Manchester City FC (7),1-1,?,Ipswich Town FC (7)
?,(Sat) 31 Aug 1968 (35),Everton FC (7),2-1,?,Nottingham Forest FC (6)
?,(Sat) 7 Sep 1968 (36),Coventry City FC (6),2-1,?,Newcastle United FC (8)
?,(Sat) 7 Sep 1968 (36),Sheffield Wednesday FC (8),2-1,?,Ipswich Town FC (8)
?,(Sat) 7 Sep 1968 (36),Sunderland AFC (8),2-0,?,Leicester City FC (8)
?,(Sat) 7 Sep 1968 (36),Chelsea FC (7),1-1,?,Everton FC (8)
?,(Sat) 7 Sep 1968 (36),Manchester United FC (8),1-1,?,West Ham United FC (8)
?,(Sat) 7 Sep 1968 (36),Tottenham Hotspur FC (7),7-0,?,Burnley FC (8)
?,(Sat) 7 Sep 1968 (36),Stoke City FC (8),1-0,?,Manchester City FC (8)
?,(Sat) 7 Sep 1968 (36),Southampton FC (8),1-2,?,Arsenal FC (8)
?,(Sat) 7 Sep 1968 (36),Leeds United FC (7),2-1,?,Wolverhampton Wanderers FC (8)
?,(Sat) 7 Sep 1968 (36),West Bromwich Albion FC (8),2-5,?,Nottingham Forest FC (7)
?,(Sat) 7 Sep 1968 (36),Liverpool FC (8),2-0,?,Queens Park Rangers FC (8)
?,(Tue) 10 Sep 1968 (37),Coventry City FC (7),0-1,?,Chelsea FC (8)
?,(Sat) 14 Sep 1968 (37),Everton FC (9),3-0,?,Sheffield Wednesday FC (9)
?,(Sat) 14 Sep 1968 (37),Leicester City FC (9),1-1,?,Leeds United FC (8)
?,(Sat) 14 Sep 1968 (37),West Ham United FC (9),2-2,?,Tottenham Hotspur FC (8)
?,(Sat) 14 Sep 1968 (37),Wolverhampton Wanderers FC (9),1-1,?,Sunderland AFC (9)
?,(Sat) 14 Sep 1968 (37),Queens Park Rangers FC (9),0-4,?,Chelsea FC (9)
?,(Sat) 14 Sep 1968 (37),Ipswich Town FC (9),0-2,?,Liverpool FC (9)
?,(Sat) 14 Sep 1968 (37),Arsenal FC (9),1-0,?,Stoke City FC (9)
?,(Sat) 14 Sep 1968 (37),Nottingham Forest FC (8),0-0,?,Coventry City FC (8)
?,(Sat) 14 Sep 1968 (37),Burnley FC (9),1-0,?,Manchester United FC (9)
?,(Sat) 14 Sep 1968 (37),Manchester City FC (9),1-1,?,Southampton FC (9)
?,(Sat) 14 Sep 1968 (37),Newcastle United FC (9),2-3,?,West Bromwich Albion FC (9)
?,(Tue) 17 Sep 1968 (38),Coventry City FC (9),1-2,?,Tottenham Hotspur FC (9)
?,(Sat) 21 Sep 1968 (38),Liverpool FC (10),4-0,?,Leicester City FC (10)
?,(Sat) 21 Sep 1968 (38),Leeds United FC (9),2-0,?,Arsenal FC (10)
?,(Sat) 21 Sep 1968 (38),Southampton FC (10),2-2,?,Ipswich Town FC (10)
?,(Sat) 21 Sep 1968 (38),West Bromwich Albion FC (10),0-0,?,Wolverhampton Wanderers FC (10)
?,(Sat) 21 Sep 1968 (38),Tottenham Hotspur FC (10),2-1,?,Nottingham Forest FC (9)
?,(Sat) 21 Sep 1968 (38),Sheffield Wednesday FC (10),1-0,?,Burnley FC (10)
?,(Sat) 21 Sep 1968 (38),Coventry City FC (10),2-2,?,Everton FC (10)
?,(Sat) 21 Sep 1968 (38),Chelsea FC (10),1-1,?,West Ham United FC (10)
?,(Sat) 21 Sep 1968 (38),Sunderland AFC (10),0-4,?,Manchester City FC (10)
?,(Sat) 21 Sep 1968 (38),Stoke City FC (10),1-1,?,Queens Park Rangers FC (10)
?,(Sat) 21 Sep 1968 (38),Manchester United FC (10),3-1,?,Newcastle United FC (10)
?,(Sat) 28 Sep 1968 (39),West Ham United FC (11),1-1,?,Sheffield Wednesday FC (11)
?,(Sat) 28 Sep 1968 (39),Burnley FC (11),2-1,?,Chelsea FC (11)
?,(Sat) 28 Sep 1968 (39),Arsenal FC (11),0-0,?,Sunderland AFC (11)
?,(Sat) 28 Sep 1968 (39),Wolverhampton Wanderers FC (11),0-6,?,Liverpool FC (11)
?,(Sat) 28 Sep 1968 (39),Queens Park Rangers FC (11),1-1,?,Southampton FC (11)
?,(Sat) 28 Sep 1968 (39),Everton FC (11),4-0,?,West Bromwich Albion FC (11)
?,(Sat) 28 Sep 1968 (39),Newcastle United FC (11),2-2,?,Tottenham Hotspur FC (11)
?,(Sat) 28 Sep 1968 (39),Ipswich Town FC (11),3-1,?,Stoke City FC (11)
?,(Sat) 28 Sep 1968 (39),Manchester City FC (11),3-1,?,Leeds United FC (10)
?,(Sat) 28 Sep 1968 (39),Leicester City FC (11),1-1,?,Coventry City FC (11)
?,(Sat) 5 Oct 1968 (40),Nottingham Forest FC (10),3-3,?,Stoke City FC (12)
?,(Sat) 5 Oct 1968 (40),Newcastle United FC (12),0-1,?,Leeds United FC (11)
?,(Sat) 5 Oct 1968 (40),West Bromwich Albion FC (12),3-1,?,Queens Park Rangers FC (12)
?,(Sat) 5 Oct 1968 (40),Burnley FC (12),0-4,?,Liverpool FC (12)
?,(Sat) 5 Oct 1968 (40),Coventry City FC (12),0-1,?,Wolverhampton Wanderers FC (12)
?,(Sat) 5 Oct 1968 (40),West Ham United FC (12),0-0,?,Southampton FC (12)
?,(Sat) 5 Oct 1968 (40),Manchester United FC (11),0-0,?,Arsenal FC (12)
?,(Sat) 5 Oct 1968 (40),Everton FC (12),2-0,?,Manchester City FC (12)
?,(Sat) 5 Oct 1968 (40),Chelsea FC (12),3-1,?,Ipswich Town FC (12)
?,(Sat) 5 Oct 1968 (40),Tottenham Hotspur FC (12),3-2,?,Leicester City FC (12)
?,(Sat) 5 Oct 1968 (40),Sheffield Wednesday FC (12),1-1,?,Sunderland AFC (12)
?,(Tue) 8 Oct 1968 (41),Burnley FC (13),3-1,?,West Ham United FC (13)
?,(Tue) 8 Oct 1968 (41),Queens Park Rangers FC (13),2-1,?,Ipswich Town FC (13)
?,(Tue) 8 Oct 1968 (41),Nottingham Forest FC (11),2-4,?,Newcastle United FC (13)
?,(Tue) 8 Oct 1968 (41),Liverpool FC (13),1-1,?,Everton FC (13)
?,(Wed) 9 Oct 1968 (41),Tottenham Hotspur FC (13),2-2,?,Manchester United FC (12)
?,(Wed) 9 Oct 1968 (41),Manchester City FC (13),1-1,?,Arsenal FC (13)
?,(Wed) 9 Oct 1968 (41),Stoke City FC (13),1-0,?,Southampton FC (13)
?,(Wed) 9 Oct 1968 (41),West Bromwich Albion FC (13),6-1,?,Coventry City FC (13)
?,(Wed) 9 Oct 1968 (41),Leicester City FC (13),2-0,?,Wolverhampton Wanderers FC (13)
?,(Wed) 9 Oct 1968 (41),Sheffield Wednesday FC (13),1-1,?,Chelsea FC (13)
?,(Wed) 9 Oct 1968 (41),Sunderland AFC (13),0-1,?,Leeds United FC (12)
?,(Sat) 12 Oct 1968 (41),Liverpool FC (14),2-0,?,Manchester United FC (13)
?,(Sat) 12 Oct 1968 (41),Ipswich Town FC (14),1-4,?,Newcastle United FC (14)
?,(Sat) 12 Oct 1968 (41),Wolverhampton Wanderers FC (14),1-1,?,Chelsea FC (14)
?,(Sat) 12 Oct 1968 (41),Leicester City FC (14),0-2,?,West Bromwich Albion FC (14)
?,(Sat) 12 Oct 1968 (41),Stoke City FC (14),1-3,?,Burnley FC (14)
?,(Sat) 12 Oct 1968 (41),Manchester City FC (14),4-0,?,Tottenham Hotspur FC (14)
?,(Sat) 12 Oct 1968 (41),Sunderland AFC (14),3-1,?,Nottingham Forest FC (12)
?,(Sat) 12 Oct 1968 (41),Queens Park Rangers FC (14),3-2,?,Sheffield Wednesday FC (14)
?,(Sat) 12 Oct 1968 (41),Arsenal FC (14),2-1,?,Coventry City FC (14)
?,(Sat) 12 Oct 1968 (41),Southampton FC (14),2-5,?,Everton FC (14)
?,(Sat) 12 Oct 1968 (41),Leeds United FC (13),2-0,?,West Ham United FC (14)
?,(Sat) 19 Oct 1968 (42),West Ham United FC (15),8-0,?,Sunderland AFC (15)
?,(Sat) 19 Oct 1968 (42),Chelsea FC (15),3-0,?,Leicester City FC (15)
?,(Sat) 19 Oct 1968 (42),Sheffield Wednesday FC (15),0-2,?,Wolverhampton Wanderers FC (15)
?,(Sat) 19 Oct 1968 (42),Nottingham Forest FC (13),1-2,?,Ipswich Town FC (15)
?,(Sat) 19 Oct 1968 (42),Coventry City FC (15),1-1,?,Manchester City FC (15)
?,(Sat) 19 Oct 1968 (42),Everton FC (15),2-1,?,Stoke City FC (15)
?,(Sat) 19 Oct 1968 (42),West Bromwich Albion FC (15),1-0,?,Arsenal FC (15)
?,(Sat) 19 Oct 1968 (42),Manchester United FC (14),1-2,?,Southampton FC (15)
?,(Sat) 19 Oct 1968 (42),Burnley FC (15),5-1,?,Leeds United FC (14)
?,(Sat) 19 Oct 1968 (42),Tottenham Hotspur FC (15),2-1,?,Liverpool FC (15)
?,(Sat) 19 Oct 1968 (42),Newcastle United FC (15),3-2,?,Queens Park Rangers FC (15)
?,(Sat) 26 Oct 1968 (43),Ipswich Town FC (16),0-1,?,Tottenham Hotspur FC (16)
?,(Sat) 26 Oct 1968 (43),Leicester City FC (16),0-2,?,Burnley FC (16)
?,(Sat) 26 Oct 1968 (43),Manchester City FC (16),3-3,?,Nottingham Forest FC (14)
?,(Sat) 26 Oct 1968 (43),Liverpool FC (16),2-1,?,Newcastle United FC (16)
?,(Sat) 26 Oct 1968 (43),Southampton FC (16),1-1,?,Sheffield Wednesday FC (16)
?,(Sat) 26 Oct 1968 (43),Sunderland AFC (16),3-0,?,Coventry City FC (16)
?,(Sat) 26 Oct 1968 (43),Queens Park Rangers FC (16),2-3,?,Manchester United FC (15)
?,(Sat) 26 Oct 1968 (43),Wolverhampton Wanderers FC (16),1-2,?,Everton FC (16)
?,(Sat) 26 Oct 1968 (43),Leeds United FC (15),0-0,?,West Bromwich Albion FC (16)
?,(Sat) 26 Oct 1968 (43),Arsenal FC (16),0-0,?,West Ham United FC (16)
?,(Sat) 26 Oct 1968 (43),Stoke City FC (16),2-0,?,Chelsea FC (16)
?,(Sat) 2 Nov 1968 (44),Coventry City FC (17),1-1,?,Southampton FC (17)
?,(Sat) 2 Nov 1968 (44),Manchester United FC (16),0-0,?,Leeds United FC (16)
?,(Sat) 2 Nov 1968 (44),Everton FC (17),2-0,?,Sunderland AFC (17)
?,(Sat) 2 Nov 1968 (44),Burnley FC (17),1-0,?,Ipswich Town FC (17)
?,(Sat) 2 Nov 1968 (44),Newcastle United FC (17),0-0,?,Leicester City FC (17)
?,(Sat) 2 Nov 1968 (44),West Ham United FC (17),4-3,?,Queens Park Rangers FC (17)
?,(Sat) 2 Nov 1968 (44),Chelsea FC (17),2-0,?,Manchester City FC (17)
?,(Sat) 2 Nov 1968 (44),Tottenham Hotspur FC (17),1-1,?,Stoke City FC (17)
?,(Sat) 2 Nov 1968 (44),Nottingham Forest FC (15),0-0,?,Wolverhampton Wanderers FC (17)
?,(Sat) 2 Nov 1968 (44),West Bromwich Albion FC (17),0-0,?,Liverpool FC (17)
?,(Sat) 9 Nov 1968 (45),Queens Park Rangers FC (18),0-2,?,Burnley FC (18)
?,(Sat) 9 Nov 1968 (45),Liverpool FC (18),2-1,?,Chelsea FC (18)
?,(Sat) 9 Nov 1968 (45),Manchester City FC (18),0-1,?,Sheffield Wednesday FC (17)
?,(Sat) 9 Nov 1968 (45),Ipswich Town FC (18),2-2,?,Everton FC (18)
?,(Sat) 9 Nov 1968 (45),Southampton FC (18),2-0,?,West Bromwich Albion FC (18)
?,(Sat) 9 Nov 1968 (45),Leicester City FC (18),2-2,?,Nottingham Forest FC (16)
?,(Sat) 9 Nov 1968 (45),Leeds United FC (17),0-0,?,Tottenham Hotspur FC (18)
?,(Sat) 9 Nov 1968 (45),Sunderland AFC (18),1-1,?,Manchester United FC (17)
?,(Sat) 9 Nov 1968 (45),Arsenal FC (17),0-0,?,Newcastle United FC (18)
?,(Sat) 9 Nov 1968 (45),Wolverhampton Wanderers FC (18),2-0,?,West Ham United FC (18)
?,(Sat) 9 Nov 1968 (45),Stoke City FC (18),0-3,?,Coventry City FC (18)
?,(Sat) 16 Nov 1968 (46),West Bromwich Albion FC (19),2-1,?,Stoke City FC (19)
?,(Sat) 16 Nov 1968 (46),Newcastle United FC (19),1-0,?,Manchester City FC (19)
?,(Sat) 16 Nov 1968 (46),Manchester United FC (18),0-0,?,Ipswich Town FC (19)
?,(Sat) 16 Nov 1968 (46),Coventry City FC (19),0-1,?,Leeds United FC (18)
?,(Sat) 16 Nov 1968 (46),Nottingham Forest FC (17),0-2,?,Arsenal FC (18)
?,(Sat) 16 Nov 1968 (46),West Ham United FC (19),4-0,?,Leicester City FC (19)
?,(Sat) 16 Nov 1968 (46),Tottenham Hotspur FC (19),5-1,?,Sunderland AFC (19)
?,(Sat) 16 Nov 1968 (46),Chelsea FC (19),2-3,?,Southampton FC (19)
?,(Sat) 16 Nov 1968 (46),Everton FC (19),4-0,?,Queens Park Rangers FC (19)
?,(Sat) 16 Nov 1968 (46),Sheffield Wednesday FC (18),1-2,?,Liverpool FC (19)
?,(Sat) 16 Nov 1968 (46),Burnley FC (19),1-1,?,Wolverhampton Wanderers FC (19)
?,(Sat) 23 Nov 1968 (47),Queens Park Rangers FC (20),2-1,?,Nottingham Forest FC (18)
?,(Sat) 23 Nov 1968 (47),Manchester City FC (20),5-1,?,West Bromwich Albion FC (20)
?,(Sat) 23 Nov 1968 (47),Sunderland AFC (20),2-0,?,Burnley FC (20)
?,(Sat) 23 Nov 1968 (47),Stoke City FC (20),0-0,?,Manchester United FC (19)
?,(Sat) 23 Nov 1968 (47),Liverpool FC (20),2-0,?,Coventry City FC (20)
?,(Sat) 23 Nov 1968 (47),Leeds United FC (19),2-1,?,Everton FC (20)
?,(Sat) 23 Nov 1968 (47),Southampton FC (20),2-1,?,Tottenham Hotspur FC (20)
?,(Sat) 23 Nov 1968 (47),Ipswich Town FC (20),2-2,?,West Ham United FC (20)
?,(Sat) 23 Nov 1968 (47),Leicester City FC (20),1-1,?,Sheffield Wednesday FC (19)
?,(Sat) 23 Nov 1968 (47),Arsenal FC (19),0-1,?,Chelsea FC (20)
?,(Sat) 23 Nov 1968 (47),Wolverhampton Wanderers FC (20),5-0,?,Newcastle United FC (20)
?,(Sat) 30 Nov 1968 (48),Sheffield Wednesday FC (20),2-1,?,Stoke City FC (21)
?,(Sat) 30 Nov 1968 (48),West Ham United FC (21),2-1,?,Manchester City FC (21)
?,(Sat) 30 Nov 1968 (48),Burnley FC (21),0-1,?,Arsenal FC (20)
?,(Sat) 30 Nov 1968 (48),Everton FC (21),7-1,?,Leicester City FC (21)
?,(Sat) 30 Nov 1968 (48),Manchester United FC (20),2-0,?,Wolverhampton Wanderers FC (21)
?,(Sat) 30 Nov 1968 (48),Coventry City FC (21),0-2,?,Ipswich Town FC (21)
?,(Sat) 30 Nov 1968 (48),Newcastle United FC (21),4-1,?,Southampton FC (21)
?,(Sat) 30 Nov 1968 (48),Chelsea FC (21),1-1,?,Leeds United FC (20)
?,(Sat) 30 Nov 1968 (48),West Bromwich Albion FC (21),3-0,?,Sunderland AFC (21)
?,(Sat) 30 Nov 1968 (48),Nottingham Forest FC (19),0-1,?,Liverpool FC (21)
?,(Tue) 3 Dec 1968 (49),Liverpool FC (22),1-0,?,Southampton FC (22)
?,(Sat) 7 Dec 1968 (49),Arsenal FC (21),3-1,?,Everton FC (22)
?,(Sat) 7 Dec 1968 (49),Sunderland AFC (22),3-2,?,Chelsea FC (22)
?,(Sat) 7 Dec 1968 (49),Leeds United FC (21),2-0,?,Sheffield Wednesday FC (21)
?,(Sat) 7 Dec 1968 (49),Liverpool FC (23),2-0,?,West Ham United FC (22)
?,(Sat) 7 Dec 1968 (49),Wolverhampton Wanderers FC (22),2-0,?,Tottenham Hotspur FC (21)
?,(Sat) 7 Dec 1968 (49),Manchester City FC (22),7-0,?,Burnley FC (22)
?,(Sat) 7 Dec 1968 (49),Ipswich Town FC (22),4-1,?,West Bromwich Albion FC (22)
?,(Sat) 7 Dec 1968 (49),Leicester City FC (22),2-1,?,Manchester United FC (21)
?,(Sat) 7 Dec 1968 (49),Southampton FC (23),1-1,?,Nottingham Forest FC (20)
?,(Sat) 7 Dec 1968 (49),Stoke City FC (22),1-0,?,Newcastle United FC (22)
?,(Sat) 7 Dec 1968 (49),Queens Park Rangers FC (21),0-1,?,Coventry City FC (22)
?,(Sat) 14 Dec 1968 (50),Newcastle United FC (23),2-1,?,Ipswich Town FC (23)
?,(Sat) 14 Dec 1968 (50),Tottenham Hotspur FC (22),1-1,?,Manchester City FC (23)
?,(Sat) 14 Dec 1968 (50),Nottingham Forest FC (21),1-0,?,Sunderland AFC (23)
?,(Sat) 14 Dec 1968 (50),Burnley FC (23),1-1,?,Stoke City FC (23)
?,(Sat) 14 Dec 1968 (50),Sheffield Wednesday FC (22),4-0,?,Queens Park Rangers FC (22)
?,(Sat) 14 Dec 1968 (50),Manchester United FC (22),1-0,?,Liverpool FC (24)
?,(Sat) 14 Dec 1968 (50),West Ham United FC (23),1-1,?,Leeds United FC (22)
?,(Sat) 14 Dec 1968 (50),Coventry City FC (23),0-1,?,Arsenal FC (22)
?,(Sat) 14 Dec 1968 (50),Chelsea FC (23),1-1,?,Wolverhampton Wanderers FC (23)
?,(Sat) 14 Dec 1968 (50),West Bromwich Albion FC (23),1-1,?,Leicester City FC (23)
?,(Sat) 14 Dec 1968 (50),Everton FC (23),1-0,?,Southampton FC (24)
?,(Sat) 21 Dec 1968 (51),Southampton FC (25),2-0,?,Manchester United FC (23)
?,(Sat) 21 Dec 1968 (51),Ipswich Town FC (24),2-3,?,Nottingham Forest FC (22)
?,(Sat) 21 Dec 1968 (51),Leeds United FC (23),6-1,?,Burnley FC (24)
?,(Sat) 21 Dec 1968 (51),Sunderland AFC (24),2-1,?,West Ham United FC (24)
?,(Sat) 21 Dec 1968 (51),Arsenal FC (23),2-0,?,West Bromwich Albion FC (24)
?,(Sat) 21 Dec 1968 (51),Wolverhampton Wanderers FC (24),0-3,?,Sheffield Wednesday FC (23)
?,(Sat) 21 Dec 1968 (51),Queens Park Rangers FC (23),1-1,?,Newcastle United FC (24)
?,(Sat) 21 Dec 1968 (51),Stoke City FC (24),0-0,?,Everton FC (24)
?,(Sat) 21 Dec 1968 (51),Liverpool FC (25),1-0,?,Tottenham Hotspur FC (23)
?,(Sat) 21 Dec 1968 (51),Manchester City FC (24),4-2,?,Coventry City FC (24)
?,(Sat) 21 Dec 1968 (51),Leicester City FC (24),1-4,?,Chelsea FC (24)
?,(Thu) 26 Dec 1968 (52),Manchester City FC (25),1-3,?,Everton FC (25)
?,(Thu) 26 Dec 1968 (52),Leeds United FC (24),2-1,?,Newcastle United FC (25)
?,(Thu) 26 Dec 1968 (52),Stoke City FC (25),3-1,?,Nottingham Forest FC (23)
?,(Thu) 26 Dec 1968 (52),Southampton FC (26),2-2,?,West Ham United FC (25)
?,(Thu) 26 Dec 1968 (52),Arsenal FC (24),3-0,?,Manchester United FC (24)
?,(Thu) 26 Dec 1968 (52),Liverpool FC (26),1-1,?,Burnley FC (25)
?,(Thu) 26 Dec 1968 (52),Sunderland AFC (25),0-0,?,Sheffield Wednesday FC (24)
?,(Thu) 26 Dec 1968 (52),Queens Park Rangers FC (24),0-4,?,West Bromwich Albion FC (25)
?,(Thu) 26 Dec 1968 (52),Ipswich Town FC (25),1-3,?,Chelsea FC (25)
?,(Sat) 28 Dec 1968 (52),Burnley FC (26),2-1,?,Leicester City FC (25)
?,(Sat) 28 Dec 1968 (52),Sheffield Wednesday FC (25),0-0,?,Southampton FC (27)
?,(Sat) 11 Jan 1969 (1),Southampton FC (28),1-0,?,Coventry City FC (25)
?,(Sat) 11 Jan 1969 (1),Leeds United FC (25),2-1,?,Manchester United FC (25)
?,(Sat) 11 Jan 1969 (1),Queens Park Rangers FC (25),1-1,?,West Ham United FC (26)
?,(Sat) 11 Jan 1969 (1),Manchester City FC (26),4-1,?,Chelsea FC (26)
?,(Sat) 11 Jan 1969 (1),Liverpool FC (27),1-0,?,West Bromwich Albion FC (26)
?,(Sat) 11 Jan 1969 (1),Stoke City FC (26),1-1,?,Tottenham Hotspur FC (24)
?,(Sat) 11 Jan 1969 (1),Ipswich Town FC (26),2-0,?,Burnley FC (27)
?,(Sat) 11 Jan 1969 (1),Arsenal FC (25),2-0,?,Sheffield Wednesday FC (26)
?,(Sat) 11 Jan 1969 (1),Wolverhampton Wanderers FC (25),1-0,?,Nottingham Forest FC (24)
?,(Sat) 11 Jan 1969 (1),Leicester City FC (26),2-1,?,Newcastle United FC (26)
?,(Sat) 11 Jan 1969 (1),Sunderland AFC (26),1-3,?,Everton FC (26)
?,(Sat) 18 Jan 1969 (2),Nottingham Forest FC (25),0-0,?,Leicester City FC (27)
?,(Sat) 18 Jan 1969 (2),Chelsea FC (27),1-2,?,Liverpool FC (28)
?,(Sat) 18 Jan 1969 (2),Tottenham Hotspur FC (25),0-0,?,Leeds United FC (26)
?,(Sat) 18 Jan 1969 (2),Everton FC (27),2-2,?,Ipswich Town FC (27)
?,(Sat) 18 Jan 1969 (2),Manchester United FC (26),4-1,?,Sunderland AFC (27)
?,(Sat) 18 Jan 1969 (2),West Bromwich Albion FC (27),1-2,?,Southampton FC (29)
?,(Sat) 18 Jan 1969 (2),Burnley FC (28),2-2,?,Queens Park Rangers FC (26)
?,(Sat) 18 Jan 1969 (2),Sheffield Wednesday FC (27),1-1,?,Manchester City FC (27)
?,(Sat) 18 Jan 1969 (2),Newcastle United FC (27),2-1,?,Arsenal FC (26)
?,(Fri) 24 Jan 1969 (3),Queens Park Rangers FC (27),0-1,?,Leeds United FC (27)
?,(Tue) 28 Jan 1969 (4),Everton FC (28),4-0,?,Wolverhampton Wanderers FC (26)
?,(Wed) 29 Jan 1969 (4),Tottenham Hotspur FC (26),3-2,?,Queens Park Rangers FC (28)
?,(Sat) 1 Feb 1969 (4),Queens Park Rangers FC (29),0-1,?,Everton FC (29)
?,(Sat) 1 Feb 1969 (4),Southampton FC (30),5-0,?,Chelsea FC (28)
?,(Sat) 1 Feb 1969 (4),Ipswich Town FC (28),1-0,?,Manchester United FC (27)
?,(Sat) 1 Feb 1969 (4),Liverpool FC (29),1-0,?,Sheffield Wednesday FC (28)
?,(Sat) 1 Feb 1969 (4),Wolverhampton Wanderers FC (27),1-1,?,Burnley FC (29)
?,(Sat) 1 Feb 1969 (4),Arsenal FC (27),1-1,?,Nottingham Forest FC (26)
?,(Sat) 1 Feb 1969 (4),Sunderland AFC (28),0-0,?,Tottenham Hotspur FC (27)
?,(Sat) 1 Feb 1969 (4),Leicester City FC (28),1-1,?,West Ham United FC (27)
?,(Sat) 1 Feb 1969 (4),Leeds United FC (28),3-0,?,Coventry City FC (26)
?,(Sat) 1 Feb 1969 (4),Stoke City FC (27),1-1,?,West Bromwich Albion FC (28)
?,(Wed) 12 Feb 1969 (6),Leeds United FC (29),2-0,?,Ipswich Town FC (29)
?,(Sat) 15 Feb 1969 (6),Queens Park Rangers FC (30),1-1,?,Tottenham Hotspur FC (28)
?,(Sat) 15 Feb 1969 (6),Liverpool FC (30),0-2,?,Nottingham Forest FC (27)
?,(Sat) 15 Feb 1969 (6),Leeds United FC (30),1-0,?,Chelsea FC (29)
?,(Sat) 15 Feb 1969 (6),Wolverhampton Wanderers FC (28),2-2,?,Manchester United FC (28)
?,(Sat) 15 Feb 1969 (6),Southampton FC (31),0-0,?,Newcastle United FC (28)
?,(Sat) 15 Feb 1969 (6),Arsenal FC (28),2-0,?,Burnley FC (30)
?,(Tue) 18 Feb 1969 (7),Arsenal FC (29),0-2,?,Ipswich Town FC (30)
?,(Sat) 22 Feb 1969 (7),Chelsea FC (30),5-1,?,Sunderland AFC (29)
?,(Sat) 22 Feb 1969 (7),West Ham United FC (28),1-1,?,Liverpool FC (31)
?,(Sat) 22 Feb 1969 (7),Tottenham Hotspur FC (29),1-1,?,Wolverhampton Wanderers FC (29)
?,(Tue) 25 Feb 1969 (8),Coventry City FC (27),5-0,?,Queens Park Rangers FC (31)
?,(Tue) 25 Feb 1969 (8),Nottingham Forest FC (28),0-2,?,Leeds United FC (31)
?,(Sat) 1 Mar 1969 (8),Sheffield Wednesday FC (29),0-5,?,Arsenal FC (30)
?,(Sat) 1 Mar 1969 (8),Burnley FC (31),3-1,?,Nottingham Forest FC (29)
?,(Sat) 1 Mar 1969 (8),Wolverhampton Wanderers FC (30),1-1,?,Ipswich Town FC (31)
?,(Sat) 1 Mar 1969 (8),Leeds United FC (32),3-2,?,Southampton FC (32)
?,(Sat) 1 Mar 1969 (8),West Ham United FC (29),3-1,?,Newcastle United FC (29)
?,(Sat) 1 Mar 1969 (8),Sunderland AFC (30),4-1,?,Stoke City FC (28)
?,(Tue) 4 Mar 1969 (9),Nottingham Forest FC (30),1-0,?,Queens Park Rangers FC (32)
?,(Tue) 4 Mar 1969 (9),Coventry City FC (28),3-1,?,Sunderland AFC (31)
?,(Tue) 4 Mar 1969 (9),Burnley FC (32),2-1,?,Manchester City FC (28)
?,(Wed) 5 Mar 1969 (9),Chelsea FC (31),1-0,?,Stoke City FC (29)
?,(Wed) 5 Mar 1969 (9),Sheffield Wednesday FC (30),1-0,?,West Bromwich Albion FC (29)
?,(Sat) 8 Mar 1969 (9),Nottingham Forest FC (31),0-1,?,West Ham United FC (30)
?,(Sat) 8 Mar 1969 (9),Newcastle United FC (30),1-0,?,Burnley FC (33)
?,(Sat) 8 Mar 1969 (9),Southampton FC (33),1-0,?,Sunderland AFC (32)
?,(Sat) 8 Mar 1969 (9),Queens Park Rangers FC (33),0-1,?,Wolverhampton Wanderers FC (31)
?,(Sat) 8 Mar 1969 (9),Stoke City FC (30),1-5,?,Leeds United FC (33)
?,(Sat) 8 Mar 1969 (9),West Bromwich Albion FC (30),0-3,?,Chelsea FC (32)
?,(Sat) 8 Mar 1969 (9),Coventry City FC (29),3-0,?,Sheffield Wednesday FC (31)
?,(Sat) 8 Mar 1969 (9),Manchester United FC (29),0-1,?,Manchester City FC (29)
?,(Sat) 8 Mar 1969 (9),Tottenham Hotspur FC (30),1-1,?,Everton FC (30)
?,(Mon) 10 Mar 1969 (10),Everton FC (31),0-0,?,Manchester United FC (30)
?,(Mon) 10 Mar 1969 (10),Sunderland AFC (33),0-1,?,West Bromwich Albion FC (31)
?,(Mon) 10 Mar 1969 (10),Chelsea FC (33),2-1,?,Coventry City FC (30)
?,(Tue) 11 Mar 1969 (10),Nottingham Forest FC (32),1-0,?,Southampton FC (34)
?,(Tue) 11 Mar 1969 (10),Ipswich Town FC (32),2-1,?,Manchester City FC (30)
?,(Wed) 12 Mar 1969 (10),Leicester City FC (29),2-0,?,Queens Park Rangers FC (34)
?,(Fri) 14 Mar 1969 (10),West Ham United FC (31),5-2,?,Coventry City FC (31)
?,(Sat) 15 Mar 1969 (10),Sunderland AFC (34),0-2,?,Liverpool FC (32)
?,(Sat) 15 Mar 1969 (10),Chelsea FC (34),3-2,?,Manchester United FC (31)
?,(Sat) 15 Mar 1969 (10),Manchester City FC (31),3-1,?,Queens Park Rangers FC (35)
?,(Sat) 15 Mar 1969 (10),Wolverhampton Wanderers FC (32),0-0,?,Southampton FC (35)
?,(Sat) 15 Mar 1969 (10),Burnley FC (34),2-2,?,West Bromwich Albion FC (32)
?,(Sat) 15 Mar 1969 (10),Leicester City FC (30),0-0,?,Stoke City FC (31)
?,(Tue) 18 Mar 1969 (11),Tottenham Hotspur FC (31),2-2,?,Ipswich Town FC (33)
?,(Tue) 18 Mar 1969 (11),Coventry City FC (32),1-1,?,Stoke City FC (32)
?,(Wed) 19 Mar 1969 (11),Manchester United FC (32),8-1,?,Queens Park Rangers FC (36)
?,(Fri) 21 Mar 1969 (11),West Ham United FC (32),1-3,?,Ipswich Town FC (34)
?,(Sat) 22 Mar 1969 (11),Tottenham Hotspur FC (32),1-0,?,Chelsea FC (35)
?,(Sat) 22 Mar 1969 (11),Stoke City FC (33),4-1,?,Wolverhampton Wanderers FC (33)
?,(Sat) 22 Mar 1969 (11),Nottingham Forest FC (33),3-0,?,West Bromwich Albion FC (33)
?,(Sat) 22 Mar 1969 (11),Manchester United FC (33),1-0,?,Sheffield Wednesday FC (32)
?,(Sat) 22 Mar 1969 (11),Queens Park Rangers FC (37),0-1,?,Arsenal FC (31)
?,(Sat) 22 Mar 1969 (11),Coventry City FC (33),4-1,?,Burnley FC (35)
?,(Sat) 22 Mar 1969 (11),Southampton FC (36),1-0,?,Leicester City FC (31)
?,(Sat) 22 Mar 1969 (11),Newcastle United FC (31),1-1,?,Sunderland AFC (35)
?,(Mon) 24 Mar 1969 (12),Arsenal FC (32),1-0,?,Tottenham Hotspur FC (33)
?,(Mon) 24 Mar 1969 (12),Nottingham Forest FC (34),1-0,?,Manchester City FC (32)
?,(Mon) 24 Mar 1969 (12),Manchester United FC (34),1-1,?,Stoke City FC (34)
?,(Mon) 24 Mar 1969 (12),West Ham United FC (33),3-1,?,Wolverhampton Wanderers FC (34)
?,(Tue) 25 Mar 1969 (12),Ipswich Town FC (35),0-0,?,Coventry City FC (34)
?,(Sat) 29 Mar 1969 (12),Everton FC (32),1-2,?,Chelsea FC (36)
?,(Sat) 29 Mar 1969 (12),Newcastle United FC (32),2-0,?,Coventry City FC (35)
?,(Sat) 29 Mar 1969 (12),Queens Park Rangers FC (38),1-2,?,Liverpool FC (33)
?,(Sat) 29 Mar 1969 (12),Arsenal FC (33),0-0,?,Southampton FC (37)
?,(Sat) 29 Mar 1969 (12),West Ham United FC (34),0-0,?,Manchester United FC (35)
?,(Sat) 29 Mar 1969 (12),Wolverhampton Wanderers FC (35),0-0,?,Leeds United FC (34)
?,(Sat) 29 Mar 1969 (12),Burnley FC (36),2-2,?,Tottenham Hotspur FC (34)
?,(Sat) 29 Mar 1969 (12),Manchester City FC (33),3-1,?,Stoke City FC (35)
?,(Mon) 31 Mar 1969 (13),Nottingham Forest FC (35),0-1,?,Manchester United FC (36)
?,(Mon) 31 Mar 1969 (13),Liverpool FC (34),1-1,?,Arsenal FC (34)
?,(Tue) 1 Apr 1969 (13),Everton FC (33),1-0,?,West Ham United FC (35)
?,(Tue) 1 Apr 1969 (13),Coventry City FC (36),1-0,?,Leicester City FC (32)
?,(Tue) 1 Apr 1969 (13),Sheffield Wednesday FC (33),0-0,?,Leeds United FC (35)
?,(Wed) 2 Apr 1969 (13),Tottenham Hotspur FC (35),0-1,?,Newcastle United FC (33)
?,(Wed) 2 Apr 1969 (13),Manchester United FC (37),2-1,?,West Bromwich Albion FC (34)
?,(Fri) 4 Apr 1969 (13),Tottenham Hotspur FC (36),2-0,?,Coventry City FC (37)
?,(Fri) 4 Apr 1969 (13),Chelsea FC (37),1-1,?,Newcastle United FC (34)
?,(Fri) 4 Apr 1969 (13),Manchester City FC (34),2-0,?,Leicester City FC (33)
?,(Fri) 4 Apr 1969 (13),Ipswich Town FC (36),1-0,?,Sunderland AFC (36)
?,(Sat) 5 Apr 1969 (13),Manchester United FC (38),3-1,?,Nottingham Forest FC (36)
?,(Sat) 5 Apr 1969 (13),Liverpool FC (35),1-0,?,Wolverhampton Wanderers FC (36)
?,(Sat) 5 Apr 1969 (13),Leeds United FC (36),1-0,?,Manchester City FC (35)
?,(Sat) 5 Apr 1969 (13),Sheffield Wednesday FC (34),1-1,?,West Ham United FC (36)
?,(Sat) 5 Apr 1969 (13),Sunderland AFC (37),0-0,?,Arsenal FC (35)
?,(Sat) 5 Apr 1969 (13),Southampton FC (38),3-2,?,Queens Park Rangers FC (39)
?,(Sat) 5 Apr 1969 (13),Chelsea FC (38),2-3,?,Burnley FC (37)
?,(Sat) 5 Apr 1969 (13),West Bromwich Albion FC (35),1-1,?,Everton FC (34)
?,(Sat) 5 Apr 1969 (13),Stoke City FC (36),2-1,?,Ipswich Town FC (37)
?,(Mon) 7 Apr 1969 (14),Sunderland AFC (38),0-0,?,Queens Park Rangers FC (40)
?,(Mon) 7 Apr 1969 (14),West Bromwich Albion FC (36),4-3,?,Tottenham Hotspur FC (37)
?,(Mon) 7 Apr 1969 (14),Southampton FC (39),5-1,?,Burnley FC (38)
?,(Mon) 7 Apr 1969 (14),Sheffield Wednesday FC (35),0-1,?,Nottingham Forest FC (37)
?,(Mon) 7 Apr 1969 (14),Stoke City FC (37),0-0,?,Liverpool FC (36)
?,(Mon) 7 Apr 1969 (14),Arsenal FC (36),3-1,?,Wolverhampton Wanderers FC (37)
?,(Tue) 8 Apr 1969 (14),Wolverhampton Wanderers FC (38),3-1,?,Manchester City FC (36)
?,(Tue) 8 Apr 1969 (14),Burnley FC (39),1-2,?,Everton FC (35)
?,(Tue) 8 Apr 1969 (14),Nottingham Forest FC (38),1-2,?,Chelsea FC (39)
?,(Tue) 8 Apr 1969 (14),West Ham United FC (37),0-0,?,Stoke City FC (38)
?,(Tue) 8 Apr 1969 (14),Leicester City FC (34),0-0,?,Arsenal FC (37)
?,(Tue) 8 Apr 1969 (14),Coventry City FC (38),2-1,?,Manchester United FC (39)
?,(Wed) 9 Apr 1969 (14),Newcastle United FC (35),3-2,?,Sheffield Wednesday FC (36)
?,(Wed) 9 Apr 1969 (14),West Bromwich Albion FC (37),1-1,?,Leeds United FC (37)
?,(Sat) 12 Apr 1969 (14),Newcastle United FC (36),2-0,?,Manchester United FC (40)
?,(Sat) 12 Apr 1969 (14),Arsenal FC (38),1-2,?,Leeds United FC (38)
?,(Sat) 12 Apr 1969 (14),Ipswich Town FC (38),0-0,?,Southampton FC (40)
?,(Sat) 12 Apr 1969 (14),Everton FC (36),3-0,?,Coventry City FC (39)
?,(Sat) 12 Apr 1969 (14),Wolverhampton Wanderers FC (39),0-1,?,West Bromwich Albion FC (38)
?,(Sat) 12 Apr 1969 (14),Leicester City FC (35),1-2,?,Liverpool FC (37)
?,(Sat) 12 Apr 1969 (14),Manchester City FC (37),1-0,?,Sunderland AFC (39)
?,(Sat) 12 Apr 1969 (14),Queens Park Rangers FC (41),2-1,?,Stoke City FC (39)
?,(Sat) 12 Apr 1969 (14),Nottingham Forest FC (39),0-2,?,Tottenham Hotspur FC (38)
?,(Sat) 12 Apr 1969 (14),West Ham United FC (38),0-0,?,Chelsea FC (40)
?,(Sat) 12 Apr 1969 (14),Burnley FC (40),2-0,?,Sheffield Wednesday FC (37)
?,(Mon) 14 Apr 1969 (15),Chelsea FC (41),2-1,?,Arsenal FC (39)
?,(Mon) 14 Apr 1969 (15),Sheffield Wednesday FC (38),1-3,?,Leicester City FC (36)
?,(Mon) 14 Apr 1969 (15),Everton FC (37),1-1,?,Newcastle United FC (37)
?,(Mon) 14 Apr 1969 (15),West Bromwich Albion FC (39),3-1,?,West Ham United FC (39)
?,(Tue) 15 Apr 1969 (15),Wolverhampton Wanderers FC (40),1-1,?,Coventry City FC (40)
?,(Wed) 16 Apr 1969 (15),West Bromwich Albion FC (40),2-0,?,Manchester City FC (38)
?,(Sat) 19 Apr 1969 (15),Leeds United FC (39),2-0,?,Leicester City FC (37)
?,(Sat) 19 Apr 1969 (15),Sunderland AFC (40),2-0,?,Wolverhampton Wanderers FC (41)
?,(Sat) 19 Apr 1969 (15),West Bromwich Albion FC (41),5-1,?,Newcastle United FC (38)
?,(Sat) 19 Apr 1969 (15),Southampton FC (41),3-0,?,Manchester City FC (39)
?,(Sat) 19 Apr 1969 (15),Stoke City FC (40),1-3,?,Arsenal FC (40)
?,(Sat) 19 Apr 1969 (15),Chelsea FC (42),2-1,?,Queens Park Rangers FC (42)
?,(Sat) 19 Apr 1969 (15),Manchester United FC (41),2-0,?,Burnley FC (41)
?,(Sat) 19 Apr 1969 (15),Coventry City FC (41),1-1,?,Nottingham Forest FC (40)
?,(Sat) 19 Apr 1969 (15),Tottenham Hotspur FC (39),1-0,?,West Ham United FC (40)
?,(Sat) 19 Apr 1969 (15),Liverpool FC (38),4-0,?,Ipswich Town FC (39)
?,(Sat) 19 Apr 1969 (15),Sheffield Wednesday FC (39),2-2,?,Everton FC (38)
?,(Mon) 21 Apr 1969 (16),Newcastle United FC (39),4-1,?,Wolverhampton Wanderers FC (42)
?,(Mon) 21 Apr 1969 (16),West Ham United FC (41),1-2,?,Arsenal FC (41)
?,(Tue) 22 Apr 1969 (16),Everton FC (39),0-0,?,Leeds United FC (40)
?,(Tue) 22 Apr 1969 (16),Tottenham Hotspur FC (40),2-1,?,Southampton FC (42)
?,(Tue) 22 Apr 1969 (16),Stoke City FC (41),1-1,?,Sheffield Wednesday FC (40)
?,(Tue) 22 Apr 1969 (16),Coventry City FC (42),0-0,?,Liverpool FC (39)
?,(Wed) 23 Apr 1969 (16),Burnley FC (42),1-2,?,Sunderland AFC (41)
?,(Wed) 23 Apr 1969 (16),West Bromwich Albion FC (42),2-2,?,Ipswich Town FC (40)
?,(Fri) 25 Apr 1969 (16),Ipswich Town FC (41),2-0,?,Sheffield Wednesday FC (41)
?,(Fri) 25 Apr 1969 (16),Nottingham Forest FC (41),1-0,?,Everton FC (40)
?,(Mon) 28 Apr 1969 (17),Liverpool FC (40),0-0,?,Leeds United FC (41)
?,(Tue) 29 Apr 1969 (17),Everton FC (41),1-0,?,Arsenal FC (42)
?,(Tue) 29 Apr 1969 (17),Leicester City FC (38),1-0,?,Tottenham Hotspur FC (41)
?,(Wed) 30 Apr 1969 (17),Newcastle United FC (40),5-0,?,Stoke City FC (42)
?,(Wed) 30 Apr 1969 (17),Manchester City FC (40),1-1,?,West Ham United FC (42)
?,(Wed) 30 Apr 1969 (17),Leeds United FC (42),1-0,?,Nottingham Forest FC (42)
?,(Sat) 3 May 1969 (17),Ipswich Town FC (42),2-1,?,Leicester City FC (39)
?,(Mon) 5 May 1969 (18),Leicester City FC (40),2-1,?,Sunderland AFC (42)
?,(Mon) 5 May 1969 (18),Manchester City FC (41),1-0,?,Newcastle United FC (41)
?,(Mon) 12 May 1969 (19),Sheffield Wednesday FC (42),0-0,?,Tottenham Hotspur FC (42)
?,(Mon) 12 May 1969 (19),Manchester City FC (42),1-0,?,Liverpool FC (41)
?,(Wed) 14 May 1969 (19),Leicester City FC (41),1-1,?,Everton FC (42)
?,(Sat) 17 May 1969 (19),Manchester United FC (42),3-2,?,Leicester City FC (42)
?,(Sat) 17 May 1969 (19),Newcastle United FC (42),1-1,?,Liverpool FC (42)
