Round,Date,Team 1,FT,HT,Team 2
?,(Sat) 10 Aug 1968 (32),Middlesbrough FC (1),2-1,?,Preston North End FC (1)
?,(Sat) 10 Aug 1968 (32),Blackburn Rovers FC (1),1-1,?,Derby County FC (1)
?,(Sat) 10 Aug 1968 (32),Fulham FC (1),1-0,?,Bristol City FC (1)
?,(Sat) 10 Aug 1968 (32),Bury FC (1),3-2,?,Carlisle United FC (1)
?,(Sat) 10 Aug 1968 (32),Huddersfield Town AFC (1),0-0,?,Portsmouth FC (1)
?,(Sat) 10 Aug 1968 (32),Birmingham City FC (1),1-2,?,Norwich City FC (1)
?,(Sat) 10 Aug 1968 (32),Charlton Athletic FC (1),3-4,?,Millwall FC (1)
?,(Sat) 10 Aug 1968 (32),Cardiff City FC (1),0-4,?,Crystal Palace FC (1)
?,(Sat) 10 Aug 1968 (32),Oxford United FC (1),1-1,?,Bolton Wanderers FC (1)
?,(Sat) 10 Aug 1968 (32),Blackpool FC (1),2-0,?,Hull City AFC (1)
?,(Sat) 10 Aug 1968 (32),Sheffield United FC (1),3-1,?,Aston Villa FC (1)
?,(Tue) 13 Aug 1968 (33),Carlisle United FC (2),0-0,?,Portsmouth FC (2)
?,(Wed) 14 Aug 1968 (33),Cardiff City FC (2),0-1,?,Charlton Athletic FC (2)
?,(Wed) 14 Aug 1968 (33),Norwich City FC (2),0-2,?,Middlesbrough FC (2)
?,(Wed) 14 Aug 1968 (33),Crystal Palace FC (2),2-1,?,Huddersfield Town AFC (2)
?,(Sat) 17 Aug 1968 (33),Bolton Wanderers FC (2),2-0,?,Bury FC (2)
?,(Sat) 17 Aug 1968 (33),Portsmouth FC (3),3-0,?,Middlesbrough FC (3)
?,(Sat) 17 Aug 1968 (33),Aston Villa FC (2),1-1,?,Fulham FC (2)
?,(Sat) 17 Aug 1968 (33),Crystal Palace FC (3),3-2,?,Birmingham City FC (2)
?,(Sat) 17 Aug 1968 (33),Norwich City FC (3),3-1,?,Cardiff City FC (3)
?,(Sat) 17 Aug 1968 (33),Hull City AFC (2),1-3,?,Blackburn Rovers FC (2)
?,(Sat) 17 Aug 1968 (33),Carlisle United FC (3),1-1,?,Charlton Athletic FC (3)
?,(Sat) 17 Aug 1968 (33),Derby County FC (2),1-1,?,Blackpool FC (2)
?,(Sat) 17 Aug 1968 (33),Preston North End FC (2),1-0,?,Huddersfield Town AFC (3)
?,(Sat) 17 Aug 1968 (33),Bristol City FC (2),1-1,?,Sheffield United FC (2)
?,(Sat) 17 Aug 1968 (33),Millwall FC (2),2-1,?,Oxford United FC (2)
?,(Mon) 19 Aug 1968 (34),Aston Villa FC (3),1-1,?,Millwall FC (3)
?,(Tue) 20 Aug 1968 (34),Sheffield United FC (3),2-0,?,Derby County FC (3)
?,(Tue) 20 Aug 1968 (34),Bristol City FC (3),2-2,?,Bolton Wanderers FC (3)
?,(Tue) 20 Aug 1968 (34),Middlesbrough FC (4),4-0,?,Crystal Palace FC (4)
?,(Tue) 20 Aug 1968 (34),Huddersfield Town AFC (4),2-2,?,Norwich City FC (4)
?,(Tue) 20 Aug 1968 (34),Charlton Athletic FC (4),3-1,?,Birmingham City FC (3)
?,(Wed) 21 Aug 1968 (34),Oxford United FC (3),0-0,?,Blackpool FC (3)
?,(Wed) 21 Aug 1968 (34),Fulham FC (3),0-0,?,Hull City AFC (3)
?,(Wed) 21 Aug 1968 (34),Bury FC (3),3-3,?,Cardiff City FC (4)
?,(Wed) 21 Aug 1968 (34),Portsmouth FC (4),0-1,?,Blackburn Rovers FC (3)
?,(Sat) 24 Aug 1968 (34),Birmingham City FC (4),5-2,?,Portsmouth FC (5)
?,(Sat) 24 Aug 1968 (34),Huddersfield Town AFC (5),2-0,?,Derby County FC (4)
?,(Sat) 24 Aug 1968 (34),Sheffield United FC (4),1-0,?,Millwall FC (4)
?,(Sat) 24 Aug 1968 (34),Bury FC (4),2-1,?,Crystal Palace FC (5)
?,(Sat) 24 Aug 1968 (34),Middlesbrough FC (5),1-0,?,Carlisle United FC (4)
?,(Sat) 24 Aug 1968 (34),Fulham FC (4),0-2,?,Bolton Wanderers FC (4)
?,(Sat) 24 Aug 1968 (34),Blackburn Rovers FC (4),2-0,?,Aston Villa FC (4)
?,(Sat) 24 Aug 1968 (34),Cardiff City FC (5),1-0,?,Preston North End FC (3)
?,(Sat) 24 Aug 1968 (34),Charlton Athletic FC (5),2-1,?,Norwich City FC (5)
?,(Sat) 24 Aug 1968 (34),Oxford United FC (4),1-1,?,Hull City AFC (4)
?,(Sat) 24 Aug 1968 (34),Blackpool FC (4),2-2,?,Bristol City FC (4)
?,(Mon) 26 Aug 1968 (35),Aston Villa FC (5),1-0,?,Bristol City FC (5)
?,(Mon) 26 Aug 1968 (35),Millwall FC (5),3-1,?,Bolton Wanderers FC (5)
?,(Mon) 26 Aug 1968 (35),Preston North End FC (4),0-0,?,Portsmouth FC (6)
?,(Tue) 27 Aug 1968 (35),Middlesbrough FC (6),1-1,?,Huddersfield Town AFC (6)
?,(Tue) 27 Aug 1968 (35),Carlisle United FC (5),0-2,?,Oxford United FC (5)
?,(Tue) 27 Aug 1968 (35),Bury FC (5),2-3,?,Charlton Athletic FC (6)
?,(Tue) 27 Aug 1968 (35),Sheffield United FC (5),1-0,?,Fulham FC (5)
?,(Wed) 28 Aug 1968 (35),Blackburn Rovers FC (5),1-1,?,Blackpool FC (5)
?,(Wed) 28 Aug 1968 (35),Derby County FC (5),2-2,?,Hull City AFC (5)
?,(Wed) 28 Aug 1968 (35),Crystal Palace FC (6),2-0,?,Norwich City FC (6)
?,(Wed) 28 Aug 1968 (35),Cardiff City FC (6),4-0,?,Birmingham City FC (5)
?,(Sat) 31 Aug 1968 (35),Millwall FC (6),2-0,?,Fulham FC (6)
?,(Sat) 31 Aug 1968 (35),Crystal Palace FC (7),3-3,?,Charlton Athletic FC (7)
?,(Sat) 31 Aug 1968 (35),Bolton Wanderers FC (6),4-2,?,Sheffield United FC (6)
?,(Sat) 31 Aug 1968 (35),Aston Villa FC (6),0-1,?,Blackpool FC (6)
?,(Sat) 31 Aug 1968 (35),Preston North End FC (5),4-1,?,Birmingham City FC (6)
?,(Sat) 31 Aug 1968 (35),Hull City AFC (6),3-0,?,Middlesbrough FC (7)
?,(Sat) 31 Aug 1968 (35),Carlisle United FC (6),0-0,?,Huddersfield Town AFC (7)
?,(Sat) 31 Aug 1968 (35),Norwich City FC (7),2-2,?,Bury FC (6)
?,(Sat) 31 Aug 1968 (35),Portsmouth FC (7),1-3,?,Cardiff City FC (7)
?,(Sat) 31 Aug 1968 (35),Bristol City FC (6),1-0,?,Blackburn Rovers FC (6)
?,(Sat) 31 Aug 1968 (35),Derby County FC (6),2-0,?,Oxford United FC (6)
?,(Sat) 7 Sep 1968 (36),Bury FC (7),0-1,?,Preston North End FC (6)
?,(Sat) 7 Sep 1968 (36),Blackpool FC (7),1-0,?,Bolton Wanderers FC (7)
?,(Sat) 7 Sep 1968 (36),Derby County FC (7),3-1,?,Aston Villa FC (7)
?,(Sat) 7 Sep 1968 (36),Charlton Athletic FC (8),2-1,?,Portsmouth FC (8)
?,(Sat) 7 Sep 1968 (36),Crystal Palace FC (8),5-0,?,Carlisle United FC (7)
?,(Sat) 7 Sep 1968 (36),Oxford United FC (7),1-0,?,Fulham FC (7)
?,(Sat) 7 Sep 1968 (36),Cardiff City FC (8),2-0,?,Middlesbrough FC (8)
?,(Sat) 7 Sep 1968 (36),Hull City AFC (7),1-1,?,Bristol City FC (7)
?,(Sat) 7 Sep 1968 (36),Norwich City FC (8),2-0,?,Sheffield United FC (7)
?,(Sat) 7 Sep 1968 (36),Blackburn Rovers FC (7),2-4,?,Millwall FC (7)
?,(Sat) 7 Sep 1968 (36),Birmingham City FC (7),5-1,?,Huddersfield Town AFC (8)
?,(Fri) 13 Sep 1968 (37),Fulham FC (8),1-0,?,Crystal Palace FC (9)
?,(Fri) 13 Sep 1968 (37),Portsmouth FC (9),1-2,?,Bury FC (8)
?,(Sat) 14 Sep 1968 (37),Carlisle United FC (8),0-4,?,Norwich City FC (9)
?,(Sat) 14 Sep 1968 (37),Huddersfield Town AFC (9),3-0,?,Cardiff City FC (9)
?,(Sat) 14 Sep 1968 (37),Aston Villa FC (8),1-1,?,Hull City AFC (8)
?,(Sat) 14 Sep 1968 (37),Sheffield United FC (8),1-2,?,Oxford United FC (8)
?,(Sat) 14 Sep 1968 (37),Bolton Wanderers FC (8),1-1,?,Blackburn Rovers FC (8)
?,(Sat) 14 Sep 1968 (37),Preston North End FC (7),1-1,?,Charlton Athletic FC (9)
?,(Sat) 14 Sep 1968 (37),Millwall FC (8),1-2,?,Blackpool FC (8)
?,(Sat) 14 Sep 1968 (37),Middlesbrough FC (9),3-1,?,Birmingham City FC (8)
?,(Sat) 14 Sep 1968 (37),Bristol City FC (8),0-0,?,Derby County FC (8)
?,(Mon) 16 Sep 1968 (38),Blackpool FC (9),1-1,?,Preston North End FC (8)
?,(Mon) 16 Sep 1968 (38),Millwall FC (9),2-2,?,Bristol City FC (9)
?,(Tue) 17 Sep 1968 (38),Birmingham City FC (9),1-3,?,Bury FC (9)
?,(Wed) 18 Sep 1968 (38),Hull City AFC (9),1-1,?,Sheffield United FC (9)
?,(Wed) 18 Sep 1968 (38),Blackburn Rovers FC (9),1-0,?,Oxford United FC (9)
?,(Wed) 18 Sep 1968 (38),Bolton Wanderers FC (9),4-1,?,Aston Villa FC (9)
?,(Wed) 18 Sep 1968 (38),Derby County FC (9),1-0,?,Fulham FC (9)
?,(Sat) 21 Sep 1968 (38),Cardiff City FC (10),2-1,?,Carlisle United FC (9)
?,(Sat) 21 Sep 1968 (38),Birmingham City FC (10),4-0,?,Aston Villa FC (10)
?,(Sat) 21 Sep 1968 (38),Blackburn Rovers FC (10),1-0,?,Sheffield United FC (10)
?,(Sat) 21 Sep 1968 (38),Crystal Palace FC (10),1-2,?,Preston North End FC (9)
?,(Sat) 21 Sep 1968 (38),Norwich City FC (10),0-1,?,Portsmouth FC (10)
?,(Sat) 21 Sep 1968 (38),Derby County FC (10),1-0,?,Millwall FC (10)
?,(Sat) 21 Sep 1968 (38),Blackpool FC (10),2-2,?,Fulham FC (10)
?,(Sat) 21 Sep 1968 (38),Bury FC (10),2-3,?,Middlesbrough FC (10)
?,(Sat) 21 Sep 1968 (38),Hull City AFC (10),1-0,?,Bolton Wanderers FC (10)
?,(Sat) 21 Sep 1968 (38),Charlton Athletic FC (10),1-0,?,Huddersfield Town AFC (10)
?,(Sat) 21 Sep 1968 (38),Oxford United FC (10),0-0,?,Bristol City FC (10)
?,(Sat) 28 Sep 1968 (39),Bolton Wanderers FC (11),1-2,?,Derby County FC (11)
?,(Sat) 28 Sep 1968 (39),Portsmouth FC (11),3-3,?,Crystal Palace FC (11)
?,(Sat) 28 Sep 1968 (39),Huddersfield Town AFC (11),4-1,?,Bury FC (11)
?,(Sat) 28 Sep 1968 (39),Aston Villa FC (11),2-0,?,Oxford United FC (11)
?,(Sat) 28 Sep 1968 (39),Preston North End FC (10),1-3,?,Norwich City FC (11)
?,(Sat) 28 Sep 1968 (39),Fulham FC (11),1-1,?,Blackburn Rovers FC (11)
?,(Sat) 28 Sep 1968 (39),Millwall FC (11),2-3,?,Hull City AFC (11)
?,(Sat) 28 Sep 1968 (39),Sheffield United FC (11),2-1,?,Blackpool FC (11)
?,(Sat) 28 Sep 1968 (39),Carlisle United FC (10),2-3,?,Birmingham City FC (11)
?,(Sat) 28 Sep 1968 (39),Middlesbrough FC (11),1-0,?,Charlton Athletic FC (11)
?,(Sat) 28 Sep 1968 (39),Bristol City FC (11),0-3,?,Cardiff City FC (11)
?,(Mon) 30 Sep 1968 (40),Preston North End FC (11),2-2,?,Carlisle United FC (11)
?,(Sat) 5 Oct 1968 (40),Bury FC (12),0-0,?,Millwall FC (12)
?,(Sat) 5 Oct 1968 (40),Charlton Athletic FC (12),0-0,?,Bristol City FC (12)
?,(Sat) 5 Oct 1968 (40),Crystal Palace FC (12),1-1,?,Sheffield United FC (12)
?,(Sat) 5 Oct 1968 (40),Middlesbrough FC (12),0-0,?,Derby County FC (12)
?,(Sat) 5 Oct 1968 (40),Preston North End FC (12),1-1,?,Blackburn Rovers FC (12)
?,(Sat) 5 Oct 1968 (40),Carlisle United FC (12),1-1,?,Bolton Wanderers FC (12)
?,(Sat) 5 Oct 1968 (40),Cardiff City FC (12),1-1,?,Aston Villa FC (12)
?,(Sat) 5 Oct 1968 (40),Huddersfield Town AFC (12),2-1,?,Blackpool FC (12)
?,(Sat) 5 Oct 1968 (40),Norwich City FC (12),1-2,?,Hull City AFC (12)
?,(Sat) 5 Oct 1968 (40),Portsmouth FC (12),3-0,?,Oxford United FC (12)
?,(Sat) 5 Oct 1968 (40),Birmingham City FC (12),5-4,?,Fulham FC (12)
?,(Mon) 7 Oct 1968 (41),Blackpool FC (13),0-1,?,Blackburn Rovers FC (13)
?,(Tue) 8 Oct 1968 (41),Bristol City FC (13),1-0,?,Aston Villa FC (13)
?,(Tue) 8 Oct 1968 (41),Huddersfield Town AFC (13),3-0,?,Middlesbrough FC (13)
?,(Tue) 8 Oct 1968 (41),Birmingham City FC (13),2-0,?,Cardiff City FC (13)
?,(Tue) 8 Oct 1968 (41),Charlton Athletic FC (13),2-2,?,Bury FC (13)
?,(Wed) 9 Oct 1968 (41),Portsmouth FC (13),1-1,?,Preston North End FC (13)
?,(Wed) 9 Oct 1968 (41),Norwich City FC (13),0-1,?,Crystal Palace FC (13)
?,(Wed) 9 Oct 1968 (41),Oxford United FC (13),0-1,?,Carlisle United FC (13)
?,(Wed) 9 Oct 1968 (41),Fulham FC (13),2-2,?,Sheffield United FC (13)
?,(Wed) 9 Oct 1968 (41),Bolton Wanderers FC (13),0-4,?,Millwall FC (13)
?,(Wed) 9 Oct 1968 (41),Hull City AFC (13),1-0,?,Derby County FC (13)
?,(Sat) 12 Oct 1968 (41),Hull City AFC (14),3-0,?,Huddersfield Town AFC (14)
?,(Sat) 12 Oct 1968 (41),Blackburn Rovers FC (14),0-2,?,Carlisle United FC (14)
?,(Sat) 12 Oct 1968 (41),Millwall FC (14),2-0,?,Cardiff City FC (14)
?,(Sat) 12 Oct 1968 (41),Bristol City FC (14),0-0,?,Birmingham City FC (14)
?,(Sat) 12 Oct 1968 (41),Derby County FC (14),1-0,?,Preston North End FC (14)
?,(Sat) 12 Oct 1968 (41),Oxford United FC (14),2-2,?,Bury FC (14)
?,(Sat) 12 Oct 1968 (41),Blackpool FC (14),1-1,?,Portsmouth FC (14)
?,(Sat) 12 Oct 1968 (41),Bolton Wanderers FC (14),3-0,?,Charlton Athletic FC (14)
?,(Sat) 12 Oct 1968 (41),Aston Villa FC (14),1-1,?,Crystal Palace FC (14)
?,(Sat) 12 Oct 1968 (41),Sheffield United FC (14),1-3,?,Middlesbrough FC (14)
?,(Sat) 12 Oct 1968 (41),Fulham FC (14),1-3,?,Norwich City FC (14)
?,(Sat) 19 Oct 1968 (42),Carlisle United FC (15),1-0,?,Blackpool FC (15)
?,(Sat) 19 Oct 1968 (42),Cardiff City FC (15),0-2,?,Bolton Wanderers FC (15)
?,(Sat) 19 Oct 1968 (42),Norwich City FC (15),1-1,?,Aston Villa FC (15)
?,(Sat) 19 Oct 1968 (42),Crystal Palace FC (15),2-1,?,Bristol City FC (15)
?,(Sat) 19 Oct 1968 (42),Charlton Athletic FC (15),1-0,?,Oxford United FC (15)
?,(Sat) 19 Oct 1968 (42),Huddersfield Town AFC (15),1-0,?,Sheffield United FC (15)
?,(Sat) 19 Oct 1968 (42),Preston North End FC (15),1-0,?,Hull City AFC (15)
?,(Sat) 19 Oct 1968 (42),Middlesbrough FC (15),2-0,?,Fulham FC (15)
?,(Sat) 19 Oct 1968 (42),Birmingham City FC (15),1-2,?,Millwall FC (15)
?,(Sat) 19 Oct 1968 (42),Bury FC (15),1-3,?,Blackburn Rovers FC (15)
?,(Sat) 19 Oct 1968 (42),Portsmouth FC (15),0-1,?,Derby County FC (15)
?,(Sat) 26 Oct 1968 (43),Derby County FC (16),1-0,?,Birmingham City FC (16)
?,(Sat) 26 Oct 1968 (43),Bristol City FC (16),2-2,?,Portsmouth FC (16)
?,(Sat) 26 Oct 1968 (43),Oxford United FC (16),2-4,?,Middlesbrough FC (16)
?,(Sat) 26 Oct 1968 (43),Blackburn Rovers FC (16),3-0,?,Norwich City FC (16)
?,(Sat) 26 Oct 1968 (43),Fulham FC (16),0-0,?,Bury FC (16)
?,(Sat) 26 Oct 1968 (43),Hull City AFC (16),3-3,?,Cardiff City FC (16)
?,(Sat) 26 Oct 1968 (43),Sheffield United FC (16),2-0,?,Charlton Athletic FC (16)
?,(Sat) 26 Oct 1968 (43),Aston Villa FC (16),0-0,?,Carlisle United FC (16)
?,(Sat) 26 Oct 1968 (43),Millwall FC (16),0-0,?,Preston North End FC (16)
?,(Sat) 26 Oct 1968 (43),Bolton Wanderers FC (16),2-3,?,Huddersfield Town AFC (16)
?,(Sat) 26 Oct 1968 (43),Blackpool FC (16),3-0,?,Crystal Palace FC (16)
?,(Sat) 2 Nov 1968 (44),Crystal Palace FC (17),2-1,?,Bolton Wanderers FC (17)
?,(Sat) 2 Nov 1968 (44),Cardiff City FC (17),2-1,?,Blackburn Rovers FC (17)
?,(Sat) 2 Nov 1968 (44),Charlton Athletic FC (17),0-0,?,Blackpool FC (17)
?,(Sat) 2 Nov 1968 (44),Huddersfield Town AFC (17),3-1,?,Aston Villa FC (17)
?,(Sat) 2 Nov 1968 (44),Portsmouth FC (17),2-1,?,Sheffield United FC (17)
?,(Sat) 2 Nov 1968 (44),Norwich City FC (17),0-3,?,Millwall FC (17)
?,(Sat) 2 Nov 1968 (44),Birmingham City FC (17),0-1,?,Oxford United FC (17)
?,(Mon) 4 Nov 1968 (45),Carlisle United FC (17),1-0,?,Hull City AFC (17)
?,(Fri) 8 Nov 1968 (45),Hull City AFC (18),3-0,?,Bury FC (17)
?,(Sat) 9 Nov 1968 (45),Aston Villa FC (18),0-1,?,Preston North End FC (17)
?,(Sat) 9 Nov 1968 (45),Blackpool FC (18),1-2,?,Cardiff City FC (18)
?,(Sat) 9 Nov 1968 (45),Blackburn Rovers FC (18),3-2,?,Birmingham City FC (18)
?,(Sat) 9 Nov 1968 (45),Bristol City FC (17),0-1,?,Huddersfield Town AFC (18)
?,(Sat) 9 Nov 1968 (45),Oxford United FC (18),0-2,?,Crystal Palace FC (18)
?,(Sat) 9 Nov 1968 (45),Derby County FC (17),2-1,?,Charlton Athletic FC (18)
?,(Sat) 9 Nov 1968 (45),Fulham FC (17),2-2,?,Portsmouth FC (18)
?,(Sat) 9 Nov 1968 (45),Sheffield United FC (18),0-1,?,Carlisle United FC (18)
?,(Sat) 9 Nov 1968 (45),Millwall FC (18),2-0,?,Middlesbrough FC (17)
?,(Sat) 16 Nov 1968 (46),Portsmouth FC (19),2-0,?,Aston Villa FC (19)
?,(Sat) 16 Nov 1968 (46),Crystal Palace FC (19),1-0,?,Blackburn Rovers FC (19)
?,(Sat) 16 Nov 1968 (46),Cardiff City FC (19),1-1,?,Derby County FC (18)
?,(Sat) 16 Nov 1968 (46),Middlesbrough FC (18),0-0,?,Bolton Wanderers FC (18)
?,(Sat) 16 Nov 1968 (46),Carlisle United FC (19),2-0,?,Fulham FC (18)
?,(Sat) 16 Nov 1968 (46),Birmingham City FC (19),1-0,?,Blackpool FC (19)
?,(Sat) 16 Nov 1968 (46),Norwich City FC (18),1-1,?,Oxford United FC (19)
?,(Sat) 16 Nov 1968 (46),Bury FC (18),0-2,?,Sheffield United FC (19)
?,(Sat) 16 Nov 1968 (46),Charlton Athletic FC (19),1-1,?,Hull City AFC (19)
?,(Sat) 16 Nov 1968 (46),Huddersfield Town AFC (19),0-2,?,Millwall FC (19)
?,(Sat) 16 Nov 1968 (46),Preston North End FC (18),1-0,?,Bristol City FC (18)
?,(Sat) 23 Nov 1968 (47),Bolton Wanderers FC (19),0-0,?,Birmingham City FC (20)
?,(Sat) 23 Nov 1968 (47),Hull City AFC (20),2-2,?,Portsmouth FC (20)
?,(Sat) 23 Nov 1968 (47),Blackpool FC (20),6-0,?,Bury FC (19)
?,(Sat) 23 Nov 1968 (47),Oxford United FC (20),0-2,?,Cardiff City FC (20)
?,(Sat) 23 Nov 1968 (47),Aston Villa FC (20),1-0,?,Middlesbrough FC (19)
?,(Sat) 23 Nov 1968 (47),Fulham FC (19),4-3,?,Huddersfield Town AFC (20)
?,(Sat) 23 Nov 1968 (47),Derby County FC (19),3-3,?,Carlisle United FC (20)
?,(Sat) 23 Nov 1968 (47),Bristol City FC (19),0-1,?,Norwich City FC (19)
?,(Sat) 23 Nov 1968 (47),Millwall FC (20),0-2,?,Crystal Palace FC (20)
?,(Sat) 23 Nov 1968 (47),Blackburn Rovers FC (20),0-1,?,Charlton Athletic FC (20)
?,(Sat) 23 Nov 1968 (47),Sheffield United FC (20),4-0,?,Preston North End FC (19)
?,(Mon) 25 Nov 1968 (48),Preston North End FC (20),0-0,?,Fulham FC (20)
?,(Sat) 30 Nov 1968 (48),Huddersfield Town AFC (21),2-1,?,Oxford United FC (21)
?,(Sat) 30 Nov 1968 (48),Charlton Athletic FC (21),5-3,?,Fulham FC (21)
?,(Sat) 30 Nov 1968 (48),Middlesbrough FC (20),2-0,?,Blackburn Rovers FC (21)
?,(Sat) 30 Nov 1968 (48),Crystal Palace FC (21),1-2,?,Derby County FC (20)
?,(Sat) 30 Nov 1968 (48),Portsmouth FC (21),3-0,?,Millwall FC (21)
?,(Sat) 30 Nov 1968 (48),Cardiff City FC (21),4-1,?,Sheffield United FC (21)
?,(Sat) 30 Nov 1968 (48),Birmingham City FC (21),5-2,?,Hull City AFC (21)
?,(Sat) 30 Nov 1968 (48),Bury FC (20),3-2,?,Aston Villa FC (21)
?,(Sat) 30 Nov 1968 (48),Norwich City FC (20),0-1,?,Blackpool FC (21)
?,(Sat) 30 Nov 1968 (48),Preston North End FC (21),1-4,?,Bolton Wanderers FC (20)
?,(Sat) 30 Nov 1968 (48),Carlisle United FC (21),3-0,?,Bristol City FC (20)
?,(Tue) 3 Dec 1968 (49),Middlesbrough FC (21),4-1,?,Bristol City FC (21)
?,(Wed) 4 Dec 1968 (49),Bolton Wanderers FC (21),1-1,?,Norwich City FC (21)
?,(Sat) 7 Dec 1968 (49),Blackburn Rovers FC (22),0-0,?,Huddersfield Town AFC (22)
?,(Sat) 7 Dec 1968 (49),Oxford United FC (22),2-1,?,Preston North End FC (22)
?,(Sat) 7 Dec 1968 (49),Millwall FC (22),1-1,?,Carlisle United FC (22)
?,(Sat) 7 Dec 1968 (49),Aston Villa FC (22),0-0,?,Charlton Athletic FC (22)
?,(Sat) 7 Dec 1968 (49),Hull City AFC (22),2-0,?,Crystal Palace FC (22)
?,(Sat) 7 Dec 1968 (49),Derby County FC (21),1-1,?,Norwich City FC (22)
?,(Sat) 7 Dec 1968 (49),Fulham FC (22),1-5,?,Cardiff City FC (22)
?,(Sat) 7 Dec 1968 (49),Bolton Wanderers FC (22),1-0,?,Portsmouth FC (22)
?,(Sat) 7 Dec 1968 (49),Blackpool FC (22),1-1,?,Middlesbrough FC (22)
?,(Sat) 7 Dec 1968 (49),Sheffield United FC (22),2-0,?,Birmingham City FC (22)
?,(Sat) 7 Dec 1968 (49),Bristol City FC (22),2-1,?,Bury FC (21)
?,(Sat) 14 Dec 1968 (50),Preston North End FC (23),0-0,?,Derby County FC (22)
?,(Sat) 14 Dec 1968 (50),Charlton Athletic FC (23),2-2,?,Bolton Wanderers FC (23)
?,(Sat) 14 Dec 1968 (50),Huddersfield Town AFC (23),0-3,?,Hull City AFC (23)
?,(Sat) 14 Dec 1968 (50),Carlisle United FC (23),4-1,?,Blackburn Rovers FC (23)
?,(Sat) 14 Dec 1968 (50),Norwich City FC (23),2-0,?,Fulham FC (23)
?,(Sat) 14 Dec 1968 (50),Cardiff City FC (23),2-0,?,Millwall FC (23)
?,(Sat) 14 Dec 1968 (50),Bury FC (22),3-1,?,Oxford United FC (23)
?,(Sat) 14 Dec 1968 (50),Portsmouth FC (23),1-0,?,Blackpool FC (23)
?,(Sat) 14 Dec 1968 (50),Crystal Palace FC (23),4-2,?,Aston Villa FC (23)
?,(Sat) 14 Dec 1968 (50),Birmingham City FC (23),2-0,?,Bristol City FC (23)
?,(Fri) 20 Dec 1968 (51),Hull City AFC (24),1-1,?,Preston North End FC (24)
?,(Sat) 21 Dec 1968 (51),Bolton Wanderers FC (24),1-2,?,Cardiff City FC (24)
?,(Sat) 21 Dec 1968 (51),Blackburn Rovers FC (24),3-0,?,Bury FC (23)
?,(Sat) 21 Dec 1968 (51),Blackpool FC (24),1-0,?,Carlisle United FC (24)
?,(Sat) 21 Dec 1968 (51),Derby County FC (23),2-1,?,Portsmouth FC (24)
?,(Sat) 21 Dec 1968 (51),Oxford United FC (24),0-1,?,Charlton Athletic FC (24)
?,(Sat) 21 Dec 1968 (51),Sheffield United FC (23),0-0,?,Huddersfield Town AFC (24)
?,(Sat) 21 Dec 1968 (51),Fulham FC (24),0-3,?,Middlesbrough FC (23)
?,(Sat) 21 Dec 1968 (51),Aston Villa FC (24),2-1,?,Norwich City FC (24)
?,(Sat) 21 Dec 1968 (51),Millwall FC (24),1-3,?,Birmingham City FC (24)
?,(Thu) 26 Dec 1968 (52),Hull City AFC (25),0-1,?,Norwich City FC (25)
?,(Thu) 26 Dec 1968 (52),Aston Villa FC (25),2-0,?,Cardiff City FC (25)
?,(Thu) 26 Dec 1968 (52),Bristol City FC (24),2-0,?,Charlton Athletic FC (25)
?,(Thu) 26 Dec 1968 (52),Sheffield United FC (24),1-1,?,Crystal Palace FC (24)
?,(Thu) 26 Dec 1968 (52),Blackpool FC (25),0-0,?,Huddersfield Town AFC (25)
?,(Thu) 26 Dec 1968 (52),Derby County FC (24),3-2,?,Middlesbrough FC (24)
?,(Thu) 26 Dec 1968 (52),Bolton Wanderers FC (25),0-1,?,Carlisle United FC (25)
?,(Thu) 26 Dec 1968 (52),Millwall FC (25),1-0,?,Bury FC (24)
?,(Thu) 26 Dec 1968 (52),Blackburn Rovers FC (25),1-0,?,Preston North End FC (25)
?,(Thu) 26 Dec 1968 (52),Fulham FC (25),2-0,?,Birmingham City FC (25)
?,(Sat) 28 Dec 1968 (52),Bury FC (25),5-1,?,Fulham FC (26)
?,(Sat) 28 Dec 1968 (52),Carlisle United FC (26),0-1,?,Aston Villa FC (26)
?,(Sat) 28 Dec 1968 (52),Cardiff City FC (26),3-0,?,Hull City AFC (26)
?,(Sat) 28 Dec 1968 (52),Portsmouth FC (25),1-1,?,Bristol City FC (25)
?,(Sat) 11 Jan 1969 (1),Oxford United FC (25),1-2,?,Birmingham City FC (26)
?,(Sat) 11 Jan 1969 (1),Blackpool FC (26),2-3,?,Charlton Athletic FC (26)
?,(Sat) 11 Jan 1969 (1),Derby County FC (25),2-0,?,Bury FC (26)
?,(Sat) 11 Jan 1969 (1),Sheffield United FC (25),2-0,?,Portsmouth FC (26)
?,(Sat) 11 Jan 1969 (1),Millwall FC (26),3-1,?,Norwich City FC (26)
?,(Sat) 11 Jan 1969 (1),Aston Villa FC (27),1-0,?,Huddersfield Town AFC (26)
?,(Sat) 11 Jan 1969 (1),Blackburn Rovers FC (26),1-0,?,Cardiff City FC (27)
?,(Sat) 11 Jan 1969 (1),Bristol City FC (26),3-0,?,Middlesbrough FC (25)
?,(Sat) 11 Jan 1969 (1),Hull City AFC (27),1-2,?,Carlisle United FC (27)
?,(Sat) 11 Jan 1969 (1),Bolton Wanderers FC (26),2-2,?,Crystal Palace FC (25)
?,(Tue) 14 Jan 1969 (2),Birmingham City FC (27),1-1,?,Derby County FC (26)
?,(Sat) 18 Jan 1969 (2),Portsmouth FC (27),3-1,?,Fulham FC (27)
?,(Sat) 18 Jan 1969 (2),Middlesbrough FC (26),1-1,?,Millwall FC (27)
?,(Sat) 18 Jan 1969 (2),Norwich City FC (27),2-0,?,Bolton Wanderers FC (27)
?,(Sat) 18 Jan 1969 (2),Carlisle United FC (28),0-1,?,Sheffield United FC (26)
?,(Sat) 18 Jan 1969 (2),Huddersfield Town AFC (27),4-1,?,Bristol City FC (27)
?,(Sat) 18 Jan 1969 (2),Bury FC (27),0-0,?,Hull City AFC (28)
?,(Sat) 18 Jan 1969 (2),Charlton Athletic FC (27),2-0,?,Derby County FC (27)
?,(Sat) 18 Jan 1969 (2),Preston North End FC (26),1-0,?,Aston Villa FC (28)
?,(Sat) 18 Jan 1969 (2),Birmingham City FC (28),3-1,?,Blackburn Rovers FC (27)
?,(Fri) 24 Jan 1969 (3),Middlesbrough FC (27),2-0,?,Oxford United FC (26)
?,(Sat) 25 Jan 1969 (3),Cardiff City FC (28),3-0,?,Bristol City FC (28)
?,(Sat) 25 Jan 1969 (3),Crystal Palace FC (26),1-2,?,Blackpool FC (27)
?,(Sat) 25 Jan 1969 (3),Bury FC (28),0-1,?,Derby County FC (28)
?,(Tue) 28 Jan 1969 (4),Middlesbrough FC (28),3-1,?,Sheffield United FC (27)
?,(Sat) 1 Feb 1969 (4),Bristol City FC (29),2-1,?,Preston North End FC (27)
?,(Sat) 1 Feb 1969 (4),Blackpool FC (28),2-1,?,Birmingham City FC (29)
?,(Sat) 1 Feb 1969 (4),Fulham FC (28),0-2,?,Carlisle United FC (29)
?,(Sat) 1 Feb 1969 (4),Hull City AFC (29),5-2,?,Charlton Athletic FC (28)
?,(Sat) 1 Feb 1969 (4),Derby County FC (29),2-0,?,Cardiff City FC (29)
?,(Sat) 1 Feb 1969 (4),Bolton Wanderers FC (28),0-0,?,Middlesbrough FC (29)
?,(Sat) 1 Feb 1969 (4),Sheffield United FC (28),5-0,?,Bury FC (29)
?,(Sat) 1 Feb 1969 (4),Oxford United FC (27),0-2,?,Norwich City FC (28)
?,(Sat) 1 Feb 1969 (4),Millwall FC (28),5-1,?,Huddersfield Town AFC (28)
?,(Sat) 1 Feb 1969 (4),Aston Villa FC (29),2-0,?,Portsmouth FC (28)
?,(Sat) 8 Feb 1969 (5),Cardiff City FC (30),5-0,?,Oxford United FC (28)
?,(Sat) 8 Feb 1969 (5),Portsmouth FC (29),1-0,?,Hull City AFC (30)
?,(Wed) 12 Feb 1969 (6),Cardiff City FC (31),1-0,?,Blackpool FC (29)
?,(Sat) 15 Feb 1969 (6),Fulham FC (29),0-1,?,Charlton Athletic FC (29)
?,(Sat) 15 Feb 1969 (6),Oxford United FC (29),3-0,?,Huddersfield Town AFC (29)
?,(Sat) 15 Feb 1969 (6),Millwall FC (29),0-0,?,Portsmouth FC (30)
?,(Sat) 15 Feb 1969 (6),Aston Villa FC (30),1-0,?,Bury FC (30)
?,(Sat) 15 Feb 1969 (6),Bristol City FC (30),3-0,?,Carlisle United FC (30)
?,(Sat) 22 Feb 1969 (7),Middlesbrough FC (30),2-1,?,Blackpool FC (30)
?,(Sat) 22 Feb 1969 (7),Carlisle United FC (31),1-0,?,Millwall FC (30)
?,(Sat) 22 Feb 1969 (7),Charlton Athletic FC (30),1-1,?,Aston Villa FC (31)
?,(Sat) 22 Feb 1969 (7),Crystal Palace FC (27),2-0,?,Hull City AFC (31)
?,(Sat) 22 Feb 1969 (7),Portsmouth FC (31),2-2,?,Bolton Wanderers FC (29)
?,(Sat) 22 Feb 1969 (7),Preston North End FC (28),2-1,?,Oxford United FC (30)
?,(Tue) 25 Feb 1969 (8),Bristol City FC (31),1-1,?,Crystal Palace FC (28)
?,(Wed) 26 Feb 1969 (8),Fulham FC (30),2-1,?,Preston North End FC (29)
?,(Sat) 1 Mar 1969 (8),Bristol City FC (32),6-0,?,Fulham FC (31)
?,(Sat) 1 Mar 1969 (8),Bolton Wanderers FC (30),1-1,?,Oxford United FC (31)
?,(Sat) 1 Mar 1969 (8),Crystal Palace FC (29),3-1,?,Cardiff City FC (32)
?,(Sat) 1 Mar 1969 (8),Portsmouth FC (32),1-2,?,Huddersfield Town AFC (30)
?,(Sat) 1 Mar 1969 (8),Millwall FC (31),3-2,?,Charlton Athletic FC (31)
?,(Sat) 1 Mar 1969 (8),Norwich City FC (29),1-1,?,Birmingham City FC (30)
?,(Sat) 1 Mar 1969 (8),Hull City AFC (32),2-2,?,Blackpool FC (31)
?,(Sat) 1 Mar 1969 (8),Preston North End FC (30),1-2,?,Middlesbrough FC (31)
?,(Sat) 1 Mar 1969 (8),Aston Villa FC (32),3-1,?,Sheffield United FC (29)
?,(Sat) 1 Mar 1969 (8),Derby County FC (30),4-2,?,Blackburn Rovers FC (28)
?,(Sat) 1 Mar 1969 (8),Carlisle United FC (32),2-0,?,Bury FC (31)
?,(Mon) 3 Mar 1969 (9),Preston North End FC (31),0-1,?,Millwall FC (32)
?,(Tue) 4 Mar 1969 (9),Huddersfield Town AFC (31),3-0,?,Bolton Wanderers FC (31)
?,(Tue) 4 Mar 1969 (9),Middlesbrough FC (32),0-0,?,Aston Villa FC (33)
?,(Tue) 4 Mar 1969 (9),Birmingham City FC (31),2-2,?,Sheffield United FC (30)
?,(Wed) 5 Mar 1969 (9),Derby County FC (31),0-1,?,Crystal Palace FC (30)
?,(Wed) 5 Mar 1969 (9),Oxford United FC (32),3-1,?,Portsmouth FC (33)
?,(Fri) 7 Mar 1969 (9),Bury FC (32),2-1,?,Bolton Wanderers FC (32)
?,(Fri) 7 Mar 1969 (9),Cardiff City FC (33),3-1,?,Norwich City FC (30)
?,(Sat) 8 Mar 1969 (9),Sheffield United FC (31),2-1,?,Bristol City FC (33)
?,(Sat) 8 Mar 1969 (9),Blackpool FC (32),2-3,?,Derby County FC (32)
?,(Sat) 8 Mar 1969 (9),Birmingham City FC (32),0-1,?,Crystal Palace FC (31)
?,(Sat) 8 Mar 1969 (9),Blackburn Rovers FC (29),1-1,?,Hull City AFC (33)
?,(Sat) 8 Mar 1969 (9),Oxford United FC (33),1-0,?,Millwall FC (33)
?,(Sat) 8 Mar 1969 (9),Middlesbrough FC (33),1-0,?,Portsmouth FC (34)
?,(Sat) 8 Mar 1969 (9),Fulham FC (32),1-1,?,Aston Villa FC (34)
?,(Sat) 8 Mar 1969 (9),Charlton Athletic FC (32),1-1,?,Carlisle United FC (33)
?,(Sat) 8 Mar 1969 (9),Huddersfield Town AFC (32),1-1,?,Preston North End FC (32)
?,(Tue) 11 Mar 1969 (10),Carlisle United FC (34),1-1,?,Derby County FC (33)
?,(Tue) 11 Mar 1969 (10),Sheffield United FC (32),2-2,?,Cardiff City FC (34)
?,(Fri) 14 Mar 1969 (10),Millwall FC (34),1-0,?,Sheffield United FC (33)
?,(Fri) 14 Mar 1969 (10),Hull City AFC (34),0-0,?,Oxford United FC (34)
?,(Sat) 15 Mar 1969 (10),Crystal Palace FC (32),1-0,?,Bury FC (33)
?,(Sat) 15 Mar 1969 (10),Preston North End FC (33),0-1,?,Cardiff City FC (35)
?,(Sat) 15 Mar 1969 (10),Derby County FC (34),1-0,?,Huddersfield Town AFC (33)
?,(Sat) 15 Mar 1969 (10),Carlisle United FC (35),3-0,?,Middlesbrough FC (34)
?,(Sat) 15 Mar 1969 (10),Portsmouth FC (35),0-0,?,Birmingham City FC (33)
?,(Sat) 15 Mar 1969 (10),Aston Villa FC (35),1-1,?,Blackburn Rovers FC (30)
?,(Sat) 15 Mar 1969 (10),Norwich City FC (31),0-1,?,Charlton Athletic FC (33)
?,(Sat) 15 Mar 1969 (10),Bolton Wanderers FC (33),3-2,?,Fulham FC (33)
?,(Sat) 15 Mar 1969 (10),Bristol City FC (34),1-1,?,Blackpool FC (33)
?,(Mon) 17 Mar 1969 (11),Preston North End FC (34),2-2,?,Sheffield United FC (34)
?,(Wed) 19 Mar 1969 (11),Blackpool FC (34),2-1,?,Norwich City FC (32)
?,(Wed) 19 Mar 1969 (11),Crystal Palace FC (33),4-2,?,Millwall FC (35)
?,(Fri) 21 Mar 1969 (11),Cardiff City FC (36),2-2,?,Portsmouth FC (36)
?,(Fri) 21 Mar 1969 (11),Birmingham City FC (34),3-1,?,Preston North End FC (35)
?,(Sat) 22 Mar 1969 (11),Blackburn Rovers FC (31),1-3,?,Bristol City FC (35)
?,(Sat) 22 Mar 1969 (11),Charlton Athletic FC (34),1-1,?,Crystal Palace FC (34)
?,(Sat) 22 Mar 1969 (11),Huddersfield Town AFC (34),2-0,?,Carlisle United FC (36)
?,(Sat) 22 Mar 1969 (11),Bury FC (34),1-2,?,Norwich City FC (33)
?,(Sat) 22 Mar 1969 (11),Fulham FC (34),2-0,?,Millwall FC (36)
?,(Sat) 22 Mar 1969 (11),Oxford United FC (35),0-2,?,Derby County FC (35)
?,(Sat) 22 Mar 1969 (11),Sheffield United FC (35),5-2,?,Bolton Wanderers FC (34)
?,(Sat) 22 Mar 1969 (11),Middlesbrough FC (35),5-3,?,Hull City AFC (35)
?,(Sat) 22 Mar 1969 (11),Blackpool FC (35),1-1,?,Aston Villa FC (36)
?,(Mon) 24 Mar 1969 (12),Cardiff City FC (37),0-2,?,Fulham FC (35)
?,(Tue) 25 Mar 1969 (12),Charlton Athletic FC (35),2-1,?,Sheffield United FC (36)
?,(Tue) 25 Mar 1969 (12),Blackburn Rovers FC (32),1-1,?,Middlesbrough FC (36)
?,(Tue) 25 Mar 1969 (12),Birmingham City FC (35),5-0,?,Bolton Wanderers FC (35)
?,(Wed) 26 Mar 1969 (12),Bury FC (35),2-0,?,Blackpool FC (36)
?,(Wed) 26 Mar 1969 (12),Crystal Palace FC (35),1-1,?,Oxford United FC (36)
?,(Wed) 26 Mar 1969 (12),Norwich City FC (34),1-1,?,Bristol City FC (36)
?,(Fri) 28 Mar 1969 (12),Millwall FC (37),2-2,?,Blackburn Rovers FC (33)
?,(Sat) 29 Mar 1969 (12),Sheffield United FC (37),1-0,?,Norwich City FC (35)
?,(Sat) 29 Mar 1969 (12),Middlesbrough FC (37),0-0,?,Cardiff City FC (38)
?,(Sat) 29 Mar 1969 (12),Huddersfield Town AFC (35),0-0,?,Birmingham City FC (36)
?,(Sat) 29 Mar 1969 (12),Fulham FC (36),0-1,?,Oxford United FC (37)
?,(Sat) 29 Mar 1969 (12),Aston Villa FC (37),0-1,?,Derby County FC (36)
?,(Sat) 29 Mar 1969 (12),Preston North End FC (36),3-0,?,Bury FC (36)
?,(Sat) 29 Mar 1969 (12),Carlisle United FC (37),1-2,?,Crystal Palace FC (36)
?,(Sat) 29 Mar 1969 (12),Bolton Wanderers FC (36),1-4,?,Blackpool FC (37)
?,(Sat) 29 Mar 1969 (12),Portsmouth FC (37),4-1,?,Charlton Athletic FC (36)
?,(Sat) 29 Mar 1969 (12),Bristol City FC (37),1-1,?,Hull City AFC (36)
?,(Wed) 2 Apr 1969 (13),Fulham FC (37),0-1,?,Derby County FC (37)
?,(Fri) 4 Apr 1969 (13),Charlton Athletic FC (37),4-1,?,Cardiff City FC (39)
?,(Fri) 4 Apr 1969 (13),Oxford United FC (38),2-1,?,Blackburn Rovers FC (34)
?,(Fri) 4 Apr 1969 (13),Crystal Palace FC (37),0-0,?,Middlesbrough FC (38)
?,(Fri) 4 Apr 1969 (13),Millwall FC (38),0-1,?,Aston Villa FC (38)
?,(Sat) 5 Apr 1969 (13),Blackburn Rovers FC (35),2-2,?,Fulham FC (38)
?,(Sat) 5 Apr 1969 (13),Crystal Palace FC (38),3-1,?,Portsmouth FC (38)
?,(Sat) 5 Apr 1969 (13),Norwich City FC (36),1-1,?,Preston North End FC (37)
?,(Sat) 5 Apr 1969 (13),Blackpool FC (38),1-1,?,Sheffield United FC (38)
?,(Sat) 5 Apr 1969 (13),Bury FC (37),1-1,?,Huddersfield Town AFC (36)
?,(Sat) 5 Apr 1969 (13),Birmingham City FC (37),3-0,?,Carlisle United FC (38)
?,(Sat) 5 Apr 1969 (13),Derby County FC (38),5-1,?,Bolton Wanderers FC (37)
?,(Sat) 5 Apr 1969 (13),Charlton Athletic FC (38),2-0,?,Middlesbrough FC (39)
?,(Sat) 5 Apr 1969 (13),Hull City AFC (37),2-0,?,Millwall FC (39)
?,(Sat) 5 Apr 1969 (13),Oxford United FC (39),1-0,?,Aston Villa FC (39)
?,(Mon) 7 Apr 1969 (14),Derby County FC (39),1-0,?,Sheffield United FC (39)
?,(Mon) 7 Apr 1969 (14),Norwich City FC (37),1-0,?,Huddersfield Town AFC (37)
?,(Mon) 7 Apr 1969 (14),Hull City AFC (38),4-0,?,Fulham FC (39)
?,(Mon) 7 Apr 1969 (14),Birmingham City FC (38),0-0,?,Charlton Athletic FC (39)
?,(Mon) 7 Apr 1969 (14),Blackburn Rovers FC (36),3-1,?,Portsmouth FC (39)
?,(Mon) 7 Apr 1969 (14),Carlisle United FC (39),1-0,?,Preston North End FC (38)
?,(Mon) 7 Apr 1969 (14),Blackpool FC (39),1-0,?,Oxford United FC (40)
?,(Mon) 7 Apr 1969 (14),Cardiff City FC (40),2-0,?,Bury FC (38)
?,(Mon) 7 Apr 1969 (14),Bolton Wanderers FC (38),1-0,?,Bristol City FC (38)
?,(Tue) 8 Apr 1969 (14),Middlesbrough FC (40),0-0,?,Norwich City FC (38)
?,(Tue) 8 Apr 1969 (14),Preston North End FC (39),1-0,?,Blackpool FC (40)
?,(Tue) 8 Apr 1969 (14),Sheffield United FC (40),1-1,?,Hull City AFC (39)
?,(Tue) 8 Apr 1969 (14),Huddersfield Town AFC (38),0-0,?,Crystal Palace FC (39)
?,(Tue) 8 Apr 1969 (14),Aston Villa FC (40),1-1,?,Bolton Wanderers FC (39)
?,(Tue) 8 Apr 1969 (14),Bury FC (39),1-2,?,Birmingham City FC (39)
?,(Tue) 8 Apr 1969 (14),Bristol City FC (39),0-0,?,Millwall FC (40)
?,(Wed) 9 Apr 1969 (14),Portsmouth FC (40),2-1,?,Carlisle United FC (40)
?,(Sat) 12 Apr 1969 (14),Fulham FC (40),0-0,?,Blackpool FC (41)
?,(Sat) 12 Apr 1969 (14),Portsmouth FC (41),5-2,?,Norwich City FC (39)
?,(Sat) 12 Apr 1969 (14),Middlesbrough FC (41),2-3,?,Bury FC (40)
?,(Sat) 12 Apr 1969 (14),Sheffield United FC (41),3-0,?,Blackburn Rovers FC (37)
?,(Sat) 12 Apr 1969 (14),Huddersfield Town AFC (39),0-0,?,Charlton Athletic FC (40)
?,(Sat) 12 Apr 1969 (14),Millwall FC (41),0-1,?,Derby County FC (40)
?,(Sat) 12 Apr 1969 (14),Bristol City FC (40),2-0,?,Oxford United FC (41)
?,(Sat) 12 Apr 1969 (14),Preston North End FC (40),0-0,?,Crystal Palace FC (40)
?,(Sat) 12 Apr 1969 (14),Bolton Wanderers FC (40),1-0,?,Hull City AFC (40)
?,(Sat) 12 Apr 1969 (14),Carlisle United FC (41),1-0,?,Cardiff City FC (41)
?,(Sat) 12 Apr 1969 (14),Aston Villa FC (41),1-0,?,Birmingham City FC (40)
?,(Tue) 15 Apr 1969 (15),Charlton Athletic FC (41),4-0,?,Blackburn Rovers FC (38)
?,(Tue) 15 Apr 1969 (15),Bury FC (41),1-2,?,Bristol City FC (41)
?,(Tue) 15 Apr 1969 (15),Huddersfield Town AFC (40),3-0,?,Fulham FC (41)
?,(Tue) 15 Apr 1969 (15),Hull City AFC (41),1-2,?,Birmingham City FC (41)
?,(Wed) 16 Apr 1969 (15),Bolton Wanderers FC (41),0-0,?,Preston North End FC (41)
?,(Wed) 16 Apr 1969 (15),Norwich City FC (40),1-4,?,Derby County FC (41)
?,(Fri) 18 Apr 1969 (15),Bury FC (42),3-2,?,Portsmouth FC (42)
?,(Sat) 19 Apr 1969 (15),Derby County FC (42),5-0,?,Bristol City FC (42)
?,(Sat) 19 Apr 1969 (15),Birmingham City FC (42),3-1,?,Middlesbrough FC (42)
?,(Sat) 19 Apr 1969 (15),Hull City AFC (42),1-0,?,Aston Villa FC (42)
?,(Sat) 19 Apr 1969 (15),Norwich City FC (41),2-1,?,Carlisle United FC (42)
?,(Sat) 19 Apr 1969 (15),Blackburn Rovers FC (39),2-3,?,Bolton Wanderers FC (42)
?,(Sat) 19 Apr 1969 (15),Oxford United FC (42),1-0,?,Sheffield United FC (42)
?,(Sat) 19 Apr 1969 (15),Crystal Palace FC (41),3-2,?,Fulham FC (42)
?,(Sat) 19 Apr 1969 (15),Blackpool FC (42),1-0,?,Millwall FC (42)
?,(Sat) 19 Apr 1969 (15),Cardiff City FC (42),0-2,?,Huddersfield Town AFC (41)
?,(Sat) 19 Apr 1969 (15),Charlton Athletic FC (42),0-1,?,Preston North End FC (42)
?,(Wed) 23 Apr 1969 (16),Norwich City FC (42),3-1,?,Blackburn Rovers FC (40)
?,(Mon) 28 Apr 1969 (17),Blackburn Rovers FC (41),1-2,?,Crystal Palace FC (42)
?,(Wed) 30 Apr 1969 (17),Huddersfield Town AFC (42),2-1,?,Blackburn Rovers FC (42)
