Round,Date,Team 1,FT,HT,Team 2
?,(Sat) 17 Aug 1974 (32),Tranmere Rovers FC (1),0-1,?,AFC Bournemouth (1)
?,(Sat) 17 Aug 1974 (32),Brighton & Hove Albion FC (1),1-0,?,Crystal Palace FC (1)
?,(Sat) 17 Aug 1974 (32),Swindon Town FC (1),0-2,?,Bury FC (1)
?,(Sat) 17 Aug 1974 (32),FC Halifax Town (1),2-2,?,Charlton Athletic FC (1)
?,(Sat) 17 Aug 1974 (32),Colchester United FC (1),1-1,?,Watford FC (1)
?,(Sat) 17 Aug 1974 (32),Southend United FC (1),2-1,?,Chesterfield FC (1)
?,(Sat) 17 Aug 1974 (32),Huddersfield Town AFC (1),1-2,?,Peterborough United FC (1)
?,(Sat) 17 Aug 1974 (32),Gillingham FC (1),2-2,?,Walsall FC (1)
?,(Sat) 17 Aug 1974 (32),Grimsby Town FC (1),1-2,?,Blackburn Rovers FC (1)
?,(Sat) 17 Aug 1974 (32),Preston North End FC (1),1-0,?,Plymouth Argyle FC (1)
?,(Sat) 17 Aug 1974 (32),Wrexham AFC (1),2-2,?,Port Vale FC (1)
?,(Sat) 17 Aug 1974 (32),Hereford United FC (1924-2014) (1),2-0,?,Aldershot Town FC (1)
?,(Sat) 24 Aug 1974 (33),AFC Bournemouth (2),2-0,?,Gillingham FC (2)
?,(Sat) 24 Aug 1974 (33),Walsall FC (2),1-1,?,FC Halifax Town (2)
?,(Sat) 24 Aug 1974 (33),Charlton Athletic FC (2),2-0,?,Hereford United FC (1924-2014) (2)
?,(Sat) 24 Aug 1974 (33),Port Vale FC (2),2-2,?,Swindon Town FC (2)
?,(Sat) 24 Aug 1974 (33),Aldershot Town FC (2),1-0,?,Huddersfield Town AFC (2)
?,(Sat) 24 Aug 1974 (33),Chesterfield FC (2),3-1,?,Wrexham AFC (2)
?,(Sat) 24 Aug 1974 (33),Plymouth Argyle FC (2),2-1,?,Grimsby Town FC (2)
?,(Sat) 24 Aug 1974 (33),Bury FC (2),0-1,?,Southend United FC (2)
?,(Sat) 24 Aug 1974 (33),Watford FC (2),3-2,?,Preston North End FC (2)
?,(Sat) 24 Aug 1974 (33),Peterborough United FC (2),2-0,?,Brighton & Hove Albion FC (2)
?,(Sat) 24 Aug 1974 (33),Crystal Palace FC (2),2-1,?,Tranmere Rovers FC (2)
?,(Sat) 24 Aug 1974 (33),Blackburn Rovers FC (2),3-2,?,Colchester United FC (2)
?,(Fri) 30 Aug 1974 (34),Southend United FC (3),2-1,?,Plymouth Argyle FC (3)
?,(Sat) 31 Aug 1974 (34),Tranmere Rovers FC (3),2-0,?,Aldershot Town FC (3)
?,(Sat) 31 Aug 1974 (34),Huddersfield Town AFC (3),3-1,?,Watford FC (3)
?,(Sat) 31 Aug 1974 (34),Preston North End FC (3),3-2,?,Walsall FC (3)
?,(Sat) 31 Aug 1974 (34),Swindon Town FC (3),2-0,?,Blackburn Rovers FC (3)
?,(Sat) 31 Aug 1974 (34),Brighton & Hove Albion FC (3),2-1,?,Chesterfield FC (3)
?,(Sat) 31 Aug 1974 (34),Hereford United FC (1924-2014) (3),2-0,?,Peterborough United FC (3)
?,(Sat) 31 Aug 1974 (34),Grimsby Town FC (3),3-0,?,Port Vale FC (3)
?,(Sat) 31 Aug 1974 (34),Wrexham AFC (3),3-1,?,Bury FC (3)
?,(Sat) 31 Aug 1974 (34),Colchester United FC (3),1-0,?,AFC Bournemouth (3)
?,(Sat) 31 Aug 1974 (34),FC Halifax Town (3),3-1,?,Crystal Palace FC (3)
?,(Sat) 31 Aug 1974 (34),Gillingham FC (3),0-1,?,Charlton Athletic FC (3)
?,(Mon) 2 Sep 1974 (35),Southend United FC (4),4-0,?,FC Halifax Town (4)
?,(Tue) 3 Sep 1974 (35),Preston North End FC (4),3-0,?,Bury FC (4)
?,(Tue) 3 Sep 1974 (35),Swindon Town FC (4),0-0,?,Tranmere Rovers FC (4)
?,(Wed) 4 Sep 1974 (35),Aldershot Town FC (4),4-3,?,Plymouth Argyle FC (4)
?,(Wed) 4 Sep 1974 (35),Hereford United FC (1924-2014) (4),0-1,?,Watford FC (4)
?,(Sat) 7 Sep 1974 (35),Watford FC (5),2-2,?,FC Halifax Town (5)
?,(Sat) 7 Sep 1974 (35),Aldershot Town FC (5),1-2,?,Preston North End FC (5)
?,(Sat) 7 Sep 1974 (35),Crystal Palace FC (4),6-2,?,Swindon Town FC (5)
?,(Sat) 7 Sep 1974 (35),Walsall FC (4),3-1,?,Hereford United FC (1924-2014) (5)
?,(Sat) 7 Sep 1974 (35),AFC Bournemouth (4),0-0,?,Southend United FC (5)
?,(Sat) 7 Sep 1974 (35),Charlton Athletic FC (4),1-0,?,Huddersfield Town AFC (4)
?,(Sat) 7 Sep 1974 (35),Chesterfield FC (4),1-1,?,Colchester United FC (4)
?,(Sat) 7 Sep 1974 (35),Plymouth Argyle FC (5),4-1,?,Tranmere Rovers FC (5)
?,(Sat) 7 Sep 1974 (35),Peterborough United FC (4),2-1,?,Wrexham AFC (4)
?,(Sat) 7 Sep 1974 (35),Bury FC (5),1-1,?,Grimsby Town FC (4)
?,(Sat) 7 Sep 1974 (35),Port Vale FC (4),2-1,?,Gillingham FC (4)
?,(Sat) 7 Sep 1974 (35),Blackburn Rovers FC (4),1-0,?,Brighton & Hove Albion FC (4)
?,(Fri) 13 Sep 1974 (36),Tranmere Rovers FC (6),1-0,?,Port Vale FC (5)
?,(Fri) 13 Sep 1974 (36),Southend United FC (6),0-1,?,Crystal Palace FC (5)
?,(Sat) 14 Sep 1974 (36),Colchester United FC (5),3-0,?,Charlton Athletic FC (5)
?,(Sat) 14 Sep 1974 (36),FC Halifax Town (6),0-1,?,Bury FC (6)
?,(Sat) 14 Sep 1974 (36),Grimsby Town FC (5),1-2,?,Peterborough United FC (5)
?,(Sat) 14 Sep 1974 (36),Hereford United FC (1924-2014) (6),0-1,?,AFC Bournemouth (5)
?,(Sat) 14 Sep 1974 (36),Preston North End FC (6),0-0,?,Blackburn Rovers FC (5)
?,(Sat) 14 Sep 1974 (36),Wrexham AFC (5),0-0,?,Walsall FC (5)
?,(Sat) 14 Sep 1974 (36),Huddersfield Town AFC (5),2-0,?,Chesterfield FC (5)
?,(Sat) 14 Sep 1974 (36),Gillingham FC (5),0-0,?,Aldershot Town FC (6)
?,(Sat) 14 Sep 1974 (36),Swindon Town FC (6),2-0,?,Plymouth Argyle FC (6)
?,(Sat) 14 Sep 1974 (36),Brighton & Hove Albion FC (5),2-0,?,Watford FC (6)
?,(Mon) 16 Sep 1974 (37),Southend United FC (7),3-0,?,Walsall FC (6)
?,(Tue) 17 Sep 1974 (37),Colchester United FC (6),1-0,?,Plymouth Argyle FC (7)
?,(Tue) 17 Sep 1974 (37),Preston North End FC (7),2-0,?,Charlton Athletic FC (6)
?,(Tue) 17 Sep 1974 (37),Grimsby Town FC (6),2-2,?,Watford FC (7)
?,(Tue) 17 Sep 1974 (37),FC Halifax Town (7),1-3,?,Chesterfield FC (6)
?,(Tue) 17 Sep 1974 (37),Swindon Town FC (7),3-2,?,Aldershot Town FC (7)
?,(Wed) 18 Sep 1974 (37),Brighton & Hove Albion FC (6),1-1,?,Port Vale FC (6)
?,(Wed) 18 Sep 1974 (37),Hereford United FC (1924-2014) (7),2-0,?,Crystal Palace FC (6)
?,(Wed) 18 Sep 1974 (37),Gillingham FC (6),1-0,?,Bury FC (7)
?,(Sat) 21 Sep 1974 (37),Aldershot Town FC (8),0-1,?,Colchester United FC (7)
?,(Sat) 21 Sep 1974 (37),Charlton Athletic FC (7),3-3,?,Swindon Town FC (8)
?,(Sat) 21 Sep 1974 (37),Plymouth Argyle FC (8),1-1,?,Gillingham FC (7)
?,(Sat) 21 Sep 1974 (37),Watford FC (8),2-0,?,Southend United FC (8)
?,(Sat) 21 Sep 1974 (37),AFC Bournemouth (6),2-0,?,Brighton & Hove Albion FC (7)
?,(Sat) 21 Sep 1974 (37),Blackburn Rovers FC (6),1-0,?,FC Halifax Town (8)
?,(Sat) 21 Sep 1974 (37),Chesterfield FC (7),2-0,?,Grimsby Town FC (7)
?,(Sat) 21 Sep 1974 (37),Peterborough United FC (6),0-0,?,Preston North End FC (8)
?,(Sat) 21 Sep 1974 (37),Walsall FC (7),1-0,?,Tranmere Rovers FC (7)
?,(Sat) 21 Sep 1974 (37),Bury FC (8),3-0,?,Huddersfield Town AFC (6)
?,(Sat) 21 Sep 1974 (37),Crystal Palace FC (7),2-0,?,Wrexham AFC (6)
?,(Sat) 21 Sep 1974 (37),Port Vale FC (7),3-0,?,Hereford United FC (1924-2014) (8)
?,(Tue) 24 Sep 1974 (38),Walsall FC (8),2-0,?,Swindon Town FC (9)
?,(Tue) 24 Sep 1974 (38),Crystal Palace FC (8),1-0,?,Preston North End FC (9)
?,(Tue) 24 Sep 1974 (38),Charlton Athletic FC (8),2-1,?,Brighton & Hove Albion FC (8)
?,(Tue) 24 Sep 1974 (38),Bury FC (9),0-0,?,Colchester United FC (8)
?,(Tue) 24 Sep 1974 (38),Plymouth Argyle FC (9),1-0,?,Hereford United FC (1924-2014) (9)
?,(Wed) 25 Sep 1974 (38),Aldershot Town FC (9),1-2,?,Wrexham AFC (7)
?,(Wed) 25 Sep 1974 (38),Chesterfield FC (8),1-0,?,Tranmere Rovers FC (8)
?,(Wed) 25 Sep 1974 (38),Watford FC (9),0-0,?,Gillingham FC (8)
?,(Wed) 25 Sep 1974 (38),Blackburn Rovers FC (7),1-0,?,Southend United FC (9)
?,(Wed) 25 Sep 1974 (38),Peterborough United FC (7),1-1,?,FC Halifax Town (9)
?,(Fri) 27 Sep 1974 (38),Tranmere Rovers FC (9),1-1,?,Blackburn Rovers FC (8)
?,(Fri) 27 Sep 1974 (38),Southend United FC (10),2-1,?,Charlton Athletic FC (9)
?,(Sat) 28 Sep 1974 (38),Preston North End FC (10),5-2,?,AFC Bournemouth (7)
?,(Sat) 28 Sep 1974 (38),Colchester United FC (9),1-2,?,Walsall FC (9)
?,(Sat) 28 Sep 1974 (38),Brighton & Hove Albion FC (9),0-0,?,Bury FC (10)
?,(Sat) 28 Sep 1974 (38),Grimsby Town FC (8),2-0,?,Aldershot Town FC (10)
?,(Sat) 28 Sep 1974 (38),Wrexham AFC (8),5-1,?,Plymouth Argyle FC (10)
?,(Sat) 28 Sep 1974 (38),Gillingham FC (9),1-1,?,Peterborough United FC (8)
?,(Sat) 28 Sep 1974 (38),Hereford United FC (1924-2014) (10),5-0,?,Chesterfield FC (9)
?,(Sat) 28 Sep 1974 (38),FC Halifax Town (10),1-1,?,Port Vale FC (8)
?,(Sat) 28 Sep 1974 (38),Swindon Town FC (10),2-2,?,Watford FC (10)
?,(Sat) 28 Sep 1974 (38),Huddersfield Town AFC (7),0-1,?,Crystal Palace FC (9)
?,(Mon) 30 Sep 1974 (39),Port Vale FC (9),2-2,?,Colchester United FC (10)
?,(Tue) 1 Oct 1974 (39),Walsall FC (10),6-0,?,Brighton & Hove Albion FC (10)
?,(Tue) 1 Oct 1974 (39),Bury FC (11),2-0,?,Preston North End FC (11)
?,(Tue) 1 Oct 1974 (39),Crystal Palace FC (10),3-0,?,Grimsby Town FC (9)
?,(Tue) 1 Oct 1974 (39),Charlton Athletic FC (10),3-3,?,Tranmere Rovers FC (10)
?,(Tue) 1 Oct 1974 (39),Plymouth Argyle FC (11),2-0,?,Huddersfield Town AFC (8)
?,(Wed) 2 Oct 1974 (39),Blackburn Rovers FC (9),4-1,?,Gillingham FC (10)
?,(Wed) 2 Oct 1974 (39),Peterborough United FC (9),1-0,?,Southend United FC (11)
?,(Wed) 2 Oct 1974 (39),Chesterfield FC (10),0-2,?,Swindon Town FC (11)
?,(Wed) 2 Oct 1974 (39),Aldershot Town FC (11),3-1,?,FC Halifax Town (11)
?,(Wed) 2 Oct 1974 (39),Watford FC (11),1-1,?,Hereford United FC (1924-2014) (11)
?,(Wed) 2 Oct 1974 (39),AFC Bournemouth (8),0-2,?,Wrexham AFC (9)
?,(Fri) 4 Oct 1974 (39),Tranmere Rovers FC (11),3-1,?,FC Halifax Town (12)
?,(Sat) 5 Oct 1974 (39),Watford FC (12),2-1,?,Bury FC (12)
?,(Sat) 5 Oct 1974 (39),Grimsby Town FC (10),1-2,?,Huddersfield Town AFC (9)
?,(Sat) 5 Oct 1974 (39),Swindon Town FC (12),2-0,?,Southend United FC (12)
?,(Sat) 5 Oct 1974 (39),Colchester United FC (11),4-2,?,Gillingham FC (11)
?,(Sat) 5 Oct 1974 (39),Brighton & Hove Albion FC (11),3-3,?,Wrexham AFC (10)
?,(Sat) 5 Oct 1974 (39),Plymouth Argyle FC (12),2-1,?,Walsall FC (11)
?,(Sat) 5 Oct 1974 (39),Blackburn Rovers FC (10),1-0,?,AFC Bournemouth (9)
?,(Sat) 5 Oct 1974 (39),Charlton Athletic FC (11),3-0,?,Peterborough United FC (10)
?,(Sat) 5 Oct 1974 (39),Crystal Palace FC (11),1-4,?,Chesterfield FC (11)
?,(Sat) 5 Oct 1974 (39),Hereford United FC (1924-2014) (12),2-2,?,Preston North End FC (12)
?,(Sat) 5 Oct 1974 (39),Aldershot Town FC (12),2-1,?,Port Vale FC (10)
?,(Mon) 7 Oct 1974 (40),Southend United FC (13),1-2,?,Peterborough United FC (11)
?,(Tue) 8 Oct 1974 (40),Walsall FC (12),0-0,?,Port Vale FC (11)
?,(Tue) 8 Oct 1974 (40),Grimsby Town FC (11),3-2,?,Brighton & Hove Albion FC (12)
?,(Fri) 11 Oct 1974 (40),Southend United FC (14),1-0,?,Tranmere Rovers FC (12)
?,(Fri) 11 Oct 1974 (40),Walsall FC (13),3-0,?,Aldershot Town FC (13)
?,(Sat) 12 Oct 1974 (40),FC Halifax Town (13),0-0,?,Swindon Town FC (13)
?,(Sat) 12 Oct 1974 (40),Huddersfield Town AFC (10),1-0,?,Brighton & Hove Albion FC (13)
?,(Sat) 12 Oct 1974 (40),Bury FC (13),2-1,?,Charlton Athletic FC (12)
?,(Sat) 12 Oct 1974 (40),AFC Bournemouth (10),4-0,?,Crystal Palace FC (12)
?,(Sat) 12 Oct 1974 (40),Peterborough United FC (12),1-0,?,Watford FC (13)
?,(Sat) 12 Oct 1974 (40),Port Vale FC (12),2-0,?,Plymouth Argyle FC (13)
?,(Sat) 12 Oct 1974 (40),Preston North End FC (13),0-2,?,Colchester United FC (12)
?,(Sat) 12 Oct 1974 (40),Gillingham FC (12),2-3,?,Hereford United FC (1924-2014) (13)
?,(Sat) 12 Oct 1974 (40),Wrexham AFC (11),2-3,?,Grimsby Town FC (12)
?,(Sat) 12 Oct 1974 (40),Chesterfield FC (12),1-2,?,Blackburn Rovers FC (11)
?,(Tue) 15 Oct 1974 (41),Plymouth Argyle FC (14),1-0,?,Aldershot Town FC (14)
?,(Tue) 15 Oct 1974 (41),FC Halifax Town (14),3-1,?,Southend United FC (15)
?,(Tue) 15 Oct 1974 (41),Colchester United FC (13),2-0,?,Port Vale FC (13)
?,(Wed) 16 Oct 1974 (41),Brighton & Hove Albion FC (14),3-1,?,Grimsby Town FC (13)
?,(Wed) 16 Oct 1974 (41),Peterborough United FC (13),3-1,?,Bury FC (14)
?,(Wed) 16 Oct 1974 (41),Chesterfield FC (13),0-0,?,AFC Bournemouth (11)
?,(Sat) 19 Oct 1974 (41),Watford FC (14),1-0,?,AFC Bournemouth (12)
?,(Sat) 19 Oct 1974 (41),Blackburn Rovers FC (12),2-2,?,Port Vale FC (14)
?,(Sat) 19 Oct 1974 (41),Tranmere Rovers FC (13),1-2,?,Huddersfield Town AFC (11)
?,(Sat) 19 Oct 1974 (41),Brighton & Hove Albion FC (15),0-4,?,Preston North End FC (14)
?,(Sat) 19 Oct 1974 (41),Hereford United FC (1924-2014) (14),0-0,?,FC Halifax Town (15)
?,(Sat) 19 Oct 1974 (41),Aldershot Town FC (15),1-1,?,Bury FC (15)
?,(Sat) 19 Oct 1974 (41),Charlton Athletic FC (13),3-2,?,Chesterfield FC (14)
?,(Sat) 19 Oct 1974 (41),Swindon Town FC (14),2-1,?,Wrexham AFC (12)
?,(Sat) 19 Oct 1974 (41),Crystal Palace FC (13),1-0,?,Walsall FC (14)
?,(Sat) 19 Oct 1974 (41),Grimsby Town FC (14),2-1,?,Gillingham FC (13)
?,(Sat) 19 Oct 1974 (41),Plymouth Argyle FC (15),2-0,?,Peterborough United FC (14)
?,(Mon) 21 Oct 1974 (42),Tranmere Rovers FC (14),3-0,?,Swindon Town FC (15)
?,(Tue) 22 Oct 1974 (42),Charlton Athletic FC (14),4-1,?,Watford FC (15)
?,(Tue) 22 Oct 1974 (42),Crystal Palace FC (14),1-0,?,Blackburn Rovers FC (13)
?,(Tue) 22 Oct 1974 (42),Preston North End FC (15),1-0,?,Gillingham FC (14)
?,(Tue) 22 Oct 1974 (42),Huddersfield Town AFC (12),0-0,?,Wrexham AFC (13)
?,(Wed) 23 Oct 1974 (42),AFC Bournemouth (13),0-1,?,Grimsby Town FC (15)
?,(Wed) 23 Oct 1974 (42),Hereford United FC (1924-2014) (15),3-1,?,Colchester United FC (14)
?,(Fri) 25 Oct 1974 (42),Southend United FC (16),0-0,?,Hereford United FC (1924-2014) (16)
?,(Sat) 26 Oct 1974 (42),Wrexham AFC (14),1-0,?,Tranmere Rovers FC (15)
?,(Sat) 26 Oct 1974 (42),Walsall FC (15),1-3,?,Blackburn Rovers FC (14)
?,(Sat) 26 Oct 1974 (42),Bury FC (16),0-1,?,Plymouth Argyle FC (16)
?,(Sat) 26 Oct 1974 (42),AFC Bournemouth (14),1-2,?,Charlton Athletic FC (15)
?,(Sat) 26 Oct 1974 (42),Preston North End FC (16),2-0,?,Grimsby Town FC (16)
?,(Sat) 26 Oct 1974 (42),Port Vale FC (15),2-1,?,Crystal Palace FC (15)
?,(Sat) 26 Oct 1974 (42),Peterborough United FC (15),1-1,?,Aldershot Town FC (16)
?,(Sat) 26 Oct 1974 (42),Chesterfield FC (15),4-4,?,Watford FC (16)
?,(Sat) 26 Oct 1974 (42),FC Halifax Town (16),1-1,?,Colchester United FC (15)
?,(Sat) 26 Oct 1974 (42),Huddersfield Town AFC (13),2-2,?,Swindon Town FC (16)
?,(Sat) 26 Oct 1974 (42),Gillingham FC (15),2-1,?,Brighton & Hove Albion FC (16)
?,(Tue) 29 Oct 1974 (43),Colchester United FC (16),1-1,?,Southend United FC (17)
?,(Fri) 1 Nov 1974 (43),Southend United FC (18),2-2,?,Gillingham FC (16)
?,(Sat) 2 Nov 1974 (43),Colchester United FC (17),1-1,?,Wrexham AFC (15)
?,(Sat) 2 Nov 1974 (43),AFC Bournemouth (15),1-2,?,Port Vale FC (16)
?,(Sat) 2 Nov 1974 (43),Swindon Town FC (17),3-2,?,Grimsby Town FC (17)
?,(Sat) 2 Nov 1974 (43),Tranmere Rovers FC (16),1-2,?,Brighton & Hove Albion FC (17)
?,(Sat) 2 Nov 1974 (43),Chesterfield FC (16),2-2,?,Walsall FC (16)
?,(Sat) 2 Nov 1974 (43),Charlton Athletic FC (16),0-2,?,Plymouth Argyle FC (17)
?,(Sat) 2 Nov 1974 (43),Crystal Palace FC (16),1-1,?,Peterborough United FC (16)
?,(Sat) 2 Nov 1974 (43),Hereford United FC (1924-2014) (17),1-1,?,Huddersfield Town AFC (14)
?,(Sat) 2 Nov 1974 (43),Blackburn Rovers FC (15),1-0,?,Bury FC (17)
?,(Sat) 2 Nov 1974 (43),FC Halifax Town (17),3-0,?,Preston North End FC (17)
?,(Sat) 2 Nov 1974 (43),Watford FC (17),1-1,?,Aldershot Town FC (17)
?,(Mon) 4 Nov 1974 (44),Wrexham AFC (16),3-0,?,Huddersfield Town AFC (15)
?,(Mon) 4 Nov 1974 (44),Port Vale FC (17),1-1,?,Walsall FC (17)
?,(Tue) 5 Nov 1974 (44),Bury FC (18),3-0,?,Peterborough United FC (17)
?,(Tue) 5 Nov 1974 (44),Swindon Town FC (18),1-0,?,Chesterfield FC (17)
?,(Wed) 6 Nov 1974 (44),Gillingham FC (17),2-1,?,Preston North End FC (18)
?,(Wed) 6 Nov 1974 (44),Watford FC (18),0-2,?,Charlton Athletic FC (17)
?,(Wed) 6 Nov 1974 (44),Colchester United FC (18),1-2,?,Hereford United FC (1924-2014) (18)
?,(Wed) 6 Nov 1974 (44),Blackburn Rovers FC (16),1-1,?,Crystal Palace FC (17)
?,(Sat) 9 Nov 1974 (44),Brighton & Hove Albion FC (18),1-1,?,Swindon Town FC (19)
?,(Sat) 9 Nov 1974 (44),Peterborough United FC (18),1-0,?,Blackburn Rovers FC (17)
?,(Sat) 9 Nov 1974 (44),Preston North End FC (19),1-4,?,Southend United FC (19)
?,(Sat) 9 Nov 1974 (44),Huddersfield Town AFC (16),3-2,?,Colchester United FC (19)
?,(Sat) 9 Nov 1974 (44),Bury FC (19),2-2,?,Crystal Palace FC (18)
?,(Sat) 9 Nov 1974 (44),Walsall FC (18),2-0,?,AFC Bournemouth (16)
?,(Sat) 9 Nov 1974 (44),Port Vale FC (18),3-2,?,Chesterfield FC (18)
?,(Sat) 9 Nov 1974 (44),Plymouth Argyle FC (18),1-1,?,Watford FC (19)
?,(Sat) 9 Nov 1974 (44),Gillingham FC (18),4-0,?,FC Halifax Town (18)
?,(Sat) 9 Nov 1974 (44),Aldershot Town FC (18),3-0,?,Charlton Athletic FC (18)
?,(Sat) 9 Nov 1974 (44),Wrexham AFC (17),2-1,?,Hereford United FC (1924-2014) (19)
?,(Sat) 9 Nov 1974 (44),Grimsby Town FC (18),3-2,?,Tranmere Rovers FC (17)
?,(Fri) 15 Nov 1974 (45),Tranmere Rovers FC (18),3-1,?,Preston North End FC (20)
?,(Fri) 15 Nov 1974 (45),Colchester United FC (20),5-0,?,Grimsby Town FC (19)
?,(Sat) 16 Nov 1974 (45),Swindon Town FC (20),1-0,?,Gillingham FC (19)
?,(Sat) 16 Nov 1974 (45),Southend United FC (20),1-1,?,Wrexham AFC (18)
?,(Sat) 16 Nov 1974 (45),Charlton Athletic FC (19),4-2,?,Walsall FC (19)
?,(Sat) 16 Nov 1974 (45),Blackburn Rovers FC (18),2-0,?,Aldershot Town FC (19)
?,(Sat) 16 Nov 1974 (45),FC Halifax Town (19),2-1,?,Huddersfield Town AFC (17)
?,(Sat) 16 Nov 1974 (45),Crystal Palace FC (19),3-3,?,Plymouth Argyle FC (19)
?,(Sat) 16 Nov 1974 (45),Watford FC (20),3-2,?,Port Vale FC (19)
?,(Sat) 16 Nov 1974 (45),Chesterfield FC (19),2-0,?,Peterborough United FC (19)
?,(Sat) 16 Nov 1974 (45),AFC Bournemouth (17),2-1,?,Bury FC (20)
?,(Sat) 16 Nov 1974 (45),Hereford United FC (1924-2014) (20),2-0,?,Brighton & Hove Albion FC (19)
?,(Mon) 25 Nov 1974 (47),Wrexham AFC (19),1-1,?,Blackburn Rovers FC (19)
?,(Fri) 29 Nov 1974 (47),Southend United FC (21),3-0,?,Grimsby Town FC (20)
?,(Fri) 29 Nov 1974 (47),Tranmere Rovers FC (19),6-1,?,Hereford United FC (1924-2014) (21)
?,(Sat) 30 Nov 1974 (47),FC Halifax Town (20),1-0,?,Brighton & Hove Albion FC (20)
?,(Sat) 30 Nov 1974 (47),Gillingham FC (20),2-1,?,Wrexham AFC (20)
?,(Sat) 30 Nov 1974 (47),Bury FC (21),2-0,?,Walsall FC (20)
?,(Sat) 30 Nov 1974 (47),Chesterfield FC (20),1-2,?,Plymouth Argyle FC (20)
?,(Sat) 30 Nov 1974 (47),AFC Bournemouth (18),1-0,?,Aldershot Town FC (20)
?,(Sat) 30 Nov 1974 (47),Blackburn Rovers FC (20),0-0,?,Watford FC (21)
?,(Sat) 30 Nov 1974 (47),Peterborough United FC (20),0-2,?,Port Vale FC (20)
?,(Sat) 30 Nov 1974 (47),Preston North End FC (21),4-0,?,Huddersfield Town AFC (18)
?,(Sat) 30 Nov 1974 (47),Crystal Palace FC (20),2-1,?,Charlton Athletic FC (20)
?,(Sat) 30 Nov 1974 (47),Swindon Town FC (21),4-1,?,Colchester United FC (21)
?,(Tue) 3 Dec 1974 (48),Huddersfield Town AFC (19),2-2,?,AFC Bournemouth (19)
?,(Fri) 6 Dec 1974 (48),Colchester United FC (22),2-1,?,Tranmere Rovers FC (20)
?,(Sat) 7 Dec 1974 (48),Grimsby Town FC (21),2-1,?,FC Halifax Town (21)
?,(Sat) 7 Dec 1974 (48),Walsall FC (21),0-1,?,Peterborough United FC (21)
?,(Sat) 7 Dec 1974 (48),Wrexham AFC (21),1-1,?,Preston North End FC (22)
?,(Sat) 7 Dec 1974 (48),Aldershot Town FC (21),1-0,?,Chesterfield FC (21)
?,(Sat) 7 Dec 1974 (48),Brighton & Hove Albion FC (21),2-0,?,Southend United FC (22)
?,(Sat) 7 Dec 1974 (48),Port Vale FC (21),1-0,?,Bury FC (22)
?,(Sat) 7 Dec 1974 (48),Watford FC (22),1-2,?,Crystal Palace FC (21)
?,(Sat) 7 Dec 1974 (48),Huddersfield Town AFC (20),0-2,?,Gillingham FC (21)
?,(Sat) 7 Dec 1974 (48),Charlton Athletic FC (21),2-1,?,Blackburn Rovers FC (21)
?,(Sat) 7 Dec 1974 (48),Hereford United FC (1924-2014) (22),2-1,?,Swindon Town FC (22)
?,(Sat) 7 Dec 1974 (48),Plymouth Argyle FC (21),1-0,?,AFC Bournemouth (20)
?,(Sat) 14 Dec 1974 (49),Port Vale FC (22),4-0,?,Huddersfield Town AFC (21)
?,(Fri) 20 Dec 1974 (50),Colchester United FC (23),1-1,?,Crystal Palace FC (22)
?,(Sat) 21 Dec 1974 (50),Swindon Town FC (23),0-1,?,Peterborough United FC (22)
?,(Sat) 21 Dec 1974 (50),Gillingham FC (22),4-0,?,Chesterfield FC (22)
?,(Sat) 21 Dec 1974 (50),Tranmere Rovers FC (21),0-0,?,Bury FC (23)
?,(Sat) 21 Dec 1974 (50),FC Halifax Town (22),3-2,?,AFC Bournemouth (21)
?,(Sat) 21 Dec 1974 (50),Hereford United FC (1924-2014) (23),6-3,?,Blackburn Rovers FC (22)
?,(Sat) 21 Dec 1974 (50),Brighton & Hove Albion FC (22),2-2,?,Plymouth Argyle FC (22)
?,(Sat) 21 Dec 1974 (50),Huddersfield Town AFC (22),3-2,?,Walsall FC (22)
?,(Sat) 21 Dec 1974 (50),Preston North End FC (23),1-0,?,Port Vale FC (23)
?,(Sat) 21 Dec 1974 (50),Wrexham AFC (22),5-1,?,Watford FC (23)
?,(Sat) 21 Dec 1974 (50),Grimsby Town FC (22),1-1,?,Charlton Athletic FC (22)
?,(Mon) 23 Dec 1974 (51),Southend United FC (23),1-1,?,Aldershot Town FC (22)
?,(Thu) 26 Dec 1974 (51),Watford FC (24),1-1,?,Brighton & Hove Albion FC (23)
?,(Thu) 26 Dec 1974 (51),Bury FC (24),4-1,?,FC Halifax Town (23)
?,(Thu) 26 Dec 1974 (51),Peterborough United FC (23),1-3,?,Grimsby Town FC (23)
?,(Thu) 26 Dec 1974 (51),Blackburn Rovers FC (23),3-0,?,Preston North End FC (24)
?,(Thu) 26 Dec 1974 (51),Aldershot Town FC (23),2-1,?,Gillingham FC (23)
?,(Thu) 26 Dec 1974 (51),Crystal Palace FC (23),1-1,?,Southend United FC (24)
?,(Thu) 26 Dec 1974 (51),Chesterfield FC (23),3-0,?,Huddersfield Town AFC (23)
?,(Thu) 26 Dec 1974 (51),Plymouth Argyle FC (23),4-3,?,Swindon Town FC (24)
?,(Thu) 26 Dec 1974 (51),Walsall FC (23),2-1,?,Wrexham AFC (23)
?,(Thu) 26 Dec 1974 (51),AFC Bournemouth (22),2-1,?,Hereford United FC (1924-2014) (24)
?,(Thu) 26 Dec 1974 (51),Port Vale FC (24),1-0,?,Tranmere Rovers FC (22)
?,(Sat) 28 Dec 1974 (51),Preston North End FC (25),2-1,?,Chesterfield FC (24)
?,(Sat) 28 Dec 1974 (51),FC Halifax Town (24),1-1,?,Plymouth Argyle FC (24)
?,(Sat) 28 Dec 1974 (51),Gillingham FC (24),3-1,?,Crystal Palace FC (24)
?,(Sat) 28 Dec 1974 (51),Southend United FC (25),1-3,?,Port Vale FC (25)
?,(Sat) 28 Dec 1974 (51),Colchester United FC (24),4-1,?,Peterborough United FC (24)
?,(Sat) 28 Dec 1974 (51),Swindon Town FC (25),2-1,?,AFC Bournemouth (23)
?,(Sat) 28 Dec 1974 (51),Tranmere Rovers FC (23),2-2,?,Watford FC (25)
?,(Sat) 28 Dec 1974 (51),Grimsby Town FC (24),0-0,?,Walsall FC (24)
?,(Sat) 28 Dec 1974 (51),Brighton & Hove Albion FC (24),2-0,?,Aldershot Town FC (24)
?,(Sat) 28 Dec 1974 (51),Huddersfield Town AFC (24),1-2,?,Blackburn Rovers FC (24)
?,(Sat) 28 Dec 1974 (51),Wrexham AFC (24),0-3,?,Charlton Athletic FC (23)
?,(Sat) 28 Dec 1974 (51),Hereford United FC (1924-2014) (25),1-1,?,Bury FC (25)
?,(Wed) 1 Jan 1975 (0),Charlton Athletic FC (24),4-1,?,Colchester United FC (25)
?,(Sat) 4 Jan 1975 (0),Crystal Palace FC (25),2-2,?,Hereford United FC (1924-2014) (26)
?,(Sat) 4 Jan 1975 (0),Charlton Athletic FC (25),1-1,?,Wrexham AFC (25)
?,(Sat) 4 Jan 1975 (0),Colchester United FC (26),0-0,?,Aldershot Town FC (25)
?,(Sat) 4 Jan 1975 (0),Watford FC (26),3-2,?,Grimsby Town FC (25)
?,(Sat) 4 Jan 1975 (0),AFC Bournemouth (24),1-1,?,Huddersfield Town AFC (25)
?,(Fri) 10 Jan 1975 (1),Tranmere Rovers FC (24),2-0,?,Colchester United FC (27)
?,(Sat) 11 Jan 1975 (1),Southend United FC (26),1-0,?,Brighton & Hove Albion FC (25)
?,(Sat) 11 Jan 1975 (1),Preston North End FC (26),3-1,?,Wrexham AFC (26)
?,(Sat) 11 Jan 1975 (1),AFC Bournemouth (25),3-7,?,Plymouth Argyle FC (25)
?,(Sat) 11 Jan 1975 (1),Bury FC (26),3-1,?,Port Vale FC (26)
?,(Sat) 11 Jan 1975 (1),Peterborough United FC (25),0-0,?,Walsall FC (25)
?,(Sat) 11 Jan 1975 (1),Blackburn Rovers FC (25),3-1,?,Charlton Athletic FC (26)
?,(Sat) 11 Jan 1975 (1),FC Halifax Town (25),1-1,?,Grimsby Town FC (26)
?,(Sat) 11 Jan 1975 (1),Gillingham FC (25),3-2,?,Huddersfield Town AFC (26)
?,(Sat) 11 Jan 1975 (1),Crystal Palace FC (26),1-0,?,Watford FC (27)
?,(Sat) 11 Jan 1975 (1),Swindon Town FC (26),1-0,?,Hereford United FC (1924-2014) (27)
?,(Sat) 11 Jan 1975 (1),Chesterfield FC (25),0-2,?,Aldershot Town FC (26)
?,(Tue) 14 Jan 1975 (2),Walsall FC (26),2-0,?,Grimsby Town FC (27)
?,(Fri) 17 Jan 1975 (2),Charlton Athletic FC (27),1-0,?,Crystal Palace FC (27)
?,(Sat) 18 Jan 1975 (2),Aldershot Town FC (27),1-2,?,AFC Bournemouth (26)
?,(Sat) 18 Jan 1975 (2),Wrexham AFC (27),0-1,?,Gillingham FC (26)
?,(Sat) 18 Jan 1975 (2),Walsall FC (27),3-0,?,Bury FC (27)
?,(Sat) 18 Jan 1975 (2),Port Vale FC (27),1-3,?,Peterborough United FC (26)
?,(Sat) 18 Jan 1975 (2),Grimsby Town FC (28),0-0,?,Southend United FC (27)
?,(Sat) 18 Jan 1975 (2),Huddersfield Town AFC (27),0-1,?,Preston North End FC (27)
?,(Sat) 18 Jan 1975 (2),Hereford United FC (1924-2014) (28),2-0,?,Tranmere Rovers FC (25)
?,(Sat) 18 Jan 1975 (2),Plymouth Argyle FC (26),3-0,?,Chesterfield FC (26)
?,(Sat) 18 Jan 1975 (2),Watford FC (28),0-0,?,Blackburn Rovers FC (26)
?,(Sat) 25 Jan 1975 (3),Brighton & Hove Albion FC (26),2-0,?,Colchester United FC (28)
?,(Sat) 25 Jan 1975 (3),Aldershot Town FC (28),2-1,?,Crystal Palace FC (28)
?,(Sat) 25 Jan 1975 (3),Gillingham FC (27),2-3,?,Tranmere Rovers FC (26)
?,(Fri) 31 Jan 1975 (4),Tranmere Rovers FC (27),3-1,?,Grimsby Town FC (29)
?,(Sat) 1 Feb 1975 (4),Crystal Palace FC (29),2-2,?,Bury FC (28)
?,(Sat) 1 Feb 1975 (4),FC Halifax Town (26),1-1,?,Gillingham FC (28)
?,(Sat) 1 Feb 1975 (4),AFC Bournemouth (27),0-1,?,Walsall FC (28)
?,(Sat) 1 Feb 1975 (4),Chesterfield FC (27),1-0,?,Port Vale FC (28)
?,(Sat) 1 Feb 1975 (4),Charlton Athletic FC (28),3-1,?,Aldershot Town FC (29)
?,(Sat) 1 Feb 1975 (4),Hereford United FC (1924-2014) (29),1-0,?,Wrexham AFC (28)
?,(Sat) 1 Feb 1975 (4),Colchester United FC (29),3-2,?,Huddersfield Town AFC (28)
?,(Sat) 1 Feb 1975 (4),Watford FC (29),1-3,?,Plymouth Argyle FC (27)
?,(Sat) 1 Feb 1975 (4),Southend United FC (28),1-1,?,Preston North End FC (28)
?,(Sat) 1 Feb 1975 (4),Blackburn Rovers FC (27),0-1,?,Peterborough United FC (27)
?,(Tue) 4 Feb 1975 (5),Plymouth Argyle FC (28),2-1,?,Blackburn Rovers FC (28)
?,(Tue) 4 Feb 1975 (5),Wrexham AFC (29),4-0,?,FC Halifax Town (27)
?,(Tue) 4 Feb 1975 (5),Walsall FC (29),3-0,?,Southend United FC (29)
?,(Tue) 4 Feb 1975 (5),Swindon Town FC (27),1-0,?,Brighton & Hove Albion FC (27)
?,(Tue) 4 Feb 1975 (5),Bury FC (29),1-1,?,Chesterfield FC (28)
?,(Sat) 8 Feb 1975 (5),Grimsby Town FC (30),2-0,?,Swindon Town FC (28)
?,(Sat) 8 Feb 1975 (5),Peterborough United FC (28),1-1,?,Crystal Palace FC (30)
?,(Sat) 8 Feb 1975 (5),Port Vale FC (29),0-0,?,AFC Bournemouth (28)
?,(Sat) 8 Feb 1975 (5),Brighton & Hove Albion FC (28),3-1,?,Tranmere Rovers FC (28)
?,(Sat) 8 Feb 1975 (5),Gillingham FC (29),2-1,?,Southend United FC (30)
?,(Sat) 8 Feb 1975 (5),Wrexham AFC (30),2-1,?,Colchester United FC (30)
?,(Sat) 8 Feb 1975 (5),Aldershot Town FC (30),3-1,?,Watford FC (30)
?,(Sat) 8 Feb 1975 (5),Walsall FC (30),2-2,?,Chesterfield FC (29)
?,(Sat) 8 Feb 1975 (5),Preston North End FC (29),1-0,?,FC Halifax Town (28)
?,(Sat) 8 Feb 1975 (5),Huddersfield Town AFC (29),2-1,?,Hereford United FC (1924-2014) (30)
?,(Sat) 8 Feb 1975 (5),Bury FC (30),1-2,?,Blackburn Rovers FC (29)
?,(Sat) 8 Feb 1975 (5),Plymouth Argyle FC (29),1-1,?,Charlton Athletic FC (29)
?,(Tue) 11 Feb 1975 (6),Bury FC (31),0-1,?,Gillingham FC (30)
?,(Wed) 12 Feb 1975 (6),Aldershot Town FC (31),0-1,?,Swindon Town FC (29)
?,(Fri) 14 Feb 1975 (6),Tranmere Rovers FC (29),1-1,?,Gillingham FC (31)
?,(Sat) 15 Feb 1975 (6),Swindon Town FC (30),1-0,?,Preston North End FC (30)
?,(Sat) 15 Feb 1975 (6),Charlton Athletic FC (30),2-2,?,Port Vale FC (30)
?,(Sat) 15 Feb 1975 (6),Chesterfield FC (30),2-0,?,Bury FC (32)
?,(Sat) 15 Feb 1975 (6),Blackburn Rovers FC (30),5-2,?,Plymouth Argyle FC (30)
?,(Sat) 15 Feb 1975 (6),Colchester United FC (31),2-2,?,Brighton & Hove Albion FC (29)
?,(Sat) 15 Feb 1975 (6),Southend United FC (31),1-0,?,Huddersfield Town AFC (30)
?,(Sat) 15 Feb 1975 (6),Hereford United FC (1924-2014) (31),3-2,?,Grimsby Town FC (31)
?,(Sat) 15 Feb 1975 (6),FC Halifax Town (29),1-0,?,Wrexham AFC (31)
?,(Sat) 15 Feb 1975 (6),Crystal Palace FC (31),3-0,?,Aldershot Town FC (32)
?,(Tue) 18 Feb 1975 (7),Preston North End FC (31),2-0,?,Swindon Town FC (31)
?,(Wed) 19 Feb 1975 (7),Walsall FC (31),2-0,?,Watford FC (31)
?,(Wed) 19 Feb 1975 (7),Chesterfield FC (31),1-1,?,FC Halifax Town (30)
?,(Sat) 22 Feb 1975 (7),Preston North End FC (32),1-0,?,Tranmere Rovers FC (30)
?,(Sat) 22 Feb 1975 (7),Peterborough United FC (29),0-2,?,Chesterfield FC (32)
?,(Sat) 22 Feb 1975 (7),Bury FC (33),1-0,?,AFC Bournemouth (29)
?,(Sat) 22 Feb 1975 (7),Wrexham AFC (32),1-1,?,Southend United FC (32)
?,(Sat) 22 Feb 1975 (7),Gillingham FC (32),3-1,?,Swindon Town FC (32)
?,(Sat) 22 Feb 1975 (7),Brighton & Hove Albion FC (30),2-1,?,Hereford United FC (1924-2014) (32)
?,(Sat) 22 Feb 1975 (7),Aldershot Town FC (33),1-1,?,Blackburn Rovers FC (31)
?,(Sat) 22 Feb 1975 (7),Plymouth Argyle FC (31),0-1,?,Crystal Palace FC (32)
?,(Sat) 22 Feb 1975 (7),Port Vale FC (31),0-0,?,Watford FC (32)
?,(Sat) 22 Feb 1975 (7),Grimsby Town FC (32),1-1,?,Colchester United FC (32)
?,(Sat) 22 Feb 1975 (7),Walsall FC (32),0-1,?,Charlton Athletic FC (31)
?,(Sat) 22 Feb 1975 (7),Huddersfield Town AFC (31),1-2,?,FC Halifax Town (31)
?,(Tue) 25 Feb 1975 (8),AFC Bournemouth (30),0-0,?,Chesterfield FC (33)
?,(Fri) 28 Feb 1975 (8),Walsall FC (33),2-0,?,Preston North End FC (33)
?,(Fri) 28 Feb 1975 (8),Crystal Palace FC (33),1-1,?,FC Halifax Town (32)
?,(Fri) 28 Feb 1975 (8),Aldershot Town FC (34),2-0,?,Tranmere Rovers FC (31)
?,(Fri) 28 Feb 1975 (8),Watford FC (33),1-0,?,Huddersfield Town AFC (32)
?,(Fri) 28 Feb 1975 (8),Charlton Athletic FC (32),2-1,?,Gillingham FC (33)
?,(Fri) 28 Feb 1975 (8),Plymouth Argyle FC (32),1-0,?,Southend United FC (33)
?,(Sat) 1 Mar 1975 (8),Blackburn Rovers FC (32),2-0,?,Swindon Town FC (33)
?,(Sat) 1 Mar 1975 (8),Port Vale FC (32),1-0,?,Grimsby Town FC (33)
?,(Sat) 1 Mar 1975 (8),Chesterfield FC (34),2-4,?,Brighton & Hove Albion FC (31)
?,(Sat) 1 Mar 1975 (8),AFC Bournemouth (31),0-2,?,Colchester United FC (33)
?,(Sat) 1 Mar 1975 (8),Bury FC (34),2-2,?,Wrexham AFC (33)
?,(Sat) 1 Mar 1975 (8),Peterborough United FC (30),1-1,?,Hereford United FC (1924-2014) (33)
?,(Mon) 3 Mar 1975 (9),Port Vale FC (33),1-0,?,Charlton Athletic FC (33)
?,(Tue) 4 Mar 1975 (9),Grimsby Town FC (34),0-0,?,Hereford United FC (1924-2014) (34)
?,(Tue) 4 Mar 1975 (9),Colchester United FC (34),2-0,?,Swindon Town FC (34)
?,(Tue) 4 Mar 1975 (9),Huddersfield Town AFC (33),4-1,?,Southend United FC (34)
?,(Fri) 7 Mar 1975 (9),Tranmere Rovers FC (32),1-2,?,Chesterfield FC (35)
?,(Sat) 8 Mar 1975 (9),Wrexham AFC (34),4-0,?,Aldershot Town FC (35)
?,(Sat) 8 Mar 1975 (9),Gillingham FC (34),2-1,?,Watford FC (34)
?,(Sat) 8 Mar 1975 (9),Grimsby Town FC (35),0-0,?,AFC Bournemouth (32)
?,(Sat) 8 Mar 1975 (9),FC Halifax Town (33),2-1,?,Peterborough United FC (31)
?,(Sat) 8 Mar 1975 (9),Preston North End FC (34),1-1,?,Crystal Palace FC (34)
?,(Sat) 8 Mar 1975 (9),Southend United FC (35),2-2,?,Blackburn Rovers FC (33)
?,(Sat) 8 Mar 1975 (9),Swindon Town FC (35),3-0,?,Walsall FC (34)
?,(Sat) 8 Mar 1975 (9),Brighton & Hove Albion FC (32),1-1,?,Charlton Athletic FC (34)
?,(Sat) 8 Mar 1975 (9),Hereford United FC (1924-2014) (35),1-5,?,Plymouth Argyle FC (33)
?,(Sat) 8 Mar 1975 (9),Huddersfield Town AFC (34),3-1,?,Port Vale FC (34)
?,(Sat) 15 Mar 1975 (10),Plymouth Argyle FC (34),0-3,?,Wrexham AFC (35)
?,(Sat) 15 Mar 1975 (10),Chesterfield FC (36),4-1,?,Hereford United FC (1924-2014) (36)
?,(Sat) 15 Mar 1975 (10),Crystal Palace FC (35),1-1,?,Huddersfield Town AFC (35)
?,(Sat) 15 Mar 1975 (10),Peterborough United FC (32),0-0,?,Gillingham FC (35)
?,(Sat) 15 Mar 1975 (10),Bury FC (35),2-1,?,Brighton & Hove Albion FC (33)
?,(Sat) 15 Mar 1975 (10),Aldershot Town FC (36),0-0,?,Grimsby Town FC (36)
?,(Sat) 15 Mar 1975 (10),Watford FC (35),1-0,?,Swindon Town FC (36)
?,(Sat) 15 Mar 1975 (10),Walsall FC (35),5-2,?,Colchester United FC (35)
?,(Sat) 15 Mar 1975 (10),Port Vale FC (35),2-1,?,FC Halifax Town (34)
?,(Sat) 15 Mar 1975 (10),AFC Bournemouth (33),1-0,?,Preston North End FC (35)
?,(Sat) 15 Mar 1975 (10),Blackburn Rovers FC (34),2-1,?,Tranmere Rovers FC (33)
?,(Sat) 15 Mar 1975 (10),Charlton Athletic FC (35),2-1,?,Southend United FC (36)
?,(Mon) 17 Mar 1975 (11),Port Vale FC (36),2-0,?,Wrexham AFC (36)
?,(Tue) 18 Mar 1975 (11),AFC Bournemouth (34),0-0,?,Tranmere Rovers FC (34)
?,(Tue) 18 Mar 1975 (11),Walsall FC (36),1-1,?,Gillingham FC (36)
?,(Tue) 18 Mar 1975 (11),Charlton Athletic FC (36),3-1,?,FC Halifax Town (35)
?,(Tue) 18 Mar 1975 (11),Plymouth Argyle FC (35),2-1,?,Preston North End FC (36)
?,(Tue) 18 Mar 1975 (11),Bury FC (36),0-0,?,Swindon Town FC (37)
?,(Tue) 18 Mar 1975 (11),Crystal Palace FC (36),3-0,?,Brighton & Hove Albion FC (34)
?,(Wed) 19 Mar 1975 (11),Watford FC (36),1-2,?,Colchester United FC (36)
?,(Wed) 19 Mar 1975 (11),Peterborough United FC (33),2-1,?,Huddersfield Town AFC (36)
?,(Wed) 19 Mar 1975 (11),Chesterfield FC (37),1-1,?,Southend United FC (37)
?,(Wed) 19 Mar 1975 (11),Blackburn Rovers FC (35),1-1,?,Grimsby Town FC (37)
?,(Wed) 19 Mar 1975 (11),Aldershot Town FC (37),2-2,?,Hereford United FC (1924-2014) (37)
?,(Fri) 21 Mar 1975 (11),Southend United FC (38),0-0,?,AFC Bournemouth (35)
?,(Fri) 21 Mar 1975 (11),Tranmere Rovers FC (35),1-3,?,Plymouth Argyle FC (36)
?,(Sat) 22 Mar 1975 (11),Hereford United FC (1924-2014) (38),2-0,?,Walsall FC (37)
?,(Sat) 22 Mar 1975 (11),Brighton & Hove Albion FC (35),0-1,?,Blackburn Rovers FC (36)
?,(Sat) 22 Mar 1975 (11),Swindon Town FC (38),1-1,?,Crystal Palace FC (37)
?,(Sat) 22 Mar 1975 (11),FC Halifax Town (36),2-0,?,Watford FC (37)
?,(Sat) 22 Mar 1975 (11),Gillingham FC (37),0-0,?,Port Vale FC (37)
?,(Sat) 22 Mar 1975 (11),Preston North End FC (37),3-1,?,Aldershot Town FC (38)
?,(Sat) 22 Mar 1975 (11),Colchester United FC (37),1-2,?,Chesterfield FC (38)
?,(Sat) 22 Mar 1975 (11),Wrexham AFC (37),1-2,?,Peterborough United FC (34)
?,(Sat) 22 Mar 1975 (11),Huddersfield Town AFC (37),1-3,?,Charlton Athletic FC (37)
?,(Sat) 22 Mar 1975 (11),Grimsby Town FC (38),2-0,?,Bury FC (37)
?,(Tue) 25 Mar 1975 (12),Crystal Palace FC (38),2-1,?,Colchester United FC (38)
?,(Wed) 26 Mar 1975 (12),Brighton & Hove Albion FC (36),2-1,?,AFC Bournemouth (36)
?,(Fri) 28 Mar 1975 (12),Blackburn Rovers FC (37),1-1,?,Huddersfield Town AFC (38)
?,(Fri) 28 Mar 1975 (12),Southend United FC (39),0-0,?,Watford FC (38)
?,(Fri) 28 Mar 1975 (12),Peterborough United FC (35),1-0,?,Colchester United FC (39)
?,(Fri) 28 Mar 1975 (12),Grimsby Town FC (39),2-0,?,Chesterfield FC (39)
?,(Fri) 28 Mar 1975 (12),Plymouth Argyle FC (37),2-0,?,FC Halifax Town (37)
?,(Fri) 28 Mar 1975 (12),Bury FC (38),3-0,?,Hereford United FC (1924-2014) (39)
?,(Fri) 28 Mar 1975 (12),Tranmere Rovers FC (36),3-0,?,Walsall FC (38)
?,(Sat) 29 Mar 1975 (12),AFC Bournemouth (37),0-1,?,FC Halifax Town (38)
?,(Sat) 29 Mar 1975 (12),Chesterfield FC (40),2-1,?,Gillingham FC (38)
?,(Sat) 29 Mar 1975 (12),Peterborough United FC (36),0-0,?,Swindon Town FC (39)
?,(Sat) 29 Mar 1975 (12),Watford FC (39),1-2,?,Wrexham AFC (38)
?,(Sat) 29 Mar 1975 (12),Port Vale FC (38),2-1,?,Preston North End FC (38)
?,(Sat) 29 Mar 1975 (12),Walsall FC (39),2-0,?,Huddersfield Town AFC (39)
?,(Sat) 29 Mar 1975 (12),Blackburn Rovers FC (38),1-0,?,Hereford United FC (1924-2014) (40)
?,(Sat) 29 Mar 1975 (12),Charlton Athletic FC (38),1-1,?,Grimsby Town FC (40)
?,(Sat) 29 Mar 1975 (12),Plymouth Argyle FC (38),2-2,?,Brighton & Hove Albion FC (37)
?,(Sat) 29 Mar 1975 (12),Aldershot Town FC (39),3-0,?,Southend United FC (40)
?,(Sat) 29 Mar 1975 (12),Bury FC (39),3-1,?,Tranmere Rovers FC (37)
?,(Mon) 31 Mar 1975 (13),Gillingham FC (39),2-2,?,Plymouth Argyle FC (39)
?,(Mon) 31 Mar 1975 (13),Aldershot Town FC (40),2-1,?,Brighton & Hove Albion FC (38)
?,(Mon) 31 Mar 1975 (13),Wrexham AFC (39),0-0,?,Crystal Palace FC (39)
?,(Mon) 31 Mar 1975 (13),Hereford United FC (1924-2014) (41),1-0,?,Port Vale FC (39)
?,(Mon) 31 Mar 1975 (13),AFC Bournemouth (38),1-1,?,Swindon Town FC (40)
?,(Mon) 31 Mar 1975 (13),Chesterfield FC (41),0-0,?,Preston North End FC (39)
?,(Tue) 1 Apr 1975 (13),Preston North End FC (40),1-1,?,Peterborough United FC (37)
?,(Tue) 1 Apr 1975 (13),FC Halifax Town (39),1-1,?,Blackburn Rovers FC (39)
?,(Tue) 1 Apr 1975 (13),Port Vale FC (40),0-0,?,Southend United FC (41)
?,(Tue) 1 Apr 1975 (13),Huddersfield Town AFC (40),0-0,?,Bury FC (40)
?,(Tue) 1 Apr 1975 (13),Swindon Town FC (41),2-0,?,Charlton Athletic FC (39)
?,(Thu) 3 Apr 1975 (13),Tranmere Rovers FC (38),0-1,?,Wrexham AFC (40)
?,(Fri) 4 Apr 1975 (13),Colchester United FC (40),2-0,?,FC Halifax Town (40)
?,(Sat) 5 Apr 1975 (13),Hereford United FC (1924-2014) (42),1-0,?,Southend United FC (42)
?,(Sat) 5 Apr 1975 (13),Blackburn Rovers FC (40),3-3,?,Walsall FC (40)
?,(Sat) 5 Apr 1975 (13),Charlton Athletic FC (40),2-3,?,AFC Bournemouth (39)
?,(Sat) 5 Apr 1975 (13),Aldershot Town FC (41),5-0,?,Peterborough United FC (38)
?,(Sat) 5 Apr 1975 (13),Crystal Palace FC (40),1-1,?,Port Vale FC (41)
?,(Sat) 5 Apr 1975 (13),Plymouth Argyle FC (40),2-1,?,Bury FC (41)
?,(Sat) 5 Apr 1975 (13),Brighton & Hove Albion FC (39),4-3,?,Gillingham FC (40)
?,(Sat) 5 Apr 1975 (13),Watford FC (40),2-2,?,Chesterfield FC (42)
?,(Sat) 5 Apr 1975 (13),Grimsby Town FC (41),2-1,?,Preston North End FC (41)
?,(Sat) 5 Apr 1975 (13),Swindon Town FC (42),4-1,?,Huddersfield Town AFC (41)
?,(Mon) 7 Apr 1975 (14),Wrexham AFC (41),1-1,?,AFC Bournemouth (40)
?,(Mon) 7 Apr 1975 (14),Tranmere Rovers FC (39),0-1,?,Charlton Athletic FC (41)
?,(Tue) 8 Apr 1975 (14),Grimsby Town FC (42),2-1,?,Crystal Palace FC (41)
?,(Tue) 8 Apr 1975 (14),Huddersfield Town AFC (42),0-2,?,Plymouth Argyle FC (41)
?,(Tue) 8 Apr 1975 (14),FC Halifax Town (41),1-0,?,Aldershot Town FC (42)
?,(Wed) 9 Apr 1975 (14),Gillingham FC (41),1-1,?,Blackburn Rovers FC (41)
?,(Wed) 9 Apr 1975 (14),Tranmere Rovers FC (40),1-0,?,Peterborough United FC (39)
?,(Wed) 9 Apr 1975 (14),Brighton & Hove Albion FC (40),1-0,?,Walsall FC (41)
?,(Fri) 11 Apr 1975 (14),Southend United FC (43),2-0,?,Swindon Town FC (43)
?,(Sat) 12 Apr 1975 (14),Huddersfield Town AFC (43),1-0,?,Grimsby Town FC (43)
?,(Sat) 12 Apr 1975 (14),Preston North End FC (42),2-2,?,Hereford United FC (1924-2014) (43)
?,(Sat) 12 Apr 1975 (14),FC Halifax Town (42),0-0,?,Tranmere Rovers FC (41)
?,(Sat) 12 Apr 1975 (14),Peterborough United FC (40),1-1,?,Charlton Athletic FC (42)
?,(Sat) 12 Apr 1975 (14),Bury FC (42),1-0,?,Watford FC (41)
?,(Sat) 12 Apr 1975 (14),Walsall FC (42),0-0,?,Plymouth Argyle FC (42)
?,(Sat) 12 Apr 1975 (14),AFC Bournemouth (41),0-0,?,Blackburn Rovers FC (42)
?,(Sat) 12 Apr 1975 (14),Gillingham FC (42),2-1,?,Colchester United FC (41)
?,(Sat) 12 Apr 1975 (14),Chesterfield FC (43),2-1,?,Crystal Palace FC (42)
?,(Sat) 12 Apr 1975 (14),Wrexham AFC (42),2-1,?,Brighton & Hove Albion FC (41)
?,(Sat) 12 Apr 1975 (14),Port Vale FC (42),3-1,?,Aldershot Town FC (43)
?,(Mon) 14 Apr 1975 (15),Watford FC (42),1-0,?,Tranmere Rovers FC (42)
?,(Tue) 15 Apr 1975 (15),Plymouth Argyle FC (43),1-0,?,Colchester United FC (42)
?,(Wed) 16 Apr 1975 (15),Brighton & Hove Albion FC (42),0-0,?,FC Halifax Town (43)
?,(Wed) 16 Apr 1975 (15),Peterborough United FC (41),3-0,?,AFC Bournemouth (42)
?,(Fri) 18 Apr 1975 (15),Tranmere Rovers FC (43),2-1,?,Southend United FC (44)
?,(Sat) 19 Apr 1975 (15),Charlton Athletic FC (43),0-1,?,Bury FC (43)
?,(Sat) 19 Apr 1975 (15),Hereford United FC (1924-2014) (44),1-1,?,Gillingham FC (43)
?,(Sat) 19 Apr 1975 (15),Aldershot Town FC (44),0-0,?,Walsall FC (43)
?,(Sat) 19 Apr 1975 (15),Plymouth Argyle FC (44),1-1,?,Port Vale FC (43)
?,(Sat) 19 Apr 1975 (15),Swindon Town FC (44),3-1,?,FC Halifax Town (44)
?,(Sat) 19 Apr 1975 (15),Colchester United FC (43),2-2,?,Preston North End FC (43)
?,(Sat) 19 Apr 1975 (15),Crystal Palace FC (43),4-1,?,AFC Bournemouth (43)
?,(Sat) 19 Apr 1975 (15),Brighton & Hove Albion FC (43),2-0,?,Huddersfield Town AFC (44)
?,(Sat) 19 Apr 1975 (15),Grimsby Town FC (44),2-0,?,Wrexham AFC (43)
?,(Sat) 19 Apr 1975 (15),Blackburn Rovers FC (43),2-0,?,Chesterfield FC (44)
?,(Sat) 19 Apr 1975 (15),Watford FC (43),0-3,?,Peterborough United FC (42)
?,(Mon) 21 Apr 1975 (16),Southend United FC (45),1-0,?,Bury FC (44)
?,(Mon) 21 Apr 1975 (16),Wrexham AFC (44),0-0,?,Chesterfield FC (45)
?,(Tue) 22 Apr 1975 (16),Swindon Town FC (45),3-2,?,Port Vale FC (44)
?,(Tue) 22 Apr 1975 (16),FC Halifax Town (45),1-0,?,Walsall FC (44)
?,(Tue) 22 Apr 1975 (16),Huddersfield Town AFC (45),2-2,?,Aldershot Town FC (45)
?,(Tue) 22 Apr 1975 (16),Preston North End FC (44),2-2,?,Watford FC (44)
?,(Tue) 22 Apr 1975 (16),Colchester United FC (44),2-0,?,Blackburn Rovers FC (44)
?,(Tue) 22 Apr 1975 (16),Grimsby Town FC (45),1-1,?,Plymouth Argyle FC (45)
?,(Wed) 23 Apr 1975 (16),Gillingham FC (44),1-0,?,AFC Bournemouth (44)
?,(Wed) 23 Apr 1975 (16),Hereford United FC (1924-2014) (45),2-2,?,Charlton Athletic FC (44)
?,(Wed) 23 Apr 1975 (16),Brighton & Hove Albion FC (44),2-0,?,Peterborough United FC (43)
?,(Fri) 25 Apr 1975 (16),Southend United FC (46),1-1,?,Colchester United FC (45)
?,(Fri) 25 Apr 1975 (16),Walsall FC (45),3-0,?,Crystal Palace FC (44)
?,(Sat) 26 Apr 1975 (16),Bury FC (45),2-1,?,Aldershot Town FC (46)
?,(Sat) 26 Apr 1975 (16),Chesterfield FC (46),2-0,?,Charlton Athletic FC (45)
?,(Sat) 26 Apr 1975 (16),Wrexham AFC (45),1-2,?,Swindon Town FC (46)
?,(Sat) 26 Apr 1975 (16),Peterborough United FC (44),1-0,?,Plymouth Argyle FC (46)
?,(Sat) 26 Apr 1975 (16),AFC Bournemouth (45),4-2,?,Watford FC (45)
?,(Sat) 26 Apr 1975 (16),Preston North End FC (45),1-0,?,Brighton & Hove Albion FC (45)
?,(Sat) 26 Apr 1975 (16),FC Halifax Town (46),2-2,?,Hereford United FC (1924-2014) (46)
?,(Sat) 26 Apr 1975 (16),Huddersfield Town AFC (46),0-0,?,Tranmere Rovers FC (44)
?,(Sat) 26 Apr 1975 (16),Port Vale FC (45),1-4,?,Blackburn Rovers FC (45)
?,(Sat) 26 Apr 1975 (16),Gillingham FC (45),2-0,?,Grimsby Town FC (46)
?,(Mon) 28 Apr 1975 (17),Blackburn Rovers FC (46),0-0,?,Wrexham AFC (46)
?,(Mon) 28 Apr 1975 (17),Port Vale FC (46),1-0,?,Brighton & Hove Albion FC (46)
?,(Tue) 29 Apr 1975 (17),Watford FC (46),2-3,?,Walsall FC (46)
?,(Tue) 29 Apr 1975 (17),Charlton Athletic FC (46),3-1,?,Preston North End FC (46)
?,(Tue) 29 Apr 1975 (17),Crystal Palace FC (45),4-0,?,Gillingham FC (46)
?,(Wed) 30 Apr 1975 (17),Peterborough United FC (45),1-2,?,Tranmere Rovers FC (45)
?,(Fri) 2 May 1975 (17),Colchester United FC (46),3-2,?,Bury FC (46)
?,(Mon) 5 May 1975 (18),AFC Bournemouth (46),2-1,?,Peterborough United FC (46)
?,(Wed) 7 May 1975 (18),Tranmere Rovers FC (46),2-0,?,Crystal Palace FC (46)
