Round,Date,Team 1,FT,HT,Team 2
?,(Sat) 23 Aug 1986 (33),Hull City AFC (1),2-0,?,West Bromwich Albion FC (1)
?,(Sat) 23 Aug 1986 (33),Blackburn Rovers FC (1),2-1,?,Leeds United FC (1)
?,(Sat) 23 Aug 1986 (33),Derby County FC (1),0-1,?,Oldham Athletic AFC (1)
?,(Sat) 23 Aug 1986 (33),Reading FC (1),0-1,?,Millwall FC (1)
?,(Sat) 23 Aug 1986 (33),Barnsley FC (1),2-3,?,Crystal Palace FC (1)
?,(Sat) 23 Aug 1986 (33),Sheffield United FC (1),1-1,?,Shrewsbury Town FC (1)
?,(Sat) 23 Aug 1986 (33),Brighton & Hove Albion FC (1),0-0,?,Portsmouth FC (1)
?,(Sat) 23 Aug 1986 (33),Huddersfield Town AFC (1),0-2,?,Sunderland AFC (1)
?,(Sat) 23 Aug 1986 (33),Stoke City FC (1),0-2,?,Birmingham City FC (1)
?,(Sat) 23 Aug 1986 (33),Ipswich Town FC (1),1-1,?,Grimsby Town FC (1)
?,(Sat) 23 Aug 1986 (33),Bradford City AFC (1),2-2,?,Plymouth Argyle FC (1)
?,(Mon) 25 Aug 1986 (34),Birmingham City FC (2),2-1,?,Bradford City AFC (2)
?,(Mon) 25 Aug 1986 (34),West Bromwich Albion FC (2),1-0,?,Sheffield United FC (2)
?,(Mon) 25 Aug 1986 (34),Leeds United FC (2),2-1,?,Stoke City FC (2)
?,(Mon) 25 Aug 1986 (34),Oldham Athletic AFC (2),2-0,?,Barnsley FC (2)
?,(Tue) 26 Aug 1986 (34),Millwall FC (2),0-1,?,Hull City AFC (2)
?,(Sat) 30 Aug 1986 (34),Oldham Athletic AFC (3),0-0,?,Hull City AFC (3)
?,(Sat) 30 Aug 1986 (34),Portsmouth FC (2),1-1,?,Ipswich Town FC (2)
?,(Sat) 30 Aug 1986 (34),Sunderland AFC (2),1-1,?,Brighton & Hove Albion FC (2)
?,(Sat) 30 Aug 1986 (34),Plymouth Argyle FC (2),1-0,?,Reading FC (2)
?,(Sat) 30 Aug 1986 (34),West Bromwich Albion FC (3),1-0,?,Huddersfield Town AFC (2)
?,(Sat) 30 Aug 1986 (34),Shrewsbury Town FC (2),0-1,?,Blackburn Rovers FC (2)
?,(Sat) 30 Aug 1986 (34),Crystal Palace FC (2),1-0,?,Stoke City FC (3)
?,(Sat) 30 Aug 1986 (34),Birmingham City FC (3),1-1,?,Derby County FC (2)
?,(Sat) 30 Aug 1986 (34),Millwall FC (3),1-0,?,Barnsley FC (3)
?,(Sat) 30 Aug 1986 (34),Grimsby Town FC (2),0-0,?,Bradford City AFC (3)
?,(Sat) 30 Aug 1986 (34),Leeds United FC (3),0-1,?,Sheffield United FC (3)
?,(Tue) 2 Sep 1986 (35),Ipswich Town FC (3),0-1,?,Oldham Athletic AFC (4)
?,(Tue) 2 Sep 1986 (35),Stoke City FC (4),1-1,?,West Bromwich Albion FC (4)
?,(Tue) 2 Sep 1986 (35),Hull City AFC (4),0-2,?,Portsmouth FC (3)
?,(Tue) 2 Sep 1986 (35),Barnsley FC (4),0-1,?,Leeds United FC (4)
?,(Tue) 2 Sep 1986 (35),Sheffield United FC (4),2-1,?,Millwall FC (4)
?,(Wed) 3 Sep 1986 (35),Bradford City AFC (4),1-2,?,Crystal Palace FC (3)
?,(Wed) 3 Sep 1986 (35),Brighton & Hove Albion FC (3),2-0,?,Birmingham City FC (4)
?,(Sat) 6 Sep 1986 (35),Stoke City FC (5),2-0,?,Millwall FC (5)
?,(Sat) 6 Sep 1986 (35),Ipswich Town FC (4),1-0,?,Shrewsbury Town FC (3)
?,(Sat) 6 Sep 1986 (35),Blackburn Rovers FC (3),6-1,?,Sunderland AFC (3)
?,(Sat) 6 Sep 1986 (35),Bradford City AFC (5),0-3,?,Oldham Athletic AFC (5)
?,(Sat) 6 Sep 1986 (35),Sheffield United FC (5),1-1,?,Birmingham City FC (5)
?,(Sat) 6 Sep 1986 (35),Reading FC (3),1-1,?,West Bromwich Albion FC (5)
?,(Sat) 6 Sep 1986 (35),Brighton & Hove Albion FC (4),0-1,?,Grimsby Town FC (3)
?,(Sat) 6 Sep 1986 (35),Hull City AFC (5),0-3,?,Plymouth Argyle FC (3)
?,(Sat) 6 Sep 1986 (35),Huddersfield Town AFC (3),1-1,?,Leeds United FC (5)
?,(Sat) 6 Sep 1986 (35),Barnsley FC (5),0-2,?,Portsmouth FC (4)
?,(Sat) 6 Sep 1986 (35),Derby County FC (3),1-0,?,Crystal Palace FC (4)
?,(Tue) 9 Sep 1986 (36),Crystal Palace FC (5),1-0,?,Huddersfield Town AFC (4)
?,(Sat) 13 Sep 1986 (36),Crystal Palace FC (6),1-2,?,Sheffield United FC (6)
?,(Sat) 13 Sep 1986 (36),Portsmouth FC (5),1-0,?,Blackburn Rovers FC (4)
?,(Sat) 13 Sep 1986 (36),Leeds United FC (6),3-2,?,Reading FC (4)
?,(Sat) 13 Sep 1986 (36),Shrewsbury Town FC (4),1-0,?,Barnsley FC (6)
?,(Sat) 13 Sep 1986 (36),Birmingham City FC (6),1-1,?,Huddersfield Town AFC (5)
?,(Sat) 13 Sep 1986 (36),Millwall FC (6),1-2,?,Bradford City AFC (6)
?,(Sat) 13 Sep 1986 (36),Sunderland AFC (4),1-0,?,Hull City AFC (6)
?,(Sat) 13 Sep 1986 (36),West Bromwich Albion FC (6),3-4,?,Ipswich Town FC (5)
?,(Sat) 13 Sep 1986 (36),Oldham Athletic AFC (6),2-0,?,Stoke City FC (6)
?,(Sat) 13 Sep 1986 (36),Grimsby Town FC (4),0-1,?,Derby County FC (4)
?,(Sat) 13 Sep 1986 (36),Plymouth Argyle FC (4),2-2,?,Brighton & Hove Albion FC (5)
?,(Tue) 16 Sep 1986 (37),Shrewsbury Town FC (5),1-0,?,Brighton & Hove Albion FC (6)
?,(Sat) 20 Sep 1986 (37),Reading FC (5),3-1,?,Shrewsbury Town FC (6)
?,(Sat) 20 Sep 1986 (37),Huddersfield Town AFC (6),5-4,?,Oldham Athletic AFC (7)
?,(Sat) 20 Sep 1986 (37),Blackburn Rovers FC (5),0-2,?,Crystal Palace FC (7)
?,(Sat) 20 Sep 1986 (37),Ipswich Town FC (6),1-1,?,Sunderland AFC (5)
?,(Sat) 20 Sep 1986 (37),Stoke City FC (7),1-1,?,Portsmouth FC (6)
?,(Sat) 20 Sep 1986 (37),Bradford City AFC (7),2-0,?,Leeds United FC (7)
?,(Sat) 20 Sep 1986 (37),Sheffield United FC (7),1-2,?,Grimsby Town FC (5)
?,(Sat) 20 Sep 1986 (37),Derby County FC (5),1-1,?,Millwall FC (7)
?,(Sat) 20 Sep 1986 (37),Brighton & Hove Albion FC (7),2-0,?,West Bromwich Albion FC (7)
?,(Sat) 20 Sep 1986 (37),Barnsley FC (7),1-1,?,Plymouth Argyle FC (5)
?,(Sat) 20 Sep 1986 (37),Hull City AFC (7),3-2,?,Birmingham City FC (7)
?,(Sat) 27 Sep 1986 (38),Millwall FC (8),2-2,?,Blackburn Rovers FC (6)
?,(Sat) 27 Sep 1986 (38),Leeds United FC (8),3-0,?,Hull City AFC (8)
?,(Sat) 27 Sep 1986 (38),Portsmouth FC (7),1-0,?,Huddersfield Town AFC (7)
?,(Sat) 27 Sep 1986 (38),Oldham Athletic AFC (8),1-1,?,Brighton & Hove Albion FC (8)
?,(Sat) 27 Sep 1986 (38),Crystal Palace FC (8),1-3,?,Reading FC (6)
?,(Sat) 27 Sep 1986 (38),Shrewsbury Town FC (7),0-1,?,Bradford City AFC (8)
?,(Sat) 27 Sep 1986 (38),Grimsby Town FC (6),0-1,?,Barnsley FC (8)
?,(Sat) 27 Sep 1986 (38),Birmingham City FC (8),2-2,?,Ipswich Town FC (7)
?,(Sat) 27 Sep 1986 (38),Sunderland AFC (6),2-0,?,Stoke City FC (8)
?,(Sat) 27 Sep 1986 (38),West Bromwich Albion FC (8),2-0,?,Derby County FC (6)
?,(Tue) 30 Sep 1986 (39),Blackburn Rovers FC (7),1-2,?,Plymouth Argyle FC (6)
?,(Wed) 1 Oct 1986 (39),Reading FC (7),2-3,?,Grimsby Town FC (7)
?,(Wed) 1 Oct 1986 (39),Derby County FC (7),3-2,?,Sunderland AFC (7)
?,(Sat) 4 Oct 1986 (39),Reading FC (8),4-0,?,Blackburn Rovers FC (8)
?,(Sat) 4 Oct 1986 (39),Crystal Palace FC (9),2-1,?,Millwall FC (9)
?,(Sat) 4 Oct 1986 (39),West Bromwich Albion FC (9),2-0,?,Oldham Athletic AFC (9)
?,(Sat) 4 Oct 1986 (39),Bradford City AFC (9),1-1,?,Sheffield United FC (8)
?,(Sat) 4 Oct 1986 (39),Huddersfield Town AFC (8),2-0,?,Derby County FC (8)
?,(Sat) 4 Oct 1986 (39),Sunderland AFC (8),0-0,?,Portsmouth FC (8)
?,(Sat) 4 Oct 1986 (39),Plymouth Argyle FC (7),1-1,?,Leeds United FC (9)
?,(Sat) 4 Oct 1986 (39),Brighton & Hove Albion FC (9),1-0,?,Stoke City FC (9)
?,(Sat) 4 Oct 1986 (39),Shrewsbury Town FC (8),4-1,?,Grimsby Town FC (8)
?,(Sat) 4 Oct 1986 (39),Hull City AFC (9),2-1,?,Ipswich Town FC (8)
?,(Sat) 4 Oct 1986 (39),Birmingham City FC (9),1-1,?,Barnsley FC (9)
?,(Sat) 11 Oct 1986 (40),Sheffield United FC (9),3-3,?,Reading FC (9)
?,(Sat) 11 Oct 1986 (40),Leeds United FC (10),3-0,?,Crystal Palace FC (10)
?,(Sat) 11 Oct 1986 (40),Derby County FC (9),1-1,?,Hull City AFC (10)
?,(Sat) 11 Oct 1986 (40),Stoke City FC (10),2-0,?,Huddersfield Town AFC (9)
?,(Sat) 11 Oct 1986 (40),Barnsley FC (10),2-0,?,Bradford City AFC (10)
?,(Sat) 11 Oct 1986 (40),Millwall FC (10),4-0,?,Shrewsbury Town FC (9)
?,(Sat) 11 Oct 1986 (40),Blackburn Rovers FC (9),0-1,?,West Bromwich Albion FC (10)
?,(Sat) 11 Oct 1986 (40),Ipswich Town FC (9),1-0,?,Brighton & Hove Albion FC (10)
?,(Sat) 11 Oct 1986 (40),Oldham Athletic AFC (10),1-1,?,Sunderland AFC (9)
?,(Sat) 11 Oct 1986 (40),Grimsby Town FC (9),1-1,?,Plymouth Argyle FC (8)
?,(Sat) 11 Oct 1986 (40),Portsmouth FC (9),2-0,?,Birmingham City FC (10)
?,(Tue) 14 Oct 1986 (41),Plymouth Argyle FC (9),1-0,?,Sheffield United FC (10)
?,(Fri) 17 Oct 1986 (41),Oldham Athletic AFC (11),2-1,?,Millwall FC (11)
?,(Sat) 18 Oct 1986 (41),Stoke City FC (11),1-0,?,Blackburn Rovers FC (10)
?,(Sat) 18 Oct 1986 (41),Leeds United FC (11),3-1,?,Portsmouth FC (10)
?,(Sat) 18 Oct 1986 (41),Hull City AFC (11),0-2,?,Reading FC (10)
?,(Sat) 18 Oct 1986 (41),Bradford City AFC (11),3-4,?,Ipswich Town FC (10)
?,(Sat) 18 Oct 1986 (41),Birmingham City FC (11),4-1,?,Crystal Palace FC (11)
?,(Sat) 18 Oct 1986 (41),West Bromwich Albion FC (11),1-1,?,Grimsby Town FC (10)
?,(Sat) 18 Oct 1986 (41),Shrewsbury Town FC (10),0-1,?,Derby County FC (10)
?,(Sat) 18 Oct 1986 (41),Brighton & Hove Albion FC (11),1-1,?,Barnsley FC (11)
?,(Sat) 18 Oct 1986 (41),Plymouth Argyle FC (10),2-4,?,Sunderland AFC (10)
?,(Sat) 18 Oct 1986 (41),Sheffield United FC (11),0-0,?,Huddersfield Town AFC (10)
?,(Tue) 21 Oct 1986 (42),Huddersfield Town AFC (11),2-1,?,Shrewsbury Town FC (11)
?,(Tue) 21 Oct 1986 (42),Sunderland AFC (11),1-1,?,Reading FC (11)
?,(Tue) 21 Oct 1986 (42),Portsmouth FC (11),3-1,?,Derby County FC (11)
?,(Tue) 21 Oct 1986 (42),Plymouth Argyle FC (11),2-0,?,Ipswich Town FC (11)
?,(Sat) 25 Oct 1986 (42),Derby County FC (12),4-1,?,Brighton & Hove Albion FC (12)
?,(Sat) 25 Oct 1986 (42),Barnsley FC (12),2-2,?,Sheffield United FC (12)
?,(Sat) 25 Oct 1986 (42),Crystal Palace FC (12),2-3,?,Shrewsbury Town FC (12)
?,(Sat) 25 Oct 1986 (42),Ipswich Town FC (12),2-0,?,Stoke City FC (12)
?,(Sat) 25 Oct 1986 (42),Portsmouth FC (12),2-1,?,West Bromwich Albion FC (12)
?,(Sat) 25 Oct 1986 (42),Huddersfield Town AFC (12),1-3,?,Hull City AFC (12)
?,(Sat) 25 Oct 1986 (42),Reading FC (12),2-3,?,Oldham Athletic AFC (12)
?,(Sat) 25 Oct 1986 (42),Grimsby Town FC (11),0-0,?,Leeds United FC (12)
?,(Sat) 25 Oct 1986 (42),Sunderland AFC (12),2-0,?,Birmingham City FC (12)
?,(Sat) 25 Oct 1986 (42),Millwall FC (12),3-1,?,Plymouth Argyle FC (12)
?,(Sat) 1 Nov 1986 (43),Brighton & Hove Albion FC (13),2-1,?,Hull City AFC (13)
?,(Sat) 1 Nov 1986 (43),Leeds United FC (13),1-0,?,Shrewsbury Town FC (13)
?,(Sat) 1 Nov 1986 (43),Sheffield United FC (13),2-1,?,Sunderland AFC (13)
?,(Sat) 1 Nov 1986 (43),Stoke City FC (13),0-2,?,Derby County FC (13)
?,(Sat) 1 Nov 1986 (43),Plymouth Argyle FC (13),3-1,?,Crystal Palace FC (13)
?,(Sat) 1 Nov 1986 (43),Grimsby Town FC (12),1-0,?,Millwall FC (13)
?,(Sat) 1 Nov 1986 (43),Ipswich Town FC (13),3-0,?,Huddersfield Town AFC (13)
?,(Sat) 1 Nov 1986 (43),West Bromwich Albion FC (13),3-2,?,Birmingham City FC (13)
?,(Sat) 1 Nov 1986 (43),Bradford City AFC (12),3-0,?,Reading FC (13)
?,(Sat) 1 Nov 1986 (43),Oldham Athletic AFC (13),0-0,?,Portsmouth FC (13)
?,(Sat) 1 Nov 1986 (43),Barnsley FC (13),1-1,?,Blackburn Rovers FC (11)
?,(Sat) 8 Nov 1986 (44),Huddersfield Town AFC (14),2-1,?,Brighton & Hove Albion FC (14)
?,(Sat) 8 Nov 1986 (44),Birmingham City FC (14),1-3,?,Oldham Athletic AFC (14)
?,(Sat) 8 Nov 1986 (44),Shrewsbury Town FC (14),1-1,?,Plymouth Argyle FC (14)
?,(Sat) 8 Nov 1986 (44),Sunderland AFC (14),0-3,?,West Bromwich Albion FC (14)
?,(Sat) 8 Nov 1986 (44),Reading FC (14),0-0,?,Barnsley FC (14)
?,(Sat) 8 Nov 1986 (44),Millwall FC (14),1-0,?,Leeds United FC (14)
?,(Sat) 8 Nov 1986 (44),Blackburn Rovers FC (12),0-2,?,Sheffield United FC (14)
?,(Sat) 8 Nov 1986 (44),Derby County FC (14),2-1,?,Ipswich Town FC (14)
?,(Sat) 8 Nov 1986 (44),Hull City AFC (14),0-4,?,Stoke City FC (14)
?,(Sat) 8 Nov 1986 (44),Portsmouth FC (14),2-1,?,Bradford City AFC (13)
?,(Sat) 8 Nov 1986 (44),Crystal Palace FC (14),0-3,?,Grimsby Town FC (13)
?,(Sat) 15 Nov 1986 (45),Reading FC (15),2-1,?,Brighton & Hove Albion FC (15)
?,(Sat) 15 Nov 1986 (45),Millwall FC (15),0-2,?,Birmingham City FC (15)
?,(Sat) 15 Nov 1986 (45),Plymouth Argyle FC (15),1-0,?,West Bromwich Albion FC (15)
?,(Sat) 15 Nov 1986 (45),Crystal Palace FC (15),3-3,?,Ipswich Town FC (15)
?,(Sat) 15 Nov 1986 (45),Leeds United FC (15),0-2,?,Oldham Athletic AFC (15)
?,(Sat) 15 Nov 1986 (45),Blackburn Rovers FC (13),0-2,?,Hull City AFC (15)
?,(Sat) 15 Nov 1986 (45),Shrewsbury Town FC (15),1-0,?,Portsmouth FC (15)
?,(Sat) 15 Nov 1986 (45),Bradford City AFC (14),4-3,?,Huddersfield Town AFC (15)
?,(Sat) 15 Nov 1986 (45),Grimsby Town FC (14),1-1,?,Sunderland AFC (15)
?,(Sat) 15 Nov 1986 (45),Barnsley FC (15),0-1,?,Derby County FC (15)
?,(Sat) 15 Nov 1986 (45),Sheffield United FC (15),3-1,?,Stoke City FC (15)
?,(Fri) 21 Nov 1986 (46),Birmingham City FC (16),2-1,?,Leeds United FC (16)
?,(Sat) 22 Nov 1986 (46),Sunderland AFC (16),1-1,?,Shrewsbury Town FC (16)
?,(Sat) 22 Nov 1986 (46),Hull City AFC (16),2-1,?,Bradford City AFC (15)
?,(Sat) 22 Nov 1986 (46),Oldham Athletic AFC (16),1-0,?,Crystal Palace FC (16)
?,(Sat) 22 Nov 1986 (46),West Bromwich Albion FC (16),0-1,?,Millwall FC (16)
?,(Sat) 22 Nov 1986 (46),Stoke City FC (16),3-0,?,Reading FC (16)
?,(Sat) 22 Nov 1986 (46),Portsmouth FC (16),2-1,?,Grimsby Town FC (15)
?,(Sat) 22 Nov 1986 (46),Huddersfield Town AFC (16),1-2,?,Plymouth Argyle FC (16)
?,(Sat) 22 Nov 1986 (46),Derby County FC (16),2-0,?,Sheffield United FC (16)
?,(Sat) 22 Nov 1986 (46),Brighton & Hove Albion FC (16),0-2,?,Blackburn Rovers FC (14)
?,(Sat) 22 Nov 1986 (46),Ipswich Town FC (16),1-0,?,Barnsley FC (16)
?,(Sat) 29 Nov 1986 (47),Shrewsbury Town FC (17),3-0,?,Hull City AFC (17)
?,(Sat) 29 Nov 1986 (47),Grimsby Town FC (16),0-1,?,Birmingham City FC (17)
?,(Sat) 29 Nov 1986 (47),Blackburn Rovers FC (15),0-0,?,Ipswich Town FC (17)
?,(Sat) 29 Nov 1986 (47),Bradford City AFC (16),1-4,?,Stoke City FC (17)
?,(Sat) 29 Nov 1986 (47),Crystal Palace FC (17),2-0,?,Sunderland AFC (17)
?,(Sat) 29 Nov 1986 (47),Leeds United FC (17),2-0,?,Derby County FC (17)
?,(Sat) 29 Nov 1986 (47),Barnsley FC (17),2-2,?,West Bromwich Albion FC (17)
?,(Sat) 29 Nov 1986 (47),Sheffield United FC (17),0-1,?,Brighton & Hove Albion FC (17)
?,(Sat) 29 Nov 1986 (47),Millwall FC (17),1-1,?,Portsmouth FC (17)
?,(Sat) 29 Nov 1986 (47),Plymouth Argyle FC (17),3-2,?,Oldham Athletic AFC (17)
?,(Tue) 2 Dec 1986 (48),Grimsby Town FC (17),1-0,?,Blackburn Rovers FC (16)
?,(Sat) 6 Dec 1986 (48),Birmingham City FC (18),1-1,?,Blackburn Rovers FC (17)
?,(Sat) 6 Dec 1986 (48),Portsmouth FC (18),2-0,?,Crystal Palace FC (18)
?,(Sat) 6 Dec 1986 (48),Stoke City FC (18),1-0,?,Plymouth Argyle FC (18)
?,(Sat) 6 Dec 1986 (48),Sunderland AFC (18),1-1,?,Millwall FC (18)
?,(Sat) 6 Dec 1986 (48),West Bromwich Albion FC (18),3-0,?,Leeds United FC (18)
?,(Sat) 6 Dec 1986 (48),Hull City AFC (18),1-1,?,Grimsby Town FC (18)
?,(Sat) 6 Dec 1986 (48),Derby County FC (18),3-0,?,Reading FC (17)
?,(Sat) 6 Dec 1986 (48),Oldham Athletic AFC (18),3-0,?,Shrewsbury Town FC (18)
?,(Sat) 6 Dec 1986 (48),Ipswich Town FC (18),2-2,?,Sheffield United FC (18)
?,(Sat) 6 Dec 1986 (48),Brighton & Hove Albion FC (18),2-2,?,Bradford City AFC (17)
?,(Fri) 12 Dec 1986 (49),Bradford City AFC (18),1-3,?,West Bromwich Albion FC (19)
?,(Sat) 13 Dec 1986 (49),Shrewsbury Town FC (19),1-0,?,Birmingham City FC (19)
?,(Sat) 13 Dec 1986 (49),Grimsby Town FC (19),1-1,?,Stoke City FC (19)
?,(Sat) 13 Dec 1986 (49),Leeds United FC (19),3-1,?,Brighton & Hove Albion FC (19)
?,(Sat) 13 Dec 1986 (49),Crystal Palace FC (19),5-1,?,Hull City AFC (19)
?,(Sat) 13 Dec 1986 (49),Reading FC (18),1-4,?,Ipswich Town FC (19)
?,(Sat) 13 Dec 1986 (49),Sheffield United FC (19),1-0,?,Portsmouth FC (19)
?,(Sat) 13 Dec 1986 (49),Plymouth Argyle FC (19),1-1,?,Derby County FC (19)
?,(Sat) 13 Dec 1986 (49),Millwall FC (19),4-0,?,Huddersfield Town AFC (17)
?,(Sat) 13 Dec 1986 (49),Barnsley FC (18),1-0,?,Sunderland AFC (19)
?,(Fri) 19 Dec 1986 (50),Birmingham City FC (20),2-1,?,Sheffield United FC (20)
?,(Fri) 19 Dec 1986 (50),West Bromwich Albion FC (20),1-2,?,Reading FC (19)
?,(Fri) 19 Dec 1986 (50),Ipswich Town FC (20),3-0,?,Plymouth Argyle FC (20)
?,(Sat) 20 Dec 1986 (50),Portsmouth FC (20),2-1,?,Barnsley FC (19)
?,(Sat) 20 Dec 1986 (50),Huddersfield Town AFC (18),1-2,?,Crystal Palace FC (20)
?,(Sun) 21 Dec 1986 (50),Derby County FC (20),4-0,?,Grimsby Town FC (20)
?,(Sun) 21 Dec 1986 (50),Sunderland AFC (20),3-0,?,Blackburn Rovers FC (18)
?,(Sun) 21 Dec 1986 (50),Oldham Athletic AFC (19),2-1,?,Bradford City AFC (19)
?,(Sun) 21 Dec 1986 (50),Brighton & Hove Albion FC (20),3-0,?,Shrewsbury Town FC (20)
?,(Sun) 21 Dec 1986 (50),Stoke City FC (20),7-2,?,Leeds United FC (20)
?,(Fri) 26 Dec 1986 (51),Leeds United FC (21),1-1,?,Sunderland AFC (21)
?,(Fri) 26 Dec 1986 (51),Reading FC (20),2-2,?,Birmingham City FC (21)
?,(Fri) 26 Dec 1986 (51),Sheffield United FC (21),4-2,?,Hull City AFC (20)
?,(Fri) 26 Dec 1986 (51),Bradford City AFC (20),0-1,?,Derby County FC (21)
?,(Fri) 26 Dec 1986 (51),Grimsby Town FC (21),2-2,?,Oldham Athletic AFC (20)
?,(Fri) 26 Dec 1986 (51),Shrewsbury Town FC (21),1-0,?,West Bromwich Albion FC (21)
?,(Fri) 26 Dec 1986 (51),Crystal Palace FC (21),2-0,?,Brighton & Hove Albion FC (21)
?,(Fri) 26 Dec 1986 (51),Barnsley FC (20),0-2,?,Stoke City FC (21)
?,(Fri) 26 Dec 1986 (51),Millwall FC (20),1-0,?,Ipswich Town FC (21)
?,(Fri) 26 Dec 1986 (51),Blackburn Rovers FC (19),1-2,?,Huddersfield Town AFC (19)
?,(Fri) 26 Dec 1986 (51),Plymouth Argyle FC (21),2-3,?,Portsmouth FC (21)
?,(Sat) 27 Dec 1986 (51),Hull City AFC (21),0-0,?,Blackburn Rovers FC (20)
?,(Sat) 27 Dec 1986 (51),Sunderland AFC (22),0-1,?,Grimsby Town FC (22)
?,(Sat) 27 Dec 1986 (51),Huddersfield Town AFC (20),5-2,?,Bradford City AFC (21)
?,(Sat) 27 Dec 1986 (51),Derby County FC (22),3-2,?,Barnsley FC (21)
?,(Sat) 27 Dec 1986 (51),Brighton & Hove Albion FC (22),1-1,?,Reading FC (21)
?,(Sat) 27 Dec 1986 (51),West Bromwich Albion FC (22),0-0,?,Plymouth Argyle FC (22)
?,(Sat) 27 Dec 1986 (51),Oldham Athletic AFC (21),0-1,?,Leeds United FC (22)
?,(Sat) 27 Dec 1986 (51),Ipswich Town FC (22),3-0,?,Crystal Palace FC (22)
?,(Sat) 27 Dec 1986 (51),Stoke City FC (22),5-2,?,Sheffield United FC (22)
?,(Mon) 29 Dec 1986 (52),Birmingham City FC (22),1-1,?,Millwall FC (21)
?,(Mon) 29 Dec 1986 (52),Portsmouth FC (22),3-0,?,Shrewsbury Town FC (22)
?,(Thu) 1 Jan 1987 (0),Brighton & Hove Albion FC (23),0-1,?,Millwall FC (22)
?,(Thu) 1 Jan 1987 (0),Ipswich Town FC (23),2-0,?,Leeds United FC (23)
?,(Thu) 1 Jan 1987 (0),Hull City AFC (22),3-4,?,Barnsley FC (22)
?,(Thu) 1 Jan 1987 (0),Huddersfield Town AFC (21),0-0,?,Grimsby Town FC (23)
?,(Thu) 1 Jan 1987 (0),Birmingham City FC (23),3-2,?,Plymouth Argyle FC (23)
?,(Thu) 1 Jan 1987 (0),Oldham Athletic AFC (22),3-1,?,Sheffield United FC (23)
?,(Thu) 1 Jan 1987 (0),West Bromwich Albion FC (23),1-2,?,Crystal Palace FC (23)
?,(Thu) 1 Jan 1987 (0),Portsmouth FC (23),1-0,?,Reading FC (22)
?,(Thu) 1 Jan 1987 (0),Stoke City FC (23),1-0,?,Shrewsbury Town FC (23)
?,(Sat) 3 Jan 1987 (0),Grimsby Town FC (24),1-2,?,Brighton & Hove Albion FC (24)
?,(Sat) 3 Jan 1987 (0),Bradford City AFC (22),0-0,?,Birmingham City FC (24)
?,(Sat) 3 Jan 1987 (0),Sheffield United FC (24),1-1,?,West Bromwich Albion FC (24)
?,(Sat) 3 Jan 1987 (0),Plymouth Argyle FC (24),4-0,?,Hull City AFC (23)
?,(Sat) 3 Jan 1987 (0),Leeds United FC (24),1-1,?,Huddersfield Town AFC (22)
?,(Sat) 3 Jan 1987 (0),Crystal Palace FC (24),1-0,?,Derby County FC (23)
?,(Sat) 3 Jan 1987 (0),Millwall FC (23),1-1,?,Stoke City FC (24)
?,(Sat) 3 Jan 1987 (0),Blackburn Rovers FC (21),1-0,?,Portsmouth FC (24)
?,(Sat) 3 Jan 1987 (0),Shrewsbury Town FC (24),2-1,?,Ipswich Town FC (24)
?,(Sat) 3 Jan 1987 (0),Barnsley FC (23),1-1,?,Oldham Athletic AFC (23)
?,(Sat) 17 Jan 1987 (2),Bradford City AFC (23),4-0,?,Millwall FC (24)
?,(Sat) 17 Jan 1987 (2),Blackburn Rovers FC (22),2-2,?,Grimsby Town FC (25)
?,(Sat) 24 Jan 1987 (3),Plymouth Argyle FC (25),3-2,?,Bradford City AFC (24)
?,(Sat) 24 Jan 1987 (3),Shrewsbury Town FC (25),1-0,?,Sheffield United FC (25)
?,(Sat) 24 Jan 1987 (3),Oldham Athletic AFC (24),1-4,?,Derby County FC (24)
?,(Sat) 24 Jan 1987 (3),Leeds United FC (25),0-0,?,Blackburn Rovers FC (23)
?,(Sat) 24 Jan 1987 (3),Crystal Palace FC (25),0-1,?,Barnsley FC (24)
?,(Sat) 24 Jan 1987 (3),West Bromwich Albion FC (25),1-1,?,Hull City AFC (24)
?,(Sat) 24 Jan 1987 (3),Birmingham City FC (25),0-0,?,Stoke City FC (25)
?,(Sat) 24 Jan 1987 (3),Portsmouth FC (25),1-0,?,Brighton & Hove Albion FC (25)
?,(Sat) 24 Jan 1987 (3),Grimsby Town FC (26),1-1,?,Ipswich Town FC (25)
?,(Sat) 24 Jan 1987 (3),Millwall FC (25),2-1,?,Reading FC (23)
?,(Sat) 24 Jan 1987 (3),Sunderland AFC (23),2-1,?,Huddersfield Town AFC (23)
?,(Sat) 31 Jan 1987 (4),Reading FC (24),1-0,?,Sunderland AFC (24)
?,(Sat) 31 Jan 1987 (4),Blackburn Rovers FC (24),1-0,?,Oldham Athletic AFC (25)
?,(Sat) 7 Feb 1987 (5),Stoke City FC (26),3-1,?,Crystal Palace FC (26)
?,(Sat) 7 Feb 1987 (5),Reading FC (25),2-0,?,Plymouth Argyle FC (26)
?,(Sat) 7 Feb 1987 (5),Derby County FC (25),2-2,?,Birmingham City FC (26)
?,(Sat) 7 Feb 1987 (5),Hull City AFC (25),1-0,?,Oldham Athletic AFC (26)
?,(Sat) 7 Feb 1987 (5),Huddersfield Town AFC (24),2-1,?,West Bromwich Albion FC (26)
?,(Sat) 7 Feb 1987 (5),Sheffield United FC (26),0-0,?,Leeds United FC (26)
?,(Sat) 7 Feb 1987 (5),Brighton & Hove Albion FC (26),0-3,?,Sunderland AFC (25)
?,(Sat) 7 Feb 1987 (5),Barnsley FC (25),1-0,?,Millwall FC (26)
?,(Sat) 7 Feb 1987 (5),Ipswich Town FC (26),0-1,?,Portsmouth FC (26)
?,(Sat) 7 Feb 1987 (5),Blackburn Rovers FC (25),2-1,?,Shrewsbury Town FC (26)
?,(Sat) 7 Feb 1987 (5),Bradford City AFC (25),4-2,?,Grimsby Town FC (27)
?,(Sat) 14 Feb 1987 (6),Leeds United FC (27),2-2,?,Barnsley FC (26)
?,(Sat) 14 Feb 1987 (6),Oldham Athletic AFC (27),2-1,?,Ipswich Town FC (27)
?,(Sat) 14 Feb 1987 (6),Sunderland AFC (26),1-2,?,Derby County FC (26)
?,(Sat) 14 Feb 1987 (6),Millwall FC (27),1-0,?,Sheffield United FC (27)
?,(Sat) 14 Feb 1987 (6),Shrewsbury Town FC (27),1-2,?,Huddersfield Town AFC (25)
?,(Sat) 14 Feb 1987 (6),Birmingham City FC (27),2-0,?,Brighton & Hove Albion FC (27)
?,(Sat) 14 Feb 1987 (6),Plymouth Argyle FC (27),1-1,?,Blackburn Rovers FC (26)
?,(Sat) 14 Feb 1987 (6),Portsmouth FC (27),1-0,?,Hull City AFC (26)
?,(Sat) 14 Feb 1987 (6),West Bromwich Albion FC (27),4-1,?,Stoke City FC (27)
?,(Sat) 14 Feb 1987 (6),Crystal Palace FC (27),1-1,?,Bradford City AFC (26)
?,(Sat) 14 Feb 1987 (6),Grimsby Town FC (28),3-2,?,Reading FC (26)
?,(Tue) 17 Feb 1987 (7),Reading FC (27),3-2,?,Huddersfield Town AFC (26)
?,(Sat) 21 Feb 1987 (7),Blackburn Rovers FC (27),1-0,?,Millwall FC (28)
?,(Sat) 21 Feb 1987 (7),Sheffield United FC (28),2-1,?,Plymouth Argyle FC (28)
?,(Sat) 21 Feb 1987 (7),Reading FC (28),1-0,?,Crystal Palace FC (28)
?,(Sat) 21 Feb 1987 (7),Derby County FC (27),1-1,?,West Bromwich Albion FC (28)
?,(Sat) 21 Feb 1987 (7),Ipswich Town FC (28),3-0,?,Birmingham City FC (28)
?,(Sat) 21 Feb 1987 (7),Huddersfield Town AFC (27),2-0,?,Portsmouth FC (28)
?,(Sat) 21 Feb 1987 (7),Bradford City AFC (27),0-0,?,Shrewsbury Town FC (28)
?,(Sat) 21 Feb 1987 (7),Brighton & Hove Albion FC (28),1-2,?,Oldham Athletic AFC (28)
?,(Tue) 24 Feb 1987 (8),Barnsley FC (27),1-0,?,Grimsby Town FC (29)
?,(Sat) 28 Feb 1987 (8),Sunderland AFC (27),1-0,?,Ipswich Town FC (29)
?,(Sat) 28 Feb 1987 (8),West Bromwich Albion FC (29),0-0,?,Brighton & Hove Albion FC (29)
?,(Sat) 28 Feb 1987 (8),Millwall FC (29),0-1,?,Derby County FC (28)
?,(Sat) 28 Feb 1987 (8),Crystal Palace FC (29),2-0,?,Blackburn Rovers FC (28)
?,(Sat) 28 Feb 1987 (8),Leeds United FC (28),1-0,?,Bradford City AFC (28)
?,(Sat) 28 Feb 1987 (8),Shrewsbury Town FC (29),0-0,?,Reading FC (29)
?,(Sat) 28 Feb 1987 (8),Grimsby Town FC (30),1-0,?,Sheffield United FC (29)
?,(Sat) 28 Feb 1987 (8),Oldham Athletic AFC (29),2-0,?,Huddersfield Town AFC (28)
?,(Sat) 28 Feb 1987 (8),Birmingham City FC (29),0-0,?,Hull City AFC (27)
?,(Sat) 28 Feb 1987 (8),Portsmouth FC (29),3-0,?,Stoke City FC (28)
?,(Sat) 28 Feb 1987 (8),Plymouth Argyle FC (29),2-0,?,Barnsley FC (28)
?,(Tue) 3 Mar 1987 (9),Barnsley FC (29),2-1,?,Shrewsbury Town FC (30)
?,(Tue) 3 Mar 1987 (9),Hull City AFC (28),1-0,?,Sunderland AFC (28)
?,(Tue) 3 Mar 1987 (9),Ipswich Town FC (30),1-0,?,West Bromwich Albion FC (30)
?,(Tue) 3 Mar 1987 (9),Huddersfield Town AFC (29),2-2,?,Birmingham City FC (30)
?,(Wed) 4 Mar 1987 (9),Derby County FC (29),0-0,?,Portsmouth FC (30)
?,(Fri) 6 Mar 1987 (9),Oldham Athletic AFC (30),4-0,?,Reading FC (30)
?,(Sat) 7 Mar 1987 (9),Plymouth Argyle FC (30),1-0,?,Millwall FC (30)
?,(Sat) 7 Mar 1987 (9),Leeds United FC (29),2-0,?,Grimsby Town FC (31)
?,(Sat) 7 Mar 1987 (9),Sheffield United FC (30),1-0,?,Barnsley FC (30)
?,(Sat) 7 Mar 1987 (9),Hull City AFC (29),0-0,?,Huddersfield Town AFC (30)
?,(Sat) 7 Mar 1987 (9),Bradford City AFC (29),2-0,?,Blackburn Rovers FC (29)
?,(Sat) 7 Mar 1987 (9),Brighton & Hove Albion FC (30),0-1,?,Derby County FC (30)
?,(Tue) 10 Mar 1987 (10),Portsmouth FC (31),1-1,?,Leeds United FC (30)
?,(Sat) 14 Mar 1987 (10),Reading FC (31),1-0,?,Hull City AFC (30)
?,(Sat) 14 Mar 1987 (10),Huddersfield Town AFC (31),1-1,?,Sheffield United FC (31)
?,(Sat) 14 Mar 1987 (10),Millwall FC (31),0-0,?,Oldham Athletic AFC (31)
?,(Sat) 14 Mar 1987 (10),Sunderland AFC (29),2-1,?,Plymouth Argyle FC (31)
?,(Sat) 14 Mar 1987 (10),Crystal Palace FC (30),6-0,?,Birmingham City FC (31)
?,(Sat) 14 Mar 1987 (10),Derby County FC (31),3-1,?,Shrewsbury Town FC (31)
?,(Sat) 14 Mar 1987 (10),Barnsley FC (31),3-1,?,Brighton & Hove Albion FC (31)
?,(Sat) 14 Mar 1987 (10),Blackburn Rovers FC (30),2-1,?,Stoke City FC (29)
?,(Sat) 14 Mar 1987 (10),Ipswich Town FC (31),1-0,?,Bradford City AFC (30)
?,(Sat) 14 Mar 1987 (10),Grimsby Town FC (32),3-1,?,West Bromwich Albion FC (31)
?,(Tue) 17 Mar 1987 (11),Stoke City FC (30),3-0,?,Sunderland AFC (30)
?,(Tue) 17 Mar 1987 (11),Sheffield United FC (32),1-0,?,Crystal Palace FC (31)
?,(Wed) 18 Mar 1987 (11),Derby County FC (32),3-2,?,Blackburn Rovers FC (31)
?,(Sat) 21 Mar 1987 (11),Plymouth Argyle FC (32),5-0,?,Grimsby Town FC (33)
?,(Sat) 21 Mar 1987 (11),Hull City AFC (31),1-1,?,Derby County FC (33)
?,(Sat) 21 Mar 1987 (11),Crystal Palace FC (32),1-0,?,Leeds United FC (31)
?,(Sat) 21 Mar 1987 (11),Bradford City AFC (31),0-0,?,Barnsley FC (32)
?,(Sat) 21 Mar 1987 (11),Reading FC (32),2-0,?,Sheffield United FC (33)
?,(Sat) 21 Mar 1987 (11),Sunderland AFC (31),0-2,?,Oldham Athletic AFC (32)
?,(Sat) 21 Mar 1987 (11),Huddersfield Town AFC (32),2-2,?,Stoke City FC (31)
?,(Sat) 21 Mar 1987 (11),Shrewsbury Town FC (32),1-2,?,Millwall FC (32)
?,(Sat) 21 Mar 1987 (11),Brighton & Hove Albion FC (32),1-2,?,Ipswich Town FC (32)
?,(Sat) 21 Mar 1987 (11),West Bromwich Albion FC (32),0-1,?,Blackburn Rovers FC (32)
?,(Sat) 21 Mar 1987 (11),Birmingham City FC (32),0-1,?,Portsmouth FC (32)
?,(Tue) 24 Mar 1987 (12),Shrewsbury Town FC (33),0-0,?,Crystal Palace FC (33)
?,(Tue) 24 Mar 1987 (12),Blackburn Rovers FC (33),2-1,?,Bradford City AFC (32)
?,(Wed) 25 Mar 1987 (12),Stoke City FC (32),0-0,?,Ipswich Town FC (33)
?,(Sat) 28 Mar 1987 (12),Barnsley FC (33),2-2,?,Birmingham City FC (33)
?,(Sat) 28 Mar 1987 (12),Millwall FC (33),0-1,?,Crystal Palace FC (34)
?,(Sat) 28 Mar 1987 (12),Oldham Athletic AFC (33),2-1,?,West Bromwich Albion FC (33)
?,(Sat) 28 Mar 1987 (12),Grimsby Town FC (34),0-1,?,Shrewsbury Town FC (34)
?,(Sat) 28 Mar 1987 (12),Leeds United FC (32),4-0,?,Plymouth Argyle FC (33)
?,(Sat) 28 Mar 1987 (12),Stoke City FC (33),1-1,?,Brighton & Hove Albion FC (33)
?,(Sat) 28 Mar 1987 (12),Sheffield United FC (34),2-2,?,Bradford City AFC (33)
?,(Sat) 28 Mar 1987 (12),Portsmouth FC (33),3-1,?,Sunderland AFC (32)
?,(Sat) 28 Mar 1987 (12),Ipswich Town FC (34),0-0,?,Hull City AFC (32)
?,(Tue) 31 Mar 1987 (13),Birmingham City FC (34),2-0,?,Sunderland AFC (33)
?,(Tue) 31 Mar 1987 (13),Huddersfield Town AFC (33),2-2,?,Barnsley FC (34)
?,(Fri) 3 Apr 1987 (13),Brighton & Hove Albion FC (34),1-1,?,Huddersfield Town AFC (34)
?,(Sat) 4 Apr 1987 (13),Sheffield United FC (35),4-1,?,Blackburn Rovers FC (34)
?,(Sat) 4 Apr 1987 (13),Grimsby Town FC (35),0-1,?,Crystal Palace FC (35)
?,(Sat) 4 Apr 1987 (13),Ipswich Town FC (35),0-2,?,Derby County FC (34)
?,(Sat) 4 Apr 1987 (13),Plymouth Argyle FC (34),3-2,?,Shrewsbury Town FC (35)
?,(Sat) 4 Apr 1987 (13),Oldham Athletic AFC (34),2-2,?,Birmingham City FC (35)
?,(Sat) 4 Apr 1987 (13),Leeds United FC (33),2-0,?,Millwall FC (34)
?,(Sat) 4 Apr 1987 (13),Bradford City AFC (34),1-0,?,Portsmouth FC (34)
?,(Sat) 4 Apr 1987 (13),Barnsley FC (35),2-0,?,Reading FC (33)
?,(Sat) 4 Apr 1987 (13),West Bromwich Albion FC (34),2-2,?,Sunderland AFC (34)
?,(Sat) 4 Apr 1987 (13),Stoke City FC (34),1-1,?,Hull City AFC (33)
?,(Tue) 7 Apr 1987 (14),Brighton & Hove Albion FC (35),1-1,?,Plymouth Argyle FC (35)
?,(Wed) 8 Apr 1987 (14),Hull City AFC (34),0-0,?,Leeds United FC (34)
?,(Wed) 8 Apr 1987 (14),Derby County FC (35),2-0,?,Huddersfield Town AFC (35)
?,(Sat) 11 Apr 1987 (14),Crystal Palace FC (36),0-0,?,Plymouth Argyle FC (36)
?,(Sat) 11 Apr 1987 (14),Millwall FC (35),1-0,?,Grimsby Town FC (36)
?,(Sat) 11 Apr 1987 (14),Derby County FC (36),0-0,?,Stoke City FC (35)
?,(Sat) 11 Apr 1987 (14),Reading FC (34),0-1,?,Bradford City AFC (35)
?,(Sat) 11 Apr 1987 (14),Huddersfield Town AFC (36),1-2,?,Ipswich Town FC (36)
?,(Sat) 11 Apr 1987 (14),Sunderland AFC (35),1-2,?,Sheffield United FC (36)
?,(Sat) 11 Apr 1987 (14),Portsmouth FC (35),3-0,?,Oldham Athletic AFC (35)
?,(Sat) 11 Apr 1987 (14),Blackburn Rovers FC (35),4-2,?,Barnsley FC (36)
?,(Sun) 12 Apr 1987 (14),Birmingham City FC (36),0-1,?,West Bromwich Albion FC (35)
?,(Tue) 14 Apr 1987 (15),Blackburn Rovers FC (36),0-0,?,Reading FC (35)
?,(Tue) 14 Apr 1987 (15),Hull City AFC (35),2-1,?,Millwall FC (36)
?,(Tue) 14 Apr 1987 (15),Shrewsbury Town FC (36),0-2,?,Leeds United FC (35)
?,(Fri) 17 Apr 1987 (15),Blackburn Rovers FC (37),3-1,?,Derby County FC (37)
?,(Sat) 18 Apr 1987 (15),Shrewsbury Town FC (37),4-1,?,Stoke City FC (36)
?,(Sat) 18 Apr 1987 (15),Sheffield United FC (37),2-0,?,Oldham Athletic AFC (36)
?,(Sat) 18 Apr 1987 (15),Grimsby Town FC (37),0-1,?,Huddersfield Town AFC (37)
?,(Sat) 18 Apr 1987 (15),Plymouth Argyle FC (37),0-0,?,Birmingham City FC (37)
?,(Sat) 18 Apr 1987 (15),Bradford City AFC (36),3-2,?,Sunderland AFC (36)
?,(Sat) 18 Apr 1987 (15),Millwall FC (37),3-1,?,Brighton & Hove Albion FC (36)
?,(Sat) 18 Apr 1987 (15),Barnsley FC (37),1-1,?,Hull City AFC (36)
?,(Sat) 18 Apr 1987 (15),Crystal Palace FC (37),1-1,?,West Bromwich Albion FC (36)
?,(Sat) 18 Apr 1987 (15),Leeds United FC (36),3-2,?,Ipswich Town FC (37)
?,(Sat) 18 Apr 1987 (15),Reading FC (36),2-2,?,Portsmouth FC (36)
?,(Mon) 20 Apr 1987 (16),Hull City AFC (37),0-0,?,Sheffield United FC (38)
?,(Mon) 20 Apr 1987 (16),Stoke City FC (37),1-2,?,Barnsley FC (38)
?,(Mon) 20 Apr 1987 (16),Derby County FC (38),1-0,?,Bradford City AFC (37)
?,(Mon) 20 Apr 1987 (16),West Bromwich Albion FC (37),1-2,?,Shrewsbury Town FC (38)
?,(Mon) 20 Apr 1987 (16),Sunderland AFC (37),1-1,?,Leeds United FC (37)
?,(Mon) 20 Apr 1987 (16),Portsmouth FC (37),0-1,?,Plymouth Argyle FC (38)
?,(Mon) 20 Apr 1987 (16),Brighton & Hove Albion FC (37),2-0,?,Crystal Palace FC (38)
?,(Mon) 20 Apr 1987 (16),Birmingham City FC (38),1-1,?,Reading FC (37)
?,(Mon) 20 Apr 1987 (16),Huddersfield Town AFC (38),1-2,?,Blackburn Rovers FC (38)
?,(Tue) 21 Apr 1987 (16),Ipswich Town FC (38),0-0,?,Millwall FC (38)
?,(Tue) 21 Apr 1987 (16),Oldham Athletic AFC (37),1-1,?,Grimsby Town FC (38)
?,(Wed) 22 Apr 1987 (16),Reading FC (38),2-1,?,Leeds United FC (38)
?,(Sat) 25 Apr 1987 (16),Shrewsbury Town FC (39),0-1,?,Sunderland AFC (38)
?,(Sat) 25 Apr 1987 (16),Reading FC (39),0-1,?,Stoke City FC (38)
?,(Sat) 25 Apr 1987 (16),Grimsby Town FC (39),0-2,?,Portsmouth FC (38)
?,(Sat) 25 Apr 1987 (16),Leeds United FC (39),4-0,?,Birmingham City FC (39)
?,(Sat) 25 Apr 1987 (16),Plymouth Argyle FC (39),1-1,?,Huddersfield Town AFC (39)
?,(Sat) 25 Apr 1987 (16),Barnsley FC (39),2-1,?,Ipswich Town FC (39)
?,(Sat) 25 Apr 1987 (16),Bradford City AFC (38),2-0,?,Hull City AFC (38)
?,(Sat) 25 Apr 1987 (16),Millwall FC (39),0-1,?,West Bromwich Albion FC (38)
?,(Sat) 25 Apr 1987 (16),Crystal Palace FC (39),2-1,?,Oldham Athletic AFC (38)
?,(Sat) 25 Apr 1987 (16),Blackburn Rovers FC (39),1-1,?,Brighton & Hove Albion FC (38)
?,(Sat) 25 Apr 1987 (16),Sheffield United FC (39),0-1,?,Derby County FC (39)
?,(Tue) 28 Apr 1987 (17),Stoke City FC (39),0-2,?,Oldham Athletic AFC (39)
?,(Tue) 28 Apr 1987 (17),Hull City AFC (39),1-0,?,Brighton & Hove Albion FC (39)
?,(Tue) 28 Apr 1987 (17),Sunderland AFC (39),2-3,?,Bradford City AFC (39)
?,(Wed) 29 Apr 1987 (17),West Bromwich Albion FC (39),1-0,?,Portsmouth FC (39)
?,(Sat) 2 May 1987 (17),Sunderland AFC (40),1-0,?,Crystal Palace FC (40)
?,(Sat) 2 May 1987 (17),Oldham Athletic AFC (40),2-1,?,Plymouth Argyle FC (40)
?,(Sat) 2 May 1987 (17),Ipswich Town FC (40),3-1,?,Blackburn Rovers FC (40)
?,(Sat) 2 May 1987 (17),Stoke City FC (40),2-3,?,Bradford City AFC (40)
?,(Sat) 2 May 1987 (17),Brighton & Hove Albion FC (40),2-0,?,Sheffield United FC (40)
?,(Sat) 2 May 1987 (17),Hull City AFC (40),3-0,?,Shrewsbury Town FC (40)
?,(Sat) 2 May 1987 (17),Derby County FC (40),2-1,?,Leeds United FC (40)
?,(Sat) 2 May 1987 (17),West Bromwich Albion FC (40),0-1,?,Barnsley FC (40)
?,(Sat) 2 May 1987 (17),Huddersfield Town AFC (40),2-0,?,Reading FC (40)
?,(Sat) 2 May 1987 (17),Portsmouth FC (40),2-0,?,Millwall FC (40)
?,(Sat) 2 May 1987 (17),Birmingham City FC (40),1-0,?,Grimsby Town FC (40)
?,(Mon) 4 May 1987 (18),Plymouth Argyle FC (41),1-3,?,Stoke City FC (41)
?,(Mon) 4 May 1987 (18),Reading FC (41),2-0,?,Derby County FC (41)
?,(Mon) 4 May 1987 (18),Leeds United FC (41),3-2,?,West Bromwich Albion FC (41)
?,(Mon) 4 May 1987 (18),Crystal Palace FC (41),1-0,?,Portsmouth FC (41)
?,(Mon) 4 May 1987 (18),Barnsley FC (41),0-1,?,Huddersfield Town AFC (41)
?,(Mon) 4 May 1987 (18),Sheffield United FC (41),0-0,?,Ipswich Town FC (41)
?,(Mon) 4 May 1987 (18),Bradford City AFC (41),2-0,?,Brighton & Hove Albion FC (41)
?,(Tue) 5 May 1987 (18),Blackburn Rovers FC (41),1-0,?,Birmingham City FC (41)
?,(Tue) 5 May 1987 (18),Millwall FC (41),1-1,?,Sunderland AFC (41)
?,(Tue) 5 May 1987 (18),Grimsby Town FC (41),2-2,?,Hull City AFC (41)
?,(Tue) 5 May 1987 (18),Shrewsbury Town FC (41),2-0,?,Oldham Athletic AFC (41)
?,(Sat) 9 May 1987 (18),Brighton & Hove Albion FC (42),0-1,?,Leeds United FC (42)
?,(Sat) 9 May 1987 (18),Birmingham City FC (42),0-2,?,Shrewsbury Town FC (42)
?,(Sat) 9 May 1987 (18),Stoke City FC (42),5-1,?,Grimsby Town FC (42)
?,(Sat) 9 May 1987 (18),Portsmouth FC (42),1-2,?,Sheffield United FC (42)
?,(Sat) 9 May 1987 (18),Ipswich Town FC (42),1-1,?,Reading FC (42)
?,(Sat) 9 May 1987 (18),Huddersfield Town AFC (42),3-0,?,Millwall FC (42)
?,(Sat) 9 May 1987 (18),Hull City AFC (42),3-0,?,Crystal Palace FC (42)
?,(Sat) 9 May 1987 (18),Sunderland AFC (42),2-3,?,Barnsley FC (42)
?,(Sat) 9 May 1987 (18),West Bromwich Albion FC (42),2-2,?,Bradford City AFC (42)
?,(Sat) 9 May 1987 (18),Derby County FC (42),4-2,?,Plymouth Argyle FC (42)
?,(Sat) 9 May 1987 (18),Oldham Athletic AFC (42),3-0,?,Blackburn Rovers FC (42)
