Round,Date,Team 1,FT,HT,Team 2
?,(Fri) 8 Aug 2008 (W32),Barrow AFC (1),3-0,0-0,Oxford United FC (1)
?,(Sat) 9 Aug 2008 (W32),Crawley Town FC (1),0-1,0-0,York City FC (1)
?,(Sat) 9 Aug 2008 (W32),Eastbourne Borough FC (1),0-1,0-1,AFC Rushden & Diamonds (1)
?,(Sat) 9 Aug 2008 (W32),Ebbsfleet United FC (1),2-2,2-0,Mansfield Town FC (1)
?,(Sat) 9 Aug 2008 (W32),Histon FC (1),1-1,0-0,Torquay United FC (1)
?,(Sat) 9 Aug 2008 (W32),Kettering Town FC (1),1-1,1-0,Forest Green Rovers FC (1)
?,(Sat) 9 Aug 2008 (W32),Kidderminster Harriers FC (1),1-1,1-1,Lewes FC (1)
?,(Sat) 9 Aug 2008 (W32),Northwich Victoria FC (1),0-1,0-1,Cambridge United FC (1)
?,(Sat) 9 Aug 2008 (W32),Salisbury City FC (1),0-1,0-1,Burton Albion FC (1)
?,(Sat) 9 Aug 2008 (W32),Weymouth FC (1),3-1,2-1,Grays Athletic FC (1)
?,(Sat) 9 Aug 2008 (W32),Woking FC (1),1-2,0-1,Altrincham FC (1)
?,(Sat) 9 Aug 2008 (W32),Wrexham AFC (1),5-0,1-0,Stevenage FC (1)
?,(Tue) 12 Aug 2008 (W33),Altrincham FC (2),3-4,0-1,Barrow AFC (2)
?,(Tue) 12 Aug 2008 (W33),Burton Albion FC (2),1-1,0-1,Northwich Victoria FC (2)
?,(Tue) 12 Aug 2008 (W33),Cambridge United FC (2),2-1,1-0,Kidderminster Harriers FC (2)
?,(Tue) 12 Aug 2008 (W33),Forest Green Rovers FC (2),1-2,0-1,Salisbury City FC (2)
?,(Tue) 12 Aug 2008 (W33),Grays Athletic FC (2),1-1,0-0,Kettering Town FC (2)
?,(Tue) 12 Aug 2008 (W33),Lewes FC (2),0-3,0-2,Crawley Town FC (2)
?,(Tue) 12 Aug 2008 (W33),Mansfield Town FC (2),1-0,1-0,Histon FC (2)
?,(Tue) 12 Aug 2008 (W33),Oxford United FC (2),0-1,0-1,Weymouth FC (2)
?,(Tue) 12 Aug 2008 (W33),AFC Rushden & Diamonds (2),2-0,0-0,Ebbsfleet United FC (2)
?,(Tue) 12 Aug 2008 (W33),Stevenage FC (2),1-3,1-2,Eastbourne Borough FC (2)
?,(Tue) 12 Aug 2008 (W33),Torquay United FC (2),2-1,0-1,Woking FC (2)
?,(Thu) 14 Aug 2008 (W33),York City FC (2),1-0,0-0,Wrexham AFC (2)
?,(Sat) 16 Aug 2008 (W33),Altrincham FC (3),1-1,0-1,Kettering Town FC (3)
?,(Sat) 16 Aug 2008 (W33),Burton Albion FC (3),3-2,0-2,Woking FC (3)
?,(Sat) 16 Aug 2008 (W33),Cambridge United FC (3),2-1,2-1,Barrow AFC (3)
?,(Sat) 16 Aug 2008 (W33),Forest Green Rovers FC (3),1-0,0-0,Crawley Town FC (3)
?,(Sat) 16 Aug 2008 (W33),Grays Athletic FC (3),2-1,1-0,Northwich Victoria FC (3)
?,(Sat) 16 Aug 2008 (W33),Lewes FC (3),1-4,1-2,Salisbury City FC (3)
?,(Sat) 16 Aug 2008 (W33),Mansfield Town FC (3),4-2,3-0,Kidderminster Harriers FC (3)
?,(Sat) 16 Aug 2008 (W33),Oxford United FC (3),6-3,3-2,Eastbourne Borough FC (3)
?,(Sat) 16 Aug 2008 (W33),Stevenage FC (3),1-1,1-1,Weymouth FC (3)
?,(Sat) 16 Aug 2008 (W33),York City FC (3),1-1,0-1,Histon FC (3)
?,(Sun) 17 Aug 2008 (W33),AFC Rushden & Diamonds (3),1-1,0-0,Wrexham AFC (3)
?,(Mon) 18 Aug 2008 (W34),Torquay United FC (3),0-2,0-1,Ebbsfleet United FC (3)
?,(Thu) 21 Aug 2008 (W34),Wrexham AFC (4),2-0,1-0,Oxford United FC (4)
?,(Sat) 23 Aug 2008 (W34),Barrow AFC (4),2-1,1-1,Mansfield Town FC (4)
?,(Sat) 23 Aug 2008 (W34),Crawley Town FC (4),3-1,2-0,Torquay United FC (4)
?,(Sat) 23 Aug 2008 (W34),Eastbourne Borough FC (4),0-3,0-2,Cambridge United FC (4)
?,(Sat) 23 Aug 2008 (W34),Ebbsfleet United FC (4),4-0,2-0,Stevenage FC (4)
?,(Sat) 23 Aug 2008 (W34),Histon FC (4),4-3,3-2,Burton Albion FC (4)
?,(Sat) 23 Aug 2008 (W34),Kettering Town FC (4),1-1,1-0,AFC Rushden & Diamonds (4)
?,(Sat) 23 Aug 2008 (W34),Kidderminster Harriers FC (4),4-0,2-0,Altrincham FC (4)
?,(Sat) 23 Aug 2008 (W34),Northwich Victoria FC (4),2-2,2-1,York City FC (4)
?,(Sat) 23 Aug 2008 (W34),Salisbury City FC (4),1-0,0-0,Grays Athletic FC (4)
?,(Sat) 23 Aug 2008 (W34),Weymouth FC (4),2-0,1-0,Lewes FC (4)
?,(Sat) 23 Aug 2008 (W34),Woking FC (4),0-1,0-0,Forest Green Rovers FC (4)
?,(Mon) 25 Aug 2008 (W35),Altrincham FC (5),1-1,1-1,Wrexham AFC (5)
?,(Mon) 25 Aug 2008 (W35),Burton Albion FC (5),2-2,1-0,Kidderminster Harriers FC (5)
?,(Mon) 25 Aug 2008 (W35),Cambridge United FC (5),0-2,0-0,Kettering Town FC (5)
?,(Mon) 25 Aug 2008 (W35),Forest Green Rovers FC (5),4-1,1-0,Weymouth FC (5)
?,(Mon) 25 Aug 2008 (W35),Grays Athletic FC (5),0-1,0-0,Eastbourne Borough FC (5)
?,(Mon) 25 Aug 2008 (W35),Lewes FC (5),0-0,0-0,Ebbsfleet United FC (5)
?,(Mon) 25 Aug 2008 (W35),Mansfield Town FC (5),3-2,2-0,Northwich Victoria FC (5)
?,(Mon) 25 Aug 2008 (W35),Oxford United FC (5),0-0,0-0,Woking FC (5)
?,(Mon) 25 Aug 2008 (W35),AFC Rushden & Diamonds (5),1-2,0-1,Histon FC (5)
?,(Mon) 25 Aug 2008 (W35),Stevenage FC (5),1-1,1-0,Crawley Town FC (5)
?,(Mon) 25 Aug 2008 (W35),Torquay United FC (5),0-1,0-0,Salisbury City FC (5)
?,(Mon) 25 Aug 2008 (W35),York City FC (5),1-1,1-1,Barrow AFC (5)
?,(Thu) 28 Aug 2008 (W35),Torquay United FC (6),1-1,0-0,York City FC (6)
?,(Sat) 30 Aug 2008 (W35),Barrow AFC (6),1-3,1-2,Stevenage FC (6)
?,(Sat) 30 Aug 2008 (W35),Burton Albion FC (6),5-2,2-2,Lewes FC (6)
?,(Sat) 30 Aug 2008 (W35),Crawley Town FC (6),5-2,4-0,Northwich Victoria FC (6)
?,(Sat) 30 Aug 2008 (W35),Eastbourne Borough FC (6),1-0,1-0,Altrincham FC (6)
?,(Sat) 30 Aug 2008 (W35),Ebbsfleet United FC (6),1-1,0-0,Oxford United FC (6)
?,(Sat) 30 Aug 2008 (W35),Histon FC (6),0-1,0-1,Forest Green Rovers FC (6)
?,(Sat) 30 Aug 2008 (W35),Kettering Town FC (6),1-0,0-0,Woking FC (6)
?,(Sat) 30 Aug 2008 (W35),Kidderminster Harriers FC (6),2-1,1-1,AFC Rushden & Diamonds (6)
?,(Sat) 30 Aug 2008 (W35),Mansfield Town FC (6),1-0,1-0,Grays Athletic FC (6)
?,(Sat) 30 Aug 2008 (W35),Salisbury City FC (6),1-4,1-1,Wrexham AFC (6)
?,(Sat) 30 Aug 2008 (W35),Weymouth FC (6),2-2,0-2,Cambridge United FC (6)
?,(Tue) 2 Sep 2008 (W36),Barrow AFC (7),1-1,0-1,AFC Rushden & Diamonds (7)
?,(Tue) 2 Sep 2008 (W36),Crawley Town FC (7),2-1,2-1,Grays Athletic FC (7)
?,(Tue) 2 Sep 2008 (W36),Eastbourne Borough FC (7),1-0,0-0,Forest Green Rovers FC (7)
?,(Tue) 2 Sep 2008 (W36),Ebbsfleet United FC (7),1-1,0-1,Cambridge United FC (7)
?,(Tue) 2 Sep 2008 (W36),Histon FC (7),1-0,0-0,Altrincham FC (7)
?,(Tue) 2 Sep 2008 (W36),Kettering Town FC (7),1-0,1-0,Stevenage FC (7)
?,(Tue) 2 Sep 2008 (W36),Northwich Victoria FC (7),1-2,0-0,Oxford United FC (7)
?,(Tue) 2 Sep 2008 (W36),Salisbury City FC (7),1-0,0-0,Weymouth FC (7)
?,(Tue) 2 Sep 2008 (W36),Woking FC (7),1-1,0-1,Lewes FC (7)
?,(Tue) 2 Sep 2008 (W36),Wrexham AFC (7),0-1,0-1,Burton Albion FC (7)
?,(Tue) 2 Sep 2008 (W36),York City FC (7),1-1,1-0,Mansfield Town FC (7)
?,(Thu) 4 Sep 2008 (W36),Kidderminster Harriers FC (7),1-0,1-0,Torquay United FC (7)
?,(Sat) 6 Sep 2008 (W36),Altrincham FC (8),0-0,0-0,Salisbury City FC (8)
?,(Sat) 6 Sep 2008 (W36),Cambridge United FC (8),2-0,1-0,Wrexham AFC (8)
?,(Sat) 6 Sep 2008 (W36),Forest Green Rovers FC (8),1-4,1-2,Ebbsfleet United FC (8)
?,(Sat) 6 Sep 2008 (W36),Lewes FC (8),0-3,0-2,Barrow AFC (8)
?,(Sat) 6 Sep 2008 (W36),Mansfield Town FC (8),3-1,2-0,Eastbourne Borough FC (8)
?,(Sat) 6 Sep 2008 (W36),Oxford United FC (8),1-1,0-0,Kettering Town FC (8)
?,(Sat) 6 Sep 2008 (W36),AFC Rushden & Diamonds (8),0-1,0-0,Crawley Town FC (8)
?,(Sat) 6 Sep 2008 (W36),Stevenage FC (8),4-1,2-0,Burton Albion FC (8)
?,(Sat) 6 Sep 2008 (W36),Weymouth FC (8),2-5,1-2,Histon FC (8)
?,(Sat) 6 Sep 2008 (W36),York City FC (8),2-0,1-0,Woking FC (8)
?,(Sun) 7 Sep 2008 (W36),Grays Athletic FC (8),3-2,0-0,Kidderminster Harriers FC (8)
?,(Sun) 7 Sep 2008 (W36),Torquay United FC (8),2-1,1-0,Northwich Victoria FC (8)
?,(Thu) 11 Sep 2008 (W37),Lewes FC (9),0-4,0-0,AFC Rushden & Diamonds (9)
?,(Sat) 13 Sep 2008 (W37),Burton Albion FC (9),1-1,1-1,Weymouth FC (9)
?,(Sat) 13 Sep 2008 (W37),Cambridge United FC (9),0-1,0-0,Torquay United FC (9)
?,(Sat) 13 Sep 2008 (W37),Crawley Town FC (9),2-1,1-0,Mansfield Town FC (9)
?,(Sat) 13 Sep 2008 (W37),Eastbourne Borough FC (9),1-1,1-0,Histon FC (9)
?,(Sat) 13 Sep 2008 (W37),Kettering Town FC (9),4-2,2-1,York City FC (9)
?,(Sat) 13 Sep 2008 (W37),Kidderminster Harriers FC (9),1-0,1-0,Oxford United FC (9)
?,(Sat) 13 Sep 2008 (W37),Northwich Victoria FC (9),0-0,0-0,Forest Green Rovers FC (9)
?,(Sat) 13 Sep 2008 (W37),Salisbury City FC (9),3-0,1-0,Barrow AFC (9)
?,(Sat) 13 Sep 2008 (W37),Stevenage FC (9),3-0,2-0,Altrincham FC (9)
?,(Sat) 13 Sep 2008 (W37),Woking FC (9),3-1,0-1,Grays Athletic FC (9)
?,(Sat) 13 Sep 2008 (W37),Wrexham AFC (9),3-2,1-1,Ebbsfleet United FC (9)
?,(Sat) 20 Sep 2008 (W38),Altrincham FC (10),1-0,0-0,Lewes FC (10)
?,(Sat) 20 Sep 2008 (W38),Barrow AFC (10),2-4,0-1,Kettering Town FC (10)
?,(Sat) 20 Sep 2008 (W38),Ebbsfleet United FC (10),2-0,0-0,Woking FC (10)
?,(Sat) 20 Sep 2008 (W38),Forest Green Rovers FC (10),0-3,0-2,Stevenage FC (10)
?,(Sat) 20 Sep 2008 (W38),Grays Athletic FC (10),2-1,2-0,Wrexham AFC (10)
?,(Sat) 20 Sep 2008 (W38),Histon FC (10),2-1,1-1,Northwich Victoria FC (10)
?,(Sat) 20 Sep 2008 (W38),Mansfield Town FC (10),1-1,0-1,Cambridge United FC (10)
?,(Sat) 20 Sep 2008 (W38),Oxford United FC (10),1-2,1-2,Crawley Town FC (10)
?,(Sat) 20 Sep 2008 (W38),AFC Rushden & Diamonds (10),2-1,1-0,Burton Albion FC (10)
?,(Sat) 20 Sep 2008 (W38),Torquay United FC (10),2-0,1-0,Eastbourne Borough FC (10)
?,(Sat) 20 Sep 2008 (W38),Weymouth FC (10),1-2,1-1,Kidderminster Harriers FC (10)
?,(Sat) 20 Sep 2008 (W38),York City FC (10),1-1,0-0,Salisbury City FC (10)
?,(Mon) 22 Sep 2008 (W39),Kettering Town FC (11),0-1,0-0,Burton Albion FC (11)
?,(Tue) 23 Sep 2008 (W39),Altrincham FC (11),1-0,1-0,Mansfield Town FC (11)
?,(Tue) 23 Sep 2008 (W39),Ebbsfleet United FC (11),1-1,0-1,Eastbourne Borough FC (11)
?,(Tue) 23 Sep 2008 (W39),Forest Green Rovers FC (11),1-2,1-0,Torquay United FC (11)
?,(Tue) 23 Sep 2008 (W39),Histon FC (11),1-1,0-1,Lewes FC (11)
?,(Tue) 23 Sep 2008 (W39),Kidderminster Harriers FC (11),2-0,0-0,York City FC (11)
?,(Tue) 23 Sep 2008 (W39),Northwich Victoria FC (11),2-1,0-1,Barrow AFC (11)
?,(Tue) 23 Sep 2008 (W39),Oxford United FC (11),3-1,1-0,Cambridge United FC (11)
?,(Tue) 23 Sep 2008 (W39),Weymouth FC (11),2-2,1-1,Crawley Town FC (11)
?,(Tue) 23 Sep 2008 (W39),Woking FC (11),1-0,0-0,Salisbury City FC (11)
?,(Tue) 23 Sep 2008 (W39),Wrexham AFC (11),0-3,0-2,AFC Rushden & Diamonds (11)
?,(Thu) 25 Sep 2008 (W39),Grays Athletic FC (11),1-2,0-0,Stevenage FC (11)
?,(Sat) 27 Sep 2008 (W39),Barrow AFC (12),0-3,0-1,Ebbsfleet United FC (12)
?,(Sat) 27 Sep 2008 (W39),Burton Albion FC (12),4-2,0-1,Forest Green Rovers FC (12)
?,(Sat) 27 Sep 2008 (W39),Crawley Town FC (12),1-0,1-0,Kettering Town FC (12)
?,(Sat) 27 Sep 2008 (W39),Eastbourne Borough FC (12),2-3,0-2,Kidderminster Harriers FC (12)
?,(Sat) 27 Sep 2008 (W39),Lewes FC (12),2-1,0-0,Oxford United FC (12)
?,(Sat) 27 Sep 2008 (W39),Northwich Victoria FC (12),2-3,0-0,Weymouth FC (12)
?,(Sat) 27 Sep 2008 (W39),Salisbury City FC (12),2-3,1-0,Mansfield Town FC (12)
?,(Sat) 27 Sep 2008 (W39),Woking FC (12),1-0,0-0,Histon FC (12)
?,(Sat) 27 Sep 2008 (W39),Wrexham AFC (12),1-1,1-1,Torquay United FC (12)
?,(Sun) 28 Sep 2008 (W39),Cambridge United FC (12),1-0,0-0,Grays Athletic FC (12)
?,(Sun) 28 Sep 2008 (W39),Stevenage FC (12),3-3,2-2,York City FC (12)
?,(Mon) 29 Sep 2008 (W40),AFC Rushden & Diamonds (12),1-1,0-1,Altrincham FC (12)
?,(Sat) 4 Oct 2008 (W40),Altrincham FC (13),2-0,2-0,Ebbsfleet United FC (13)
?,(Sat) 4 Oct 2008 (W40),Burton Albion FC (13),2-1,1-1,Crawley Town FC (13)
?,(Sat) 4 Oct 2008 (W40),Forest Green Rovers FC (13),2-3,1-1,Wrexham AFC (13)
?,(Sat) 4 Oct 2008 (W40),Grays Athletic FC (13),0-0,0-0,Lewes FC (13)
?,(Sat) 4 Oct 2008 (W40),Histon FC (13),2-0,0-0,Salisbury City FC (13)
?,(Sat) 4 Oct 2008 (W40),Kettering Town FC (13),2-1,0-0,Northwich Victoria FC (13)
?,(Sat) 4 Oct 2008 (W40),Kidderminster Harriers FC (13),0-1,0-1,Barrow AFC (13)
?,(Sat) 4 Oct 2008 (W40),Mansfield Town FC (13),0-1,0-0,Woking FC (13)
?,(Sat) 4 Oct 2008 (W40),Oxford United FC (13),2-1,1-0,AFC Rushden & Diamonds (13)
?,(Sat) 4 Oct 2008 (W40),Torquay United FC (13),3-0,0-0,Stevenage FC (13)
?,(Sat) 4 Oct 2008 (W40),Weymouth FC (13),3-2,2-1,Eastbourne Borough FC (13)
?,(Sat) 4 Oct 2008 (W40),York City FC (13),0-0,0-0,Cambridge United FC (13)
?,(Mon) 6 Oct 2008 (W41),Ebbsfleet United FC (14),0-1,0-1,Histon FC (14)
?,(Tue) 7 Oct 2008 (W41),Barrow AFC (14),0-0,0-0,Burton Albion FC (14)
?,(Tue) 7 Oct 2008 (W41),Cambridge United FC (14),1-0,0-0,Lewes FC (14)
?,(Tue) 7 Oct 2008 (W41),Crawley Town FC (14),2-2,2-0,Forest Green Rovers FC (14)
?,(Tue) 7 Oct 2008 (W41),Eastbourne Borough FC (14),1-2,0-1,Kettering Town FC (14)
?,(Tue) 7 Oct 2008 (W41),Northwich Victoria FC (14),1-1,0-0,Kidderminster Harriers FC (14)
?,(Tue) 7 Oct 2008 (W41),AFC Rushden & Diamonds (14),1-0,1-0,Grays Athletic FC (14)
?,(Tue) 7 Oct 2008 (W41),Salisbury City FC (14),1-3,0-0,Altrincham FC (14)
?,(Tue) 7 Oct 2008 (W41),Stevenage FC (14),3-2,1-0,Mansfield Town FC (14)
?,(Tue) 7 Oct 2008 (W41),Woking FC (14),1-1,0-0,Weymouth FC (14)
?,(Tue) 7 Oct 2008 (W41),Wrexham AFC (14),3-1,0-0,York City FC (14)
?,(Thu) 9 Oct 2008 (W41),Torquay United FC (14),1-1,1-0,Oxford United FC (14)
?,(Sat) 11 Oct 2008 (W41),Cambridge United FC (15),1-0,1-0,Weymouth FC (15)
?,(Sat) 11 Oct 2008 (W41),Crawley Town FC (15),4-0,2-0,Barrow AFC (15)
?,(Sat) 11 Oct 2008 (W41),Kidderminster Harriers FC (15),3-1,0-1,Ebbsfleet United FC (15)
?,(Sat) 11 Oct 2008 (W41),Lewes FC (15),3-2,3-0,Forest Green Rovers FC (15)
?,(Sat) 11 Oct 2008 (W41),Northwich Victoria FC (15),2-0,0-0,Grays Athletic FC (15)
?,(Sat) 11 Oct 2008 (W41),Salisbury City FC (15),1-2,1-0,Kettering Town FC (15)
?,(Sat) 11 Oct 2008 (W41),Woking FC (15),0-2,0-0,York City FC (15)
?,(Sun) 12 Oct 2008 (W41),Altrincham FC (15),1-0,0-0,Oxford United FC (15)
?,(Sun) 12 Oct 2008 (W41),Eastbourne Borough FC (15),2-1,0-0,Stevenage FC (15)
?,(Sun) 12 Oct 2008 (W41),AFC Rushden & Diamonds (15),1-3,0-2,Torquay United FC (15)
?,(Mon) 13 Oct 2008 (W42),Burton Albion FC (15),1-0,1-0,Mansfield Town FC (15)
?,(Thu) 16 Oct 2008 (W42),Forest Green Rovers FC (16),2-2,1-1,Cambridge United FC (16)
?,(Sat) 18 Oct 2008 (W42),Barrow AFC (16),3-1,2-0,Eastbourne Borough FC (16)
?,(Sat) 18 Oct 2008 (W42),Ebbsfleet United FC (16),0-2,0-1,Torquay United FC (16)
?,(Sat) 18 Oct 2008 (W42),Grays Athletic FC (16),1-1,0-0,Woking FC (16)
?,(Sat) 18 Oct 2008 (W42),Histon FC (15),1-0,0-0,Crawley Town FC (16)
?,(Sat) 18 Oct 2008 (W42),Kettering Town FC (16),1-0,0-0,Kidderminster Harriers FC (16)
?,(Sat) 18 Oct 2008 (W42),Lewes FC (16),2-3,1-2,Northwich Victoria FC (16)
?,(Sat) 18 Oct 2008 (W42),Mansfield Town FC (16),1-2,1-1,Wrexham AFC (15)
?,(Sat) 18 Oct 2008 (W42),Oxford United FC (16),2-1,1-0,Burton Albion FC (16)
?,(Sat) 18 Oct 2008 (W42),Stevenage FC (16),2-0,0-0,Salisbury City FC (16)
?,(Sat) 18 Oct 2008 (W42),Weymouth FC (16),2-0,1-0,Altrincham FC (16)
?,(Sat) 18 Oct 2008 (W42),York City FC (16),2-0,1-0,AFC Rushden & Diamonds (16)
?,(Thu) 30 Oct 2008 (W44),Salisbury City FC (17),2-0,0-0,Crawley Town FC (17)
?,(Sat) 1 Nov 2008 (W44),Altrincham FC (17),0-1,0-0,Histon FC (16)
?,(Sat) 1 Nov 2008 (W44),Barrow AFC (17),3-1,1-0,Forest Green Rovers FC (17)
?,(Sat) 1 Nov 2008 (W44),Burton Albion FC (17),3-1,1-0,Ebbsfleet United FC (17)
?,(Sat) 1 Nov 2008 (W44),Cambridge United FC (17),0-0,0-0,AFC Rushden & Diamonds (17)
?,(Sat) 1 Nov 2008 (W44),Kettering Town FC (17),0-1,0-0,Weymouth FC (17)
?,(Sat) 1 Nov 2008 (W44),Kidderminster Harriers FC (17),2-0,1-0,Grays Athletic FC (17)
?,(Sat) 1 Nov 2008 (W44),Northwich Victoria FC (17),1-2,0-1,Eastbourne Borough FC (17)
?,(Sat) 1 Nov 2008 (W44),Oxford United FC (17),1-0,0-0,York City FC (17)
?,(Sat) 1 Nov 2008 (W44),Torquay United FC (17),2-0,0-0,Mansfield Town FC (17)
?,(Sat) 1 Nov 2008 (W44),Woking FC (17),0-1,0-1,Stevenage FC (17)
?,(Sat) 1 Nov 2008 (W44),Wrexham AFC (16),2-0,1-0,Lewes FC (17)
?,(Sat) 8 Nov 2008 (W45),Northwich Victoria FC (18),0-1,0-1,Burton Albion FC (18)
?,(Sat) 8 Nov 2008 (W45),AFC Rushden & Diamonds (18),1-0,0-0,Weymouth FC (18)
?,(Sat) 15 Nov 2008 (W46),Crawley Town FC (18),2-2,1-0,Cambridge United FC (18)
?,(Sat) 15 Nov 2008 (W46),Eastbourne Borough FC (18),0-0,0-0,Woking FC (18)
?,(Sat) 15 Nov 2008 (W46),Ebbsfleet United FC (18),1-0,0-0,Barrow AFC (18)
?,(Sat) 15 Nov 2008 (W46),Forest Green Rovers FC (18),1-3,1-3,Altrincham FC (18)
?,(Sat) 15 Nov 2008 (W46),Grays Athletic FC (18),2-0,1-0,Oxford United FC (18)
?,(Sat) 15 Nov 2008 (W46),Histon FC (17),1-0,0-0,Kettering Town FC (18)
?,(Sat) 15 Nov 2008 (W46),Lewes FC (18),0-1,0-1,Burton Albion FC (19)
?,(Sat) 15 Nov 2008 (W46),Mansfield Town FC (18),3-0,2-0,Salisbury City FC (18)
?,(Sat) 15 Nov 2008 (W46),AFC Rushden & Diamonds (19),0-1,0-1,Kidderminster Harriers FC (18)
?,(Sat) 15 Nov 2008 (W46),Stevenage FC (18),1-1,0-1,Northwich Victoria FC (19)
?,(Sat) 15 Nov 2008 (W46),Weymouth FC (19),1-3,0-1,Wrexham AFC (17)
?,(Sat) 15 Nov 2008 (W46),York City FC (18),1-2,0-0,Torquay United FC (18)
?,(Tue) 18 Nov 2008 (W47),Cambridge United FC (19),1-0,0-0,York City FC (19)
?,(Tue) 18 Nov 2008 (W47),Stevenage FC (19),1-3,1-2,Histon FC (18)
?,(Tue) 18 Nov 2008 (W47),Torquay United FC (19),4-1,3-0,Lewes FC (19)
?,(Tue) 18 Nov 2008 (W47),Weymouth FC (20),1-1,0-0,Woking FC (19)
?,(Thu) 20 Nov 2008 (W47),Crawley Town FC (19),1-2,1-0,Ebbsfleet United FC (19)
?,(Sat) 22 Nov 2008 (W47),Altrincham FC (19),1-0,1-0,Cambridge United FC (20)
?,(Sat) 22 Nov 2008 (W47),Barrow AFC (19),0-1,0-0,Weymouth FC (21)
?,(Sat) 22 Nov 2008 (W47),Burton Albion FC (20),2-0,1-0,Stevenage FC (20)
?,(Sat) 22 Nov 2008 (W47),Forest Green Rovers FC (19),1-0,1-0,Mansfield Town FC (19)
?,(Sat) 22 Nov 2008 (W47),Histon FC (19),5-2,3-1,Oxford United FC (19)
?,(Sat) 22 Nov 2008 (W47),Kidderminster Harriers FC (19),1-0,1-0,Wrexham AFC (18)
?,(Sat) 22 Nov 2008 (W47),Lewes FC (20),2-0,2-0,Grays Athletic FC (19)
?,(Sat) 22 Nov 2008 (W47),AFC Rushden & Diamonds (20),2-0,1-0,Eastbourne Borough FC (19)
?,(Sat) 22 Nov 2008 (W47),Salisbury City FC (19),1-1,1-0,Northwich Victoria FC (20)
?,(Sat) 22 Nov 2008 (W47),Woking FC (20),2-2,2-0,Torquay United FC (20)
?,(Sun) 23 Nov 2008 (W47),Ebbsfleet United FC (20),0-0,0-0,Kettering Town FC (19)
?,(Sun) 23 Nov 2008 (W47),York City FC (20),2-2,1-0,Crawley Town FC (20)
?,(Tue) 25 Nov 2008 (W48),Oxford United FC (20),1-0,1-0,Kidderminster Harriers FC (20)
?,(Sat) 29 Nov 2008 (W48),Altrincham FC (20),0-4,0-2,AFC Rushden & Diamonds (21)
?,(Sat) 29 Nov 2008 (W48),Burton Albion FC (21),2-0,0-0,Eastbourne Borough FC (20)
?,(Sat) 29 Nov 2008 (W48),Cambridge United FC (21),1-0,1-0,Ebbsfleet United FC (21)
?,(Sat) 29 Nov 2008 (W48),Northwich Victoria FC (21),0-1,0-0,Crawley Town FC (21)
?,(Sat) 29 Nov 2008 (W48),Salisbury City FC (20),1-1,1-0,York City FC (21)
?,(Sat) 29 Nov 2008 (W48),Stevenage FC (21),1-2,0-0,Wrexham AFC (19)
?,(Sat) 29 Nov 2008 (W48),Weymouth FC (22),1-1,1-1,Mansfield Town FC (20)
?,(Thu) 4 Dec 2008 (W49),Mansfield Town FC (21),1-3,1-1,Oxford United FC (21)
?,(Sat) 6 Dec 2008 (W49),Crawley Town FC (22),4-0,3-0,Altrincham FC (21)
?,(Sat) 6 Dec 2008 (W49),Eastbourne Borough FC (21),4-1,2-1,Northwich Victoria FC (22)
?,(Sat) 6 Dec 2008 (W49),Ebbsfleet United FC (22),1-0,1-0,Weymouth FC (23)
?,(Sat) 6 Dec 2008 (W49),Forest Green Rovers FC (20),2-3,1-2,Burton Albion FC (22)
?,(Sat) 6 Dec 2008 (W49),Histon FC (20),1-0,0-0,Woking FC (21)
?,(Sat) 6 Dec 2008 (W49),Kidderminster Harriers FC (21),3-2,2-1,Salisbury City FC (21)
?,(Sat) 6 Dec 2008 (W49),Lewes FC (21),0-2,0-0,Stevenage FC (22)
?,(Sat) 6 Dec 2008 (W49),AFC Rushden & Diamonds (22),1-1,0-1,Barrow AFC (20)
?,(Sat) 6 Dec 2008 (W49),Torquay United FC (21),0-0,0-0,Cambridge United FC (22)
?,(Sat) 6 Dec 2008 (W49),Wrexham AFC (20),2-1,0-1,Kettering Town FC (20)
?,(Sat) 6 Dec 2008 (W49),York City FC (22),0-1,0-1,Grays Athletic FC (20)
?,(Tue) 9 Dec 2008 (W50),Barrow AFC (21),2-2,1-2,Altrincham FC (22)
?,(Tue) 9 Dec 2008 (W50),Burton Albion FC (23),3-1,2-0,Cambridge United FC (23)
?,(Tue) 9 Dec 2008 (W50),Eastbourne Borough FC (22),4-2,1-1,Torquay United FC (22)
?,(Tue) 9 Dec 2008 (W50),Ebbsfleet United FC (23),0-1,0-1,Forest Green Rovers FC (21)
?,(Tue) 9 Dec 2008 (W50),Histon FC (21),1-1,0-1,York City FC (23)
?,(Tue) 9 Dec 2008 (W50),Kidderminster Harriers FC (22),2-0,0-0,Mansfield Town FC (22)
?,(Tue) 9 Dec 2008 (W50),Salisbury City FC (22),1-2,0-2,Lewes FC (22)
?,(Tue) 9 Dec 2008 (W50),Stevenage FC (23),0-0,0-0,Grays Athletic FC (21)
?,(Tue) 9 Dec 2008 (W50),Weymouth FC (24),2-2,1-1,Oxford United FC (22)
?,(Tue) 9 Dec 2008 (W50),Woking FC (22),1-1,1-1,AFC Rushden & Diamonds (23)
?,(Sat) 20 Dec 2008 (W51),Altrincham FC (23),1-3,0-1,Burton Albion FC (24)
?,(Sat) 20 Dec 2008 (W51),Cambridge United FC (24),4-0,1-0,Salisbury City FC (23)
?,(Sat) 20 Dec 2008 (W51),Crawley Town FC (23),2-0,1-0,Kidderminster Harriers FC (23)
?,(Sat) 20 Dec 2008 (W51),Forest Green Rovers FC (22),0-2,0-2,Kettering Town FC (21)
?,(Sat) 20 Dec 2008 (W51),Grays Athletic FC (22),2-1,1-1,Barrow AFC (22)
?,(Sat) 20 Dec 2008 (W51),Lewes FC (23),0-2,0-1,Woking FC (23)
?,(Sat) 20 Dec 2008 (W51),Mansfield Town FC (23),2-1,0-1,Weymouth FC (25)
?,(Sat) 20 Dec 2008 (W51),Oxford United FC (23),1-1,1-1,Stevenage FC (24)
?,(Sat) 20 Dec 2008 (W51),AFC Rushden & Diamonds (24),2-1,0-1,Northwich Victoria FC (23)
?,(Sat) 20 Dec 2008 (W51),Torquay United FC (23),4-1,2-0,Histon FC (22)
?,(Sat) 20 Dec 2008 (W51),Wrexham AFC (21),5-0,1-0,Eastbourne Borough FC (23)
?,(Sat) 20 Dec 2008 (W51),York City FC (24),3-1,0-1,Ebbsfleet United FC (24)
?,(Fri) 26 Dec 2008 (W52),Barrow AFC (23),1-1,1-0,Wrexham AFC (22)
?,(Fri) 26 Dec 2008 (W52),Burton Albion FC (25),2-1,0-0,York City FC (25)
?,(Fri) 26 Dec 2008 (W52),Cambridge United FC (25),2-2,2-0,Histon FC (23)
?,(Fri) 26 Dec 2008 (W52),Eastbourne Borough FC (24),1-0,1-0,Lewes FC (24)
?,(Fri) 26 Dec 2008 (W52),Ebbsfleet United FC (25),0-1,0-0,Grays Athletic FC (23)
?,(Fri) 26 Dec 2008 (W52),Kettering Town FC (22),1-3,1-1,Mansfield Town FC (24)
?,(Fri) 26 Dec 2008 (W52),Kidderminster Harriers FC (24),1-1,1-1,Forest Green Rovers FC (23)
?,(Fri) 26 Dec 2008 (W52),Northwich Victoria FC (24),0-1,0-0,Altrincham FC (24)
?,(Fri) 26 Dec 2008 (W52),Salisbury City FC (24),2-1,2-0,Oxford United FC (24)
?,(Fri) 26 Dec 2008 (W52),Stevenage FC (25),3-1,1-0,AFC Rushden & Diamonds (25)
?,(Fri) 26 Dec 2008 (W52),Weymouth FC (26),0-1,0-1,Torquay United FC (24)
?,(Fri) 26 Dec 2008 (W52),Woking FC (24),0-0,0-0,Crawley Town FC (24)
?,(Sun) 28 Dec 2008 (W52),Cambridge United FC (26),1-1,1-0,Stevenage FC (26)
?,(Sun) 28 Dec 2008 (W52),Crawley Town FC (25),1-0,0-0,Eastbourne Borough FC (25)
?,(Sun) 28 Dec 2008 (W52),Forest Green Rovers FC (24),2-1,2-1,Barrow AFC (24)
?,(Sun) 28 Dec 2008 (W52),Grays Athletic FC (24),1-4,1-0,Histon FC (24)
?,(Sun) 28 Dec 2008 (W52),Oxford United FC (25),5-1,2-0,Ebbsfleet United FC (26)
?,(Sun) 28 Dec 2008 (W52),Torquay United FC (25),0-1,0-0,Kidderminster Harriers FC (25)
?,(Sun) 28 Dec 2008 (W52),Wrexham AFC (23),1-1,1-0,Woking FC (25)
?,(Sun) 28 Dec 2008 (W52),York City FC (26),1-2,1-0,Altrincham FC (25)
?,(Mon) 29 Dec 2008 (W1),Mansfield Town FC (25),0-2,0-2,Burton Albion FC (26)
?,(Thu) 1 Jan 2009 (W1),Crawley Town FC (26),2-2,0-1,Woking FC (26)
?,(Thu) 1 Jan 2009 (W1),Grays Athletic FC (25),3-1,1-0,Ebbsfleet United FC (27)
?,(Thu) 1 Jan 2009 (W1),Lewes FC (25),0-2,0-0,Eastbourne Borough FC (26)
?,(Thu) 1 Jan 2009 (W1),Oxford United FC (26),2-0,0-0,Salisbury City FC (25)
?,(Thu) 1 Jan 2009 (W1),AFC Rushden & Diamonds (26),1-1,0-1,Stevenage FC (27)
?,(Thu) 1 Jan 2009 (W1),York City FC (27),1-3,1-1,Burton Albion FC (27)
?,(Sat) 3 Jan 2009 (W1),Stevenage FC (28),3-0,2-0,Lewes FC (26)
?,(Fri) 16 Jan 2009 (W3),Torquay United FC (26),1-1,0-1,Wrexham AFC (24)
?,(Sat) 17 Jan 2009 (W3),Cambridge United FC (27),4-1,2-0,Woking FC (27)
?,(Sat) 17 Jan 2009 (W3),Ebbsfleet United FC (28),1-0,1-0,AFC Rushden & Diamonds (27)
?,(Sat) 17 Jan 2009 (W3),Forest Green Rovers FC (25),1-2,1-0,Eastbourne Borough FC (27)
?,(Sat) 17 Jan 2009 (W3),Grays Athletic FC (26),0-1,0-1,Burton Albion FC (28)
?,(Sat) 17 Jan 2009 (W3),Kettering Town FC (23),1-0,0-0,Salisbury City FC (26)
?,(Sat) 17 Jan 2009 (W3),Kidderminster Harriers FC (26),0-2,0-1,Weymouth FC (27)
?,(Sat) 17 Jan 2009 (W3),Mansfield Town FC (26),1-0,1-0,Crawley Town FC (27)
?,(Sat) 17 Jan 2009 (W3),Northwich Victoria FC (25),1-2,1-0,Histon FC (25)
?,(Sat) 17 Jan 2009 (W3),Oxford United FC (27),1-0,0-0,Altrincham FC (26)
?,(Sat) 17 Jan 2009 (W3),Stevenage FC (29),3-0,1-0,Barrow AFC (25)
?,(Sat) 17 Jan 2009 (W3),York City FC (28),3-0,0-0,Lewes FC (27)
?,(Tue) 20 Jan 2009 (W4),Oxford United FC (28),2-1,0-0,Forest Green Rovers FC (26)
?,(Thu) 22 Jan 2009 (W4),Wrexham AFC (25),2-0,1-0,Cambridge United FC (28)
?,(Fri) 23 Jan 2009 (W4),AFC Rushden & Diamonds (28),2-2,2-1,Forest Green Rovers FC (27)
?,(Sat) 24 Jan 2009 (W4),Barrow AFC (26),1-0,0-0,Kidderminster Harriers FC (27)
?,(Sat) 24 Jan 2009 (W4),Burton Albion FC (29),1-1,0-1,Altrincham FC (27)
?,(Sat) 24 Jan 2009 (W4),Crawley Town FC (28),0-1,0-0,Oxford United FC (29)
?,(Sat) 24 Jan 2009 (W4),Eastbourne Borough FC (28),2-1,1-0,York City FC (29)
?,(Sat) 24 Jan 2009 (W4),Lewes FC (28),0-1,0-1,Mansfield Town FC (27)
?,(Sat) 24 Jan 2009 (W4),Salisbury City FC (27),2-4,0-1,Stevenage FC (30)
?,(Sat) 24 Jan 2009 (W4),Weymouth FC (28),3-0,3-0,Northwich Victoria FC (26)
?,(Sat) 24 Jan 2009 (W4),Woking FC (28),1-0,0-0,Ebbsfleet United FC (29)
?,(Mon) 26 Jan 2009 (W5),Burton Albion FC (30),2-1,0-0,Barrow AFC (27)
?,(Tue) 27 Jan 2009 (W5),Altrincham FC (28),1-1,1-0,York City FC (30)
?,(Tue) 27 Jan 2009 (W5),Ebbsfleet United FC (30),4-4,2-1,Crawley Town FC (29)
?,(Tue) 27 Jan 2009 (W5),Grays Athletic FC (27),1-1,0-1,Weymouth FC (29)
?,(Tue) 27 Jan 2009 (W5),Kidderminster Harriers FC (28),2-0,1-0,Histon FC (26)
?,(Tue) 27 Jan 2009 (W5),Lewes FC (29),0-2,0-1,Torquay United FC (27)
?,(Tue) 27 Jan 2009 (W5),Mansfield Town FC (28),0-0,0-0,AFC Rushden & Diamonds (29)
?,(Tue) 27 Jan 2009 (W5),Salisbury City FC (28),2-2,1-2,Forest Green Rovers FC (28)
?,(Tue) 27 Jan 2009 (W5),Stevenage FC (31),2-1,0-1,Kettering Town FC (24)
?,(Tue) 27 Jan 2009 (W5),Woking FC (29),0-4,0-3,Eastbourne Borough FC (29)
?,(Tue) 27 Jan 2009 (W5),Wrexham AFC (26),3-3,0-0,Northwich Victoria FC (27)
?,(Thu) 29 Jan 2009 (W5),Cambridge United FC (29),1-1,0-1,Oxford United FC (30)
?,(Sat) 31 Jan 2009 (W5),Barrow AFC (28),0-0,0-0,Salisbury City FC (29)
?,(Sat) 31 Jan 2009 (W5),Eastbourne Borough FC (30),1-2,1-1,Mansfield Town FC (29)
?,(Sat) 31 Jan 2009 (W5),Woking FC (30),4-1,2-0,Northwich Victoria FC (28)
?,(Sun) 1 Feb 2009 (W5),Oxford United FC (31),2-1,1-1,Lewes FC (30)
?,(Sun) 1 Feb 2009 (W5),AFC Rushden & Diamonds (30),1-2,1-1,Cambridge United FC (30)
?,(Tue) 3 Feb 2009 (W6),Altrincham FC (29),1-0,1-0,Northwich Victoria FC (29)
?,(Tue) 3 Feb 2009 (W6),Forest Green Rovers FC (29),2-2,1-0,Histon FC (27)
?,(Sat) 7 Feb 2009 (W6),Lewes FC (31),0-2,0-0,Wrexham AFC (27)
?,(Sat) 7 Feb 2009 (W6),Mansfield Town FC (30),1-0,1-0,York City FC (31)
?,(Mon) 9 Feb 2009 (W7),Burton Albion FC (31),3-0,1-0,AFC Rushden & Diamonds (31)
?,(Tue) 10 Feb 2009 (W7),Torquay United FC (28),0-2,0-1,Weymouth FC (30)
?,(Sat) 14 Feb 2009 (W7),Oxford United FC (32),3-0,0-0,Barrow AFC (29)
?,(Sat) 14 Feb 2009 (W7),Salisbury City FC (30),0-4,0-1,Histon FC (28)
?,(Sat) 14 Feb 2009 (W7),Torquay United FC (29),3-1,1-0,Altrincham FC (30)
?,(Sat) 14 Feb 2009 (W7),Weymouth FC (31),0-3,0-1,Stevenage FC (32)
?,(Sat) 14 Feb 2009 (W7),Woking FC (31),0-1,0-1,Kettering Town FC (25)
?,(Sat) 14 Feb 2009 (W7),Wrexham AFC (28),3-2,1-1,Grays Athletic FC (28)
?,(Sun) 15 Feb 2009 (W7),Kidderminster Harriers FC (29),1-2,1-1,Northwich Victoria FC (30)
?,(Tue) 17 Feb 2009 (W8),Burton Albion FC (32),2-1,0-1,Wrexham AFC (29)
?,(Tue) 17 Feb 2009 (W8),Kidderminster Harriers FC (30),1-3,1-2,Cambridge United FC (31)
?,(Tue) 17 Feb 2009 (W8),Mansfield Town FC (31),0-0,0-0,Kettering Town FC (26)
?,(Tue) 17 Feb 2009 (W8),Salisbury City FC (31),1-0,0-0,Woking FC (32)
?,(Wed) 18 Feb 2009 (W8),Forest Green Rovers FC (30),3-0,2-0,Northwich Victoria FC (31)
?,(Sat) 21 Feb 2009 (W8),Altrincham FC (31),1-0,1-0,Woking FC (33)
?,(Sat) 21 Feb 2009 (W8),Barrow AFC (30),1-1,0-0,Grays Athletic FC (29)
?,(Sat) 21 Feb 2009 (W8),Crawley Town FC (30),0-3,0-1,Salisbury City FC (32)
?,(Sat) 21 Feb 2009 (W8),Histon FC (29),3-3,2-2,Eastbourne Borough FC (31)
?,(Sat) 21 Feb 2009 (W8),Kettering Town FC (27),2-1,2-1,Torquay United FC (30)
?,(Sat) 21 Feb 2009 (W8),Lewes FC (32),0-2,0-0,Cambridge United FC (32)
?,(Sat) 21 Feb 2009 (W8),Oxford United FC (33),1-0,0-0,Mansfield Town FC (32)
?,(Sat) 21 Feb 2009 (W8),Weymouth FC (32),0-9,0-4,AFC Rushden & Diamonds (32)
?,(Tue) 24 Feb 2009 (W9),Crawley Town FC (31),5-1,4-0,Lewes FC (33)
?,(Tue) 24 Feb 2009 (W9),Grays Athletic FC (30),0-1,0-1,Cambridge United FC (33)
?,(Tue) 24 Feb 2009 (W9),Histon FC (30),2-0,0-0,Barrow AFC (31)
?,(Tue) 24 Feb 2009 (W9),Northwich Victoria FC (32),0-0,0-0,Kettering Town FC (28)
?,(Tue) 24 Feb 2009 (W9),AFC Rushden & Diamonds (33),2-0,0-0,York City FC (32)
?,(Tue) 24 Feb 2009 (W9),Stevenage FC (33),1-0,0-0,Woking FC (34)
?,(Tue) 24 Feb 2009 (W9),Torquay United FC (31),3-3,2-3,Forest Green Rovers FC (31)
?,(Sat) 28 Feb 2009 (W9),Altrincham FC (32),1-2,1-0,Stevenage FC (34)
?,(Sat) 28 Feb 2009 (W9),Barrow AFC (32),0-0,0-0,Northwich Victoria FC (33)
?,(Sat) 28 Feb 2009 (W9),Cambridge United FC (34),1-1,0-1,Crawley Town FC (32)
?,(Sat) 28 Feb 2009 (W9),Forest Green Rovers FC (32),1-1,1-0,Grays Athletic FC (31)
?,(Sat) 28 Feb 2009 (W9),Kidderminster Harriers FC (31),2-0,2-0,Eastbourne Borough FC (32)
?,(Sat) 28 Feb 2009 (W9),Lewes FC (34),0-3,0-1,Histon FC (31)
?,(Sat) 28 Feb 2009 (W9),Oxford United FC (34),0-2,0-0,Torquay United FC (32)
?,(Sat) 28 Feb 2009 (W9),AFC Rushden & Diamonds (34),0-1,0-0,Mansfield Town FC (33)
?,(Sat) 28 Feb 2009 (W9),Woking FC (35),0-0,0-0,Burton Albion FC (33)
?,(Sat) 28 Feb 2009 (W9),Wrexham AFC (30),1-1,1-0,Salisbury City FC (33)
?,(Sat) 28 Feb 2009 (W9),York City FC (33),2-0,1-0,Weymouth FC (33)
?,(Mon) 2 Mar 2009 (W10),Histon FC (32),1-1,0-0,Cambridge United FC (35)
?,(Tue) 3 Mar 2009 (W10),Crawley Town FC (33),1-0,0-0,Wrexham AFC (31)
?,(Tue) 3 Mar 2009 (W10),Eastbourne Borough FC (33),0-3,0-1,Oxford United FC (35)
?,(Tue) 3 Mar 2009 (W10),Grays Athletic FC (32),1-2,1-1,Torquay United FC (33)
?,(Tue) 3 Mar 2009 (W10),Kettering Town FC (29),3-1,1-0,Altrincham FC (33)
?,(Tue) 3 Mar 2009 (W10),Stevenage FC (35),1-1,1-1,Forest Green Rovers FC (33)
?,(Sat) 7 Mar 2009 (W10),Cambridge United FC (36),2-0,0-0,Burton Albion FC (34)
?,(Sat) 7 Mar 2009 (W10),Eastbourne Borough FC (34),1-0,0-0,Wrexham AFC (32)
?,(Sat) 7 Mar 2009 (W10),Forest Green Rovers FC (34),3-3,2-2,Oxford United FC (36)
?,(Sat) 7 Mar 2009 (W10),Grays Athletic FC (33),2-1,1-0,Altrincham FC (34)
?,(Sat) 7 Mar 2009 (W10),Kettering Town FC (30),1-0,0-0,Histon FC (33)
?,(Sat) 7 Mar 2009 (W10),Mansfield Town FC (34),1-0,0-0,Lewes FC (35)
?,(Sat) 7 Mar 2009 (W10),Northwich Victoria FC (34),0-1,0-0,Stevenage FC (36)
?,(Sat) 7 Mar 2009 (W10),Salisbury City FC (34),0-0,0-0,Kidderminster Harriers FC (32)
?,(Sat) 7 Mar 2009 (W10),Torquay United FC (34),1-1,1-0,AFC Rushden & Diamonds (35)
?,(Sat) 7 Mar 2009 (W10),Woking FC (36),1-0,1-0,Barrow AFC (33)
?,(Sun) 8 Mar 2009 (W10),Crawley Town FC (34),4-2,3-2,Weymouth FC (34)
?,(Sun) 8 Mar 2009 (W10),Ebbsfleet United FC (31),0-0,0-0,York City FC (34)
?,(Tue) 10 Mar 2009 (W11),Altrincham FC (35),0-1,0-0,Torquay United FC (35)
?,(Tue) 10 Mar 2009 (W11),Barrow AFC (34),1-0,0-0,Histon FC (34)
?,(Tue) 10 Mar 2009 (W11),Cambridge United FC (37),2-1,0-1,Mansfield Town FC (35)
?,(Tue) 10 Mar 2009 (W11),Kettering Town FC (31),0-0,0-0,Grays Athletic FC (34)
?,(Tue) 10 Mar 2009 (W11),Kidderminster Harriers FC (33),2-0,1-0,Crawley Town FC (35)
?,(Tue) 10 Mar 2009 (W11),AFC Rushden & Diamonds (36),2-1,1-1,Lewes FC (36)
?,(Tue) 10 Mar 2009 (W11),Weymouth FC (35),0-4,0-1,Salisbury City FC (35)
?,(Tue) 10 Mar 2009 (W11),Wrexham AFC (33),1-1,0-0,Forest Green Rovers FC (35)
?,(Wed) 11 Mar 2009 (W11),Ebbsfleet United FC (32),2-1,1-0,Burton Albion FC (35)
?,(Sat) 14 Mar 2009 (W11),Altrincham FC (36),4-0,3-0,Weymouth FC (36)
?,(Sat) 14 Mar 2009 (W11),Burton Albion FC (36),1-2,0-2,Salisbury City FC (36)
?,(Sat) 14 Mar 2009 (W11),Cambridge United FC (38),4-1,3-1,Northwich Victoria FC (35)
?,(Sat) 14 Mar 2009 (W11),Crawley Town FC (36),0-0,0-0,AFC Rushden & Diamonds (37)
?,(Sat) 14 Mar 2009 (W11),Kettering Town FC (32),0-1,0-0,Eastbourne Borough FC (35)
?,(Sat) 14 Mar 2009 (W11),Lewes FC (37),0-1,0-1,Kidderminster Harriers FC (34)
?,(Sat) 14 Mar 2009 (W11),Mansfield Town FC (36),3-0,1-0,Forest Green Rovers FC (36)
?,(Sat) 14 Mar 2009 (W11),Oxford United FC (37),4-1,3-0,Grays Athletic FC (35)
?,(Sat) 14 Mar 2009 (W11),Torquay United FC (36),4-1,2-1,Barrow AFC (35)
?,(Sat) 14 Mar 2009 (W11),Woking FC (37),1-1,0-1,Wrexham AFC (34)
?,(Tue) 17 Mar 2009 (W12),Barrow AFC (36),0-2,0-0,Cambridge United FC (39)
?,(Tue) 17 Mar 2009 (W12),Eastbourne Borough FC (36),0-0,0-0,Salisbury City FC (37)
?,(Tue) 17 Mar 2009 (W12),Forest Green Rovers FC (37),1-1,1-0,York City FC (35)
?,(Tue) 17 Mar 2009 (W12),Histon FC (35),4-1,4-1,Grays Athletic FC (36)
?,(Tue) 17 Mar 2009 (W12),Kettering Town FC (33),1-0,1-0,Lewes FC (38)
?,(Tue) 17 Mar 2009 (W12),Northwich Victoria FC (36),1-2,1-1,Wrexham AFC (35)
?,(Tue) 17 Mar 2009 (W12),Weymouth FC (37),0-5,0-3,Burton Albion FC (37)
?,(Thu) 19 Mar 2009 (W12),Kettering Town FC (34),1-2,0-2,Oxford United FC (38)
?,(Sat) 21 Mar 2009 (W12),Altrincham FC (37),2-5,2-0,Forest Green Rovers FC (38)
?,(Sat) 21 Mar 2009 (W12),Barrow AFC (37),2-0,1-0,Lewes FC (39)
?,(Sat) 21 Mar 2009 (W12),Eastbourne Borough FC (37),1-2,1-0,Burton Albion FC (38)
?,(Sat) 21 Mar 2009 (W12),Grays Athletic FC (37),2-1,0-0,Mansfield Town FC (37)
?,(Sat) 21 Mar 2009 (W12),Kidderminster Harriers FC (35),3-0,1-0,Woking FC (38)
?,(Sat) 21 Mar 2009 (W12),Northwich Victoria FC (37),2-3,1-0,Torquay United FC (37)
?,(Sat) 21 Mar 2009 (W12),Salisbury City FC (38),1-1,0-1,AFC Rushden & Diamonds (38)
?,(Sat) 21 Mar 2009 (W12),Weymouth FC (38),0-2,0-0,Kettering Town FC (35)
?,(Sat) 21 Mar 2009 (W12),Wrexham AFC (36),0-2,0-2,Crawley Town FC (37)
?,(Mon) 23 Mar 2009 (W13),Wrexham AFC (37),0-1,0-0,Kidderminster Harriers FC (36)
?,(Tue) 24 Mar 2009 (W13),Histon FC (36),0-0,0-0,Stevenage FC (37)
?,(Tue) 24 Mar 2009 (W13),AFC Rushden & Diamonds (39),1-3,0-1,Oxford United FC (39)
?,(Tue) 24 Mar 2009 (W13),Salisbury City FC (39),1-0,1-0,Ebbsfleet United FC (33)
?,(Tue) 24 Mar 2009 (W13),Torquay United FC (38),1-1,0-1,Grays Athletic FC (38)
?,(Tue) 24 Mar 2009 (W13),York City FC (36),0-0,0-0,Kettering Town FC (36)
?,(Sat) 28 Mar 2009 (W13),Altrincham FC (38),2-2,1-1,Crawley Town FC (38)
?,(Sat) 28 Mar 2009 (W13),Burton Albion FC (39),4-0,3-0,Grays Athletic FC (39)
?,(Sat) 28 Mar 2009 (W13),Forest Green Rovers FC (39),4-1,2-1,Lewes FC (40)
?,(Sat) 28 Mar 2009 (W13),Histon FC (37),1-0,1-0,Wrexham AFC (38)
?,(Sat) 28 Mar 2009 (W13),Kettering Town FC (37),2-1,1-1,Ebbsfleet United FC (34)
?,(Sat) 28 Mar 2009 (W13),Mansfield Town FC (38),1-1,1-0,Torquay United FC (39)
?,(Sat) 28 Mar 2009 (W13),Northwich Victoria FC (38),4-2,1-0,AFC Rushden & Diamonds (40)
?,(Sat) 28 Mar 2009 (W13),Salisbury City FC (40),2-0,0-0,Eastbourne Borough FC (38)
?,(Sat) 28 Mar 2009 (W13),Stevenage FC (38),1-1,0-0,Oxford United FC (40)
?,(Sat) 28 Mar 2009 (W13),York City FC (37),0-0,0-0,Kidderminster Harriers FC (37)
?,(Sun) 29 Mar 2009 (W13),Weymouth FC (39),0-3,0-0,Barrow AFC (38)
?,(Mon) 30 Mar 2009 (W14),Woking FC (39),0-1,0-0,Cambridge United FC (40)
?,(Tue) 31 Mar 2009 (W14),Burton Albion FC (40),1-1,1-1,Kettering Town FC (38)
?,(Tue) 31 Mar 2009 (W14),Eastbourne Borough FC (39),2-1,0-0,Crawley Town FC (39)
?,(Tue) 31 Mar 2009 (W14),Ebbsfleet United FC (35),1-0,1-0,Altrincham FC (39)
?,(Tue) 31 Mar 2009 (W14),Grays Athletic FC (40),0-0,0-0,AFC Rushden & Diamonds (41)
?,(Tue) 31 Mar 2009 (W14),Histon FC (38),3-0,2-0,Mansfield Town FC (39)
?,(Tue) 31 Mar 2009 (W14),Northwich Victoria FC (39),1-1,1-0,Salisbury City FC (41)
?,(Tue) 31 Mar 2009 (W14),York City FC (38),0-2,0-0,Stevenage FC (39)
?,(Wed) 1 Apr 2009 (W14),Woking FC (40),1-5,0-4,Kidderminster Harriers FC (38)
?,(Thu) 2 Apr 2009 (W14),Eastbourne Borough FC (40),0-1,0-0,Ebbsfleet United FC (36)
?,(Thu) 2 Apr 2009 (W14),Wrexham AFC (39),1-1,0-0,Barrow AFC (39)
?,(Sat) 4 Apr 2009 (W14),Barrow AFC (40),0-1,0-0,Woking FC (41)
?,(Sat) 4 Apr 2009 (W14),Cambridge United FC (41),0-1,0-1,Forest Green Rovers FC (40)
?,(Sat) 4 Apr 2009 (W14),Crawley Town FC (40),4-0,2-0,Burton Albion FC (41)
?,(Sat) 4 Apr 2009 (W14),Eastbourne Borough FC (41),3-0,1-0,Weymouth FC (40)
?,(Sat) 4 Apr 2009 (W14),Ebbsfleet United FC (37),1-0,0-0,Northwich Victoria FC (40)
?,(Sat) 4 Apr 2009 (W14),Grays Athletic FC (41),1-0,1-0,York City FC (39)
?,(Sat) 4 Apr 2009 (W14),Kidderminster Harriers FC (39),4-2,1-2,Stevenage FC (40)
?,(Sat) 4 Apr 2009 (W14),Lewes FC (41),2-0,2-0,Altrincham FC (40)
?,(Sat) 4 Apr 2009 (W14),Oxford United FC (41),2-1,0-1,Histon FC (39)
?,(Sat) 4 Apr 2009 (W14),AFC Rushden & Diamonds (42),2-1,2-0,Salisbury City FC (42)
?,(Sat) 4 Apr 2009 (W14),Torquay United FC (40),2-0,1-0,Kettering Town FC (39)
?,(Sat) 4 Apr 2009 (W14),Wrexham AFC (40),2-0,2-0,Mansfield Town FC (40)
?,(Mon) 6 Apr 2009 (W15),Burton Albion FC (42),0-1,0-1,Torquay United FC (41)
?,(Tue) 7 Apr 2009 (W15),Altrincham FC (41),2-2,1-2,Eastbourne Borough FC (42)
?,(Tue) 7 Apr 2009 (W15),Forest Green Rovers FC (41),2-2,1-1,Kidderminster Harriers FC (40)
?,(Tue) 7 Apr 2009 (W15),Kettering Town FC (40),0-0,0-0,Barrow AFC (41)
?,(Tue) 7 Apr 2009 (W15),Mansfield Town FC (41),2-0,1-0,Ebbsfleet United FC (38)
?,(Tue) 7 Apr 2009 (W15),Northwich Victoria FC (41),2-0,1-0,Woking FC (42)
?,(Tue) 7 Apr 2009 (W15),Stevenage FC (41),2-1,2-1,Cambridge United FC (42)
?,(Tue) 7 Apr 2009 (W15),Wrexham AFC (41),0-0,0-0,Histon FC (40)
?,(Tue) 7 Apr 2009 (W15),York City FC (40),0-0,0-0,Oxford United FC (42)
?,(Thu) 9 Apr 2009 (W15),Ebbsfleet United FC (39),1-1,1-0,Kidderminster Harriers FC (41)
?,(Sat) 11 Apr 2009 (W15),Altrincham FC (42),2-2,1-0,Kidderminster Harriers FC (42)
?,(Sat) 11 Apr 2009 (W15),Burton Albion FC (43),3-1,1-0,Histon FC (41)
?,(Sat) 11 Apr 2009 (W15),Cambridge United FC (43),2-1,0-0,Eastbourne Borough FC (43)
?,(Sat) 11 Apr 2009 (W15),Forest Green Rovers FC (42),0-2,0-1,Woking FC (43)
?,(Sat) 11 Apr 2009 (W15),Grays Athletic FC (42),3-1,2-0,Salisbury City FC (43)
?,(Sat) 11 Apr 2009 (W15),Lewes FC (42),1-0,0-0,Weymouth FC (41)
?,(Sat) 11 Apr 2009 (W15),Mansfield Town FC (42),2-2,0-0,Barrow AFC (42)
?,(Sat) 11 Apr 2009 (W15),Oxford United FC (43),1-0,0-0,Wrexham AFC (42)
?,(Sat) 11 Apr 2009 (W15),AFC Rushden & Diamonds (43),1-0,0-0,Kettering Town FC (41)
?,(Sat) 11 Apr 2009 (W15),Stevenage FC (42),1-0,1-0,Ebbsfleet United FC (40)
?,(Sat) 11 Apr 2009 (W15),Torquay United FC (42),0-2,0-1,Crawley Town FC (41)
?,(Sat) 11 Apr 2009 (W15),York City FC (41),1-2,0-1,Northwich Victoria FC (42)
?,(Mon) 13 Apr 2009 (W16),Barrow AFC (43),0-0,0-0,York City FC (42)
?,(Mon) 13 Apr 2009 (W16),Crawley Town FC (42),0-2,0-1,Stevenage FC (43)
?,(Mon) 13 Apr 2009 (W16),Eastbourne Borough FC (44),2-1,1-1,Grays Athletic FC (43)
?,(Mon) 13 Apr 2009 (W16),Ebbsfleet United FC (41),2-1,1-1,Lewes FC (43)
?,(Mon) 13 Apr 2009 (W16),Histon FC (42),0-0,0-0,AFC Rushden & Diamonds (44)
?,(Mon) 13 Apr 2009 (W16),Kettering Town FC (42),1-2,0-1,Cambridge United FC (44)
?,(Mon) 13 Apr 2009 (W16),Kidderminster Harriers FC (43),2-1,0-1,Burton Albion FC (44)
?,(Mon) 13 Apr 2009 (W16),Northwich Victoria FC (43),2-0,1-0,Mansfield Town FC (43)
?,(Mon) 13 Apr 2009 (W16),Salisbury City FC (44),2-2,1-1,Torquay United FC (43)
?,(Mon) 13 Apr 2009 (W16),Weymouth FC (42),1-1,1-0,Forest Green Rovers FC (43)
?,(Mon) 13 Apr 2009 (W16),Woking FC (44),0-2,0-2,Oxford United FC (44)
?,(Mon) 13 Apr 2009 (W16),Wrexham AFC (43),0-1,0-0,Altrincham FC (43)
?,(Wed) 15 Apr 2009 (W16),Kettering Town FC (43),1-1,0-1,Crawley Town FC (43)
?,(Thu) 16 Apr 2009 (W16),Histon FC (43),5-2,2-2,Ebbsfleet United FC (42)
?,(Fri) 17 Apr 2009 (W16),Burton Albion FC (45),0-1,0-0,Oxford United FC (45)
?,(Sat) 18 Apr 2009 (W16),Altrincham FC (44),2-0,1-0,Grays Athletic FC (44)
?,(Sat) 18 Apr 2009 (W16),Barrow AFC (44),3-3,0-2,Crawley Town FC (44)
?,(Sat) 18 Apr 2009 (W16),Forest Green Rovers FC (44),4-0,2-0,AFC Rushden & Diamonds (45)
?,(Sat) 18 Apr 2009 (W16),Histon FC (44),1-1,1-1,Kidderminster Harriers FC (44)
?,(Sat) 18 Apr 2009 (W16),Kettering Town FC (44),1-0,1-0,Wrexham AFC (44)
?,(Sat) 18 Apr 2009 (W16),Northwich Victoria FC (44),3-0,1-0,Lewes FC (44)
?,(Sat) 18 Apr 2009 (W16),Salisbury City FC (45),1-2,1-2,Cambridge United FC (45)
?,(Sat) 18 Apr 2009 (W16),Stevenage FC (44),0-0,0-0,Torquay United FC (44)
?,(Sat) 18 Apr 2009 (W16),Weymouth FC (43),0-2,0-2,Ebbsfleet United FC (43)
?,(Sat) 18 Apr 2009 (W16),Woking FC (45),2-2,1-1,Mansfield Town FC (44)
?,(Sat) 18 Apr 2009 (W16),York City FC (43),1-0,1-0,Eastbourne Borough FC (45)
?,(Tue) 21 Apr 2009 (W17),Barrow AFC (45),1-1,1-0,Torquay United FC (45)
?,(Tue) 21 Apr 2009 (W17),Ebbsfleet United FC (44),1-0,0-0,Wrexham AFC (45)
?,(Tue) 21 Apr 2009 (W17),Grays Athletic FC (45),1-0,1-0,Crawley Town FC (45)
?,(Tue) 21 Apr 2009 (W17),Histon FC (45),1-0,1-0,Weymouth FC (44)
?,(Tue) 21 Apr 2009 (W17),Lewes FC (45),1-2,0-1,Kettering Town FC (45)
?,(Tue) 21 Apr 2009 (W17),Mansfield Town FC (45),2-0,1-0,Altrincham FC (45)
?,(Tue) 21 Apr 2009 (W17),Stevenage FC (45),3-1,1-1,Kidderminster Harriers FC (45)
?,(Tue) 21 Apr 2009 (W17),York City FC (44),2-1,0-0,Forest Green Rovers FC (45)
?,(Thu) 23 Apr 2009 (W17),Northwich Victoria FC (45),2-0,0-0,Ebbsfleet United FC (45)
?,(Fri) 24 Apr 2009 (W17),Weymouth FC (45),1-2,1-1,York City FC (45)
?,(Sun) 26 Apr 2009 (W17),Cambridge United FC (46),0-0,0-0,Altrincham FC (46)
?,(Sun) 26 Apr 2009 (W17),Crawley Town FC (46),3-3,0-3,Histon FC (46)
?,(Sun) 26 Apr 2009 (W17),Eastbourne Borough FC (46),0-2,0-0,Barrow AFC (46)
?,(Sun) 26 Apr 2009 (W17),Ebbsfleet United FC (46),2-2,0-1,Salisbury City FC (46)
?,(Sun) 26 Apr 2009 (W17),Grays Athletic FC (46),2-1,0-1,Forest Green Rovers FC (46)
?,(Sun) 26 Apr 2009 (W17),Kidderminster Harriers FC (46),0-1,0-0,Kettering Town FC (46)
?,(Sun) 26 Apr 2009 (W17),Lewes FC (46),1-1,0-0,York City FC (46)
?,(Sun) 26 Apr 2009 (W17),Mansfield Town FC (46),2-1,0-0,Stevenage FC (46)
?,(Sun) 26 Apr 2009 (W17),Oxford United FC (46),1-2,0-1,Northwich Victoria FC (46)
?,(Sun) 26 Apr 2009 (W17),AFC Rushden & Diamonds (46),3-1,2-1,Woking FC (46)
?,(Sun) 26 Apr 2009 (W17),Torquay United FC (46),2-1,1-1,Burton Albion FC (46)
?,(Sun) 26 Apr 2009 (W17),Wrexham AFC (46),2-0,2-0,Weymouth FC (46)
