Round,Date,Team 1,FT,HT,Team 2
?,(Sat) 25 Aug 1934 (34),Leeds United FC (1),2-4,?,Middlesbrough FC (1)
?,(Sat) 25 Aug 1934 (34),Derby County FC (1),3-0,?,Chelsea FC (1)
?,(Sat) 25 Aug 1934 (34),Sheffield Wednesday FC (1),4-1,?,Stoke City FC (1)
?,(Sat) 25 Aug 1934 (34),Preston North End FC (1),1-0,?,Grimsby Town FC (1)
?,(Sat) 25 Aug 1934 (34),Portsmouth FC (1),3-3,?,Arsenal FC (1)
?,(Sat) 25 Aug 1934 (34),Sunderland AFC (1),4-1,?,Huddersfield Town AFC (1)
?,(Sat) 25 Aug 1934 (34),Liverpool FC (1),2-0,?,Blackburn Rovers FC (1)
?,(Sat) 25 Aug 1934 (34),West Bromwich Albion FC (1),1-1,?,Manchester City FC (1)
?,(Sat) 25 Aug 1934 (34),Leicester City FC (1),1-1,?,Wolverhampton Wanderers FC (1)
?,(Sat) 25 Aug 1934 (34),Birmingham City FC (1),2-1,?,Aston Villa FC (1)
?,(Sat) 25 Aug 1934 (34),Tottenham Hotspur FC (1),1-1,?,Everton FC (1)
?,(Mon) 27 Aug 1934 (35),Huddersfield Town AFC (2),1-0,?,Derby County FC (2)
?,(Mon) 27 Aug 1934 (35),Stoke City FC (2),8-1,?,Leeds United FC (2)
?,(Mon) 27 Aug 1934 (35),Tottenham Hotspur FC (2),1-2,?,Preston North End FC (2)
?,(Mon) 27 Aug 1934 (35),Aston Villa FC (2),2-1,?,Wolverhampton Wanderers FC (2)
?,(Tue) 28 Aug 1934 (35),Grimsby Town FC (2),0-0,?,Sunderland AFC (2)
?,(Wed) 29 Aug 1934 (35),West Bromwich Albion FC (2),1-2,?,Birmingham City FC (2)
?,(Wed) 29 Aug 1934 (35),Middlesbrough FC (2),1-1,?,Portsmouth FC (2)
?,(Wed) 29 Aug 1934 (35),Chelsea FC (2),1-2,?,Sheffield Wednesday FC (2)
?,(Wed) 29 Aug 1934 (35),Manchester City FC (2),3-1,?,Liverpool FC (2)
?,(Wed) 29 Aug 1934 (35),Everton FC (2),2-1,?,Leicester City FC (2)
?,(Sat) 1 Sep 1934 (35),Manchester City FC (3),4-1,?,Sheffield Wednesday FC (3)
?,(Sat) 1 Sep 1934 (35),Wolverhampton Wanderers FC (3),1-2,?,Sunderland AFC (3)
?,(Sat) 1 Sep 1934 (35),Stoke City FC (3),2-0,?,Birmingham City FC (3)
?,(Sat) 1 Sep 1934 (35),Chelsea FC (3),3-1,?,Leicester City FC (3)
?,(Sat) 1 Sep 1934 (35),Aston Villa FC (3),3-2,?,Derby County FC (3)
?,(Sat) 1 Sep 1934 (35),Grimsby Town FC (3),3-0,?,Portsmouth FC (3)
?,(Sat) 1 Sep 1934 (35),Everton FC (3),4-1,?,Preston North End FC (3)
?,(Sat) 1 Sep 1934 (35),Arsenal FC (2),8-1,?,Liverpool FC (3)
?,(Sat) 1 Sep 1934 (35),Middlesbrough FC (3),0-0,?,West Bromwich Albion FC (3)
?,(Sat) 1 Sep 1934 (35),Blackburn Rovers FC (2),1-1,?,Leeds United FC (3)
?,(Sat) 1 Sep 1934 (35),Huddersfield Town AFC (3),0-0,?,Tottenham Hotspur FC (3)
?,(Mon) 3 Sep 1934 (36),Birmingham City FC (4),1-2,?,West Bromwich Albion FC (4)
?,(Mon) 3 Sep 1934 (36),Sheffield Wednesday FC (4),3-1,?,Chelsea FC (4)
?,(Mon) 3 Sep 1934 (36),Leeds United FC (4),4-2,?,Stoke City FC (4)
?,(Mon) 3 Sep 1934 (36),Leicester City FC (4),5-2,?,Everton FC (4)
?,(Mon) 3 Sep 1934 (36),Preston North End FC (4),1-0,?,Tottenham Hotspur FC (4)
?,(Mon) 3 Sep 1934 (36),Wolverhampton Wanderers FC (4),5-2,?,Aston Villa FC (4)
?,(Wed) 5 Sep 1934 (36),Arsenal FC (3),4-0,?,Blackburn Rovers FC (3)
?,(Wed) 5 Sep 1934 (36),Sunderland AFC (4),3-0,?,Grimsby Town FC (4)
?,(Wed) 5 Sep 1934 (36),Derby County FC (4),4-1,?,Huddersfield Town AFC (4)
?,(Wed) 5 Sep 1934 (36),Portsmouth FC (4),1-0,?,Middlesbrough FC (4)
?,(Wed) 5 Sep 1934 (36),Liverpool FC (4),2-1,?,Manchester City FC (4)
?,(Sat) 8 Sep 1934 (36),West Bromwich Albion FC (5),2-2,?,Blackburn Rovers FC (4)
?,(Sat) 8 Sep 1934 (36),Grimsby Town FC (5),0-0,?,Everton FC (5)
?,(Sat) 8 Sep 1934 (36),Leicester City FC (5),5-0,?,Aston Villa FC (5)
?,(Sat) 8 Sep 1934 (36),Preston North End FC (5),2-0,?,Huddersfield Town AFC (5)
?,(Sat) 8 Sep 1934 (36),Liverpool FC (5),0-1,?,Portsmouth FC (5)
?,(Sat) 8 Sep 1934 (36),Sheffield Wednesday FC (5),3-3,?,Middlesbrough FC (5)
?,(Sat) 8 Sep 1934 (36),Leeds United FC (5),1-1,?,Arsenal FC (4)
?,(Sat) 8 Sep 1934 (36),Tottenham Hotspur FC (5),3-1,?,Wolverhampton Wanderers FC (5)
?,(Sat) 8 Sep 1934 (36),Derby County FC (5),0-2,?,Stoke City FC (5)
?,(Sat) 8 Sep 1934 (36),Birmingham City FC (5),1-3,?,Manchester City FC (5)
?,(Sat) 8 Sep 1934 (36),Sunderland AFC (5),4-0,?,Chelsea FC (5)
?,(Sat) 15 Sep 1934 (37),Wolverhampton Wanderers FC (6),2-2,?,Preston North End FC (6)
?,(Sat) 15 Sep 1934 (37),Huddersfield Town AFC (6),1-5,?,Grimsby Town FC (6)
?,(Sat) 15 Sep 1934 (37),Manchester City FC (6),3-1,?,Stoke City FC (6)
?,(Sat) 15 Sep 1934 (37),Derby County FC (6),1-1,?,Leicester City FC (6)
?,(Sat) 15 Sep 1934 (37),Chelsea FC (6),1-3,?,Tottenham Hotspur FC (6)
?,(Sat) 15 Sep 1934 (37),Aston Villa FC (6),1-1,?,Sunderland AFC (6)
?,(Sat) 15 Sep 1934 (37),Middlesbrough FC (6),0-1,?,Birmingham City FC (6)
?,(Sat) 15 Sep 1934 (37),Everton FC (6),1-0,?,Liverpool FC (6)
?,(Sat) 15 Sep 1934 (37),Blackburn Rovers FC (5),2-1,?,Sheffield Wednesday FC (6)
?,(Sat) 15 Sep 1934 (37),Arsenal FC (5),4-3,?,West Bromwich Albion FC (6)
?,(Sat) 15 Sep 1934 (37),Portsmouth FC (6),0-0,?,Leeds United FC (6)
?,(Mon) 17 Sep 1934 (38),Blackburn Rovers FC (6),2-0,?,Arsenal FC (6)
?,(Sat) 22 Sep 1934 (38),West Bromwich Albion FC (7),4-2,?,Portsmouth FC (7)
?,(Sat) 22 Sep 1934 (38),Stoke City FC (7),2-0,?,Middlesbrough FC (7)
?,(Sat) 22 Sep 1934 (38),Sheffield Wednesday FC (7),0-0,?,Arsenal FC (7)
?,(Sat) 22 Sep 1934 (38),Birmingham City FC (7),1-0,?,Blackburn Rovers FC (7)
?,(Sat) 22 Sep 1934 (38),Sunderland AFC (7),1-4,?,Derby County FC (7)
?,(Sat) 22 Sep 1934 (38),Leeds United FC (7),0-3,?,Liverpool FC (7)
?,(Sat) 22 Sep 1934 (38),Preston North End FC (7),2-0,?,Chelsea FC (7)
?,(Sat) 22 Sep 1934 (38),Everton FC (7),4-2,?,Huddersfield Town AFC (7)
?,(Sat) 22 Sep 1934 (38),Leicester City FC (7),1-3,?,Manchester City FC (7)
?,(Sat) 22 Sep 1934 (38),Tottenham Hotspur FC (7),0-2,?,Aston Villa FC (7)
?,(Sat) 22 Sep 1934 (38),Grimsby Town FC (7),2-1,?,Wolverhampton Wanderers FC (7)
?,(Sat) 29 Sep 1934 (39),Aston Villa FC (8),4-2,?,Preston North End FC (8)
?,(Sat) 29 Sep 1934 (39),Leicester City FC (8),0-2,?,Sunderland AFC (8)
?,(Sat) 29 Sep 1934 (39),Blackburn Rovers FC (8),0-1,?,Stoke City FC (8)
?,(Sat) 29 Sep 1934 (39),Leeds United FC (8),2-0,?,Huddersfield Town AFC (8)
?,(Sat) 29 Sep 1934 (39),Liverpool FC (8),3-2,?,West Bromwich Albion FC (8)
?,(Sat) 29 Sep 1934 (39),Wolverhampton Wanderers FC (8),4-2,?,Everton FC (8)
?,(Sat) 29 Sep 1934 (39),Portsmouth FC (8),2-1,?,Sheffield Wednesday FC (8)
?,(Sat) 29 Sep 1934 (39),Chelsea FC (8),2-0,?,Grimsby Town FC (8)
?,(Sat) 29 Sep 1934 (39),Arsenal FC (8),5-1,?,Birmingham City FC (8)
?,(Sat) 29 Sep 1934 (39),Middlesbrough FC (8),1-2,?,Manchester City FC (8)
?,(Sat) 29 Sep 1934 (39),Derby County FC (8),2-1,?,Tottenham Hotspur FC (8)
?,(Sat) 6 Oct 1934 (40),Everton FC (9),3-2,?,Chelsea FC (9)
?,(Sat) 6 Oct 1934 (40),Sunderland AFC (9),1-1,?,Middlesbrough FC (9)
?,(Sat) 6 Oct 1934 (40),Tottenham Hotspur FC (9),2-2,?,Leicester City FC (9)
?,(Sat) 6 Oct 1934 (40),Birmingham City FC (9),2-1,?,Portsmouth FC (9)
?,(Sat) 6 Oct 1934 (40),Manchester City FC (9),3-3,?,Blackburn Rovers FC (9)
?,(Sat) 6 Oct 1934 (40),Stoke City FC (9),2-2,?,Arsenal FC (9)
?,(Sat) 6 Oct 1934 (40),Sheffield Wednesday FC (9),4-1,?,Liverpool FC (9)
?,(Sat) 6 Oct 1934 (40),Huddersfield Town AFC (9),4-1,?,Wolverhampton Wanderers FC (9)
?,(Sat) 6 Oct 1934 (40),Grimsby Town FC (9),5-1,?,Aston Villa FC (9)
?,(Sat) 6 Oct 1934 (40),Preston North End FC (9),0-1,?,Derby County FC (9)
?,(Sat) 6 Oct 1934 (40),West Bromwich Albion FC (9),6-3,?,Leeds United FC (9)
?,(Sat) 13 Oct 1934 (41),Leicester City FC (10),0-0,?,Preston North End FC (10)
?,(Sat) 13 Oct 1934 (41),Wolverhampton Wanderers FC (10),3-2,?,West Bromwich Albion FC (10)
?,(Sat) 13 Oct 1934 (41),Aston Villa FC (10),2-2,?,Everton FC (10)
?,(Sat) 13 Oct 1934 (41),Liverpool FC (10),5-4,?,Birmingham City FC (10)
?,(Sat) 13 Oct 1934 (41),Chelsea FC (10),2-1,?,Huddersfield Town AFC (10)
?,(Sat) 13 Oct 1934 (41),Sunderland AFC (10),1-2,?,Tottenham Hotspur FC (10)
?,(Sat) 13 Oct 1934 (41),Portsmouth FC (10),0-1,?,Stoke City FC (10)
?,(Sat) 13 Oct 1934 (41),Derby County FC (10),1-4,?,Grimsby Town FC (10)
?,(Sat) 13 Oct 1934 (41),Blackburn Rovers FC (10),3-2,?,Middlesbrough FC (10)
?,(Sat) 13 Oct 1934 (41),Arsenal FC (10),3-0,?,Manchester City FC (10)
?,(Sat) 13 Oct 1934 (41),Leeds United FC (10),0-0,?,Sheffield Wednesday FC (10)
?,(Sat) 20 Oct 1934 (42),Blackburn Rovers FC (11),0-0,?,Sunderland AFC (11)
?,(Sat) 20 Oct 1934 (42),Arsenal FC (11),5-1,?,Tottenham Hotspur FC (11)
?,(Sat) 20 Oct 1934 (42),Sheffield Wednesday FC (11),3-1,?,Wolverhampton Wanderers FC (11)
?,(Sat) 20 Oct 1934 (42),Manchester City FC (11),0-1,?,Derby County FC (11)
?,(Sat) 20 Oct 1934 (42),West Bromwich Albion FC (11),4-1,?,Huddersfield Town AFC (11)
?,(Sat) 20 Oct 1934 (42),Middlesbrough FC (11),1-0,?,Leicester City FC (11)
?,(Sat) 20 Oct 1934 (42),Leeds United FC (11),2-0,?,Everton FC (11)
?,(Sat) 20 Oct 1934 (42),Birmingham City FC (11),0-1,?,Chelsea FC (11)
?,(Sat) 20 Oct 1934 (42),Stoke City FC (11),4-1,?,Aston Villa FC (11)
?,(Sat) 20 Oct 1934 (42),Liverpool FC (11),1-1,?,Grimsby Town FC (11)
?,(Wed) 24 Oct 1934 (43),Portsmouth FC (11),4-0,?,Preston North End FC (11)
?,(Sat) 27 Oct 1934 (43),Huddersfield Town AFC (12),4-0,?,Sheffield Wednesday FC (12)
?,(Sat) 27 Oct 1934 (43),Derby County FC (12),2-0,?,Middlesbrough FC (12)
?,(Sat) 27 Oct 1934 (43),Tottenham Hotspur FC (12),4-1,?,Portsmouth FC (12)
?,(Sat) 27 Oct 1934 (43),Leicester City FC (12),0-1,?,Blackburn Rovers FC (12)
?,(Sat) 27 Oct 1934 (43),Aston Villa FC (12),4-2,?,Manchester City FC (12)
?,(Sat) 27 Oct 1934 (43),Grimsby Town FC (12),3-2,?,Leeds United FC (12)
?,(Sat) 27 Oct 1934 (43),Sunderland AFC (12),2-1,?,Arsenal FC (12)
?,(Sat) 27 Oct 1934 (43),Preston North End FC (12),2-2,?,Liverpool FC (12)
?,(Sat) 27 Oct 1934 (43),Wolverhampton Wanderers FC (12),3-1,?,Birmingham City FC (12)
?,(Sat) 27 Oct 1934 (43),Chelsea FC (12),0-2,?,Stoke City FC (12)
?,(Sat) 27 Oct 1934 (43),Everton FC (12),4-0,?,West Bromwich Albion FC (12)
?,(Sat) 3 Nov 1934 (44),Leeds United FC (13),5-2,?,Chelsea FC (13)
?,(Sat) 3 Nov 1934 (44),Manchester City FC (13),3-1,?,Tottenham Hotspur FC (13)
?,(Sat) 3 Nov 1934 (44),Blackburn Rovers FC (13),2-2,?,Grimsby Town FC (13)
?,(Sat) 3 Nov 1934 (44),Stoke City FC (13),0-3,?,Sunderland AFC (13)
?,(Sat) 3 Nov 1934 (44),Arsenal FC (13),2-0,?,Everton FC (13)
?,(Sat) 3 Nov 1934 (44),Sheffield Wednesday FC (13),1-0,?,Derby County FC (13)
?,(Sat) 3 Nov 1934 (44),Birmingham City FC (13),2-3,?,Leicester City FC (13)
?,(Sat) 3 Nov 1934 (44),West Bromwich Albion FC (13),2-2,?,Aston Villa FC (13)
?,(Sat) 3 Nov 1934 (44),Middlesbrough FC (13),3-3,?,Preston North End FC (13)
?,(Sat) 3 Nov 1934 (44),Portsmouth FC (13),5-0,?,Huddersfield Town AFC (13)
?,(Sat) 3 Nov 1934 (44),Liverpool FC (13),2-1,?,Wolverhampton Wanderers FC (13)
?,(Sat) 10 Nov 1934 (45),Huddersfield Town AFC (14),8-0,?,Liverpool FC (14)
?,(Sat) 10 Nov 1934 (45),Preston North End FC (14),3-1,?,Blackburn Rovers FC (14)
?,(Sat) 10 Nov 1934 (45),Tottenham Hotspur FC (14),3-1,?,Middlesbrough FC (14)
?,(Sat) 10 Nov 1934 (45),Everton FC (14),3-2,?,Portsmouth FC (14)
?,(Sat) 10 Nov 1934 (45),Grimsby Town FC (14),2-2,?,Arsenal FC (14)
?,(Sat) 10 Nov 1934 (45),Chelsea FC (14),2-3,?,West Bromwich Albion FC (14)
?,(Sat) 10 Nov 1934 (45),Wolverhampton Wanderers FC (14),1-2,?,Leeds United FC (14)
?,(Sat) 10 Nov 1934 (45),Aston Villa FC (14),4-0,?,Sheffield Wednesday FC (14)
?,(Sat) 10 Nov 1934 (45),Sunderland AFC (14),3-2,?,Manchester City FC (14)
?,(Sat) 10 Nov 1934 (45),Leicester City FC (14),0-3,?,Stoke City FC (14)
?,(Sat) 10 Nov 1934 (45),Derby County FC (14),1-1,?,Birmingham City FC (14)
?,(Mon) 12 Nov 1934 (46),Blackburn Rovers FC (15),1-2,?,Chelsea FC (15)
?,(Sat) 17 Nov 1934 (46),Leeds United FC (15),2-4,?,Sunderland AFC (15)
?,(Sat) 17 Nov 1934 (46),Sheffield Wednesday FC (15),2-1,?,Preston North End FC (15)
?,(Sat) 17 Nov 1934 (46),Manchester City FC (15),0-0,?,Huddersfield Town AFC (15)
?,(Sat) 17 Nov 1934 (46),Middlesbrough FC (15),2-2,?,Wolverhampton Wanderers FC (15)
?,(Sat) 17 Nov 1934 (46),West Bromwich Albion FC (15),4-0,?,Tottenham Hotspur FC (15)
?,(Sat) 17 Nov 1934 (46),Stoke City FC (15),3-2,?,Everton FC (15)
?,(Sat) 17 Nov 1934 (46),Liverpool FC (15),5-1,?,Leicester City FC (15)
?,(Sat) 17 Nov 1934 (46),Birmingham City FC (15),3-2,?,Grimsby Town FC (15)
?,(Sat) 17 Nov 1934 (46),Portsmouth FC (15),5-1,?,Derby County FC (15)
?,(Sat) 17 Nov 1934 (46),Arsenal FC (15),1-2,?,Aston Villa FC (15)
?,(Sat) 24 Nov 1934 (47),Grimsby Town FC (16),3-1,?,Stoke City FC (16)
?,(Sat) 24 Nov 1934 (47),Sunderland AFC (16),0-1,?,West Bromwich Albion FC (16)
?,(Sat) 24 Nov 1934 (47),Chelsea FC (16),2-5,?,Arsenal FC (16)
?,(Sat) 24 Nov 1934 (47),Preston North End FC (16),0-1,?,Birmingham City FC (16)
?,(Sat) 24 Nov 1934 (47),Everton FC (16),1-2,?,Manchester City FC (16)
?,(Sat) 24 Nov 1934 (47),Tottenham Hotspur FC (16),3-2,?,Sheffield Wednesday FC (16)
?,(Sat) 24 Nov 1934 (47),Huddersfield Town AFC (16),3-1,?,Middlesbrough FC (16)
?,(Sat) 24 Nov 1934 (47),Wolverhampton Wanderers FC (16),2-1,?,Blackburn Rovers FC (16)
?,(Sat) 24 Nov 1934 (47),Derby County FC (16),1-2,?,Liverpool FC (16)
?,(Sat) 24 Nov 1934 (47),Leicester City FC (16),1-0,?,Leeds United FC (16)
?,(Mon) 26 Nov 1934 (48),Aston Villa FC (16),5-4,?,Portsmouth FC (16)
?,(Sat) 1 Dec 1934 (48),Blackburn Rovers FC (17),4-2,?,Huddersfield Town AFC (17)
?,(Sat) 1 Dec 1934 (48),Manchester City FC (17),1-0,?,Grimsby Town FC (17)
?,(Sat) 1 Dec 1934 (48),Stoke City FC (17),3-1,?,Preston North End FC (17)
?,(Sat) 1 Dec 1934 (48),Birmingham City FC (17),2-1,?,Tottenham Hotspur FC (17)
?,(Sat) 1 Dec 1934 (48),Middlesbrough FC (17),3-2,?,Everton FC (17)
?,(Sat) 1 Dec 1934 (48),Sheffield Wednesday FC (17),2-2,?,Sunderland AFC (17)
?,(Sat) 1 Dec 1934 (48),Portsmouth FC (17),1-1,?,Chelsea FC (17)
?,(Sat) 1 Dec 1934 (48),West Bromwich Albion FC (17),4-1,?,Leicester City FC (17)
?,(Sat) 1 Dec 1934 (48),Arsenal FC (17),7-0,?,Wolverhampton Wanderers FC (17)
?,(Sat) 1 Dec 1934 (48),Leeds United FC (17),4-2,?,Derby County FC (17)
?,(Sat) 1 Dec 1934 (48),Liverpool FC (17),3-1,?,Aston Villa FC (17)
?,(Sat) 8 Dec 1934 (49),Chelsea FC (18),4-1,?,Liverpool FC (18)
?,(Sat) 8 Dec 1934 (49),Sunderland AFC (18),5-1,?,Birmingham City FC (18)
?,(Sat) 8 Dec 1934 (49),Tottenham Hotspur FC (18),3-2,?,Stoke City FC (18)
?,(Sat) 8 Dec 1934 (49),Grimsby Town FC (18),2-2,?,Middlesbrough FC (18)
?,(Sat) 8 Dec 1934 (49),Everton FC (18),5-2,?,Blackburn Rovers FC (18)
?,(Sat) 8 Dec 1934 (49),Leicester City FC (18),0-1,?,Sheffield Wednesday FC (18)
?,(Sat) 8 Dec 1934 (49),Huddersfield Town AFC (18),1-1,?,Arsenal FC (18)
?,(Sat) 8 Dec 1934 (49),Wolverhampton Wanderers FC (18),2-3,?,Portsmouth FC (18)
?,(Sat) 8 Dec 1934 (49),Aston Villa FC (18),1-1,?,Leeds United FC (18)
?,(Sat) 8 Dec 1934 (49),Derby County FC (18),9-3,?,West Bromwich Albion FC (18)
?,(Sat) 8 Dec 1934 (49),Preston North End FC (18),2-4,?,Manchester City FC (18)
?,(Sat) 15 Dec 1934 (50),Portsmouth FC (19),2-4,?,Sunderland AFC (19)
?,(Sat) 15 Dec 1934 (50),Birmingham City FC (19),0-4,?,Huddersfield Town AFC (19)
?,(Sat) 15 Dec 1934 (50),Middlesbrough FC (19),4-1,?,Aston Villa FC (19)
?,(Sat) 15 Dec 1934 (50),Arsenal FC (19),8-0,?,Leicester City FC (19)
?,(Sat) 15 Dec 1934 (50),West Bromwich Albion FC (19),4-2,?,Grimsby Town FC (19)
?,(Sat) 15 Dec 1934 (50),Leeds United FC (19),3-3,?,Preston North End FC (19)
?,(Sat) 15 Dec 1934 (50),Blackburn Rovers FC (19),2-5,?,Derby County FC (19)
?,(Sat) 15 Dec 1934 (50),Manchester City FC (19),2-0,?,Chelsea FC (19)
?,(Sat) 15 Dec 1934 (50),Liverpool FC (19),4-1,?,Tottenham Hotspur FC (19)
?,(Sat) 15 Dec 1934 (50),Stoke City FC (19),1-2,?,Wolverhampton Wanderers FC (19)
?,(Sat) 15 Dec 1934 (50),Sheffield Wednesday FC (19),0-0,?,Everton FC (19)
?,(Sat) 22 Dec 1934 (51),Huddersfield Town AFC (20),1-4,?,Stoke City FC (20)
?,(Sat) 22 Dec 1934 (51),Sunderland AFC (20),2-3,?,Liverpool FC (20)
?,(Sat) 22 Dec 1934 (51),Everton FC (20),2-0,?,Birmingham City FC (20)
?,(Sat) 22 Dec 1934 (51),Chelsea FC (20),2-1,?,Middlesbrough FC (20)
?,(Sat) 22 Dec 1934 (51),Aston Villa FC (20),1-1,?,Blackburn Rovers FC (20)
?,(Sat) 22 Dec 1934 (51),Grimsby Town FC (20),3-1,?,Sheffield Wednesday FC (20)
?,(Sat) 22 Dec 1934 (51),Preston North End FC (20),1-2,?,West Bromwich Albion FC (20)
?,(Sat) 22 Dec 1934 (51),Wolverhampton Wanderers FC (20),5-0,?,Manchester City FC (20)
?,(Sat) 22 Dec 1934 (51),Leicester City FC (20),6-3,?,Portsmouth FC (20)
?,(Sat) 22 Dec 1934 (51),Tottenham Hotspur FC (20),1-1,?,Leeds United FC (20)
?,(Sat) 22 Dec 1934 (51),Derby County FC (20),3-1,?,Arsenal FC (20)
?,(Tue) 25 Dec 1934 (52),Grimsby Town FC (21),3-0,?,Tottenham Hotspur FC (21)
?,(Tue) 25 Dec 1934 (52),Wolverhampton Wanderers FC (21),5-1,?,Derby County FC (21)
?,(Tue) 25 Dec 1934 (52),Leicester City FC (21),0-3,?,Huddersfield Town AFC (21)
?,(Tue) 25 Dec 1934 (52),Blackburn Rovers FC (21),0-0,?,Portsmouth FC (21)
?,(Tue) 25 Dec 1934 (52),Leeds United FC (21),1-2,?,Manchester City FC (21)
?,(Tue) 25 Dec 1934 (52),West Bromwich Albion FC (21),3-0,?,Stoke City FC (21)
?,(Tue) 25 Dec 1934 (52),Sheffield Wednesday FC (21),2-1,?,Birmingham City FC (21)
?,(Tue) 25 Dec 1934 (52),Chelsea FC (21),2-0,?,Aston Villa FC (21)
?,(Tue) 25 Dec 1934 (52),Arsenal FC (21),5-3,?,Preston North End FC (21)
?,(Tue) 25 Dec 1934 (52),Everton FC (21),6-2,?,Sunderland AFC (21)
?,(Wed) 26 Dec 1934 (52),Sunderland AFC (22),7-0,?,Everton FC (22)
?,(Wed) 26 Dec 1934 (52),Portsmouth FC (22),3-1,?,Blackburn Rovers FC (22)
?,(Wed) 26 Dec 1934 (52),Stoke City FC (22),3-0,?,West Bromwich Albion FC (22)
?,(Wed) 26 Dec 1934 (52),Huddersfield Town AFC (22),2-3,?,Leicester City FC (22)
?,(Wed) 26 Dec 1934 (52),Derby County FC (22),2-0,?,Wolverhampton Wanderers FC (22)
?,(Wed) 26 Dec 1934 (52),Manchester City FC (22),3-0,?,Leeds United FC (22)
?,(Wed) 26 Dec 1934 (52),Preston North End FC (22),2-1,?,Arsenal FC (22)
?,(Wed) 26 Dec 1934 (52),Tottenham Hotspur FC (22),2-1,?,Grimsby Town FC (22)
?,(Wed) 26 Dec 1934 (52),Aston Villa FC (22),0-3,?,Chelsea FC (22)
?,(Wed) 26 Dec 1934 (52),Birmingham City FC (22),0-4,?,Sheffield Wednesday FC (22)
?,(Wed) 26 Dec 1934 (52),Liverpool FC (21),2-2,?,Middlesbrough FC (21)
?,(Sat) 29 Dec 1934 (52),Arsenal FC (23),1-1,?,Portsmouth FC (23)
?,(Sat) 29 Dec 1934 (52),Manchester City FC (23),3-2,?,West Bromwich Albion FC (23)
?,(Sat) 29 Dec 1934 (52),Blackburn Rovers FC (23),0-2,?,Liverpool FC (22)
?,(Sat) 29 Dec 1934 (52),Wolverhampton Wanderers FC (23),3-1,?,Leicester City FC (23)
?,(Sat) 29 Dec 1934 (52),Stoke City FC (23),1-1,?,Sheffield Wednesday FC (23)
?,(Sat) 29 Dec 1934 (52),Middlesbrough FC (22),3-3,?,Leeds United FC (23)
?,(Sat) 29 Dec 1934 (52),Aston Villa FC (23),2-2,?,Birmingham City FC (23)
?,(Sat) 29 Dec 1934 (52),Chelsea FC (23),1-1,?,Derby County FC (23)
?,(Sat) 29 Dec 1934 (52),Huddersfield Town AFC (23),0-3,?,Sunderland AFC (23)
?,(Sat) 29 Dec 1934 (52),Everton FC (23),5-2,?,Tottenham Hotspur FC (23)
?,(Sat) 29 Dec 1934 (52),Grimsby Town FC (23),3-1,?,Preston North End FC (23)
?,(Tue) 1 Jan 1935 (0),Middlesbrough FC (23),2-0,?,Liverpool FC (23)
?,(Tue) 1 Jan 1935 (0),Sheffield Wednesday FC (24),2-1,?,West Bromwich Albion FC (24)
?,(Tue) 1 Jan 1935 (0),Everton FC (24),2-2,?,Derby County FC (24)
?,(Tue) 1 Jan 1935 (0),Blackburn Rovers FC (24),2-0,?,Tottenham Hotspur FC (24)
?,(Sat) 5 Jan 1935 (0),Sheffield Wednesday FC (25),1-0,?,Manchester City FC (24)
?,(Sat) 5 Jan 1935 (0),West Bromwich Albion FC (25),6-3,?,Middlesbrough FC (24)
?,(Sat) 5 Jan 1935 (0),Portsmouth FC (24),1-0,?,Grimsby Town FC (24)
?,(Sat) 5 Jan 1935 (0),Derby County FC (25),1-1,?,Aston Villa FC (24)
?,(Sat) 5 Jan 1935 (0),Leeds United FC (24),5-1,?,Blackburn Rovers FC (25)
?,(Sat) 5 Jan 1935 (0),Leicester City FC (24),1-0,?,Chelsea FC (24)
?,(Sat) 5 Jan 1935 (0),Sunderland AFC (24),0-0,?,Wolverhampton Wanderers FC (24)
?,(Sat) 5 Jan 1935 (0),Tottenham Hotspur FC (25),0-0,?,Huddersfield Town AFC (24)
?,(Sat) 5 Jan 1935 (0),Preston North End FC (24),2-2,?,Everton FC (25)
?,(Sat) 5 Jan 1935 (0),Birmingham City FC (24),0-0,?,Stoke City FC (24)
?,(Sat) 5 Jan 1935 (0),Liverpool FC (24),0-2,?,Arsenal FC (24)
?,(Sat) 19 Jan 1935 (2),Stoke City FC (25),1-1,?,Derby County FC (26)
?,(Sat) 19 Jan 1935 (2),Wolverhampton Wanderers FC (25),6-2,?,Tottenham Hotspur FC (26)
?,(Sat) 19 Jan 1935 (2),Everton FC (26),3-1,?,Grimsby Town FC (25)
?,(Sat) 19 Jan 1935 (2),Portsmouth FC (25),1-2,?,Liverpool FC (25)
?,(Sat) 19 Jan 1935 (2),Manchester City FC (25),0-0,?,Birmingham City FC (25)
?,(Sat) 19 Jan 1935 (2),Middlesbrough FC (25),5-3,?,Sheffield Wednesday FC (26)
?,(Sat) 19 Jan 1935 (2),Aston Villa FC (25),5-0,?,Leicester City FC (25)
?,(Sat) 19 Jan 1935 (2),Arsenal FC (25),3-0,?,Leeds United FC (25)
?,(Sat) 19 Jan 1935 (2),Chelsea FC (25),2-2,?,Sunderland AFC (25)
?,(Sat) 19 Jan 1935 (2),Blackburn Rovers FC (26),3-0,?,West Bromwich Albion FC (26)
?,(Sat) 19 Jan 1935 (2),Huddersfield Town AFC (25),3-4,?,Preston North End FC (25)
?,(Sat) 26 Jan 1935 (3),Stoke City FC (26),2-0,?,Manchester City FC (26)
?,(Mon) 28 Jan 1935 (4),Sheffield Wednesday FC (27),2-2,?,Blackburn Rovers FC (27)
?,(Mon) 28 Jan 1935 (4),Preston North End FC (26),2-1,?,Wolverhampton Wanderers FC (26)
?,(Wed) 30 Jan 1935 (4),West Bromwich Albion FC (27),0-3,?,Arsenal FC (26)
?,(Wed) 30 Jan 1935 (4),Tottenham Hotspur FC (27),1-3,?,Chelsea FC (26)
?,(Thu) 31 Jan 1935 (4),Leicester City FC (26),0-1,?,Derby County FC (27)
?,(Sat) 2 Feb 1935 (4),Huddersfield Town AFC (26),1-1,?,Everton FC (27)
?,(Sat) 2 Feb 1935 (4),Arsenal FC (27),4-1,?,Sheffield Wednesday FC (28)
?,(Sat) 2 Feb 1935 (4),Derby County FC (28),3-1,?,Sunderland AFC (26)
?,(Sat) 2 Feb 1935 (4),Chelsea FC (27),0-0,?,Preston North End FC (27)
?,(Sat) 2 Feb 1935 (4),Wolverhampton Wanderers FC (27),0-3,?,Grimsby Town FC (26)
?,(Sat) 2 Feb 1935 (4),Middlesbrough FC (26),2-0,?,Stoke City FC (27)
?,(Sat) 2 Feb 1935 (4),Manchester City FC (27),6-3,?,Leicester City FC (27)
?,(Sat) 2 Feb 1935 (4),Blackburn Rovers FC (28),3-1,?,Birmingham City FC (26)
?,(Sat) 2 Feb 1935 (4),Liverpool FC (26),4-2,?,Leeds United FC (26)
?,(Sat) 2 Feb 1935 (4),Aston Villa FC (26),1-0,?,Tottenham Hotspur FC (28)
?,(Sat) 2 Feb 1935 (4),Portsmouth FC (26),0-2,?,West Bromwich Albion FC (28)
?,(Wed) 6 Feb 1935 (5),Sunderland AFC (27),3-3,?,Aston Villa FC (27)
?,(Wed) 6 Feb 1935 (5),Birmingham City FC (27),4-2,?,Middlesbrough FC (27)
?,(Sat) 9 Feb 1935 (5),Sheffield Wednesday FC (29),3-0,?,Portsmouth FC (27)
?,(Sat) 9 Feb 1935 (5),Huddersfield Town AFC (27),3-1,?,Leeds United FC (27)
?,(Sat) 9 Feb 1935 (5),Stoke City FC (28),3-1,?,Blackburn Rovers FC (29)
?,(Sat) 9 Feb 1935 (5),Preston North End FC (28),0-0,?,Aston Villa FC (28)
?,(Sat) 9 Feb 1935 (5),Everton FC (28),5-2,?,Wolverhampton Wanderers FC (28)
?,(Sat) 9 Feb 1935 (5),Sunderland AFC (28),2-0,?,Leicester City FC (28)
?,(Sat) 9 Feb 1935 (5),West Bromwich Albion FC (29),1-1,?,Liverpool FC (27)
?,(Sat) 9 Feb 1935 (5),Grimsby Town FC (27),3-1,?,Chelsea FC (28)
?,(Sat) 9 Feb 1935 (5),Birmingham City FC (28),3-0,?,Arsenal FC (28)
?,(Sat) 9 Feb 1935 (5),Tottenham Hotspur FC (29),2-2,?,Derby County FC (29)
?,(Sat) 9 Feb 1935 (5),Manchester City FC (28),6-2,?,Middlesbrough FC (28)
?,(Sat) 16 Feb 1935 (6),Middlesbrough FC (29),0-0,?,Sunderland AFC (29)
?,(Sat) 16 Feb 1935 (6),Wolverhampton Wanderers FC (29),2-3,?,Huddersfield Town AFC (28)
?,(Sat) 16 Feb 1935 (6),Aston Villa FC (29),3-2,?,Grimsby Town FC (28)
?,(Wed) 20 Feb 1935 (7),Liverpool FC (28),1-2,?,Sheffield Wednesday FC (30)
?,(Wed) 20 Feb 1935 (7),Chelsea FC (29),3-0,?,Everton FC (29)
?,(Wed) 20 Feb 1935 (7),Arsenal FC (29),2-0,?,Stoke City FC (29)
?,(Wed) 20 Feb 1935 (7),Leeds United FC (28),4-1,?,West Bromwich Albion FC (30)
?,(Sat) 23 Feb 1935 (7),Manchester City FC (29),1-1,?,Arsenal FC (30)
?,(Sat) 23 Feb 1935 (7),Sheffield Wednesday FC (31),1-0,?,Leeds United FC (29)
?,(Sat) 23 Feb 1935 (7),West Bromwich Albion FC (31),5-2,?,Wolverhampton Wanderers FC (30)
?,(Sat) 23 Feb 1935 (7),Stoke City FC (30),1-2,?,Portsmouth FC (28)
?,(Sat) 23 Feb 1935 (7),Middlesbrough FC (30),3-3,?,Blackburn Rovers FC (30)
?,(Sat) 23 Feb 1935 (7),Huddersfield Town AFC (29),3-0,?,Chelsea FC (30)
?,(Sat) 23 Feb 1935 (7),Birmingham City FC (29),1-3,?,Liverpool FC (29)
?,(Sat) 23 Feb 1935 (7),Everton FC (30),2-2,?,Aston Villa FC (30)
?,(Sat) 23 Feb 1935 (7),Grimsby Town FC (29),1-3,?,Derby County FC (30)
?,(Sat) 23 Feb 1935 (7),Tottenham Hotspur FC (30),1-1,?,Sunderland AFC (30)
?,(Sat) 23 Feb 1935 (7),Preston North End FC (29),2-0,?,Leicester City FC (29)
?,(Sat) 2 Mar 1935 (8),Sunderland AFC (31),3-0,?,Blackburn Rovers FC (31)
?,(Sat) 2 Mar 1935 (8),Leeds United FC (30),3-1,?,Portsmouth FC (29)
?,(Sat) 2 Mar 1935 (8),Derby County FC (31),1-2,?,Manchester City FC (30)
?,(Sat) 2 Mar 1935 (8),Leicester City FC (30),3-1,?,Middlesbrough FC (31)
?,(Sat) 2 Mar 1935 (8),Grimsby Town FC (30),3-2,?,Liverpool FC (30)
?,(Sat) 2 Mar 1935 (8),Aston Villa FC (31),4-1,?,Stoke City FC (31)
?,(Mon) 4 Mar 1935 (9),Wolverhampton Wanderers FC (31),2-2,?,Sheffield Wednesday FC (32)
?,(Mon) 4 Mar 1935 (9),Blackburn Rovers FC (32),1-0,?,Manchester City FC (31)
?,(Wed) 6 Mar 1935 (9),Chelsea FC (31),2-2,?,Birmingham City FC (30)
?,(Wed) 6 Mar 1935 (9),Preston North End FC (30),1-1,?,Portsmouth FC (30)
?,(Wed) 6 Mar 1935 (9),Everton FC (31),4-4,?,Leeds United FC (31)
?,(Wed) 6 Mar 1935 (9),Huddersfield Town AFC (30),3-0,?,West Bromwich Albion FC (32)
?,(Wed) 6 Mar 1935 (9),Tottenham Hotspur FC (31),0-6,?,Arsenal FC (31)
?,(Sat) 9 Mar 1935 (9),West Bromwich Albion FC (33),0-1,?,Everton FC (32)
?,(Sat) 9 Mar 1935 (9),Arsenal FC (32),0-0,?,Sunderland AFC (32)
?,(Sat) 9 Mar 1935 (9),Stoke City FC (32),0-1,?,Chelsea FC (32)
?,(Sat) 9 Mar 1935 (9),Birmingham City FC (31),1-1,?,Wolverhampton Wanderers FC (32)
?,(Sat) 9 Mar 1935 (9),Portsmouth FC (31),1-1,?,Tottenham Hotspur FC (32)
?,(Sat) 9 Mar 1935 (9),Sheffield Wednesday FC (33),1-1,?,Huddersfield Town AFC (31)
?,(Sat) 9 Mar 1935 (9),Middlesbrough FC (32),1-1,?,Derby County FC (32)
?,(Sat) 9 Mar 1935 (9),Leeds United FC (32),3-1,?,Grimsby Town FC (31)
?,(Sat) 9 Mar 1935 (9),Blackburn Rovers FC (33),0-0,?,Leicester City FC (31)
?,(Sat) 9 Mar 1935 (9),Manchester City FC (32),4-1,?,Aston Villa FC (32)
?,(Sat) 9 Mar 1935 (9),Liverpool FC (31),0-0,?,Preston North End FC (31)
?,(Sat) 16 Mar 1935 (10),Leicester City FC (32),2-1,?,Birmingham City FC (32)
?,(Sat) 16 Mar 1935 (10),Wolverhampton Wanderers FC (33),5-3,?,Liverpool FC (32)
?,(Sat) 16 Mar 1935 (10),Preston North End FC (32),2-0,?,Middlesbrough FC (33)
?,(Sat) 16 Mar 1935 (10),Huddersfield Town AFC (32),2-0,?,Portsmouth FC (32)
?,(Sat) 16 Mar 1935 (10),Sunderland AFC (33),4-1,?,Stoke City FC (33)
?,(Sat) 16 Mar 1935 (10),Tottenham Hotspur FC (33),0-0,?,Manchester City FC (33)
?,(Sat) 16 Mar 1935 (10),Chelsea FC (33),7-1,?,Leeds United FC (33)
?,(Sat) 16 Mar 1935 (10),Grimsby Town FC (32),1-2,?,Blackburn Rovers FC (34)
?,(Sat) 16 Mar 1935 (10),Everton FC (33),0-2,?,Arsenal FC (33)
?,(Wed) 20 Mar 1935 (11),Derby County FC (33),4-0,?,Sheffield Wednesday FC (34)
?,(Wed) 20 Mar 1935 (11),Liverpool FC (33),2-1,?,Everton FC (34)
?,(Sat) 23 Mar 1935 (11),Liverpool FC (34),3-2,?,Huddersfield Town AFC (33)
?,(Sat) 23 Mar 1935 (11),Middlesbrough FC (34),3-1,?,Tottenham Hotspur FC (34)
?,(Sat) 23 Mar 1935 (11),Portsmouth FC (33),5-1,?,Everton FC (35)
?,(Sat) 23 Mar 1935 (11),Blackburn Rovers FC (35),1-0,?,Preston North End FC (33)
?,(Sat) 23 Mar 1935 (11),Sheffield Wednesday FC (35),2-1,?,Aston Villa FC (33)
?,(Sat) 23 Mar 1935 (11),West Bromwich Albion FC (34),2-2,?,Chelsea FC (34)
?,(Sat) 23 Mar 1935 (11),Stoke City FC (34),3-0,?,Leicester City FC (33)
?,(Sat) 23 Mar 1935 (11),Arsenal FC (34),1-1,?,Grimsby Town FC (33)
?,(Sat) 23 Mar 1935 (11),Leeds United FC (34),1-1,?,Wolverhampton Wanderers FC (34)
?,(Sat) 23 Mar 1935 (11),Birmingham City FC (33),3-2,?,Derby County FC (34)
?,(Thu) 28 Mar 1935 (12),Leicester City FC (34),6-0,?,Tottenham Hotspur FC (35)
?,(Sat) 30 Mar 1935 (12),Everton FC (36),5-0,?,Stoke City FC (35)
?,(Sat) 30 Mar 1935 (12),Derby County FC (35),0-1,?,Portsmouth FC (34)
?,(Sat) 30 Mar 1935 (12),Aston Villa FC (34),1-3,?,Arsenal FC (35)
?,(Sat) 30 Mar 1935 (12),Leicester City FC (35),3-1,?,Liverpool FC (35)
?,(Sat) 30 Mar 1935 (12),Wolverhampton Wanderers FC (35),5-3,?,Middlesbrough FC (35)
?,(Sat) 30 Mar 1935 (12),Huddersfield Town AFC (34),3-0,?,Manchester City FC (34)
?,(Sat) 30 Mar 1935 (12),Sunderland AFC (34),3-0,?,Leeds United FC (35)
?,(Sat) 30 Mar 1935 (12),Preston North End FC (34),2-1,?,Sheffield Wednesday FC (36)
?,(Sat) 30 Mar 1935 (12),Tottenham Hotspur FC (36),0-1,?,West Bromwich Albion FC (35)
?,(Sat) 30 Mar 1935 (12),Chelsea FC (35),4-2,?,Blackburn Rovers FC (36)
?,(Sat) 30 Mar 1935 (12),Grimsby Town FC (34),4-3,?,Birmingham City FC (34)
?,(Tue) 2 Apr 1935 (13),Grimsby Town FC (35),1-1,?,Huddersfield Town AFC (35)
?,(Wed) 3 Apr 1935 (13),Aston Villa FC (35),2-3,?,West Bromwich Albion FC (36)
?,(Sat) 6 Apr 1935 (13),Leeds United FC (36),0-2,?,Leicester City FC (36)
?,(Sat) 6 Apr 1935 (13),Stoke City FC (36),0-0,?,Grimsby Town FC (36)
?,(Sat) 6 Apr 1935 (13),Sheffield Wednesday FC (37),4-0,?,Tottenham Hotspur FC (37)
?,(Sat) 6 Apr 1935 (13),Middlesbrough FC (36),2-1,?,Huddersfield Town AFC (36)
?,(Sat) 6 Apr 1935 (13),West Bromwich Albion FC (37),1-1,?,Sunderland AFC (35)
?,(Sat) 6 Apr 1935 (13),Arsenal FC (36),2-2,?,Chelsea FC (36)
?,(Sat) 6 Apr 1935 (13),Manchester City FC (35),2-2,?,Everton FC (37)
?,(Sat) 6 Apr 1935 (13),Blackburn Rovers FC (37),4-2,?,Wolverhampton Wanderers FC (36)
?,(Sat) 6 Apr 1935 (13),Liverpool FC (36),1-3,?,Derby County FC (36)
?,(Sat) 6 Apr 1935 (13),Birmingham City FC (35),3-0,?,Preston North End FC (35)
?,(Sat) 6 Apr 1935 (13),Portsmouth FC (35),0-1,?,Aston Villa FC (36)
?,(Wed) 10 Apr 1935 (14),Derby County FC (37),0-3,?,Preston North End FC (36)
?,(Wed) 10 Apr 1935 (14),Manchester City FC (36),1-0,?,Sunderland AFC (36)
?,(Wed) 10 Apr 1935 (14),Portsmouth FC (36),2-1,?,Birmingham City FC (36)
?,(Sat) 13 Apr 1935 (14),Wolverhampton Wanderers FC (37),1-1,?,Arsenal FC (37)
?,(Sat) 13 Apr 1935 (14),Grimsby Town FC (37),1-1,?,Manchester City FC (37)
?,(Sat) 13 Apr 1935 (14),Tottenham Hotspur FC (38),1-1,?,Birmingham City FC (37)
?,(Sat) 13 Apr 1935 (14),Derby County FC (38),1-2,?,Leeds United FC (37)
?,(Sat) 13 Apr 1935 (14),Huddersfield Town AFC (37),6-0,?,Blackburn Rovers FC (38)
?,(Sat) 13 Apr 1935 (14),Preston North End FC (37),5-2,?,Stoke City FC (37)
?,(Sat) 13 Apr 1935 (14),Sunderland AFC (37),2-2,?,Sheffield Wednesday FC (38)
?,(Sat) 13 Apr 1935 (14),Leicester City FC (37),0-0,?,West Bromwich Albion FC (38)
?,(Sat) 13 Apr 1935 (14),Aston Villa FC (37),4-2,?,Liverpool FC (37)
?,(Sat) 13 Apr 1935 (14),Everton FC (38),1-1,?,Middlesbrough FC (37)
?,(Sat) 13 Apr 1935 (14),Chelsea FC (37),1-1,?,Portsmouth FC (37)
?,(Fri) 19 Apr 1935 (15),Aston Villa FC (38),1-1,?,Huddersfield Town AFC (38)
?,(Fri) 19 Apr 1935 (15),Liverpool FC (38),5-0,?,Stoke City FC (38)
?,(Fri) 19 Apr 1935 (15),Tottenham Hotspur FC (39),1-0,?,Blackburn Rovers FC (39)
?,(Fri) 19 Apr 1935 (15),Sunderland AFC (38),3-1,?,Preston North End FC (38)
?,(Fri) 19 Apr 1935 (15),Leeds United FC (38),1-1,?,Birmingham City FC (38)
?,(Fri) 19 Apr 1935 (15),Chelsea FC (38),4-2,?,Wolverhampton Wanderers FC (38)
?,(Fri) 19 Apr 1935 (15),Manchester City FC (38),2-4,?,Portsmouth FC (38)
?,(Fri) 19 Apr 1935 (15),Grimsby Town FC (38),3-1,?,Leicester City FC (38)
?,(Fri) 19 Apr 1935 (15),Arsenal FC (38),8-0,?,Middlesbrough FC (38)
?,(Sat) 20 Apr 1935 (15),Manchester City FC (39),1-2,?,Preston North End FC (39)
?,(Sat) 20 Apr 1935 (15),Leeds United FC (39),1-1,?,Aston Villa FC (39)
?,(Sat) 20 Apr 1935 (15),Stoke City FC (39),4-1,?,Tottenham Hotspur FC (40)
?,(Sat) 20 Apr 1935 (15),Birmingham City FC (39),2-2,?,Sunderland AFC (39)
?,(Sat) 20 Apr 1935 (15),Arsenal FC (39),1-0,?,Huddersfield Town AFC (39)
?,(Sat) 20 Apr 1935 (15),Blackburn Rovers FC (40),6-2,?,Everton FC (39)
?,(Sat) 20 Apr 1935 (15),West Bromwich Albion FC (39),4-3,?,Derby County FC (39)
?,(Sat) 20 Apr 1935 (15),Liverpool FC (39),6-0,?,Chelsea FC (39)
?,(Sat) 20 Apr 1935 (15),Sheffield Wednesday FC (39),1-1,?,Leicester City FC (39)
?,(Sat) 20 Apr 1935 (15),Portsmouth FC (39),0-1,?,Wolverhampton Wanderers FC (39)
?,(Sat) 20 Apr 1935 (15),Middlesbrough FC (39),0-2,?,Grimsby Town FC (39)
?,(Mon) 22 Apr 1935 (16),Leicester City FC (40),2-2,?,Grimsby Town FC (40)
?,(Mon) 22 Apr 1935 (16),Preston North End FC (40),1-1,?,Sunderland AFC (40)
?,(Mon) 22 Apr 1935 (16),Derby County FC (40),4-1,?,Everton FC (40)
?,(Mon) 22 Apr 1935 (16),Portsmouth FC (40),4-2,?,Manchester City FC (40)
?,(Mon) 22 Apr 1935 (16),Birmingham City FC (40),3-1,?,Leeds United FC (40)
?,(Mon) 22 Apr 1935 (16),Wolverhampton Wanderers FC (40),6-1,?,Chelsea FC (40)
?,(Mon) 22 Apr 1935 (16),West Bromwich Albion FC (40),1-1,?,Sheffield Wednesday FC (40)
?,(Mon) 22 Apr 1935 (16),Middlesbrough FC (40),0-1,?,Arsenal FC (40)
?,(Mon) 22 Apr 1935 (16),Stoke City FC (40),1-1,?,Liverpool FC (40)
?,(Wed) 24 Apr 1935 (16),Huddersfield Town AFC (40),1-1,?,Aston Villa FC (40)
?,(Sat) 27 Apr 1935 (16),Derby County FC (41),1-1,?,Blackburn Rovers FC (41)
?,(Sat) 27 Apr 1935 (16),Wolverhampton Wanderers FC (41),2-1,?,Stoke City FC (41)
?,(Sat) 27 Apr 1935 (16),Tottenham Hotspur FC (41),5-1,?,Liverpool FC (41)
?,(Sat) 27 Apr 1935 (16),Aston Villa FC (41),0-3,?,Middlesbrough FC (41)
?,(Sat) 27 Apr 1935 (16),Preston North End FC (41),0-2,?,Leeds United FC (41)
?,(Sat) 27 Apr 1935 (16),Huddersfield Town AFC (41),2-2,?,Birmingham City FC (41)
?,(Sat) 27 Apr 1935 (16),Leicester City FC (41),3-5,?,Arsenal FC (41)
?,(Sat) 27 Apr 1935 (16),Chelsea FC (41),4-2,?,Manchester City FC (41)
?,(Sat) 27 Apr 1935 (16),Sunderland AFC (41),4-1,?,Portsmouth FC (41)
?,(Wed) 1 May 1935 (17),Grimsby Town FC (41),3-0,?,West Bromwich Albion FC (41)
?,(Wed) 1 May 1935 (17),Everton FC (41),2-2,?,Sheffield Wednesday FC (41)
?,(Sat) 4 May 1935 (17),Manchester City FC (42),5-0,?,Wolverhampton Wanderers FC (42)
?,(Sat) 4 May 1935 (17),Blackburn Rovers FC (42),5-0,?,Aston Villa FC (42)
?,(Sat) 4 May 1935 (17),Liverpool FC (42),2-2,?,Sunderland AFC (42)
?,(Sat) 4 May 1935 (17),Leeds United FC (42),4-3,?,Tottenham Hotspur FC (42)
?,(Sat) 4 May 1935 (17),West Bromwich Albion FC (42),0-0,?,Preston North End FC (42)
?,(Sat) 4 May 1935 (17),Arsenal FC (42),0-1,?,Derby County FC (42)
?,(Sat) 4 May 1935 (17),Middlesbrough FC (42),2-2,?,Chelsea FC (42)
?,(Sat) 4 May 1935 (17),Stoke City FC (42),2-0,?,Huddersfield Town AFC (42)
?,(Sat) 4 May 1935 (17),Birmingham City FC (42),2-3,?,Everton FC (42)
?,(Sat) 4 May 1935 (17),Sheffield Wednesday FC (42),1-0,?,Grimsby Town FC (42)
?,(Sat) 4 May 1935 (17),Portsmouth FC (42),1-1,?,Leicester City FC (42)
