Round,Date,Team 1,FT,HT,Team 2
?,(Sat) 19 Aug 1967 (33),Watford FC (1),1-2,?,Walsall FC (1)
?,(Sat) 19 Aug 1967 (33),Mansfield Town FC (1),4-2,?,Southport FC (1)
?,(Sat) 19 Aug 1967 (33),AFC Bournemouth (1),3-1,?,Bristol Rovers FC (1)
?,(Sat) 19 Aug 1967 (33),Torquay United FC (1),1-0,?,Tranmere Rovers FC (1)
?,(Sat) 19 Aug 1967 (33),Swindon Town FC (1),2-1,?,Brighton & Hove Albion FC (1)
?,(Sat) 19 Aug 1967 (33),Bury FC (1),1-2,?,Barrow AFC (1)
?,(Sat) 19 Aug 1967 (33),Shrewsbury Town FC (1),2-0,?,Oxford United FC (1)
?,(Sat) 19 Aug 1967 (33),Peterborough United FC (1),1-1,?,Scunthorpe United FC (1)
?,(Sat) 19 Aug 1967 (33),Reading FC (1),3-0,?,Stockport County FC (1)
?,(Sat) 19 Aug 1967 (33),Grimsby Town FC (1),0-0,?,Leyton Orient FC (1)
?,(Sat) 19 Aug 1967 (33),Gillingham FC (1),2-0,?,Northampton Town FC (1)
?,(Sat) 19 Aug 1967 (33),Colchester United FC (1),0-0,?,Oldham Athletic AFC (1)
?,(Fri) 25 Aug 1967 (34),Tranmere Rovers FC (2),1-2,?,Reading FC (2)
?,(Fri) 25 Aug 1967 (34),Stockport County FC (2),2-0,?,Swindon Town FC (2)
?,(Fri) 25 Aug 1967 (34),Scunthorpe United FC (2),3-3,?,Mansfield Town FC (2)
?,(Sat) 26 Aug 1967 (34),Oldham Athletic AFC (2),0-2,?,Peterborough United FC (2)
?,(Sat) 26 Aug 1967 (34),Oxford United FC (2),5-4,?,Bury FC (2)
?,(Sat) 26 Aug 1967 (34),Bristol Rovers FC (2),1-1,?,Colchester United FC (2)
?,(Sat) 26 Aug 1967 (34),Northampton Town FC (2),3-0,?,Grimsby Town FC (2)
?,(Sat) 26 Aug 1967 (34),Brighton & Hove Albion FC (2),3-0,?,Shrewsbury Town FC (2)
?,(Sat) 26 Aug 1967 (34),Southport FC (2),2-0,?,Watford FC (2)
?,(Sat) 26 Aug 1967 (34),Walsall FC (2),3-0,?,Gillingham FC (2)
?,(Sat) 26 Aug 1967 (34),Leyton Orient FC (2),0-2,?,Torquay United FC (2)
?,(Sat) 26 Aug 1967 (34),Barrow AFC (2),1-1,?,AFC Bournemouth (2)
?,(Sat) 2 Sep 1967 (35),Shrewsbury Town FC (3),0-0,?,Stockport County FC (3)
?,(Sat) 2 Sep 1967 (35),Watford FC (3),4-0,?,Scunthorpe United FC (3)
?,(Sat) 2 Sep 1967 (35),Grimsby Town FC (3),3-0,?,Walsall FC (3)
?,(Sat) 2 Sep 1967 (35),Colchester United FC (3),3-2,?,Barrow AFC (3)
?,(Sat) 2 Sep 1967 (35),Reading FC (3),4-2,?,Leyton Orient FC (3)
?,(Sat) 2 Sep 1967 (35),Peterborough United FC (3),4-1,?,Bristol Rovers FC (3)
?,(Sat) 2 Sep 1967 (35),AFC Bournemouth (3),2-1,?,Oxford United FC (3)
?,(Sat) 2 Sep 1967 (35),Swindon Town FC (3),3-1,?,Tranmere Rovers FC (3)
?,(Sat) 2 Sep 1967 (35),Torquay United FC (3),0-0,?,Northampton Town FC (3)
?,(Sat) 2 Sep 1967 (35),Brighton & Hove Albion FC (3),1-0,?,Bury FC (3)
?,(Sat) 2 Sep 1967 (35),Gillingham FC (3),1-4,?,Southport FC (3)
?,(Sat) 2 Sep 1967 (35),Mansfield Town FC (3),1-1,?,Oldham Athletic AFC (3)
?,(Mon) 4 Sep 1967 (36),Southport FC (4),2-3,?,Colchester United FC (4)
?,(Mon) 4 Sep 1967 (36),AFC Bournemouth (4),1-0,?,Scunthorpe United FC (4)
?,(Mon) 4 Sep 1967 (36),Peterborough United FC (4),5-1,?,Watford FC (4)
?,(Mon) 4 Sep 1967 (36),Tranmere Rovers FC (4),2-1,?,Gillingham FC (4)
?,(Mon) 4 Sep 1967 (36),Barrow AFC (4),1-1,?,Swindon Town FC (4)
?,(Tue) 5 Sep 1967 (36),Bury FC (4),3-1,?,Oldham Athletic AFC (4)
?,(Tue) 5 Sep 1967 (36),Northampton Town FC (4),1-1,?,Mansfield Town FC (4)
?,(Tue) 5 Sep 1967 (36),Walsall FC (4),5-0,?,Leyton Orient FC (4)
?,(Wed) 6 Sep 1967 (36),Torquay United FC (4),1-1,?,Brighton & Hove Albion FC (4)
?,(Wed) 6 Sep 1967 (36),Grimsby Town FC (4),3-1,?,Stockport County FC (4)
?,(Wed) 6 Sep 1967 (36),Shrewsbury Town FC (4),2-1,?,Reading FC (4)
?,(Wed) 6 Sep 1967 (36),Oxford United FC (4),0-2,?,Bristol Rovers FC (4)
?,(Fri) 8 Sep 1967 (36),Tranmere Rovers FC (5),4-1,?,Shrewsbury Town FC (5)
?,(Fri) 8 Sep 1967 (36),Stockport County FC (5),2-0,?,Brighton & Hove Albion FC (5)
?,(Sat) 9 Sep 1967 (36),Scunthorpe United FC (5),1-0,?,Southport FC (5)
?,(Sat) 9 Sep 1967 (36),Northampton Town FC (5),1-2,?,Reading FC (5)
?,(Sat) 9 Sep 1967 (36),Gillingham FC (5),1-0,?,Grimsby Town FC (5)
?,(Sat) 9 Sep 1967 (36),Bury FC (5),4-0,?,AFC Bournemouth (5)
?,(Sat) 9 Sep 1967 (36),Leyton Orient FC (5),0-0,?,Swindon Town FC (5)
?,(Sat) 9 Sep 1967 (36),Oldham Athletic AFC (5),2-0,?,Watford FC (5)
?,(Sat) 9 Sep 1967 (36),Oxford United FC (5),3-1,?,Colchester United FC (5)
?,(Sat) 9 Sep 1967 (36),Bristol Rovers FC (5),2-0,?,Mansfield Town FC (5)
?,(Sat) 9 Sep 1967 (36),Walsall FC (5),1-1,?,Torquay United FC (5)
?,(Sat) 9 Sep 1967 (36),Barrow AFC (5),1-2,?,Peterborough United FC (5)
?,(Fri) 15 Sep 1967 (37),Stockport County FC (6),3-1,?,AFC Bournemouth (6)
?,(Fri) 15 Sep 1967 (37),Southport FC (6),1-0,?,Oldham Athletic AFC (6)
?,(Sat) 16 Sep 1967 (37),Reading FC (6),2-2,?,Walsall FC (6)
?,(Sat) 16 Sep 1967 (37),Watford FC (6),4-0,?,Bristol Rovers FC (6)
?,(Sat) 16 Sep 1967 (37),Swindon Town FC (6),4-0,?,Northampton Town FC (6)
?,(Sat) 16 Sep 1967 (37),Grimsby Town FC (6),2-1,?,Scunthorpe United FC (6)
?,(Sat) 16 Sep 1967 (37),Peterborough United FC (6),1-1,?,Oxford United FC (6)
?,(Sat) 16 Sep 1967 (37),Mansfield Town FC (6),1-2,?,Barrow AFC (6)
?,(Sat) 16 Sep 1967 (37),Brighton & Hove Albion FC (6),2-0,?,Tranmere Rovers FC (6)
?,(Sat) 16 Sep 1967 (37),Colchester United FC (6),0-0,?,Bury FC (6)
?,(Sat) 16 Sep 1967 (37),Torquay United FC (6),2-1,?,Gillingham FC (6)
?,(Sat) 16 Sep 1967 (37),Shrewsbury Town FC (6),2-2,?,Leyton Orient FC (6)
?,(Fri) 22 Sep 1967 (38),Tranmere Rovers FC (7),2-1,?,Stockport County FC (7)
?,(Sat) 23 Sep 1967 (38),AFC Bournemouth (7),1-2,?,Colchester United FC (7)
?,(Sat) 23 Sep 1967 (38),Oxford United FC (7),2-0,?,Mansfield Town FC (7)
?,(Sat) 23 Sep 1967 (38),Oldham Athletic AFC (7),3-4,?,Scunthorpe United FC (7)
?,(Sat) 23 Sep 1967 (38),Grimsby Town FC (7),1-1,?,Torquay United FC (7)
?,(Sat) 23 Sep 1967 (38),Leyton Orient FC (7),1-2,?,Brighton & Hove Albion FC (7)
?,(Sat) 23 Sep 1967 (38),Bury FC (7),4-0,?,Peterborough United FC (7)
?,(Sat) 23 Sep 1967 (38),Bristol Rovers FC (7),1-3,?,Southport FC (7)
?,(Sat) 23 Sep 1967 (38),Barrow AFC (7),0-0,?,Watford FC (7)
?,(Sat) 23 Sep 1967 (38),Northampton Town FC (7),2-2,?,Shrewsbury Town FC (7)
?,(Sat) 23 Sep 1967 (38),Gillingham FC (7),3-0,?,Reading FC (7)
?,(Sat) 23 Sep 1967 (38),Walsall FC (7),3-2,?,Swindon Town FC (7)
?,(Mon) 25 Sep 1967 (39),Stockport County FC (8),1-1,?,Grimsby Town FC (8)
?,(Mon) 25 Sep 1967 (39),Colchester United FC (8),1-1,?,Southport FC (8)
?,(Mon) 25 Sep 1967 (39),Mansfield Town FC (8),3-2,?,Northampton Town FC (8)
?,(Mon) 25 Sep 1967 (39),Leyton Orient FC (8),2-0,?,Walsall FC (8)
?,(Mon) 25 Sep 1967 (39),Brighton & Hove Albion FC (8),0-1,?,Torquay United FC (8)
?,(Tue) 26 Sep 1967 (39),Oldham Athletic AFC (8),1-2,?,Bury FC (8)
?,(Tue) 26 Sep 1967 (39),Swindon Town FC (8),0-1,?,Barrow AFC (8)
?,(Tue) 26 Sep 1967 (39),Scunthorpe United FC (8),1-1,?,AFC Bournemouth (8)
?,(Tue) 26 Sep 1967 (39),Watford FC (8),4-1,?,Peterborough United FC (8)
?,(Tue) 26 Sep 1967 (39),Bristol Rovers FC (8),1-1,?,Oxford United FC (8)
?,(Wed) 27 Sep 1967 (39),Gillingham FC (8),1-1,?,Tranmere Rovers FC (8)
?,(Wed) 27 Sep 1967 (39),Reading FC (8),0-0,?,Shrewsbury Town FC (8)
?,(Fri) 29 Sep 1967 (39),Southport FC (9),1-0,?,Barrow AFC (9)
?,(Fri) 29 Sep 1967 (39),Stockport County FC (9),2-0,?,Leyton Orient FC (9)
?,(Fri) 29 Sep 1967 (39),Tranmere Rovers FC (9),4-2,?,Colchester United FC (9)
?,(Sat) 30 Sep 1967 (39),Swindon Town FC (9),2-2,?,Gillingham FC (9)
?,(Sat) 30 Sep 1967 (39),Brighton & Hove Albion FC (9),0-2,?,Northampton Town FC (9)
?,(Sat) 30 Sep 1967 (39),Peterborough United FC (9),2-0,?,AFC Bournemouth (9)
?,(Sat) 30 Sep 1967 (39),Watford FC (9),2-0,?,Oxford United FC (9)
?,(Sat) 30 Sep 1967 (39),Shrewsbury Town FC (9),0-1,?,Walsall FC (9)
?,(Sat) 30 Sep 1967 (39),Reading FC (9),3-0,?,Grimsby Town FC (9)
?,(Sat) 30 Sep 1967 (39),Torquay United FC (9),2-1,?,Oldham Athletic AFC (9)
?,(Sat) 30 Sep 1967 (39),Mansfield Town FC (9),1-1,?,Bury FC (9)
?,(Sat) 30 Sep 1967 (39),Scunthorpe United FC (9),1-1,?,Bristol Rovers FC (9)
?,(Mon) 2 Oct 1967 (40),Peterborough United FC (10),2-0,?,Mansfield Town FC (10)
?,(Mon) 2 Oct 1967 (40),Barrow AFC (10),1-0,?,Bristol Rovers FC (10)
?,(Mon) 2 Oct 1967 (40),Colchester United FC (10),2-1,?,Watford FC (10)
?,(Tue) 3 Oct 1967 (40),Northampton Town FC (10),2-1,?,Leyton Orient FC (10)
?,(Tue) 3 Oct 1967 (40),Walsall FC (10),5-1,?,Tranmere Rovers FC (10)
?,(Tue) 3 Oct 1967 (40),Bury FC (10),4-3,?,Scunthorpe United FC (10)
?,(Wed) 4 Oct 1967 (40),Reading FC (10),2-1,?,Swindon Town FC (10)
?,(Wed) 4 Oct 1967 (40),Gillingham FC (10),3-1,?,Stockport County FC (10)
?,(Wed) 4 Oct 1967 (40),Grimsby Town FC (10),4-2,?,Brighton & Hove Albion FC (10)
?,(Wed) 4 Oct 1967 (40),Oxford United FC (10),3-1,?,Oldham Athletic AFC (10)
?,(Wed) 4 Oct 1967 (40),Torquay United FC (10),3-0,?,Shrewsbury Town FC (10)
?,(Wed) 4 Oct 1967 (40),AFC Bournemouth (10),4-1,?,Southport FC (10)
?,(Sat) 7 Oct 1967 (40),Bury FC (11),1-1,?,Swindon Town FC (11)
?,(Sat) 7 Oct 1967 (40),Colchester United FC (11),0-0,?,Brighton & Hove Albion FC (11)
?,(Sat) 7 Oct 1967 (40),Scunthorpe United FC (11),2-5,?,Walsall FC (11)
?,(Sat) 7 Oct 1967 (40),Mansfield Town FC (11),0-3,?,Tranmere Rovers FC (11)
?,(Sat) 7 Oct 1967 (40),Oxford United FC (11),2-0,?,Reading FC (11)
?,(Sat) 7 Oct 1967 (40),Bristol Rovers FC (11),3-0,?,Grimsby Town FC (11)
?,(Sat) 7 Oct 1967 (40),Barrow AFC (11),3-0,?,Torquay United FC (11)
?,(Sat) 7 Oct 1967 (40),Peterborough United FC (11),2-0,?,Stockport County FC (11)
?,(Sat) 7 Oct 1967 (40),AFC Bournemouth (11),1-1,?,Shrewsbury Town FC (11)
?,(Sat) 7 Oct 1967 (40),Southport FC (11),1-3,?,Northampton Town FC (11)
?,(Sat) 7 Oct 1967 (40),Watford FC (11),1-1,?,Leyton Orient FC (11)
?,(Sat) 7 Oct 1967 (40),Oldham Athletic AFC (11),0-1,?,Gillingham FC (11)
?,(Fri) 13 Oct 1967 (41),Tranmere Rovers FC (12),1-2,?,Watford FC (12)
?,(Fri) 13 Oct 1967 (41),Stockport County FC (12),1-0,?,Mansfield Town FC (12)
?,(Sat) 14 Oct 1967 (41),Leyton Orient FC (12),3-0,?,Southport FC (12)
?,(Sat) 14 Oct 1967 (41),Northampton Town FC (12),1-0,?,Scunthorpe United FC (12)
?,(Sat) 14 Oct 1967 (41),Torquay United FC (12),1-1,?,Oxford United FC (12)
?,(Sat) 14 Oct 1967 (41),Shrewsbury Town FC (12),4-0,?,Colchester United FC (12)
?,(Sat) 14 Oct 1967 (41),Grimsby Town FC (12),0-1,?,Barrow AFC (12)
?,(Sat) 14 Oct 1967 (41),Brighton & Hove Albion FC (12),1-1,?,Peterborough United FC (12)
?,(Sat) 14 Oct 1967 (41),Reading FC (12),3-4,?,Bury FC (12)
?,(Sat) 14 Oct 1967 (41),Gillingham FC (12),0-0,?,Bristol Rovers FC (12)
?,(Sat) 14 Oct 1967 (41),Swindon Town FC (12),4-0,?,AFC Bournemouth (12)
?,(Sat) 14 Oct 1967 (41),Walsall FC (12),3-1,?,Oldham Athletic AFC (12)
?,(Fri) 20 Oct 1967 (42),Southport FC (13),2-0,?,Tranmere Rovers FC (13)
?,(Sat) 21 Oct 1967 (42),AFC Bournemouth (13),2-0,?,Reading FC (13)
?,(Sat) 21 Oct 1967 (42),Barrow AFC (13),0-1,?,Gillingham FC (13)
?,(Sat) 21 Oct 1967 (42),Colchester United FC (13),2-1,?,Swindon Town FC (13)
?,(Sat) 21 Oct 1967 (42),Peterborough United FC (13),0-1,?,Shrewsbury Town FC (13)
?,(Sat) 21 Oct 1967 (42),Bury FC (13),5-1,?,Torquay United FC (13)
?,(Sat) 21 Oct 1967 (42),Bristol Rovers FC (13),2-3,?,Walsall FC (13)
?,(Sat) 21 Oct 1967 (42),Scunthorpe United FC (13),1-1,?,Leyton Orient FC (13)
?,(Sat) 21 Oct 1967 (42),Oxford United FC (13),2-1,?,Grimsby Town FC (13)
?,(Sat) 21 Oct 1967 (42),Watford FC (13),5-0,?,Stockport County FC (13)
?,(Sat) 21 Oct 1967 (42),Mansfield Town FC (13),1-3,?,Brighton & Hove Albion FC (13)
?,(Sat) 21 Oct 1967 (42),Oldham Athletic AFC (13),2-0,?,Northampton Town FC (13)
?,(Mon) 23 Oct 1967 (43),Stockport County FC (14),1-1,?,Gillingham FC (14)
?,(Mon) 23 Oct 1967 (43),Southport FC (14),1-1,?,AFC Bournemouth (14)
?,(Mon) 23 Oct 1967 (43),Brighton & Hove Albion FC (14),3-1,?,Grimsby Town FC (14)
?,(Mon) 23 Oct 1967 (43),Mansfield Town FC (14),2-3,?,Peterborough United FC (14)
?,(Mon) 23 Oct 1967 (43),Tranmere Rovers FC (14),2-0,?,Walsall FC (14)
?,(Tue) 24 Oct 1967 (43),Leyton Orient FC (14),1-3,?,Northampton Town FC (14)
?,(Tue) 24 Oct 1967 (43),Oldham Athletic AFC (14),3-1,?,Oxford United FC (14)
?,(Tue) 24 Oct 1967 (43),Swindon Town FC (14),5-1,?,Reading FC (14)
?,(Tue) 24 Oct 1967 (43),Bristol Rovers FC (14),1-0,?,Barrow AFC (14)
?,(Tue) 24 Oct 1967 (43),Scunthorpe United FC (14),3-1,?,Bury FC (14)
?,(Tue) 24 Oct 1967 (43),Watford FC (14),1-1,?,Colchester United FC (14)
?,(Wed) 25 Oct 1967 (43),Shrewsbury Town FC (14),5-0,?,Torquay United FC (14)
?,(Fri) 27 Oct 1967 (43),Tranmere Rovers FC (15),2-0,?,Scunthorpe United FC (15)
?,(Sat) 28 Oct 1967 (43),Leyton Orient FC (15),0-2,?,Oldham Athletic AFC (15)
?,(Sat) 28 Oct 1967 (43),Grimsby Town FC (15),3-1,?,Bury FC (15)
?,(Sat) 28 Oct 1967 (43),Reading FC (15),1-0,?,Colchester United FC (15)
?,(Sat) 28 Oct 1967 (43),Walsall FC (15),4-0,?,Barrow AFC (15)
?,(Sat) 28 Oct 1967 (43),Brighton & Hove Albion FC (15),1-0,?,Watford FC (15)
?,(Sat) 28 Oct 1967 (43),Swindon Town FC (15),0-0,?,Peterborough United FC (15)
?,(Sat) 28 Oct 1967 (43),Gillingham FC (15),2-1,?,Oxford United FC (15)
?,(Sat) 28 Oct 1967 (43),Torquay United FC (15),2-1,?,AFC Bournemouth (15)
?,(Sat) 28 Oct 1967 (43),Northampton Town FC (15),4-5,?,Bristol Rovers FC (15)
?,(Sat) 28 Oct 1967 (43),Shrewsbury Town FC (15),2-1,?,Mansfield Town FC (15)
?,(Mon) 30 Oct 1967 (44),Stockport County FC (15),4-3,?,Southport FC (15)
?,(Fri) 3 Nov 1967 (44),Scunthorpe United FC (16),0-2,?,Stockport County FC (16)
?,(Sat) 4 Nov 1967 (44),Barrow AFC (16),4-0,?,Northampton Town FC (16)
?,(Sat) 4 Nov 1967 (44),AFC Bournemouth (16),1-0,?,Grimsby Town FC (16)
?,(Sat) 4 Nov 1967 (44),Oldham Athletic AFC (16),2-1,?,Tranmere Rovers FC (16)
?,(Sat) 4 Nov 1967 (44),Colchester United FC (16),3-5,?,Torquay United FC (16)
?,(Sat) 4 Nov 1967 (44),Southport FC (16),1-0,?,Brighton & Hove Albion FC (16)
?,(Sat) 4 Nov 1967 (44),Mansfield Town FC (16),2-2,?,Swindon Town FC (16)
?,(Sat) 4 Nov 1967 (44),Watford FC (16),2-0,?,Shrewsbury Town FC (16)
?,(Sat) 4 Nov 1967 (44),Peterborough United FC (16),2-3,?,Reading FC (16)
?,(Sat) 4 Nov 1967 (44),Oxford United FC (16),4-0,?,Walsall FC (16)
?,(Sat) 4 Nov 1967 (44),Bury FC (16),3-2,?,Gillingham FC (16)
?,(Fri) 10 Nov 1967 (45),Tranmere Rovers FC (17),3-3,?,Bristol Rovers FC (16)
?,(Fri) 10 Nov 1967 (45),Stockport County FC (17),0-2,?,Oldham Athletic AFC (17)
?,(Sat) 11 Nov 1967 (45),Walsall FC (17),2-1,?,Bury FC (17)
?,(Sat) 11 Nov 1967 (45),Shrewsbury Town FC (17),3-2,?,Southport FC (17)
?,(Sat) 11 Nov 1967 (45),Northampton Town FC (17),1-1,?,Oxford United FC (17)
?,(Sat) 11 Nov 1967 (45),Swindon Town FC (17),2-0,?,Watford FC (17)
?,(Sat) 11 Nov 1967 (45),Reading FC (17),2-1,?,Mansfield Town FC (17)
?,(Sat) 11 Nov 1967 (45),Brighton & Hove Albion FC (17),3-1,?,Scunthorpe United FC (17)
?,(Sat) 11 Nov 1967 (45),Gillingham FC (17),0-0,?,AFC Bournemouth (17)
?,(Sat) 11 Nov 1967 (45),Leyton Orient FC (16),4-2,?,Barrow AFC (17)
?,(Sat) 11 Nov 1967 (45),Grimsby Town FC (17),1-2,?,Colchester United FC (17)
?,(Sat) 11 Nov 1967 (45),Torquay United FC (17),3-1,?,Peterborough United FC (17)
?,(Mon) 13 Nov 1967 (46),Barrow AFC (18),5-0,?,Colchester United FC (18)
?,(Mon) 13 Nov 1967 (46),Tranmere Rovers FC (18),3-2,?,Swindon Town FC (18)
?,(Mon) 13 Nov 1967 (46),Stockport County FC (18),4-2,?,Shrewsbury Town FC (18)
?,(Mon) 13 Nov 1967 (46),Southport FC (18),4-1,?,Gillingham FC (18)
?,(Mon) 13 Nov 1967 (46),Leyton Orient FC (17),1-0,?,Reading FC (18)
?,(Tue) 14 Nov 1967 (46),Bristol Rovers FC (17),2-1,?,Peterborough United FC (18)
?,(Tue) 14 Nov 1967 (46),Northampton Town FC (18),1-0,?,Torquay United FC (18)
?,(Tue) 14 Nov 1967 (46),Walsall FC (18),2-0,?,Grimsby Town FC (18)
?,(Tue) 14 Nov 1967 (46),Oldham Athletic AFC (18),1-0,?,Mansfield Town FC (18)
?,(Tue) 14 Nov 1967 (46),Scunthorpe United FC (18),1-1,?,Watford FC (18)
?,(Wed) 15 Nov 1967 (46),Oxford United FC (18),3-2,?,AFC Bournemouth (18)
?,(Fri) 17 Nov 1967 (46),Scunthorpe United FC (19),0-0,?,Shrewsbury Town FC (19)
?,(Sat) 18 Nov 1967 (46),AFC Bournemouth (19),1-1,?,Walsall FC (19)
?,(Sat) 18 Nov 1967 (46),Peterborough United FC (19),3-2,?,Grimsby Town FC (19)
?,(Sat) 18 Nov 1967 (46),Southport FC (19),1-1,?,Swindon Town FC (19)
?,(Sat) 18 Nov 1967 (46),Barrow AFC (19),2-1,?,Tranmere Rovers FC (19)
?,(Sat) 18 Nov 1967 (46),Oldham Athletic AFC (19),3-0,?,Brighton & Hove Albion FC (18)
?,(Sat) 18 Nov 1967 (46),Oxford United FC (19),2-0,?,Leyton Orient FC (18)
?,(Sat) 18 Nov 1967 (46),Bristol Rovers FC (18),0-2,?,Stockport County FC (19)
?,(Sat) 18 Nov 1967 (46),Watford FC (19),3-0,?,Reading FC (19)
?,(Sat) 18 Nov 1967 (46),Colchester United FC (19),2-2,?,Gillingham FC (19)
?,(Sat) 18 Nov 1967 (46),Bury FC (18),3-1,?,Northampton Town FC (19)
?,(Sat) 18 Nov 1967 (46),Mansfield Town FC (19),2-0,?,Torquay United FC (19)
?,(Fri) 24 Nov 1967 (47),Tranmere Rovers FC (20),1-1,?,Oxford United FC (20)
?,(Fri) 24 Nov 1967 (47),Stockport County FC (20),1-0,?,Barrow AFC (20)
?,(Sat) 25 Nov 1967 (47),Reading FC (20),1-1,?,Southport FC (20)
?,(Sat) 25 Nov 1967 (47),Grimsby Town FC (20),0-0,?,Mansfield Town FC (20)
?,(Sat) 25 Nov 1967 (47),Northampton Town FC (20),1-0,?,AFC Bournemouth (20)
?,(Sat) 25 Nov 1967 (47),Gillingham FC (20),3-2,?,Peterborough United FC (20)
?,(Sat) 25 Nov 1967 (47),Swindon Town FC (20),2-0,?,Scunthorpe United FC (20)
?,(Sat) 25 Nov 1967 (47),Torquay United FC (20),1-0,?,Watford FC (20)
?,(Sat) 25 Nov 1967 (47),Brighton & Hove Albion FC (19),1-1,?,Bristol Rovers FC (19)
?,(Sat) 25 Nov 1967 (47),Leyton Orient FC (19),1-0,?,Bury FC (19)
?,(Sat) 25 Nov 1967 (47),Walsall FC (20),1-1,?,Colchester United FC (20)
?,(Sat) 25 Nov 1967 (47),Shrewsbury Town FC (20),4-2,?,Oldham Athletic AFC (20)
?,(Fri) 1 Dec 1967 (48),Scunthorpe United FC (21),1-2,?,Reading FC (21)
?,(Sat) 2 Dec 1967 (48),AFC Bournemouth (21),0-0,?,Leyton Orient FC (20)
?,(Sat) 2 Dec 1967 (48),Watford FC (21),7-1,?,Grimsby Town FC (21)
?,(Sat) 2 Dec 1967 (48),Southport FC (21),0-2,?,Torquay United FC (21)
?,(Sat) 2 Dec 1967 (48),Bristol Rovers FC (20),4-1,?,Shrewsbury Town FC (21)
?,(Sat) 2 Dec 1967 (48),Colchester United FC (21),2-1,?,Northampton Town FC (21)
?,(Sat) 2 Dec 1967 (48),Barrow AFC (21),1-1,?,Brighton & Hove Albion FC (20)
?,(Sat) 2 Dec 1967 (48),Peterborough United FC (21),2-1,?,Walsall FC (21)
?,(Sat) 2 Dec 1967 (48),Mansfield Town FC (21),0-1,?,Gillingham FC (21)
?,(Sat) 2 Dec 1967 (48),Bury FC (20),3-3,?,Tranmere Rovers FC (21)
?,(Sat) 2 Dec 1967 (48),Oxford United FC (21),2-2,?,Stockport County FC (21)
?,(Sat) 2 Dec 1967 (48),Oldham Athletic AFC (21),0-2,?,Swindon Town FC (21)
?,(Fri) 15 Dec 1967 (50),Stockport County FC (22),3-0,?,Reading FC (22)
?,(Fri) 15 Dec 1967 (50),Scunthorpe United FC (22),2-1,?,Peterborough United FC (22)
?,(Fri) 15 Dec 1967 (50),Tranmere Rovers FC (22),2-3,?,Torquay United FC (22)
?,(Sat) 16 Dec 1967 (50),Leyton Orient FC (21),1-0,?,Grimsby Town FC (22)
?,(Sat) 16 Dec 1967 (50),Oxford United FC (22),2-2,?,Shrewsbury Town FC (22)
?,(Sat) 16 Dec 1967 (50),Bristol Rovers FC (21),2-0,?,AFC Bournemouth (22)
?,(Sat) 16 Dec 1967 (50),Northampton Town FC (22),1-1,?,Gillingham FC (22)
?,(Sat) 16 Dec 1967 (50),Brighton & Hove Albion FC (21),0-0,?,Swindon Town FC (22)
?,(Sat) 16 Dec 1967 (50),Oldham Athletic AFC (22),2-1,?,Colchester United FC (22)
?,(Sat) 16 Dec 1967 (50),Barrow AFC (22),1-1,?,Bury FC (21)
?,(Sat) 16 Dec 1967 (50),Walsall FC (22),1-1,?,Watford FC (22)
?,(Sat) 16 Dec 1967 (50),Southport FC (22),3-1,?,Mansfield Town FC (22)
?,(Tue) 19 Dec 1967 (51),Swindon Town FC (23),2-0,?,Stockport County FC (23)
?,(Sat) 23 Dec 1967 (51),Watford FC (23),0-1,?,Southport FC (23)
?,(Sat) 23 Dec 1967 (51),Mansfield Town FC (23),3-0,?,Scunthorpe United FC (23)
?,(Sat) 23 Dec 1967 (51),Gillingham FC (23),0-1,?,Walsall FC (23)
?,(Sat) 23 Dec 1967 (51),Colchester United FC (23),2-0,?,Bristol Rovers FC (22)
?,(Sat) 23 Dec 1967 (51),Reading FC (23),3-0,?,Tranmere Rovers FC (23)
?,(Sat) 23 Dec 1967 (51),Bury FC (22),1-1,?,Oxford United FC (23)
?,(Sat) 23 Dec 1967 (51),Grimsby Town FC (23),0-0,?,Northampton Town FC (23)
?,(Sat) 23 Dec 1967 (51),Shrewsbury Town FC (23),0-0,?,Brighton & Hove Albion FC (22)
?,(Sat) 23 Dec 1967 (51),Peterborough United FC (23),2-1,?,Oldham Athletic AFC (23)
?,(Sat) 23 Dec 1967 (51),AFC Bournemouth (23),3-0,?,Barrow AFC (23)
?,(Tue) 26 Dec 1967 (52),AFC Bournemouth (24),0-1,?,Watford FC (24)
?,(Tue) 26 Dec 1967 (52),Shrewsbury Town FC (24),3-2,?,Grimsby Town FC (24)
?,(Tue) 26 Dec 1967 (52),Brighton & Hove Albion FC (23),3-0,?,Gillingham FC (24)
?,(Tue) 26 Dec 1967 (52),Mansfield Town FC (24),2-1,?,Colchester United FC (24)
?,(Tue) 26 Dec 1967 (52),Peterborough United FC (24),3-2,?,Leyton Orient FC (22)
?,(Tue) 26 Dec 1967 (52),Torquay United FC (23),1-1,?,Swindon Town FC (24)
?,(Tue) 26 Dec 1967 (52),Scunthorpe United FC (24),1-1,?,Oxford United FC (24)
?,(Tue) 26 Dec 1967 (52),Walsall FC (24),0-1,?,Stockport County FC (24)
?,(Tue) 26 Dec 1967 (52),Oldham Athletic AFC (24),3-1,?,Barrow AFC (24)
?,(Tue) 26 Dec 1967 (52),Southport FC (24),2-2,?,Bury FC (23)
?,(Tue) 26 Dec 1967 (52),Northampton Town FC (24),0-1,?,Tranmere Rovers FC (24)
?,(Tue) 26 Dec 1967 (52),Bristol Rovers FC (23),1-0,?,Reading FC (24)
?,(Fri) 29 Dec 1967 (52),Stockport County FC (25),0-0,?,Walsall FC (25)
?,(Sat) 30 Dec 1967 (52),Swindon Town FC (25),1-0,?,Torquay United FC (24)
?,(Sat) 30 Dec 1967 (52),Reading FC (25),2-1,?,Bristol Rovers FC (24)
?,(Sat) 30 Dec 1967 (52),Gillingham FC (25),1-1,?,Brighton & Hove Albion FC (24)
?,(Sat) 30 Dec 1967 (52),Watford FC (25),0-2,?,AFC Bournemouth (25)
?,(Sat) 30 Dec 1967 (52),Oxford United FC (25),2-3,?,Scunthorpe United FC (25)
?,(Sat) 30 Dec 1967 (52),Tranmere Rovers FC (25),2-2,?,Northampton Town FC (25)
?,(Sat) 30 Dec 1967 (52),Bury FC (24),3-2,?,Southport FC (25)
?,(Sat) 30 Dec 1967 (52),Barrow AFC (25),4-1,?,Oldham Athletic AFC (25)
?,(Sat) 30 Dec 1967 (52),Leyton Orient FC (23),3-0,?,Peterborough United FC (25)
?,(Sat) 30 Dec 1967 (52),Grimsby Town FC (25),0-1,?,Shrewsbury Town FC (25)
?,(Sat) 30 Dec 1967 (52),Colchester United FC (25),1-2,?,Mansfield Town FC (25)
?,(Sat) 13 Jan 1968 (2),Peterborough United FC (26),0-1,?,Barrow AFC (26)
?,(Sat) 13 Jan 1968 (2),AFC Bournemouth (26),1-0,?,Bury FC (25)
?,(Sat) 13 Jan 1968 (2),Torquay United FC (25),4-1,?,Walsall FC (26)
?,(Tue) 16 Jan 1968 (3),Watford FC (26),1-2,?,Oldham Athletic AFC (26)
?,(Wed) 17 Jan 1968 (3),Bury FC (26),4-0,?,Brighton & Hove Albion FC (25)
?,(Fri) 19 Jan 1968 (3),Tranmere Rovers FC (26),2-2,?,Brighton & Hove Albion FC (26)
?,(Sat) 20 Jan 1968 (3),Scunthorpe United FC (26),0-3,?,Grimsby Town FC (26)
?,(Sat) 20 Jan 1968 (3),Bristol Rovers FC (25),0-2,?,Watford FC (27)
?,(Sat) 20 Jan 1968 (3),Barrow AFC (27),0-1,?,Mansfield Town FC (26)
?,(Sat) 20 Jan 1968 (3),Leyton Orient FC (24),1-1,?,Shrewsbury Town FC (26)
?,(Sat) 20 Jan 1968 (3),AFC Bournemouth (27),1-0,?,Stockport County FC (26)
?,(Sat) 20 Jan 1968 (3),Gillingham FC (26),1-1,?,Torquay United FC (26)
?,(Sat) 20 Jan 1968 (3),Bury FC (27),2-0,?,Colchester United FC (26)
?,(Sat) 20 Jan 1968 (3),Walsall FC (27),2-2,?,Reading FC (26)
?,(Sat) 20 Jan 1968 (3),Northampton Town FC (26),2-0,?,Swindon Town FC (26)
?,(Sat) 20 Jan 1968 (3),Oldham Athletic AFC (27),2-0,?,Southport FC (26)
?,(Sat) 20 Jan 1968 (3),Oxford United FC (26),3-1,?,Peterborough United FC (27)
?,(Fri) 26 Jan 1968 (4),Stockport County FC (27),0-0,?,Torquay United FC (27)
?,(Fri) 26 Jan 1968 (4),Scunthorpe United FC (27),2-1,?,Gillingham FC (27)
?,(Sat) 27 Jan 1968 (4),Brighton & Hove Albion FC (27),0-0,?,Oxford United FC (27)
?,(Fri) 2 Feb 1968 (5),Stockport County FC (28),5-2,?,Tranmere Rovers FC (27)
?,(Sat) 3 Feb 1968 (5),Mansfield Town FC (27),1-0,?,Oxford United FC (28)
?,(Sat) 3 Feb 1968 (5),Swindon Town FC (27),3-0,?,Walsall FC (28)
?,(Sat) 3 Feb 1968 (5),Peterborough United FC (28),0-2,?,Bury FC (28)
?,(Sat) 3 Feb 1968 (5),Colchester United FC (27),0-1,?,AFC Bournemouth (28)
?,(Sat) 3 Feb 1968 (5),Watford FC (28),3-2,?,Barrow AFC (28)
?,(Sat) 3 Feb 1968 (5),Brighton & Hove Albion FC (28),1-1,?,Leyton Orient FC (25)
?,(Sat) 3 Feb 1968 (5),Southport FC (27),2-1,?,Bristol Rovers FC (26)
?,(Sat) 3 Feb 1968 (5),Shrewsbury Town FC (27),2-0,?,Northampton Town FC (27)
?,(Sat) 3 Feb 1968 (5),Torquay United FC (28),1-0,?,Grimsby Town FC (27)
?,(Sat) 3 Feb 1968 (5),Scunthorpe United FC (28),2-0,?,Oldham Athletic AFC (28)
?,(Sat) 3 Feb 1968 (5),Reading FC (27),3-1,?,Gillingham FC (28)
?,(Sat) 10 Feb 1968 (6),Gillingham FC (29),3-1,?,Swindon Town FC (28)
?,(Sat) 10 Feb 1968 (6),Northampton Town FC (28),2-2,?,Brighton & Hove Albion FC (29)
?,(Sat) 10 Feb 1968 (6),Barrow AFC (29),3-1,?,Southport FC (28)
?,(Sat) 10 Feb 1968 (6),Bury FC (29),3-1,?,Mansfield Town FC (28)
?,(Sat) 10 Feb 1968 (6),Leyton Orient FC (26),2-2,?,Stockport County FC (29)
?,(Sat) 10 Feb 1968 (6),Oldham Athletic AFC (29),0-1,?,Torquay United FC (29)
?,(Sat) 10 Feb 1968 (6),Walsall FC (29),1-2,?,Shrewsbury Town FC (28)
?,(Sat) 10 Feb 1968 (6),AFC Bournemouth (29),3-3,?,Peterborough United FC (29)
?,(Sat) 10 Feb 1968 (6),Colchester United FC (28),1-2,?,Tranmere Rovers FC (28)
?,(Sat) 10 Feb 1968 (6),Grimsby Town FC (28),1-1,?,Reading FC (28)
?,(Sat) 10 Feb 1968 (6),Oxford United FC (29),1-0,?,Watford FC (29)
?,(Sat) 10 Feb 1968 (6),Bristol Rovers FC (27),4-0,?,Scunthorpe United FC (29)
?,(Wed) 14 Feb 1968 (7),Reading FC (29),0-0,?,Northampton Town FC (29)
?,(Fri) 16 Feb 1968 (7),Southport FC (29),1-0,?,Oxford United FC (30)
?,(Sat) 17 Feb 1968 (7),Watford FC (30),1-1,?,Bury FC (30)
?,(Sat) 17 Feb 1968 (7),Bristol Rovers FC (28),4-3,?,Oldham Athletic AFC (30)
?,(Sat) 17 Feb 1968 (7),Shrewsbury Town FC (29),1-2,?,Gillingham FC (30)
?,(Sat) 17 Feb 1968 (7),Mansfield Town FC (29),1-1,?,AFC Bournemouth (30)
?,(Sat) 17 Feb 1968 (7),Stockport County FC (30),4-0,?,Northampton Town FC (30)
?,(Sat) 17 Feb 1968 (7),Peterborough United FC (30),3-1,?,Colchester United FC (29)
?,(Sat) 17 Feb 1968 (7),Torquay United FC (30),2-1,?,Reading FC (30)
?,(Sat) 17 Feb 1968 (7),Scunthorpe United FC (30),2-4,?,Barrow AFC (30)
?,(Fri) 23 Feb 1968 (8),Tranmere Rovers FC (29),1-1,?,Mansfield Town FC (30)
?,(Fri) 23 Feb 1968 (8),Stockport County FC (31),2-2,?,Peterborough United FC (31)
?,(Sat) 24 Feb 1968 (8),Shrewsbury Town FC (30),1-0,?,AFC Bournemouth (31)
?,(Sat) 24 Feb 1968 (8),Grimsby Town FC (29),3-2,?,Bristol Rovers FC (29)
?,(Sat) 24 Feb 1968 (8),Walsall FC (30),0-0,?,Scunthorpe United FC (31)
?,(Sat) 24 Feb 1968 (8),Reading FC (31),1-1,?,Oxford United FC (31)
?,(Sat) 24 Feb 1968 (8),Gillingham FC (31),1-0,?,Oldham Athletic AFC (31)
?,(Sat) 24 Feb 1968 (8),Northampton Town FC (31),1-1,?,Southport FC (30)
?,(Sat) 24 Feb 1968 (8),Brighton & Hove Albion FC (30),0-0,?,Colchester United FC (30)
?,(Sat) 24 Feb 1968 (8),Leyton Orient FC (27),0-1,?,Watford FC (31)
?,(Sat) 24 Feb 1968 (8),Torquay United FC (31),0-2,?,Barrow AFC (31)
?,(Sat) 24 Feb 1968 (8),Swindon Town FC (29),2-3,?,Bury FC (31)
?,(Mon) 26 Feb 1968 (9),Colchester United FC (31),1-0,?,Scunthorpe United FC (32)
?,(Tue) 27 Feb 1968 (9),Swindon Town FC (30),5-0,?,Grimsby Town FC (30)
?,(Tue) 27 Feb 1968 (9),Bury FC (32),4-2,?,Bristol Rovers FC (30)
?,(Wed) 28 Feb 1968 (9),Brighton & Hove Albion FC (31),1-0,?,Walsall FC (31)
?,(Fri) 1 Mar 1968 (9),Watford FC (32),3-2,?,Tranmere Rovers FC (30)
?,(Fri) 1 Mar 1968 (9),Southport FC (31),0-0,?,Leyton Orient FC (28)
?,(Sat) 2 Mar 1968 (9),Peterborough United FC (32),2-3,?,Brighton & Hove Albion FC (32)
?,(Sat) 2 Mar 1968 (9),Bristol Rovers FC (31),1-1,?,Gillingham FC (32)
?,(Sat) 2 Mar 1968 (9),Bury FC (33),2-0,?,Reading FC (32)
?,(Sat) 2 Mar 1968 (9),AFC Bournemouth (32),2-1,?,Swindon Town FC (31)
?,(Sat) 2 Mar 1968 (9),Mansfield Town FC (31),1-0,?,Stockport County FC (32)
?,(Sat) 2 Mar 1968 (9),Barrow AFC (32),2-0,?,Grimsby Town FC (31)
?,(Sat) 2 Mar 1968 (9),Oldham Athletic AFC (32),0-3,?,Walsall FC (32)
?,(Sat) 2 Mar 1968 (9),Scunthorpe United FC (33),1-1,?,Northampton Town FC (32)
?,(Sat) 2 Mar 1968 (9),Oxford United FC (32),2-0,?,Torquay United FC (32)
?,(Sat) 2 Mar 1968 (9),Colchester United FC (32),0-3,?,Shrewsbury Town FC (31)
?,(Tue) 5 Mar 1968 (10),Shrewsbury Town FC (32),1-1,?,Tranmere Rovers FC (31)
?,(Sat) 9 Mar 1968 (10),Barrow AFC (33),3-0,?,Oxford United FC (33)
?,(Sat) 9 Mar 1968 (10),AFC Bournemouth (33),0-0,?,Oldham Athletic AFC (33)
?,(Sat) 9 Mar 1968 (10),Northampton Town FC (33),3-0,?,Walsall FC (33)
?,(Sat) 9 Mar 1968 (10),Scunthorpe United FC (34),5-1,?,Colchester United FC (33)
?,(Sat) 9 Mar 1968 (10),Peterborough United FC (33),1-0,?,Southport FC (32)
?,(Sat) 9 Mar 1968 (10),Bristol Rovers FC (32),3-1,?,Bury FC (34)
?,(Sat) 9 Mar 1968 (10),Shrewsbury Town FC (33),0-1,?,Swindon Town FC (32)
?,(Sat) 9 Mar 1968 (10),Torquay United FC (33),3-0,?,Stockport County FC (33)
?,(Sat) 9 Mar 1968 (10),Mansfield Town FC (32),1-2,?,Watford FC (33)
?,(Sat) 9 Mar 1968 (10),Gillingham FC (33),2-3,?,Leyton Orient FC (29)
?,(Sat) 9 Mar 1968 (10),Reading FC (33),1-0,?,Brighton & Hove Albion FC (33)
?,(Mon) 11 Mar 1968 (11),Mansfield Town FC (33),3-0,?,Bristol Rovers FC (33)
?,(Tue) 12 Mar 1968 (11),Oldham Athletic AFC (34),1-1,?,AFC Bournemouth (34)
?,(Tue) 12 Mar 1968 (11),Swindon Town FC (33),4-0,?,Leyton Orient FC (30)
?,(Wed) 13 Mar 1968 (11),Grimsby Town FC (32),1-1,?,Gillingham FC (34)
?,(Fri) 15 Mar 1968 (11),Tranmere Rovers FC (32),0-2,?,Southport FC (33)
?,(Fri) 15 Mar 1968 (11),Stockport County FC (34),2-0,?,Watford FC (34)
?,(Sat) 16 Mar 1968 (11),Leyton Orient FC (31),2-1,?,Scunthorpe United FC (35)
?,(Sat) 16 Mar 1968 (11),Gillingham FC (35),3-0,?,Barrow AFC (34)
?,(Sat) 16 Mar 1968 (11),Northampton Town FC (34),1-2,?,Oldham Athletic AFC (35)
?,(Sat) 16 Mar 1968 (11),Grimsby Town FC (33),0-1,?,Oxford United FC (34)
?,(Sat) 16 Mar 1968 (11),Reading FC (34),1-0,?,AFC Bournemouth (35)
?,(Sat) 16 Mar 1968 (11),Shrewsbury Town FC (34),1-1,?,Peterborough United FC (34)
?,(Sat) 16 Mar 1968 (11),Walsall FC (34),2-1,?,Bristol Rovers FC (34)
?,(Sat) 16 Mar 1968 (11),Torquay United FC (34),3-0,?,Bury FC (35)
?,(Sat) 16 Mar 1968 (11),Swindon Town FC (34),1-1,?,Colchester United FC (34)
?,(Sat) 16 Mar 1968 (11),Brighton & Hove Albion FC (34),3-0,?,Mansfield Town FC (34)
?,(Tue) 19 Mar 1968 (12),Northampton Town FC (35),4-1,?,Stockport County FC (35)
?,(Tue) 19 Mar 1968 (12),Swindon Town FC (35),0-0,?,Shrewsbury Town FC (35)
?,(Tue) 19 Mar 1968 (12),Watford FC (35),1-2,?,Mansfield Town FC (35)
?,(Wed) 20 Mar 1968 (12),Grimsby Town FC (34),3-0,?,Tranmere Rovers FC (33)
?,(Wed) 20 Mar 1968 (12),Brighton & Hove Albion FC (35),1-1,?,Reading FC (35)
?,(Fri) 22 Mar 1968 (12),Scunthorpe United FC (36),1-1,?,Tranmere Rovers FC (34)
?,(Fri) 22 Mar 1968 (12),Southport FC (34),4-3,?,Stockport County FC (36)
?,(Sat) 23 Mar 1968 (12),Peterborough United FC (35),1-1,?,Swindon Town FC (36)
?,(Sat) 23 Mar 1968 (12),Bristol Rovers FC (35),2-0,?,Northampton Town FC (36)
?,(Sat) 23 Mar 1968 (12),Oldham Athletic AFC (36),2-2,?,Leyton Orient FC (32)
?,(Sat) 23 Mar 1968 (12),Colchester United FC (35),2-5,?,Reading FC (36)
?,(Sat) 23 Mar 1968 (12),Barrow AFC (35),1-1,?,Walsall FC (35)
?,(Sat) 23 Mar 1968 (12),Oxford United FC (35),3-0,?,Gillingham FC (36)
?,(Sat) 23 Mar 1968 (12),AFC Bournemouth (36),1-1,?,Torquay United FC (35)
?,(Sat) 23 Mar 1968 (12),Watford FC (36),4-0,?,Brighton & Hove Albion FC (36)
?,(Sat) 23 Mar 1968 (12),Bury FC (36),2-0,?,Grimsby Town FC (35)
?,(Sat) 23 Mar 1968 (12),Mansfield Town FC (36),0-1,?,Shrewsbury Town FC (36)
?,(Mon) 25 Mar 1968 (13),Tranmere Rovers FC (35),3-0,?,Leyton Orient FC (33)
?,(Mon) 25 Mar 1968 (13),Colchester United FC (36),1-2,?,Oxford United FC (36)
?,(Fri) 29 Mar 1968 (13),Tranmere Rovers FC (36),1-0,?,Oldham Athletic AFC (37)
?,(Fri) 29 Mar 1968 (13),Walsall FC (36),0-1,?,Oxford United FC (37)
?,(Fri) 29 Mar 1968 (13),Stockport County FC (37),4-1,?,Scunthorpe United FC (37)
?,(Sat) 30 Mar 1968 (13),Leyton Orient FC (34),2-2,?,Bristol Rovers FC (36)
?,(Sat) 30 Mar 1968 (13),Grimsby Town FC (36),2-1,?,AFC Bournemouth (37)
?,(Sat) 30 Mar 1968 (13),Northampton Town FC (37),3-0,?,Barrow AFC (36)
?,(Sat) 30 Mar 1968 (13),Reading FC (37),0-1,?,Peterborough United FC (36)
?,(Sat) 30 Mar 1968 (13),Shrewsbury Town FC (37),3-1,?,Watford FC (37)
?,(Sat) 30 Mar 1968 (13),Torquay United FC (36),3-0,?,Colchester United FC (37)
?,(Sat) 30 Mar 1968 (13),Swindon Town FC (37),1-1,?,Mansfield Town FC (37)
?,(Sat) 30 Mar 1968 (13),Gillingham FC (37),2-0,?,Bury FC (37)
?,(Sat) 30 Mar 1968 (13),Brighton & Hove Albion FC (37),1-0,?,Southport FC (35)
?,(Mon) 1 Apr 1968 (14),Torquay United FC (37),1-1,?,Leyton Orient FC (35)
?,(Mon) 1 Apr 1968 (14),Southport FC (36),2-1,?,Peterborough United FC (37)
?,(Tue) 2 Apr 1968 (14),Walsall FC (37),4-0,?,Northampton Town FC (38)
?,(Wed) 3 Apr 1968 (14),Oxford United FC (38),3-1,?,Barrow AFC (37)
?,(Fri) 5 Apr 1968 (14),Southport FC (37),0-0,?,Shrewsbury Town FC (38)
?,(Sat) 6 Apr 1968 (14),Peterborough United FC (38),2-0,?,Torquay United FC (38)
?,(Sat) 6 Apr 1968 (14),Bury FC (38),2-1,?,Walsall FC (38)
?,(Sat) 6 Apr 1968 (14),Watford FC (38),2-0,?,Swindon Town FC (38)
?,(Sat) 6 Apr 1968 (14),Oxford United FC (39),1-0,?,Northampton Town FC (39)
?,(Sat) 6 Apr 1968 (14),Oldham Athletic AFC (38),4-1,?,Stockport County FC (38)
?,(Sat) 6 Apr 1968 (14),Bristol Rovers FC (37),3-1,?,Tranmere Rovers FC (37)
?,(Sat) 6 Apr 1968 (14),AFC Bournemouth (38),4-0,?,Gillingham FC (38)
?,(Sat) 6 Apr 1968 (14),Colchester United FC (38),1-3,?,Grimsby Town FC (37)
?,(Sat) 6 Apr 1968 (14),Mansfield Town FC (38),2-2,?,Reading FC (38)
?,(Sat) 6 Apr 1968 (14),Barrow AFC (38),1-0,?,Leyton Orient FC (36)
?,(Sat) 6 Apr 1968 (14),Scunthorpe United FC (38),1-3,?,Brighton & Hove Albion FC (38)
?,(Fri) 12 Apr 1968 (15),Reading FC (39),3-0,?,Barrow AFC (39)
?,(Fri) 12 Apr 1968 (15),AFC Bournemouth (39),2-2,?,Brighton & Hove Albion FC (39)
?,(Fri) 12 Apr 1968 (15),Colchester United FC (39),1-1,?,Stockport County FC (39)
?,(Fri) 12 Apr 1968 (15),Bristol Rovers FC (38),1-0,?,Torquay United FC (39)
?,(Fri) 12 Apr 1968 (15),Bury FC (39),2-0,?,Shrewsbury Town FC (39)
?,(Fri) 12 Apr 1968 (15),Oxford United FC (40),0-0,?,Swindon Town FC (39)
?,(Fri) 12 Apr 1968 (15),Tranmere Rovers FC (38),0-1,?,Peterborough United FC (39)
?,(Fri) 12 Apr 1968 (15),Grimsby Town FC (38),0-1,?,Oldham Athletic AFC (39)
?,(Fri) 12 Apr 1968 (15),Watford FC (39),5-1,?,Northampton Town FC (40)
?,(Sat) 13 Apr 1968 (15),Reading FC (40),2-0,?,Watford FC (40)
?,(Sat) 13 Apr 1968 (15),Shrewsbury Town FC (40),4-0,?,Scunthorpe United FC (39)
?,(Sat) 13 Apr 1968 (15),Tranmere Rovers FC (39),0-0,?,Barrow AFC (40)
?,(Sat) 13 Apr 1968 (15),Grimsby Town FC (39),1-1,?,Peterborough United FC (40)
?,(Sat) 13 Apr 1968 (15),Brighton & Hove Albion FC (40),0-1,?,Oldham Athletic AFC (40)
?,(Sat) 13 Apr 1968 (15),Stockport County FC (40),3-1,?,Bristol Rovers FC (39)
?,(Sat) 13 Apr 1968 (15),Torquay United FC (40),0-2,?,Mansfield Town FC (39)
?,(Sat) 13 Apr 1968 (15),Leyton Orient FC (37),1-0,?,Oxford United FC (41)
?,(Sat) 13 Apr 1968 (15),Swindon Town FC (40),3-3,?,Southport FC (38)
?,(Sat) 13 Apr 1968 (15),Northampton Town FC (41),0-1,?,Bury FC (40)
?,(Sat) 13 Apr 1968 (15),Gillingham FC (39),1-0,?,Colchester United FC (40)
?,(Sat) 13 Apr 1968 (15),Walsall FC (39),1-1,?,AFC Bournemouth (40)
?,(Mon) 15 Apr 1968 (16),Stockport County FC (41),1-0,?,Colchester United FC (41)
?,(Mon) 15 Apr 1968 (16),Brighton & Hove Albion FC (41),2-3,?,AFC Bournemouth (41)
?,(Mon) 15 Apr 1968 (16),Leyton Orient FC (38),0-0,?,Mansfield Town FC (40)
?,(Mon) 15 Apr 1968 (16),Barrow AFC (41),1-0,?,Reading FC (41)
?,(Mon) 15 Apr 1968 (16),Torquay United FC (41),2-0,?,Bristol Rovers FC (40)
?,(Mon) 15 Apr 1968 (16),Peterborough United FC (41),1-1,?,Tranmere Rovers FC (40)
?,(Mon) 15 Apr 1968 (16),Shrewsbury Town FC (41),1-0,?,Bury FC (41)
?,(Mon) 15 Apr 1968 (16),Southport FC (39),2-0,?,Walsall FC (40)
?,(Mon) 15 Apr 1968 (16),Gillingham FC (40),3-1,?,Scunthorpe United FC (40)
?,(Tue) 16 Apr 1968 (16),Northampton Town FC (42),1-1,?,Watford FC (41)
?,(Tue) 16 Apr 1968 (16),Swindon Town FC (41),1-1,?,Oxford United FC (42)
?,(Tue) 16 Apr 1968 (16),Oldham Athletic AFC (41),2-1,?,Grimsby Town FC (40)
?,(Tue) 16 Apr 1968 (16),Mansfield Town FC (41),0-0,?,Leyton Orient FC (39)
?,(Tue) 16 Apr 1968 (16),Walsall FC (41),1-1,?,Southport FC (40)
?,(Fri) 19 Apr 1968 (16),Scunthorpe United FC (41),3-1,?,Swindon Town FC (42)
?,(Fri) 19 Apr 1968 (16),Bury FC (42),1-0,?,Leyton Orient FC (40)
?,(Fri) 19 Apr 1968 (16),Southport FC (41),2-1,?,Reading FC (42)
?,(Sat) 20 Apr 1968 (16),Colchester United FC (42),2-2,?,Walsall FC (42)
?,(Sat) 20 Apr 1968 (16),Mansfield Town FC (42),1-1,?,Grimsby Town FC (41)
?,(Sat) 20 Apr 1968 (16),Peterborough United FC (42),3-0,?,Gillingham FC (41)
?,(Sat) 20 Apr 1968 (16),Oxford United FC (43),1-0,?,Tranmere Rovers FC (41)
?,(Sat) 20 Apr 1968 (16),Barrow AFC (42),3-0,?,Stockport County FC (42)
?,(Sat) 20 Apr 1968 (16),AFC Bournemouth (42),0-2,?,Northampton Town FC (43)
?,(Sat) 20 Apr 1968 (16),Watford FC (42),2-1,?,Torquay United FC (42)
?,(Sat) 20 Apr 1968 (16),Oldham Athletic AFC (42),0-0,?,Shrewsbury Town FC (42)
?,(Sat) 20 Apr 1968 (16),Bristol Rovers FC (41),3-1,?,Brighton & Hove Albion FC (42)
?,(Mon) 22 Apr 1968 (17),Tranmere Rovers FC (42),0-0,?,AFC Bournemouth (43)
?,(Mon) 22 Apr 1968 (17),Leyton Orient FC (41),1-1,?,Colchester United FC (43)
?,(Mon) 22 Apr 1968 (17),Stockport County FC (43),4-2,?,Bury FC (43)
?,(Tue) 23 Apr 1968 (17),Walsall FC (43),2-1,?,Mansfield Town FC (43)
?,(Tue) 23 Apr 1968 (17),Northampton Town FC (44),3-1,?,Peterborough United FC (43)
?,(Tue) 23 Apr 1968 (17),Swindon Town FC (43),4-1,?,Bristol Rovers FC (42)
?,(Wed) 24 Apr 1968 (17),Gillingham FC (42),0-0,?,Watford FC (43)
?,(Wed) 24 Apr 1968 (17),Reading FC (43),0-1,?,Oldham Athletic AFC (43)
?,(Wed) 24 Apr 1968 (17),Shrewsbury Town FC (43),1-0,?,Barrow AFC (43)
?,(Wed) 24 Apr 1968 (17),Grimsby Town FC (42),2-0,?,Southport FC (42)
?,(Thu) 25 Apr 1968 (17),Torquay United FC (43),2-1,?,Scunthorpe United FC (42)
?,(Fri) 26 Apr 1968 (17),Stockport County FC (44),0-4,?,Oxford United FC (44)
?,(Fri) 26 Apr 1968 (17),Tranmere Rovers FC (43),2-0,?,Bury FC (44)
?,(Sat) 27 Apr 1968 (17),Reading FC (44),2-1,?,Scunthorpe United FC (43)
?,(Sat) 27 Apr 1968 (17),Gillingham FC (43),2-1,?,Mansfield Town FC (44)
?,(Sat) 27 Apr 1968 (17),Leyton Orient FC (42),1-0,?,AFC Bournemouth (44)
?,(Sat) 27 Apr 1968 (17),Northampton Town FC (45),2-2,?,Colchester United FC (44)
?,(Sat) 27 Apr 1968 (17),Swindon Town FC (44),0-0,?,Oldham Athletic AFC (44)
?,(Sat) 27 Apr 1968 (17),Walsall FC (44),3-2,?,Peterborough United FC (44)
?,(Sat) 27 Apr 1968 (17),Grimsby Town FC (43),0-1,?,Watford FC (44)
?,(Sat) 27 Apr 1968 (17),Torquay United FC (44),2-2,?,Southport FC (43)
?,(Sat) 27 Apr 1968 (17),Brighton & Hove Albion FC (43),1-1,?,Barrow AFC (44)
?,(Sat) 27 Apr 1968 (17),Shrewsbury Town FC (44),0-0,?,Bristol Rovers FC (43)
?,(Mon) 29 Apr 1968 (18),Tranmere Rovers FC (44),1-2,?,Grimsby Town FC (44)
?,(Tue) 30 Apr 1968 (18),Bristol Rovers FC (44),0-2,?,Leyton Orient FC (43)
?,(Wed) 1 May 1968 (18),Brighton & Hove Albion FC (44),3-0,?,Stockport County FC (45)
?,(Fri) 3 May 1968 (18),Southport FC (44),0-1,?,Grimsby Town FC (45)
?,(Fri) 3 May 1968 (18),Scunthorpe United FC (44),2-0,?,Torquay United FC (45)
?,(Sat) 4 May 1968 (18),Bristol Rovers FC (45),1-2,?,Swindon Town FC (45)
?,(Sat) 4 May 1968 (18),AFC Bournemouth (45),3-0,?,Tranmere Rovers FC (45)
?,(Sat) 4 May 1968 (18),Peterborough United FC (45),4-0,?,Northampton Town FC (46)
?,(Sat) 4 May 1968 (18),Bury FC (45),5-3,?,Stockport County FC (46)
?,(Sat) 4 May 1968 (18),Oldham Athletic AFC (45),1-3,?,Reading FC (45)
?,(Sat) 4 May 1968 (18),Oxford United FC (45),2-0,?,Brighton & Hove Albion FC (45)
?,(Sat) 4 May 1968 (18),Mansfield Town FC (45),0-3,?,Walsall FC (45)
?,(Sat) 4 May 1968 (18),Colchester United FC (45),1-1,?,Leyton Orient FC (44)
?,(Sat) 4 May 1968 (18),Barrow AFC (45),3-0,?,Shrewsbury Town FC (45)
?,(Sat) 4 May 1968 (18),Watford FC (45),3-0,?,Gillingham FC (44)
?,(Mon) 6 May 1968 (19),Southport FC (45),1-1,?,Scunthorpe United FC (45)
?,(Tue) 7 May 1968 (19),Leyton Orient FC (45),0-4,?,Gillingham FC (45)
?,(Sat) 11 May 1968 (19),AFC Bournemouth (46),3-0,?,Mansfield Town FC (46)
?,(Sat) 11 May 1968 (19),Leyton Orient FC (46),0-1,?,Tranmere Rovers FC (46)
?,(Sat) 11 May 1968 (19),Colchester United FC (46),1-5,?,Peterborough United FC (46)
?,(Sat) 11 May 1968 (19),Reading FC (46),4-0,?,Torquay United FC (46)
?,(Sat) 11 May 1968 (19),Gillingham FC (46),0-1,?,Shrewsbury Town FC (46)
?,(Sat) 11 May 1968 (19),Oldham Athletic AFC (46),3-5,?,Bristol Rovers FC (46)
?,(Sat) 11 May 1968 (19),Oxford United FC (46),1-0,?,Southport FC (46)
?,(Sat) 11 May 1968 (19),Walsall FC (46),1-2,?,Brighton & Hove Albion FC (46)
?,(Sat) 11 May 1968 (19),Barrow AFC (46),2-1,?,Scunthorpe United FC (46)
?,(Sat) 11 May 1968 (19),Bury FC (46),2-0,?,Watford FC (46)
?,(Sat) 11 May 1968 (19),Grimsby Town FC (46),3-2,?,Swindon Town FC (46)
