Round,Date,Team 1,FT,HT,Team 2
?,(Sat) 31 Aug 1929 (34),Wigan Borough FC (1920-1931) (1),0-2,?,York City FC (1)
?,(Sat) 31 Aug 1929 (34),Lincoln City FC (1),0-0,?,Rochdale AFC (1)
?,(Sat) 31 Aug 1929 (34),Carlisle United FC (1),2-0,?,Crewe Alexandra FC (1)
?,(Sat) 31 Aug 1929 (34),FC Halifax Town (1),1-2,?,Port Vale FC (1)
?,(Sat) 31 Aug 1929 (34),Nelson FC (1),2-2,?,Southport FC (1)
?,(Sat) 31 Aug 1929 (34),Tranmere Rovers FC (1),5-4,?,Rotherham United FC (1)
?,(Sat) 31 Aug 1929 (34),Doncaster Rovers FC (1),3-1,?,Accrington Stanley FC (1)
?,(Sat) 31 Aug 1929 (34),Barrow AFC (1),3-0,?,New Brighton Tower FC (1898-1901) (1)
?,(Sat) 31 Aug 1929 (34),Wrexham AFC (1),1-1,?,Stockport County FC (1)
?,(Sat) 31 Aug 1929 (34),Hartlepool United FC (1),2-5,?,Darlington FC (1)
?,(Sat) 31 Aug 1929 (34),Chesterfield FC (1),1-2,?,South Shields FC (1)
?,(Mon) 2 Sep 1929 (35),Hartlepool United FC (2),2-2,?,Accrington Stanley FC (2)
?,(Mon) 2 Sep 1929 (35),New Brighton Tower FC (1898-1901) (2),0-1,?,Port Vale FC (2)
?,(Mon) 2 Sep 1929 (35),Stockport County FC (2),5-0,?,Barrow AFC (2)
?,(Mon) 2 Sep 1929 (35),Tranmere Rovers FC (2),3-3,?,FC Halifax Town (2)
?,(Mon) 2 Sep 1929 (35),Crewe Alexandra FC (2),2-1,?,Wigan Borough FC (1920-1931) (2)
?,(Mon) 2 Sep 1929 (35),Doncaster Rovers FC (2),1-0,?,South Shields FC (2)
?,(Mon) 2 Sep 1929 (35),Rotherham United FC (2),1-0,?,Lincoln City FC (2)
?,(Tue) 3 Sep 1929 (35),Southport FC (2),4-3,?,Carlisle United FC (2)
?,(Tue) 3 Sep 1929 (35),Rochdale AFC (2),2-1,?,Chesterfield FC (2)
?,(Wed) 4 Sep 1929 (35),York City FC (2),0-0,?,Wrexham AFC (2)
?,(Wed) 4 Sep 1929 (35),Darlington FC (2),6-1,?,Nelson FC (2)
?,(Sat) 7 Sep 1929 (35),Rotherham United FC (3),2-0,?,FC Halifax Town (3)
?,(Sat) 7 Sep 1929 (35),Darlington FC (3),6-2,?,Doncaster Rovers FC (3)
?,(Sat) 7 Sep 1929 (35),Accrington Stanley FC (3),3-0,?,Chesterfield FC (3)
?,(Sat) 7 Sep 1929 (35),Crewe Alexandra FC (3),4-0,?,Nelson FC (3)
?,(Sat) 7 Sep 1929 (35),Southport FC (3),1-1,?,Hartlepool United FC (3)
?,(Sat) 7 Sep 1929 (35),Rochdale AFC (3),2-1,?,Tranmere Rovers FC (3)
?,(Sat) 7 Sep 1929 (35),South Shields FC (3),3-1,?,Lincoln City FC (3)
?,(Sat) 7 Sep 1929 (35),New Brighton Tower FC (1898-1901) (3),2-1,?,Wrexham AFC (3)
?,(Sat) 7 Sep 1929 (35),Port Vale FC (3),5-0,?,Barrow AFC (3)
?,(Sat) 7 Sep 1929 (35),Stockport County FC (3),1-1,?,Wigan Borough FC (1920-1931) (3)
?,(Sat) 7 Sep 1929 (35),York City FC (3),2-2,?,Carlisle United FC (3)
?,(Mon) 9 Sep 1929 (36),Port Vale FC (4),5-1,?,New Brighton Tower FC (1898-1901) (4)
?,(Mon) 9 Sep 1929 (36),Barrow AFC (4),1-4,?,Stockport County FC (4)
?,(Mon) 9 Sep 1929 (36),Accrington Stanley FC (4),3-0,?,Hartlepool United FC (4)
?,(Mon) 9 Sep 1929 (36),Lincoln City FC (4),1-1,?,Rotherham United FC (4)
?,(Mon) 9 Sep 1929 (36),FC Halifax Town (4),0-1,?,Tranmere Rovers FC (4)
?,(Wed) 11 Sep 1929 (36),Wrexham AFC (4),1-1,?,York City FC (4)
?,(Wed) 11 Sep 1929 (36),South Shields FC (4),2-1,?,Doncaster Rovers FC (4)
?,(Wed) 11 Sep 1929 (36),Nelson FC (4),0-1,?,Darlington FC (4)
?,(Thu) 12 Sep 1929 (36),Carlisle United FC (4),4-0,?,Southport FC (4)
?,(Sat) 14 Sep 1929 (36),Nelson FC (5),3-1,?,York City FC (5)
?,(Sat) 14 Sep 1929 (36),Wrexham AFC (5),0-2,?,Port Vale FC (5)
?,(Sat) 14 Sep 1929 (36),FC Halifax Town (5),2-3,?,Rochdale AFC (4)
?,(Sat) 14 Sep 1929 (36),South Shields FC (5),1-5,?,Tranmere Rovers FC (5)
?,(Sat) 14 Sep 1929 (36),Chesterfield FC (4),4-1,?,Darlington FC (5)
?,(Sat) 14 Sep 1929 (36),Southport FC (5),0-3,?,Crewe Alexandra FC (4)
?,(Sat) 14 Sep 1929 (36),Carlisle United FC (5),1-5,?,Stockport County FC (5)
?,(Sat) 14 Sep 1929 (36),Lincoln City FC (5),3-3,?,Accrington Stanley FC (5)
?,(Sat) 14 Sep 1929 (36),Doncaster Rovers FC (5),0-0,?,Hartlepool United FC (5)
?,(Sat) 14 Sep 1929 (36),Wigan Borough FC (1920-1931) (4),5-0,?,New Brighton Tower FC (1898-1901) (5)
?,(Sat) 14 Sep 1929 (36),Barrow AFC (5),5-1,?,Rotherham United FC (5)
?,(Mon) 16 Sep 1929 (37),FC Halifax Town (6),1-0,?,Doncaster Rovers FC (6)
?,(Mon) 16 Sep 1929 (37),Lincoln City FC (6),3-2,?,Port Vale FC (6)
?,(Tue) 17 Sep 1929 (37),Rochdale AFC (5),4-1,?,Darlington FC (6)
?,(Wed) 18 Sep 1929 (37),York City FC (6),3-0,?,New Brighton Tower FC (1898-1901) (6)
?,(Sat) 21 Sep 1929 (37),New Brighton Tower FC (1898-1901) (7),2-1,?,Carlisle United FC (6)
?,(Sat) 21 Sep 1929 (37),Stockport County FC (6),6-1,?,Nelson FC (6)
?,(Sat) 21 Sep 1929 (37),South Shields FC (6),1-0,?,FC Halifax Town (7)
?,(Sat) 21 Sep 1929 (37),York City FC (7),0-4,?,Southport FC (6)
?,(Sat) 21 Sep 1929 (37),Accrington Stanley FC (6),3-3,?,Tranmere Rovers FC (6)
?,(Sat) 21 Sep 1929 (37),Port Vale FC (7),4-0,?,Wigan Borough FC (1920-1931) (5)
?,(Sat) 21 Sep 1929 (37),Darlington FC (7),1-1,?,Lincoln City FC (7)
?,(Sat) 21 Sep 1929 (37),Barrow AFC (6),3-3,?,Wrexham AFC (6)
?,(Sat) 21 Sep 1929 (37),Crewe Alexandra FC (5),4-0,?,Doncaster Rovers FC (7)
?,(Sat) 21 Sep 1929 (37),Hartlepool United FC (6),0-0,?,Chesterfield FC (5)
?,(Sat) 21 Sep 1929 (37),Rochdale AFC (6),1-2,?,Rotherham United FC (6)
?,(Mon) 23 Sep 1929 (38),Port Vale FC (8),2-0,?,Crewe Alexandra FC (6)
?,(Mon) 23 Sep 1929 (38),Doncaster Rovers FC (8),1-0,?,FC Halifax Town (8)
?,(Mon) 23 Sep 1929 (38),Chesterfield FC (6),1-0,?,Tranmere Rovers FC (7)
?,(Tue) 24 Sep 1929 (38),Accrington Stanley FC (7),3-0,?,Nelson FC (7)
?,(Wed) 25 Sep 1929 (38),Wigan Borough FC (1920-1931) (6),8-0,?,Carlisle United FC (7)
?,(Sat) 28 Sep 1929 (38),Lincoln City FC (8),2-2,?,Hartlepool United FC (7)
?,(Sat) 28 Sep 1929 (38),Carlisle United FC (8),1-4,?,Port Vale FC (9)
?,(Sat) 28 Sep 1929 (38),Wigan Borough FC (1920-1931) (7),2-0,?,Barrow AFC (7)
?,(Sat) 28 Sep 1929 (38),FC Halifax Town (9),1-1,?,Accrington Stanley FC (8)
?,(Sat) 28 Sep 1929 (38),Wrexham AFC (7),8-0,?,Rochdale AFC (7)
?,(Sat) 28 Sep 1929 (38),Chesterfield FC (7),2-1,?,Doncaster Rovers FC (9)
?,(Sat) 28 Sep 1929 (38),Tranmere Rovers FC (8),3-0,?,Darlington FC (8)
?,(Sat) 28 Sep 1929 (38),Rotherham United FC (7),0-1,?,South Shields FC (7)
?,(Sat) 28 Sep 1929 (38),Nelson FC (8),2-1,?,New Brighton Tower FC (1898-1901) (8)
?,(Sat) 28 Sep 1929 (38),Crewe Alexandra FC (7),2-2,?,York City FC (8)
?,(Sat) 28 Sep 1929 (38),Southport FC (7),1-2,?,Stockport County FC (7)
?,(Tue) 1 Oct 1929 (39),Nelson FC (9),4-0,?,Wrexham AFC (8)
?,(Sat) 5 Oct 1929 (39),Port Vale FC (10),3-1,?,Nelson FC (10)
?,(Sat) 5 Oct 1929 (39),Doncaster Rovers FC (10),0-0,?,Lincoln City FC (9)
?,(Sat) 5 Oct 1929 (39),Darlington FC (9),3-2,?,FC Halifax Town (10)
?,(Sat) 5 Oct 1929 (39),New Brighton Tower FC (1898-1901) (9),1-3,?,Southport FC (8)
?,(Sat) 5 Oct 1929 (39),South Shields FC (8),2-2,?,Rochdale AFC (8)
?,(Sat) 5 Oct 1929 (39),Barrow AFC (8),0-2,?,Carlisle United FC (9)
?,(Sat) 5 Oct 1929 (39),York City FC (9),1-1,?,Chesterfield FC (8)
?,(Sat) 5 Oct 1929 (39),Stockport County FC (8),2-3,?,Crewe Alexandra FC (8)
?,(Sat) 5 Oct 1929 (39),Wrexham AFC (9),2-1,?,Wigan Borough FC (1920-1931) (8)
?,(Sat) 5 Oct 1929 (39),Hartlepool United FC (8),2-0,?,Tranmere Rovers FC (9)
?,(Sat) 5 Oct 1929 (39),Accrington Stanley FC (9),2-0,?,Rotherham United FC (8)
?,(Sat) 12 Oct 1929 (40),Crewe Alexandra FC (9),2-3,?,New Brighton Tower FC (1898-1901) (10)
?,(Sat) 12 Oct 1929 (40),Lincoln City FC (10),2-1,?,Chesterfield FC (9)
?,(Sat) 12 Oct 1929 (40),FC Halifax Town (11),0-0,?,Hartlepool United FC (9)
?,(Sat) 12 Oct 1929 (40),Rotherham United FC (9),1-4,?,Darlington FC (10)
?,(Sat) 12 Oct 1929 (40),Rochdale AFC (9),4-0,?,Accrington Stanley FC (10)
?,(Sat) 12 Oct 1929 (40),York City FC (10),1-2,?,Stockport County FC (9)
?,(Sat) 12 Oct 1929 (40),Wigan Borough FC (1920-1931) (9),1-1,?,South Shields FC (9)
?,(Sat) 12 Oct 1929 (40),Nelson FC (11),2-0,?,Barrow AFC (9)
?,(Sat) 12 Oct 1929 (40),Tranmere Rovers FC (10),2-1,?,Doncaster Rovers FC (11)
?,(Sat) 12 Oct 1929 (40),Carlisle United FC (10),5-1,?,Wrexham AFC (10)
?,(Sat) 12 Oct 1929 (40),Southport FC (9),1-2,?,Port Vale FC (11)
?,(Sat) 19 Oct 1929 (41),Darlington FC (11),3-0,?,Carlisle United FC (11)
?,(Sat) 19 Oct 1929 (41),Accrington Stanley FC (11),3-1,?,Wigan Borough FC (1920-1931) (10)
?,(Sat) 19 Oct 1929 (41),Lincoln City FC (11),3-0,?,York City FC (11)
?,(Sat) 19 Oct 1929 (41),Rotherham United FC (10),2-2,?,Port Vale FC (12)
?,(Sat) 19 Oct 1929 (41),Chesterfield FC (10),5-1,?,Crewe Alexandra FC (10)
?,(Sat) 19 Oct 1929 (41),FC Halifax Town (12),4-0,?,New Brighton Tower FC (1898-1901) (11)
?,(Sat) 19 Oct 1929 (41),Rochdale AFC (10),6-1,?,Barrow AFC (10)
?,(Sat) 19 Oct 1929 (41),Tranmere Rovers FC (11),2-0,?,Stockport County FC (10)
?,(Sat) 19 Oct 1929 (41),Hartlepool United FC (10),1-2,?,Nelson FC (12)
?,(Sat) 19 Oct 1929 (41),South Shields FC (10),1-1,?,Wrexham AFC (11)
?,(Sat) 19 Oct 1929 (41),Doncaster Rovers FC (12),3-1,?,Southport FC (10)
?,(Sat) 26 Oct 1929 (42),Stockport County FC (11),6-0,?,FC Halifax Town (13)
?,(Sat) 26 Oct 1929 (42),Crewe Alexandra FC (11),1-1,?,Lincoln City FC (12)
?,(Sat) 26 Oct 1929 (42),Wigan Borough FC (1920-1931) (11),3-2,?,Darlington FC (12)
?,(Sat) 26 Oct 1929 (42),Barrow AFC (11),1-3,?,South Shields FC (11)
?,(Sat) 26 Oct 1929 (42),Port Vale FC (13),3-3,?,Rochdale AFC (11)
?,(Sat) 26 Oct 1929 (42),Wrexham AFC (12),0-1,?,Accrington Stanley FC (12)
?,(Sat) 26 Oct 1929 (42),Carlisle United FC (12),5-2,?,Hartlepool United FC (11)
?,(Sat) 26 Oct 1929 (42),York City FC (12),0-0,?,Tranmere Rovers FC (12)
?,(Sat) 26 Oct 1929 (42),Southport FC (11),5-1,?,Chesterfield FC (11)
?,(Sat) 26 Oct 1929 (42),Nelson FC (13),4-1,?,Doncaster Rovers FC (13)
?,(Sat) 26 Oct 1929 (42),New Brighton Tower FC (1898-1901) (12),2-2,?,Rotherham United FC (11)
?,(Sat) 2 Nov 1929 (43),Doncaster Rovers FC (14),1-4,?,Carlisle United FC (13)
?,(Sat) 2 Nov 1929 (43),Lincoln City FC (13),1-1,?,Southport FC (12)
?,(Sat) 2 Nov 1929 (43),Tranmere Rovers FC (13),1-2,?,Crewe Alexandra FC (12)
?,(Sat) 2 Nov 1929 (43),Rotherham United FC (12),2-2,?,Stockport County FC (12)
?,(Sat) 2 Nov 1929 (43),FC Halifax Town (14),2-2,?,York City FC (13)
?,(Sat) 2 Nov 1929 (43),Darlington FC (13),5-1,?,Wrexham AFC (13)
?,(Sat) 2 Nov 1929 (43),Rochdale AFC (12),5-0,?,New Brighton Tower FC (1898-1901) (13)
?,(Sat) 2 Nov 1929 (43),Hartlepool United FC (12),4-0,?,Wigan Borough FC (1920-1931) (12)
?,(Sat) 2 Nov 1929 (43),South Shields FC (12),0-0,?,Port Vale FC (14)
?,(Sat) 2 Nov 1929 (43),Chesterfield FC (12),3-0,?,Nelson FC (14)
?,(Sat) 2 Nov 1929 (43),Accrington Stanley FC (13),3-1,?,Barrow AFC (12)
?,(Sat) 9 Nov 1929 (44),Stockport County FC (13),4-2,?,Rochdale AFC (13)
?,(Sat) 9 Nov 1929 (44),Wrexham AFC (14),3-5,?,Hartlepool United FC (13)
?,(Sat) 9 Nov 1929 (44),Crewe Alexandra FC (13),4-1,?,FC Halifax Town (15)
?,(Sat) 9 Nov 1929 (44),New Brighton Tower FC (1898-1901) (14),4-1,?,South Shields FC (13)
?,(Sat) 9 Nov 1929 (44),Port Vale FC (15),5-2,?,Accrington Stanley FC (14)
?,(Sat) 9 Nov 1929 (44),Wigan Borough FC (1920-1931) (13),3-2,?,Doncaster Rovers FC (15)
?,(Sat) 9 Nov 1929 (44),Barrow AFC (13),0-1,?,Darlington FC (14)
?,(Sat) 9 Nov 1929 (44),Carlisle United FC (14),6-0,?,Chesterfield FC (13)
?,(Sat) 9 Nov 1929 (44),Southport FC (13),4-4,?,Tranmere Rovers FC (14)
?,(Sat) 9 Nov 1929 (44),York City FC (14),3-0,?,Rotherham United FC (13)
?,(Sat) 9 Nov 1929 (44),Nelson FC (15),0-0,?,Lincoln City FC (14)
?,(Sat) 16 Nov 1929 (45),Tranmere Rovers FC (15),2-3,?,Nelson FC (16)
?,(Sat) 16 Nov 1929 (45),Chesterfield FC (14),5-0,?,Wigan Borough FC (1920-1931) (14)
?,(Sat) 16 Nov 1929 (45),Doncaster Rovers FC (16),4-2,?,Wrexham AFC (15)
?,(Sat) 16 Nov 1929 (45),Lincoln City FC (15),4-1,?,Carlisle United FC (15)
?,(Sat) 16 Nov 1929 (45),Darlington FC (15),0-1,?,Port Vale FC (16)
?,(Sat) 16 Nov 1929 (45),Rotherham United FC (14),2-1,?,Crewe Alexandra FC (14)
?,(Sat) 16 Nov 1929 (45),Hartlepool United FC (14),2-0,?,Barrow AFC (14)
?,(Sat) 16 Nov 1929 (45),South Shields FC (14),2-3,?,Stockport County FC (14)
?,(Sat) 16 Nov 1929 (45),FC Halifax Town (16),1-1,?,Southport FC (14)
?,(Sat) 16 Nov 1929 (45),Accrington Stanley FC (15),5-0,?,New Brighton Tower FC (1898-1901) (15)
?,(Sat) 23 Nov 1929 (46),Southport FC (15),7-1,?,Rotherham United FC (15)
?,(Sat) 23 Nov 1929 (46),Wigan Borough FC (1920-1931) (15),4-1,?,Lincoln City FC (16)
?,(Sat) 23 Nov 1929 (46),Nelson FC (17),1-0,?,FC Halifax Town (17)
?,(Sat) 23 Nov 1929 (46),Carlisle United FC (16),4-3,?,Tranmere Rovers FC (16)
?,(Sat) 23 Nov 1929 (46),Crewe Alexandra FC (15),6-1,?,Rochdale AFC (14)
?,(Sat) 23 Nov 1929 (46),York City FC (15),2-2,?,South Shields FC (15)
?,(Sat) 23 Nov 1929 (46),Wrexham AFC (16),1-1,?,Chesterfield FC (15)
?,(Sat) 23 Nov 1929 (46),Port Vale FC (17),2-1,?,Hartlepool United FC (15)
?,(Sat) 23 Nov 1929 (46),Stockport County FC (15),1-0,?,Accrington Stanley FC (16)
?,(Sat) 23 Nov 1929 (46),Barrow AFC (15),1-0,?,Doncaster Rovers FC (17)
?,(Sat) 23 Nov 1929 (46),New Brighton Tower FC (1898-1901) (16),1-3,?,Darlington FC (16)
?,(Sat) 7 Dec 1929 (48),Southport FC (16),2-1,?,South Shields FC (16)
?,(Sat) 7 Dec 1929 (48),Barrow AFC (16),2-1,?,Lincoln City FC (17)
?,(Sat) 7 Dec 1929 (48),York City FC (16),1-1,?,Darlington FC (17)
?,(Sat) 7 Dec 1929 (48),Port Vale FC (18),4-1,?,Chesterfield FC (16)
?,(Sat) 7 Dec 1929 (48),Wigan Borough FC (1920-1931) (16),2-1,?,FC Halifax Town (18)
?,(Sat) 7 Dec 1929 (48),Crewe Alexandra FC (16),2-1,?,Accrington Stanley FC (17)
?,(Sat) 7 Dec 1929 (48),Wrexham AFC (17),2-0,?,Tranmere Rovers FC (17)
?,(Sat) 7 Dec 1929 (48),New Brighton Tower FC (1898-1901) (17),1-0,?,Doncaster Rovers FC (18)
?,(Sat) 7 Dec 1929 (48),Carlisle United FC (17),3-1,?,Rotherham United FC (16)
?,(Sat) 14 Dec 1929 (49),Darlington FC (18),2-1,?,Southport FC (17)
?,(Sat) 14 Dec 1929 (49),Rochdale AFC (15),2-1,?,Wigan Borough FC (1920-1931) (17)
?,(Sat) 14 Dec 1929 (49),South Shields FC (17),2-1,?,Nelson FC (18)
?,(Thu) 19 Dec 1929 (50),FC Halifax Town (19),2-0,?,Wrexham AFC (18)
?,(Sat) 21 Dec 1929 (50),Wigan Borough FC (1920-1931) (18),3-1,?,Rochdale AFC (16)
?,(Sat) 21 Dec 1929 (50),Port Vale FC (19),1-0,?,Tranmere Rovers FC (18)
?,(Sat) 21 Dec 1929 (50),Wrexham AFC (19),1-0,?,Rotherham United FC (17)
?,(Sat) 21 Dec 1929 (50),Crewe Alexandra FC (17),5-2,?,Hartlepool United FC (16)
?,(Sat) 21 Dec 1929 (50),Stockport County FC (16),1-0,?,Chesterfield FC (17)
?,(Sat) 21 Dec 1929 (50),Nelson FC (19),2-1,?,Accrington Stanley FC (18)
?,(Sat) 21 Dec 1929 (50),New Brighton Tower FC (1898-1901) (18),1-4,?,Lincoln City FC (18)
?,(Sat) 21 Dec 1929 (50),Southport FC (18),3-0,?,Darlington FC (19)
?,(Sat) 21 Dec 1929 (50),Carlisle United FC (18),4-1,?,South Shields FC (18)
?,(Sat) 21 Dec 1929 (50),York City FC (17),2-2,?,Doncaster Rovers FC (19)
?,(Sat) 21 Dec 1929 (50),Barrow AFC (17),0-4,?,FC Halifax Town (20)
?,(Wed) 25 Dec 1929 (51),Darlington FC (20),2-4,?,Accrington Stanley FC (19)
?,(Wed) 25 Dec 1929 (51),Barrow AFC (18),0-0,?,York City FC (18)
?,(Wed) 25 Dec 1929 (51),Rotherham United FC (18),1-1,?,Chesterfield FC (18)
?,(Wed) 25 Dec 1929 (51),Crewe Alexandra FC (18),2-0,?,Wrexham AFC (20)
?,(Wed) 25 Dec 1929 (51),Port Vale FC (20),1-2,?,Stockport County FC (17)
?,(Wed) 25 Dec 1929 (51),Rochdale AFC (17),2-4,?,Doncaster Rovers FC (20)
?,(Wed) 25 Dec 1929 (51),Nelson FC (20),2-2,?,Carlisle United FC (19)
?,(Wed) 25 Dec 1929 (51),Hartlepool United FC (17),2-1,?,South Shields FC (19)
?,(Wed) 25 Dec 1929 (51),Southport FC (19),1-1,?,Wigan Borough FC (1920-1931) (19)
?,(Wed) 25 Dec 1929 (51),FC Halifax Town (21),1-1,?,Lincoln City FC (19)
?,(Wed) 25 Dec 1929 (51),Tranmere Rovers FC (19),3-1,?,New Brighton Tower FC (1898-1901) (19)
?,(Thu) 26 Dec 1929 (51),Stockport County FC (18),4-2,?,Port Vale FC (21)
?,(Thu) 26 Dec 1929 (51),Wrexham AFC (21),1-0,?,Crewe Alexandra FC (19)
?,(Thu) 26 Dec 1929 (51),South Shields FC (20),3-5,?,Hartlepool United FC (18)
?,(Thu) 26 Dec 1929 (51),York City FC (19),3-1,?,Barrow AFC (19)
?,(Thu) 26 Dec 1929 (51),Wigan Borough FC (1920-1931) (20),1-1,?,Southport FC (20)
?,(Thu) 26 Dec 1929 (51),Chesterfield FC (19),2-1,?,Rotherham United FC (19)
?,(Thu) 26 Dec 1929 (51),Accrington Stanley FC (20),3-1,?,Darlington FC (21)
?,(Thu) 26 Dec 1929 (51),Doncaster Rovers FC (21),3-1,?,Rochdale AFC (18)
?,(Thu) 26 Dec 1929 (51),New Brighton Tower FC (1898-1901) (20),3-0,?,Tranmere Rovers FC (20)
?,(Thu) 26 Dec 1929 (51),Lincoln City FC (20),0-1,?,FC Halifax Town (22)
?,(Sat) 28 Dec 1929 (51),Darlington FC (22),0-0,?,Hartlepool United FC (19)
?,(Sat) 28 Dec 1929 (51),York City FC (20),4-0,?,Wigan Borough FC (1920-1931) (21)
?,(Sat) 28 Dec 1929 (51),Southport FC (21),0-0,?,Nelson FC (21)
?,(Sat) 28 Dec 1929 (51),Port Vale FC (22),3-0,?,FC Halifax Town (23)
?,(Sat) 28 Dec 1929 (51),Stockport County FC (19),0-1,?,Wrexham AFC (22)
?,(Sat) 28 Dec 1929 (51),Rotherham United FC (20),5-0,?,Tranmere Rovers FC (21)
?,(Sat) 28 Dec 1929 (51),Crewe Alexandra FC (20),1-2,?,Carlisle United FC (20)
?,(Sat) 28 Dec 1929 (51),South Shields FC (21),3-1,?,Chesterfield FC (20)
?,(Sat) 28 Dec 1929 (51),New Brighton Tower FC (1898-1901) (21),5-0,?,Barrow AFC (20)
?,(Wed) 1 Jan 1930 (0),Hartlepool United FC (20),5-1,?,Rotherham United FC (21)
?,(Wed) 1 Jan 1930 (0),Stockport County FC (20),1-1,?,Lincoln City FC (21)
?,(Wed) 1 Jan 1930 (0),Wigan Borough FC (1920-1931) (22),2-2,?,Crewe Alexandra FC (21)
?,(Wed) 1 Jan 1930 (0),Chesterfield FC (21),2-0,?,Rochdale AFC (19)
?,(Wed) 1 Jan 1930 (0),Accrington Stanley FC (21),7-2,?,Carlisle United FC (21)
?,(Wed) 1 Jan 1930 (0),Southport FC (22),0-2,?,Barrow AFC (21)
?,(Wed) 1 Jan 1930 (0),New Brighton Tower FC (1898-1901) (22),1-1,?,York City FC (21)
?,(Wed) 1 Jan 1930 (0),Darlington FC (23),8-3,?,South Shields FC (22)
?,(Sat) 4 Jan 1930 (0),Nelson FC (22),1-1,?,Crewe Alexandra FC (22)
?,(Sat) 4 Jan 1930 (0),Barrow AFC (22),1-1,?,Port Vale FC (23)
?,(Sat) 4 Jan 1930 (0),FC Halifax Town (24),1-1,?,Rotherham United FC (22)
?,(Sat) 4 Jan 1930 (0),Doncaster Rovers FC (22),3-1,?,Darlington FC (24)
?,(Sat) 4 Jan 1930 (0),Carlisle United FC (22),2-2,?,York City FC (22)
?,(Sat) 4 Jan 1930 (0),Wigan Borough FC (1920-1931) (23),0-1,?,Stockport County FC (21)
?,(Sat) 4 Jan 1930 (0),Lincoln City FC (22),2-2,?,South Shields FC (23)
?,(Sat) 4 Jan 1930 (0),Chesterfield FC (22),4-2,?,Accrington Stanley FC (22)
?,(Sat) 4 Jan 1930 (0),Tranmere Rovers FC (22),2-2,?,Rochdale AFC (20)
?,(Sat) 4 Jan 1930 (0),Hartlepool United FC (21),1-1,?,Southport FC (23)
?,(Sat) 4 Jan 1930 (0),Wrexham AFC (23),2-1,?,New Brighton Tower FC (1898-1901) (23)
?,(Sat) 11 Jan 1930 (1),Hartlepool United FC (22),1-1,?,New Brighton Tower FC (1898-1901) (24)
?,(Sat) 11 Jan 1930 (1),FC Halifax Town (25),0-1,?,Barrow AFC (23)
?,(Sat) 11 Jan 1930 (1),Tranmere Rovers FC (23),3-0,?,Wigan Borough FC (1920-1931) (24)
?,(Sat) 11 Jan 1930 (1),South Shields FC (24),1-0,?,Crewe Alexandra FC (23)
?,(Sat) 11 Jan 1930 (1),Rochdale AFC (21),2-2,?,Southport FC (24)
?,(Tue) 14 Jan 1930 (2),Nelson FC (23),1-0,?,Rochdale AFC (22)
?,(Sat) 18 Jan 1930 (2),Tranmere Rovers FC (24),3-0,?,South Shields FC (25)
?,(Sat) 18 Jan 1930 (2),Port Vale FC (24),3-0,?,Wrexham AFC (24)
?,(Sat) 18 Jan 1930 (2),Stockport County FC (22),7-1,?,Carlisle United FC (23)
?,(Sat) 18 Jan 1930 (2),Hartlepool United FC (23),3-0,?,Doncaster Rovers FC (23)
?,(Sat) 18 Jan 1930 (2),Darlington FC (25),1-4,?,Chesterfield FC (23)
?,(Sat) 18 Jan 1930 (2),Rochdale AFC (23),0-3,?,FC Halifax Town (26)
?,(Sat) 18 Jan 1930 (2),Accrington Stanley FC (23),0-3,?,Lincoln City FC (23)
?,(Sat) 18 Jan 1930 (2),Rotherham United FC (23),7-0,?,Barrow AFC (24)
?,(Sat) 18 Jan 1930 (2),Crewe Alexandra FC (24),5-4,?,Southport FC (25)
?,(Sat) 18 Jan 1930 (2),York City FC (23),1-0,?,Nelson FC (24)
?,(Sat) 18 Jan 1930 (2),New Brighton Tower FC (1898-1901) (25),5-0,?,Wigan Borough FC (1920-1931) (25)
?,(Thu) 23 Jan 1930 (3),Carlisle United FC (24),2-2,?,Nelson FC (25)
?,(Sat) 25 Jan 1930 (3),Tranmere Rovers FC (25),2-2,?,Accrington Stanley FC (24)
?,(Sat) 25 Jan 1930 (3),Rotherham United FC (24),0-4,?,Rochdale AFC (24)
?,(Sat) 25 Jan 1930 (3),FC Halifax Town (27),0-2,?,South Shields FC (26)
?,(Sat) 25 Jan 1930 (3),Nelson FC (26),1-2,?,Stockport County FC (23)
?,(Sat) 25 Jan 1930 (3),Southport FC (26),1-0,?,York City FC (24)
?,(Sat) 25 Jan 1930 (3),Carlisle United FC (25),2-2,?,New Brighton Tower FC (1898-1901) (26)
?,(Sat) 25 Jan 1930 (3),Wigan Borough FC (1920-1931) (26),0-3,?,Port Vale FC (25)
?,(Sat) 25 Jan 1930 (3),Lincoln City FC (24),2-2,?,Darlington FC (26)
?,(Sat) 25 Jan 1930 (3),Chesterfield FC (24),2-0,?,Hartlepool United FC (24)
?,(Sat) 1 Feb 1930 (4),York City FC (25),4-2,?,Crewe Alexandra FC (25)
?,(Sat) 1 Feb 1930 (4),Rochdale AFC (25),5-4,?,Wrexham AFC (25)
?,(Sat) 1 Feb 1930 (4),Darlington FC (27),7-2,?,Tranmere Rovers FC (26)
?,(Sat) 1 Feb 1930 (4),Accrington Stanley FC (25),7-1,?,FC Halifax Town (28)
?,(Sat) 1 Feb 1930 (4),Port Vale FC (26),4-0,?,Carlisle United FC (26)
?,(Sat) 1 Feb 1930 (4),Doncaster Rovers FC (24),2-1,?,Chesterfield FC (25)
?,(Sat) 1 Feb 1930 (4),South Shields FC (27),5-0,?,Rotherham United FC (25)
?,(Sat) 1 Feb 1930 (4),New Brighton Tower FC (1898-1901) (27),2-1,?,Nelson FC (27)
?,(Sat) 1 Feb 1930 (4),Barrow AFC (25),4-1,?,Wigan Borough FC (1920-1931) (27)
?,(Sat) 1 Feb 1930 (4),Stockport County FC (24),2-2,?,Southport FC (27)
?,(Sat) 1 Feb 1930 (4),Hartlepool United FC (25),4-0,?,Lincoln City FC (25)
?,(Sat) 8 Feb 1930 (5),Crewe Alexandra FC (26),1-1,?,Stockport County FC (25)
?,(Sat) 8 Feb 1930 (5),Carlisle United FC (27),7-1,?,Barrow AFC (26)
?,(Sat) 8 Feb 1930 (5),FC Halifax Town (29),3-1,?,Darlington FC (28)
?,(Sat) 8 Feb 1930 (5),Wigan Borough FC (1920-1931) (28),2-1,?,Wrexham AFC (26)
?,(Sat) 8 Feb 1930 (5),Rochdale AFC (26),2-0,?,South Shields FC (28)
?,(Sat) 8 Feb 1930 (5),Southport FC (28),2-1,?,New Brighton Tower FC (1898-1901) (28)
?,(Sat) 8 Feb 1930 (5),Chesterfield FC (26),3-0,?,York City FC (26)
?,(Sat) 8 Feb 1930 (5),Tranmere Rovers FC (27),7-1,?,Hartlepool United FC (26)
?,(Sat) 8 Feb 1930 (5),Rotherham United FC (26),2-4,?,Accrington Stanley FC (26)
?,(Sat) 8 Feb 1930 (5),Nelson FC (28),2-3,?,Port Vale FC (27)
?,(Sat) 8 Feb 1930 (5),Lincoln City FC (26),3-1,?,Doncaster Rovers FC (25)
?,(Sat) 15 Feb 1930 (6),Chesterfield FC (27),2-1,?,Lincoln City FC (27)
?,(Sat) 15 Feb 1930 (6),Hartlepool United FC (27),3-0,?,FC Halifax Town (30)
?,(Sat) 15 Feb 1930 (6),South Shields FC (29),2-2,?,Wigan Borough FC (1920-1931) (29)
?,(Sat) 15 Feb 1930 (6),Darlington FC (29),8-1,?,Rotherham United FC (27)
?,(Sat) 15 Feb 1930 (6),Port Vale FC (28),1-0,?,Southport FC (29)
?,(Sat) 15 Feb 1930 (6),Doncaster Rovers FC (26),1-1,?,Tranmere Rovers FC (28)
?,(Sat) 15 Feb 1930 (6),Accrington Stanley FC (27),6-2,?,Rochdale AFC (27)
?,(Sat) 15 Feb 1930 (6),Wrexham AFC (27),3-3,?,Carlisle United FC (28)
?,(Sat) 15 Feb 1930 (6),New Brighton Tower FC (1898-1901) (29),3-1,?,Crewe Alexandra FC (27)
?,(Sat) 15 Feb 1930 (6),Stockport County FC (26),2-3,?,York City FC (27)
?,(Sat) 15 Feb 1930 (6),Barrow AFC (27),0-2,?,Nelson FC (29)
?,(Wed) 19 Feb 1930 (7),Darlington FC (30),1-2,?,Stockport County FC (27)
?,(Wed) 19 Feb 1930 (7),Lincoln City FC (28),3-0,?,Wrexham AFC (28)
?,(Thu) 20 Feb 1930 (7),FC Halifax Town (31),1-0,?,Carlisle United FC (29)
?,(Thu) 20 Feb 1930 (7),Tranmere Rovers FC (29),5-2,?,Barrow AFC (28)
?,(Sat) 22 Feb 1930 (7),Crewe Alexandra FC (28),2-1,?,Chesterfield FC (28)
?,(Sat) 22 Feb 1930 (7),Southport FC (30),1-1,?,Doncaster Rovers FC (27)
?,(Sat) 22 Feb 1930 (7),Stockport County FC (28),3-1,?,Tranmere Rovers FC (30)
?,(Sat) 22 Feb 1930 (7),Carlisle United FC (30),1-4,?,Darlington FC (31)
?,(Sat) 22 Feb 1930 (7),Nelson FC (30),3-2,?,Hartlepool United FC (28)
?,(Sat) 22 Feb 1930 (7),Wrexham AFC (29),1-3,?,South Shields FC (30)
?,(Sat) 22 Feb 1930 (7),Wigan Borough FC (1920-1931) (30),2-1,?,Accrington Stanley FC (28)
?,(Sat) 22 Feb 1930 (7),York City FC (28),1-0,?,Lincoln City FC (29)
?,(Sat) 22 Feb 1930 (7),Barrow AFC (29),2-0,?,Rochdale AFC (28)
?,(Sat) 22 Feb 1930 (7),Port Vale FC (29),7-1,?,Rotherham United FC (28)
?,(Sat) 22 Feb 1930 (7),New Brighton Tower FC (1898-1901) (30),4-0,?,FC Halifax Town (32)
?,(Mon) 24 Feb 1930 (8),Accrington Stanley FC (29),3-3,?,Doncaster Rovers FC (28)
?,(Mon) 24 Feb 1930 (8),Rotherham United FC (29),4-1,?,Wigan Borough FC (1920-1931) (31)
?,(Sat) 1 Mar 1930 (8),Doncaster Rovers FC (29),3-0,?,Nelson FC (31)
?,(Sat) 1 Mar 1930 (8),FC Halifax Town (33),0-3,?,Stockport County FC (29)
?,(Sat) 1 Mar 1930 (8),Accrington Stanley FC (30),1-3,?,Wrexham AFC (30)
?,(Sat) 1 Mar 1930 (8),Darlington FC (32),2-0,?,Wigan Borough FC (1920-1931) (32)
?,(Sat) 1 Mar 1930 (8),Lincoln City FC (30),2-2,?,Crewe Alexandra FC (29)
?,(Sat) 1 Mar 1930 (8),South Shields FC (31),2-0,?,Barrow AFC (30)
?,(Sat) 1 Mar 1930 (8),Rotherham United FC (30),2-2,?,New Brighton Tower FC (1898-1901) (31)
?,(Sat) 1 Mar 1930 (8),Rochdale AFC (29),0-0,?,Port Vale FC (30)
?,(Sat) 1 Mar 1930 (8),Tranmere Rovers FC (31),4-4,?,York City FC (29)
?,(Sat) 1 Mar 1930 (8),Chesterfield FC (29),2-0,?,Southport FC (31)
?,(Sat) 1 Mar 1930 (8),Hartlepool United FC (29),1-0,?,Carlisle United FC (31)
?,(Mon) 3 Mar 1930 (9),Stockport County FC (30),5-1,?,Hartlepool United FC (30)
?,(Wed) 5 Mar 1930 (9),Accrington Stanley FC (31),1-1,?,York City FC (30)
?,(Sat) 8 Mar 1930 (9),Wigan Borough FC (1920-1931) (33),1-3,?,Hartlepool United FC (31)
?,(Sat) 8 Mar 1930 (9),Southport FC (32),3-2,?,Lincoln City FC (31)
?,(Sat) 8 Mar 1930 (9),York City FC (31),3-0,?,FC Halifax Town (34)
?,(Sat) 8 Mar 1930 (9),Crewe Alexandra FC (30),3-1,?,Tranmere Rovers FC (32)
?,(Sat) 8 Mar 1930 (9),New Brighton Tower FC (1898-1901) (32),2-0,?,Rochdale AFC (30)
?,(Sat) 8 Mar 1930 (9),Carlisle United FC (32),1-1,?,Doncaster Rovers FC (30)
?,(Sat) 8 Mar 1930 (9),Stockport County FC (31),6-1,?,Rotherham United FC (31)
?,(Sat) 8 Mar 1930 (9),Nelson FC (32),0-2,?,Chesterfield FC (30)
?,(Sat) 8 Mar 1930 (9),Barrow AFC (31),3-1,?,Accrington Stanley FC (32)
?,(Sat) 8 Mar 1930 (9),Port Vale FC (31),3-0,?,South Shields FC (32)
?,(Mon) 10 Mar 1930 (10),Wrexham AFC (31),2-2,?,Darlington FC (33)
?,(Wed) 12 Mar 1930 (10),Chesterfield FC (31),2-1,?,Barrow AFC (32)
?,(Sat) 15 Mar 1930 (10),Rochdale AFC (31),3-1,?,Stockport County FC (32)
?,(Sat) 15 Mar 1930 (10),Tranmere Rovers FC (33),3-1,?,Southport FC (33)
?,(Sat) 15 Mar 1930 (10),Rotherham United FC (32),2-5,?,York City FC (32)
?,(Sat) 15 Mar 1930 (10),FC Halifax Town (35),1-3,?,Crewe Alexandra FC (31)
?,(Sat) 15 Mar 1930 (10),Darlington FC (34),4-0,?,Barrow AFC (33)
?,(Sat) 15 Mar 1930 (10),Hartlepool United FC (32),5-0,?,Wrexham AFC (32)
?,(Sat) 15 Mar 1930 (10),Doncaster Rovers FC (31),4-2,?,Wigan Borough FC (1920-1931) (34)
?,(Sat) 15 Mar 1930 (10),South Shields FC (33),1-2,?,New Brighton Tower FC (1898-1901) (33)
?,(Sat) 15 Mar 1930 (10),Chesterfield FC (32),3-1,?,Carlisle United FC (33)
?,(Sat) 15 Mar 1930 (10),Accrington Stanley FC (33),0-2,?,Port Vale FC (32)
?,(Sat) 15 Mar 1930 (10),Lincoln City FC (32),4-1,?,Nelson FC (33)
?,(Thu) 20 Mar 1930 (11),Doncaster Rovers FC (32),1-1,?,Stockport County FC (33)
?,(Sat) 22 Mar 1930 (11),New Brighton Tower FC (1898-1901) (34),5-0,?,Accrington Stanley FC (34)
?,(Sat) 22 Mar 1930 (11),Crewe Alexandra FC (32),6-1,?,Rotherham United FC (33)
?,(Sat) 22 Mar 1930 (11),Wrexham AFC (33),0-2,?,Doncaster Rovers FC (33)
?,(Sat) 22 Mar 1930 (11),Nelson FC (34),0-1,?,Tranmere Rovers FC (34)
?,(Sat) 22 Mar 1930 (11),York City FC (33),6-0,?,Rochdale AFC (32)
?,(Sat) 22 Mar 1930 (11),Port Vale FC (33),0-2,?,Darlington FC (35)
?,(Sat) 22 Mar 1930 (11),Barrow AFC (34),3-0,?,Hartlepool United FC (33)
?,(Sat) 22 Mar 1930 (11),Carlisle United FC (34),2-4,?,Lincoln City FC (33)
?,(Sat) 22 Mar 1930 (11),Wigan Borough FC (1920-1931) (35),2-1,?,Chesterfield FC (33)
?,(Sat) 22 Mar 1930 (11),Stockport County FC (34),2-0,?,South Shields FC (34)
?,(Sat) 22 Mar 1930 (11),Southport FC (34),4-0,?,FC Halifax Town (36)
?,(Mon) 24 Mar 1930 (12),Rotherham United FC (34),1-2,?,Nelson FC (35)
?,(Wed) 26 Mar 1930 (12),Wrexham AFC (34),3-0,?,Barrow AFC (35)
?,(Sat) 29 Mar 1930 (12),Rotherham United FC (35),6-3,?,Southport FC (35)
?,(Sat) 29 Mar 1930 (12),Darlington FC (36),1-2,?,New Brighton Tower FC (1898-1901) (35)
?,(Sat) 29 Mar 1930 (12),Accrington Stanley FC (35),0-1,?,Stockport County FC (35)
?,(Sat) 29 Mar 1930 (12),FC Halifax Town (37),1-1,?,Nelson FC (36)
?,(Sat) 29 Mar 1930 (12),Hartlepool United FC (34),2-0,?,Port Vale FC (34)
?,(Sat) 29 Mar 1930 (12),Chesterfield FC (34),5-0,?,Wrexham AFC (35)
?,(Sat) 29 Mar 1930 (12),Lincoln City FC (34),2-0,?,Wigan Borough FC (1920-1931) (36)
?,(Sat) 29 Mar 1930 (12),Rochdale AFC (33),3-1,?,Crewe Alexandra FC (33)
?,(Sat) 29 Mar 1930 (12),Tranmere Rovers FC (35),3-0,?,Carlisle United FC (35)
?,(Sat) 29 Mar 1930 (12),South Shields FC (35),4-1,?,York City FC (34)
?,(Sat) 29 Mar 1930 (12),Doncaster Rovers FC (34),4-0,?,Barrow AFC (36)
?,(Wed) 2 Apr 1930 (13),Hartlepool United FC (35),3-1,?,York City FC (35)
?,(Sat) 5 Apr 1930 (13),Nelson FC (37),0-1,?,Rotherham United FC (36)
?,(Sat) 5 Apr 1930 (13),Wrexham AFC (36),3-1,?,Lincoln City FC (35)
?,(Sat) 5 Apr 1930 (13),Southport FC (36),2-3,?,Rochdale AFC (34)
?,(Sat) 5 Apr 1930 (13),Barrow AFC (37),0-1,?,Chesterfield FC (35)
?,(Sat) 5 Apr 1930 (13),Crewe Alexandra FC (34),2-2,?,South Shields FC (36)
?,(Sat) 5 Apr 1930 (13),New Brighton Tower FC (1898-1901) (36),0-0,?,Hartlepool United FC (36)
?,(Sat) 5 Apr 1930 (13),Stockport County FC (36),4-0,?,Darlington FC (37)
?,(Sat) 5 Apr 1930 (13),Port Vale FC (35),2-1,?,Doncaster Rovers FC (35)
?,(Sat) 5 Apr 1930 (13),Carlisle United FC (36),2-0,?,FC Halifax Town (38)
?,(Sat) 5 Apr 1930 (13),Wigan Borough FC (1920-1931) (37),0-2,?,Tranmere Rovers FC (36)
?,(Sat) 5 Apr 1930 (13),York City FC (36),2-0,?,Accrington Stanley FC (36)
?,(Mon) 7 Apr 1930 (14),Chesterfield FC (36),1-0,?,New Brighton Tower FC (1898-1901) (37)
?,(Tue) 8 Apr 1930 (14),Rochdale AFC (35),3-4,?,Lincoln City FC (36)
?,(Thu) 10 Apr 1930 (14),Doncaster Rovers FC (36),2-1,?,Crewe Alexandra FC (35)
?,(Sat) 12 Apr 1930 (14),Lincoln City FC (37),3-0,?,Barrow AFC (38)
?,(Sat) 12 Apr 1930 (14),Rotherham United FC (37),4-1,?,Carlisle United FC (37)
?,(Sat) 12 Apr 1930 (14),Doncaster Rovers FC (37),1-1,?,New Brighton Tower FC (1898-1901) (38)
?,(Sat) 12 Apr 1930 (14),Darlington FC (38),5-2,?,York City FC (37)
?,(Sat) 12 Apr 1930 (14),Hartlepool United FC (37),0-1,?,Stockport County FC (37)
?,(Sat) 12 Apr 1930 (14),Chesterfield FC (37),1-1,?,Port Vale FC (36)
?,(Sat) 12 Apr 1930 (14),Tranmere Rovers FC (37),2-1,?,Wrexham AFC (37)
?,(Sat) 12 Apr 1930 (14),Rochdale AFC (36),4-1,?,Nelson FC (38)
?,(Sat) 12 Apr 1930 (14),Accrington Stanley FC (37),0-3,?,Crewe Alexandra FC (36)
?,(Sat) 12 Apr 1930 (14),South Shields FC (37),4-0,?,Southport FC (37)
?,(Sat) 12 Apr 1930 (14),FC Halifax Town (39),2-1,?,Wigan Borough FC (1920-1931) (38)
?,(Fri) 18 Apr 1930 (15),Rochdale AFC (37),1-1,?,Hartlepool United FC (38)
?,(Fri) 18 Apr 1930 (15),Tranmere Rovers FC (38),0-1,?,Lincoln City FC (38)
?,(Fri) 18 Apr 1930 (15),Nelson FC (39),1-3,?,Wigan Borough FC (1920-1931) (39)
?,(Fri) 18 Apr 1930 (15),Port Vale FC (37),1-1,?,York City FC (38)
?,(Fri) 18 Apr 1930 (15),Carlisle United FC (38),2-1,?,Accrington Stanley FC (38)
?,(Fri) 18 Apr 1930 (15),Southport FC (38),5-3,?,Wrexham AFC (38)
?,(Fri) 18 Apr 1930 (15),South Shields FC (38),3-3,?,Darlington FC (39)
?,(Fri) 18 Apr 1930 (15),Chesterfield FC (38),2-0,?,FC Halifax Town (40)
?,(Fri) 18 Apr 1930 (15),New Brighton Tower FC (1898-1901) (39),3-2,?,Stockport County FC (38)
?,(Fri) 18 Apr 1930 (15),Crewe Alexandra FC (37),0-0,?,Barrow AFC (39)
?,(Fri) 18 Apr 1930 (15),Doncaster Rovers FC (38),2-0,?,Rotherham United FC (38)
?,(Sat) 19 Apr 1930 (15),Port Vale FC (38),5-2,?,Lincoln City FC (39)
?,(Sat) 19 Apr 1930 (15),Crewe Alexandra FC (38),1-2,?,Darlington FC (40)
?,(Sat) 19 Apr 1930 (15),Wigan Borough FC (1920-1931) (40),1-1,?,Rotherham United FC (39)
?,(Sat) 19 Apr 1930 (15),New Brighton Tower FC (1898-1901) (40),1-1,?,Chesterfield FC (39)
?,(Sat) 19 Apr 1930 (15),Southport FC (39),2-0,?,Accrington Stanley FC (39)
?,(Sat) 19 Apr 1930 (15),Carlisle United FC (39),2-0,?,Rochdale AFC (38)
?,(Sat) 19 Apr 1930 (15),York City FC (39),4-1,?,Hartlepool United FC (39)
?,(Sat) 19 Apr 1930 (15),Wrexham AFC (39),2-1,?,FC Halifax Town (41)
?,(Sat) 19 Apr 1930 (15),Nelson FC (40),0-1,?,South Shields FC (39)
?,(Sat) 19 Apr 1930 (15),Stockport County FC (39),3-0,?,Doncaster Rovers FC (39)
?,(Sat) 19 Apr 1930 (15),Barrow AFC (40),1-1,?,Tranmere Rovers FC (39)
?,(Mon) 21 Apr 1930 (16),Barrow AFC (41),1-0,?,Crewe Alexandra FC (39)
?,(Mon) 21 Apr 1930 (16),Hartlepool United FC (40),2-8,?,Rochdale AFC (39)
?,(Mon) 21 Apr 1930 (16),Accrington Stanley FC (40),1-2,?,South Shields FC (40)
?,(Mon) 21 Apr 1930 (16),FC Halifax Town (42),3-2,?,Chesterfield FC (40)
?,(Mon) 21 Apr 1930 (16),Lincoln City FC (40),8-0,?,Tranmere Rovers FC (40)
?,(Mon) 21 Apr 1930 (16),Wrexham AFC (40),1-2,?,Southport FC (40)
?,(Mon) 21 Apr 1930 (16),Rotherham United FC (40),1-0,?,Doncaster Rovers FC (40)
?,(Mon) 21 Apr 1930 (16),Wigan Borough FC (1920-1931) (41),2-0,?,Nelson FC (41)
?,(Mon) 21 Apr 1930 (16),York City FC (40),0-2,?,Port Vale FC (39)
?,(Tue) 22 Apr 1930 (16),Darlington FC (41),3-0,?,Rochdale AFC (40)
?,(Tue) 22 Apr 1930 (16),Tranmere Rovers FC (41),1-2,?,Chesterfield FC (41)
?,(Wed) 23 Apr 1930 (16),Lincoln City FC (41),1-0,?,Stockport County FC (40)
?,(Sat) 26 Apr 1930 (16),Tranmere Rovers FC (42),1-5,?,Port Vale FC (40)
?,(Sat) 26 Apr 1930 (16),Accrington Stanley FC (41),1-1,?,Southport FC (41)
?,(Sat) 26 Apr 1930 (16),South Shields FC (41),5-2,?,Carlisle United FC (40)
?,(Sat) 26 Apr 1930 (16),Doncaster Rovers FC (41),0-3,?,York City FC (41)
?,(Sat) 26 Apr 1930 (16),Rotherham United FC (41),1-3,?,Wrexham AFC (41)
?,(Sat) 26 Apr 1930 (16),Hartlepool United FC (41),5-1,?,Crewe Alexandra FC (40)
?,(Sat) 26 Apr 1930 (16),Chesterfield FC (42),1-3,?,Stockport County FC (41)
?,(Sat) 26 Apr 1930 (16),Lincoln City FC (42),5-3,?,New Brighton Tower FC (1898-1901) (41)
?,(Mon) 28 Apr 1930 (17),Darlington FC (42),3-0,?,Crewe Alexandra FC (41)
?,(Tue) 29 Apr 1930 (17),Rochdale AFC (41),2-0,?,Carlisle United FC (41)
?,(Thu) 1 May 1930 (17),Doncaster Rovers FC (42),0-2,?,Port Vale FC (41)
?,(Sat) 3 May 1930 (17),Rotherham United FC (42),0-4,?,Hartlepool United FC (42)
?,(Sat) 3 May 1930 (17),South Shields FC (42),2-2,?,Accrington Stanley FC (42)
?,(Sat) 3 May 1930 (17),Carlisle United FC (42),5-0,?,Wigan Borough FC (1920-1931) (42)
?,(Sat) 3 May 1930 (17),Rochdale AFC (42),4-2,?,York City FC (42)
?,(Sat) 3 May 1930 (17),Barrow AFC (42),0-2,?,Southport FC (42)
?,(Sat) 3 May 1930 (17),Wrexham AFC (42),5-1,?,Nelson FC (42)
?,(Sat) 3 May 1930 (17),Crewe Alexandra FC (42),0-2,?,Port Vale FC (42)
?,(Sat) 3 May 1930 (17),Stockport County FC (42),2-0,?,New Brighton Tower FC (1898-1901) (42)
