Round,Date,Team 1,FT,HT,Team 2
?,(Sat) 24 Aug 1963 (33),Gillingham FC (1),2-0,?,Bradford Park Avenue AFC (1)
?,(Sat) 24 Aug 1963 (33),Torquay United FC (1),1-1,?,Tranmere Rovers FC (1)
?,(Sat) 24 Aug 1963 (33),Barrow AFC (1),0-0,?,FC Halifax Town (1)
?,(Sat) 24 Aug 1963 (33),Brighton & Hove Albion FC (1),1-2,?,Workington AFC (1)
?,(Sat) 24 Aug 1963 (33),Carlisle United FC (1),3-3,?,Darlington FC (1)
?,(Sat) 24 Aug 1963 (33),Doncaster Rovers FC (1),1-1,?,Newport County AFC (1)
?,(Sat) 24 Aug 1963 (33),York City FC (1),0-3,?,Rochdale AFC (1)
?,(Sat) 24 Aug 1963 (33),Lincoln City FC (1),2-0,?,Southport FC (1)
?,(Sat) 24 Aug 1963 (33),Chester FC (1),0-2,?,Oxford United FC (1)
?,(Sat) 24 Aug 1963 (33),Chesterfield FC (1),1-1,?,Stockport County FC (1)
?,(Sat) 24 Aug 1963 (33),Aldershot Town FC (1),4-1,?,Hartlepool United FC (1)
?,(Sat) 24 Aug 1963 (33),Bradford City AFC (1),1-2,?,Exeter City FC (1)
?,(Mon) 26 Aug 1963 (34),FC Halifax Town (2),2-2,?,Darlington FC (2)
?,(Mon) 26 Aug 1963 (34),Bradford Park Avenue AFC (2),2-5,?,Newport County AFC (2)
?,(Mon) 26 Aug 1963 (34),Hartlepool United FC (2),1-4,?,Torquay United FC (2)
?,(Mon) 26 Aug 1963 (34),Carlisle United FC (2),3-0,?,Exeter City FC (2)
?,(Mon) 26 Aug 1963 (34),Tranmere Rovers FC (2),1-0,?,York City FC (2)
?,(Mon) 26 Aug 1963 (34),Stockport County FC (2),4-0,?,Lincoln City FC (2)
?,(Tue) 27 Aug 1963 (34),Workington AFC (2),1-2,?,Chesterfield FC (2)
?,(Tue) 27 Aug 1963 (34),Southport FC (2),4-1,?,Aldershot Town FC (2)
?,(Wed) 28 Aug 1963 (34),Oxford United FC (2),0-1,?,Doncaster Rovers FC (2)
?,(Wed) 28 Aug 1963 (34),Gillingham FC (2),0-0,?,Bradford City AFC (2)
?,(Wed) 28 Aug 1963 (34),Chester FC (2),2-0,?,Barrow AFC (2)
?,(Wed) 28 Aug 1963 (34),Rochdale AFC (2),1-1,?,Brighton & Hove Albion FC (2)
?,(Fri) 30 Aug 1963 (34),Tranmere Rovers FC (3),6-1,?,Carlisle United FC (3)
?,(Sat) 31 Aug 1963 (34),Hartlepool United FC (3),1-0,?,Bradford City AFC (3)
?,(Sat) 31 Aug 1963 (34),Workington AFC (3),1-1,?,Chester FC (3)
?,(Sat) 31 Aug 1963 (34),Oxford United FC (3),4-4,?,York City FC (3)
?,(Sat) 31 Aug 1963 (34),FC Halifax Town (3),5-1,?,Torquay United FC (3)
?,(Sat) 31 Aug 1963 (34),Stockport County FC (3),1-3,?,Doncaster Rovers FC (3)
?,(Sat) 31 Aug 1963 (34),Bradford Park Avenue AFC (3),0-1,?,Chesterfield FC (3)
?,(Sat) 31 Aug 1963 (34),Newport County AFC (3),2-0,?,Brighton & Hove Albion FC (3)
?,(Sat) 31 Aug 1963 (34),Darlington FC (3),0-1,?,Aldershot Town FC (3)
?,(Sat) 31 Aug 1963 (34),Southport FC (3),1-1,?,Gillingham FC (3)
?,(Sat) 31 Aug 1963 (34),Exeter City FC (3),0-0,?,Lincoln City FC (3)
?,(Sat) 31 Aug 1963 (34),Rochdale AFC (3),1-3,?,Barrow AFC (3)
?,(Sat) 7 Sep 1963 (35),Southport FC (4),0-1,?,Chesterfield FC (4)
?,(Sat) 7 Sep 1963 (35),Brighton & Hove Albion FC (4),1-2,?,Stockport County FC (4)
?,(Sat) 7 Sep 1963 (35),Barrow AFC (4),1-1,?,Oxford United FC (4)
?,(Sat) 7 Sep 1963 (35),Carlisle United FC (4),3-0,?,FC Halifax Town (4)
?,(Sat) 7 Sep 1963 (35),Bradford City AFC (4),1-2,?,Darlington FC (4)
?,(Sat) 7 Sep 1963 (35),Aldershot Town FC (4),5-4,?,Tranmere Rovers FC (4)
?,(Sat) 7 Sep 1963 (35),Chester FC (4),3-0,?,Newport County AFC (4)
?,(Sat) 7 Sep 1963 (35),Torquay United FC (4),1-0,?,Rochdale AFC (4)
?,(Sat) 7 Sep 1963 (35),Gillingham FC (4),0-0,?,Exeter City FC (4)
?,(Sat) 7 Sep 1963 (35),Doncaster Rovers FC (4),3-2,?,Bradford Park Avenue AFC (4)
?,(Sat) 7 Sep 1963 (35),Lincoln City FC (4),4-2,?,Hartlepool United FC (4)
?,(Sat) 7 Sep 1963 (35),York City FC (4),0-1,?,Workington AFC (4)
?,(Mon) 9 Sep 1963 (36),Newport County AFC (5),4-0,?,Bradford Park Avenue AFC (5)
?,(Mon) 9 Sep 1963 (36),York City FC (5),1-2,?,Tranmere Rovers FC (5)
?,(Mon) 9 Sep 1963 (36),Darlington FC (5),0-0,?,FC Halifax Town (5)
?,(Mon) 9 Sep 1963 (36),Barrow AFC (5),2-2,?,Chester FC (5)
?,(Mon) 9 Sep 1963 (36),Chesterfield FC (5),2-2,?,Workington AFC (5)
?,(Tue) 10 Sep 1963 (36),Doncaster Rovers FC (5),0-1,?,Oxford United FC (5)
?,(Tue) 10 Sep 1963 (36),Brighton & Hove Albion FC (5),3-1,?,Rochdale AFC (5)
?,(Wed) 11 Sep 1963 (36),Torquay United FC (5),4-2,?,Hartlepool United FC (5)
?,(Wed) 11 Sep 1963 (36),Bradford City AFC (5),0-2,?,Gillingham FC (5)
?,(Wed) 11 Sep 1963 (36),Exeter City FC (5),1-0,?,Carlisle United FC (5)
?,(Wed) 11 Sep 1963 (36),Aldershot Town FC (5),3-1,?,Southport FC (5)
?,(Wed) 11 Sep 1963 (36),Lincoln City FC (5),1-0,?,Stockport County FC (5)
?,(Fri) 13 Sep 1963 (36),Tranmere Rovers FC (6),0-1,?,Bradford City AFC (6)
?,(Fri) 13 Sep 1963 (36),Workington AFC (6),4-1,?,Barrow AFC (6)
?,(Sat) 14 Sep 1963 (36),Stockport County FC (6),1-0,?,Chester FC (6)
?,(Sat) 14 Sep 1963 (36),FC Halifax Town (6),3-3,?,Aldershot Town FC (6)
?,(Sat) 14 Sep 1963 (36),Oxford United FC (6),1-1,?,Rochdale AFC (6)
?,(Sat) 14 Sep 1963 (36),Torquay United FC (6),3-1,?,Carlisle United FC (6)
?,(Sat) 14 Sep 1963 (36),Exeter City FC (6),1-1,?,Southport FC (6)
?,(Sat) 14 Sep 1963 (36),Bradford Park Avenue AFC (6),2-1,?,Brighton & Hove Albion FC (6)
?,(Sat) 14 Sep 1963 (36),Newport County AFC (6),0-0,?,York City FC (6)
?,(Sat) 14 Sep 1963 (36),Darlington FC (6),1-1,?,Lincoln City FC (6)
?,(Sat) 14 Sep 1963 (36),Hartlepool United FC (6),0-0,?,Gillingham FC (6)
?,(Sat) 14 Sep 1963 (36),Chesterfield FC (6),3-3,?,Doncaster Rovers FC (6)
?,(Mon) 16 Sep 1963 (37),York City FC (7),1-2,?,Barrow AFC (7)
?,(Mon) 16 Sep 1963 (37),Hartlepool United FC (7),0-6,?,Carlisle United FC (7)
?,(Mon) 16 Sep 1963 (37),Chesterfield FC (7),0-1,?,Newport County AFC (7)
?,(Mon) 16 Sep 1963 (37),FC Halifax Town (7),2-0,?,Tranmere Rovers FC (7)
?,(Mon) 16 Sep 1963 (37),Darlington FC (7),2-0,?,Torquay United FC (7)
?,(Tue) 17 Sep 1963 (37),Southport FC (7),3-3,?,Bradford City AFC (7)
?,(Tue) 17 Sep 1963 (37),Bradford Park Avenue AFC (7),2-2,?,Stockport County FC (7)
?,(Tue) 17 Sep 1963 (37),Doncaster Rovers FC (7),2-3,?,Workington AFC (7)
?,(Wed) 18 Sep 1963 (37),Oxford United FC (7),1-3,?,Brighton & Hove Albion FC (7)
?,(Wed) 18 Sep 1963 (37),Gillingham FC (7),1-0,?,Lincoln City FC (7)
?,(Wed) 18 Sep 1963 (37),Aldershot Town FC (7),0-1,?,Exeter City FC (7)
?,(Fri) 20 Sep 1963 (37),York City FC (8),2-0,?,Stockport County FC (8)
?,(Fri) 20 Sep 1963 (37),Carlisle United FC (8),2-1,?,Oxford United FC (8)
?,(Sat) 21 Sep 1963 (37),Barrow AFC (8),1-1,?,Newport County AFC (8)
?,(Sat) 21 Sep 1963 (37),Aldershot Town FC (8),1-0,?,Torquay United FC (8)
?,(Sat) 21 Sep 1963 (37),Rochdale AFC (7),5-0,?,Workington AFC (8)
?,(Sat) 21 Sep 1963 (37),Bradford City AFC (8),0-0,?,FC Halifax Town (8)
?,(Sat) 21 Sep 1963 (37),Chester FC (7),1-0,?,Bradford Park Avenue AFC (8)
?,(Sat) 21 Sep 1963 (37),Gillingham FC (8),2-1,?,Darlington FC (8)
?,(Sat) 21 Sep 1963 (37),Southport FC (8),2-1,?,Hartlepool United FC (8)
?,(Sat) 21 Sep 1963 (37),Brighton & Hove Albion FC (8),1-1,?,Chesterfield FC (8)
?,(Sat) 21 Sep 1963 (37),Exeter City FC (8),3-1,?,Doncaster Rovers FC (8)
?,(Sat) 21 Sep 1963 (37),Lincoln City FC (8),0-1,?,Tranmere Rovers FC (8)
?,(Fri) 27 Sep 1963 (38),Tranmere Rovers FC (9),0-0,?,Gillingham FC (9)
?,(Fri) 27 Sep 1963 (38),Workington AFC (9),3-1,?,Oxford United FC (9)
?,(Fri) 27 Sep 1963 (38),Carlisle United FC (9),4-0,?,Aldershot Town FC (9)
?,(Sat) 28 Sep 1963 (38),Darlington FC (9),2-2,?,Southport FC (9)
?,(Sat) 28 Sep 1963 (38),Bradford Park Avenue AFC (9),1-3,?,York City FC (9)
?,(Sat) 28 Sep 1963 (38),Stockport County FC (9),5-0,?,Barrow AFC (9)
?,(Sat) 28 Sep 1963 (38),Newport County AFC (9),1-1,?,Rochdale AFC (8)
?,(Sat) 28 Sep 1963 (38),Torquay United FC (9),4-0,?,Bradford City AFC (9)
?,(Sat) 28 Sep 1963 (38),FC Halifax Town (9),0-2,?,Lincoln City FC (9)
?,(Sat) 28 Sep 1963 (38),Chesterfield FC (9),1-0,?,Chester FC (8)
?,(Sat) 28 Sep 1963 (38),Hartlepool United FC (9),1-1,?,Exeter City FC (9)
?,(Sat) 28 Sep 1963 (38),Doncaster Rovers FC (9),1-1,?,Brighton & Hove Albion FC (9)
?,(Mon) 30 Sep 1963 (39),Barrow AFC (10),1-2,?,York City FC (10)
?,(Mon) 30 Sep 1963 (39),Stockport County FC (10),2-1,?,Bradford Park Avenue AFC (10)
?,(Mon) 30 Sep 1963 (39),Newport County AFC (10),0-1,?,Chesterfield FC (10)
?,(Mon) 30 Sep 1963 (39),Tranmere Rovers FC (10),2-2,?,FC Halifax Town (10)
?,(Tue) 1 Oct 1963 (39),Brighton & Hove Albion FC (10),2-1,?,Oxford United FC (10)
?,(Tue) 1 Oct 1963 (39),Workington AFC (10),4-1,?,Doncaster Rovers FC (10)
?,(Tue) 1 Oct 1963 (39),Carlisle United FC (10),7-1,?,Hartlepool United FC (10)
?,(Wed) 2 Oct 1963 (39),Exeter City FC (10),0-0,?,Aldershot Town FC (10)
?,(Wed) 2 Oct 1963 (39),Bradford City AFC (10),2-0,?,Southport FC (10)
?,(Wed) 2 Oct 1963 (39),Lincoln City FC (10),0-3,?,Gillingham FC (10)
?,(Wed) 2 Oct 1963 (39),Chester FC (9),2-0,?,Rochdale AFC (9)
?,(Thu) 3 Oct 1963 (39),Torquay United FC (10),3-1,?,Darlington FC (10)
?,(Sat) 5 Oct 1963 (39),Aldershot Town FC (11),4-0,?,Workington AFC (11)
?,(Sat) 5 Oct 1963 (39),Bradford City AFC (11),2-2,?,Carlisle United FC (11)
?,(Sat) 5 Oct 1963 (39),Exeter City FC (11),1-1,?,Darlington FC (11)
?,(Sat) 5 Oct 1963 (39),Gillingham FC (11),2-1,?,FC Halifax Town (11)
?,(Sat) 5 Oct 1963 (39),Rochdale AFC (10),1-0,?,Stockport County FC (11)
?,(Sat) 5 Oct 1963 (39),Hartlepool United FC (11),2-2,?,Brighton & Hove Albion FC (11)
?,(Sat) 5 Oct 1963 (39),York City FC (11),2-0,?,Chesterfield FC (11)
?,(Sat) 5 Oct 1963 (39),Southport FC (11),2-0,?,Tranmere Rovers FC (11)
?,(Sat) 5 Oct 1963 (39),Barrow AFC (11),2-2,?,Bradford Park Avenue AFC (11)
?,(Sat) 5 Oct 1963 (39),Chester FC (10),1-1,?,Doncaster Rovers FC (11)
?,(Sat) 5 Oct 1963 (39),Oxford United FC (11),2-1,?,Newport County AFC (11)
?,(Sat) 5 Oct 1963 (39),Lincoln City FC (11),3-2,?,Torquay United FC (11)
?,(Mon) 7 Oct 1963 (40),Tranmere Rovers FC (12),2-3,?,Hartlepool United FC (12)
?,(Mon) 7 Oct 1963 (40),Darlington FC (12),1-0,?,Chester FC (11)
?,(Mon) 7 Oct 1963 (40),York City FC (12),2-3,?,Brighton & Hove Albion FC (12)
?,(Mon) 7 Oct 1963 (40),Southport FC (12),1-0,?,Torquay United FC (12)
?,(Mon) 7 Oct 1963 (40),Newport County AFC (12),3-1,?,Bradford City AFC (12)
?,(Tue) 8 Oct 1963 (40),Workington AFC (12),1-1,?,Stockport County FC (12)
?,(Tue) 8 Oct 1963 (40),Bradford Park Avenue AFC (12),5-2,?,Oxford United FC (12)
?,(Tue) 8 Oct 1963 (40),Doncaster Rovers FC (12),3-1,?,Barrow AFC (12)
?,(Wed) 9 Oct 1963 (40),Aldershot Town FC (12),2-0,?,Lincoln City FC (12)
?,(Wed) 9 Oct 1963 (40),Gillingham FC (12),2-0,?,Carlisle United FC (12)
?,(Wed) 9 Oct 1963 (40),Exeter City FC (12),0-0,?,FC Halifax Town (12)
?,(Fri) 11 Oct 1963 (40),Workington AFC (13),2-1,?,Torquay United FC (13)
?,(Sat) 12 Oct 1963 (40),Chester FC (12),2-0,?,Exeter City FC (13)
?,(Sat) 12 Oct 1963 (40),Stockport County FC (13),2-2,?,Aldershot Town FC (13)
?,(Sat) 12 Oct 1963 (40),Bradford Park Avenue AFC (13),1-3,?,Bradford City AFC (13)
?,(Sat) 12 Oct 1963 (40),Doncaster Rovers FC (13),1-2,?,Gillingham FC (13)
?,(Sat) 12 Oct 1963 (40),Barrow AFC (13),3-1,?,Darlington FC (13)
?,(Sat) 12 Oct 1963 (40),Rochdale AFC (11),1-1,?,Tranmere Rovers FC (13)
?,(Sat) 12 Oct 1963 (40),York City FC (13),0-1,?,Hartlepool United FC (13)
?,(Sat) 12 Oct 1963 (40),Oxford United FC (13),2-2,?,FC Halifax Town (13)
?,(Sat) 12 Oct 1963 (40),Brighton & Hove Albion FC (13),1-0,?,Southport FC (13)
?,(Sat) 12 Oct 1963 (40),Chesterfield FC (12),1-3,?,Lincoln City FC (13)
?,(Sat) 12 Oct 1963 (40),Newport County AFC (13),1-4,?,Carlisle United FC (13)
?,(Mon) 14 Oct 1963 (41),Torquay United FC (14),3-1,?,Southport FC (14)
?,(Mon) 14 Oct 1963 (41),Stockport County FC (14),0-0,?,Workington AFC (14)
?,(Mon) 14 Oct 1963 (41),FC Halifax Town (14),2-0,?,Exeter City FC (14)
?,(Mon) 14 Oct 1963 (41),Barrow AFC (14),0-2,?,Doncaster Rovers FC (14)
?,(Tue) 15 Oct 1963 (41),Carlisle United FC (14),3-1,?,Gillingham FC (14)
?,(Wed) 16 Oct 1963 (41),Chester FC (13),0-1,?,Darlington FC (14)
?,(Wed) 16 Oct 1963 (41),Rochdale AFC (12),0-1,?,Chesterfield FC (13)
?,(Wed) 16 Oct 1963 (41),Lincoln City FC (14),3-3,?,Aldershot Town FC (14)
?,(Wed) 16 Oct 1963 (41),Oxford United FC (14),2-1,?,Bradford Park Avenue AFC (14)
?,(Wed) 16 Oct 1963 (41),Bradford City AFC (14),2-1,?,Newport County AFC (14)
?,(Thu) 17 Oct 1963 (41),Brighton & Hove Albion FC (14),3-0,?,York City FC (14)
?,(Fri) 18 Oct 1963 (41),Tranmere Rovers FC (14),1-3,?,Oxford United FC (15)
?,(Fri) 18 Oct 1963 (41),Carlisle United FC (15),0-0,?,Stockport County FC (15)
?,(Sat) 19 Oct 1963 (41),Bradford City AFC (15),4-2,?,Chesterfield FC (14)
?,(Sat) 19 Oct 1963 (41),Southport FC (15),0-2,?,Chester FC (14)
?,(Sat) 19 Oct 1963 (41),Aldershot Town FC (15),0-3,?,Bradford Park Avenue AFC (15)
?,(Sat) 19 Oct 1963 (41),Exeter City FC (15),1-0,?,York City FC (15)
?,(Sat) 19 Oct 1963 (41),Darlington FC (15),3-2,?,Rochdale AFC (13)
?,(Sat) 19 Oct 1963 (41),Hartlepool United FC (14),0-0,?,Barrow AFC (15)
?,(Sat) 19 Oct 1963 (41),Gillingham FC (15),1-0,?,Brighton & Hove Albion FC (15)
?,(Sat) 19 Oct 1963 (41),Torquay United FC (15),8-3,?,Newport County AFC (15)
?,(Sat) 19 Oct 1963 (41),Lincoln City FC (15),3-1,?,Doncaster Rovers FC (15)
?,(Sat) 19 Oct 1963 (41),FC Halifax Town (15),1-3,?,Workington AFC (15)
?,(Mon) 21 Oct 1963 (42),Stockport County FC (16),0-0,?,Oxford United FC (16)
?,(Mon) 21 Oct 1963 (42),Darlington FC (16),0-0,?,Hartlepool United FC (15)
?,(Mon) 21 Oct 1963 (42),Newport County AFC (16),0-0,?,Workington AFC (16)
?,(Tue) 22 Oct 1963 (42),Carlisle United FC (16),5-0,?,Lincoln City FC (16)
?,(Tue) 22 Oct 1963 (42),Doncaster Rovers FC (16),0-0,?,York City FC (16)
?,(Tue) 22 Oct 1963 (42),Southport FC (16),3-1,?,FC Halifax Town (16)
?,(Wed) 23 Oct 1963 (42),Aldershot Town FC (16),2-3,?,Bradford City AFC (16)
?,(Wed) 23 Oct 1963 (42),Chester FC (15),0-0,?,Brighton & Hove Albion FC (16)
?,(Wed) 23 Oct 1963 (42),Exeter City FC (16),5-0,?,Tranmere Rovers FC (15)
?,(Wed) 23 Oct 1963 (42),Gillingham FC (16),2-0,?,Torquay United FC (16)
?,(Wed) 23 Oct 1963 (42),Bradford Park Avenue AFC (16),2-2,?,Rochdale AFC (14)
?,(Fri) 25 Oct 1963 (42),Doncaster Rovers FC (17),2-1,?,Bradford City AFC (17)
?,(Fri) 25 Oct 1963 (42),Workington AFC (17),4-2,?,Tranmere Rovers FC (16)
?,(Fri) 25 Oct 1963 (42),York City FC (17),4-1,?,Southport FC (17)
?,(Sat) 26 Oct 1963 (42),Barrow AFC (16),1-1,?,Exeter City FC (17)
?,(Sat) 26 Oct 1963 (42),Chester FC (16),1-0,?,Gillingham FC (17)
?,(Sat) 26 Oct 1963 (42),Stockport County FC (17),0-0,?,Torquay United FC (17)
?,(Sat) 26 Oct 1963 (42),Rochdale AFC (15),2-0,?,Hartlepool United FC (16)
?,(Sat) 26 Oct 1963 (42),Brighton & Hove Albion FC (17),5-1,?,Lincoln City FC (17)
?,(Sat) 26 Oct 1963 (42),Oxford United FC (17),5-0,?,Darlington FC (17)
?,(Sat) 26 Oct 1963 (42),Newport County AFC (17),4-2,?,FC Halifax Town (17)
?,(Sat) 26 Oct 1963 (42),Bradford Park Avenue AFC (17),1-1,?,Carlisle United FC (17)
?,(Sat) 26 Oct 1963 (42),Chesterfield FC (15),4-0,?,Aldershot Town FC (17)
?,(Mon) 28 Oct 1963 (43),FC Halifax Town (18),4-1,?,Southport FC (18)
?,(Mon) 28 Oct 1963 (43),Tranmere Rovers FC (17),2-1,?,Exeter City FC (18)
?,(Mon) 28 Oct 1963 (43),York City FC (18),3-1,?,Doncaster Rovers FC (18)
?,(Tue) 29 Oct 1963 (43),Brighton & Hove Albion FC (18),0-0,?,Chester FC (17)
?,(Wed) 30 Oct 1963 (43),Rochdale AFC (16),0-0,?,Bradford Park Avenue AFC (18)
?,(Wed) 30 Oct 1963 (43),Bradford City AFC (18),3-0,?,Aldershot Town FC (18)
?,(Wed) 30 Oct 1963 (43),Oxford United FC (18),1-0,?,Stockport County FC (18)
?,(Wed) 30 Oct 1963 (43),Torquay United FC (18),1-0,?,Gillingham FC (18)
?,(Wed) 30 Oct 1963 (43),Lincoln City FC (18),0-2,?,Carlisle United FC (18)
?,(Sat) 2 Nov 1963 (43),Darlington FC (18),1-1,?,Workington AFC (18)
?,(Sat) 2 Nov 1963 (43),Bradford City AFC (19),3-1,?,Brighton & Hove Albion FC (19)
?,(Sat) 2 Nov 1963 (43),Southport FC (19),3-3,?,Barrow AFC (17)
?,(Sat) 2 Nov 1963 (43),Gillingham FC (19),1-0,?,York City FC (19)
?,(Sat) 2 Nov 1963 (43),Torquay United FC (19),6-2,?,Bradford Park Avenue AFC (19)
?,(Sat) 2 Nov 1963 (43),FC Halifax Town (19),4-2,?,Stockport County FC (19)
?,(Sat) 2 Nov 1963 (43),Lincoln City FC (19),3-2,?,Chester FC (18)
?,(Sat) 2 Nov 1963 (43),Tranmere Rovers FC (18),2-3,?,Newport County AFC (18)
?,(Sat) 2 Nov 1963 (43),Carlisle United FC (19),1-0,?,Chesterfield FC (16)
?,(Sat) 2 Nov 1963 (43),Exeter City FC (19),0-1,?,Rochdale AFC (17)
?,(Sat) 2 Nov 1963 (43),Hartlepool United FC (17),2-1,?,Oxford United FC (19)
?,(Sat) 2 Nov 1963 (43),Aldershot Town FC (19),4-2,?,Doncaster Rovers FC (19)
?,(Sat) 9 Nov 1963 (44),Chesterfield FC (17),1-1,?,Torquay United FC (20)
?,(Sat) 9 Nov 1963 (44),York City FC (20),0-0,?,Lincoln City FC (20)
?,(Sat) 9 Nov 1963 (44),Brighton & Hove Albion FC (20),3-1,?,Aldershot Town FC (20)
?,(Sat) 9 Nov 1963 (44),Stockport County FC (20),1-1,?,Tranmere Rovers FC (19)
?,(Sat) 9 Nov 1963 (44),Bradford Park Avenue AFC (20),4-4,?,FC Halifax Town (20)
?,(Sat) 9 Nov 1963 (44),Doncaster Rovers FC (20),1-1,?,Carlisle United FC (20)
?,(Sat) 9 Nov 1963 (44),Barrow AFC (18),0-3,?,Gillingham FC (20)
?,(Sat) 9 Nov 1963 (44),Chester FC (19),3-0,?,Bradford City AFC (20)
?,(Sat) 9 Nov 1963 (44),Workington AFC (19),2-0,?,Hartlepool United FC (18)
?,(Sat) 9 Nov 1963 (44),Rochdale AFC (18),4-0,?,Southport FC (20)
?,(Sat) 9 Nov 1963 (44),Oxford United FC (20),0-2,?,Exeter City FC (20)
?,(Sat) 9 Nov 1963 (44),Newport County AFC (19),1-2,?,Darlington FC (19)
?,(Sat) 23 Nov 1963 (46),York City FC (21),1-2,?,Aldershot Town FC (21)
?,(Sat) 23 Nov 1963 (46),Bradford Park Avenue AFC (21),4-1,?,Darlington FC (20)
?,(Sat) 23 Nov 1963 (46),Chesterfield FC (18),1-1,?,Tranmere Rovers FC (20)
?,(Sat) 23 Nov 1963 (46),Oxford United FC (21),3-1,?,Gillingham FC (21)
?,(Sat) 23 Nov 1963 (46),Newport County AFC (20),0-1,?,Exeter City FC (21)
?,(Sat) 23 Nov 1963 (46),Rochdale AFC (19),2-2,?,Lincoln City FC (21)
?,(Sat) 23 Nov 1963 (46),Workington AFC (20),2-1,?,Southport FC (21)
?,(Sat) 23 Nov 1963 (46),Chester FC (20),4-2,?,Carlisle United FC (21)
?,(Sat) 23 Nov 1963 (46),Brighton & Hove Albion FC (21),3-0,?,Torquay United FC (21)
?,(Sat) 23 Nov 1963 (46),Stockport County FC (21),1-0,?,Hartlepool United FC (19)
?,(Sat) 23 Nov 1963 (46),Doncaster Rovers FC (21),3-1,?,FC Halifax Town (21)
?,(Fri) 29 Nov 1963 (47),Exeter City FC (22),2-0,?,Stockport County FC (22)
?,(Fri) 29 Nov 1963 (47),Tranmere Rovers FC (21),3-0,?,Doncaster Rovers FC (22)
?,(Sat) 30 Nov 1963 (47),Carlisle United FC (22),4-0,?,York City FC (22)
?,(Sat) 30 Nov 1963 (47),Southport FC (22),4-2,?,Newport County AFC (21)
?,(Sat) 30 Nov 1963 (47),Darlington FC (21),3-2,?,Chesterfield FC (19)
?,(Sat) 30 Nov 1963 (47),Bradford City AFC (21),2-0,?,Rochdale AFC (20)
?,(Sat) 30 Nov 1963 (47),FC Halifax Town (22),2-2,?,Brighton & Hove Albion FC (22)
?,(Sat) 30 Nov 1963 (47),Gillingham FC (22),3-1,?,Workington AFC (21)
?,(Sat) 30 Nov 1963 (47),Hartlepool United FC (20),4-2,?,Bradford Park Avenue AFC (22)
?,(Sat) 30 Nov 1963 (47),Lincoln City FC (22),3-2,?,Oxford United FC (22)
?,(Sat) 30 Nov 1963 (47),Torquay United FC (22),5-0,?,Chester FC (21)
?,(Sat) 30 Nov 1963 (47),Aldershot Town FC (22),8-2,?,Barrow AFC (19)
?,(Sat) 7 Dec 1963 (48),Brighton & Hove Albion FC (23),2-0,?,Darlington FC (22)
?,(Sat) 14 Dec 1963 (49),Newport County AFC (22),1-0,?,Doncaster Rovers FC (23)
?,(Sat) 14 Dec 1963 (49),Hartlepool United FC (21),1-4,?,Aldershot Town FC (23)
?,(Sat) 14 Dec 1963 (49),Workington AFC (22),1-0,?,Brighton & Hove Albion FC (24)
?,(Sat) 14 Dec 1963 (49),Darlington FC (23),1-6,?,Carlisle United FC (23)
?,(Sat) 14 Dec 1963 (49),Exeter City FC (23),4-1,?,Bradford City AFC (22)
?,(Sat) 14 Dec 1963 (49),Rochdale AFC (21),2-0,?,York City FC (23)
?,(Sat) 14 Dec 1963 (49),Bradford Park Avenue AFC (23),1-0,?,Gillingham FC (23)
?,(Sat) 14 Dec 1963 (49),Southport FC (23),1-0,?,Lincoln City FC (23)
?,(Sat) 14 Dec 1963 (49),FC Halifax Town (23),1-0,?,Barrow AFC (20)
?,(Sat) 14 Dec 1963 (49),Tranmere Rovers FC (22),3-1,?,Torquay United FC (23)
?,(Sat) 14 Dec 1963 (49),Oxford United FC (23),2-1,?,Chester FC (22)
?,(Sat) 14 Dec 1963 (49),Stockport County FC (23),2-1,?,Chesterfield FC (20)
?,(Fri) 20 Dec 1963 (50),Barrow AFC (21),1-2,?,Rochdale AFC (22)
?,(Sat) 21 Dec 1963 (50),Chester FC (23),2-1,?,Workington AFC (23)
?,(Sat) 21 Dec 1963 (50),Brighton & Hove Albion FC (25),1-2,?,Newport County AFC (23)
?,(Sat) 21 Dec 1963 (50),Lincoln City FC (24),1-1,?,Exeter City FC (24)
?,(Sat) 21 Dec 1963 (50),Bradford City AFC (23),2-0,?,Hartlepool United FC (22)
?,(Sat) 21 Dec 1963 (50),Chesterfield FC (21),1-2,?,Bradford Park Avenue AFC (24)
?,(Sat) 21 Dec 1963 (50),Carlisle United FC (24),5-2,?,Tranmere Rovers FC (23)
?,(Sat) 21 Dec 1963 (50),Doncaster Rovers FC (24),4-1,?,Stockport County FC (24)
?,(Sat) 21 Dec 1963 (50),York City FC (24),0-2,?,Oxford United FC (24)
?,(Sat) 21 Dec 1963 (50),Aldershot Town FC (24),1-2,?,Darlington FC (24)
?,(Sat) 21 Dec 1963 (50),Gillingham FC (24),5-1,?,Southport FC (24)
?,(Sat) 21 Dec 1963 (50),Torquay United FC (24),3-2,?,FC Halifax Town (24)
?,(Thu) 26 Dec 1963 (51),Aldershot Town FC (25),2-0,?,Newport County AFC (24)
?,(Thu) 26 Dec 1963 (51),Chesterfield FC (22),0-3,?,Gillingham FC (25)
?,(Thu) 26 Dec 1963 (51),Oxford United FC (25),1-0,?,Torquay United FC (25)
?,(Thu) 26 Dec 1963 (51),Workington AFC (24),2-2,?,Carlisle United FC (25)
?,(Thu) 26 Dec 1963 (51),Southport FC (25),3-0,?,Doncaster Rovers FC (25)
?,(Thu) 26 Dec 1963 (51),Tranmere Rovers FC (24),1-1,?,Barrow AFC (22)
?,(Thu) 26 Dec 1963 (51),Brighton & Hove Albion FC (26),1-2,?,Exeter City FC (25)
?,(Thu) 26 Dec 1963 (51),Hartlepool United FC (23),2-0,?,Chester FC (24)
?,(Thu) 26 Dec 1963 (51),Lincoln City FC (25),3-0,?,Bradford Park Avenue AFC (25)
?,(Sat) 28 Dec 1963 (51),Gillingham FC (26),1-0,?,Chesterfield FC (23)
?,(Sat) 28 Dec 1963 (51),Torquay United FC (26),0-0,?,Oxford United FC (26)
?,(Sat) 28 Dec 1963 (51),Bradford Park Avenue AFC (26),0-1,?,Lincoln City FC (26)
?,(Sat) 28 Dec 1963 (51),Chester FC (25),2-1,?,Hartlepool United FC (24)
?,(Sat) 28 Dec 1963 (51),Exeter City FC (26),0-0,?,Brighton & Hove Albion FC (27)
?,(Sat) 28 Dec 1963 (51),Doncaster Rovers FC (26),3-0,?,Southport FC (26)
?,(Sat) 28 Dec 1963 (51),Carlisle United FC (26),3-1,?,Workington AFC (25)
?,(Sat) 28 Dec 1963 (51),Barrow AFC (23),1-1,?,Tranmere Rovers FC (25)
?,(Sat) 28 Dec 1963 (51),Darlington FC (25),4-2,?,York City FC (25)
?,(Sat) 28 Dec 1963 (51),Stockport County FC (25),2-1,?,Bradford City AFC (24)
?,(Sat) 28 Dec 1963 (51),Newport County AFC (25),2-1,?,Aldershot Town FC (26)
?,(Sat) 28 Dec 1963 (51),Rochdale AFC (23),4-1,?,FC Halifax Town (25)
?,(Wed) 1 Jan 1964 (0),Barrow AFC (24),5-2,?,Chesterfield FC (24)
?,(Wed) 1 Jan 1964 (0),Tranmere Rovers FC (26),3-3,?,Chester FC (26)
?,(Wed) 1 Jan 1964 (0),Hartlepool United FC (25),0-2,?,Darlington FC (26)
?,(Fri) 3 Jan 1964 (0),Tranmere Rovers FC (27),3-1,?,Bradford Park Avenue AFC (27)
?,(Sat) 4 Jan 1964 (0),Gillingham FC (27),0-0,?,Rochdale AFC (24)
?,(Sat) 4 Jan 1964 (0),Bradford City AFC (25),3-2,?,York City FC (26)
?,(Sat) 4 Jan 1964 (0),Darlington FC (27),2-3,?,Stockport County FC (26)
?,(Sat) 4 Jan 1964 (0),Exeter City FC (27),2-1,?,Workington AFC (26)
?,(Fri) 10 Jan 1964 (1),Workington AFC (27),1-0,?,York City FC (27)
?,(Fri) 10 Jan 1964 (1),Tranmere Rovers FC (28),3-0,?,Aldershot Town FC (27)
?,(Sat) 11 Jan 1964 (1),Stockport County FC (27),1-1,?,Brighton & Hove Albion FC (28)
?,(Sat) 11 Jan 1964 (1),Hartlepool United FC (26),1-2,?,Lincoln City FC (27)
?,(Sat) 11 Jan 1964 (1),Chesterfield FC (25),1-0,?,Southport FC (27)
?,(Sat) 11 Jan 1964 (1),Oxford United FC (27),0-0,?,Barrow AFC (25)
?,(Sat) 11 Jan 1964 (1),Exeter City FC (28),0-0,?,Gillingham FC (28)
?,(Sat) 11 Jan 1964 (1),Darlington FC (28),1-2,?,Bradford City AFC (26)
?,(Sat) 11 Jan 1964 (1),FC Halifax Town (26),1-2,?,Carlisle United FC (27)
?,(Sat) 11 Jan 1964 (1),Rochdale AFC (25),1-2,?,Torquay United FC (27)
?,(Sat) 11 Jan 1964 (1),Newport County AFC (26),0-1,?,Chester FC (27)
?,(Sat) 11 Jan 1964 (1),Bradford Park Avenue AFC (28),3-1,?,Doncaster Rovers FC (27)
?,(Sat) 18 Jan 1964 (2),Aldershot Town FC (28),0-0,?,FC Halifax Town (27)
?,(Sat) 18 Jan 1964 (2),Chester FC (28),2-1,?,Stockport County FC (28)
?,(Sat) 18 Jan 1964 (2),Southport FC (28),1-1,?,Exeter City FC (29)
?,(Sat) 18 Jan 1964 (2),Gillingham FC (29),2-0,?,Hartlepool United FC (27)
?,(Sat) 18 Jan 1964 (2),Brighton & Hove Albion FC (29),0-1,?,Bradford Park Avenue AFC (29)
?,(Sat) 18 Jan 1964 (2),Barrow AFC (26),1-1,?,Workington AFC (28)
?,(Sat) 18 Jan 1964 (2),York City FC (28),3-0,?,Newport County AFC (27)
?,(Sat) 18 Jan 1964 (2),Doncaster Rovers FC (28),1-1,?,Chesterfield FC (26)
?,(Sat) 18 Jan 1964 (2),Rochdale AFC (26),0-0,?,Oxford United FC (28)
?,(Sat) 18 Jan 1964 (2),Bradford City AFC (27),0-3,?,Tranmere Rovers FC (29)
?,(Sat) 18 Jan 1964 (2),Carlisle United FC (28),0-1,?,Torquay United FC (28)
?,(Sat) 18 Jan 1964 (2),Lincoln City FC (28),3-1,?,Darlington FC (29)
?,(Sat) 25 Jan 1964 (3),Barrow AFC (27),2-3,?,Bradford City AFC (28)
?,(Sat) 25 Jan 1964 (3),Workington AFC (29),1-1,?,Lincoln City FC (29)
?,(Sat) 25 Jan 1964 (3),Brighton & Hove Albion FC (30),1-1,?,Tranmere Rovers FC (30)
?,(Sat) 25 Jan 1964 (3),Bradford Park Avenue AFC (30),3-2,?,Exeter City FC (30)
?,(Sat) 25 Jan 1964 (3),Chesterfield FC (27),0-2,?,Hartlepool United FC (28)
?,(Sat) 25 Jan 1964 (3),Chester FC (29),5-2,?,FC Halifax Town (28)
?,(Sat) 25 Jan 1964 (3),Stockport County FC (29),1-4,?,Southport FC (29)
?,(Sat) 25 Jan 1964 (3),York City FC (29),1-1,?,Torquay United FC (29)
?,(Sat) 25 Jan 1964 (3),Doncaster Rovers FC (29),10-0,?,Darlington FC (30)
?,(Wed) 29 Jan 1964 (4),Bradford City AFC (29),1-0,?,Stockport County FC (30)
?,(Fri) 31 Jan 1964 (4),Tranmere Rovers FC (31),3-0,?,Lincoln City FC (30)
?,(Sat) 1 Feb 1964 (4),Hartlepool United FC (29),2-3,?,Southport FC (30)
?,(Sat) 1 Feb 1964 (4),Doncaster Rovers FC (30),1-0,?,Exeter City FC (31)
?,(Sat) 1 Feb 1964 (4),Bradford Park Avenue AFC (31),4-0,?,Chester FC (30)
?,(Sat) 1 Feb 1964 (4),Oxford United FC (29),1-2,?,Carlisle United FC (29)
?,(Sat) 1 Feb 1964 (4),Workington AFC (30),3-0,?,Rochdale AFC (27)
?,(Sat) 1 Feb 1964 (4),FC Halifax Town (29),0-1,?,Bradford City AFC (30)
?,(Sat) 1 Feb 1964 (4),Stockport County FC (31),2-0,?,York City FC (30)
?,(Sat) 1 Feb 1964 (4),Chesterfield FC (28),1-0,?,Brighton & Hove Albion FC (31)
?,(Sat) 1 Feb 1964 (4),Torquay United FC (30),3-0,?,Aldershot Town FC (29)
?,(Sat) 1 Feb 1964 (4),Darlington FC (31),1-1,?,Gillingham FC (30)
?,(Mon) 3 Feb 1964 (5),Newport County AFC (28),3-0,?,Barrow AFC (28)
?,(Tue) 4 Feb 1964 (5),Carlisle United FC (30),1-2,?,Bradford City AFC (31)
?,(Fri) 7 Feb 1964 (5),Barrow AFC (29),1-2,?,Stockport County FC (32)
?,(Sat) 8 Feb 1964 (5),Oxford United FC (30),2-1,?,Workington AFC (31)
?,(Sat) 8 Feb 1964 (5),Southport FC (31),3-1,?,Darlington FC (32)
?,(Sat) 8 Feb 1964 (5),Gillingham FC (31),2-2,?,Tranmere Rovers FC (32)
?,(Sat) 8 Feb 1964 (5),Chester FC (31),4-2,?,Chesterfield FC (29)
?,(Sat) 8 Feb 1964 (5),Exeter City FC (32),2-1,?,Hartlepool United FC (30)
?,(Sat) 8 Feb 1964 (5),Lincoln City FC (31),4-0,?,FC Halifax Town (30)
?,(Sat) 8 Feb 1964 (5),Bradford City AFC (32),2-1,?,Torquay United FC (31)
?,(Sat) 8 Feb 1964 (5),Brighton & Hove Albion FC (32),4-0,?,Doncaster Rovers FC (31)
?,(Sat) 8 Feb 1964 (5),York City FC (31),2-0,?,Bradford Park Avenue AFC (32)
?,(Sat) 8 Feb 1964 (5),Rochdale AFC (28),0-1,?,Newport County AFC (29)
?,(Sat) 8 Feb 1964 (5),Aldershot Town FC (30),3-2,?,Carlisle United FC (31)
?,(Fri) 14 Feb 1964 (6),Tranmere Rovers FC (33),2-0,?,Southport FC (32)
?,(Fri) 14 Feb 1964 (6),Workington AFC (32),4-0,?,Aldershot Town FC (31)
?,(Sat) 15 Feb 1964 (6),Darlington FC (33),1-1,?,Exeter City FC (33)
?,(Sat) 15 Feb 1964 (6),Torquay United FC (32),2-2,?,Lincoln City FC (32)
?,(Sat) 15 Feb 1964 (6),Stockport County FC (33),1-0,?,Rochdale AFC (29)
?,(Sat) 15 Feb 1964 (6),Doncaster Rovers FC (32),3-2,?,Chester FC (32)
?,(Sat) 15 Feb 1964 (6),FC Halifax Town (31),0-0,?,Gillingham FC (32)
?,(Sat) 15 Feb 1964 (6),Brighton & Hove Albion FC (33),4-1,?,Hartlepool United FC (31)
?,(Sat) 15 Feb 1964 (6),Bradford Park Avenue AFC (33),1-0,?,Barrow AFC (30)
?,(Sat) 15 Feb 1964 (6),Chesterfield FC (30),1-0,?,York City FC (32)
?,(Fri) 21 Feb 1964 (7),Tranmere Rovers FC (34),2-1,?,Rochdale AFC (30)
?,(Fri) 21 Feb 1964 (7),Torquay United FC (33),2-1,?,Workington AFC (33)
?,(Sat) 22 Feb 1964 (7),Bradford City AFC (33),1-0,?,Bradford Park Avenue AFC (34)
?,(Sat) 22 Feb 1964 (7),Hartlepool United FC (32),0-1,?,York City FC (33)
?,(Sat) 22 Feb 1964 (7),Exeter City FC (34),3-0,?,Chester FC (33)
?,(Sat) 22 Feb 1964 (7),Southport FC (33),3-3,?,Brighton & Hove Albion FC (34)
?,(Sat) 22 Feb 1964 (7),Lincoln City FC (33),5-2,?,Chesterfield FC (31)
?,(Sat) 22 Feb 1964 (7),FC Halifax Town (32),3-1,?,Oxford United FC (31)
?,(Sat) 22 Feb 1964 (7),Carlisle United FC (32),3-3,?,Newport County AFC (30)
?,(Sat) 22 Feb 1964 (7),Aldershot Town FC (32),7-0,?,Stockport County FC (34)
?,(Sat) 22 Feb 1964 (7),Gillingham FC (33),1-1,?,Doncaster Rovers FC (33)
?,(Sat) 22 Feb 1964 (7),Darlington FC (34),3-3,?,Barrow AFC (31)
?,(Mon) 24 Feb 1964 (8),Workington AFC (34),2-0,?,Newport County AFC (31)
?,(Mon) 24 Feb 1964 (8),Carlisle United FC (33),0-1,?,Brighton & Hove Albion FC (35)
?,(Tue) 25 Feb 1964 (8),Rochdale AFC (31),2-2,?,Aldershot Town FC (33)
?,(Fri) 28 Feb 1964 (8),Workington AFC (35),2-4,?,FC Halifax Town (33)
?,(Fri) 28 Feb 1964 (8),York City FC (34),1-2,?,Exeter City FC (35)
?,(Fri) 28 Feb 1964 (8),Barrow AFC (32),1-2,?,Hartlepool United FC (33)
?,(Sat) 29 Feb 1964 (8),Rochdale AFC (32),2-1,?,Darlington FC (35)
?,(Sat) 29 Feb 1964 (8),Chester FC (34),5-0,?,Southport FC (34)
?,(Sat) 29 Feb 1964 (8),Newport County AFC (32),0-3,?,Torquay United FC (34)
?,(Sat) 29 Feb 1964 (8),Brighton & Hove Albion FC (36),2-1,?,Gillingham FC (34)
?,(Sat) 29 Feb 1964 (8),Doncaster Rovers FC (34),0-0,?,Lincoln City FC (34)
?,(Sat) 29 Feb 1964 (8),Stockport County FC (35),0-3,?,Carlisle United FC (34)
?,(Sat) 29 Feb 1964 (8),Bradford Park Avenue AFC (35),2-1,?,Aldershot Town FC (34)
?,(Sat) 29 Feb 1964 (8),Chesterfield FC (32),3-2,?,Bradford City AFC (34)
?,(Mon) 2 Mar 1964 (9),Newport County AFC (33),1-0,?,Oxford United FC (32)
?,(Wed) 4 Mar 1964 (9),FC Halifax Town (34),3-2,?,Chesterfield FC (33)
?,(Wed) 4 Mar 1964 (9),Rochdale AFC (33),1-0,?,Chester FC (35)
?,(Fri) 6 Mar 1964 (9),Torquay United FC (35),4-0,?,Stockport County FC (36)
?,(Fri) 6 Mar 1964 (9),Tranmere Rovers FC (35),0-2,?,Workington AFC (36)
?,(Sat) 7 Mar 1964 (9),Hartlepool United FC (34),1-1,?,Rochdale AFC (34)
?,(Sat) 7 Mar 1964 (9),Lincoln City FC (35),0-2,?,Brighton & Hove Albion FC (37)
?,(Sat) 7 Mar 1964 (9),Southport FC (35),0-3,?,York City FC (35)
?,(Sat) 7 Mar 1964 (9),Darlington FC (36),3-0,?,Oxford United FC (33)
?,(Sat) 7 Mar 1964 (9),Carlisle United FC (35),4-0,?,Bradford Park Avenue AFC (36)
?,(Sat) 7 Mar 1964 (9),Bradford City AFC (35),2-1,?,Doncaster Rovers FC (35)
?,(Sat) 7 Mar 1964 (9),Gillingham FC (35),2-1,?,Chester FC (36)
?,(Sat) 7 Mar 1964 (9),Exeter City FC (36),0-0,?,Barrow AFC (33)
?,(Sat) 7 Mar 1964 (9),FC Halifax Town (35),2-0,?,Newport County AFC (34)
?,(Sat) 7 Mar 1964 (9),Aldershot Town FC (35),0-2,?,Chesterfield FC (34)
?,(Mon) 9 Mar 1964 (10),Aldershot Town FC (36),2-1,?,Chester FC (37)
?,(Wed) 11 Mar 1964 (10),Oxford United FC (34),1-1,?,Bradford City AFC (36)
?,(Wed) 11 Mar 1964 (10),FC Halifax Town (36),3-2,?,Rochdale AFC (35)
?,(Fri) 13 Mar 1964 (10),Chester FC (38),3-1,?,Lincoln City FC (36)
?,(Sat) 14 Mar 1964 (10),Barrow AFC (34),1-3,?,Southport FC (36)
?,(Sat) 14 Mar 1964 (10),Stockport County FC (37),1-2,?,FC Halifax Town (37)
?,(Sat) 14 Mar 1964 (10),Oxford United FC (35),5-1,?,Hartlepool United FC (35)
?,(Sat) 14 Mar 1964 (10),Chesterfield FC (35),2-0,?,Carlisle United FC (36)
?,(Sat) 14 Mar 1964 (10),Doncaster Rovers FC (36),1-1,?,Aldershot Town FC (37)
?,(Sat) 14 Mar 1964 (10),Brighton & Hove Albion FC (38),1-2,?,Bradford City AFC (37)
?,(Sat) 14 Mar 1964 (10),Newport County AFC (35),0-2,?,Tranmere Rovers FC (36)
?,(Sat) 14 Mar 1964 (10),Rochdale AFC (36),1-3,?,Exeter City FC (37)
?,(Sat) 14 Mar 1964 (10),Workington AFC (37),3-0,?,Darlington FC (37)
?,(Mon) 16 Mar 1964 (11),Barrow AFC (35),2-2,?,Carlisle United FC (37)
?,(Fri) 20 Mar 1964 (11),Torquay United FC (36),1-1,?,Chesterfield FC (36)
?,(Fri) 20 Mar 1964 (11),Tranmere Rovers FC (37),4-2,?,Stockport County FC (38)
?,(Fri) 20 Mar 1964 (11),Southport FC (37),2-1,?,Rochdale AFC (37)
?,(Fri) 20 Mar 1964 (11),Lincoln City FC (37),3-2,?,York City FC (36)
?,(Sat) 21 Mar 1964 (11),Exeter City FC (38),3-2,?,Oxford United FC (36)
?,(Sat) 21 Mar 1964 (11),Carlisle United FC (38),6-0,?,Doncaster Rovers FC (37)
?,(Sat) 21 Mar 1964 (11),FC Halifax Town (38),2-1,?,Bradford Park Avenue AFC (37)
?,(Sat) 21 Mar 1964 (11),Aldershot Town FC (38),1-0,?,Brighton & Hove Albion FC (39)
?,(Sat) 21 Mar 1964 (11),Bradford City AFC (38),1-1,?,Chester FC (39)
?,(Sat) 21 Mar 1964 (11),Hartlepool United FC (36),1-2,?,Workington AFC (38)
?,(Mon) 23 Mar 1964 (12),Hartlepool United FC (37),3-2,?,Tranmere Rovers FC (38)
?,(Mon) 23 Mar 1964 (12),Darlington FC (38),3-1,?,Newport County AFC (36)
?,(Tue) 24 Mar 1964 (12),Doncaster Rovers FC (38),2-0,?,Rochdale AFC (38)
?,(Fri) 27 Mar 1964 (12),Chesterfield FC (37),0-0,?,Oxford United FC (37)
?,(Fri) 27 Mar 1964 (12),Workington AFC (39),1-1,?,Bradford Park Avenue AFC (38)
?,(Fri) 27 Mar 1964 (12),Hartlepool United FC (38),1-1,?,FC Halifax Town (39)
?,(Fri) 27 Mar 1964 (12),Brighton & Hove Albion FC (40),2-0,?,Barrow AFC (36)
?,(Fri) 27 Mar 1964 (12),Tranmere Rovers FC (39),0-2,?,Darlington FC (39)
?,(Fri) 27 Mar 1964 (12),Carlisle United FC (39),5-2,?,Southport FC (38)
?,(Fri) 27 Mar 1964 (12),Gillingham FC (36),2-0,?,Aldershot Town FC (39)
?,(Fri) 27 Mar 1964 (12),Exeter City FC (39),0-0,?,Torquay United FC (37)
?,(Fri) 27 Mar 1964 (12),York City FC (37),1-0,?,Chester FC (40)
?,(Fri) 27 Mar 1964 (12),Stockport County FC (39),1-0,?,Newport County AFC (37)
?,(Sat) 28 Mar 1964 (12),Oxford United FC (38),1-1,?,Aldershot Town FC (40)
?,(Sat) 28 Mar 1964 (12),Newport County AFC (38),4-2,?,Lincoln City FC (38)
?,(Sat) 28 Mar 1964 (12),Doncaster Rovers FC (39),2-2,?,Hartlepool United FC (39)
?,(Sat) 28 Mar 1964 (12),Bradford Park Avenue AFC (39),3-0,?,Southport FC (39)
?,(Sat) 28 Mar 1964 (12),Rochdale AFC (39),1-1,?,Carlisle United FC (40)
?,(Sat) 28 Mar 1964 (12),Stockport County FC (40),2-0,?,Gillingham FC (37)
?,(Sat) 28 Mar 1964 (12),York City FC (38),1-3,?,FC Halifax Town (40)
?,(Sat) 28 Mar 1964 (12),Workington AFC (40),1-0,?,Bradford City AFC (39)
?,(Sat) 28 Mar 1964 (12),Chesterfield FC (38),1-1,?,Barrow AFC (37)
?,(Sat) 28 Mar 1964 (12),Chester FC (41),0-2,?,Tranmere Rovers FC (40)
?,(Mon) 30 Mar 1964 (13),Lincoln City FC (39),1-2,?,Bradford City AFC (40)
?,(Mon) 30 Mar 1964 (13),Chester FC (42),1-1,?,York City FC (39)
?,(Mon) 30 Mar 1964 (13),Newport County AFC (39),3-1,?,Stockport County FC (41)
?,(Mon) 30 Mar 1964 (13),Torquay United FC (38),1-1,?,Exeter City FC (40)
?,(Mon) 30 Mar 1964 (13),Darlington FC (40),3-5,?,Tranmere Rovers FC (41)
?,(Mon) 30 Mar 1964 (13),Bradford Park Avenue AFC (40),1-0,?,Workington AFC (41)
?,(Mon) 30 Mar 1964 (13),Aldershot Town FC (41),1-1,?,Gillingham FC (38)
?,(Mon) 30 Mar 1964 (13),Oxford United FC (39),1-2,?,Chesterfield FC (39)
?,(Mon) 30 Mar 1964 (13),FC Halifax Town (41),4-1,?,Hartlepool United FC (40)
?,(Mon) 30 Mar 1964 (13),Barrow AFC (38),1-1,?,Brighton & Hove Albion FC (41)
?,(Mon) 30 Mar 1964 (13),Southport FC (40),3-0,?,Carlisle United FC (41)
?,(Tue) 31 Mar 1964 (13),Bradford City AFC (41),4-0,?,Lincoln City FC (40)
?,(Tue) 31 Mar 1964 (13),Rochdale AFC (40),2-2,?,Doncaster Rovers FC (40)
?,(Fri) 3 Apr 1964 (13),Tranmere Rovers FC (42),2-1,?,Chesterfield FC (40)
?,(Fri) 3 Apr 1964 (13),Torquay United FC (39),3-0,?,Brighton & Hove Albion FC (42)
?,(Sat) 4 Apr 1964 (13),Lincoln City FC (41),2-0,?,Rochdale AFC (41)
?,(Sat) 4 Apr 1964 (13),Southport FC (41),0-3,?,Workington AFC (42)
?,(Sat) 4 Apr 1964 (13),Bradford City AFC (42),7-1,?,Barrow AFC (39)
?,(Sat) 4 Apr 1964 (13),Exeter City FC (41),3-1,?,Newport County AFC (40)
?,(Sat) 4 Apr 1964 (13),Aldershot Town FC (42),5-2,?,York City FC (40)
?,(Sat) 4 Apr 1964 (13),Carlisle United FC (42),3-1,?,Chester FC (43)
?,(Sat) 4 Apr 1964 (13),FC Halifax Town (42),0-2,?,Doncaster Rovers FC (41)
?,(Sat) 4 Apr 1964 (13),Hartlepool United FC (41),3-0,?,Stockport County FC (42)
?,(Sat) 4 Apr 1964 (13),Darlington FC (41),2-2,?,Bradford Park Avenue AFC (41)
?,(Mon) 6 Apr 1964 (14),Chesterfield FC (41),1-1,?,Rochdale AFC (42)
?,(Mon) 6 Apr 1964 (14),York City FC (41),3-1,?,Darlington FC (42)
?,(Mon) 6 Apr 1964 (14),Hartlepool United FC (42),1-1,?,Newport County AFC (41)
?,(Wed) 8 Apr 1964 (14),Torquay United FC (40),1-0,?,Doncaster Rovers FC (42)
?,(Wed) 8 Apr 1964 (14),Gillingham FC (39),3-1,?,Barrow AFC (40)
?,(Sat) 11 Apr 1964 (14),Brighton & Hove Albion FC (43),3-0,?,FC Halifax Town (43)
?,(Sat) 11 Apr 1964 (14),Rochdale AFC (43),1-2,?,Bradford City AFC (43)
?,(Sat) 11 Apr 1964 (14),Newport County AFC (42),3-0,?,Southport FC (42)
?,(Sat) 11 Apr 1964 (14),Chester FC (44),2-1,?,Torquay United FC (41)
?,(Sat) 11 Apr 1964 (14),Barrow AFC (41),0-2,?,Aldershot Town FC (43)
?,(Sat) 11 Apr 1964 (14),Stockport County FC (43),0-0,?,Exeter City FC (42)
?,(Sat) 11 Apr 1964 (14),York City FC (42),0-0,?,Carlisle United FC (43)
?,(Sat) 11 Apr 1964 (14),Bradford Park Avenue AFC (42),3-1,?,Hartlepool United FC (43)
?,(Sat) 11 Apr 1964 (14),Chesterfield FC (42),2-1,?,Darlington FC (43)
?,(Sat) 11 Apr 1964 (14),Workington AFC (43),1-0,?,Gillingham FC (40)
?,(Sat) 11 Apr 1964 (14),Oxford United FC (40),2-0,?,Lincoln City FC (42)
?,(Sat) 11 Apr 1964 (14),Doncaster Rovers FC (43),1-2,?,Tranmere Rovers FC (43)
?,(Mon) 13 Apr 1964 (15),Chesterfield FC (43),0-1,?,Exeter City FC (43)
?,(Mon) 13 Apr 1964 (15),Southport FC (43),1-1,?,Oxford United FC (41)
?,(Mon) 13 Apr 1964 (15),Barrow AFC (42),1-0,?,Torquay United FC (42)
?,(Wed) 15 Apr 1964 (15),Gillingham FC (41),2-0,?,Oxford United FC (42)
?,(Fri) 17 Apr 1964 (15),Tranmere Rovers FC (44),1-2,?,Brighton & Hove Albion FC (44)
?,(Fri) 17 Apr 1964 (15),Carlisle United FC (44),4-1,?,Barrow AFC (43)
?,(Fri) 17 Apr 1964 (15),Hartlepool United FC (44),1-0,?,Chesterfield FC (44)
?,(Fri) 17 Apr 1964 (15),Torquay United FC (43),0-1,?,York City FC (43)
?,(Sat) 18 Apr 1964 (15),Gillingham FC (42),1-1,?,Newport County AFC (43)
?,(Sat) 18 Apr 1964 (15),Bradford City AFC (44),2-1,?,Oxford United FC (43)
?,(Sat) 18 Apr 1964 (15),Exeter City FC (44),2-3,?,Bradford Park Avenue AFC (43)
?,(Sat) 18 Apr 1964 (15),Lincoln City FC (43),0-2,?,Workington AFC (44)
?,(Sat) 18 Apr 1964 (15),Southport FC (44),2-0,?,Stockport County FC (44)
?,(Sat) 18 Apr 1964 (15),Aldershot Town FC (44),1-1,?,Rochdale AFC (44)
?,(Sat) 18 Apr 1964 (15),FC Halifax Town (44),1-0,?,Chester FC (45)
?,(Sat) 18 Apr 1964 (15),Darlington FC (44),2-0,?,Doncaster Rovers FC (44)
?,(Mon) 20 Apr 1964 (16),Hartlepool United FC (45),2-1,?,Doncaster Rovers FC (45)
?,(Mon) 20 Apr 1964 (16),FC Halifax Town (45),2-0,?,York City FC (44)
?,(Mon) 20 Apr 1964 (16),Darlington FC (45),1-2,?,Brighton & Hove Albion FC (45)
?,(Tue) 21 Apr 1964 (16),Exeter City FC (45),6-1,?,Chesterfield FC (45)
?,(Tue) 21 Apr 1964 (16),Southport FC (45),0-1,?,Bradford Park Avenue AFC (44)
?,(Tue) 21 Apr 1964 (16),Carlisle United FC (45),1-0,?,Rochdale AFC (45)
?,(Wed) 22 Apr 1964 (16),Aldershot Town FC (45),2-0,?,Oxford United FC (44)
?,(Wed) 22 Apr 1964 (16),Lincoln City FC (44),2-1,?,Newport County AFC (44)
?,(Wed) 22 Apr 1964 (16),Bradford City AFC (45),0-2,?,Workington AFC (45)
?,(Wed) 22 Apr 1964 (16),Torquay United FC (44),1-1,?,Barrow AFC (44)
?,(Wed) 22 Apr 1964 (16),Gillingham FC (43),0-0,?,Stockport County FC (45)
?,(Sat) 25 Apr 1964 (16),Doncaster Rovers FC (46),1-0,?,Torquay United FC (45)
?,(Sat) 25 Apr 1964 (16),Stockport County FC (46),2-0,?,Darlington FC (46)
?,(Sat) 25 Apr 1964 (16),Workington AFC (46),0-0,?,Exeter City FC (46)
?,(Sat) 25 Apr 1964 (16),Rochdale AFC (46),2-1,?,Gillingham FC (44)
?,(Sat) 25 Apr 1964 (16),Barrow AFC (45),2-0,?,Lincoln City FC (45)
?,(Sat) 25 Apr 1964 (16),York City FC (45),1-0,?,Bradford City AFC (46)
?,(Sat) 25 Apr 1964 (16),Newport County AFC (45),2-1,?,Hartlepool United FC (46)
?,(Sat) 25 Apr 1964 (16),Brighton & Hove Albion FC (46),1-3,?,Carlisle United FC (46)
?,(Sat) 25 Apr 1964 (16),Chesterfield FC (46),2-2,?,FC Halifax Town (46)
?,(Sat) 25 Apr 1964 (16),Chester FC (46),2-0,?,Aldershot Town FC (46)
?,(Sat) 25 Apr 1964 (16),Bradford Park Avenue AFC (45),4-2,?,Tranmere Rovers FC (45)
?,(Sat) 25 Apr 1964 (16),Oxford United FC (45),0-0,?,Southport FC (46)
?,(Mon) 27 Apr 1964 (17),Bradford Park Avenue AFC (46),1-1,?,Torquay United FC (46)
?,(Mon) 27 Apr 1964 (17),York City FC (46),0-1,?,Gillingham FC (45)
?,(Wed) 29 Apr 1964 (17),Lincoln City FC (46),3-0,?,Barrow AFC (46)
?,(Wed) 29 Apr 1964 (17),Oxford United FC (46),0-2,?,Tranmere Rovers FC (46)
?,(Thu) 30 Apr 1964 (17),Newport County AFC (46),0-1,?,Gillingham FC (46)
