Round,Date,Team 1,FT,HT,Team 2
?,(Sat) 24 Aug 1963 (33),Middlesbrough FC (1),5-0,?,Plymouth Argyle FC (1)
?,(Sat) 24 Aug 1963 (33),Southampton FC (1),6-1,?,Charlton Athletic FC (1)
?,(Sat) 24 Aug 1963 (33),Newcastle United FC (1),3-1,?,Derby County FC (1)
?,(Sat) 24 Aug 1963 (33),Manchester City FC (1),0-2,?,Portsmouth FC (1)
?,(Sat) 24 Aug 1963 (33),Swansea City AFC (1),1-1,?,Grimsby Town FC (1)
?,(Sat) 24 Aug 1963 (33),Leyton Orient FC (1),2-2,?,Preston North End FC (1)
?,(Sat) 24 Aug 1963 (33),Huddersfield Town AFC (1),0-2,?,Sunderland AFC (1)
?,(Sat) 24 Aug 1963 (33),Cardiff City FC (1),3-1,?,Norwich City FC (1)
?,(Sat) 24 Aug 1963 (33),Swindon Town FC (1),3-0,?,Scunthorpe United FC (1)
?,(Sat) 24 Aug 1963 (33),Bury FC (1),4-2,?,Rotherham United FC (1)
?,(Mon) 26 Aug 1963 (34),Middlesbrough FC (2),3-0,?,Newcastle United FC (2)
?,(Tue) 27 Aug 1963 (34),Preston North End FC (2),3-1,?,Charlton Athletic FC (2)
?,(Tue) 27 Aug 1963 (34),Scunthorpe United FC (2),1-2,?,Northampton Town FC (1)
?,(Wed) 28 Aug 1963 (34),Norwich City FC (2),0-1,?,Bury FC (2)
?,(Wed) 28 Aug 1963 (34),Southampton FC (2),1-1,?,Huddersfield Town AFC (2)
?,(Wed) 28 Aug 1963 (34),Cardiff City FC (2),2-2,?,Manchester City FC (2)
?,(Wed) 28 Aug 1963 (34),Grimsby Town FC (2),1-2,?,Swindon Town FC (2)
?,(Wed) 28 Aug 1963 (34),Leeds United FC (1),1-0,?,Rotherham United FC (2)
?,(Wed) 28 Aug 1963 (34),Derby County FC (2),3-0,?,Swansea City AFC (2)
?,(Wed) 28 Aug 1963 (34),Sunderland AFC (2),3-0,?,Portsmouth FC (2)
?,(Wed) 28 Aug 1963 (34),Plymouth Argyle FC (2),2-2,?,Leyton Orient FC (2)
?,(Fri) 30 Aug 1963 (34),Scunthorpe United FC (3),1-2,?,Cardiff City FC (3)
?,(Sat) 31 Aug 1963 (34),Portsmouth FC (3),1-4,?,Swindon Town FC (3)
?,(Sat) 31 Aug 1963 (34),Norwich City FC (3),1-2,?,Leyton Orient FC (3)
?,(Sat) 31 Aug 1963 (34),Sunderland AFC (3),0-2,?,Northampton Town FC (2)
?,(Sat) 31 Aug 1963 (34),Derby County FC (3),2-0,?,Huddersfield Town AFC (3)
?,(Sat) 31 Aug 1963 (34),Charlton Athletic FC (3),2-4,?,Middlesbrough FC (3)
?,(Sat) 31 Aug 1963 (34),Rotherham United FC (3),1-2,?,Manchester City FC (3)
?,(Sat) 31 Aug 1963 (34),Preston North End FC (3),3-3,?,Swansea City AFC (3)
?,(Sat) 31 Aug 1963 (34),Leeds United FC (2),3-0,?,Bury FC (3)
?,(Sat) 31 Aug 1963 (34),Plymouth Argyle FC (3),3-4,?,Newcastle United FC (3)
?,(Sat) 31 Aug 1963 (34),Grimsby Town FC (3),2-2,?,Southampton FC (3)
?,(Tue) 3 Sep 1963 (35),Charlton Athletic FC (4),3-0,?,Preston North End FC (4)
?,(Tue) 3 Sep 1963 (35),Bury FC (4),4-2,?,Norwich City FC (4)
?,(Tue) 3 Sep 1963 (35),Swansea City AFC (4),2-1,?,Derby County FC (4)
?,(Tue) 3 Sep 1963 (35),Swindon Town FC (4),2-1,?,Grimsby Town FC (4)
?,(Tue) 3 Sep 1963 (35),Leyton Orient FC (4),1-0,?,Plymouth Argyle FC (4)
?,(Tue) 3 Sep 1963 (35),Northampton Town FC (3),2-0,?,Scunthorpe United FC (4)
?,(Tue) 3 Sep 1963 (35),Rotherham United FC (4),2-2,?,Leeds United FC (3)
?,(Tue) 3 Sep 1963 (35),Huddersfield Town AFC (4),4-0,?,Southampton FC (4)
?,(Wed) 4 Sep 1963 (35),Newcastle United FC (4),2-0,?,Middlesbrough FC (4)
?,(Wed) 4 Sep 1963 (35),Manchester City FC (4),4-0,?,Cardiff City FC (4)
?,(Wed) 4 Sep 1963 (35),Portsmouth FC (4),2-4,?,Sunderland AFC (4)
?,(Sat) 7 Sep 1963 (35),Newcastle United FC (5),5-0,?,Charlton Athletic FC (5)
?,(Sat) 7 Sep 1963 (35),Swansea City AFC (5),1-0,?,Leyton Orient FC (5)
?,(Sat) 7 Sep 1963 (35),Middlesbrough FC (5),6-0,?,Grimsby Town FC (5)
?,(Sat) 7 Sep 1963 (35),Northampton Town FC (4),0-1,?,Derby County FC (5)
?,(Sat) 7 Sep 1963 (35),Norwich City FC (5),2-1,?,Scunthorpe United FC (5)
?,(Sat) 7 Sep 1963 (35),Bury FC (5),0-1,?,Sunderland AFC (5)
?,(Sat) 7 Sep 1963 (35),Cardiff City FC (5),1-2,?,Portsmouth FC (5)
?,(Sat) 7 Sep 1963 (35),Manchester City FC (5),3-2,?,Leeds United FC (4)
?,(Sat) 7 Sep 1963 (35),Huddersfield Town AFC (5),4-3,?,Plymouth Argyle FC (5)
?,(Sat) 7 Sep 1963 (35),Southampton FC (5),4-5,?,Preston North End FC (5)
?,(Sat) 7 Sep 1963 (35),Swindon Town FC (5),3-1,?,Rotherham United FC (5)
?,(Mon) 9 Sep 1963 (36),Preston North End FC (6),0-0,?,Plymouth Argyle FC (6)
?,(Mon) 9 Sep 1963 (36),Scunthorpe United FC (6),1-1,?,Sunderland AFC (6)
?,(Mon) 9 Sep 1963 (36),Middlesbrough FC (6),2-2,?,Rotherham United FC (6)
?,(Tue) 10 Sep 1963 (36),Swindon Town FC (6),3-0,?,Manchester City FC (6)
?,(Tue) 10 Sep 1963 (36),Huddersfield Town AFC (6),1-0,?,Swansea City AFC (6)
?,(Tue) 10 Sep 1963 (36),Grimsby Town FC (6),0-2,?,Charlton Athletic FC (6)
?,(Wed) 11 Sep 1963 (36),Norwich City FC (6),3-3,?,Northampton Town FC (5)
?,(Wed) 11 Sep 1963 (36),Leeds United FC (5),3-1,?,Portsmouth FC (6)
?,(Wed) 11 Sep 1963 (36),Derby County FC (6),1-0,?,Leyton Orient FC (6)
?,(Wed) 11 Sep 1963 (36),Newcastle United FC (6),2-2,?,Southampton FC (6)
?,(Wed) 11 Sep 1963 (36),Cardiff City FC (6),2-1,?,Bury FC (6)
?,(Thu) 12 Sep 1963 (36),Scunthorpe United FC (7),2-2,?,Swansea City AFC (7)
?,(Fri) 13 Sep 1963 (36),Rotherham United FC (7),1-0,?,Cardiff City FC (7)
?,(Fri) 13 Sep 1963 (36),Northampton Town FC (6),1-2,?,Bury FC (7)
?,(Sat) 14 Sep 1963 (36),Grimsby Town FC (7),2-1,?,Newcastle United FC (7)
?,(Sat) 14 Sep 1963 (36),Preston North End FC (7),2-2,?,Middlesbrough FC (7)
?,(Sat) 14 Sep 1963 (36),Charlton Athletic FC (7),5-2,?,Huddersfield Town AFC (7)
?,(Sat) 14 Sep 1963 (36),Leeds United FC (6),0-0,?,Swindon Town FC (7)
?,(Sat) 14 Sep 1963 (36),Leyton Orient FC (7),1-0,?,Southampton FC (7)
?,(Sat) 14 Sep 1963 (36),Sunderland AFC (7),2-0,?,Manchester City FC (7)
?,(Sat) 14 Sep 1963 (36),Portsmouth FC (7),1-1,?,Norwich City FC (7)
?,(Sat) 14 Sep 1963 (36),Plymouth Argyle FC (7),0-0,?,Derby County FC (7)
?,(Mon) 16 Sep 1963 (37),Northampton Town FC (7),3-2,?,Norwich City FC (8)
?,(Tue) 17 Sep 1963 (37),Rotherham United FC (8),2-1,?,Middlesbrough FC (8)
?,(Tue) 17 Sep 1963 (37),Swansea City AFC (8),1-2,?,Huddersfield Town AFC (8)
?,(Tue) 17 Sep 1963 (37),Charlton Athletic FC (8),2-1,?,Grimsby Town FC (8)
?,(Tue) 17 Sep 1963 (37),Bury FC (8),4-1,?,Cardiff City FC (8)
?,(Wed) 18 Sep 1963 (37),Leyton Orient FC (8),3-0,?,Derby County FC (8)
?,(Wed) 18 Sep 1963 (37),Plymouth Argyle FC (8),0-2,?,Preston North End FC (8)
?,(Wed) 18 Sep 1963 (37),Southampton FC (8),2-0,?,Newcastle United FC (8)
?,(Wed) 18 Sep 1963 (37),Manchester City FC (8),0-0,?,Swindon Town FC (8)
?,(Wed) 18 Sep 1963 (37),Sunderland AFC (8),1-0,?,Scunthorpe United FC (8)
?,(Wed) 18 Sep 1963 (37),Portsmouth FC (8),1-1,?,Leeds United FC (7)
?,(Sat) 21 Sep 1963 (37),Scunthorpe United FC (9),1-1,?,Portsmouth FC (9)
?,(Sat) 21 Sep 1963 (37),Manchester City FC (9),3-0,?,Northampton Town FC (8)
?,(Sat) 21 Sep 1963 (37),Newcastle United FC (9),2-4,?,Preston North End FC (9)
?,(Sat) 21 Sep 1963 (37),Derby County FC (9),1-1,?,Charlton Athletic FC (9)
?,(Sat) 21 Sep 1963 (37),Huddersfield Town AFC (9),1-2,?,Grimsby Town FC (9)
?,(Sat) 21 Sep 1963 (37),Southampton FC (9),4-0,?,Swansea City AFC (9)
?,(Sat) 21 Sep 1963 (37),Cardiff City FC (9),0-0,?,Leeds United FC (8)
?,(Sat) 21 Sep 1963 (37),Middlesbrough FC (9),2-0,?,Leyton Orient FC (9)
?,(Sat) 21 Sep 1963 (37),Swindon Town FC (9),1-0,?,Sunderland AFC (9)
?,(Sat) 21 Sep 1963 (37),Bury FC (9),2-2,?,Plymouth Argyle FC (9)
?,(Sat) 21 Sep 1963 (37),Norwich City FC (9),2-2,?,Rotherham United FC (9)
?,(Sat) 28 Sep 1963 (38),Portsmouth FC (10),2-0,?,Southampton FC (10)
?,(Sat) 28 Sep 1963 (38),Sunderland AFC (10),3-3,?,Cardiff City FC (10)
?,(Sat) 28 Sep 1963 (38),Charlton Athletic FC (10),1-0,?,Plymouth Argyle FC (10)
?,(Sat) 28 Sep 1963 (38),Leeds United FC (9),4-2,?,Norwich City FC (10)
?,(Sat) 28 Sep 1963 (38),Grimsby Town FC (10),1-3,?,Derby County FC (10)
?,(Sat) 28 Sep 1963 (38),Rotherham United FC (10),2-1,?,Scunthorpe United FC (10)
?,(Sat) 28 Sep 1963 (38),Leyton Orient FC (10),1-0,?,Newcastle United FC (10)
?,(Sat) 28 Sep 1963 (38),Preston North End FC (10),2-1,?,Huddersfield Town AFC (10)
?,(Sat) 28 Sep 1963 (38),Swansea City AFC (10),2-1,?,Middlesbrough FC (10)
?,(Sat) 28 Sep 1963 (38),Northampton Town FC (9),4-0,?,Swindon Town FC (10)
?,(Sat) 28 Sep 1963 (38),Bury FC (10),1-1,?,Manchester City FC (10)
?,(Tue) 1 Oct 1963 (39),Scunthorpe United FC (11),0-0,?,Leyton Orient FC (11)
?,(Tue) 1 Oct 1963 (39),Rotherham United FC (11),2-3,?,Southampton FC (11)
?,(Tue) 1 Oct 1963 (39),Swindon Town FC (11),2-2,?,Charlton Athletic FC (11)
?,(Tue) 1 Oct 1963 (39),Northampton Town FC (10),0-3,?,Leeds United FC (10)
?,(Wed) 2 Oct 1963 (39),Newcastle United FC (11),1-0,?,Portsmouth FC (11)
?,(Wed) 2 Oct 1963 (39),Norwich City FC (11),2-1,?,Preston North End FC (11)
?,(Wed) 2 Oct 1963 (39),Plymouth Argyle FC (11),1-1,?,Sunderland AFC (11)
?,(Wed) 2 Oct 1963 (39),Cardiff City FC (11),0-0,?,Grimsby Town FC (11)
?,(Sat) 5 Oct 1963 (39),Norwich City FC (12),2-3,?,Sunderland AFC (12)
?,(Sat) 5 Oct 1963 (39),Manchester City FC (11),1-3,?,Charlton Athletic FC (12)
?,(Sat) 5 Oct 1963 (39),Portsmouth FC (12),2-1,?,Rotherham United FC (12)
?,(Sat) 5 Oct 1963 (39),Middlesbrough FC (11),1-0,?,Southampton FC (12)
?,(Sat) 5 Oct 1963 (39),Swindon Town FC (12),2-1,?,Bury FC (11)
?,(Sat) 5 Oct 1963 (39),Scunthorpe United FC (12),0-1,?,Leeds United FC (11)
?,(Sat) 5 Oct 1963 (39),Newcastle United FC (12),4-1,?,Swansea City AFC (11)
?,(Sat) 5 Oct 1963 (39),Plymouth Argyle FC (12),3-2,?,Grimsby Town FC (12)
?,(Sat) 5 Oct 1963 (39),Huddersfield Town AFC (11),2-1,?,Leyton Orient FC (12)
?,(Sat) 5 Oct 1963 (39),Derby County FC (11),1-2,?,Preston North End FC (12)
?,(Sat) 5 Oct 1963 (39),Cardiff City FC (12),1-0,?,Northampton Town FC (11)
?,(Tue) 8 Oct 1963 (40),Bury FC (12),1-2,?,Derby County FC (12)
?,(Tue) 8 Oct 1963 (40),Northampton Town FC (12),1-0,?,Huddersfield Town AFC (12)
?,(Wed) 9 Oct 1963 (40),Leeds United FC (12),2-0,?,Middlesbrough FC (12)
?,(Wed) 9 Oct 1963 (40),Portsmouth FC (13),0-0,?,Swansea City AFC (12)
?,(Wed) 9 Oct 1963 (40),Manchester City FC (12),1-1,?,Plymouth Argyle FC (13)
?,(Wed) 9 Oct 1963 (40),Sunderland AFC (13),2-1,?,Newcastle United FC (13)
?,(Sat) 12 Oct 1963 (40),Charlton Athletic FC (13),3-0,?,Bury FC (13)
?,(Sat) 12 Oct 1963 (40),Grimsby Town FC (13),1-1,?,Manchester City FC (13)
?,(Sat) 12 Oct 1963 (40),Middlesbrough FC (13),3-1,?,Portsmouth FC (14)
?,(Sat) 12 Oct 1963 (40),Huddersfield Town AFC (13),0-2,?,Leeds United FC (13)
?,(Sat) 12 Oct 1963 (40),Preston North End FC (13),1-0,?,Swindon Town FC (13)
?,(Sat) 12 Oct 1963 (40),Plymouth Argyle FC (14),0-3,?,Northampton Town FC (13)
?,(Tue) 15 Oct 1963 (41),Swansea City AFC (13),3-1,?,Norwich City FC (13)
?,(Wed) 16 Oct 1963 (41),Derby County FC (13),0-3,?,Sunderland AFC (14)
?,(Sat) 19 Oct 1963 (41),Leeds United FC (14),2-2,?,Derby County FC (14)
?,(Sat) 19 Oct 1963 (41),Bury FC (14),1-1,?,Grimsby Town FC (14)
?,(Sat) 19 Oct 1963 (41),Northampton Town FC (14),1-2,?,Charlton Athletic FC (14)
?,(Sat) 19 Oct 1963 (41),Sunderland AFC (15),1-0,?,Plymouth Argyle FC (15)
?,(Sat) 19 Oct 1963 (41),Swindon Town FC (14),5-0,?,Leyton Orient FC (13)
?,(Sat) 19 Oct 1963 (41),Manchester City FC (14),2-3,?,Preston North End FC (14)
?,(Sat) 19 Oct 1963 (41),Norwich City FC (14),1-1,?,Southampton FC (13)
?,(Sat) 19 Oct 1963 (41),Scunthorpe United FC (13),1-0,?,Middlesbrough FC (14)
?,(Sat) 19 Oct 1963 (41),Portsmouth FC (15),5-2,?,Newcastle United FC (14)
?,(Sat) 19 Oct 1963 (41),Rotherham United FC (13),3-1,?,Huddersfield Town AFC (14)
?,(Sat) 19 Oct 1963 (41),Cardiff City FC (13),1-1,?,Swansea City AFC (14)
?,(Sat) 26 Oct 1963 (42),Huddersfield Town AFC (15),2-1,?,Bury FC (15)
?,(Sat) 26 Oct 1963 (42),Derby County FC (15),1-3,?,Manchester City FC (15)
?,(Sat) 26 Oct 1963 (42),Swansea City AFC (15),4-2,?,Rotherham United FC (14)
?,(Sat) 26 Oct 1963 (42),Plymouth Argyle FC (16),2-4,?,Swindon Town FC (15)
?,(Sat) 26 Oct 1963 (42),Charlton Athletic FC (15),5-2,?,Cardiff City FC (14)
?,(Sat) 26 Oct 1963 (42),Preston North End FC (15),1-0,?,Scunthorpe United FC (14)
?,(Sat) 26 Oct 1963 (42),Grimsby Town FC (15),3-1,?,Norwich City FC (15)
?,(Sat) 26 Oct 1963 (42),Leyton Orient FC (14),3-6,?,Portsmouth FC (16)
?,(Sat) 26 Oct 1963 (42),Middlesbrough FC (15),2-0,?,Sunderland AFC (16)
?,(Sat) 26 Oct 1963 (42),Newcastle United FC (15),2-3,?,Northampton Town FC (15)
?,(Sat) 26 Oct 1963 (42),Southampton FC (14),1-4,?,Leeds United FC (15)
?,(Sat) 2 Nov 1963 (43),Leeds United FC (16),1-1,?,Charlton Athletic FC (16)
?,(Sat) 2 Nov 1963 (43),Rotherham United FC (15),3-1,?,Plymouth Argyle FC (17)
?,(Sat) 2 Nov 1963 (43),Portsmouth FC (17),1-1,?,Derby County FC (16)
?,(Sat) 2 Nov 1963 (43),Bury FC (16),1-2,?,Leyton Orient FC (15)
?,(Sat) 2 Nov 1963 (43),Manchester City FC (16),1-0,?,Swansea City AFC (16)
?,(Sat) 2 Nov 1963 (43),Northampton Town FC (16),0-3,?,Preston North End FC (16)
?,(Sat) 2 Nov 1963 (43),Swindon Town FC (16),1-2,?,Southampton FC (15)
?,(Sat) 2 Nov 1963 (43),Norwich City FC (16),3-1,?,Newcastle United FC (16)
?,(Sat) 2 Nov 1963 (43),Scunthorpe United FC (15),1-0,?,Huddersfield Town AFC (16)
?,(Sat) 2 Nov 1963 (43),Sunderland AFC (17),3-0,?,Grimsby Town FC (16)
?,(Sat) 2 Nov 1963 (43),Cardiff City FC (15),1-1,?,Middlesbrough FC (16)
?,(Sat) 9 Nov 1963 (44),Leyton Orient FC (16),0-0,?,Northampton Town FC (17)
?,(Sat) 9 Nov 1963 (44),Swansea City AFC (17),0-2,?,Bury FC (17)
?,(Sat) 9 Nov 1963 (44),Huddersfield Town AFC (17),1-1,?,Norwich City FC (17)
?,(Sat) 9 Nov 1963 (44),Plymouth Argyle FC (18),0-4,?,Portsmouth FC (18)
?,(Sat) 9 Nov 1963 (44),Grimsby Town FC (17),0-2,?,Leeds United FC (17)
?,(Sat) 9 Nov 1963 (44),Charlton Athletic FC (17),4-3,?,Rotherham United FC (16)
?,(Sat) 9 Nov 1963 (44),Southampton FC (16),4-2,?,Manchester City FC (17)
?,(Sat) 9 Nov 1963 (44),Newcastle United FC (17),0-4,?,Cardiff City FC (16)
?,(Sat) 9 Nov 1963 (44),Preston North End FC (17),1-1,?,Sunderland AFC (18)
?,(Sat) 9 Nov 1963 (44),Middlesbrough FC (17),1-1,?,Swindon Town FC (17)
?,(Sat) 16 Nov 1963 (45),Sunderland AFC (19),4-1,?,Leyton Orient FC (17)
?,(Sat) 16 Nov 1963 (45),Swindon Town FC (18),0-0,?,Newcastle United FC (18)
?,(Sat) 16 Nov 1963 (45),Portsmouth FC (19),4-1,?,Charlton Athletic FC (18)
?,(Sat) 16 Nov 1963 (45),Northampton Town FC (18),2-3,?,Swansea City AFC (18)
?,(Sat) 16 Nov 1963 (45),Rotherham United FC (17),1-0,?,Grimsby Town FC (18)
?,(Sat) 16 Nov 1963 (45),Scunthorpe United FC (16),1-0,?,Plymouth Argyle FC (19)
?,(Sat) 16 Nov 1963 (45),Norwich City FC (18),3-0,?,Derby County FC (17)
?,(Sat) 16 Nov 1963 (45),Cardiff City FC (17),2-1,?,Huddersfield Town AFC (18)
?,(Sat) 16 Nov 1963 (45),Leeds United FC (18),1-1,?,Preston North End FC (18)
?,(Sat) 23 Nov 1963 (46),Newcastle United FC (19),3-1,?,Manchester City FC (18)
?,(Sat) 23 Nov 1963 (46),Middlesbrough FC (18),2-0,?,Bury FC (18)
?,(Sat) 23 Nov 1963 (46),Derby County FC (18),2-1,?,Cardiff City FC (18)
?,(Sat) 23 Nov 1963 (46),Leyton Orient FC (18),0-2,?,Leeds United FC (19)
?,(Sat) 23 Nov 1963 (46),Swansea City AFC (19),1-2,?,Sunderland AFC (20)
?,(Sat) 23 Nov 1963 (46),Plymouth Argyle FC (20),1-2,?,Norwich City FC (19)
?,(Sat) 23 Nov 1963 (46),Preston North End FC (19),2-2,?,Rotherham United FC (18)
?,(Sat) 23 Nov 1963 (46),Grimsby Town FC (19),0-3,?,Portsmouth FC (20)
?,(Sat) 23 Nov 1963 (46),Charlton Athletic FC (19),0-1,?,Scunthorpe United FC (17)
?,(Sat) 23 Nov 1963 (46),Huddersfield Town AFC (19),2-0,?,Swindon Town FC (19)
?,(Sat) 23 Nov 1963 (46),Southampton FC (17),3-1,?,Northampton Town FC (19)
?,(Sat) 30 Nov 1963 (47),Rotherham United FC (19),2-4,?,Leyton Orient FC (19)
?,(Sat) 30 Nov 1963 (47),Bury FC (19),1-2,?,Newcastle United FC (20)
?,(Sat) 30 Nov 1963 (47),Manchester City FC (19),5-2,?,Huddersfield Town AFC (20)
?,(Sat) 30 Nov 1963 (47),Portsmouth FC (21),1-2,?,Preston North End FC (20)
?,(Sat) 30 Nov 1963 (47),Northampton Town FC (20),3-2,?,Middlesbrough FC (19)
?,(Sat) 30 Nov 1963 (47),Norwich City FC (20),1-3,?,Charlton Athletic FC (20)
?,(Sat) 30 Nov 1963 (47),Cardiff City FC (19),3-1,?,Plymouth Argyle FC (21)
?,(Sat) 30 Nov 1963 (47),Swindon Town FC (20),0-0,?,Derby County FC (19)
?,(Sat) 30 Nov 1963 (47),Scunthorpe United FC (18),2-2,?,Grimsby Town FC (20)
?,(Sat) 30 Nov 1963 (47),Sunderland AFC (21),1-2,?,Southampton FC (18)
?,(Sat) 30 Nov 1963 (47),Leeds United FC (20),2-1,?,Swansea City AFC (20)
?,(Sat) 7 Dec 1963 (48),Huddersfield Town AFC (21),1-1,?,Portsmouth FC (22)
?,(Sat) 7 Dec 1963 (48),Preston North End FC (21),3-0,?,Bury FC (20)
?,(Sat) 7 Dec 1963 (48),Middlesbrough FC (20),0-1,?,Norwich City FC (21)
?,(Sat) 7 Dec 1963 (48),Swansea City AFC (21),3-0,?,Swindon Town FC (21)
?,(Sat) 7 Dec 1963 (48),Charlton Athletic FC (21),0-0,?,Sunderland AFC (22)
?,(Sat) 7 Dec 1963 (48),Newcastle United FC (21),3-1,?,Scunthorpe United FC (19)
?,(Sat) 7 Dec 1963 (48),Southampton FC (19),3-2,?,Cardiff City FC (20)
?,(Sat) 7 Dec 1963 (48),Grimsby Town FC (21),4-1,?,Northampton Town FC (21)
?,(Sat) 7 Dec 1963 (48),Derby County FC (20),1-4,?,Rotherham United FC (20)
?,(Sat) 7 Dec 1963 (48),Leyton Orient FC (20),0-2,?,Manchester City FC (20)
?,(Sat) 7 Dec 1963 (48),Plymouth Argyle FC (22),0-1,?,Leeds United FC (21)
?,(Fri) 13 Dec 1963 (49),Grimsby Town FC (22),1-1,?,Swansea City AFC (22)
?,(Sat) 14 Dec 1963 (49),Derby County FC (21),1-2,?,Newcastle United FC (22)
?,(Sat) 14 Dec 1963 (49),Norwich City FC (22),5-1,?,Cardiff City FC (21)
?,(Sat) 14 Dec 1963 (49),Portsmouth FC (23),2-2,?,Manchester City FC (21)
?,(Sat) 14 Dec 1963 (49),Scunthorpe United FC (20),3-0,?,Swindon Town FC (22)
?,(Sat) 14 Dec 1963 (49),Preston North End FC (22),0-0,?,Leyton Orient FC (21)
?,(Sat) 14 Dec 1963 (49),Sunderland AFC (23),3-2,?,Huddersfield Town AFC (22)
?,(Sat) 14 Dec 1963 (49),Plymouth Argyle FC (23),2-0,?,Middlesbrough FC (21)
?,(Sat) 14 Dec 1963 (49),Rotherham United FC (21),6-2,?,Bury FC (21)
?,(Sat) 14 Dec 1963 (49),Leeds United FC (22),0-0,?,Northampton Town FC (22)
?,(Sat) 14 Dec 1963 (49),Charlton Athletic FC (22),2-2,?,Southampton FC (20)
?,(Fri) 20 Dec 1963 (50),Swansea City AFC (23),5-1,?,Preston North End FC (23)
?,(Sat) 21 Dec 1963 (50),Newcastle United FC (23),1-1,?,Plymouth Argyle FC (24)
?,(Sat) 21 Dec 1963 (50),Bury FC (22),1-2,?,Leeds United FC (23)
?,(Sat) 21 Dec 1963 (50),Leyton Orient FC (22),1-1,?,Norwich City FC (23)
?,(Sat) 21 Dec 1963 (50),Southampton FC (21),6-0,?,Grimsby Town FC (23)
?,(Sat) 21 Dec 1963 (50),Middlesbrough FC (22),2-3,?,Charlton Athletic FC (23)
?,(Sat) 21 Dec 1963 (50),Swindon Town FC (23),2-0,?,Portsmouth FC (24)
?,(Sat) 21 Dec 1963 (50),Northampton Town FC (23),5-1,?,Sunderland AFC (24)
?,(Sat) 21 Dec 1963 (50),Huddersfield Town AFC (23),0-0,?,Derby County FC (22)
?,(Sat) 21 Dec 1963 (50),Manchester City FC (22),6-1,?,Rotherham United FC (22)
?,(Thu) 26 Dec 1963 (51),Northampton Town FC (24),1-3,?,Rotherham United FC (23)
?,(Thu) 26 Dec 1963 (51),Newcastle United FC (24),2-0,?,Huddersfield Town AFC (24)
?,(Thu) 26 Dec 1963 (51),Cardiff City FC (22),0-4,?,Preston North End FC (24)
?,(Thu) 26 Dec 1963 (51),Leeds United FC (24),1-1,?,Sunderland AFC (25)
?,(Thu) 26 Dec 1963 (51),Swansea City AFC (24),1-2,?,Charlton Athletic FC (24)
?,(Thu) 26 Dec 1963 (51),Norwich City FC (24),3-2,?,Swindon Town FC (24)
?,(Thu) 26 Dec 1963 (51),Middlesbrough FC (23),3-0,?,Derby County FC (23)
?,(Thu) 26 Dec 1963 (51),Grimsby Town FC (24),1-1,?,Leyton Orient FC (23)
?,(Thu) 26 Dec 1963 (51),Southampton FC (22),1-2,?,Plymouth Argyle FC (25)
?,(Thu) 26 Dec 1963 (51),Manchester City FC (23),8-1,?,Scunthorpe United FC (21)
?,(Sat) 28 Dec 1963 (51),Derby County FC (24),2-2,?,Middlesbrough FC (24)
?,(Sat) 28 Dec 1963 (51),Leyton Orient FC (24),0-0,?,Grimsby Town FC (25)
?,(Sat) 28 Dec 1963 (51),Preston North End FC (25),4-0,?,Cardiff City FC (23)
?,(Sat) 28 Dec 1963 (51),Rotherham United FC (24),1-0,?,Northampton Town FC (25)
?,(Sat) 28 Dec 1963 (51),Sunderland AFC (26),2-0,?,Leeds United FC (25)
?,(Sat) 28 Dec 1963 (51),Scunthorpe United FC (22),2-4,?,Manchester City FC (24)
?,(Sat) 28 Dec 1963 (51),Portsmouth FC (25),3-3,?,Bury FC (23)
?,(Sat) 28 Dec 1963 (51),Plymouth Argyle FC (26),1-1,?,Southampton FC (23)
?,(Sat) 28 Dec 1963 (51),Charlton Athletic FC (25),3-1,?,Swansea City AFC (25)
?,(Sat) 28 Dec 1963 (51),Swindon Town FC (25),2-2,?,Norwich City FC (25)
?,(Sat) 28 Dec 1963 (51),Huddersfield Town AFC (25),3-0,?,Newcastle United FC (25)
?,(Sat) 11 Jan 1964 (1),Grimsby Town FC (26),3-1,?,Middlesbrough FC (25)
?,(Sat) 11 Jan 1964 (1),Preston North End FC (26),2-1,?,Southampton FC (24)
?,(Sat) 11 Jan 1964 (1),Portsmouth FC (26),5-0,?,Cardiff City FC (24)
?,(Sat) 11 Jan 1964 (1),Sunderland AFC (27),4-1,?,Bury FC (24)
?,(Sat) 11 Jan 1964 (1),Leyton Orient FC (25),4-0,?,Swansea City AFC (26)
?,(Sat) 11 Jan 1964 (1),Scunthorpe United FC (23),2-2,?,Norwich City FC (26)
?,(Sat) 11 Jan 1964 (1),Derby County FC (25),0-0,?,Northampton Town FC (26)
?,(Sat) 11 Jan 1964 (1),Charlton Athletic FC (26),1-2,?,Newcastle United FC (26)
?,(Sat) 11 Jan 1964 (1),Leeds United FC (26),1-0,?,Manchester City FC (25)
?,(Sat) 11 Jan 1964 (1),Plymouth Argyle FC (27),0-0,?,Huddersfield Town AFC (26)
?,(Sat) 11 Jan 1964 (1),Rotherham United FC (25),0-0,?,Swindon Town FC (26)
?,(Thu) 16 Jan 1964 (2),Swansea City AFC (27),4-1,?,Scunthorpe United FC (24)
?,(Fri) 17 Jan 1964 (2),Cardiff City FC (25),2-1,?,Rotherham United FC (26)
?,(Sat) 18 Jan 1964 (2),Norwich City FC (27),3-1,?,Portsmouth FC (27)
?,(Sat) 18 Jan 1964 (2),Swindon Town FC (27),2-2,?,Leeds United FC (27)
?,(Sat) 18 Jan 1964 (2),Middlesbrough FC (26),3-0,?,Preston North End FC (27)
?,(Sat) 18 Jan 1964 (2),Bury FC (25),1-1,?,Northampton Town FC (27)
?,(Sat) 18 Jan 1964 (2),Manchester City FC (26),0-3,?,Sunderland AFC (28)
?,(Sat) 18 Jan 1964 (2),Newcastle United FC (27),4-0,?,Grimsby Town FC (27)
?,(Sat) 18 Jan 1964 (2),Derby County FC (26),3-1,?,Plymouth Argyle FC (28)
?,(Sat) 18 Jan 1964 (2),Southampton FC (25),3-0,?,Leyton Orient FC (26)
?,(Sat) 25 Jan 1964 (3),Derby County FC (27),2-2,?,Scunthorpe United FC (25)
?,(Wed) 29 Jan 1964 (4),Southampton FC (26),7-2,?,Scunthorpe United FC (26)
?,(Sat) 1 Feb 1964 (4),Rotherham United FC (27),4-0,?,Norwich City FC (28)
?,(Sat) 1 Feb 1964 (4),Leyton Orient FC (27),3-2,?,Middlesbrough FC (27)
?,(Sat) 1 Feb 1964 (4),Plymouth Argyle FC (29),1-0,?,Bury FC (26)
?,(Sat) 1 Feb 1964 (4),Charlton Athletic FC (27),2-0,?,Derby County FC (28)
?,(Sat) 1 Feb 1964 (4),Sunderland AFC (29),6-0,?,Swindon Town FC (28)
?,(Sat) 1 Feb 1964 (4),Preston North End FC (28),3-0,?,Newcastle United FC (28)
?,(Sat) 1 Feb 1964 (4),Northampton Town FC (28),2-1,?,Manchester City FC (27)
?,(Sat) 1 Feb 1964 (4),Grimsby Town FC (28),2-2,?,Huddersfield Town AFC (27)
?,(Sat) 1 Feb 1964 (4),Portsmouth FC (28),3-4,?,Scunthorpe United FC (27)
?,(Sat) 1 Feb 1964 (4),Leeds United FC (28),1-1,?,Cardiff City FC (26)
?,(Sat) 8 Feb 1964 (5),Southampton FC (27),2-3,?,Portsmouth FC (29)
?,(Sat) 8 Feb 1964 (5),Scunthorpe United FC (28),4-3,?,Rotherham United FC (28)
?,(Sat) 8 Feb 1964 (5),Swindon Town FC (29),2-3,?,Northampton Town FC (29)
?,(Sat) 8 Feb 1964 (5),Derby County FC (29),0-0,?,Grimsby Town FC (29)
?,(Sat) 8 Feb 1964 (5),Manchester City FC (28),1-1,?,Bury FC (27)
?,(Sat) 8 Feb 1964 (5),Norwich City FC (29),2-2,?,Leeds United FC (29)
?,(Sat) 8 Feb 1964 (5),Middlesbrough FC (28),2-1,?,Swansea City AFC (28)
?,(Sat) 8 Feb 1964 (5),Plymouth Argyle FC (30),1-1,?,Charlton Athletic FC (28)
?,(Sat) 8 Feb 1964 (5),Newcastle United FC (29),3-0,?,Leyton Orient FC (28)
?,(Sat) 8 Feb 1964 (5),Huddersfield Town AFC (28),2-2,?,Preston North End FC (29)
?,(Sat) 8 Feb 1964 (5),Cardiff City FC (27),0-2,?,Sunderland AFC (30)
?,(Sat) 15 Feb 1964 (6),Grimsby Town FC (30),1-1,?,Plymouth Argyle FC (31)
?,(Sat) 15 Feb 1964 (6),Southampton FC (28),2-2,?,Middlesbrough FC (29)
?,(Sat) 15 Feb 1964 (6),Leeds United FC (30),1-0,?,Scunthorpe United FC (29)
?,(Sat) 15 Feb 1964 (6),Northampton Town FC (30),2-1,?,Cardiff City FC (28)
?,(Sat) 15 Feb 1964 (6),Charlton Athletic FC (29),4-3,?,Manchester City FC (29)
?,(Sat) 15 Feb 1964 (6),Rotherham United FC (29),4-2,?,Portsmouth FC (30)
?,(Mon) 17 Feb 1964 (7),Preston North End FC (30),0-2,?,Derby County FC (30)
?,(Tue) 18 Feb 1964 (7),Bury FC (28),1-0,?,Swindon Town FC (30)
?,(Tue) 18 Feb 1964 (7),Northampton Town FC (31),0-0,?,Plymouth Argyle FC (32)
?,(Wed) 19 Feb 1964 (7),Sunderland AFC (31),0-0,?,Norwich City FC (30)
?,(Sat) 22 Feb 1964 (7),Sunderland AFC (32),3-0,?,Derby County FC (31)
?,(Sat) 22 Feb 1964 (7),Rotherham United FC (30),2-3,?,Newcastle United FC (30)
?,(Sat) 22 Feb 1964 (7),Swindon Town FC (31),1-4,?,Preston North End FC (31)
?,(Sat) 22 Feb 1964 (7),Norwich City FC (31),3-0,?,Swansea City AFC (29)
?,(Sat) 22 Feb 1964 (7),Portsmouth FC (31),1-0,?,Middlesbrough FC (30)
?,(Sat) 22 Feb 1964 (7),Cardiff City FC (29),2-1,?,Leyton Orient FC (29)
?,(Sat) 22 Feb 1964 (7),Leeds United FC (31),1-1,?,Huddersfield Town AFC (29)
?,(Sat) 22 Feb 1964 (7),Bury FC (29),0-2,?,Charlton Athletic FC (30)
?,(Sat) 22 Feb 1964 (7),Manchester City FC (30),0-4,?,Grimsby Town FC (31)
?,(Sat) 22 Feb 1964 (7),Scunthorpe United FC (30),1-2,?,Southampton FC (29)
?,(Mon) 24 Feb 1964 (8),Leyton Orient FC (30),2-3,?,Huddersfield Town AFC (30)
?,(Sat) 29 Feb 1964 (8),Middlesbrough FC (31),2-2,?,Manchester City FC (31)
?,(Sat) 29 Feb 1964 (8),Southampton FC (30),0-1,?,Bury FC (30)
?,(Sat) 29 Feb 1964 (8),Charlton Athletic FC (31),0-1,?,Portsmouth FC (32)
?,(Sat) 29 Feb 1964 (8),Huddersfield Town AFC (31),2-1,?,Cardiff City FC (30)
?,(Sat) 29 Feb 1964 (8),Plymouth Argyle FC (33),3-1,?,Scunthorpe United FC (31)
?,(Sat) 29 Feb 1964 (8),Newcastle United FC (31),4-1,?,Swindon Town FC (32)
?,(Sat) 29 Feb 1964 (8),Grimsby Town FC (32),1-3,?,Rotherham United FC (31)
?,(Sat) 29 Feb 1964 (8),Derby County FC (32),2-1,?,Norwich City FC (32)
?,(Tue) 3 Mar 1964 (9),Swansea City AFC (30),6-0,?,Southampton FC (31)
?,(Tue) 3 Mar 1964 (9),Preston North End FC (32),2-0,?,Leeds United FC (32)
?,(Sat) 7 Mar 1964 (9),Portsmouth FC (33),4-3,?,Leyton Orient FC (31)
?,(Sat) 7 Mar 1964 (9),Northampton Town FC (32),2-2,?,Newcastle United FC (32)
?,(Sat) 7 Mar 1964 (9),Swindon Town FC (33),2-1,?,Plymouth Argyle FC (34)
?,(Sat) 7 Mar 1964 (9),Manchester City FC (32),3-2,?,Derby County FC (33)
?,(Sat) 7 Mar 1964 (9),Cardiff City FC (31),1-1,?,Charlton Athletic FC (32)
?,(Sat) 7 Mar 1964 (9),Leeds United FC (33),3-1,?,Southampton FC (32)
?,(Sat) 7 Mar 1964 (9),Sunderland AFC (33),0-0,?,Middlesbrough FC (32)
?,(Sat) 7 Mar 1964 (9),Scunthorpe United FC (32),1-0,?,Preston North End FC (33)
?,(Sat) 7 Mar 1964 (9),Bury FC (31),0-2,?,Huddersfield Town AFC (32)
?,(Sat) 7 Mar 1964 (9),Norwich City FC (33),2-0,?,Grimsby Town FC (33)
?,(Sat) 7 Mar 1964 (9),Rotherham United FC (32),3-0,?,Swansea City AFC (31)
?,(Sat) 14 Mar 1964 (10),Middlesbrough FC (33),1-3,?,Leeds United FC (34)
?,(Sat) 14 Mar 1964 (10),Derby County FC (34),2-1,?,Bury FC (32)
?,(Sat) 14 Mar 1964 (10),Charlton Athletic FC (33),2-2,?,Swindon Town FC (34)
?,(Sat) 14 Mar 1964 (10),Leyton Orient FC (32),2-2,?,Scunthorpe United FC (33)
?,(Sat) 14 Mar 1964 (10),Newcastle United FC (33),1-0,?,Sunderland AFC (34)
?,(Sat) 14 Mar 1964 (10),Plymouth Argyle FC (35),2-1,?,Manchester City FC (33)
?,(Tue) 17 Mar 1964 (11),Preston North End FC (34),3-0,?,Norwich City FC (34)
?,(Tue) 17 Mar 1964 (11),Manchester City FC (34),1-0,?,Middlesbrough FC (34)
?,(Tue) 17 Mar 1964 (11),Swansea City AFC (32),0-1,?,Newcastle United FC (34)
?,(Fri) 20 Mar 1964 (11),Rotherham United FC (33),5-0,?,Charlton Athletic FC (34)
?,(Fri) 20 Mar 1964 (11),Scunthorpe United FC (34),3-2,?,Derby County FC (35)
?,(Fri) 20 Mar 1964 (11),Cardiff City FC (32),2-2,?,Newcastle United FC (35)
?,(Sat) 21 Mar 1964 (11),Manchester City FC (35),1-1,?,Southampton FC (33)
?,(Sat) 21 Mar 1964 (11),Sunderland AFC (35),4-0,?,Preston North End FC (35)
?,(Sat) 21 Mar 1964 (11),Northampton Town FC (33),1-2,?,Leyton Orient FC (33)
?,(Sat) 21 Mar 1964 (11),Portsmouth FC (34),1-2,?,Plymouth Argyle FC (36)
?,(Sat) 21 Mar 1964 (11),Bury FC (33),3-2,?,Swansea City AFC (33)
?,(Sat) 21 Mar 1964 (11),Norwich City FC (35),2-2,?,Huddersfield Town AFC (33)
?,(Sat) 21 Mar 1964 (11),Leeds United FC (35),3-1,?,Grimsby Town FC (34)
?,(Sat) 21 Mar 1964 (11),Swindon Town FC (35),2-0,?,Middlesbrough FC (35)
?,(Thu) 26 Mar 1964 (12),Leyton Orient FC (34),0-3,?,Charlton Athletic FC (35)
?,(Thu) 26 Mar 1964 (12),Scunthorpe United FC (35),0-0,?,Bury FC (34)
?,(Fri) 27 Mar 1964 (12),Sunderland AFC (36),2-0,?,Rotherham United FC (34)
?,(Fri) 27 Mar 1964 (12),Newcastle United FC (36),0-1,?,Leeds United FC (36)
?,(Fri) 27 Mar 1964 (12),Manchester City FC (36),5-0,?,Norwich City FC (36)
?,(Fri) 27 Mar 1964 (12),Grimsby Town FC (35),0-3,?,Preston North End FC (36)
?,(Fri) 27 Mar 1964 (12),Swindon Town FC (36),1-2,?,Cardiff City FC (33)
?,(Sat) 28 Mar 1964 (12),Huddersfield Town AFC (34),0-3,?,Rotherham United FC (35)
?,(Sat) 28 Mar 1964 (12),Middlesbrough FC (36),2-0,?,Scunthorpe United FC (36)
?,(Sat) 28 Mar 1964 (12),Charlton Athletic FC (36),1-1,?,Northampton Town FC (34)
?,(Sat) 28 Mar 1964 (12),Grimsby Town FC (36),1-0,?,Bury FC (35)
?,(Sat) 28 Mar 1964 (12),Preston North End FC (37),2-0,?,Manchester City FC (37)
?,(Sat) 28 Mar 1964 (12),Southampton FC (34),3-0,?,Norwich City FC (37)
?,(Sat) 28 Mar 1964 (12),Leyton Orient FC (35),2-1,?,Swindon Town FC (37)
?,(Sat) 28 Mar 1964 (12),Swansea City AFC (34),3-0,?,Cardiff City FC (34)
?,(Sat) 28 Mar 1964 (12),Derby County FC (36),1-1,?,Leeds United FC (37)
?,(Mon) 30 Mar 1964 (13),Plymouth Argyle FC (37),3-2,?,Swansea City AFC (35)
?,(Mon) 30 Mar 1964 (13),Cardiff City FC (35),1-0,?,Swindon Town FC (38)
?,(Mon) 30 Mar 1964 (13),Rotherham United FC (36),2-2,?,Sunderland AFC (37)
?,(Mon) 30 Mar 1964 (13),Derby County FC (37),3-2,?,Southampton FC (35)
?,(Mon) 30 Mar 1964 (13),Preston North End FC (38),1-0,?,Grimsby Town FC (37)
?,(Mon) 30 Mar 1964 (13),Middlesbrough FC (37),1-1,?,Huddersfield Town AFC (35)
?,(Mon) 30 Mar 1964 (13),Leeds United FC (38),2-1,?,Newcastle United FC (37)
?,(Mon) 30 Mar 1964 (13),Portsmouth FC (35),3-0,?,Northampton Town FC (35)
?,(Mon) 30 Mar 1964 (13),Charlton Athletic FC (37),1-2,?,Leyton Orient FC (36)
?,(Mon) 30 Mar 1964 (13),Norwich City FC (38),1-2,?,Manchester City FC (38)
?,(Tue) 31 Mar 1964 (13),Huddersfield Town AFC (36),1-0,?,Middlesbrough FC (38)
?,(Tue) 31 Mar 1964 (13),Bury FC (36),3-2,?,Scunthorpe United FC (37)
?,(Tue) 31 Mar 1964 (13),Swansea City AFC (36),2-1,?,Plymouth Argyle FC (38)
?,(Tue) 31 Mar 1964 (13),Northampton Town FC (36),2-1,?,Portsmouth FC (36)
?,(Wed) 1 Apr 1964 (13),Southampton FC (36),6-4,?,Derby County FC (38)
?,(Sat) 4 Apr 1964 (13),Sunderland AFC (38),1-0,?,Swansea City AFC (37)
?,(Sat) 4 Apr 1964 (13),Bury FC (37),1-1,?,Middlesbrough FC (39)
?,(Sat) 4 Apr 1964 (13),Northampton Town FC (37),2-0,?,Southampton FC (37)
?,(Sat) 4 Apr 1964 (13),Rotherham United FC (37),4-2,?,Preston North End FC (39)
?,(Sat) 4 Apr 1964 (13),Cardiff City FC (36),2-1,?,Derby County FC (39)
?,(Sat) 4 Apr 1964 (13),Manchester City FC (39),3-1,?,Newcastle United FC (38)
?,(Sat) 4 Apr 1964 (13),Swindon Town FC (39),1-2,?,Huddersfield Town AFC (37)
?,(Sat) 4 Apr 1964 (13),Leeds United FC (39),2-1,?,Leyton Orient FC (37)
?,(Sat) 4 Apr 1964 (13),Scunthorpe United FC (38),1-1,?,Charlton Athletic FC (38)
?,(Sat) 4 Apr 1964 (13),Norwich City FC (39),1-1,?,Plymouth Argyle FC (39)
?,(Sat) 4 Apr 1964 (13),Portsmouth FC (37),2-2,?,Grimsby Town FC (38)
?,(Mon) 6 Apr 1964 (14),Leyton Orient FC (38),2-5,?,Sunderland AFC (39)
?,(Tue) 7 Apr 1964 (14),Huddersfield Town AFC (38),2-1,?,Charlton Athletic FC (39)
?,(Tue) 7 Apr 1964 (14),Swansea City AFC (38),1-1,?,Northampton Town FC (38)
?,(Wed) 8 Apr 1964 (14),Newcastle United FC (39),5-2,?,Rotherham United FC (38)
?,(Wed) 8 Apr 1964 (14),Cardiff City FC (37),3-1,?,Scunthorpe United FC (39)
?,(Fri) 10 Apr 1964 (14),Middlesbrough FC (40),1-0,?,Northampton Town FC (39)
?,(Sat) 11 Apr 1964 (14),Preston North End FC (40),0-0,?,Portsmouth FC (38)
?,(Sat) 11 Apr 1964 (14),Huddersfield Town AFC (39),0-2,?,Manchester City FC (40)
?,(Sat) 11 Apr 1964 (14),Charlton Athletic FC (40),3-1,?,Norwich City FC (40)
?,(Sat) 11 Apr 1964 (14),Swansea City AFC (39),0-3,?,Leeds United FC (40)
?,(Sat) 11 Apr 1964 (14),Leyton Orient FC (39),0-2,?,Rotherham United FC (39)
?,(Sat) 11 Apr 1964 (14),Newcastle United FC (40),0-4,?,Bury FC (38)
?,(Sat) 11 Apr 1964 (14),Plymouth Argyle FC (40),1-1,?,Cardiff City FC (38)
?,(Sat) 11 Apr 1964 (14),Southampton FC (38),0-0,?,Sunderland AFC (40)
?,(Sat) 11 Apr 1964 (14),Derby County FC (40),3-0,?,Swindon Town FC (40)
?,(Sat) 11 Apr 1964 (14),Grimsby Town FC (39),2-0,?,Scunthorpe United FC (40)
?,(Mon) 13 Apr 1964 (15),Leyton Orient FC (40),4-0,?,Cardiff City FC (39)
?,(Mon) 13 Apr 1964 (15),Huddersfield Town AFC (40),0-1,?,Northampton Town FC (40)
?,(Mon) 13 Apr 1964 (15),Bury FC (39),3-2,?,Portsmouth FC (39)
?,(Wed) 15 Apr 1964 (15),Grimsby Town FC (40),0-2,?,Cardiff City FC (40)
?,(Sat) 18 Apr 1964 (15),Sunderland AFC (41),2-1,?,Charlton Athletic FC (41)
?,(Sat) 18 Apr 1964 (15),Swindon Town FC (41),2-1,?,Swansea City AFC (40)
?,(Sat) 18 Apr 1964 (15),Norwich City FC (41),1-1,?,Middlesbrough FC (41)
?,(Sat) 18 Apr 1964 (15),Rotherham United FC (40),2-0,?,Derby County FC (41)
?,(Sat) 18 Apr 1964 (15),Cardiff City FC (41),2-4,?,Southampton FC (39)
?,(Sat) 18 Apr 1964 (15),Portsmouth FC (40),2-1,?,Huddersfield Town AFC (41)
?,(Sat) 18 Apr 1964 (15),Bury FC (40),2-1,?,Preston North End FC (41)
?,(Sat) 18 Apr 1964 (15),Manchester City FC (41),2-0,?,Leyton Orient FC (41)
?,(Sat) 18 Apr 1964 (15),Leeds United FC (41),1-1,?,Plymouth Argyle FC (41)
?,(Sat) 18 Apr 1964 (15),Scunthorpe United FC (41),2-0,?,Newcastle United FC (41)
?,(Sat) 18 Apr 1964 (15),Northampton Town FC (41),1-2,?,Grimsby Town FC (41)
?,(Tue) 21 Apr 1964 (16),Swansea City AFC (41),1-1,?,Portsmouth FC (41)
?,(Tue) 21 Apr 1964 (16),Bury FC (41),1-5,?,Southampton FC (40)
?,(Fri) 24 Apr 1964 (16),Middlesbrough FC (42),3-1,?,Cardiff City FC (42)
?,(Sat) 25 Apr 1964 (16),Plymouth Argyle FC (42),0-0,?,Rotherham United FC (41)
?,(Sat) 25 Apr 1964 (16),Charlton Athletic FC (42),0-2,?,Leeds United FC (42)
?,(Sat) 25 Apr 1964 (16),Swansea City AFC (42),3-3,?,Manchester City FC (42)
?,(Sat) 25 Apr 1964 (16),Preston North End FC (42),2-1,?,Northampton Town FC (42)
?,(Sat) 25 Apr 1964 (16),Huddersfield Town AFC (42),3-2,?,Scunthorpe United FC (42)
?,(Sat) 25 Apr 1964 (16),Grimsby Town FC (42),2-2,?,Sunderland AFC (42)
?,(Sat) 25 Apr 1964 (16),Southampton FC (41),5-1,?,Swindon Town FC (42)
?,(Sat) 25 Apr 1964 (16),Derby County FC (42),3-1,?,Portsmouth FC (42)
?,(Sat) 25 Apr 1964 (16),Leyton Orient FC (42),1-1,?,Bury FC (42)
?,(Sat) 25 Apr 1964 (16),Newcastle United FC (42),2-0,?,Norwich City FC (42)
?,(Mon) 27 Apr 1964 (17),Southampton FC (42),6-1,?,Rotherham United FC (42)
