Round,Date,Team 1,FT,HT,Team 2
?,(Sat) 1 Sep 1900 (35),Leicester City FC (1),2-2,?,Stockport County FC (1)
?,(Sat) 1 Sep 1900 (35),Glossop North End AFC (1),1-0,?,Manchester United FC (1)
?,(Sat) 1 Sep 1900 (35),Walsall FC (1),3-0,?,Barnsley FC (1)
?,(Sat) 1 Sep 1900 (35),Middlesbrough FC (1),2-0,?,Lincoln City FC (1)
?,(Sat) 1 Sep 1900 (35),Burton Swifts FC (1871-1901) (1),0-4,?,Chesterfield FC (1)
?,(Sat) 1 Sep 1900 (35),Port Vale FC (1),2-2,?,Birmingham City FC (1)
?,(Sat) 1 Sep 1900 (35),Arsenal FC (1),2-1,?,Gainsborough Trinity FC (1)
?,(Sat) 1 Sep 1900 (35),Burnley FC (1),3-0,?,Grimsby Town FC (1)
?,(Sat) 1 Sep 1900 (35),New Brighton Tower FC (1898-1901) (1),0-0,?,Blackpool FC (1)
?,(Mon) 3 Sep 1900 (36),Port Vale FC (2),0-1,?,Stockport County FC (2)
?,(Mon) 3 Sep 1900 (36),Burnley FC (2),2-1,?,Burton Swifts FC (1871-1901) (2)
?,(Sat) 8 Sep 1900 (36),Manchester United FC (2),4-0,?,Middlesbrough FC (2)
?,(Sat) 8 Sep 1900 (36),Chesterfield FC (2),0-1,?,Glossop North End AFC (2)
?,(Sat) 8 Sep 1900 (36),Blackpool FC (2),1-1,?,Gainsborough Trinity FC (2)
?,(Sat) 8 Sep 1900 (36),Stockport County FC (3),0-5,?,New Brighton Tower FC (1898-1901) (2)
?,(Sat) 8 Sep 1900 (36),Barnsley FC (2),3-2,?,Burton Swifts FC (1871-1901) (3)
?,(Sat) 8 Sep 1900 (36),Arsenal FC (2),1-1,?,Walsall FC (2)
?,(Sat) 8 Sep 1900 (36),Lincoln City FC (2),2-0,?,Burnley FC (3)
?,(Sat) 8 Sep 1900 (36),Grimsby Town FC (2),6-1,?,Port Vale FC (3)
?,(Sat) 8 Sep 1900 (36),Birmingham City FC (2),0-0,?,Leicester City FC (2)
?,(Sat) 15 Sep 1900 (37),Leicester City FC (3),4-0,?,Grimsby Town FC (3)
?,(Sat) 15 Sep 1900 (37),Walsall FC (3),1-2,?,Blackpool FC (3)
?,(Sat) 15 Sep 1900 (37),Barnsley FC (3),4-1,?,Chesterfield FC (3)
?,(Sat) 15 Sep 1900 (37),Port Vale FC (4),2-0,?,Lincoln City FC (3)
?,(Sat) 15 Sep 1900 (37),Burnley FC (4),1-0,?,Manchester United FC (3)
?,(Sat) 15 Sep 1900 (37),Burton Swifts FC (1871-1901) (4),1-0,?,Arsenal FC (3)
?,(Sat) 15 Sep 1900 (37),Gainsborough Trinity FC (3),2-0,?,Stockport County FC (4)
?,(Sat) 15 Sep 1900 (37),New Brighton Tower FC (1898-1901) (3),0-0,?,Birmingham City FC (3)
?,(Sat) 15 Sep 1900 (37),Middlesbrough FC (3),2-2,?,Glossop North End AFC (3)
?,(Sat) 22 Sep 1900 (38),Birmingham City FC (4),6-0,?,Gainsborough Trinity FC (4)
?,(Sat) 22 Sep 1900 (38),Glossop North End AFC (4),0-1,?,Burnley FC (5)
?,(Sat) 22 Sep 1900 (38),Manchester United FC (4),4-0,?,Port Vale FC (5)
?,(Sat) 22 Sep 1900 (38),Grimsby Town FC (4),5-2,?,New Brighton Tower FC (1898-1901) (4)
?,(Sat) 22 Sep 1900 (38),Stockport County FC (5),4-1,?,Walsall FC (4)
?,(Sat) 22 Sep 1900 (38),Lincoln City FC (4),1-0,?,Leicester City FC (4)
?,(Sat) 22 Sep 1900 (38),Blackpool FC (4),2-0,?,Burton Swifts FC (1871-1901) (5)
?,(Sat) 22 Sep 1900 (38),Arsenal FC (4),1-2,?,Barnsley FC (4)
?,(Sat) 22 Sep 1900 (38),Chesterfield FC (4),2-3,?,Middlesbrough FC (4)
?,(Mon) 24 Sep 1900 (39),Walsall FC (5),1-5,?,Burton Swifts FC (1871-1901) (6)
?,(Sat) 29 Sep 1900 (39),Arsenal FC (5),1-0,?,Chesterfield FC (5)
?,(Sat) 29 Sep 1900 (39),Leicester City FC (5),1-0,?,Manchester United FC (5)
?,(Sat) 29 Sep 1900 (39),Barnsley FC (5),0-1,?,Blackpool FC (5)
?,(Sat) 29 Sep 1900 (39),Port Vale FC (6),0-0,?,Glossop North End AFC (5)
?,(Sat) 29 Sep 1900 (39),Walsall FC (6),2-2,?,Birmingham City FC (5)
?,(Sat) 29 Sep 1900 (39),Burton Swifts FC (1871-1901) (7),3-2,?,Stockport County FC (6)
?,(Sat) 29 Sep 1900 (39),New Brighton Tower FC (1898-1901) (5),2-0,?,Lincoln City FC (5)
?,(Sat) 29 Sep 1900 (39),Gainsborough Trinity FC (5),0-1,?,Grimsby Town FC (5)
?,(Sat) 29 Sep 1900 (39),Burnley FC (6),2-0,?,Middlesbrough FC (5)
?,(Mon) 1 Oct 1900 (40),Burton Swifts FC (1871-1901) (8),0-1,?,Leicester City FC (6)
?,(Sat) 6 Oct 1900 (40),Stockport County FC (7),2-1,?,Barnsley FC (6)
?,(Sat) 6 Oct 1900 (40),Manchester United FC (6),1-0,?,New Brighton Tower FC (1898-1901) (6)
?,(Sat) 6 Oct 1900 (40),Blackpool FC (6),1-1,?,Arsenal FC (6)
?,(Sat) 6 Oct 1900 (40),Birmingham City FC (6),2-0,?,Burton Swifts FC (1871-1901) (9)
?,(Sat) 6 Oct 1900 (40),Middlesbrough FC (6),4-0,?,Port Vale FC (7)
?,(Sat) 6 Oct 1900 (40),Glossop North End AFC (6),3-1,?,Leicester City FC (7)
?,(Sat) 6 Oct 1900 (40),Chesterfield FC (6),1-3,?,Burnley FC (7)
?,(Sat) 6 Oct 1900 (40),Lincoln City FC (6),6-0,?,Gainsborough Trinity FC (6)
?,(Sat) 6 Oct 1900 (40),Grimsby Town FC (6),0-0,?,Walsall FC (7)
?,(Sat) 13 Oct 1900 (41),Arsenal FC (7),2-0,?,Stockport County FC (8)
?,(Sat) 13 Oct 1900 (41),Blackpool FC (7),1-1,?,Chesterfield FC (7)
?,(Sat) 13 Oct 1900 (41),New Brighton Tower FC (1898-1901) (7),1-0,?,Glossop North End AFC (7)
?,(Sat) 13 Oct 1900 (41),Burton Swifts FC (1871-1901) (10),1-2,?,Grimsby Town FC (7)
?,(Sat) 13 Oct 1900 (41),Port Vale FC (8),1-0,?,Burnley FC (8)
?,(Sat) 13 Oct 1900 (41),Walsall FC (8),3-0,?,Lincoln City FC (7)
?,(Sat) 13 Oct 1900 (41),Leicester City FC (8),1-0,?,Middlesbrough FC (7)
?,(Sat) 13 Oct 1900 (41),Gainsborough Trinity FC (7),0-1,?,Manchester United FC (7)
?,(Sat) 13 Oct 1900 (41),Barnsley FC (7),1-2,?,Birmingham City FC (7)
?,(Sat) 20 Oct 1900 (42),Manchester United FC (8),1-1,?,Walsall FC (9)
?,(Sat) 20 Oct 1900 (42),Chesterfield FC (8),1-1,?,Port Vale FC (9)
?,(Sat) 20 Oct 1900 (42),Burnley FC (9),0-0,?,Leicester City FC (9)
?,(Sat) 20 Oct 1900 (42),Lincoln City FC (8),2-1,?,Burton Swifts FC (1871-1901) (11)
?,(Sat) 20 Oct 1900 (42),Birmingham City FC (8),2-1,?,Arsenal FC (8)
?,(Sat) 20 Oct 1900 (42),Middlesbrough FC (8),2-1,?,New Brighton Tower FC (1898-1901) (8)
?,(Sat) 20 Oct 1900 (42),Stockport County FC (9),0-1,?,Blackpool FC (8)
?,(Sat) 20 Oct 1900 (42),Glossop North End AFC (8),3-1,?,Gainsborough Trinity FC (8)
?,(Sat) 20 Oct 1900 (42),Grimsby Town FC (8),1-0,?,Barnsley FC (8)
?,(Wed) 24 Oct 1900 (43),Gainsborough Trinity FC (9),4-2,?,Barnsley FC (9)
?,(Sat) 27 Oct 1900 (43),Blackpool FC (9),0-0,?,Birmingham City FC (9)
?,(Sat) 27 Oct 1900 (43),New Brighton Tower FC (1898-1901) (9),2-1,?,Burnley FC (10)
?,(Sat) 27 Oct 1900 (43),Stockport County FC (10),3-1,?,Chesterfield FC (9)
?,(Sat) 27 Oct 1900 (43),Leicester City FC (10),0-0,?,Port Vale FC (10)
?,(Sat) 27 Oct 1900 (43),Barnsley FC (10),0-0,?,Lincoln City FC (9)
?,(Sat) 27 Oct 1900 (43),Walsall FC (10),2-1,?,Glossop North End AFC (9)
?,(Sat) 27 Oct 1900 (43),Arsenal FC (9),1-1,?,Grimsby Town FC (9)
?,(Sat) 27 Oct 1900 (43),Gainsborough Trinity FC (10),1-1,?,Middlesbrough FC (9)
?,(Sat) 27 Oct 1900 (43),Burton Swifts FC (1871-1901) (12),3-1,?,Manchester United FC (9)
?,(Sat) 3 Nov 1900 (44),Arsenal FC (10),2-1,?,Leicester City FC (11)
?,(Sat) 3 Nov 1900 (44),Port Vale FC (11),0-0,?,Grimsby Town FC (10)
?,(Sat) 3 Nov 1900 (44),Burnley FC (11),2-1,?,New Brighton Tower FC (1898-1901) (10)
?,(Sat) 10 Nov 1900 (45),Birmingham City FC (10),0-0,?,Chesterfield FC (10)
?,(Sat) 10 Nov 1900 (45),Gainsborough Trinity FC (11),2-1,?,Port Vale FC (12)
?,(Sat) 10 Nov 1900 (45),Burton Swifts FC (1871-1901) (13),0-0,?,Middlesbrough FC (10)
?,(Sat) 10 Nov 1900 (45),Arsenal FC (11),2-1,?,Manchester United FC (10)
?,(Sat) 10 Nov 1900 (45),Blackpool FC (10),2-0,?,Lincoln City FC (10)
?,(Sat) 10 Nov 1900 (45),New Brighton Tower FC (1898-1901) (11),0-0,?,Leicester City FC (12)
?,(Sat) 10 Nov 1900 (45),Walsall FC (11),2-0,?,Burnley FC (12)
?,(Sat) 10 Nov 1900 (45),Grimsby Town FC (11),5-1,?,Stockport County FC (11)
?,(Sat) 17 Nov 1900 (46),Port Vale FC (13),1-3,?,New Brighton Tower FC (1898-1901) (12)
?,(Sat) 17 Nov 1900 (46),Leicester City FC (13),1-1,?,Burnley FC (13)
?,(Sat) 17 Nov 1900 (46),Glossop North End AFC (10),0-1,?,Arsenal FC (12)
?,(Sat) 17 Nov 1900 (46),Grimsby Town FC (12),1-1,?,Birmingham City FC (11)
?,(Sat) 24 Nov 1900 (47),Burton Swifts FC (1871-1901) (14),0-2,?,Port Vale FC (14)
?,(Sat) 24 Nov 1900 (47),Gainsborough Trinity FC (12),4-1,?,New Brighton Tower FC (1898-1901) (13)
?,(Sat) 24 Nov 1900 (47),Blackpool FC (11),0-0,?,Glossop North End AFC (11)
?,(Sat) 24 Nov 1900 (47),Birmingham City FC (12),2-0,?,Lincoln City FC (11)
?,(Sat) 24 Nov 1900 (47),Stockport County FC (12),1-0,?,Manchester United FC (11)
?,(Sat) 24 Nov 1900 (47),Walsall FC (12),2-0,?,Leicester City FC (14)
?,(Sat) 24 Nov 1900 (47),Arsenal FC (13),1-0,?,Middlesbrough FC (11)
?,(Sat) 24 Nov 1900 (47),Grimsby Town FC (13),5-2,?,Chesterfield FC (11)
?,(Sat) 1 Dec 1900 (48),Chesterfield FC (12),2-2,?,Gainsborough Trinity FC (13)
?,(Sat) 1 Dec 1900 (48),Burnley FC (14),3-0,?,Arsenal FC (14)
?,(Sat) 1 Dec 1900 (48),Port Vale FC (15),3-2,?,Barnsley FC (11)
?,(Sat) 1 Dec 1900 (48),Manchester United FC (12),0-1,?,Birmingham City FC (13)
?,(Sat) 1 Dec 1900 (48),Leicester City FC (15),5-2,?,Burton Swifts FC (1871-1901) (15)
?,(Sat) 1 Dec 1900 (48),Grimsby Town FC (14),4-0,?,Lincoln City FC (12)
?,(Sat) 1 Dec 1900 (48),Middlesbrough FC (12),3-1,?,Blackpool FC (12)
?,(Sat) 1 Dec 1900 (48),Glossop North End AFC (12),6-0,?,Stockport County FC (13)
?,(Sat) 1 Dec 1900 (48),New Brighton Tower FC (1898-1901) (14),5-1,?,Walsall FC (13)
?,(Sat) 8 Dec 1900 (49),Grimsby Town FC (15),2-0,?,Manchester United FC (13)
?,(Sat) 8 Dec 1900 (49),Arsenal FC (15),3-0,?,Port Vale FC (16)
?,(Sat) 8 Dec 1900 (49),Birmingham City FC (14),1-0,?,Glossop North End AFC (13)
?,(Sat) 8 Dec 1900 (49),Blackpool FC (13),0-1,?,Burnley FC (15)
?,(Sat) 8 Dec 1900 (49),Lincoln City FC (13),4-0,?,Stockport County FC (14)
?,(Sat) 15 Dec 1900 (50),Gainsborough Trinity FC (14),2-1,?,Burton Swifts FC (1871-1901) (16)
?,(Sat) 15 Dec 1900 (50),Port Vale FC (17),4-0,?,Blackpool FC (14)
?,(Sat) 15 Dec 1900 (50),New Brighton Tower FC (1898-1901) (15),2-0,?,Barnsley FC (12)
?,(Sat) 15 Dec 1900 (50),Leicester City FC (16),1-0,?,Arsenal FC (16)
?,(Sat) 15 Dec 1900 (50),Walsall FC (14),2-2,?,Chesterfield FC (13)
?,(Sat) 15 Dec 1900 (50),Glossop North End AFC (14),0-0,?,Grimsby Town FC (16)
?,(Sat) 15 Dec 1900 (50),Middlesbrough FC (13),0-1,?,Birmingham City FC (15)
?,(Sat) 15 Dec 1900 (50),Burnley FC (16),3-1,?,Stockport County FC (15)
?,(Sat) 15 Dec 1900 (50),Manchester United FC (14),4-1,?,Lincoln City FC (14)
?,(Sat) 22 Dec 1900 (51),Blackpool FC (15),1-0,?,Leicester City FC (17)
?,(Sat) 22 Dec 1900 (51),Birmingham City FC (16),0-1,?,Burnley FC (17)
?,(Sat) 22 Dec 1900 (51),Burton Swifts FC (1871-1901) (17),2-1,?,Walsall FC (15)
?,(Sat) 22 Dec 1900 (51),Chesterfield FC (14),2-1,?,Manchester United FC (15)
?,(Sat) 22 Dec 1900 (51),Arsenal FC (17),2-1,?,New Brighton Tower FC (1898-1901) (16)
?,(Sat) 22 Dec 1900 (51),Stockport County FC (16),1-1,?,Port Vale FC (18)
?,(Sat) 22 Dec 1900 (51),Barnsley FC (13),1-3,?,Gainsborough Trinity FC (15)
?,(Sat) 22 Dec 1900 (51),Grimsby Town FC (17),2-0,?,Middlesbrough FC (14)
?,(Mon) 24 Dec 1900 (52),Walsall FC (16),1-0,?,Arsenal FC (18)
?,(Tue) 25 Dec 1900 (52),Lincoln City FC (15),0-1,?,Grimsby Town FC (18)
?,(Tue) 25 Dec 1900 (52),Glossop North End AFC (15),1-1,?,Chesterfield FC (15)
?,(Tue) 25 Dec 1900 (52),Port Vale FC (19),2-2,?,Walsall FC (17)
?,(Tue) 25 Dec 1900 (52),Leicester City FC (18),2-0,?,Barnsley FC (14)
?,(Tue) 25 Dec 1900 (52),Burton Swifts FC (1871-1901) (18),1-0,?,New Brighton Tower FC (1898-1901) (17)
?,(Tue) 25 Dec 1900 (52),Burnley FC (18),2-1,?,Gainsborough Trinity FC (16)
?,(Wed) 26 Dec 1900 (52),Birmingham City FC (17),2-0,?,Stockport County FC (17)
?,(Wed) 26 Dec 1900 (52),Chesterfield FC (16),0-1,?,New Brighton Tower FC (1898-1901) (18)
?,(Wed) 26 Dec 1900 (52),Walsall FC (18),3-3,?,Gainsborough Trinity FC (17)
?,(Wed) 26 Dec 1900 (52),Lincoln City FC (16),1-1,?,Glossop North End AFC (16)
?,(Wed) 26 Dec 1900 (52),Middlesbrough FC (15),3-0,?,Barnsley FC (15)
?,(Wed) 26 Dec 1900 (52),Manchester United FC (16),4-0,?,Blackpool FC (16)
?,(Sat) 29 Dec 1900 (52),Birmingham City FC (18),2-1,?,Port Vale FC (20)
?,(Sat) 29 Dec 1900 (52),Barnsley FC (16),2-1,?,Walsall FC (19)
?,(Sat) 29 Dec 1900 (52),Lincoln City FC (17),1-2,?,Middlesbrough FC (16)
?,(Sat) 29 Dec 1900 (52),Stockport County FC (18),3-1,?,Leicester City FC (19)
?,(Sat) 29 Dec 1900 (52),Grimsby Town FC (19),2-1,?,Burnley FC (19)
?,(Sat) 29 Dec 1900 (52),Gainsborough Trinity FC (18),1-0,?,Arsenal FC (19)
?,(Sat) 29 Dec 1900 (52),Blackpool FC (17),1-2,?,New Brighton Tower FC (1898-1901) (19)
?,(Sat) 29 Dec 1900 (52),Manchester United FC (17),3-0,?,Glossop North End AFC (17)
?,(Sat) 29 Dec 1900 (52),Chesterfield FC (17),2-0,?,Burton Swifts FC (1871-1901) (19)
?,(Tue) 1 Jan 1901 (0),New Brighton Tower FC (1898-1901) (20),3-0,?,Stockport County FC (19)
?,(Tue) 1 Jan 1901 (0),Middlesbrough FC (17),1-2,?,Manchester United FC (18)
?,(Tue) 1 Jan 1901 (0),Barnsley FC (17),1-0,?,Leicester City FC (20)
?,(Sat) 5 Jan 1901 (0),Leicester City FC (21),1-1,?,Birmingham City FC (19)
?,(Sat) 5 Jan 1901 (0),Gainsborough Trinity FC (19),1-3,?,Blackpool FC (18)
?,(Sat) 5 Jan 1901 (0),Burnley FC (20),1-0,?,Lincoln City FC (18)
?,(Sat) 5 Jan 1901 (0),Burton Swifts FC (1871-1901) (20),1-1,?,Barnsley FC (18)
?,(Sat) 12 Jan 1901 (1),Glossop North End AFC (18),2-0,?,Middlesbrough FC (18)
?,(Sat) 12 Jan 1901 (1),Blackpool FC (19),1-0,?,Walsall FC (20)
?,(Sat) 12 Jan 1901 (1),Manchester United FC (19),0-1,?,Burnley FC (21)
?,(Sat) 12 Jan 1901 (1),Stockport County FC (20),1-2,?,Gainsborough Trinity FC (20)
?,(Sat) 12 Jan 1901 (1),Arsenal FC (20),3-1,?,Burton Swifts FC (1871-1901) (21)
?,(Sat) 12 Jan 1901 (1),Grimsby Town FC (20),4-1,?,Leicester City FC (22)
?,(Sat) 12 Jan 1901 (1),Lincoln City FC (19),2-2,?,Port Vale FC (21)
?,(Sat) 12 Jan 1901 (1),Chesterfield FC (18),1-2,?,Barnsley FC (19)
?,(Sat) 12 Jan 1901 (1),Birmingham City FC (20),4-0,?,New Brighton Tower FC (1898-1901) (21)
?,(Sat) 19 Jan 1901 (2),Burnley FC (22),5-1,?,Glossop North End AFC (19)
?,(Sat) 19 Jan 1901 (2),Barnsley FC (20),3-0,?,Arsenal FC (21)
?,(Sat) 19 Jan 1901 (2),Leicester City FC (23),0-2,?,Lincoln City FC (20)
?,(Sat) 19 Jan 1901 (2),New Brighton Tower FC (1898-1901) (22),5-0,?,Grimsby Town FC (21)
?,(Sat) 19 Jan 1901 (2),Middlesbrough FC (19),2-0,?,Chesterfield FC (19)
?,(Sat) 19 Jan 1901 (2),Burton Swifts FC (1871-1901) (22),1-2,?,Blackpool FC (20)
?,(Sat) 19 Jan 1901 (2),Gainsborough Trinity FC (21),1-2,?,Birmingham City FC (21)
?,(Sat) 19 Jan 1901 (2),Port Vale FC (22),2-0,?,Manchester United FC (20)
?,(Sat) 19 Jan 1901 (2),Walsall FC (21),1-3,?,Stockport County FC (21)
?,(Sat) 26 Jan 1901 (3),Lincoln City FC (21),3-3,?,Arsenal FC (22)
?,(Sat) 26 Jan 1901 (3),Grimsby Town FC (22),2-0,?,Blackpool FC (21)
?,(Sat) 26 Jan 1901 (3),Burnley FC (23),5-1,?,Chesterfield FC (20)
?,(Sat) 9 Feb 1901 (5),Glossop North End AFC (20),1-2,?,Port Vale FC (23)
?,(Sat) 9 Feb 1901 (5),Walsall FC (22),0-0,?,Grimsby Town FC (23)
?,(Sat) 9 Feb 1901 (5),Gainsborough Trinity FC (22),1-1,?,Lincoln City FC (22)
?,(Sat) 9 Feb 1901 (5),Barnsley FC (21),2-0,?,Stockport County FC (22)
?,(Sat) 16 Feb 1901 (6),Manchester United FC (21),0-0,?,Gainsborough Trinity FC (23)
?,(Sat) 16 Feb 1901 (6),Middlesbrough FC (20),2-1,?,Leicester City FC (24)
?,(Sat) 16 Feb 1901 (6),Glossop North End AFC (21),0-1,?,New Brighton Tower FC (1898-1901) (23)
?,(Sat) 16 Feb 1901 (6),Birmingham City FC (22),3-1,?,Barnsley FC (22)
?,(Sat) 16 Feb 1901 (6),Chesterfield FC (21),2-0,?,Blackpool FC (22)
?,(Sat) 16 Feb 1901 (6),Grimsby Town FC (24),5-2,?,Burton Swifts FC (1871-1901) (23)
?,(Sat) 16 Feb 1901 (6),Stockport County FC (23),3-1,?,Arsenal FC (23)
?,(Sat) 16 Feb 1901 (6),Burnley FC (24),1-0,?,Port Vale FC (24)
?,(Sat) 16 Feb 1901 (6),Lincoln City FC (23),2-0,?,Walsall FC (23)
?,(Tue) 19 Feb 1901 (7),New Brighton Tower FC (1898-1901) (24),2-0,?,Manchester United FC (22)
?,(Tue) 19 Feb 1901 (7),Chesterfield FC (22),0-1,?,Arsenal FC (24)
?,(Thu) 21 Feb 1901 (7),Leicester City FC (25),1-2,?,Glossop North End AFC (22)
?,(Sat) 23 Feb 1901 (7),Barnsley FC (23),2-3,?,Grimsby Town FC (25)
?,(Sat) 23 Feb 1901 (7),Port Vale FC (25),5-1,?,Chesterfield FC (23)
?,(Sat) 23 Feb 1901 (7),Burton Swifts FC (1871-1901) (24),0-0,?,Lincoln City FC (24)
?,(Sat) 23 Feb 1901 (7),Blackpool FC (23),3-0,?,Stockport County FC (24)
?,(Mon) 25 Feb 1901 (8),Walsall FC (24),1-1,?,Manchester United FC (23)
?,(Wed) 27 Feb 1901 (8),Gainsborough Trinity FC (24),1-1,?,Glossop North End AFC (23)
?,(Sat) 2 Mar 1901 (8),Glossop North End AFC (24),2-0,?,Walsall FC (25)
?,(Sat) 2 Mar 1901 (8),Middlesbrough FC (21),9-2,?,Gainsborough Trinity FC (25)
?,(Sat) 2 Mar 1901 (8),Manchester United FC (24),1-1,?,Burton Swifts FC (1871-1901) (25)
?,(Sat) 2 Mar 1901 (8),Grimsby Town FC (26),1-0,?,Arsenal FC (25)
?,(Sat) 2 Mar 1901 (8),Port Vale FC (26),0-0,?,Leicester City FC (26)
?,(Sat) 2 Mar 1901 (8),Lincoln City FC (25),3-0,?,Barnsley FC (24)
?,(Sat) 2 Mar 1901 (8),Birmingham City FC (23),10-1,?,Blackpool FC (24)
?,(Sat) 2 Mar 1901 (8),Chesterfield FC (24),4-2,?,Stockport County FC (25)
?,(Sat) 9 Mar 1901 (9),Blackpool FC (25),0-1,?,Grimsby Town FC (27)
?,(Sat) 9 Mar 1901 (9),Leicester City FC (27),1-3,?,Chesterfield FC (25)
?,(Sat) 9 Mar 1901 (9),Stockport County FC (26),0-0,?,Birmingham City FC (24)
?,(Sat) 9 Mar 1901 (9),Arsenal FC (26),0-0,?,Lincoln City FC (26)
?,(Sat) 9 Mar 1901 (9),Middlesbrough FC (22),2-1,?,Walsall FC (26)
?,(Sat) 9 Mar 1901 (9),New Brighton Tower FC (1898-1901) (25),1-1,?,Port Vale FC (27)
?,(Sat) 9 Mar 1901 (9),Burton Swifts FC (1871-1901) (26),1-3,?,Glossop North End AFC (25)
?,(Sat) 9 Mar 1901 (9),Gainsborough Trinity FC (26),3-0,?,Burnley FC (25)
?,(Mon) 11 Mar 1901 (10),Port Vale FC (28),0-2,?,Middlesbrough FC (23)
?,(Wed) 13 Mar 1901 (10),Manchester United FC (25),1-0,?,Barnsley FC (25)
?,(Thu) 14 Mar 1901 (10),Barnsley FC (26),3-1,?,Middlesbrough FC (24)
?,(Sat) 16 Mar 1901 (10),Lincoln City FC (27),3-0,?,Blackpool FC (26)
?,(Sat) 16 Mar 1901 (10),Chesterfield FC (26),1-1,?,Birmingham City FC (25)
?,(Sat) 16 Mar 1901 (10),Middlesbrough FC (25),3-1,?,Burton Swifts FC (1871-1901) (27)
?,(Sat) 16 Mar 1901 (10),Leicester City FC (28),1-1,?,New Brighton Tower FC (1898-1901) (26)
?,(Sat) 16 Mar 1901 (10),Port Vale FC (29),1-1,?,Gainsborough Trinity FC (27)
?,(Sat) 16 Mar 1901 (10),Burnley FC (26),0-0,?,Walsall FC (27)
?,(Sat) 16 Mar 1901 (10),Manchester United FC (26),1-0,?,Arsenal FC (27)
?,(Sat) 16 Mar 1901 (10),Stockport County FC (27),0-1,?,Grimsby Town FC (28)
?,(Sat) 16 Mar 1901 (10),Glossop North End AFC (26),2-1,?,Barnsley FC (27)
?,(Wed) 20 Mar 1901 (11),Blackpool FC (27),1-1,?,Barnsley FC (28)
?,(Wed) 20 Mar 1901 (11),Manchester United FC (27),2-3,?,Leicester City FC (29)
?,(Sat) 23 Mar 1901 (11),Arsenal FC (28),2-0,?,Glossop North End AFC (27)
?,(Sat) 23 Mar 1901 (11),Blackpool FC (28),1-2,?,Manchester United FC (28)
?,(Sat) 23 Mar 1901 (11),New Brighton Tower FC (1898-1901) (27),1-1,?,Chesterfield FC (27)
?,(Sat) 23 Mar 1901 (11),Gainsborough Trinity FC (28),0-0,?,Leicester City FC (30)
?,(Sat) 23 Mar 1901 (11),Walsall FC (28),2-1,?,Port Vale FC (30)
?,(Sat) 23 Mar 1901 (11),Burton Swifts FC (1871-1901) (28),1-0,?,Burnley FC (27)
?,(Sat) 23 Mar 1901 (11),Stockport County FC (28),1-0,?,Lincoln City FC (28)
?,(Mon) 25 Mar 1901 (12),New Brighton Tower FC (1898-1901) (28),3-1,?,Middlesbrough FC (26)
?,(Sat) 30 Mar 1901 (12),New Brighton Tower FC (1898-1901) (29),3-2,?,Gainsborough Trinity FC (29)
?,(Sat) 30 Mar 1901 (12),Chesterfield FC (28),3-3,?,Grimsby Town FC (29)
?,(Sat) 30 Mar 1901 (12),Middlesbrough FC (27),1-1,?,Arsenal FC (29)
?,(Sat) 30 Mar 1901 (12),Manchester United FC (29),3-1,?,Stockport County FC (29)
?,(Sat) 30 Mar 1901 (12),Burnley FC (28),4-0,?,Barnsley FC (29)
?,(Sat) 30 Mar 1901 (12),Glossop North End AFC (28),6-0,?,Blackpool FC (29)
?,(Sat) 30 Mar 1901 (12),Lincoln City FC (29),3-1,?,Birmingham City FC (26)
?,(Sat) 30 Mar 1901 (12),Port Vale FC (31),4-0,?,Burton Swifts FC (1871-1901) (29)
?,(Sat) 30 Mar 1901 (12),Leicester City FC (31),5-0,?,Walsall FC (29)
?,(Mon) 1 Apr 1901 (13),Lincoln City FC (30),2-0,?,New Brighton Tower FC (1898-1901) (30)
?,(Mon) 1 Apr 1901 (13),Birmingham City FC (27),2-1,?,Grimsby Town FC (30)
?,(Fri) 5 Apr 1901 (13),Stockport County FC (30),0-1,?,Middlesbrough FC (28)
?,(Fri) 5 Apr 1901 (13),Lincoln City FC (31),2-0,?,Manchester United FC (30)
?,(Fri) 5 Apr 1901 (13),Glossop North End AFC (29),3-0,?,Burton Swifts FC (1871-1901) (30)
?,(Fri) 5 Apr 1901 (13),Barnsley FC (30),2-1,?,Burnley FC (29)
?,(Fri) 5 Apr 1901 (13),Blackpool FC (30),2-1,?,Port Vale FC (32)
?,(Fri) 5 Apr 1901 (13),Chesterfield FC (29),1-0,?,Leicester City FC (32)
?,(Fri) 5 Apr 1901 (13),Grimsby Town FC (31),0-0,?,Gainsborough Trinity FC (30)
?,(Sat) 6 Apr 1901 (13),Blackpool FC (31),3-0,?,Middlesbrough FC (29)
?,(Sat) 6 Apr 1901 (13),Arsenal FC (30),3-1,?,Burnley FC (30)
?,(Sat) 6 Apr 1901 (13),Birmingham City FC (28),1-0,?,Manchester United FC (31)
?,(Sat) 6 Apr 1901 (13),Barnsley FC (31),1-3,?,Port Vale FC (33)
?,(Sat) 6 Apr 1901 (13),Walsall FC (30),3-3,?,New Brighton Tower FC (1898-1901) (31)
?,(Sat) 6 Apr 1901 (13),Gainsborough Trinity FC (31),2-3,?,Chesterfield FC (30)
?,(Sat) 6 Apr 1901 (13),Stockport County FC (31),1-3,?,Glossop North End AFC (30)
?,(Mon) 8 Apr 1901 (14),Birmingham City FC (29),2-1,?,Walsall FC (31)
?,(Mon) 8 Apr 1901 (14),Arsenal FC (31),3-1,?,Blackpool FC (32)
?,(Mon) 8 Apr 1901 (14),Chesterfield FC (31),2-0,?,Lincoln City FC (32)
?,(Mon) 8 Apr 1901 (14),New Brighton Tower FC (1898-1901) (32),3-1,?,Burton Swifts FC (1871-1901) (31)
?,(Mon) 8 Apr 1901 (14),Leicester City FC (33),1-0,?,Gainsborough Trinity FC (32)
?,(Mon) 8 Apr 1901 (14),Barnsley FC (32),2-2,?,Glossop North End AFC (31)
?,(Tue) 9 Apr 1901 (14),Leicester City FC (34),3-1,?,Blackpool FC (33)
?,(Tue) 9 Apr 1901 (14),Barnsley FC (33),6-2,?,Manchester United FC (32)
?,(Tue) 9 Apr 1901 (14),Middlesbrough FC (30),0-0,?,Burnley FC (31)
?,(Sat) 13 Apr 1901 (14),Glossop North End AFC (32),2-0,?,Birmingham City FC (30)
?,(Sat) 13 Apr 1901 (14),Gainsborough Trinity FC (33),1-0,?,Walsall FC (32)
?,(Sat) 13 Apr 1901 (14),Burnley FC (32),4-0,?,Blackpool FC (34)
?,(Sat) 13 Apr 1901 (14),Manchester United FC (33),1-0,?,Grimsby Town FC (32)
?,(Sat) 13 Apr 1901 (14),Port Vale FC (34),1-0,?,Arsenal FC (32)
?,(Sat) 13 Apr 1901 (14),Middlesbrough FC (31),2-0,?,Stockport County FC (32)
?,(Sat) 13 Apr 1901 (14),Lincoln City FC (33),2-0,?,Chesterfield FC (32)
?,(Mon) 15 Apr 1901 (15),Burton Swifts FC (1871-1901) (32),0-2,?,Birmingham City FC (31)
?,(Sat) 20 Apr 1901 (15),Barnsley FC (34),1-1,?,New Brighton Tower FC (1898-1901) (33)
?,(Sat) 20 Apr 1901 (15),Stockport County FC (33),3-2,?,Burnley FC (33)
?,(Sat) 20 Apr 1901 (15),Chesterfield FC (33),1-1,?,Walsall FC (33)
?,(Sat) 20 Apr 1901 (15),Grimsby Town FC (33),1-0,?,Glossop North End AFC (33)
?,(Sat) 20 Apr 1901 (15),Burton Swifts FC (1871-1901) (33),1-0,?,Gainsborough Trinity FC (34)
?,(Sat) 20 Apr 1901 (15),Birmingham City FC (32),2-1,?,Middlesbrough FC (32)
?,(Mon) 22 Apr 1901 (16),Walsall FC (34),0-0,?,Middlesbrough FC (33)
?,(Mon) 22 Apr 1901 (16),Arsenal FC (33),1-0,?,Birmingham City FC (33)
?,(Sat) 27 Apr 1901 (16),Stockport County FC (34),2-0,?,Burton Swifts FC (1871-1901) (34)
?,(Sat) 27 Apr 1901 (16),New Brighton Tower FC (1898-1901) (34),1-0,?,Arsenal FC (34)
?,(Sat) 27 Apr 1901 (16),Burnley FC (34),1-0,?,Birmingham City FC (34)
?,(Sat) 27 Apr 1901 (16),Manchester United FC (34),1-0,?,Chesterfield FC (34)
?,(Sat) 27 Apr 1901 (16),Glossop North End AFC (34),2-0,?,Lincoln City FC (34)
?,(Sat) 27 Apr 1901 (16),Middlesbrough FC (34),0-0,?,Grimsby Town FC (34)
