Round,Date,Team 1,FT,HT,Team 2
?,(Sat) 29 Aug 1931 (34),Barnsley FC (1),1-2,?,Bradford City AFC (1)
?,(Sat) 29 Aug 1931 (34),Swansea City AFC (1),0-2,?,Leeds United FC (1)
?,(Sat) 29 Aug 1931 (34),Stoke City FC (1),2-1,?,Chesterfield FC (1)
?,(Sat) 29 Aug 1931 (34),Southampton FC (1),3-0,?,Burnley FC (1)
?,(Sat) 29 Aug 1931 (34),Plymouth Argyle FC (1),1-3,?,Port Vale FC (1)
?,(Sat) 29 Aug 1931 (34),Oldham Athletic AFC (1),2-2,?,Preston North End FC (1)
?,(Sat) 29 Aug 1931 (34),Notts County FC (1),2-0,?,Millwall FC (1)
?,(Sat) 29 Aug 1931 (34),Bradford Park Avenue AFC (1),3-1,?,Manchester United FC (1)
?,(Sat) 29 Aug 1931 (34),Charlton Athletic FC (1),3-1,?,Nottingham Forest FC (1)
?,(Sat) 29 Aug 1931 (34),Bristol City FC (1),1-3,?,Bury FC (1)
?,(Sat) 29 Aug 1931 (34),Wolverhampton Wanderers FC (1),4-0,?,Tottenham Hotspur FC (1)
?,(Mon) 31 Aug 1931 (35),Port Vale FC (2),1-2,?,Leeds United FC (2)
?,(Mon) 31 Aug 1931 (35),Barnsley FC (2),3-1,?,Oldham Athletic AFC (2)
?,(Mon) 31 Aug 1931 (35),Bury FC (2),2-1,?,Swansea City AFC (2)
?,(Mon) 31 Aug 1931 (35),Bradford Park Avenue AFC (2),2-1,?,Stoke City FC (2)
?,(Mon) 31 Aug 1931 (35),Millwall FC (2),6-1,?,Bradford City AFC (2)
?,(Mon) 31 Aug 1931 (35),Chesterfield FC (2),1-2,?,Plymouth Argyle FC (2)
?,(Mon) 31 Aug 1931 (35),Tottenham Hotspur FC (2),4-0,?,Preston North End FC (2)
?,(Wed) 2 Sep 1931 (35),Bristol City FC (2),3-2,?,Notts County FC (2)
?,(Wed) 2 Sep 1931 (35),Manchester United FC (2),2-3,?,Southampton FC (2)
?,(Sat) 5 Sep 1931 (35),Millwall FC (3),1-3,?,Plymouth Argyle FC (3)
?,(Sat) 5 Sep 1931 (35),Burnley FC (2),3-0,?,Stoke City FC (3)
?,(Sat) 5 Sep 1931 (35),Preston North End FC (3),2-1,?,Southampton FC (3)
?,(Sat) 5 Sep 1931 (35),Chesterfield FC (3),3-2,?,Charlton Athletic FC (2)
?,(Sat) 5 Sep 1931 (35),Bury FC (3),2-1,?,Oldham Athletic AFC (3)
?,(Sat) 5 Sep 1931 (35),Port Vale FC (3),4-2,?,Bristol City FC (3)
?,(Sat) 5 Sep 1931 (35),Bradford City AFC (3),0-2,?,Notts County FC (3)
?,(Sat) 5 Sep 1931 (35),Tottenham Hotspur FC (3),3-3,?,Bradford Park Avenue AFC (3)
?,(Sat) 5 Sep 1931 (35),Manchester United FC (3),2-1,?,Swansea City AFC (3)
?,(Sat) 5 Sep 1931 (35),Leeds United FC (3),0-1,?,Barnsley FC (3)
?,(Sat) 5 Sep 1931 (35),Nottingham Forest FC (2),2-0,?,Wolverhampton Wanderers FC (2)
?,(Mon) 7 Sep 1931 (36),Swansea City AFC (4),2-3,?,Port Vale FC (4)
?,(Mon) 7 Sep 1931 (36),Charlton Athletic FC (3),2-2,?,Bradford Park Avenue AFC (4)
?,(Mon) 7 Sep 1931 (36),Bradford City AFC (4),2-2,?,Wolverhampton Wanderers FC (3)
?,(Mon) 7 Sep 1931 (36),Southampton FC (4),2-1,?,Tottenham Hotspur FC (4)
?,(Mon) 7 Sep 1931 (36),Stoke City FC (4),3-0,?,Manchester United FC (4)
?,(Mon) 7 Sep 1931 (36),Leeds United FC (4),0-1,?,Millwall FC (4)
?,(Mon) 7 Sep 1931 (36),Burnley FC (3),2-2,?,Chesterfield FC (4)
?,(Mon) 7 Sep 1931 (36),Barnsley FC (4),0-1,?,Bury FC (4)
?,(Mon) 7 Sep 1931 (36),Preston North End FC (4),1-1,?,Nottingham Forest FC (3)
?,(Sat) 12 Sep 1931 (36),Wolverhampton Wanderers FC (4),6-0,?,Chesterfield FC (5)
?,(Sat) 12 Sep 1931 (36),Charlton Athletic FC (4),0-1,?,Burnley FC (4)
?,(Sat) 12 Sep 1931 (36),Bristol City FC (4),1-4,?,Millwall FC (5)
?,(Sat) 12 Sep 1931 (36),Southampton FC (5),2-1,?,Bury FC (5)
?,(Sat) 12 Sep 1931 (36),Manchester United FC (5),1-1,?,Tottenham Hotspur FC (5)
?,(Sat) 12 Sep 1931 (36),Barnsley FC (5),2-3,?,Swansea City AFC (5)
?,(Sat) 12 Sep 1931 (36),Notts County FC (4),1-1,?,Leeds United FC (5)
?,(Sat) 12 Sep 1931 (36),Plymouth Argyle FC (4),3-3,?,Bradford City AFC (5)
?,(Sat) 12 Sep 1931 (36),Oldham Athletic AFC (4),3-0,?,Port Vale FC (5)
?,(Sat) 12 Sep 1931 (36),Bradford Park Avenue AFC (5),4-1,?,Nottingham Forest FC (4)
?,(Sat) 12 Sep 1931 (36),Stoke City FC (5),4-1,?,Preston North End FC (5)
?,(Mon) 14 Sep 1931 (37),Millwall FC (6),2-3,?,Leeds United FC (6)
?,(Mon) 14 Sep 1931 (37),Oldham Athletic AFC (5),5-2,?,Notts County FC (5)
?,(Mon) 14 Sep 1931 (37),Wolverhampton Wanderers FC (5),3-1,?,Bradford City AFC (6)
?,(Mon) 14 Sep 1931 (37),Tottenham Hotspur FC (6),5-2,?,Southampton FC (6)
?,(Mon) 14 Sep 1931 (37),Bury FC (6),7-1,?,Barnsley FC (6)
?,(Wed) 16 Sep 1931 (37),Plymouth Argyle FC (5),2-1,?,Bristol City FC (5)
?,(Wed) 16 Sep 1931 (37),Manchester United FC (6),1-1,?,Stoke City FC (6)
?,(Wed) 16 Sep 1931 (37),Nottingham Forest FC (5),2-2,?,Preston North End FC (6)
?,(Wed) 16 Sep 1931 (37),Bradford Park Avenue AFC (6),3-0,?,Charlton Athletic FC (5)
?,(Sat) 19 Sep 1931 (37),Tottenham Hotspur FC (7),4-2,?,Barnsley FC (7)
?,(Sat) 19 Sep 1931 (37),Millwall FC (7),0-0,?,Oldham Athletic AFC (6)
?,(Sat) 19 Sep 1931 (37),Preston North End FC (7),3-2,?,Charlton Athletic FC (6)
?,(Sat) 19 Sep 1931 (37),Chesterfield FC (6),3-2,?,Bradford Park Avenue AFC (7)
?,(Sat) 19 Sep 1931 (37),Swansea City AFC (6),5-1,?,Notts County FC (6)
?,(Sat) 19 Sep 1931 (37),Port Vale FC (6),1-1,?,Bury FC (7)
?,(Sat) 19 Sep 1931 (37),Burnley FC (5),1-3,?,Wolverhampton Wanderers FC (6)
?,(Sat) 19 Sep 1931 (37),Leeds United FC (7),0-0,?,Plymouth Argyle FC (6)
?,(Sat) 19 Sep 1931 (37),Nottingham Forest FC (6),2-1,?,Manchester United FC (7)
?,(Sat) 19 Sep 1931 (37),Bradford City AFC (7),3-0,?,Bristol City FC (6)
?,(Sat) 19 Sep 1931 (37),Southampton FC (7),1-2,?,Stoke City FC (7)
?,(Mon) 21 Sep 1931 (38),Port Vale FC (7),0-4,?,Swansea City AFC (7)
?,(Wed) 23 Sep 1931 (38),Notts County FC (7),1-0,?,Oldham Athletic AFC (7)
?,(Wed) 23 Sep 1931 (38),Bristol City FC (7),0-2,?,Plymouth Argyle FC (7)
?,(Sat) 26 Sep 1931 (38),Notts County FC (8),2-3,?,Barnsley FC (8)
?,(Sat) 26 Sep 1931 (38),Charlton Athletic FC (7),2-3,?,Southampton FC (8)
?,(Sat) 26 Sep 1931 (38),Tottenham Hotspur FC (8),1-3,?,Nottingham Forest FC (7)
?,(Sat) 26 Sep 1931 (38),Wolverhampton Wanderers FC (7),3-2,?,Preston North End FC (8)
?,(Sat) 26 Sep 1931 (38),Bury FC (8),2-0,?,Millwall FC (8)
?,(Sat) 26 Sep 1931 (38),Plymouth Argyle FC (8),4-2,?,Swansea City AFC (8)
?,(Sat) 26 Sep 1931 (38),Manchester United FC (8),3-1,?,Chesterfield FC (7)
?,(Sat) 26 Sep 1931 (38),Stoke City FC (8),4-0,?,Port Vale FC (8)
?,(Sat) 26 Sep 1931 (38),Bradford Park Avenue AFC (8),2-0,?,Burnley FC (6)
?,(Sat) 26 Sep 1931 (38),Bristol City FC (8),0-2,?,Leeds United FC (8)
?,(Sat) 26 Sep 1931 (38),Oldham Athletic AFC (8),1-1,?,Bradford City AFC (8)
?,(Thu) 1 Oct 1931 (39),Nottingham Forest FC (8),1-2,?,Burnley FC (7)
?,(Sat) 3 Oct 1931 (39),Nottingham Forest FC (9),2-1,?,Notts County FC (9)
?,(Sat) 3 Oct 1931 (39),Chesterfield FC (8),4-2,?,Tottenham Hotspur FC (9)
?,(Sat) 3 Oct 1931 (39),Preston North End FC (9),1-0,?,Bradford Park Avenue AFC (9)
?,(Sat) 3 Oct 1931 (39),Southampton FC (9),1-3,?,Wolverhampton Wanderers FC (8)
?,(Sat) 3 Oct 1931 (39),Barnsley FC (9),0-0,?,Plymouth Argyle FC (9)
?,(Sat) 3 Oct 1931 (39),Leeds United FC (9),5-0,?,Oldham Athletic AFC (9)
?,(Sat) 3 Oct 1931 (39),Burnley FC (8),2-0,?,Manchester United FC (9)
?,(Sat) 3 Oct 1931 (39),Bradford City AFC (9),1-3,?,Bury FC (9)
?,(Sat) 3 Oct 1931 (39),Stoke City FC (9),4-0,?,Charlton Athletic FC (8)
?,(Sat) 3 Oct 1931 (39),Swansea City AFC (9),2-0,?,Bristol City FC (9)
?,(Sat) 3 Oct 1931 (39),Millwall FC (9),2-2,?,Port Vale FC (9)
?,(Sat) 10 Oct 1931 (40),Bury FC (10),1-4,?,Leeds United FC (10)
?,(Sat) 10 Oct 1931 (40),Port Vale FC (10),2-0,?,Bradford City AFC (10)
?,(Sat) 10 Oct 1931 (40),Plymouth Argyle FC (10),3-4,?,Notts County FC (10)
?,(Sat) 10 Oct 1931 (40),Wolverhampton Wanderers FC (9),0-1,?,Stoke City FC (10)
?,(Sat) 10 Oct 1931 (40),Tottenham Hotspur FC (10),1-1,?,Burnley FC (9)
?,(Sat) 10 Oct 1931 (40),Bradford Park Avenue AFC (10),2-1,?,Southampton FC (10)
?,(Sat) 10 Oct 1931 (40),Nottingham Forest FC (10),4-0,?,Chesterfield FC (9)
?,(Sat) 10 Oct 1931 (40),Manchester United FC (10),3-2,?,Preston North End FC (10)
?,(Sat) 10 Oct 1931 (40),Bristol City FC (10),4-0,?,Barnsley FC (10)
?,(Sat) 10 Oct 1931 (40),Charlton Athletic FC (9),1-3,?,Millwall FC (10)
?,(Sat) 10 Oct 1931 (40),Oldham Athletic AFC (10),2-0,?,Swansea City AFC (10)
?,(Sat) 17 Oct 1931 (41),Oldham Athletic AFC (11),3-1,?,Burnley FC (10)
?,(Sat) 17 Oct 1931 (41),Bradford City AFC (11),1-1,?,Charlton Athletic FC (10)
?,(Sat) 17 Oct 1931 (41),Bristol City FC (11),1-1,?,Chesterfield FC (10)
?,(Sat) 17 Oct 1931 (41),Millwall FC (11),1-0,?,Stoke City FC (11)
?,(Sat) 17 Oct 1931 (41),Notts County FC (11),3-1,?,Tottenham Hotspur FC (11)
?,(Sat) 17 Oct 1931 (41),Port Vale FC (11),0-0,?,Southampton FC (11)
?,(Sat) 17 Oct 1931 (41),Barnsley FC (11),0-0,?,Manchester United FC (11)
?,(Sat) 17 Oct 1931 (41),Swansea City AFC (11),1-0,?,Bradford Park Avenue AFC (11)
?,(Sat) 17 Oct 1931 (41),Bury FC (11),4-1,?,Preston North End FC (11)
?,(Sat) 17 Oct 1931 (41),Leeds United FC (11),2-1,?,Wolverhampton Wanderers FC (10)
?,(Sat) 17 Oct 1931 (41),Plymouth Argyle FC (11),5-1,?,Nottingham Forest FC (11)
?,(Sat) 24 Oct 1931 (42),Bradford Park Avenue AFC (12),1-0,?,Barnsley FC (12)
?,(Sat) 24 Oct 1931 (42),Manchester United FC (12),3-3,?,Notts County FC (12)
?,(Sat) 24 Oct 1931 (42),Charlton Athletic FC (11),0-1,?,Leeds United FC (12)
?,(Sat) 24 Oct 1931 (42),Preston North End FC (12),1-4,?,Port Vale FC (12)
?,(Sat) 24 Oct 1931 (42),Stoke City FC (12),3-1,?,Bradford City AFC (12)
?,(Sat) 24 Oct 1931 (42),Tottenham Hotspur FC (12),0-1,?,Plymouth Argyle FC (12)
?,(Sat) 24 Oct 1931 (42),Wolverhampton Wanderers FC (11),2-0,?,Swansea City AFC (12)
?,(Sat) 24 Oct 1931 (42),Burnley FC (11),2-2,?,Bury FC (12)
?,(Sat) 24 Oct 1931 (42),Chesterfield FC (11),0-2,?,Oldham Athletic AFC (12)
?,(Sat) 24 Oct 1931 (42),Southampton FC (12),3-1,?,Millwall FC (12)
?,(Sat) 24 Oct 1931 (42),Nottingham Forest FC (12),3-1,?,Bristol City FC (12)
?,(Sat) 31 Oct 1931 (43),Leeds United FC (13),2-0,?,Stoke City FC (13)
?,(Sat) 31 Oct 1931 (43),Bristol City FC (13),1-1,?,Tottenham Hotspur FC (13)
?,(Sat) 31 Oct 1931 (43),Millwall FC (13),4-1,?,Preston North End FC (13)
?,(Sat) 31 Oct 1931 (43),Bradford City AFC (13),5-2,?,Southampton FC (13)
?,(Sat) 31 Oct 1931 (43),Barnsley FC (13),2-2,?,Wolverhampton Wanderers FC (12)
?,(Sat) 31 Oct 1931 (43),Oldham Athletic AFC (13),2-4,?,Nottingham Forest FC (13)
?,(Sat) 31 Oct 1931 (43),Notts County FC (13),0-2,?,Bradford Park Avenue AFC (13)
?,(Sat) 31 Oct 1931 (43),Swansea City AFC (13),2-0,?,Charlton Athletic FC (12)
?,(Sat) 31 Oct 1931 (43),Bury FC (13),0-1,?,Chesterfield FC (12)
?,(Sat) 31 Oct 1931 (43),Port Vale FC (13),1-3,?,Burnley FC (12)
?,(Sat) 31 Oct 1931 (43),Plymouth Argyle FC (13),3-1,?,Manchester United FC (13)
?,(Sat) 7 Nov 1931 (44),Charlton Athletic FC (13),2-1,?,Port Vale FC (14)
?,(Sat) 7 Nov 1931 (44),Chesterfield FC (13),1-4,?,Notts County FC (14)
?,(Sat) 7 Nov 1931 (44),Wolverhampton Wanderers FC (13),5-0,?,Millwall FC (14)
?,(Sat) 7 Nov 1931 (44),Preston North End FC (14),1-1,?,Bristol City FC (14)
?,(Sat) 7 Nov 1931 (44),Tottenham Hotspur FC (14),6-2,?,Swansea City AFC (14)
?,(Sat) 7 Nov 1931 (44),Bradford Park Avenue AFC (14),1-0,?,Bradford City AFC (14)
?,(Sat) 7 Nov 1931 (44),Southampton FC (14),1-1,?,Oldham Athletic AFC (14)
?,(Sat) 7 Nov 1931 (44),Burnley FC (13),1-1,?,Plymouth Argyle FC (14)
?,(Sat) 7 Nov 1931 (44),Manchester United FC (14),2-5,?,Leeds United FC (14)
?,(Sat) 7 Nov 1931 (44),Nottingham Forest FC (14),1-2,?,Barnsley FC (14)
?,(Sat) 7 Nov 1931 (44),Stoke City FC (14),3-2,?,Bury FC (14)
?,(Sat) 14 Nov 1931 (45),Notts County FC (15),2-2,?,Charlton Athletic FC (14)
?,(Sat) 14 Nov 1931 (45),Barnsley FC (15),1-0,?,Stoke City FC (15)
?,(Sat) 14 Nov 1931 (45),Port Vale FC (15),2-0,?,Nottingham Forest FC (15)
?,(Sat) 14 Nov 1931 (45),Bury FC (15),1-1,?,Tottenham Hotspur FC (15)
?,(Sat) 14 Nov 1931 (45),Plymouth Argyle FC (15),3-3,?,Wolverhampton Wanderers FC (14)
?,(Sat) 14 Nov 1931 (45),Bradford City AFC (15),1-2,?,Burnley FC (14)
?,(Sat) 14 Nov 1931 (45),Oldham Athletic AFC (15),1-5,?,Manchester United FC (15)
?,(Sat) 14 Nov 1931 (45),Leeds United FC (15),4-1,?,Preston North End FC (15)
?,(Sat) 14 Nov 1931 (45),Bristol City FC (15),0-0,?,Bradford Park Avenue AFC (15)
?,(Sat) 14 Nov 1931 (45),Millwall FC (15),5-0,?,Chesterfield FC (14)
?,(Sat) 14 Nov 1931 (45),Swansea City AFC (15),3-4,?,Southampton FC (15)
?,(Sat) 21 Nov 1931 (46),Chesterfield FC (15),2-2,?,Bradford City AFC (16)
?,(Sat) 21 Nov 1931 (46),Bradford Park Avenue AFC (16),5-0,?,Oldham Athletic AFC (16)
?,(Sat) 21 Nov 1931 (46),Tottenham Hotspur FC (16),9-3,?,Port Vale FC (16)
?,(Sat) 21 Nov 1931 (46),Wolverhampton Wanderers FC (15),4-2,?,Bristol City FC (16)
?,(Sat) 21 Nov 1931 (46),Charlton Athletic FC (15),2-0,?,Plymouth Argyle FC (16)
?,(Sat) 21 Nov 1931 (46),Stoke City FC (16),2-2,?,Notts County FC (16)
?,(Sat) 21 Nov 1931 (46),Nottingham Forest FC (16),1-1,?,Millwall FC (16)
?,(Sat) 21 Nov 1931 (46),Burnley FC (15),0-5,?,Leeds United FC (16)
?,(Sat) 21 Nov 1931 (46),Preston North End FC (16),1-0,?,Swansea City AFC (16)
?,(Sat) 21 Nov 1931 (46),Southampton FC (16),2-0,?,Barnsley FC (16)
?,(Sat) 21 Nov 1931 (46),Manchester United FC (16),1-2,?,Bury FC (16)
?,(Sat) 28 Nov 1931 (47),Plymouth Argyle FC (17),1-1,?,Stoke City FC (17)
?,(Sat) 28 Nov 1931 (47),Leeds United FC (17),3-3,?,Chesterfield FC (16)
?,(Sat) 28 Nov 1931 (47),Bradford City AFC (17),2-2,?,Nottingham Forest FC (17)
?,(Sat) 28 Nov 1931 (47),Millwall FC (17),1-2,?,Tottenham Hotspur FC (17)
?,(Sat) 28 Nov 1931 (47),Oldham Athletic AFC (17),0-2,?,Wolverhampton Wanderers FC (16)
?,(Sat) 28 Nov 1931 (47),Bury FC (17),4-2,?,Bradford Park Avenue AFC (17)
?,(Sat) 28 Nov 1931 (47),Swansea City AFC (17),5-1,?,Burnley FC (16)
?,(Sat) 28 Nov 1931 (47),Barnsley FC (17),4-2,?,Preston North End FC (17)
?,(Sat) 28 Nov 1931 (47),Notts County FC (17),5-0,?,Southampton FC (17)
?,(Sat) 28 Nov 1931 (47),Port Vale FC (17),1-2,?,Manchester United FC (17)
?,(Sat) 28 Nov 1931 (47),Bristol City FC (17),1-2,?,Charlton Athletic FC (16)
?,(Sat) 5 Dec 1931 (48),Stoke City FC (18),1-1,?,Bristol City FC (18)
?,(Sat) 5 Dec 1931 (48),Nottingham Forest FC (18),3-3,?,Leeds United FC (18)
?,(Sat) 5 Dec 1931 (48),Charlton Athletic FC (17),2-2,?,Oldham Athletic AFC (18)
?,(Sat) 5 Dec 1931 (48),Chesterfield FC (17),1-2,?,Swansea City AFC (18)
?,(Sat) 5 Dec 1931 (48),Southampton FC (18),0-6,?,Plymouth Argyle FC (18)
?,(Sat) 5 Dec 1931 (48),Tottenham Hotspur FC (18),1-5,?,Bradford City AFC (18)
?,(Sat) 5 Dec 1931 (48),Burnley FC (17),5-3,?,Barnsley FC (18)
?,(Sat) 5 Dec 1931 (48),Bradford Park Avenue AFC (18),2-2,?,Port Vale FC (18)
?,(Sat) 5 Dec 1931 (48),Manchester United FC (18),2-0,?,Millwall FC (18)
?,(Sat) 5 Dec 1931 (48),Wolverhampton Wanderers FC (17),6-0,?,Bury FC (18)
?,(Sat) 5 Dec 1931 (48),Preston North End FC (18),0-0,?,Notts County FC (18)
?,(Sat) 12 Dec 1931 (49),Plymouth Argyle FC (19),2-1,?,Preston North End FC (19)
?,(Sat) 12 Dec 1931 (49),Bristol City FC (19),0-1,?,Southampton FC (19)
?,(Sat) 12 Dec 1931 (49),Bradford City AFC (19),4-3,?,Manchester United FC (19)
?,(Sat) 12 Dec 1931 (49),Barnsley FC (19),3-1,?,Chesterfield FC (18)
?,(Sat) 12 Dec 1931 (49),Notts County FC (19),5-0,?,Burnley FC (18)
?,(Sat) 12 Dec 1931 (49),Millwall FC (19),3-0,?,Bradford Park Avenue AFC (19)
?,(Sat) 12 Dec 1931 (49),Leeds United FC (19),1-0,?,Tottenham Hotspur FC (19)
?,(Sat) 12 Dec 1931 (49),Port Vale FC (19),1-7,?,Wolverhampton Wanderers FC (18)
?,(Sat) 12 Dec 1931 (49),Swansea City AFC (19),4-1,?,Nottingham Forest FC (19)
?,(Sat) 12 Dec 1931 (49),Oldham Athletic AFC (19),1-3,?,Stoke City FC (19)
?,(Sat) 12 Dec 1931 (49),Bury FC (19),6-0,?,Charlton Athletic FC (18)
?,(Sat) 19 Dec 1931 (50),Preston North End FC (20),5-2,?,Bradford City AFC (20)
?,(Sat) 19 Dec 1931 (50),Southampton FC (20),2-1,?,Leeds United FC (20)
?,(Sat) 19 Dec 1931 (50),Burnley FC (19),1-1,?,Millwall FC (20)
?,(Sat) 19 Dec 1931 (50),Tottenham Hotspur FC (20),3-2,?,Oldham Athletic AFC (20)
?,(Sat) 19 Dec 1931 (50),Bradford Park Avenue AFC (20),2-0,?,Plymouth Argyle FC (20)
?,(Sat) 19 Dec 1931 (50),Wolverhampton Wanderers FC (19),0-0,?,Notts County FC (20)
?,(Sat) 19 Dec 1931 (50),Manchester United FC (20),0-1,?,Bristol City FC (20)
?,(Sat) 19 Dec 1931 (50),Chesterfield FC (19),4-0,?,Port Vale FC (20)
?,(Sat) 19 Dec 1931 (50),Stoke City FC (20),0-0,?,Swansea City AFC (20)
?,(Sat) 19 Dec 1931 (50),Nottingham Forest FC (20),0-2,?,Bury FC (20)
?,(Fri) 25 Dec 1931 (51),Chesterfield FC (20),1-0,?,Southampton FC (21)
?,(Fri) 25 Dec 1931 (51),Tottenham Hotspur FC (21),0-1,?,Charlton Athletic FC (19)
?,(Fri) 25 Dec 1931 (51),Bradford Park Avenue AFC (21),3-0,?,Leeds United FC (21)
?,(Fri) 25 Dec 1931 (51),Millwall FC (21),2-0,?,Barnsley FC (20)
?,(Fri) 25 Dec 1931 (51),Manchester United FC (21),3-2,?,Wolverhampton Wanderers FC (20)
?,(Fri) 25 Dec 1931 (51),Burnley FC (20),2-2,?,Preston North End FC (21)
?,(Fri) 25 Dec 1931 (51),Notts County FC (21),4-2,?,Port Vale FC (21)
?,(Fri) 25 Dec 1931 (51),Bristol City FC (21),1-1,?,Oldham Athletic AFC (21)
?,(Fri) 25 Dec 1931 (51),Swansea City AFC (21),0-1,?,Bradford City AFC (21)
?,(Fri) 25 Dec 1931 (51),Stoke City FC (21),2-1,?,Nottingham Forest FC (21)
?,(Sat) 26 Dec 1931 (51),Oldham Athletic AFC (22),2-1,?,Bristol City FC (22)
?,(Sat) 26 Dec 1931 (51),Wolverhampton Wanderers FC (21),7-0,?,Manchester United FC (22)
?,(Sat) 26 Dec 1931 (51),Preston North End FC (22),2-1,?,Burnley FC (21)
?,(Sat) 26 Dec 1931 (51),Port Vale FC (22),2-0,?,Notts County FC (22)
?,(Sat) 26 Dec 1931 (51),Charlton Athletic FC (20),2-5,?,Tottenham Hotspur FC (22)
?,(Sat) 26 Dec 1931 (51),Nottingham Forest FC (22),1-1,?,Stoke City FC (22)
?,(Sat) 26 Dec 1931 (51),Leeds United FC (22),3-2,?,Bradford Park Avenue AFC (22)
?,(Sat) 26 Dec 1931 (51),Plymouth Argyle FC (21),5-1,?,Bury FC (21)
?,(Sat) 26 Dec 1931 (51),Bradford City AFC (22),5-1,?,Swansea City AFC (22)
?,(Sat) 26 Dec 1931 (51),Southampton FC (22),1-2,?,Chesterfield FC (21)
?,(Sat) 26 Dec 1931 (51),Barnsley FC (21),2-1,?,Millwall FC (22)
?,(Mon) 28 Dec 1931 (52),Wolverhampton Wanderers FC (22),3-1,?,Charlton Athletic FC (21)
?,(Fri) 1 Jan 1932 (0),Bury FC (22),2-2,?,Plymouth Argyle FC (22)
?,(Fri) 1 Jan 1932 (0),Chesterfield FC (22),5-1,?,Burnley FC (22)
?,(Sat) 2 Jan 1932 (0),Leeds United FC (23),3-2,?,Swansea City AFC (23)
?,(Sat) 2 Jan 1932 (0),Bradford City AFC (23),9-1,?,Barnsley FC (22)
?,(Sat) 2 Jan 1932 (0),Bury FC (23),2-1,?,Bristol City FC (23)
?,(Sat) 2 Jan 1932 (0),Nottingham Forest FC (23),3-2,?,Charlton Athletic FC (22)
?,(Sat) 2 Jan 1932 (0),Burnley FC (23),1-3,?,Southampton FC (23)
?,(Sat) 2 Jan 1932 (0),Port Vale FC (23),2-0,?,Plymouth Argyle FC (23)
?,(Sat) 2 Jan 1932 (0),Chesterfield FC (23),1-3,?,Stoke City FC (23)
?,(Sat) 2 Jan 1932 (0),Tottenham Hotspur FC (23),3-3,?,Wolverhampton Wanderers FC (23)
?,(Sat) 2 Jan 1932 (0),Preston North End FC (23),2-3,?,Oldham Athletic AFC (23)
?,(Sat) 2 Jan 1932 (0),Manchester United FC (23),0-2,?,Bradford Park Avenue AFC (23)
?,(Sat) 2 Jan 1932 (0),Millwall FC (23),4-3,?,Notts County FC (23)
?,(Sat) 16 Jan 1932 (2),Oldham Athletic AFC (24),1-2,?,Bury FC (24)
?,(Sat) 16 Jan 1932 (2),Notts County FC (24),1-1,?,Bradford City AFC (24)
?,(Sat) 16 Jan 1932 (2),Bradford Park Avenue AFC (24),2-1,?,Tottenham Hotspur FC (24)
?,(Sat) 16 Jan 1932 (2),Charlton Athletic FC (23),0-0,?,Chesterfield FC (24)
?,(Sat) 16 Jan 1932 (2),Wolverhampton Wanderers FC (24),0-0,?,Nottingham Forest FC (24)
?,(Sat) 16 Jan 1932 (2),Swansea City AFC (24),3-1,?,Manchester United FC (24)
?,(Sat) 16 Jan 1932 (2),Southampton FC (24),3-3,?,Preston North End FC (24)
?,(Sat) 16 Jan 1932 (2),Bristol City FC (24),0-2,?,Port Vale FC (24)
?,(Sat) 16 Jan 1932 (2),Barnsley FC (23),0-2,?,Leeds United FC (24)
?,(Sat) 16 Jan 1932 (2),Stoke City FC (24),3-0,?,Burnley FC (24)
?,(Sat) 16 Jan 1932 (2),Plymouth Argyle FC (24),8-1,?,Millwall FC (24)
?,(Sat) 23 Jan 1932 (3),Swansea City AFC (25),3-0,?,Barnsley FC (24)
?,(Sat) 23 Jan 1932 (3),Burnley FC (25),0-1,?,Charlton Athletic FC (24)
?,(Sat) 23 Jan 1932 (3),Leeds United FC (25),2-2,?,Notts County FC (25)
?,(Sat) 23 Jan 1932 (3),Tottenham Hotspur FC (25),4-1,?,Manchester United FC (25)
?,(Mon) 25 Jan 1932 (4),Port Vale FC (25),1-1,?,Oldham Athletic AFC (25)
?,(Mon) 25 Jan 1932 (4),Millwall FC (25),1-0,?,Bristol City FC (25)
?,(Wed) 27 Jan 1932 (4),Nottingham Forest FC (25),6-1,?,Bradford Park Avenue AFC (25)
?,(Wed) 27 Jan 1932 (4),Bradford City AFC (25),3-3,?,Plymouth Argyle FC (25)
?,(Wed) 27 Jan 1932 (4),Chesterfield FC (25),1-2,?,Wolverhampton Wanderers FC (25)
?,(Sat) 30 Jan 1932 (4),Plymouth Argyle FC (26),3-2,?,Leeds United FC (26)
?,(Sat) 30 Jan 1932 (4),Manchester United FC (26),3-2,?,Nottingham Forest FC (26)
?,(Sat) 30 Jan 1932 (4),Barnsley FC (25),3-2,?,Tottenham Hotspur FC (26)
?,(Sat) 30 Jan 1932 (4),Bury FC (25),2-0,?,Port Vale FC (26)
?,(Sat) 30 Jan 1932 (4),Oldham Athletic AFC (26),1-1,?,Millwall FC (26)
?,(Sat) 30 Jan 1932 (4),Notts County FC (26),1-2,?,Swansea City AFC (26)
?,(Sat) 30 Jan 1932 (4),Wolverhampton Wanderers FC (26),3-1,?,Burnley FC (26)
?,(Sat) 30 Jan 1932 (4),Bradford Park Avenue AFC (26),1-0,?,Chesterfield FC (26)
?,(Sat) 30 Jan 1932 (4),Stoke City FC (25),2-0,?,Southampton FC (25)
?,(Sat) 30 Jan 1932 (4),Charlton Athletic FC (25),2-1,?,Preston North End FC (25)
?,(Sat) 30 Jan 1932 (4),Bristol City FC (26),0-1,?,Bradford City AFC (26)
?,(Wed) 3 Feb 1932 (5),Bury FC (26),3-0,?,Southampton FC (26)
?,(Sat) 6 Feb 1932 (5),Nottingham Forest FC (27),1-3,?,Tottenham Hotspur FC (27)
?,(Sat) 6 Feb 1932 (5),Port Vale FC (27),3-0,?,Stoke City FC (26)
?,(Sat) 6 Feb 1932 (5),Bradford City AFC (27),2-0,?,Oldham Athletic AFC (27)
?,(Sat) 6 Feb 1932 (5),Preston North End FC (26),4-2,?,Wolverhampton Wanderers FC (27)
?,(Sat) 6 Feb 1932 (5),Chesterfield FC (27),1-3,?,Manchester United FC (27)
?,(Sat) 6 Feb 1932 (5),Swansea City AFC (27),4-1,?,Plymouth Argyle FC (27)
?,(Sat) 6 Feb 1932 (5),Southampton FC (27),1-1,?,Charlton Athletic FC (26)
?,(Sat) 6 Feb 1932 (5),Millwall FC (27),2-1,?,Bury FC (27)
?,(Sat) 6 Feb 1932 (5),Leeds United FC (27),1-0,?,Bristol City FC (27)
?,(Sat) 6 Feb 1932 (5),Burnley FC (27),3-2,?,Bradford Park Avenue AFC (27)
?,(Sat) 6 Feb 1932 (5),Barnsley FC (26),1-1,?,Notts County FC (27)
?,(Sat) 13 Feb 1932 (6),Notts County FC (28),2-6,?,Nottingham Forest FC (28)
?,(Sat) 13 Feb 1932 (6),Wolverhampton Wanderers FC (28),5-1,?,Southampton FC (28)
?,(Sat) 13 Feb 1932 (6),Port Vale FC (28),2-2,?,Millwall FC (28)
?,(Sat) 13 Feb 1932 (6),Bristol City FC (28),1-1,?,Swansea City AFC (28)
?,(Sat) 13 Feb 1932 (6),Tottenham Hotspur FC (28),3-3,?,Chesterfield FC (28)
?,(Sat) 13 Feb 1932 (6),Oldham Athletic AFC (28),2-1,?,Leeds United FC (28)
?,(Sat) 13 Feb 1932 (6),Plymouth Argyle FC (28),3-0,?,Barnsley FC (27)
?,(Mon) 15 Feb 1932 (7),Charlton Athletic FC (27),1-1,?,Stoke City FC (27)
?,(Wed) 17 Feb 1932 (7),Bradford Park Avenue AFC (28),1-5,?,Preston North End FC (27)
?,(Wed) 17 Feb 1932 (7),Bury FC (28),0-2,?,Bradford City AFC (28)
?,(Wed) 17 Feb 1932 (7),Manchester United FC (28),5-1,?,Burnley FC (28)
?,(Sat) 20 Feb 1932 (7),Notts County FC (29),3-0,?,Plymouth Argyle FC (29)
?,(Sat) 20 Feb 1932 (7),Southampton FC (29),0-3,?,Bradford Park Avenue AFC (29)
?,(Sat) 20 Feb 1932 (7),Stoke City FC (28),2-1,?,Wolverhampton Wanderers FC (29)
?,(Sat) 20 Feb 1932 (7),Leeds United FC (29),1-0,?,Bury FC (29)
?,(Sat) 20 Feb 1932 (7),Burnley FC (29),2-0,?,Tottenham Hotspur FC (29)
?,(Sat) 20 Feb 1932 (7),Preston North End FC (28),0-0,?,Manchester United FC (29)
?,(Sat) 20 Feb 1932 (7),Chesterfield FC (29),1-0,?,Nottingham Forest FC (29)
?,(Sat) 20 Feb 1932 (7),Barnsley FC (28),1-1,?,Bristol City FC (29)
?,(Sat) 20 Feb 1932 (7),Millwall FC (29),1-0,?,Charlton Athletic FC (28)
?,(Sat) 20 Feb 1932 (7),Bradford City AFC (29),4-0,?,Port Vale FC (29)
?,(Sat) 20 Feb 1932 (7),Swansea City AFC (29),1-0,?,Oldham Athletic AFC (29)
?,(Thu) 25 Feb 1932 (8),Preston North End FC (29),2-0,?,Stoke City FC (29)
?,(Sat) 27 Feb 1932 (8),Tottenham Hotspur FC (30),2-0,?,Notts County FC (30)
?,(Sat) 27 Feb 1932 (8),Wolverhampton Wanderers FC (30),1-1,?,Leeds United FC (30)
?,(Sat) 27 Feb 1932 (8),Southampton FC (30),5-1,?,Port Vale FC (30)
?,(Sat) 27 Feb 1932 (8),Nottingham Forest FC (30),3-2,?,Plymouth Argyle FC (30)
?,(Sat) 27 Feb 1932 (8),Burnley FC (30),1-4,?,Oldham Athletic AFC (30)
?,(Sat) 27 Feb 1932 (8),Stoke City FC (30),0-0,?,Millwall FC (30)
?,(Sat) 27 Feb 1932 (8),Manchester United FC (30),3-0,?,Barnsley FC (29)
?,(Sat) 27 Feb 1932 (8),Bradford Park Avenue AFC (30),2-1,?,Swansea City AFC (30)
?,(Sat) 27 Feb 1932 (8),Charlton Athletic FC (29),1-0,?,Bradford City AFC (30)
?,(Sat) 27 Feb 1932 (8),Chesterfield FC (30),3-1,?,Bristol City FC (30)
?,(Mon) 29 Feb 1932 (9),Preston North End FC (30),0-2,?,Bury FC (30)
?,(Sat) 5 Mar 1932 (9),Barnsley FC (30),2-2,?,Bradford Park Avenue AFC (31)
?,(Sat) 5 Mar 1932 (9),Port Vale FC (31),0-1,?,Preston North End FC (31)
?,(Sat) 5 Mar 1932 (9),Bristol City FC (31),1-1,?,Nottingham Forest FC (31)
?,(Sat) 5 Mar 1932 (9),Notts County FC (31),1-2,?,Manchester United FC (31)
?,(Sat) 5 Mar 1932 (9),Bury FC (31),1-0,?,Burnley FC (31)
?,(Sat) 5 Mar 1932 (9),Leeds United FC (31),2-0,?,Charlton Athletic FC (30)
?,(Sat) 5 Mar 1932 (9),Bradford City AFC (31),2-2,?,Stoke City FC (31)
?,(Sat) 5 Mar 1932 (9),Plymouth Argyle FC (31),4-1,?,Tottenham Hotspur FC (31)
?,(Sat) 5 Mar 1932 (9),Millwall FC (31),0-1,?,Southampton FC (31)
?,(Sat) 5 Mar 1932 (9),Oldham Athletic AFC (31),6-1,?,Chesterfield FC (31)
?,(Sat) 5 Mar 1932 (9),Swansea City AFC (31),1-1,?,Wolverhampton Wanderers FC (31)
?,(Mon) 7 Mar 1932 (10),Charlton Athletic FC (31),3-1,?,Barnsley FC (31)
?,(Sat) 12 Mar 1932 (10),Tottenham Hotspur FC (32),2-1,?,Bristol City FC (32)
?,(Sat) 12 Mar 1932 (10),Bradford Park Avenue AFC (32),1-1,?,Notts County FC (32)
?,(Sat) 12 Mar 1932 (10),Burnley FC (32),2-2,?,Port Vale FC (32)
?,(Sat) 12 Mar 1932 (10),Chesterfield FC (32),4-1,?,Bury FC (32)
?,(Sat) 12 Mar 1932 (10),Wolverhampton Wanderers FC (32),2-0,?,Barnsley FC (32)
?,(Sat) 12 Mar 1932 (10),Preston North End FC (32),2-0,?,Millwall FC (32)
?,(Sat) 12 Mar 1932 (10),Stoke City FC (32),3-4,?,Leeds United FC (32)
?,(Sat) 12 Mar 1932 (10),Nottingham Forest FC (32),2-0,?,Oldham Athletic AFC (32)
?,(Sat) 12 Mar 1932 (10),Southampton FC (32),0-1,?,Bradford City AFC (32)
?,(Sat) 12 Mar 1932 (10),Charlton Athletic FC (32),3-3,?,Swansea City AFC (32)
?,(Sat) 12 Mar 1932 (10),Manchester United FC (32),2-1,?,Plymouth Argyle FC (32)
?,(Sat) 19 Mar 1932 (11),Leeds United FC (33),1-4,?,Manchester United FC (33)
?,(Sat) 19 Mar 1932 (11),Bury FC (33),0-1,?,Stoke City FC (33)
?,(Sat) 19 Mar 1932 (11),Port Vale FC (33),0-1,?,Charlton Athletic FC (33)
?,(Sat) 19 Mar 1932 (11),Oldham Athletic AFC (33),2-0,?,Southampton FC (33)
?,(Sat) 19 Mar 1932 (11),Bristol City FC (33),4-2,?,Preston North End FC (33)
?,(Sat) 19 Mar 1932 (11),Swansea City AFC (33),1-1,?,Tottenham Hotspur FC (33)
?,(Sat) 19 Mar 1932 (11),Notts County FC (33),1-1,?,Chesterfield FC (33)
?,(Sat) 19 Mar 1932 (11),Bradford City AFC (33),0-0,?,Bradford Park Avenue AFC (33)
?,(Sat) 19 Mar 1932 (11),Barnsley FC (33),3-1,?,Nottingham Forest FC (33)
?,(Sat) 19 Mar 1932 (11),Millwall FC (33),1-2,?,Wolverhampton Wanderers FC (33)
?,(Sat) 19 Mar 1932 (11),Plymouth Argyle FC (33),4-0,?,Burnley FC (33)
?,(Fri) 25 Mar 1932 (12),Bury FC (34),2-1,?,Notts County FC (34)
?,(Fri) 25 Mar 1932 (12),Oldham Athletic AFC (34),1-3,?,Plymouth Argyle FC (34)
?,(Fri) 25 Mar 1932 (12),Nottingham Forest FC (34),2-0,?,Southampton FC (34)
?,(Fri) 25 Mar 1932 (12),Manchester United FC (34),0-2,?,Charlton Athletic FC (34)
?,(Fri) 25 Mar 1932 (12),Preston North End FC (34),2-2,?,Chesterfield FC (34)
?,(Fri) 25 Mar 1932 (12),Port Vale FC (34),3-0,?,Barnsley FC (34)
?,(Fri) 25 Mar 1932 (12),Burnley FC (34),1-2,?,Bristol City FC (34)
?,(Fri) 25 Mar 1932 (12),Tottenham Hotspur FC (34),3-3,?,Stoke City FC (34)
?,(Fri) 25 Mar 1932 (12),Millwall FC (34),3-1,?,Swansea City AFC (34)
?,(Sat) 26 Mar 1932 (12),Burnley FC (35),1-1,?,Bradford City AFC (34)
?,(Sat) 26 Mar 1932 (12),Manchester United FC (35),5-1,?,Oldham Athletic AFC (35)
?,(Sat) 26 Mar 1932 (12),Bradford Park Avenue AFC (34),2-0,?,Bristol City FC (35)
?,(Sat) 26 Mar 1932 (12),Southampton FC (35),3-0,?,Swansea City AFC (35)
?,(Sat) 26 Mar 1932 (12),Wolverhampton Wanderers FC (34),2-0,?,Plymouth Argyle FC (35)
?,(Sat) 26 Mar 1932 (12),Tottenham Hotspur FC (35),0-0,?,Bury FC (35)
?,(Sat) 26 Mar 1932 (12),Chesterfield FC (35),1-0,?,Millwall FC (35)
?,(Sat) 26 Mar 1932 (12),Charlton Athletic FC (35),3-1,?,Notts County FC (35)
?,(Sat) 26 Mar 1932 (12),Nottingham Forest FC (35),2-1,?,Port Vale FC (35)
?,(Sat) 26 Mar 1932 (12),Preston North End FC (35),0-0,?,Leeds United FC (34)
?,(Sat) 26 Mar 1932 (12),Stoke City FC (35),2-0,?,Barnsley FC (35)
?,(Mon) 28 Mar 1932 (13),Plymouth Argyle FC (36),5-0,?,Oldham Athletic AFC (36)
?,(Mon) 28 Mar 1932 (13),Wolverhampton Wanderers FC (35),6-0,?,Bradford Park Avenue AFC (35)
?,(Mon) 28 Mar 1932 (13),Charlton Athletic FC (36),1-0,?,Manchester United FC (36)
?,(Mon) 28 Mar 1932 (13),Bradford City AFC (35),4-1,?,Leeds United FC (35)
?,(Mon) 28 Mar 1932 (13),Swansea City AFC (36),4-0,?,Millwall FC (36)
?,(Mon) 28 Mar 1932 (13),Bristol City FC (36),1-6,?,Burnley FC (36)
?,(Mon) 28 Mar 1932 (13),Southampton FC (36),4-0,?,Nottingham Forest FC (36)
?,(Mon) 28 Mar 1932 (13),Stoke City FC (36),2-2,?,Tottenham Hotspur FC (36)
?,(Mon) 28 Mar 1932 (13),Barnsley FC (36),3-0,?,Port Vale FC (36)
?,(Mon) 28 Mar 1932 (13),Chesterfield FC (36),3-1,?,Preston North End FC (36)
?,(Mon) 28 Mar 1932 (13),Notts County FC (36),0-1,?,Bury FC (36)
?,(Tue) 29 Mar 1932 (13),Leeds United FC (36),1-1,?,Bradford City AFC (36)
?,(Tue) 29 Mar 1932 (13),Bradford Park Avenue AFC (36),2-1,?,Wolverhampton Wanderers FC (36)
?,(Sat) 2 Apr 1932 (13),Barnsley FC (37),3-3,?,Southampton FC (37)
?,(Sat) 2 Apr 1932 (13),Leeds United FC (37),3-1,?,Burnley FC (37)
?,(Sat) 2 Apr 1932 (13),Plymouth Argyle FC (37),1-1,?,Charlton Athletic FC (37)
?,(Sat) 2 Apr 1932 (13),Notts County FC (37),2-1,?,Stoke City FC (37)
?,(Sat) 2 Apr 1932 (13),Oldham Athletic AFC (37),2-1,?,Bradford Park Avenue AFC (37)
?,(Sat) 2 Apr 1932 (13),Bradford City AFC (37),3-0,?,Chesterfield FC (37)
?,(Sat) 2 Apr 1932 (13),Bury FC (37),0-0,?,Manchester United FC (37)
?,(Sat) 2 Apr 1932 (13),Swansea City AFC (37),0-3,?,Preston North End FC (37)
?,(Sat) 2 Apr 1932 (13),Millwall FC (37),1-0,?,Nottingham Forest FC (37)
?,(Sat) 2 Apr 1932 (13),Bristol City FC (37),0-4,?,Wolverhampton Wanderers FC (37)
?,(Sat) 2 Apr 1932 (13),Port Vale FC (37),1-3,?,Tottenham Hotspur FC (37)
?,(Sat) 9 Apr 1932 (14),Nottingham Forest FC (38),2-1,?,Bradford City AFC (38)
?,(Sat) 9 Apr 1932 (14),Wolverhampton Wanderers FC (38),7-1,?,Oldham Athletic AFC (38)
?,(Sat) 9 Apr 1932 (14),Tottenham Hotspur FC (38),1-0,?,Millwall FC (38)
?,(Sat) 9 Apr 1932 (14),Bradford Park Avenue AFC (38),2-1,?,Bury FC (38)
?,(Sat) 9 Apr 1932 (14),Southampton FC (38),3-1,?,Notts County FC (38)
?,(Sat) 9 Apr 1932 (14),Stoke City FC (38),3-2,?,Plymouth Argyle FC (38)
?,(Sat) 9 Apr 1932 (14),Charlton Athletic FC (38),2-0,?,Bristol City FC (38)
?,(Sat) 9 Apr 1932 (14),Burnley FC (38),4-1,?,Swansea City AFC (38)
?,(Sat) 9 Apr 1932 (14),Manchester United FC (38),2-0,?,Port Vale FC (38)
?,(Sat) 9 Apr 1932 (14),Preston North End FC (38),1-2,?,Barnsley FC (38)
?,(Sat) 9 Apr 1932 (14),Chesterfield FC (38),1-1,?,Leeds United FC (38)
?,(Sat) 16 Apr 1932 (15),Leeds United FC (39),1-1,?,Nottingham Forest FC (39)
?,(Sat) 16 Apr 1932 (15),Millwall FC (39),1-1,?,Manchester United FC (39)
?,(Sat) 16 Apr 1932 (15),Oldham Athletic AFC (39),1-0,?,Charlton Athletic FC (39)
?,(Sat) 16 Apr 1932 (15),Bradford City AFC (39),2-0,?,Tottenham Hotspur FC (39)
?,(Sat) 16 Apr 1932 (15),Plymouth Argyle FC (39),1-2,?,Southampton FC (39)
?,(Sat) 16 Apr 1932 (15),Port Vale FC (39),1-3,?,Bradford Park Avenue AFC (39)
?,(Sat) 16 Apr 1932 (15),Notts County FC (39),1-4,?,Preston North End FC (39)
?,(Sat) 16 Apr 1932 (15),Swansea City AFC (39),1-1,?,Chesterfield FC (39)
?,(Sat) 16 Apr 1932 (15),Bury FC (39),1-0,?,Wolverhampton Wanderers FC (39)
?,(Sat) 16 Apr 1932 (15),Bristol City FC (39),0-0,?,Stoke City FC (39)
?,(Sat) 16 Apr 1932 (15),Barnsley FC (39),0-1,?,Burnley FC (39)
?,(Sat) 23 Apr 1932 (16),Tottenham Hotspur FC (40),3-1,?,Leeds United FC (40)
?,(Sat) 23 Apr 1932 (16),Charlton Athletic FC (40),3-0,?,Bury FC (40)
?,(Sat) 23 Apr 1932 (16),Nottingham Forest FC (40),6-1,?,Swansea City AFC (40)
?,(Sat) 23 Apr 1932 (16),Southampton FC (40),1-1,?,Bristol City FC (40)
?,(Sat) 23 Apr 1932 (16),Bradford Park Avenue AFC (40),1-2,?,Millwall FC (40)
?,(Sat) 23 Apr 1932 (16),Burnley FC (40),1-1,?,Notts County FC (40)
?,(Sat) 23 Apr 1932 (16),Wolverhampton Wanderers FC (40),2-0,?,Port Vale FC (40)
?,(Sat) 23 Apr 1932 (16),Chesterfield FC (40),2-2,?,Barnsley FC (40)
?,(Sat) 23 Apr 1932 (16),Manchester United FC (40),1-0,?,Bradford City AFC (40)
?,(Sat) 23 Apr 1932 (16),Stoke City FC (40),1-1,?,Oldham Athletic AFC (40)
?,(Sat) 23 Apr 1932 (16),Preston North End FC (40),5-2,?,Plymouth Argyle FC (40)
?,(Sat) 30 Apr 1932 (17),Oldham Athletic AFC (41),1-2,?,Tottenham Hotspur FC (41)
?,(Sat) 30 Apr 1932 (17),Swansea City AFC (41),1-1,?,Stoke City FC (41)
?,(Sat) 30 Apr 1932 (17),Bradford City AFC (41),0-1,?,Preston North End FC (41)
?,(Sat) 30 Apr 1932 (17),Plymouth Argyle FC (41),4-1,?,Bradford Park Avenue AFC (41)
?,(Sat) 30 Apr 1932 (17),Port Vale FC (41),2-1,?,Chesterfield FC (41)
?,(Sat) 30 Apr 1932 (17),Barnsley FC (41),1-4,?,Charlton Athletic FC (41)
?,(Sat) 30 Apr 1932 (17),Bristol City FC (41),2-1,?,Manchester United FC (41)
?,(Sat) 30 Apr 1932 (17),Notts County FC (41),3-1,?,Wolverhampton Wanderers FC (41)
?,(Sat) 30 Apr 1932 (17),Millwall FC (41),2-0,?,Burnley FC (41)
?,(Sat) 30 Apr 1932 (17),Leeds United FC (41),1-0,?,Southampton FC (41)
?,(Sat) 30 Apr 1932 (17),Bury FC (41),2-2,?,Nottingham Forest FC (41)
?,(Sat) 7 May 1932 (18),Southampton FC (42),1-1,?,Manchester United FC (42)
?,(Sat) 7 May 1932 (18),Plymouth Argyle FC (42),4-0,?,Chesterfield FC (42)
?,(Sat) 7 May 1932 (18),Swansea City AFC (42),2-0,?,Bury FC (42)
?,(Sat) 7 May 1932 (18),Leeds United FC (42),0-2,?,Port Vale FC (42)
?,(Sat) 7 May 1932 (18),Bradford City AFC (42),0-0,?,Millwall FC (42)
?,(Sat) 7 May 1932 (18),Stoke City FC (42),1-0,?,Bradford Park Avenue AFC (42)
?,(Sat) 7 May 1932 (18),Notts County FC (42),3-0,?,Bristol City FC (42)
?,(Sat) 7 May 1932 (18),Burnley FC (42),1-0,?,Nottingham Forest FC (42)
?,(Sat) 7 May 1932 (18),Oldham Athletic AFC (42),2-2,?,Barnsley FC (42)
?,(Sat) 7 May 1932 (18),Preston North End FC (42),2-0,?,Tottenham Hotspur FC (42)
?,(Sat) 7 May 1932 (18),Charlton Athletic FC (42),3-2,?,Wolverhampton Wanderers FC (42)
