Round,Date,Team 1,FT,HT,Team 2
?,(Sat) 20 Aug 1977 (33),Queens Park Rangers FC (1),1-2,?,Aston Villa FC (1)
?,(Sat) 20 Aug 1977 (33),Coventry City FC (1),3-1,?,Derby County FC (1)
?,(Sat) 20 Aug 1977 (33),Bristol City FC (1),2-3,?,Wolverhampton Wanderers FC (1)
?,(Sat) 20 Aug 1977 (33),Ipswich Town FC (1),1-0,?,Arsenal FC (1)
?,(Sat) 20 Aug 1977 (33),Middlesbrough FC (1),1-1,?,Liverpool FC (1)
?,(Sat) 20 Aug 1977 (33),Newcastle United FC (1),3-2,?,Leeds United FC (1)
?,(Sat) 20 Aug 1977 (33),Manchester City FC (1),0-0,?,Leicester City FC (1)
?,(Sat) 20 Aug 1977 (33),Everton FC (1),1-3,?,Nottingham Forest FC (1)
?,(Sat) 20 Aug 1977 (33),Birmingham City FC (1),1-4,?,Manchester United FC (1)
?,(Sat) 20 Aug 1977 (33),West Ham United FC (1),1-3,?,Norwich City FC (1)
?,(Sat) 20 Aug 1977 (33),West Bromwich Albion FC (1),3-0,?,Chelsea FC (1)
?,(Tue) 23 Aug 1977 (34),Liverpool FC (2),2-0,?,Newcastle United FC (2)
?,(Tue) 23 Aug 1977 (34),Arsenal FC (2),1-0,?,Everton FC (2)
?,(Tue) 23 Aug 1977 (34),Wolverhampton Wanderers FC (2),1-0,?,Queens Park Rangers FC (2)
?,(Tue) 23 Aug 1977 (34),Nottingham Forest FC (2),1-0,?,Bristol City FC (2)
?,(Wed) 24 Aug 1977 (34),Norwich City FC (2),1-1,?,Middlesbrough FC (2)
?,(Wed) 24 Aug 1977 (34),Derby County FC (2),0-0,?,Ipswich Town FC (2)
?,(Wed) 24 Aug 1977 (34),Leeds United FC (2),2-2,?,West Bromwich Albion FC (2)
?,(Wed) 24 Aug 1977 (34),Chelsea FC (2),2-0,?,Birmingham City FC (2)
?,(Wed) 24 Aug 1977 (34),Aston Villa FC (2),1-4,?,Manchester City FC (2)
?,(Wed) 24 Aug 1977 (34),Manchester United FC (2),2-1,?,Coventry City FC (2)
?,(Wed) 24 Aug 1977 (34),Leicester City FC (2),1-0,?,West Ham United FC (2)
?,(Sat) 27 Aug 1977 (34),Liverpool FC (3),3-0,?,West Bromwich Albion FC (3)
?,(Sat) 27 Aug 1977 (34),Middlesbrough FC (3),2-0,?,Newcastle United FC (3)
?,(Sat) 27 Aug 1977 (34),West Ham United FC (3),0-1,?,Manchester City FC (3)
?,(Sat) 27 Aug 1977 (34),Manchester United FC (3),0-0,?,Ipswich Town FC (3)
?,(Sat) 27 Aug 1977 (34),Leeds United FC (3),1-0,?,Birmingham City FC (3)
?,(Sat) 27 Aug 1977 (34),Chelsea FC (3),1-2,?,Coventry City FC (3)
?,(Sat) 27 Aug 1977 (34),Norwich City FC (3),1-1,?,Queens Park Rangers FC (3)
?,(Sat) 27 Aug 1977 (34),Leicester City FC (3),0-0,?,Bristol City FC (3)
?,(Sat) 27 Aug 1977 (34),Wolverhampton Wanderers FC (3),1-1,?,Arsenal FC (3)
?,(Sat) 27 Aug 1977 (34),Nottingham Forest FC (3),3-0,?,Derby County FC (3)
?,(Sat) 27 Aug 1977 (34),Aston Villa FC (3),1-2,?,Everton FC (3)
?,(Sat) 3 Sep 1977 (35),Ipswich Town FC (4),1-0,?,Chelsea FC (4)
?,(Sat) 3 Sep 1977 (35),Coventry City FC (4),2-2,?,Leeds United FC (4)
?,(Sat) 3 Sep 1977 (35),Birmingham City FC (4),0-1,?,Liverpool FC (4)
?,(Sat) 3 Sep 1977 (35),Manchester City FC (4),4-0,?,Norwich City FC (4)
?,(Sat) 3 Sep 1977 (35),Arsenal FC (4),3-0,?,Nottingham Forest FC (4)
?,(Sat) 3 Sep 1977 (35),Bristol City FC (4),1-1,?,Aston Villa FC (4)
?,(Sat) 3 Sep 1977 (35),Everton FC (4),0-0,?,Wolverhampton Wanderers FC (4)
?,(Sat) 3 Sep 1977 (35),Derby County FC (4),0-1,?,Manchester United FC (4)
?,(Sat) 3 Sep 1977 (35),West Bromwich Albion FC (4),2-1,?,Middlesbrough FC (4)
?,(Sat) 3 Sep 1977 (35),Queens Park Rangers FC (4),3-0,?,Leicester City FC (4)
?,(Sat) 3 Sep 1977 (35),Newcastle United FC (4),2-3,?,West Ham United FC (4)
?,(Sat) 10 Sep 1977 (36),Newcastle United FC (5),0-3,?,West Bromwich Albion FC (5)
?,(Sat) 10 Sep 1977 (36),Wolverhampton Wanderers FC (5),2-3,?,Nottingham Forest FC (5)
?,(Sat) 10 Sep 1977 (36),Chelsea FC (5),1-1,?,Derby County FC (5)
?,(Sat) 10 Sep 1977 (36),Middlesbrough FC (5),1-2,?,Birmingham City FC (5)
?,(Sat) 10 Sep 1977 (36),Liverpool FC (5),2-0,?,Coventry City FC (5)
?,(Sat) 10 Sep 1977 (36),Manchester City FC (5),3-1,?,Manchester United FC (5)
?,(Sat) 10 Sep 1977 (36),Norwich City FC (5),1-0,?,Bristol City FC (5)
?,(Sat) 10 Sep 1977 (36),Leicester City FC (5),1-5,?,Everton FC (5)
?,(Sat) 10 Sep 1977 (36),West Ham United FC (5),2-2,?,Queens Park Rangers FC (5)
?,(Sat) 10 Sep 1977 (36),Aston Villa FC (5),1-0,?,Arsenal FC (5)
?,(Sat) 10 Sep 1977 (36),Leeds United FC (5),2-1,?,Ipswich Town FC (5)
?,(Sat) 17 Sep 1977 (37),Bristol City FC (6),3-2,?,West Ham United FC (6)
?,(Sat) 17 Sep 1977 (37),Birmingham City FC (6),3-0,?,Newcastle United FC (6)
?,(Sat) 17 Sep 1977 (37),Everton FC (6),3-0,?,Norwich City FC (6)
?,(Sat) 17 Sep 1977 (37),Ipswich Town FC (6),1-1,?,Liverpool FC (6)
?,(Sat) 17 Sep 1977 (37),Derby County FC (6),2-2,?,Leeds United FC (6)
?,(Sat) 17 Sep 1977 (37),Queens Park Rangers FC (6),1-1,?,Manchester City FC (6)
?,(Sat) 17 Sep 1977 (37),West Bromwich Albion FC (6),2-2,?,Wolverhampton Wanderers FC (6)
?,(Sat) 17 Sep 1977 (37),Manchester United FC (6),0-1,?,Chelsea FC (6)
?,(Sat) 17 Sep 1977 (37),Coventry City FC (6),2-1,?,Middlesbrough FC (6)
?,(Sat) 17 Sep 1977 (37),Arsenal FC (6),2-1,?,Leicester City FC (6)
?,(Sat) 17 Sep 1977 (37),Nottingham Forest FC (6),2-0,?,Aston Villa FC (6)
?,(Fri) 23 Sep 1977 (38),Aston Villa FC (7),2-0,?,Wolverhampton Wanderers FC (7)
?,(Sat) 24 Sep 1977 (38),Queens Park Rangers FC (7),1-1,?,Chelsea FC (7)
?,(Sat) 24 Sep 1977 (38),Middlesbrough FC (7),1-1,?,Ipswich Town FC (7)
?,(Sat) 24 Sep 1977 (38),West Ham United FC (7),1-1,?,Everton FC (7)
?,(Sat) 24 Sep 1977 (38),Norwich City FC (7),1-0,?,Arsenal FC (7)
?,(Sat) 24 Sep 1977 (38),Leeds United FC (7),1-1,?,Manchester United FC (7)
?,(Sat) 24 Sep 1977 (38),Newcastle United FC (7),1-2,?,Coventry City FC (7)
?,(Sat) 24 Sep 1977 (38),West Bromwich Albion FC (7),3-1,?,Birmingham City FC (7)
?,(Sat) 24 Sep 1977 (38),Liverpool FC (7),1-0,?,Derby County FC (7)
?,(Sat) 24 Sep 1977 (38),Leicester City FC (7),0-3,?,Nottingham Forest FC (7)
?,(Sat) 24 Sep 1977 (38),Manchester City FC (7),2-0,?,Bristol City FC (7)
?,(Sat) 1 Oct 1977 (39),Arsenal FC (8),3-0,?,West Ham United FC (8)
?,(Sat) 1 Oct 1977 (39),Nottingham Forest FC (8),1-1,?,Norwich City FC (8)
?,(Sat) 1 Oct 1977 (39),Ipswich Town FC (8),2-1,?,Newcastle United FC (8)
?,(Sat) 1 Oct 1977 (39),Bristol City FC (8),2-2,?,Queens Park Rangers FC (8)
?,(Sat) 1 Oct 1977 (39),Chelsea FC (8),1-2,?,Leeds United FC (8)
?,(Sat) 1 Oct 1977 (39),Aston Villa FC (8),0-1,?,Birmingham City FC (8)
?,(Sat) 1 Oct 1977 (39),Wolverhampton Wanderers FC (8),3-0,?,Leicester City FC (8)
?,(Sat) 1 Oct 1977 (39),Manchester United FC (8),2-0,?,Liverpool FC (8)
?,(Sat) 1 Oct 1977 (39),Everton FC (8),1-1,?,Manchester City FC (8)
?,(Sat) 1 Oct 1977 (39),Derby County FC (8),4-1,?,Middlesbrough FC (8)
?,(Sat) 1 Oct 1977 (39),Coventry City FC (8),1-2,?,West Bromwich Albion FC (8)
?,(Mon) 3 Oct 1977 (40),West Ham United FC (9),0-2,?,Middlesbrough FC (9)
?,(Tue) 4 Oct 1977 (40),Wolverhampton Wanderers FC (9),1-2,?,Derby County FC (9)
?,(Tue) 4 Oct 1977 (40),Nottingham Forest FC (9),4-0,?,Ipswich Town FC (9)
?,(Tue) 4 Oct 1977 (40),Coventry City FC (9),4-2,?,Manchester City FC (9)
?,(Tue) 4 Oct 1977 (40),Birmingham City FC (9),2-1,?,Queens Park Rangers FC (9)
?,(Tue) 4 Oct 1977 (40),Everton FC (9),3-1,?,West Bromwich Albion FC (9)
?,(Tue) 4 Oct 1977 (40),Arsenal FC (9),0-0,?,Liverpool FC (9)
?,(Wed) 5 Oct 1977 (40),Chelsea FC (9),0-0,?,Leicester City FC (9)
?,(Wed) 5 Oct 1977 (40),Norwich City FC (9),2-1,?,Newcastle United FC (9)
?,(Wed) 5 Oct 1977 (40),Leeds United FC (9),1-1,?,Aston Villa FC (9)
?,(Sat) 8 Oct 1977 (40),Queens Park Rangers FC (10),1-5,?,Everton FC (10)
?,(Sat) 8 Oct 1977 (40),Bristol City FC (9),3-2,?,Leeds United FC (10)
?,(Sat) 8 Oct 1977 (40),Leicester City FC (10),0-2,?,Aston Villa FC (10)
?,(Sat) 8 Oct 1977 (40),Norwich City FC (10),2-1,?,Wolverhampton Wanderers FC (10)
?,(Sat) 8 Oct 1977 (40),West Bromwich Albion FC (10),1-0,?,Ipswich Town FC (10)
?,(Sat) 8 Oct 1977 (40),Newcastle United FC (10),1-2,?,Derby County FC (10)
?,(Sat) 8 Oct 1977 (40),Middlesbrough FC (10),2-1,?,Manchester United FC (9)
?,(Sat) 8 Oct 1977 (40),West Ham United FC (10),0-0,?,Nottingham Forest FC (10)
?,(Sat) 8 Oct 1977 (40),Birmingham City FC (10),1-1,?,Coventry City FC (10)
?,(Sat) 8 Oct 1977 (40),Manchester City FC (10),2-1,?,Arsenal FC (10)
?,(Sat) 8 Oct 1977 (40),Liverpool FC (10),2-0,?,Chelsea FC (10)
?,(Sat) 15 Oct 1977 (41),Chelsea FC (11),0-0,?,Middlesbrough FC (11)
?,(Sat) 15 Oct 1977 (41),Wolverhampton Wanderers FC (11),2-2,?,West Ham United FC (11)
?,(Sat) 15 Oct 1977 (41),Leeds United FC (11),1-2,?,Liverpool FC (11)
?,(Sat) 15 Oct 1977 (41),Nottingham Forest FC (11),2-1,?,Manchester City FC (11)
?,(Sat) 15 Oct 1977 (41),Leicester City FC (11),1-2,?,Coventry City FC (11)
?,(Sat) 15 Oct 1977 (41),Everton FC (11),1-0,?,Bristol City FC (10)
?,(Sat) 15 Oct 1977 (41),Aston Villa FC (11),3-0,?,Norwich City FC (11)
?,(Sat) 15 Oct 1977 (41),Derby County FC (11),1-1,?,West Bromwich Albion FC (11)
?,(Sat) 15 Oct 1977 (41),Ipswich Town FC (11),5-2,?,Birmingham City FC (11)
?,(Sat) 15 Oct 1977 (41),Arsenal FC (11),1-0,?,Queens Park Rangers FC (11)
?,(Sat) 15 Oct 1977 (41),Manchester United FC (10),3-2,?,Newcastle United FC (11)
?,(Sat) 22 Oct 1977 (42),Birmingham City FC (12),3-1,?,Derby County FC (12)
?,(Sat) 22 Oct 1977 (42),Bristol City FC (11),0-2,?,Arsenal FC (12)
?,(Sat) 22 Oct 1977 (42),West Ham United FC (12),2-2,?,Aston Villa FC (12)
?,(Sat) 22 Oct 1977 (42),Newcastle United FC (12),1-0,?,Chelsea FC (12)
?,(Sat) 22 Oct 1977 (42),Liverpool FC (12),0-0,?,Everton FC (12)
?,(Sat) 22 Oct 1977 (42),Queens Park Rangers FC (12),0-2,?,Nottingham Forest FC (12)
?,(Sat) 22 Oct 1977 (42),Manchester City FC (12),0-2,?,Wolverhampton Wanderers FC (12)
?,(Sat) 22 Oct 1977 (42),Middlesbrough FC (12),2-1,?,Leeds United FC (12)
?,(Sat) 22 Oct 1977 (42),Coventry City FC (12),1-1,?,Ipswich Town FC (12)
?,(Sat) 22 Oct 1977 (42),Norwich City FC (12),2-0,?,Leicester City FC (12)
?,(Sat) 22 Oct 1977 (42),West Bromwich Albion FC (12),4-0,?,Manchester United FC (11)
?,(Sat) 29 Oct 1977 (43),Nottingham Forest FC (13),4-0,?,Middlesbrough FC (13)
?,(Sat) 29 Oct 1977 (43),Wolverhampton Wanderers FC (13),1-3,?,Coventry City FC (13)
?,(Sat) 29 Oct 1977 (43),Derby County FC (13),2-2,?,Norwich City FC (13)
?,(Sat) 29 Oct 1977 (43),Manchester City FC (13),3-1,?,Liverpool FC (13)
?,(Sat) 29 Oct 1977 (43),Aston Villa FC (13),2-1,?,Manchester United FC (12)
?,(Sat) 29 Oct 1977 (43),Leicester City FC (13),0-0,?,Leeds United FC (13)
?,(Sat) 29 Oct 1977 (43),Queens Park Rangers FC (13),2-1,?,West Bromwich Albion FC (13)
?,(Sat) 29 Oct 1977 (43),Chelsea FC (13),1-0,?,Bristol City FC (12)
?,(Sat) 29 Oct 1977 (43),Everton FC (13),4-4,?,Newcastle United FC (13)
?,(Sat) 29 Oct 1977 (43),Arsenal FC (13),1-1,?,Birmingham City FC (13)
?,(Sat) 29 Oct 1977 (43),Ipswich Town FC (13),0-2,?,West Ham United FC (13)
?,(Sat) 5 Nov 1977 (44),Liverpool FC (14),1-2,?,Aston Villa FC (14)
?,(Sat) 5 Nov 1977 (44),Middlesbrough FC (14),1-1,?,Queens Park Rangers FC (14)
?,(Sat) 5 Nov 1977 (44),Leeds United FC (14),2-2,?,Norwich City FC (14)
?,(Sat) 5 Nov 1977 (44),West Bromwich Albion FC (14),2-0,?,Leicester City FC (14)
?,(Sat) 5 Nov 1977 (44),Newcastle United FC (14),1-1,?,Bristol City FC (13)
?,(Sat) 5 Nov 1977 (44),Coventry City FC (14),1-0,?,West Ham United FC (14)
?,(Sat) 5 Nov 1977 (44),Birmingham City FC (14),2-1,?,Wolverhampton Wanderers FC (14)
?,(Sat) 5 Nov 1977 (44),Ipswich Town FC (14),1-0,?,Manchester City FC (14)
?,(Sat) 5 Nov 1977 (44),Chelsea FC (14),1-0,?,Nottingham Forest FC (14)
?,(Sat) 5 Nov 1977 (44),Manchester United FC (13),1-2,?,Arsenal FC (14)
?,(Sat) 5 Nov 1977 (44),Derby County FC (14),0-1,?,Everton FC (14)
?,(Sat) 12 Nov 1977 (45),Wolverhampton Wanderers FC (15),1-0,?,Newcastle United FC (15)
?,(Sat) 12 Nov 1977 (45),Norwich City FC (15),0-0,?,Chelsea FC (15)
?,(Sat) 12 Nov 1977 (45),Nottingham Forest FC (15),2-1,?,Manchester United FC (14)
?,(Sat) 12 Nov 1977 (45),Arsenal FC (15),1-1,?,Coventry City FC (15)
?,(Sat) 12 Nov 1977 (45),Queens Park Rangers FC (15),2-0,?,Liverpool FC (15)
?,(Sat) 12 Nov 1977 (45),Manchester City FC (15),2-3,?,Leeds United FC (15)
?,(Sat) 12 Nov 1977 (45),Everton FC (15),2-1,?,Birmingham City FC (15)
?,(Sat) 12 Nov 1977 (45),West Ham United FC (15),3-3,?,West Bromwich Albion FC (15)
?,(Sat) 12 Nov 1977 (45),Bristol City FC (14),3-1,?,Derby County FC (15)
?,(Sat) 12 Nov 1977 (45),Aston Villa FC (15),0-1,?,Middlesbrough FC (15)
?,(Sat) 12 Nov 1977 (45),Leicester City FC (15),2-1,?,Ipswich Town FC (15)
?,(Sat) 19 Nov 1977 (46),Birmingham City FC (16),1-1,?,Leicester City FC (16)
?,(Sat) 19 Nov 1977 (46),Liverpool FC (16),1-1,?,Bristol City FC (15)
?,(Sat) 19 Nov 1977 (46),Leeds United FC (16),1-0,?,Nottingham Forest FC (16)
?,(Sat) 19 Nov 1977 (46),Coventry City FC (16),4-1,?,Queens Park Rangers FC (16)
?,(Sat) 19 Nov 1977 (46),Derby County FC (16),2-1,?,West Ham United FC (16)
?,(Sat) 19 Nov 1977 (46),Chelsea FC (16),0-0,?,Aston Villa FC (16)
?,(Sat) 19 Nov 1977 (46),West Bromwich Albion FC (16),0-0,?,Manchester City FC (16)
?,(Sat) 19 Nov 1977 (46),Middlesbrough FC (16),0-0,?,Wolverhampton Wanderers FC (16)
?,(Sat) 19 Nov 1977 (46),Newcastle United FC (16),1-2,?,Arsenal FC (16)
?,(Sat) 19 Nov 1977 (46),Manchester United FC (15),1-0,?,Norwich City FC (16)
?,(Sat) 19 Nov 1977 (46),Ipswich Town FC (16),3-3,?,Everton FC (16)
?,(Sat) 26 Nov 1977 (47),Bristol City FC (16),4-1,?,Middlesbrough FC (17)
?,(Sat) 26 Nov 1977 (47),Manchester City FC (17),6-2,?,Chelsea FC (17)
?,(Sat) 26 Nov 1977 (47),Arsenal FC (17),1-3,?,Derby County FC (17)
?,(Sat) 26 Nov 1977 (47),Leicester City FC (17),0-4,?,Liverpool FC (17)
?,(Sat) 26 Nov 1977 (47),Queens Park Rangers FC (17),2-2,?,Manchester United FC (16)
?,(Sat) 26 Nov 1977 (47),Nottingham Forest FC (17),0-0,?,West Bromwich Albion FC (17)
?,(Sat) 26 Nov 1977 (47),West Ham United FC (17),0-1,?,Leeds United FC (17)
?,(Sat) 26 Nov 1977 (47),Norwich City FC (17),1-0,?,Birmingham City FC (17)
?,(Sat) 26 Nov 1977 (47),Wolverhampton Wanderers FC (17),0-0,?,Ipswich Town FC (17)
?,(Sat) 26 Nov 1977 (47),Everton FC (17),6-0,?,Coventry City FC (17)
?,(Sat) 3 Dec 1977 (48),Leeds United FC (18),3-0,?,Queens Park Rangers FC (18)
?,(Sat) 3 Dec 1977 (48),Middlesbrough FC (18),0-1,?,Arsenal FC (18)
?,(Sat) 3 Dec 1977 (48),Ipswich Town FC (18),2-0,?,Aston Villa FC (17)
?,(Sat) 3 Dec 1977 (48),Manchester United FC (17),3-1,?,Wolverhampton Wanderers FC (18)
?,(Sat) 3 Dec 1977 (48),Birmingham City FC (18),0-2,?,Nottingham Forest FC (18)
?,(Sat) 3 Dec 1977 (48),Derby County FC (18),2-1,?,Manchester City FC (18)
?,(Sat) 3 Dec 1977 (48),West Bromwich Albion FC (18),0-0,?,Norwich City FC (18)
?,(Sat) 3 Dec 1977 (48),Liverpool FC (18),2-0,?,West Ham United FC (18)
?,(Sat) 3 Dec 1977 (48),Chelsea FC (18),0-1,?,Everton FC (18)
?,(Sat) 3 Dec 1977 (48),Newcastle United FC (17),2-0,?,Leicester City FC (18)
?,(Sat) 3 Dec 1977 (48),Coventry City FC (18),1-1,?,Bristol City FC (17)
?,(Sat) 10 Dec 1977 (49),Leicester City FC (19),1-1,?,Derby County FC (19)
?,(Sat) 10 Dec 1977 (49),West Ham United FC (19),2-1,?,Manchester United FC (18)
?,(Sat) 10 Dec 1977 (49),Arsenal FC (19),1-1,?,Leeds United FC (19)
?,(Sat) 10 Dec 1977 (49),Bristol City FC (18),2-0,?,Ipswich Town FC (19)
?,(Sat) 10 Dec 1977 (49),Everton FC (19),3-0,?,Middlesbrough FC (19)
?,(Sat) 10 Dec 1977 (49),Aston Villa FC (18),3-0,?,West Bromwich Albion FC (19)
?,(Sat) 10 Dec 1977 (49),Norwich City FC (19),2-1,?,Liverpool FC (19)
?,(Sat) 10 Dec 1977 (49),Wolverhampton Wanderers FC (19),1-3,?,Chelsea FC (19)
?,(Sat) 10 Dec 1977 (49),Queens Park Rangers FC (19),0-1,?,Newcastle United FC (18)
?,(Sat) 10 Dec 1977 (49),Nottingham Forest FC (19),2-1,?,Coventry City FC (19)
?,(Sat) 10 Dec 1977 (49),Manchester City FC (19),3-0,?,Birmingham City FC (19)
?,(Sat) 17 Dec 1977 (50),Ipswich Town FC (20),1-0,?,Leicester City FC (20)
?,(Sat) 17 Dec 1977 (50),Liverpool FC (20),1-0,?,Queens Park Rangers FC (20)
?,(Sat) 17 Dec 1977 (50),Derby County FC (20),1-0,?,Bristol City FC (19)
?,(Sat) 17 Dec 1977 (50),Chelsea FC (20),1-1,?,Norwich City FC (20)
?,(Sat) 17 Dec 1977 (50),West Bromwich Albion FC (20),1-0,?,West Ham United FC (20)
?,(Sat) 17 Dec 1977 (50),Newcastle United FC (19),4-0,?,Wolverhampton Wanderers FC (20)
?,(Sat) 17 Dec 1977 (50),Leeds United FC (20),2-0,?,Manchester City FC (20)
?,(Sat) 17 Dec 1977 (50),Middlesbrough FC (20),1-0,?,Aston Villa FC (19)
?,(Sat) 17 Dec 1977 (50),Coventry City FC (20),1-2,?,Arsenal FC (20)
?,(Sat) 17 Dec 1977 (50),Manchester United FC (19),0-4,?,Nottingham Forest FC (20)
?,(Sat) 17 Dec 1977 (50),Birmingham City FC (20),0-0,?,Everton FC (20)
?,(Mon) 26 Dec 1977 (52),Manchester City FC (21),4-0,?,Newcastle United FC (20)
?,(Mon) 26 Dec 1977 (52),Wolverhampton Wanderers FC (21),3-1,?,Leeds United FC (21)
?,(Mon) 26 Dec 1977 (52),West Ham United FC (21),1-0,?,Birmingham City FC (21)
?,(Mon) 26 Dec 1977 (52),Everton FC (21),2-6,?,Manchester United FC (20)
?,(Mon) 26 Dec 1977 (52),Queens Park Rangers FC (21),0-0,?,Derby County FC (21)
?,(Mon) 26 Dec 1977 (52),Leicester City FC (21),0-0,?,Middlesbrough FC (21)
?,(Mon) 26 Dec 1977 (52),Nottingham Forest FC (21),1-1,?,Liverpool FC (21)
?,(Mon) 26 Dec 1977 (52),Bristol City FC (20),3-1,?,West Bromwich Albion FC (21)
?,(Mon) 26 Dec 1977 (52),Norwich City FC (21),1-0,?,Ipswich Town FC (21)
?,(Mon) 26 Dec 1977 (52),Aston Villa FC (20),1-1,?,Coventry City FC (21)
?,(Mon) 26 Dec 1977 (52),Arsenal FC (21),3-0,?,Chelsea FC (21)
?,(Tue) 27 Dec 1977 (52),Ipswich Town FC (22),3-2,?,Queens Park Rangers FC (22)
?,(Tue) 27 Dec 1977 (52),Liverpool FC (22),1-0,?,Wolverhampton Wanderers FC (22)
?,(Tue) 27 Dec 1977 (52),Middlesbrough FC (22),0-2,?,Manchester City FC (22)
?,(Tue) 27 Dec 1977 (52),Coventry City FC (22),5-4,?,Norwich City FC (22)
?,(Tue) 27 Dec 1977 (52),Manchester United FC (21),3-1,?,Leicester City FC (22)
?,(Tue) 27 Dec 1977 (52),Birmingham City FC (22),3-0,?,Bristol City FC (21)
?,(Tue) 27 Dec 1977 (52),West Bromwich Albion FC (22),1-3,?,Arsenal FC (22)
?,(Tue) 27 Dec 1977 (52),Chelsea FC (22),2-1,?,West Ham United FC (22)
?,(Tue) 27 Dec 1977 (52),Derby County FC (22),0-3,?,Aston Villa FC (21)
?,(Tue) 27 Dec 1977 (52),Leeds United FC (22),3-1,?,Everton FC (22)
?,(Wed) 28 Dec 1977 (52),Newcastle United FC (21),0-2,?,Nottingham Forest FC (22)
?,(Sat) 31 Dec 1977 (52),Everton FC (23),2-0,?,Arsenal FC (23)
?,(Sat) 31 Dec 1977 (52),West Ham United FC (23),3-2,?,Leicester City FC (23)
?,(Sat) 31 Dec 1977 (52),Middlesbrough FC (23),2-2,?,Norwich City FC (23)
?,(Sat) 31 Dec 1977 (52),Coventry City FC (23),3-0,?,Manchester United FC (22)
?,(Sat) 31 Dec 1977 (52),Queens Park Rangers FC (23),1-3,?,Wolverhampton Wanderers FC (23)
?,(Sat) 31 Dec 1977 (52),Birmingham City FC (23),4-5,?,Chelsea FC (23)
?,(Sat) 31 Dec 1977 (52),West Bromwich Albion FC (23),1-0,?,Leeds United FC (23)
?,(Sat) 31 Dec 1977 (52),Manchester City FC (23),2-0,?,Aston Villa FC (22)
?,(Sat) 31 Dec 1977 (52),Bristol City FC (22),1-3,?,Nottingham Forest FC (23)
?,(Sat) 31 Dec 1977 (52),Newcastle United FC (22),0-2,?,Liverpool FC (23)
?,(Sat) 31 Dec 1977 (52),Ipswich Town FC (23),1-2,?,Derby County FC (23)
?,(Mon) 2 Jan 1978 (1),Aston Villa FC (23),1-1,?,Queens Park Rangers FC (24)
?,(Mon) 2 Jan 1978 (1),Manchester United FC (23),1-2,?,Birmingham City FC (24)
?,(Mon) 2 Jan 1978 (1),Wolverhampton Wanderers FC (24),0-0,?,Bristol City FC (23)
?,(Mon) 2 Jan 1978 (1),Nottingham Forest FC (24),1-1,?,Everton FC (24)
?,(Mon) 2 Jan 1978 (1),Leeds United FC (24),0-2,?,Newcastle United FC (23)
?,(Mon) 2 Jan 1978 (1),Derby County FC (24),4-2,?,Coventry City FC (24)
?,(Mon) 2 Jan 1978 (1),Liverpool FC (24),2-0,?,Middlesbrough FC (24)
?,(Mon) 2 Jan 1978 (1),Leicester City FC (24),0-1,?,Manchester City FC (24)
?,(Mon) 2 Jan 1978 (1),Norwich City FC (24),2-2,?,West Ham United FC (24)
?,(Mon) 2 Jan 1978 (1),Arsenal FC (24),1-0,?,Ipswich Town FC (24)
?,(Mon) 2 Jan 1978 (1),Chelsea FC (24),2-2,?,West Bromwich Albion FC (24)
?,(Sat) 14 Jan 1978 (2),West Bromwich Albion FC (25),0-1,?,Liverpool FC (25)
?,(Sat) 14 Jan 1978 (2),Birmingham City FC (25),2-3,?,Leeds United FC (25)
?,(Sat) 14 Jan 1978 (2),Derby County FC (25),0-0,?,Nottingham Forest FC (25)
?,(Sat) 14 Jan 1978 (2),Queens Park Rangers FC (25),2-1,?,Norwich City FC (25)
?,(Sat) 14 Jan 1978 (2),Bristol City FC (24),0-0,?,Leicester City FC (25)
?,(Sat) 14 Jan 1978 (2),Everton FC (25),1-0,?,Aston Villa FC (24)
?,(Sat) 14 Jan 1978 (2),Arsenal FC (25),3-1,?,Wolverhampton Wanderers FC (25)
?,(Sat) 14 Jan 1978 (2),Coventry City FC (25),5-1,?,Chelsea FC (25)
?,(Sat) 14 Jan 1978 (2),Ipswich Town FC (25),1-2,?,Manchester United FC (24)
?,(Sat) 14 Jan 1978 (2),Manchester City FC (25),3-2,?,West Ham United FC (25)
?,(Sat) 14 Jan 1978 (2),Newcastle United FC (24),2-4,?,Middlesbrough FC (25)
?,(Sat) 21 Jan 1978 (3),West Ham United FC (26),1-0,?,Newcastle United FC (25)
?,(Sat) 21 Jan 1978 (3),Chelsea FC (26),5-3,?,Ipswich Town FC (26)
?,(Sat) 21 Jan 1978 (3),Liverpool FC (26),2-3,?,Birmingham City FC (26)
?,(Sat) 21 Jan 1978 (3),Norwich City FC (26),1-3,?,Manchester City FC (26)
?,(Sat) 21 Jan 1978 (3),Nottingham Forest FC (26),2-0,?,Arsenal FC (26)
?,(Sat) 21 Jan 1978 (3),Wolverhampton Wanderers FC (26),3-1,?,Everton FC (26)
?,(Sat) 21 Jan 1978 (3),Manchester United FC (25),4-0,?,Derby County FC (26)
?,(Sat) 21 Jan 1978 (3),Middlesbrough FC (26),1-0,?,West Bromwich Albion FC (26)
?,(Sat) 21 Jan 1978 (3),Leeds United FC (26),2-0,?,Coventry City FC (26)
?,(Sat) 21 Jan 1978 (3),Leicester City FC (26),0-0,?,Queens Park Rangers FC (26)
?,(Sat) 28 Jan 1978 (4),Aston Villa FC (25),1-0,?,Bristol City FC (25)
?,(Sat) 4 Feb 1978 (5),Birmingham City FC (27),1-2,?,Middlesbrough FC (27)
?,(Sat) 4 Feb 1978 (5),Coventry City FC (27),1-0,?,Liverpool FC (27)
?,(Sat) 4 Feb 1978 (5),Ipswich Town FC (27),0-1,?,Leeds United FC (27)
?,(Sat) 4 Feb 1978 (5),Everton FC (27),2-0,?,Leicester City FC (27)
?,(Sat) 4 Feb 1978 (5),Bristol City FC (26),3-0,?,Norwich City FC (27)
?,(Sat) 4 Feb 1978 (5),Nottingham Forest FC (27),2-0,?,Wolverhampton Wanderers FC (27)
?,(Sat) 4 Feb 1978 (5),Arsenal FC (27),0-1,?,Aston Villa FC (26)
?,(Wed) 8 Feb 1978 (6),Manchester United FC (26),1-1,?,Bristol City FC (27)
?,(Sat) 11 Feb 1978 (6),Chelsea FC (27),2-2,?,Manchester United FC (27)
?,(Sat) 11 Feb 1978 (6),West Ham United FC (27),1-2,?,Bristol City FC (28)
?,(Sat) 11 Feb 1978 (6),Leicester City FC (28),1-1,?,Arsenal FC (28)
?,(Sat) 11 Feb 1978 (6),Manchester City FC (27),2-1,?,Queens Park Rangers FC (27)
?,(Fri) 17 Feb 1978 (7),Bristol City FC (29),2-2,?,Manchester City FC (28)
?,(Sat) 18 Feb 1978 (7),Everton FC (28),2-1,?,West Ham United FC (28)
?,(Sat) 25 Feb 1978 (8),Manchester City FC (29),1-0,?,Everton FC (29)
?,(Sat) 25 Feb 1978 (8),Leicester City FC (29),1-0,?,Wolverhampton Wanderers FC (28)
?,(Sat) 25 Feb 1978 (8),Middlesbrough FC (28),3-1,?,Derby County FC (27)
?,(Sat) 25 Feb 1978 (8),West Ham United FC (29),2-2,?,Arsenal FC (29)
?,(Sat) 25 Feb 1978 (8),Liverpool FC (28),3-1,?,Manchester United FC (28)
?,(Sat) 25 Feb 1978 (8),Newcastle United FC (26),0-1,?,Ipswich Town FC (28)
?,(Sat) 25 Feb 1978 (8),Queens Park Rangers FC (28),2-2,?,Bristol City FC (30)
?,(Sat) 25 Feb 1978 (8),Norwich City FC (28),3-3,?,Nottingham Forest FC (28)
?,(Sat) 25 Feb 1978 (8),West Bromwich Albion FC (27),3-3,?,Coventry City FC (28)
?,(Sat) 25 Feb 1978 (8),Leeds United FC (28),2-0,?,Chelsea FC (28)
?,(Sat) 25 Feb 1978 (8),Birmingham City FC (28),1-0,?,Aston Villa FC (27)
?,(Tue) 28 Feb 1978 (9),Arsenal FC (30),0-0,?,Norwich City FC (29)
?,(Tue) 28 Feb 1978 (9),Birmingham City FC (29),1-2,?,West Bromwich Albion FC (28)
?,(Wed) 1 Mar 1978 (9),Manchester United FC (29),0-1,?,Leeds United FC (29)
?,(Sat) 4 Mar 1978 (9),Chelsea FC (29),3-1,?,Liverpool FC (29)
?,(Sat) 4 Mar 1978 (9),Coventry City FC (29),4-0,?,Birmingham City FC (30)
?,(Sat) 4 Mar 1978 (9),Wolverhampton Wanderers FC (29),3-3,?,Norwich City FC (30)
?,(Sat) 4 Mar 1978 (9),Derby County FC (28),1-1,?,Newcastle United FC (27)
?,(Sat) 4 Mar 1978 (9),Aston Villa FC (28),0-0,?,Leicester City FC (30)
?,(Sat) 4 Mar 1978 (9),Arsenal FC (31),3-0,?,Manchester City FC (30)
?,(Sat) 4 Mar 1978 (9),Nottingham Forest FC (29),2-0,?,West Ham United FC (30)
?,(Sat) 4 Mar 1978 (9),Ipswich Town FC (29),2-2,?,West Bromwich Albion FC (29)
?,(Sat) 4 Mar 1978 (9),Manchester United FC (30),0-0,?,Middlesbrough FC (29)
?,(Sat) 4 Mar 1978 (9),Leeds United FC (30),0-2,?,Bristol City FC (31)
?,(Sat) 4 Mar 1978 (9),Everton FC (30),3-3,?,Queens Park Rangers FC (29)
?,(Wed) 8 Mar 1978 (10),Derby County FC (29),4-2,?,Liverpool FC (30)
?,(Sat) 11 Mar 1978 (10),Norwich City FC (31),2-1,?,Aston Villa FC (29)
?,(Sat) 11 Mar 1978 (10),Liverpool FC (31),1-0,?,Leeds United FC (31)
?,(Sat) 11 Mar 1978 (10),Derby County FC (30),1-1,?,Chelsea FC (30)
?,(Sat) 11 Mar 1978 (10),Coventry City FC (30),1-0,?,Leicester City FC (31)
?,(Sat) 11 Mar 1978 (10),Bristol City FC (32),0-1,?,Everton FC (31)
?,(Sat) 11 Mar 1978 (10),West Ham United FC (31),1-2,?,Wolverhampton Wanderers FC (30)
?,(Sat) 11 Mar 1978 (10),Newcastle United FC (28),2-2,?,Manchester United FC (31)
?,(Tue) 14 Mar 1978 (11),Queens Park Rangers FC (30),1-0,?,West Ham United FC (32)
?,(Tue) 14 Mar 1978 (11),Wolverhampton Wanderers FC (31),1-1,?,West Bromwich Albion FC (30)
?,(Tue) 14 Mar 1978 (11),Nottingham Forest FC (30),1-0,?,Leicester City FC (32)
?,(Wed) 15 Mar 1978 (11),Manchester United FC (32),2-2,?,Manchester City FC (31)
?,(Wed) 15 Mar 1978 (11),Norwich City FC (32),0-0,?,Everton FC (32)
?,(Wed) 15 Mar 1978 (11),Newcastle United FC (29),1-1,?,Birmingham City FC (31)
?,(Sat) 18 Mar 1978 (11),Manchester United FC (33),1-1,?,West Bromwich Albion FC (31)
?,(Sat) 18 Mar 1978 (11),Ipswich Town FC (30),1-1,?,Coventry City FC (31)
?,(Sat) 18 Mar 1978 (11),Aston Villa FC (30),4-1,?,West Ham United FC (33)
?,(Sat) 18 Mar 1978 (11),Leicester City FC (33),2-2,?,Norwich City FC (33)
?,(Sat) 18 Mar 1978 (11),Chelsea FC (31),2-2,?,Newcastle United FC (30)
?,(Sat) 18 Mar 1978 (11),Wolverhampton Wanderers FC (32),1-1,?,Manchester City FC (32)
?,(Sat) 18 Mar 1978 (11),Arsenal FC (32),4-1,?,Bristol City FC (33)
?,(Sat) 18 Mar 1978 (11),Leeds United FC (32),5-0,?,Middlesbrough FC (30)
?,(Sat) 18 Mar 1978 (11),Derby County FC (31),1-3,?,Birmingham City FC (32)
?,(Tue) 21 Mar 1978 (12),Ipswich Town FC (31),1-1,?,Middlesbrough FC (31)
?,(Tue) 21 Mar 1978 (12),Coventry City FC (32),2-3,?,Aston Villa FC (31)
?,(Tue) 21 Mar 1978 (12),Birmingham City FC (33),1-1,?,Arsenal FC (33)
?,(Tue) 21 Mar 1978 (12),Bristol City FC (34),3-0,?,Chelsea FC (32)
?,(Wed) 22 Mar 1978 (12),West Bromwich Albion FC (32),2-0,?,Queens Park Rangers FC (31)
?,(Fri) 24 Mar 1978 (12),West Ham United FC (34),3-0,?,Ipswich Town FC (32)
?,(Fri) 24 Mar 1978 (12),Newcastle United FC (31),0-2,?,Everton FC (33)
?,(Sat) 25 Mar 1978 (12),West Ham United FC (35),3-1,?,Chelsea FC (33)
?,(Sat) 25 Mar 1978 (12),Bristol City FC (35),0-1,?,Birmingham City FC (34)
?,(Sat) 25 Mar 1978 (12),Queens Park Rangers FC (32),3-3,?,Ipswich Town FC (33)
?,(Sat) 25 Mar 1978 (12),Norwich City FC (34),1-2,?,Coventry City FC (33)
?,(Sat) 25 Mar 1978 (12),Wolverhampton Wanderers FC (33),1-3,?,Liverpool FC (32)
?,(Sat) 25 Mar 1978 (12),Nottingham Forest FC (31),2-0,?,Newcastle United FC (32)
?,(Sat) 25 Mar 1978 (12),Everton FC (34),2-0,?,Leeds United FC (33)
?,(Sat) 25 Mar 1978 (12),Arsenal FC (34),4-0,?,West Bromwich Albion FC (33)
?,(Sat) 25 Mar 1978 (12),Aston Villa FC (32),0-0,?,Derby County FC (32)
?,(Sat) 25 Mar 1978 (12),Leicester City FC (34),2-3,?,Manchester United FC (34)
?,(Sat) 25 Mar 1978 (12),Manchester City FC (33),2-2,?,Middlesbrough FC (32)
?,(Mon) 27 Mar 1978 (13),Middlesbrough FC (33),0-1,?,Leicester City FC (35)
?,(Mon) 27 Mar 1978 (13),Leeds United FC (34),2-1,?,Wolverhampton Wanderers FC (34)
?,(Mon) 27 Mar 1978 (13),West Bromwich Albion FC (34),2-1,?,Bristol City FC (36)
?,(Mon) 27 Mar 1978 (13),Chelsea FC (34),0-0,?,Arsenal FC (35)
?,(Mon) 27 Mar 1978 (13),Manchester United FC (35),1-2,?,Everton FC (35)
?,(Mon) 27 Mar 1978 (13),Ipswich Town FC (34),4-0,?,Norwich City FC (35)
?,(Mon) 27 Mar 1978 (13),Derby County FC (33),2-0,?,Queens Park Rangers FC (33)
?,(Tue) 28 Mar 1978 (13),Coventry City FC (34),4-0,?,Wolverhampton Wanderers FC (35)
?,(Tue) 28 Mar 1978 (13),Leeds United FC (35),5-1,?,Leicester City FC (36)
?,(Tue) 28 Mar 1978 (13),Birmingham City FC (35),3-0,?,West Ham United FC (36)
?,(Wed) 29 Mar 1978 (13),Newcastle United FC (33),2-2,?,Manchester City FC (34)
?,(Wed) 29 Mar 1978 (13),Manchester United FC (36),1-1,?,Aston Villa FC (33)
?,(Wed) 29 Mar 1978 (13),Middlesbrough FC (34),2-2,?,Nottingham Forest FC (32)
?,(Wed) 29 Mar 1978 (13),Norwich City FC (36),0-0,?,Derby County FC (34)
?,(Sat) 1 Apr 1978 (13),Wolverhampton Wanderers FC (36),0-1,?,Birmingham City FC (36)
?,(Sat) 1 Apr 1978 (13),Manchester City FC (35),2-1,?,Ipswich Town FC (35)
?,(Sat) 1 Apr 1978 (13),Everton FC (36),2-1,?,Derby County FC (35)
?,(Sat) 1 Apr 1978 (13),Aston Villa FC (34),0-3,?,Liverpool FC (33)
?,(Sat) 1 Apr 1978 (13),Nottingham Forest FC (33),3-1,?,Chelsea FC (35)
?,(Sat) 1 Apr 1978 (13),Queens Park Rangers FC (34),1-0,?,Middlesbrough FC (35)
?,(Sat) 1 Apr 1978 (13),Arsenal FC (36),3-1,?,Manchester United FC (37)
?,(Sat) 1 Apr 1978 (13),Bristol City FC (37),3-1,?,Newcastle United FC (34)
?,(Sat) 1 Apr 1978 (13),West Ham United FC (37),2-1,?,Coventry City FC (35)
?,(Sat) 1 Apr 1978 (13),Norwich City FC (37),3-0,?,Leeds United FC (36)
?,(Sat) 1 Apr 1978 (13),Leicester City FC (37),0-1,?,West Bromwich Albion FC (35)
?,(Tue) 4 Apr 1978 (14),Middlesbrough FC (36),2-0,?,Chelsea FC (36)
?,(Tue) 4 Apr 1978 (14),Coventry City FC (36),0-0,?,Newcastle United FC (35)
?,(Wed) 5 Apr 1978 (14),Everton FC (37),0-1,?,Liverpool FC (34)
?,(Wed) 5 Apr 1978 (14),Aston Villa FC (35),0-1,?,Nottingham Forest FC (34)
?,(Sat) 8 Apr 1978 (14),Newcastle United FC (36),1-1,?,Aston Villa FC (36)
?,(Sat) 8 Apr 1978 (14),Liverpool FC (35),3-2,?,Leicester City FC (38)
?,(Sat) 8 Apr 1978 (14),Middlesbrough FC (37),2-0,?,Bristol City FC (38)
?,(Sat) 8 Apr 1978 (14),Coventry City FC (37),3-2,?,Everton FC (38)
?,(Sat) 8 Apr 1978 (14),Leeds United FC (37),1-2,?,West Ham United FC (38)
?,(Sat) 8 Apr 1978 (14),Derby County FC (36),3-1,?,Wolverhampton Wanderers FC (37)
?,(Sat) 8 Apr 1978 (14),Manchester United FC (38),3-1,?,Queens Park Rangers FC (35)
?,(Sat) 8 Apr 1978 (14),Birmingham City FC (37),2-1,?,Norwich City FC (38)
?,(Tue) 11 Apr 1978 (15),Queens Park Rangers FC (36),2-1,?,Arsenal FC (37)
?,(Tue) 11 Apr 1978 (15),Manchester City FC (36),0-0,?,Nottingham Forest FC (35)
?,(Tue) 11 Apr 1978 (15),Middlesbrough FC (38),1-1,?,Coventry City FC (38)
?,(Tue) 11 Apr 1978 (15),Birmingham City FC (38),0-0,?,Ipswich Town FC (36)
?,(Wed) 12 Apr 1978 (15),Leeds United FC (38),2-0,?,Derby County FC (37)
?,(Wed) 12 Apr 1978 (15),West Bromwich Albion FC (36),2-0,?,Newcastle United FC (37)
?,(Sat) 15 Apr 1978 (15),Manchester City FC (37),1-3,?,West Bromwich Albion FC (37)
?,(Sat) 15 Apr 1978 (15),Nottingham Forest FC (36),1-1,?,Leeds United FC (39)
?,(Sat) 15 Apr 1978 (15),Aston Villa FC (37),2-0,?,Chelsea FC (37)
?,(Sat) 15 Apr 1978 (15),West Ham United FC (39),3-0,?,Derby County FC (38)
?,(Sat) 15 Apr 1978 (15),Everton FC (39),1-0,?,Ipswich Town FC (37)
?,(Sat) 15 Apr 1978 (15),Queens Park Rangers FC (37),2-1,?,Coventry City FC (39)
?,(Sat) 15 Apr 1978 (15),Leicester City FC (39),1-4,?,Birmingham City FC (39)
?,(Sat) 15 Apr 1978 (15),Norwich City FC (39),1-3,?,Manchester United FC (39)
?,(Sat) 15 Apr 1978 (15),Wolverhampton Wanderers FC (38),0-0,?,Middlesbrough FC (39)
?,(Sat) 15 Apr 1978 (15),Arsenal FC (38),2-1,?,Newcastle United FC (38)
?,(Sat) 15 Apr 1978 (15),Bristol City FC (39),1-1,?,Liverpool FC (36)
?,(Mon) 17 Apr 1978 (16),Aston Villa FC (38),2-0,?,Newcastle United FC (39)
?,(Tue) 18 Apr 1978 (16),Nottingham Forest FC (37),1-0,?,Queens Park Rangers FC (38)
?,(Tue) 18 Apr 1978 (16),West Bromwich Albion FC (38),1-0,?,Derby County FC (39)
?,(Tue) 18 Apr 1978 (16),Liverpool FC (37),2-2,?,Ipswich Town FC (38)
?,(Sat) 22 Apr 1978 (16),Manchester United FC (40),3-0,?,West Ham United FC (40)
?,(Sat) 22 Apr 1978 (16),Birmingham City FC (40),1-4,?,Manchester City FC (38)
?,(Sat) 22 Apr 1978 (16),Derby County FC (40),4-1,?,Leicester City FC (40)
?,(Sat) 22 Apr 1978 (16),Leeds United FC (40),1-3,?,Arsenal FC (39)
?,(Sat) 22 Apr 1978 (16),Ipswich Town FC (39),1-0,?,Bristol City FC (40)
?,(Sat) 22 Apr 1978 (16),Middlesbrough FC (40),0-0,?,Everton FC (40)
?,(Sat) 22 Apr 1978 (16),Newcastle United FC (40),0-3,?,Queens Park Rangers FC (39)
?,(Sat) 22 Apr 1978 (16),Chelsea FC (38),1-1,?,Wolverhampton Wanderers FC (39)
?,(Sat) 22 Apr 1978 (16),Coventry City FC (40),0-0,?,Nottingham Forest FC (38)
?,(Sat) 22 Apr 1978 (16),Liverpool FC (38),3-0,?,Norwich City FC (40)
?,(Sat) 22 Apr 1978 (16),West Bromwich Albion FC (39),0-3,?,Aston Villa FC (39)
?,(Tue) 25 Apr 1978 (17),Liverpool FC (39),1-0,?,Arsenal FC (40)
?,(Tue) 25 Apr 1978 (17),Middlesbrough FC (41),1-2,?,West Ham United FC (41)
?,(Tue) 25 Apr 1978 (17),Queens Park Rangers FC (40),0-0,?,Birmingham City FC (41)
?,(Tue) 25 Apr 1978 (17),Bristol City FC (41),0-1,?,Manchester United FC (41)
?,(Tue) 25 Apr 1978 (17),Ipswich Town FC (40),0-2,?,Nottingham Forest FC (39)
?,(Tue) 25 Apr 1978 (17),West Bromwich Albion FC (40),3-1,?,Everton FC (41)
?,(Tue) 25 Apr 1978 (17),Manchester City FC (39),3-1,?,Coventry City FC (41)
?,(Wed) 26 Apr 1978 (17),Aston Villa FC (40),3-1,?,Leeds United FC (41)
?,(Wed) 26 Apr 1978 (17),Leicester City FC (41),0-2,?,Chelsea FC (39)
?,(Wed) 26 Apr 1978 (17),Newcastle United FC (41),2-2,?,Norwich City FC (41)
?,(Sat) 29 Apr 1978 (17),Manchester City FC (40),1-1,?,Derby County FC (41)
?,(Sat) 29 Apr 1978 (17),Queens Park Rangers FC (41),0-0,?,Leeds United FC (42)
?,(Sat) 29 Apr 1978 (17),Aston Villa FC (41),6-1,?,Ipswich Town FC (41)
?,(Sat) 29 Apr 1978 (17),West Ham United FC (42),0-2,?,Liverpool FC (40)
?,(Sat) 29 Apr 1978 (17),Nottingham Forest FC (40),0-0,?,Birmingham City FC (42)
?,(Sat) 29 Apr 1978 (17),Leicester City FC (42),3-0,?,Newcastle United FC (42)
?,(Sat) 29 Apr 1978 (17),Everton FC (42),6-0,?,Chelsea FC (40)
?,(Sat) 29 Apr 1978 (17),Bristol City FC (42),1-1,?,Coventry City FC (42)
?,(Sat) 29 Apr 1978 (17),Wolverhampton Wanderers FC (40),2-1,?,Manchester United FC (42)
?,(Sat) 29 Apr 1978 (17),Norwich City FC (42),1-1,?,West Bromwich Albion FC (41)
?,(Sat) 29 Apr 1978 (17),Arsenal FC (41),1-0,?,Middlesbrough FC (42)
?,(Mon) 1 May 1978 (18),Liverpool FC (41),4-0,?,Manchester City FC (41)
?,(Tue) 2 May 1978 (18),West Bromwich Albion FC (42),2-2,?,Nottingham Forest FC (41)
?,(Tue) 2 May 1978 (18),Wolverhampton Wanderers FC (41),3-1,?,Aston Villa FC (42)
?,(Tue) 2 May 1978 (18),Chelsea FC (41),3-1,?,Queens Park Rangers FC (42)
?,(Thu) 4 May 1978 (18),Liverpool FC (42),0-0,?,Nottingham Forest FC (42)
?,(Fri) 5 May 1978 (18),Chelsea FC (42),0-0,?,Manchester City FC (42)
?,(Tue) 9 May 1978 (19),Ipswich Town FC (42),1-2,?,Wolverhampton Wanderers FC (42)
?,(Tue) 9 May 1978 (19),Derby County FC (42),3-0,?,Arsenal FC (42)
