Round,Date,Team 1,FT,HT,Team 2
?,(Sat) 20 Aug 1977 (33),Cardiff City FC (1),1-1,?,Bristol Rovers FC (1)
?,(Sat) 20 Aug 1977 (33),Tottenham Hotspur FC (1),4-2,?,Sheffield United FC (1)
?,(Sat) 20 Aug 1977 (33),Hull City AFC (1),3-0,?,Sunderland AFC (1)
?,(Sat) 20 Aug 1977 (33),Blackpool FC (1),1-1,?,Oldham Athletic AFC (1)
?,(Sat) 20 Aug 1977 (33),Southampton FC (1),1-1,?,Brighton & Hove Albion FC (1)
?,(Sat) 20 Aug 1977 (33),Fulham FC (1),1-1,?,Charlton Athletic FC (1)
?,(Sat) 20 Aug 1977 (33),Burnley FC (1),0-1,?,Bolton Wanderers FC (1)
?,(Sat) 20 Aug 1977 (33),Mansfield Town FC (1),2-1,?,Stoke City FC (1)
?,(Sat) 20 Aug 1977 (33),Notts County FC (1),1-1,?,Blackburn Rovers FC (1)
?,(Sat) 20 Aug 1977 (33),Millwall FC (1),0-3,?,Crystal Palace FC (1)
?,(Sat) 20 Aug 1977 (33),Luton Town FC (1),1-0,?,Leyton Orient FC (1)
?,(Tue) 23 Aug 1977 (34),Crystal Palace FC (2),3-1,?,Mansfield Town FC (2)
?,(Tue) 23 Aug 1977 (34),Bristol Rovers FC (2),2-2,?,Notts County FC (2)
?,(Tue) 23 Aug 1977 (34),Sunderland AFC (2),3-0,?,Burnley FC (2)
?,(Tue) 23 Aug 1977 (34),Leyton Orient FC (2),1-4,?,Blackpool FC (2)
?,(Tue) 23 Aug 1977 (34),Oldham Athletic AFC (2),2-0,?,Fulham FC (2)
?,(Tue) 23 Aug 1977 (34),Bolton Wanderers FC (2),2-1,?,Millwall FC (2)
?,(Tue) 23 Aug 1977 (34),Sheffield United FC (2),2-0,?,Hull City AFC (2)
?,(Wed) 24 Aug 1977 (34),Blackburn Rovers FC (2),0-0,?,Tottenham Hotspur FC (2)
?,(Wed) 24 Aug 1977 (34),Stoke City FC (2),1-0,?,Southampton FC (2)
?,(Sat) 27 Aug 1977 (34),Sunderland AFC (3),1-1,?,Leyton Orient FC (3)
?,(Sat) 27 Aug 1977 (34),Bolton Wanderers FC (3),2-1,?,Sheffield United FC (3)
?,(Sat) 27 Aug 1977 (34),Stoke City FC (3),2-1,?,Burnley FC (3)
?,(Sat) 27 Aug 1977 (34),Charlton Athletic FC (2),3-1,?,Blackpool FC (3)
?,(Sat) 27 Aug 1977 (34),Oldham Athletic AFC (3),1-0,?,Luton Town FC (2)
?,(Sat) 27 Aug 1977 (34),Tottenham Hotspur FC (3),2-1,?,Notts County FC (3)
?,(Sat) 27 Aug 1977 (34),Brighton & Hove Albion FC (2),3-2,?,Millwall FC (3)
?,(Sat) 27 Aug 1977 (34),Bristol Rovers FC (3),0-0,?,Fulham FC (3)
?,(Sat) 27 Aug 1977 (34),Crystal Palace FC (3),0-1,?,Hull City AFC (3)
?,(Sat) 27 Aug 1977 (34),Blackburn Rovers FC (3),3-0,?,Cardiff City FC (2)
?,(Sat) 27 Aug 1977 (34),Southampton FC (3),1-0,?,Mansfield Town FC (3)
?,(Sat) 3 Sep 1977 (35),Notts County FC (4),2-3,?,Southampton FC (4)
?,(Sat) 3 Sep 1977 (35),Cardiff City FC (3),0-0,?,Tottenham Hotspur FC (4)
?,(Sat) 3 Sep 1977 (35),Mansfield Town FC (4),1-2,?,Brighton & Hove Albion FC (3)
?,(Sat) 3 Sep 1977 (35),Fulham FC (4),0-0,?,Blackburn Rovers FC (4)
?,(Sat) 3 Sep 1977 (35),Sheffield United FC (4),1-1,?,Sunderland AFC (4)
?,(Sat) 3 Sep 1977 (35),Leyton Orient FC (4),5-3,?,Oldham Athletic AFC (4)
?,(Sat) 3 Sep 1977 (35),Hull City AFC (4),0-0,?,Bolton Wanderers FC (4)
?,(Sat) 3 Sep 1977 (35),Blackpool FC (4),3-1,?,Bristol Rovers FC (4)
?,(Sat) 3 Sep 1977 (35),Burnley FC (4),1-1,?,Crystal Palace FC (4)
?,(Sat) 3 Sep 1977 (35),Millwall FC (4),0-0,?,Stoke City FC (4)
?,(Sat) 3 Sep 1977 (35),Luton Town FC (3),7-1,?,Charlton Athletic FC (3)
?,(Sat) 10 Sep 1977 (36),Blackburn Rovers FC (5),1-2,?,Blackpool FC (5)
?,(Sat) 10 Sep 1977 (36),Bristol Rovers FC (5),1-2,?,Luton Town FC (4)
?,(Sat) 10 Sep 1977 (36),Brighton & Hove Albion FC (4),2-1,?,Hull City AFC (5)
?,(Sat) 10 Sep 1977 (36),Tottenham Hotspur FC (5),1-0,?,Fulham FC (5)
?,(Sat) 10 Sep 1977 (36),Charlton Athletic FC (4),2-1,?,Leyton Orient FC (5)
?,(Sat) 10 Sep 1977 (36),Notts County FC (5),1-1,?,Cardiff City FC (4)
?,(Sat) 10 Sep 1977 (36),Bolton Wanderers FC (5),1-0,?,Oldham Athletic AFC (5)
?,(Sat) 10 Sep 1977 (36),Southampton FC (5),3-0,?,Burnley FC (5)
?,(Sat) 10 Sep 1977 (36),Stoke City FC (5),4-0,?,Sheffield United FC (5)
?,(Sat) 10 Sep 1977 (36),Crystal Palace FC (5),2-2,?,Sunderland AFC (5)
?,(Sat) 10 Sep 1977 (36),Mansfield Town FC (5),0-0,?,Millwall FC (5)
?,(Sat) 17 Sep 1977 (37),Leyton Orient FC (6),2-1,?,Bristol Rovers FC (6)
?,(Sat) 17 Sep 1977 (37),Burnley FC (6),0-0,?,Brighton & Hove Albion FC (5)
?,(Sat) 17 Sep 1977 (37),Hull City AFC (6),0-0,?,Stoke City FC (6)
?,(Sat) 17 Sep 1977 (37),Cardiff City FC (5),1-1,?,Mansfield Town FC (6)
?,(Sat) 17 Sep 1977 (37),Oldham Athletic AFC (6),1-1,?,Charlton Athletic FC (5)
?,(Sat) 17 Sep 1977 (37),Fulham FC (6),5-1,?,Notts County FC (6)
?,(Sat) 17 Sep 1977 (37),Sheffield United FC (6),0-2,?,Crystal Palace FC (6)
?,(Sat) 17 Sep 1977 (37),Luton Town FC (5),0-0,?,Blackburn Rovers FC (6)
?,(Sat) 17 Sep 1977 (37),Sunderland AFC (6),0-2,?,Bolton Wanderers FC (6)
?,(Sat) 17 Sep 1977 (37),Millwall FC (6),3-0,?,Southampton FC (6)
?,(Sat) 17 Sep 1977 (37),Blackpool FC (6),0-2,?,Tottenham Hotspur FC (6)
?,(Sat) 24 Sep 1977 (38),Blackburn Rovers FC (7),1-0,?,Leyton Orient FC (7)
?,(Sat) 24 Sep 1977 (38),Mansfield Town FC (7),4-1,?,Burnley FC (7)
?,(Sat) 24 Sep 1977 (38),Bristol Rovers FC (7),0-0,?,Oldham Athletic AFC (7)
?,(Sat) 24 Sep 1977 (38),Millwall FC (7),1-1,?,Charlton Athletic FC (6)
?,(Sat) 24 Sep 1977 (38),Brighton & Hove Albion FC (6),2-1,?,Sheffield United FC (7)
?,(Sat) 24 Sep 1977 (38),Stoke City FC (7),0-0,?,Sunderland AFC (7)
?,(Sat) 24 Sep 1977 (38),Tottenham Hotspur FC (7),2-0,?,Luton Town FC (6)
?,(Sat) 24 Sep 1977 (38),Notts County FC (7),1-1,?,Blackpool FC (7)
?,(Sat) 24 Sep 1977 (38),Southampton FC (7),1-0,?,Hull City AFC (7)
?,(Sat) 24 Sep 1977 (38),Crystal Palace FC (7),2-1,?,Bolton Wanderers FC (7)
?,(Sat) 24 Sep 1977 (38),Cardiff City FC (6),3-1,?,Fulham FC (7)
?,(Tue) 27 Sep 1977 (39),Brighton & Hove Albion FC (7),3-2,?,Luton Town FC (7)
?,(Fri) 30 Sep 1977 (39),Charlton Athletic FC (7),3-1,?,Bristol Rovers FC (8)
?,(Sat) 1 Oct 1977 (39),Sunderland AFC (8),0-2,?,Brighton & Hove Albion FC (8)
?,(Sat) 1 Oct 1977 (39),Luton Town FC (8),2-0,?,Notts County FC (8)
?,(Sat) 1 Oct 1977 (39),Burnley FC (8),0-2,?,Millwall FC (8)
?,(Sat) 1 Oct 1977 (39),Hull City AFC (8),0-2,?,Mansfield Town FC (8)
?,(Sat) 1 Oct 1977 (39),Sheffield United FC (8),3-2,?,Southampton FC (8)
?,(Sat) 1 Oct 1977 (39),Oldham Athletic AFC (8),0-2,?,Blackburn Rovers FC (8)
?,(Sat) 1 Oct 1977 (39),Leyton Orient FC (8),1-1,?,Tottenham Hotspur FC (8)
?,(Sat) 1 Oct 1977 (39),Blackpool FC (8),3-0,?,Cardiff City FC (7)
?,(Sat) 1 Oct 1977 (39),Bolton Wanderers FC (8),1-1,?,Stoke City FC (8)
?,(Sat) 1 Oct 1977 (39),Crystal Palace FC (8),2-3,?,Fulham FC (8)
?,(Mon) 3 Oct 1977 (40),Bolton Wanderers FC (9),4-2,?,Blackburn Rovers FC (9)
?,(Tue) 4 Oct 1977 (40),Hull City AFC (9),2-0,?,Tottenham Hotspur FC (9)
?,(Tue) 4 Oct 1977 (40),Charlton Athletic FC (8),4-3,?,Brighton & Hove Albion FC (9)
?,(Tue) 4 Oct 1977 (40),Fulham FC (9),4-1,?,Burnley FC (9)
?,(Tue) 4 Oct 1977 (40),Sunderland AFC (9),1-1,?,Cardiff City FC (8)
?,(Tue) 4 Oct 1977 (40),Blackpool FC (9),3-1,?,Crystal Palace FC (9)
?,(Tue) 4 Oct 1977 (40),Sheffield United FC (9),4-1,?,Notts County FC (9)
?,(Tue) 4 Oct 1977 (40),Oldham Athletic AFC (9),1-1,?,Stoke City FC (9)
?,(Tue) 4 Oct 1977 (40),Luton Town FC (9),1-0,?,Millwall FC (9)
?,(Tue) 4 Oct 1977 (40),Bristol Rovers FC (9),3-1,?,Mansfield Town FC (9)
?,(Tue) 4 Oct 1977 (40),Southampton FC (9),1-0,?,Leyton Orient FC (9)
?,(Sat) 8 Oct 1977 (40),Stoke City FC (10),0-2,?,Crystal Palace FC (10)
?,(Sat) 8 Oct 1977 (40),Millwall FC (10),1-1,?,Hull City AFC (10)
?,(Sat) 8 Oct 1977 (40),Cardiff City FC (9),1-4,?,Luton Town FC (10)
?,(Sat) 8 Oct 1977 (40),Southampton FC (10),4-2,?,Sunderland AFC (10)
?,(Sat) 8 Oct 1977 (40),Blackburn Rovers FC (10),2-1,?,Charlton Athletic FC (9)
?,(Sat) 8 Oct 1977 (40),Mansfield Town FC (10),1-1,?,Sheffield United FC (10)
?,(Sat) 8 Oct 1977 (40),Burnley FC (10),3-1,?,Bristol Rovers FC (10)
?,(Sat) 8 Oct 1977 (40),Notts County FC (10),1-1,?,Leyton Orient FC (10)
?,(Sat) 8 Oct 1977 (40),Fulham FC (10),1-1,?,Blackpool FC (10)
?,(Sat) 8 Oct 1977 (40),Tottenham Hotspur FC (10),5-1,?,Oldham Athletic AFC (10)
?,(Sat) 8 Oct 1977 (40),Brighton & Hove Albion FC (10),1-2,?,Bolton Wanderers FC (10)
?,(Sat) 15 Oct 1977 (41),Bolton Wanderers FC (11),2-0,?,Mansfield Town FC (11)
?,(Sat) 15 Oct 1977 (41),Luton Town FC (11),1-0,?,Fulham FC (11)
?,(Sat) 15 Oct 1977 (41),Hull City AFC (11),2-0,?,Blackpool FC (11)
?,(Sat) 15 Oct 1977 (41),Stoke City FC (11),1-0,?,Brighton & Hove Albion FC (11)
?,(Sat) 15 Oct 1977 (41),Crystal Palace FC (11),1-2,?,Southampton FC (11)
?,(Sat) 15 Oct 1977 (41),Sheffield United FC (11),2-1,?,Burnley FC (11)
?,(Sat) 15 Oct 1977 (41),Bristol Rovers FC (11),4-1,?,Blackburn Rovers FC (11)
?,(Sat) 15 Oct 1977 (41),Oldham Athletic AFC (11),2-1,?,Notts County FC (11)
?,(Sat) 15 Oct 1977 (41),Sunderland AFC (11),2-0,?,Millwall FC (11)
?,(Sat) 15 Oct 1977 (41),Leyton Orient FC (11),2-1,?,Cardiff City FC (10)
?,(Sat) 15 Oct 1977 (41),Charlton Athletic FC (10),4-1,?,Tottenham Hotspur FC (11)
?,(Sat) 22 Oct 1977 (42),Blackpool FC (12),2-1,?,Luton Town FC (12)
?,(Sat) 22 Oct 1977 (42),Notts County FC (12),2-0,?,Charlton Athletic FC (11)
?,(Sat) 22 Oct 1977 (42),Blackburn Rovers FC (12),2-1,?,Stoke City FC (12)
?,(Sat) 22 Oct 1977 (42),Millwall FC (12),1-1,?,Sheffield United FC (12)
?,(Sat) 22 Oct 1977 (42),Tottenham Hotspur FC (12),9-0,?,Bristol Rovers FC (12)
?,(Sat) 22 Oct 1977 (42),Fulham FC (12),1-2,?,Leyton Orient FC (12)
?,(Sat) 22 Oct 1977 (42),Cardiff City FC (11),1-0,?,Oldham Athletic AFC (12)
?,(Sat) 22 Oct 1977 (42),Mansfield Town FC (12),1-2,?,Sunderland AFC (12)
?,(Sat) 22 Oct 1977 (42),Brighton & Hove Albion FC (12),1-1,?,Crystal Palace FC (12)
?,(Sat) 22 Oct 1977 (42),Southampton FC (12),2-2,?,Bolton Wanderers FC (12)
?,(Sat) 22 Oct 1977 (42),Burnley FC (12),1-1,?,Hull City AFC (12)
?,(Sat) 29 Oct 1977 (43),Bristol Rovers FC (13),0-0,?,Southampton FC (13)
?,(Sat) 29 Oct 1977 (43),Crystal Palace FC (13),1-1,?,Charlton Athletic FC (12)
?,(Sat) 29 Oct 1977 (43),Stoke City FC (13),1-3,?,Tottenham Hotspur FC (13)
?,(Sat) 29 Oct 1977 (43),Bolton Wanderers FC (13),2-1,?,Luton Town FC (13)
?,(Sat) 29 Oct 1977 (43),Hull City AFC (13),0-1,?,Blackburn Rovers FC (13)
?,(Sat) 29 Oct 1977 (43),Mansfield Town FC (13),1-3,?,Notts County FC (13)
?,(Sat) 29 Oct 1977 (43),Sheffield United FC (13),2-1,?,Fulham FC (13)
?,(Sat) 29 Oct 1977 (43),Leyton Orient FC (13),0-0,?,Millwall FC (13)
?,(Sat) 29 Oct 1977 (43),Brighton & Hove Albion FC (13),4-0,?,Cardiff City FC (12)
?,(Sat) 29 Oct 1977 (43),Sunderland AFC (13),3-1,?,Oldham Athletic AFC (13)
?,(Sat) 29 Oct 1977 (43),Burnley FC (13),0-1,?,Blackpool FC (13)
?,(Sat) 5 Nov 1977 (44),Luton Town FC (14),1-1,?,Hull City AFC (14)
?,(Sat) 5 Nov 1977 (44),Fulham FC (14),3-3,?,Sunderland AFC (14)
?,(Sat) 5 Nov 1977 (44),Cardiff City FC (13),2-0,?,Stoke City FC (14)
?,(Sat) 5 Nov 1977 (44),Blackpool FC (14),1-1,?,Sheffield United FC (14)
?,(Sat) 5 Nov 1977 (44),Charlton Athletic FC (13),2-2,?,Mansfield Town FC (14)
?,(Sat) 5 Nov 1977 (44),Tottenham Hotspur FC (14),3-0,?,Burnley FC (14)
?,(Sat) 5 Nov 1977 (44),Leyton Orient FC (14),1-1,?,Bolton Wanderers FC (14)
?,(Sat) 5 Nov 1977 (44),Oldham Athletic AFC (14),1-1,?,Crystal Palace FC (14)
?,(Sat) 5 Nov 1977 (44),Blackburn Rovers FC (14),2-1,?,Southampton FC (14)
?,(Sat) 5 Nov 1977 (44),Bristol Rovers FC (14),2-0,?,Millwall FC (14)
?,(Sat) 5 Nov 1977 (44),Notts County FC (14),1-0,?,Brighton & Hove Albion FC (14)
?,(Sat) 12 Nov 1977 (45),Millwall FC (15),1-1,?,Blackburn Rovers FC (15)
?,(Sat) 12 Nov 1977 (45),Brighton & Hove Albion FC (15),1-0,?,Leyton Orient FC (15)
?,(Sat) 12 Nov 1977 (45),Mansfield Town FC (15),3-1,?,Luton Town FC (15)
?,(Sat) 12 Nov 1977 (45),Burnley FC (15),3-1,?,Notts County FC (15)
?,(Sat) 12 Nov 1977 (45),Bolton Wanderers FC (15),2-1,?,Charlton Athletic FC (14)
?,(Sat) 12 Nov 1977 (45),Southampton FC (15),2-0,?,Blackpool FC (15)
?,(Sat) 12 Nov 1977 (45),Crystal Palace FC (15),1-2,?,Tottenham Hotspur FC (15)
?,(Sat) 12 Nov 1977 (45),Hull City AFC (15),4-1,?,Cardiff City FC (14)
?,(Sat) 12 Nov 1977 (45),Stoke City FC (15),2-0,?,Fulham FC (15)
?,(Sat) 12 Nov 1977 (45),Sheffield United FC (15),1-0,?,Oldham Athletic AFC (15)
?,(Sat) 12 Nov 1977 (45),Sunderland AFC (15),5-1,?,Bristol Rovers FC (15)
?,(Sat) 19 Nov 1977 (46),Charlton Athletic FC (15),3-0,?,Sheffield United FC (16)
?,(Sat) 19 Nov 1977 (46),Notts County FC (16),2-2,?,Sunderland AFC (16)
?,(Sat) 19 Nov 1977 (46),Blackpool FC (16),2-2,?,Millwall FC (16)
?,(Sat) 19 Nov 1977 (46),Blackburn Rovers FC (16),3-1,?,Mansfield Town FC (16)
?,(Sat) 19 Nov 1977 (46),Leyton Orient FC (16),0-0,?,Crystal Palace FC (16)
?,(Sat) 19 Nov 1977 (46),Tottenham Hotspur FC (16),0-0,?,Brighton & Hove Albion FC (16)
?,(Sat) 19 Nov 1977 (46),Bristol Rovers FC (16),0-1,?,Bolton Wanderers FC (16)
?,(Sat) 19 Nov 1977 (46),Luton Town FC (16),1-2,?,Stoke City FC (16)
?,(Sat) 19 Nov 1977 (46),Oldham Athletic AFC (16),1-1,?,Southampton FC (16)
?,(Sat) 19 Nov 1977 (46),Fulham FC (16),2-0,?,Hull City AFC (16)
?,(Sat) 19 Nov 1977 (46),Cardiff City FC (15),2-1,?,Burnley FC (16)
?,(Sat) 26 Nov 1977 (47),Crystal Palace FC (17),2-0,?,Cardiff City FC (16)
?,(Sat) 26 Nov 1977 (47),Southampton FC (17),2-0,?,Fulham FC (17)
?,(Sat) 26 Nov 1977 (47),Stoke City FC (17),1-2,?,Blackpool FC (17)
?,(Sat) 26 Nov 1977 (47),Bolton Wanderers FC (17),1-0,?,Tottenham Hotspur FC (17)
?,(Sat) 26 Nov 1977 (47),Brighton & Hove Albion FC (17),2-2,?,Blackburn Rovers FC (17)
?,(Sat) 26 Nov 1977 (47),Burnley FC (17),0-0,?,Leyton Orient FC (17)
?,(Sat) 26 Nov 1977 (47),Millwall FC (17),0-0,?,Notts County FC (17)
?,(Sat) 26 Nov 1977 (47),Sunderland AFC (17),1-1,?,Luton Town FC (17)
?,(Sat) 26 Nov 1977 (47),Mansfield Town FC (17),0-2,?,Oldham Athletic AFC (17)
?,(Sat) 26 Nov 1977 (47),Hull City AFC (17),0-2,?,Charlton Athletic FC (16)
?,(Sat) 26 Nov 1977 (47),Sheffield United FC (17),1-1,?,Bristol Rovers FC (17)
?,(Sat) 3 Dec 1977 (48),Oldham Athletic AFC (18),2-2,?,Millwall FC (18)
?,(Sat) 3 Dec 1977 (48),Bristol Rovers FC (18),1-1,?,Hull City AFC (18)
?,(Sat) 3 Dec 1977 (48),Notts County FC (18),2-0,?,Stoke City FC (18)
?,(Sat) 3 Dec 1977 (48),Charlton Athletic FC (17),3-2,?,Sunderland AFC (18)
?,(Sat) 3 Dec 1977 (48),Blackpool FC (18),0-1,?,Brighton & Hove Albion FC (18)
?,(Sat) 3 Dec 1977 (48),Fulham FC (18),2-0,?,Bolton Wanderers FC (18)
?,(Sat) 3 Dec 1977 (48),Luton Town FC (18),1-2,?,Burnley FC (18)
?,(Sat) 3 Dec 1977 (48),Cardiff City FC (17),1-6,?,Sheffield United FC (18)
?,(Sat) 3 Dec 1977 (48),Tottenham Hotspur FC (18),0-0,?,Southampton FC (18)
?,(Sat) 3 Dec 1977 (48),Leyton Orient FC (18),4-2,?,Mansfield Town FC (18)
?,(Sat) 3 Dec 1977 (48),Blackburn Rovers FC (18),3-0,?,Crystal Palace FC (18)
?,(Sat) 10 Dec 1977 (49),Bolton Wanderers FC (19),6-3,?,Cardiff City FC (18)
?,(Sat) 10 Dec 1977 (49),Brighton & Hove Albion FC (19),1-1,?,Oldham Athletic AFC (19)
?,(Sat) 10 Dec 1977 (49),Burnley FC (19),1-0,?,Charlton Athletic FC (18)
?,(Sat) 10 Dec 1977 (49),Southampton FC (19),0-1,?,Luton Town FC (19)
?,(Sat) 10 Dec 1977 (49),Crystal Palace FC (19),2-0,?,Notts County FC (19)
?,(Sat) 10 Dec 1977 (49),Sheffield United FC (19),2-0,?,Blackburn Rovers FC (19)
?,(Sat) 10 Dec 1977 (49),Millwall FC (19),0-3,?,Fulham FC (19)
?,(Sat) 10 Dec 1977 (49),Mansfield Town FC (19),1-3,?,Blackpool FC (19)
?,(Sat) 10 Dec 1977 (49),Hull City AFC (19),2-2,?,Leyton Orient FC (19)
?,(Sat) 10 Dec 1977 (49),Sunderland AFC (19),1-2,?,Tottenham Hotspur FC (19)
?,(Sat) 10 Dec 1977 (49),Stoke City FC (19),3-2,?,Bristol Rovers FC (19)
?,(Sat) 17 Dec 1977 (50),Tottenham Hotspur FC (20),2-2,?,Crystal Palace FC (20)
?,(Sat) 17 Dec 1977 (50),Fulham FC (20),3-0,?,Stoke City FC (20)
?,(Sat) 17 Dec 1977 (50),Blackpool FC (20),0-1,?,Southampton FC (20)
?,(Sat) 17 Dec 1977 (50),Cardiff City FC (19),0-0,?,Hull City AFC (20)
?,(Sat) 17 Dec 1977 (50),Leyton Orient FC (20),0-1,?,Brighton & Hove Albion FC (20)
?,(Sat) 17 Dec 1977 (50),Charlton Athletic FC (19),2-1,?,Bolton Wanderers FC (20)
?,(Sat) 17 Dec 1977 (50),Blackburn Rovers FC (20),2-1,?,Millwall FC (20)
?,(Sat) 17 Dec 1977 (50),Oldham Athletic AFC (20),3-0,?,Sheffield United FC (20)
?,(Sat) 17 Dec 1977 (50),Bristol Rovers FC (20),3-2,?,Sunderland AFC (20)
?,(Sat) 17 Dec 1977 (50),Notts County FC (20),3-0,?,Burnley FC (20)
?,(Sat) 17 Dec 1977 (50),Luton Town FC (20),1-1,?,Mansfield Town FC (20)
?,(Mon) 26 Dec 1977 (52),Burnley FC (21),2-3,?,Blackburn Rovers FC (21)
?,(Mon) 26 Dec 1977 (52),Mansfield Town FC (21),2-1,?,Fulham FC (21)
?,(Mon) 26 Dec 1977 (52),Southampton FC (21),3-1,?,Cardiff City FC (20)
?,(Mon) 26 Dec 1977 (52),Sunderland AFC (21),2-1,?,Blackpool FC (21)
?,(Mon) 26 Dec 1977 (52),Crystal Palace FC (21),3-3,?,Luton Town FC (21)
?,(Mon) 26 Dec 1977 (52),Stoke City FC (21),4-0,?,Charlton Athletic FC (20)
?,(Mon) 26 Dec 1977 (52),Hull City AFC (21),0-1,?,Oldham Athletic AFC (21)
?,(Mon) 26 Dec 1977 (52),Brighton & Hove Albion FC (21),1-1,?,Bristol Rovers FC (21)
?,(Mon) 26 Dec 1977 (52),Bolton Wanderers FC (21),2-0,?,Notts County FC (21)
?,(Mon) 26 Dec 1977 (52),Sheffield United FC (21),2-0,?,Leyton Orient FC (21)
?,(Mon) 26 Dec 1977 (52),Millwall FC (21),1-3,?,Tottenham Hotspur FC (21)
?,(Tue) 27 Dec 1977 (52),Leyton Orient FC (22),2-0,?,Stoke City FC (22)
?,(Tue) 27 Dec 1977 (52),Luton Town FC (22),4-0,?,Sheffield United FC (22)
?,(Tue) 27 Dec 1977 (52),Charlton Athletic FC (21),1-3,?,Southampton FC (22)
?,(Tue) 27 Dec 1977 (52),Tottenham Hotspur FC (22),1-1,?,Mansfield Town FC (22)
?,(Tue) 27 Dec 1977 (52),Oldham Athletic AFC (22),2-0,?,Burnley FC (22)
?,(Tue) 27 Dec 1977 (52),Blackburn Rovers FC (22),1-1,?,Sunderland AFC (22)
?,(Tue) 27 Dec 1977 (52),Notts County FC (22),2-1,?,Hull City AFC (22)
?,(Tue) 27 Dec 1977 (52),Blackpool FC (22),0-2,?,Bolton Wanderers FC (22)
?,(Tue) 27 Dec 1977 (52),Bristol Rovers FC (22),3-0,?,Crystal Palace FC (22)
?,(Wed) 28 Dec 1977 (52),Cardiff City FC (21),4-1,?,Millwall FC (22)
?,(Wed) 28 Dec 1977 (52),Fulham FC (22),2-1,?,Brighton & Hove Albion FC (22)
?,(Fri) 30 Dec 1977 (52),Fulham FC (23),0-2,?,Oldham Athletic AFC (23)
?,(Sat) 31 Dec 1977 (52),Cardiff City FC (22),1-0,?,Charlton Athletic FC (22)
?,(Sat) 31 Dec 1977 (52),Southampton FC (23),1-0,?,Stoke City FC (23)
?,(Sat) 31 Dec 1977 (52),Tottenham Hotspur FC (23),4-0,?,Blackburn Rovers FC (23)
?,(Sat) 31 Dec 1977 (52),Luton Town FC (23),1-0,?,Brighton & Hove Albion FC (23)
?,(Sat) 31 Dec 1977 (52),Mansfield Town FC (23),1-3,?,Crystal Palace FC (23)
?,(Sat) 31 Dec 1977 (52),Blackpool FC (23),0-0,?,Leyton Orient FC (23)
?,(Sat) 31 Dec 1977 (52),Burnley FC (23),0-0,?,Sunderland AFC (23)
?,(Sat) 31 Dec 1977 (52),Hull City AFC (23),2-3,?,Sheffield United FC (23)
?,(Sat) 31 Dec 1977 (52),Notts County FC (23),3-2,?,Bristol Rovers FC (23)
?,(Sat) 31 Dec 1977 (52),Millwall FC (23),1-0,?,Bolton Wanderers FC (23)
?,(Mon) 2 Jan 1978 (1),Charlton Athletic FC (23),0-1,?,Fulham FC (24)
?,(Mon) 2 Jan 1978 (1),Leyton Orient FC (24),0-0,?,Luton Town FC (24)
?,(Mon) 2 Jan 1978 (1),Bolton Wanderers FC (24),1-2,?,Burnley FC (24)
?,(Mon) 2 Jan 1978 (1),Sunderland AFC (24),2-0,?,Hull City AFC (24)
?,(Mon) 2 Jan 1978 (1),Bristol Rovers FC (24),3-2,?,Cardiff City FC (23)
?,(Mon) 2 Jan 1978 (1),Stoke City FC (24),1-1,?,Mansfield Town FC (24)
?,(Mon) 2 Jan 1978 (1),Blackburn Rovers FC (24),1-0,?,Notts County FC (24)
?,(Mon) 2 Jan 1978 (1),Crystal Palace FC (24),1-0,?,Millwall FC (24)
?,(Mon) 2 Jan 1978 (1),Brighton & Hove Albion FC (24),1-1,?,Southampton FC (24)
?,(Mon) 2 Jan 1978 (1),Sheffield United FC (24),2-2,?,Tottenham Hotspur FC (24)
?,(Mon) 2 Jan 1978 (1),Oldham Athletic AFC (24),2-1,?,Blackpool FC (24)
?,(Sat) 14 Jan 1978 (2),Leyton Orient FC (25),2-2,?,Sunderland AFC (25)
?,(Sat) 14 Jan 1978 (2),Blackpool FC (25),5-1,?,Charlton Athletic FC (24)
?,(Sat) 14 Jan 1978 (2),Cardiff City FC (24),1-1,?,Blackburn Rovers FC (25)
?,(Sat) 14 Jan 1978 (2),Notts County FC (25),3-3,?,Tottenham Hotspur FC (25)
?,(Sat) 14 Jan 1978 (2),Luton Town FC (25),0-1,?,Oldham Athletic AFC (25)
?,(Sat) 14 Jan 1978 (2),Mansfield Town FC (25),1-2,?,Southampton FC (25)
?,(Sat) 14 Jan 1978 (2),Hull City AFC (25),1-0,?,Crystal Palace FC (25)
?,(Sat) 14 Jan 1978 (2),Fulham FC (25),1-1,?,Bristol Rovers FC (25)
?,(Sat) 14 Jan 1978 (2),Millwall FC (25),0-1,?,Brighton & Hove Albion FC (25)
?,(Sat) 14 Jan 1978 (2),Sheffield United FC (25),1-5,?,Bolton Wanderers FC (25)
?,(Sat) 14 Jan 1978 (2),Burnley FC (25),1-0,?,Stoke City FC (25)
?,(Sat) 21 Jan 1978 (3),Crystal Palace FC (26),1-1,?,Burnley FC (26)
?,(Sat) 21 Jan 1978 (3),Charlton Athletic FC (25),0-0,?,Luton Town FC (26)
?,(Sat) 21 Jan 1978 (3),Tottenham Hotspur FC (26),2-1,?,Cardiff City FC (25)
?,(Sat) 21 Jan 1978 (3),Bristol Rovers FC (26),2-0,?,Blackpool FC (26)
?,(Sat) 21 Jan 1978 (3),Brighton & Hove Albion FC (26),5-1,?,Mansfield Town FC (26)
?,(Sat) 21 Jan 1978 (3),Sunderland AFC (26),5-1,?,Sheffield United FC (26)
?,(Sat) 21 Jan 1978 (3),Southampton FC (26),3-1,?,Notts County FC (26)
?,(Sat) 21 Jan 1978 (3),Oldham Athletic AFC (26),2-1,?,Leyton Orient FC (26)
?,(Sat) 21 Jan 1978 (3),Bolton Wanderers FC (26),1-0,?,Hull City AFC (26)
?,(Sat) 28 Jan 1978 (4),Cardiff City FC (26),5-2,?,Sunderland AFC (27)
?,(Sat) 4 Feb 1978 (5),Burnley FC (27),3-3,?,Southampton FC (27)
?,(Sat) 4 Feb 1978 (5),Fulham FC (26),1-1,?,Tottenham Hotspur FC (27)
?,(Sat) 4 Feb 1978 (5),Blackpool FC (27),5-2,?,Blackburn Rovers FC (26)
?,(Sat) 4 Feb 1978 (5),Hull City AFC (27),1-1,?,Brighton & Hove Albion FC (27)
?,(Wed) 8 Feb 1978 (6),Luton Town FC (27),1-1,?,Bristol Rovers FC (27)
?,(Fri) 10 Feb 1978 (6),Charlton Athletic FC (26),2-2,?,Oldham Athletic AFC (27)
?,(Sat) 11 Feb 1978 (6),Tottenham Hotspur FC (28),2-2,?,Blackpool FC (28)
?,(Sat) 11 Feb 1978 (6),Bristol Rovers FC (28),2-1,?,Leyton Orient FC (27)
?,(Sat) 11 Feb 1978 (6),Blackburn Rovers FC (27),2-0,?,Luton Town FC (28)
?,(Sat) 11 Feb 1978 (6),Mansfield Town FC (27),2-2,?,Cardiff City FC (27)
?,(Sat) 11 Feb 1978 (6),Brighton & Hove Albion FC (28),2-1,?,Burnley FC (28)
?,(Sat) 11 Feb 1978 (6),Southampton FC (28),2-3,?,Millwall FC (26)
?,(Sat) 11 Feb 1978 (6),Crystal Palace FC (27),1-0,?,Sheffield United FC (27)
?,(Sat) 18 Feb 1978 (7),Oldham Athletic AFC (28),2-2,?,Bolton Wanderers FC (27)
?,(Wed) 22 Feb 1978 (8),Luton Town FC (29),1-4,?,Tottenham Hotspur FC (29)
?,(Sat) 25 Feb 1978 (8),Notts County FC (27),2-0,?,Luton Town FC (30)
?,(Sat) 25 Feb 1978 (8),Millwall FC (27),1-1,?,Burnley FC (29)
?,(Sat) 25 Feb 1978 (8),Bristol Rovers FC (29),2-2,?,Charlton Athletic FC (27)
?,(Sat) 25 Feb 1978 (8),Southampton FC (29),2-1,?,Sheffield United FC (28)
?,(Sat) 25 Feb 1978 (8),Tottenham Hotspur FC (30),1-1,?,Leyton Orient FC (28)
?,(Sat) 25 Feb 1978 (8),Cardiff City FC (28),2-1,?,Blackpool FC (29)
?,(Sat) 25 Feb 1978 (8),Fulham FC (27),1-1,?,Crystal Palace FC (28)
?,(Sat) 25 Feb 1978 (8),Brighton & Hove Albion FC (29),2-1,?,Sunderland AFC (28)
?,(Sat) 25 Feb 1978 (8),Mansfield Town FC (28),1-0,?,Hull City AFC (28)
?,(Sat) 25 Feb 1978 (8),Blackburn Rovers FC (28),4-2,?,Oldham Athletic AFC (29)
?,(Sat) 25 Feb 1978 (8),Stoke City FC (26),0-0,?,Bolton Wanderers FC (28)
?,(Tue) 28 Feb 1978 (9),Charlton Athletic FC (28),0-2,?,Millwall FC (28)
?,(Sat) 4 Mar 1978 (9),Leyton Orient FC (29),0-0,?,Notts County FC (28)
?,(Sat) 4 Mar 1978 (9),Sheffield United FC (29),2-0,?,Mansfield Town FC (29)
?,(Sat) 4 Mar 1978 (9),Crystal Palace FC (29),0-1,?,Stoke City FC (27)
?,(Sat) 4 Mar 1978 (9),Luton Town FC (31),3-1,?,Cardiff City FC (29)
?,(Sat) 4 Mar 1978 (9),Bristol Rovers FC (30),2-2,?,Burnley FC (30)
?,(Sat) 4 Mar 1978 (9),Charlton Athletic FC (29),2-2,?,Blackburn Rovers FC (29)
?,(Sat) 4 Mar 1978 (9),Bolton Wanderers FC (29),1-1,?,Brighton & Hove Albion FC (30)
?,(Sat) 4 Mar 1978 (9),Oldham Athletic AFC (30),1-1,?,Tottenham Hotspur FC (31)
?,(Sat) 4 Mar 1978 (9),Hull City AFC (29),3-2,?,Millwall FC (29)
?,(Sat) 4 Mar 1978 (9),Sunderland AFC (29),0-0,?,Southampton FC (30)
?,(Tue) 7 Mar 1978 (10),Fulham FC (28),1-0,?,Cardiff City FC (30)
?,(Tue) 7 Mar 1978 (10),Bolton Wanderers FC (30),2-0,?,Sunderland AFC (30)
?,(Tue) 7 Mar 1978 (10),Blackpool FC (30),2-2,?,Notts County FC (29)
?,(Wed) 8 Mar 1978 (10),Stoke City FC (28),1-0,?,Hull City AFC (30)
?,(Fri) 10 Mar 1978 (10),Fulham FC (29),1-0,?,Luton Town FC (32)
?,(Sat) 11 Mar 1978 (10),Blackburn Rovers FC (30),0-1,?,Bristol Rovers FC (31)
?,(Sat) 11 Mar 1978 (10),Burnley FC (31),4-1,?,Sheffield United FC (30)
?,(Sat) 11 Mar 1978 (10),Southampton FC (31),2-0,?,Crystal Palace FC (30)
?,(Sat) 11 Mar 1978 (10),Blackpool FC (31),3-0,?,Hull City AFC (31)
?,(Sat) 11 Mar 1978 (10),Notts County FC (30),3-2,?,Oldham Athletic AFC (31)
?,(Sat) 11 Mar 1978 (10),Tottenham Hotspur FC (32),2-1,?,Charlton Athletic FC (30)
?,(Sat) 11 Mar 1978 (10),Mansfield Town FC (30),0-1,?,Bolton Wanderers FC (31)
?,(Sat) 11 Mar 1978 (10),Brighton & Hove Albion FC (31),2-1,?,Stoke City FC (29)
?,(Tue) 14 Mar 1978 (11),Sheffield United FC (31),1-2,?,Stoke City FC (30)
?,(Tue) 14 Mar 1978 (11),Sunderland AFC (31),0-0,?,Crystal Palace FC (31)
?,(Tue) 14 Mar 1978 (11),Burnley FC (32),2-0,?,Mansfield Town FC (31)
?,(Wed) 15 Mar 1978 (11),Blackburn Rovers FC (31),4-0,?,Fulham FC (30)
?,(Fri) 17 Mar 1978 (11),Leyton Orient FC (30),1-1,?,Fulham FC (31)
?,(Fri) 17 Mar 1978 (11),Charlton Athletic FC (31),0-0,?,Notts County FC (31)
?,(Sat) 18 Mar 1978 (11),Crystal Palace FC (32),0-0,?,Brighton & Hove Albion FC (32)
?,(Sat) 18 Mar 1978 (11),Sheffield United FC (32),5-2,?,Millwall FC (30)
?,(Sat) 18 Mar 1978 (11),Oldham Athletic AFC (32),1-1,?,Cardiff City FC (31)
?,(Sat) 18 Mar 1978 (11),Luton Town FC (33),4-0,?,Blackpool FC (32)
?,(Sat) 18 Mar 1978 (11),Bristol Rovers FC (32),2-3,?,Tottenham Hotspur FC (33)
?,(Sat) 18 Mar 1978 (11),Stoke City FC (31),4-2,?,Blackburn Rovers FC (32)
?,(Sat) 18 Mar 1978 (11),Hull City AFC (32),1-3,?,Burnley FC (33)
?,(Sat) 18 Mar 1978 (11),Sunderland AFC (32),1-0,?,Mansfield Town FC (32)
?,(Sat) 18 Mar 1978 (11),Bolton Wanderers FC (32),0-0,?,Southampton FC (32)
?,(Tue) 21 Mar 1978 (12),Millwall FC (31),2-0,?,Leyton Orient FC (31)
?,(Tue) 21 Mar 1978 (12),Luton Town FC (34),2-1,?,Bolton Wanderers FC (33)
?,(Tue) 21 Mar 1978 (12),Notts County FC (32),1-0,?,Mansfield Town FC (33)
?,(Wed) 22 Mar 1978 (12),Tottenham Hotspur FC (34),3-1,?,Stoke City FC (32)
?,(Fri) 24 Mar 1978 (12),Blackburn Rovers FC (33),1-1,?,Hull City AFC (33)
?,(Fri) 24 Mar 1978 (12),Cardiff City FC (32),1-0,?,Brighton & Hove Albion FC (33)
?,(Fri) 24 Mar 1978 (12),Oldham Athletic AFC (33),1-1,?,Sunderland AFC (33)
?,(Fri) 24 Mar 1978 (12),Fulham FC (32),2-0,?,Sheffield United FC (33)
?,(Fri) 24 Mar 1978 (12),Charlton Athletic FC (32),1-0,?,Crystal Palace FC (33)
?,(Sat) 25 Mar 1978 (12),Sunderland AFC (34),0-1,?,Blackburn Rovers FC (34)
?,(Sat) 25 Mar 1978 (12),Hull City AFC (34),1-1,?,Notts County FC (33)
?,(Sat) 25 Mar 1978 (12),Millwall FC (32),1-1,?,Cardiff City FC (33)
?,(Sat) 25 Mar 1978 (12),Stoke City FC (33),5-1,?,Leyton Orient FC (32)
?,(Sat) 25 Mar 1978 (12),Mansfield Town FC (34),3-3,?,Tottenham Hotspur FC (35)
?,(Sat) 25 Mar 1978 (12),Brighton & Hove Albion FC (34),2-0,?,Fulham FC (33)
?,(Sat) 25 Mar 1978 (12),Burnley FC (34),4-1,?,Oldham Athletic AFC (34)
?,(Sat) 25 Mar 1978 (12),Crystal Palace FC (34),1-0,?,Bristol Rovers FC (33)
?,(Sat) 25 Mar 1978 (12),Southampton FC (33),4-1,?,Charlton Athletic FC (33)
?,(Sat) 25 Mar 1978 (12),Sheffield United FC (34),4-1,?,Luton Town FC (35)
?,(Sat) 25 Mar 1978 (12),Bolton Wanderers FC (34),2-1,?,Blackpool FC (33)
?,(Mon) 27 Mar 1978 (13),Leyton Orient FC (33),3-1,?,Sheffield United FC (35)
?,(Mon) 27 Mar 1978 (13),Blackpool FC (34),1-1,?,Sunderland AFC (35)
?,(Mon) 27 Mar 1978 (13),Luton Town FC (36),1-0,?,Crystal Palace FC (35)
?,(Mon) 27 Mar 1978 (13),Tottenham Hotspur FC (36),3-3,?,Millwall FC (33)
?,(Mon) 27 Mar 1978 (13),Blackburn Rovers FC (35),0-1,?,Burnley FC (35)
?,(Mon) 27 Mar 1978 (13),Fulham FC (34),0-2,?,Mansfield Town FC (35)
?,(Mon) 27 Mar 1978 (13),Notts County FC (34),1-1,?,Bolton Wanderers FC (35)
?,(Mon) 27 Mar 1978 (13),Oldham Athletic AFC (35),2-1,?,Hull City AFC (35)
?,(Mon) 27 Mar 1978 (13),Southampton FC (34),3-1,?,Bristol Rovers FC (34)
?,(Tue) 28 Mar 1978 (13),Blackpool FC (35),1-1,?,Burnley FC (36)
?,(Tue) 28 Mar 1978 (13),Charlton Athletic FC (34),3-2,?,Stoke City FC (34)
?,(Wed) 29 Mar 1978 (13),Cardiff City FC (34),1-0,?,Southampton FC (35)
?,(Sat) 1 Apr 1978 (13),Millwall FC (34),1-3,?,Bristol Rovers FC (35)
?,(Sat) 1 Apr 1978 (13),Crystal Palace FC (36),0-0,?,Oldham Athletic AFC (36)
?,(Sat) 1 Apr 1978 (13),Brighton & Hove Albion FC (35),2-1,?,Notts County FC (35)
?,(Sat) 1 Apr 1978 (13),Southampton FC (36),5-0,?,Blackburn Rovers FC (36)
?,(Sat) 1 Apr 1978 (13),Burnley FC (37),2-1,?,Tottenham Hotspur FC (37)
?,(Sat) 1 Apr 1978 (13),Mansfield Town FC (36),0-3,?,Charlton Athletic FC (35)
?,(Sat) 1 Apr 1978 (13),Sunderland AFC (36),2-2,?,Fulham FC (35)
?,(Sat) 1 Apr 1978 (13),Sheffield United FC (36),0-0,?,Blackpool FC (36)
?,(Sat) 1 Apr 1978 (13),Stoke City FC (35),2-0,?,Cardiff City FC (35)
?,(Sat) 1 Apr 1978 (13),Bolton Wanderers FC (36),2-0,?,Leyton Orient FC (34)
?,(Sat) 1 Apr 1978 (13),Hull City AFC (36),1-1,?,Luton Town FC (37)
?,(Tue) 4 Apr 1978 (14),Charlton Athletic FC (36),0-0,?,Cardiff City FC (36)
?,(Tue) 4 Apr 1978 (14),Leyton Orient FC (35),0-0,?,Blackburn Rovers FC (37)
?,(Tue) 4 Apr 1978 (14),Oldham Athletic AFC (37),4-1,?,Bristol Rovers FC (36)
?,(Tue) 4 Apr 1978 (14),Notts County FC (36),1-1,?,Fulham FC (36)
?,(Tue) 4 Apr 1978 (14),Sunderland AFC (37),1-0,?,Stoke City FC (36)
?,(Tue) 4 Apr 1978 (14),Sheffield United FC (37),2-0,?,Brighton & Hove Albion FC (36)
?,(Fri) 7 Apr 1978 (14),Fulham FC (37),1-1,?,Southampton FC (37)
?,(Sat) 8 Apr 1978 (14),Blackpool FC (37),1-1,?,Stoke City FC (37)
?,(Sat) 8 Apr 1978 (14),Oldham Athletic AFC (38),0-1,?,Mansfield Town FC (37)
?,(Sat) 8 Apr 1978 (14),Bristol Rovers FC (37),4-1,?,Sheffield United FC (38)
?,(Sat) 8 Apr 1978 (14),Cardiff City FC (37),2-2,?,Crystal Palace FC (37)
?,(Sat) 8 Apr 1978 (14),Notts County FC (37),1-1,?,Millwall FC (35)
?,(Sat) 8 Apr 1978 (14),Blackburn Rovers FC (38),0-1,?,Brighton & Hove Albion FC (37)
?,(Sat) 8 Apr 1978 (14),Luton Town FC (38),1-3,?,Sunderland AFC (38)
?,(Sat) 8 Apr 1978 (14),Tottenham Hotspur FC (38),1-0,?,Bolton Wanderers FC (37)
?,(Sat) 8 Apr 1978 (14),Charlton Athletic FC (37),0-1,?,Hull City AFC (37)
?,(Tue) 11 Apr 1978 (15),Hull City AFC (38),0-3,?,Southampton FC (38)
?,(Wed) 12 Apr 1978 (15),Stoke City FC (38),2-1,?,Millwall FC (36)
?,(Sat) 15 Apr 1978 (15),Bolton Wanderers FC (38),3-0,?,Bristol Rovers FC (38)
?,(Sat) 15 Apr 1978 (15),Stoke City FC (39),0-0,?,Luton Town FC (39)
?,(Sat) 15 Apr 1978 (15),Burnley FC (38),4-2,?,Cardiff City FC (38)
?,(Sat) 15 Apr 1978 (15),Millwall FC (37),2-0,?,Blackpool FC (38)
?,(Sat) 15 Apr 1978 (15),Hull City AFC (39),0-1,?,Fulham FC (38)
?,(Sat) 15 Apr 1978 (15),Southampton FC (39),2-2,?,Oldham Athletic AFC (39)
?,(Sat) 15 Apr 1978 (15),Sunderland AFC (39),3-1,?,Notts County FC (38)
?,(Sat) 15 Apr 1978 (15),Crystal Palace FC (38),1-0,?,Leyton Orient FC (36)
?,(Sat) 15 Apr 1978 (15),Sheffield United FC (39),1-0,?,Charlton Athletic FC (38)
?,(Sat) 15 Apr 1978 (15),Brighton & Hove Albion FC (38),3-1,?,Tottenham Hotspur FC (39)
?,(Sat) 15 Apr 1978 (15),Mansfield Town FC (38),2-2,?,Blackburn Rovers FC (39)
?,(Tue) 18 Apr 1978 (16),Millwall FC (38),3-1,?,Sunderland AFC (40)
?,(Tue) 18 Apr 1978 (16),Leyton Orient FC (37),3-0,?,Burnley FC (39)
?,(Tue) 18 Apr 1978 (16),Blackpool FC (39),1-2,?,Fulham FC (39)
?,(Tue) 18 Apr 1978 (16),Bristol Rovers FC (39),0-4,?,Brighton & Hove Albion FC (39)
?,(Tue) 18 Apr 1978 (16),Bolton Wanderers FC (39),2-0,?,Crystal Palace FC (39)
?,(Sat) 22 Apr 1978 (16),Blackburn Rovers FC (40),1-1,?,Sheffield United FC (40)
?,(Sat) 22 Apr 1978 (16),Cardiff City FC (39),1-0,?,Bolton Wanderers FC (40)
?,(Sat) 22 Apr 1978 (16),Charlton Athletic FC (39),3-2,?,Burnley FC (40)
?,(Sat) 22 Apr 1978 (16),Bristol Rovers FC (40),4-1,?,Stoke City FC (40)
?,(Sat) 22 Apr 1978 (16),Blackpool FC (40),1-2,?,Mansfield Town FC (39)
?,(Sat) 22 Apr 1978 (16),Luton Town FC (40),1-2,?,Southampton FC (40)
?,(Sat) 22 Apr 1978 (16),Fulham FC (40),0-1,?,Millwall FC (39)
?,(Sat) 22 Apr 1978 (16),Oldham Athletic AFC (40),1-1,?,Brighton & Hove Albion FC (40)
?,(Sat) 22 Apr 1978 (16),Leyton Orient FC (38),2-1,?,Hull City AFC (40)
?,(Sat) 22 Apr 1978 (16),Notts County FC (39),2-0,?,Crystal Palace FC (40)
?,(Sat) 22 Apr 1978 (16),Tottenham Hotspur FC (40),2-3,?,Sunderland AFC (41)
?,(Mon) 24 Apr 1978 (17),Mansfield Town FC (40),3-0,?,Bristol Rovers FC (41)
?,(Tue) 25 Apr 1978 (17),Brighton & Hove Albion FC (41),1-0,?,Charlton Athletic FC (40)
?,(Tue) 25 Apr 1978 (17),Notts County FC (40),1-2,?,Sheffield United FC (41)
?,(Tue) 25 Apr 1978 (17),Millwall FC (40),1-0,?,Luton Town FC (41)
?,(Tue) 25 Apr 1978 (17),Leyton Orient FC (39),1-1,?,Southampton FC (41)
?,(Tue) 25 Apr 1978 (17),Burnley FC (41),2-0,?,Fulham FC (41)
?,(Tue) 25 Apr 1978 (17),Crystal Palace FC (41),2-2,?,Blackpool FC (41)
?,(Wed) 26 Apr 1978 (17),Blackburn Rovers FC (41),0-1,?,Bolton Wanderers FC (41)
?,(Wed) 26 Apr 1978 (17),Stoke City FC (41),3-0,?,Oldham Athletic AFC (41)
?,(Wed) 26 Apr 1978 (17),Tottenham Hotspur FC (41),1-0,?,Hull City AFC (41)
?,(Sat) 29 Apr 1978 (17),Mansfield Town FC (41),1-1,?,Leyton Orient FC (40)
?,(Sat) 29 Apr 1978 (17),Sheffield United FC (42),0-1,?,Cardiff City FC (40)
?,(Sat) 29 Apr 1978 (17),Millwall FC (41),2-0,?,Oldham Athletic AFC (42)
?,(Sat) 29 Apr 1978 (17),Burnley FC (42),2-1,?,Luton Town FC (42)
?,(Sat) 29 Apr 1978 (17),Brighton & Hove Albion FC (42),2-1,?,Blackpool FC (42)
?,(Sat) 29 Apr 1978 (17),Sunderland AFC (42),3-0,?,Charlton Athletic FC (41)
?,(Sat) 29 Apr 1978 (17),Southampton FC (42),0-0,?,Tottenham Hotspur FC (42)
?,(Sat) 29 Apr 1978 (17),Stoke City FC (42),1-1,?,Notts County FC (41)
?,(Sat) 29 Apr 1978 (17),Bolton Wanderers FC (42),0-0,?,Fulham FC (42)
?,(Sat) 29 Apr 1978 (17),Hull City AFC (42),0-1,?,Bristol Rovers FC (42)
?,(Sat) 29 Apr 1978 (17),Crystal Palace FC (42),5-0,?,Blackburn Rovers FC (42)
?,(Tue) 2 May 1978 (18),Millwall FC (42),1-0,?,Mansfield Town FC (42)
?,(Wed) 3 May 1978 (18),Cardiff City FC (41),2-1,?,Notts County FC (42)
?,(Wed) 3 May 1978 (18),Leyton Orient FC (41),0-0,?,Charlton Athletic FC (42)
?,(Tue) 9 May 1978 (19),Cardiff City FC (42),0-1,?,Leyton Orient FC (42)
