Round,Date,Team 1,FT,HT,Team 2
?,(Sat) 21 Aug 1948 (33),Sheffield United FC (1),3-2,?,Blackpool FC (1)
?,(Sat) 21 Aug 1948 (33),Burnley FC (1),1-0,?,Manchester City FC (1)
?,(Sat) 21 Aug 1948 (33),Chelsea FC (1),1-0,?,Middlesbrough FC (1)
?,(Sat) 21 Aug 1948 (33),Wolverhampton Wanderers FC (1),2-2,?,Birmingham City FC (1)
?,(Sat) 21 Aug 1948 (33),Everton FC (1),3-3,?,Newcastle United FC (1)
?,(Sat) 21 Aug 1948 (33),Sunderland AFC (1),2-0,?,Bolton Wanderers FC (1)
?,(Sat) 21 Aug 1948 (33),Preston North End FC (1),2-2,?,Portsmouth FC (1)
?,(Sat) 21 Aug 1948 (33),Manchester United FC (1),1-2,?,Derby County FC (1)
?,(Sat) 21 Aug 1948 (33),Stoke City FC (1),2-2,?,Charlton Athletic FC (1)
?,(Sat) 21 Aug 1948 (33),Aston Villa FC (1),2-1,?,Liverpool FC (1)
?,(Sat) 21 Aug 1948 (33),Huddersfield Town AFC (1),1-1,?,Arsenal FC (1)
?,(Mon) 23 Aug 1948 (34),Blackpool FC (2),0-3,?,Manchester United FC (2)
?,(Wed) 25 Aug 1948 (34),Manchester City FC (2),3-2,?,Preston North End FC (2)
?,(Wed) 25 Aug 1948 (34),Wolverhampton Wanderers FC (2),0-1,?,Sunderland AFC (2)
?,(Wed) 25 Aug 1948 (34),Bolton Wanderers FC (2),3-0,?,Aston Villa FC (2)
?,(Wed) 25 Aug 1948 (34),Newcastle United FC (2),2-2,?,Chelsea FC (2)
?,(Wed) 25 Aug 1948 (34),Charlton Athletic FC (2),3-1,?,Burnley FC (2)
?,(Wed) 25 Aug 1948 (34),Derby County FC (2),4-1,?,Huddersfield Town AFC (2)
?,(Wed) 25 Aug 1948 (34),Arsenal FC (2),3-0,?,Stoke City FC (2)
?,(Wed) 25 Aug 1948 (34),Liverpool FC (2),3-3,?,Sheffield United FC (2)
?,(Wed) 25 Aug 1948 (34),Portsmouth FC (2),4-0,?,Everton FC (2)
?,(Wed) 25 Aug 1948 (34),Birmingham City FC (2),0-0,?,Middlesbrough FC (2)
?,(Sat) 28 Aug 1948 (34),Manchester City FC (3),0-0,?,Stoke City FC (3)
?,(Sat) 28 Aug 1948 (34),Portsmouth FC (3),1-0,?,Burnley FC (3)
?,(Sat) 28 Aug 1948 (34),Charlton Athletic FC (3),3-1,?,Huddersfield Town AFC (3)
?,(Sat) 28 Aug 1948 (34),Blackpool FC (3),1-0,?,Aston Villa FC (3)
?,(Sat) 28 Aug 1948 (34),Newcastle United FC (3),2-5,?,Preston North End FC (3)
?,(Sat) 28 Aug 1948 (34),Bolton Wanderers FC (3),0-5,?,Wolverhampton Wanderers FC (3)
?,(Sat) 28 Aug 1948 (34),Derby County FC (3),2-1,?,Sheffield United FC (3)
?,(Sat) 28 Aug 1948 (34),Birmingham City FC (3),1-0,?,Chelsea FC (3)
?,(Sat) 28 Aug 1948 (34),Middlesbrough FC (3),1-0,?,Everton FC (3)
?,(Sat) 28 Aug 1948 (34),Liverpool FC (3),4-0,?,Sunderland AFC (3)
?,(Sat) 28 Aug 1948 (34),Arsenal FC (3),0-1,?,Manchester United FC (3)
?,(Mon) 30 Aug 1948 (35),Stoke City FC (4),1-0,?,Arsenal FC (4)
?,(Mon) 30 Aug 1948 (35),Aston Villa FC (4),2-4,?,Bolton Wanderers FC (4)
?,(Mon) 30 Aug 1948 (35),Sheffield United FC (4),1-2,?,Liverpool FC (4)
?,(Tue) 31 Aug 1948 (35),Burnley FC (4),0-0,?,Charlton Athletic FC (4)
?,(Wed) 1 Sep 1948 (35),Huddersfield Town AFC (4),1-1,?,Derby County FC (4)
?,(Wed) 1 Sep 1948 (35),Preston North End FC (4),1-3,?,Manchester City FC (4)
?,(Wed) 1 Sep 1948 (35),Manchester United FC (4),3-4,?,Blackpool FC (4)
?,(Wed) 1 Sep 1948 (35),Sunderland AFC (4),3-3,?,Wolverhampton Wanderers FC (4)
?,(Wed) 1 Sep 1948 (35),Middlesbrough FC (4),1-1,?,Birmingham City FC (4)
?,(Wed) 1 Sep 1948 (35),Everton FC (4),0-5,?,Portsmouth FC (4)
?,(Wed) 1 Sep 1948 (35),Chelsea FC (4),2-3,?,Newcastle United FC (4)
?,(Sat) 4 Sep 1948 (35),Chelsea FC (5),2-2,?,Bolton Wanderers FC (5)
?,(Sat) 4 Sep 1948 (35),Wolverhampton Wanderers FC (5),0-0,?,Liverpool FC (5)
?,(Sat) 4 Sep 1948 (35),Sunderland AFC (5),2-2,?,Blackpool FC (5)
?,(Sat) 4 Sep 1948 (35),Preston North End FC (5),6-1,?,Middlesbrough FC (5)
?,(Sat) 4 Sep 1948 (35),Manchester United FC (5),4-1,?,Huddersfield Town AFC (5)
?,(Sat) 4 Sep 1948 (35),Burnley FC (5),0-3,?,Newcastle United FC (5)
?,(Sat) 4 Sep 1948 (35),Charlton Athletic FC (5),3-2,?,Manchester City FC (5)
?,(Sat) 4 Sep 1948 (35),Stoke City FC (5),0-1,?,Portsmouth FC (5)
?,(Sat) 4 Sep 1948 (35),Sheffield United FC (5),1-1,?,Arsenal FC (5)
?,(Sat) 4 Sep 1948 (35),Aston Villa FC (5),1-1,?,Derby County FC (5)
?,(Sat) 4 Sep 1948 (35),Everton FC (5),0-5,?,Birmingham City FC (5)
?,(Mon) 6 Sep 1948 (36),Bolton Wanderers FC (6),1-2,?,Huddersfield Town AFC (6)
?,(Mon) 6 Sep 1948 (36),Burnley FC (6),1-0,?,Preston North End FC (6)
?,(Mon) 6 Sep 1948 (36),Sheffield United FC (6),2-5,?,Sunderland AFC (6)
?,(Mon) 6 Sep 1948 (36),Blackpool FC (6),1-1,?,Derby County FC (6)
?,(Wed) 8 Sep 1948 (36),Portsmouth FC (6),1-0,?,Middlesbrough FC (6)
?,(Wed) 8 Sep 1948 (36),Wolverhampton Wanderers FC (6),3-2,?,Manchester United FC (6)
?,(Wed) 8 Sep 1948 (36),Manchester City FC (6),1-0,?,Birmingham City FC (6)
?,(Wed) 8 Sep 1948 (36),Newcastle United FC (6),2-1,?,Aston Villa FC (6)
?,(Wed) 8 Sep 1948 (36),Charlton Athletic FC (6),1-1,?,Chelsea FC (6)
?,(Wed) 8 Sep 1948 (36),Everton FC (6),2-1,?,Stoke City FC (6)
?,(Wed) 8 Sep 1948 (36),Arsenal FC (6),1-1,?,Liverpool FC (6)
?,(Sat) 11 Sep 1948 (36),Huddersfield Town AFC (7),0-0,?,Sheffield United FC (7)
?,(Sat) 11 Sep 1948 (36),Birmingham City FC (7),1-0,?,Preston North End FC (7)
?,(Sat) 11 Sep 1948 (36),Manchester City FC (7),0-0,?,Manchester United FC (7)
?,(Sat) 11 Sep 1948 (36),Blackpool FC (7),1-3,?,Wolverhampton Wanderers FC (7)
?,(Sat) 11 Sep 1948 (36),Portsmouth FC (7),3-1,?,Charlton Athletic FC (7)
?,(Sat) 11 Sep 1948 (36),Newcastle United FC (7),2-2,?,Stoke City FC (7)
?,(Sat) 11 Sep 1948 (36),Derby County FC (7),2-2,?,Sunderland AFC (7)
?,(Sat) 11 Sep 1948 (36),Middlesbrough FC (7),4-1,?,Burnley FC (7)
?,(Sat) 11 Sep 1948 (36),Liverpool FC (7),0-1,?,Bolton Wanderers FC (7)
?,(Sat) 11 Sep 1948 (36),Chelsea FC (7),6-0,?,Everton FC (7)
?,(Sat) 11 Sep 1948 (36),Arsenal FC (7),3-1,?,Aston Villa FC (7)
?,(Mon) 13 Sep 1948 (37),Stoke City FC (8),1-0,?,Everton FC (8)
?,(Mon) 13 Sep 1948 (37),Aston Villa FC (8),2-4,?,Newcastle United FC (8)
?,(Wed) 15 Sep 1948 (37),Preston North End FC (8),0-3,?,Burnley FC (8)
?,(Wed) 15 Sep 1948 (37),Manchester United FC (8),2-0,?,Wolverhampton Wanderers FC (8)
?,(Wed) 15 Sep 1948 (37),Liverpool FC (8),0-1,?,Arsenal FC (8)
?,(Wed) 15 Sep 1948 (37),Huddersfield Town AFC (8),0-2,?,Bolton Wanderers FC (8)
?,(Wed) 15 Sep 1948 (37),Derby County FC (8),3-1,?,Blackpool FC (8)
?,(Wed) 15 Sep 1948 (37),Sunderland AFC (8),2-0,?,Sheffield United FC (8)
?,(Wed) 15 Sep 1948 (37),Birmingham City FC (8),4-1,?,Manchester City FC (8)
?,(Wed) 15 Sep 1948 (37),Middlesbrough FC (8),1-1,?,Portsmouth FC (8)
?,(Thu) 16 Sep 1948 (37),Chelsea FC (8),2-2,?,Charlton Athletic FC (8)
?,(Sat) 18 Sep 1948 (37),Manchester City FC (9),1-1,?,Portsmouth FC (9)
?,(Sat) 18 Sep 1948 (37),Burnley FC (9),2-2,?,Birmingham City FC (9)
?,(Sat) 18 Sep 1948 (37),Wolverhampton Wanderers FC (9),2-2,?,Derby County FC (9)
?,(Sat) 18 Sep 1948 (37),Sheffield United FC (9),2-2,?,Manchester United FC (9)
?,(Sat) 18 Sep 1948 (37),Preston North End FC (9),3-2,?,Chelsea FC (9)
?,(Sat) 18 Sep 1948 (37),Aston Villa FC (9),3-3,?,Huddersfield Town AFC (9)
?,(Sat) 18 Sep 1948 (37),Sunderland AFC (9),1-1,?,Arsenal FC (9)
?,(Sat) 18 Sep 1948 (37),Charlton Athletic FC (9),0-0,?,Newcastle United FC (9)
?,(Sat) 18 Sep 1948 (37),Stoke City FC (9),3-0,?,Middlesbrough FC (9)
?,(Sat) 18 Sep 1948 (37),Bolton Wanderers FC (9),2-2,?,Blackpool FC (9)
?,(Sat) 18 Sep 1948 (37),Everton FC (9),1-1,?,Liverpool FC (9)
?,(Sat) 25 Sep 1948 (38),Birmingham City FC (10),2-1,?,Stoke City FC (10)
?,(Sat) 25 Sep 1948 (38),Arsenal FC (10),3-1,?,Wolverhampton Wanderers FC (10)
?,(Sat) 25 Sep 1948 (38),Everton FC (10),4-1,?,Preston North End FC (10)
?,(Sat) 25 Sep 1948 (38),Middlesbrough FC (10),2-4,?,Charlton Athletic FC (10)
?,(Sat) 25 Sep 1948 (38),Blackpool FC (10),1-0,?,Liverpool FC (10)
?,(Sat) 25 Sep 1948 (38),Huddersfield Town AFC (10),2-0,?,Sunderland AFC (10)
?,(Sat) 25 Sep 1948 (38),Portsmouth FC (10),3-0,?,Sheffield United FC (10)
?,(Sat) 25 Sep 1948 (38),Chelsea FC (10),1-0,?,Burnley FC (10)
?,(Sat) 25 Sep 1948 (38),Newcastle United FC (10),0-0,?,Manchester City FC (10)
?,(Sat) 25 Sep 1948 (38),Manchester United FC (10),3-1,?,Aston Villa FC (10)
?,(Sat) 25 Sep 1948 (38),Derby County FC (10),1-0,?,Bolton Wanderers FC (10)
?,(Sat) 2 Oct 1948 (39),Liverpool FC (11),0-0,?,Derby County FC (11)
?,(Sat) 2 Oct 1948 (39),Wolverhampton Wanderers FC (11),7-1,?,Huddersfield Town AFC (11)
?,(Sat) 2 Oct 1948 (39),Preston North End FC (11),1-3,?,Blackpool FC (11)
?,(Sat) 2 Oct 1948 (39),Burnley FC (11),1-0,?,Everton FC (11)
?,(Sat) 2 Oct 1948 (39),Bolton Wanderers FC (11),1-0,?,Arsenal FC (11)
?,(Sat) 2 Oct 1948 (39),Manchester City FC (11),1-0,?,Middlesbrough FC (11)
?,(Sat) 2 Oct 1948 (39),Sunderland AFC (11),2-1,?,Manchester United FC (11)
?,(Sat) 2 Oct 1948 (39),Portsmouth FC (11),1-0,?,Newcastle United FC (11)
?,(Sat) 2 Oct 1948 (39),Stoke City FC (11),4-3,?,Chelsea FC (11)
?,(Sat) 2 Oct 1948 (39),Charlton Athletic FC (11),1-1,?,Birmingham City FC (11)
?,(Sat) 2 Oct 1948 (39),Aston Villa FC (11),4-3,?,Sheffield United FC (11)
?,(Sat) 9 Oct 1948 (40),Liverpool FC (12),1-1,?,Chelsea FC (12)
?,(Sat) 9 Oct 1948 (40),Derby County FC (12),1-0,?,Preston North End FC (12)
?,(Sat) 9 Oct 1948 (40),Wolverhampton Wanderers FC (12),0-3,?,Middlesbrough FC (12)
?,(Sat) 9 Oct 1948 (40),Aston Villa FC (12),1-1,?,Portsmouth FC (12)
?,(Sat) 9 Oct 1948 (40),Blackpool FC (12),3-0,?,Everton FC (12)
?,(Sat) 9 Oct 1948 (40),Sheffield United FC (12),0-2,?,Manchester City FC (12)
?,(Sat) 9 Oct 1948 (40),Huddersfield Town AFC (12),1-3,?,Stoke City FC (12)
?,(Sat) 9 Oct 1948 (40),Arsenal FC (12),3-1,?,Burnley FC (12)
?,(Sat) 9 Oct 1948 (40),Manchester United FC (12),1-1,?,Charlton Athletic FC (12)
?,(Sat) 9 Oct 1948 (40),Bolton Wanderers FC (12),0-0,?,Birmingham City FC (12)
?,(Sat) 9 Oct 1948 (40),Sunderland AFC (12),1-1,?,Newcastle United FC (12)
?,(Sat) 16 Oct 1948 (41),Charlton Athletic FC (13),2-1,?,Sheffield United FC (13)
?,(Sat) 16 Oct 1948 (41),Birmingham City FC (13),0-1,?,Liverpool FC (13)
?,(Sat) 16 Oct 1948 (41),Manchester City FC (13),4-1,?,Aston Villa FC (13)
?,(Sat) 16 Oct 1948 (41),Middlesbrough FC (13),5-0,?,Bolton Wanderers FC (13)
?,(Sat) 16 Oct 1948 (41),Everton FC (13),0-1,?,Derby County FC (13)
?,(Sat) 16 Oct 1948 (41),Stoke City FC (13),2-1,?,Manchester United FC (13)
?,(Sat) 16 Oct 1948 (41),Preston North End FC (13),1-1,?,Arsenal FC (13)
?,(Sat) 16 Oct 1948 (41),Portsmouth FC (13),3-0,?,Sunderland AFC (13)
?,(Sat) 16 Oct 1948 (41),Newcastle United FC (13),3-1,?,Wolverhampton Wanderers FC (13)
?,(Sat) 16 Oct 1948 (41),Burnley FC (13),1-2,?,Huddersfield Town AFC (13)
?,(Sat) 16 Oct 1948 (41),Chelsea FC (13),3-3,?,Blackpool FC (13)
?,(Sat) 23 Oct 1948 (42),Derby County FC (14),2-1,?,Chelsea FC (14)
?,(Sat) 23 Oct 1948 (42),Arsenal FC (14),5-0,?,Everton FC (14)
?,(Sat) 23 Oct 1948 (42),Huddersfield Town AFC (14),0-2,?,Preston North End FC (14)
?,(Sat) 23 Oct 1948 (42),Manchester United FC (14),1-1,?,Burnley FC (14)
?,(Sat) 23 Oct 1948 (42),Sheffield United FC (14),2-2,?,Stoke City FC (14)
?,(Sat) 23 Oct 1948 (42),Wolverhampton Wanderers FC (14),3-0,?,Portsmouth FC (14)
?,(Sat) 23 Oct 1948 (42),Bolton Wanderers FC (14),1-5,?,Newcastle United FC (14)
?,(Sat) 23 Oct 1948 (42),Blackpool FC (14),1-0,?,Birmingham City FC (14)
?,(Sat) 23 Oct 1948 (42),Liverpool FC (14),4-0,?,Middlesbrough FC (14)
?,(Sat) 23 Oct 1948 (42),Aston Villa FC (14),4-3,?,Charlton Athletic FC (14)
?,(Sat) 23 Oct 1948 (42),Sunderland AFC (14),3-0,?,Manchester City FC (14)
?,(Sat) 30 Oct 1948 (43),Burnley FC (15),2-0,?,Sheffield United FC (15)
?,(Sat) 30 Oct 1948 (43),Newcastle United FC (15),1-0,?,Liverpool FC (15)
?,(Sat) 30 Oct 1948 (43),Everton FC (15),2-0,?,Huddersfield Town AFC (15)
?,(Sat) 30 Oct 1948 (43),Portsmouth FC (15),0-0,?,Bolton Wanderers FC (15)
?,(Sat) 30 Oct 1948 (43),Preston North End FC (15),1-6,?,Manchester United FC (15)
?,(Sat) 30 Oct 1948 (43),Middlesbrough FC (15),1-0,?,Blackpool FC (15)
?,(Sat) 30 Oct 1948 (43),Chelsea FC (15),0-1,?,Arsenal FC (15)
?,(Sat) 30 Oct 1948 (43),Charlton Athletic FC (15),4-0,?,Sunderland AFC (15)
?,(Sat) 30 Oct 1948 (43),Birmingham City FC (15),0-1,?,Derby County FC (15)
?,(Sat) 30 Oct 1948 (43),Stoke City FC (15),4-2,?,Aston Villa FC (15)
?,(Sat) 30 Oct 1948 (43),Manchester City FC (15),3-3,?,Wolverhampton Wanderers FC (15)
?,(Sat) 6 Nov 1948 (44),Sheffield United FC (16),3-2,?,Preston North End FC (16)
?,(Sat) 6 Nov 1948 (44),Huddersfield Town AFC (16),3-4,?,Chelsea FC (16)
?,(Sat) 6 Nov 1948 (44),Aston Villa FC (16),3-1,?,Burnley FC (16)
?,(Sat) 6 Nov 1948 (44),Bolton Wanderers FC (16),5-1,?,Manchester City FC (16)
?,(Sat) 6 Nov 1948 (44),Liverpool FC (16),3-1,?,Portsmouth FC (16)
?,(Sat) 6 Nov 1948 (44),Sunderland AFC (16),1-1,?,Stoke City FC (16)
?,(Sat) 6 Nov 1948 (44),Wolverhampton Wanderers FC (16),2-0,?,Charlton Athletic FC (16)
?,(Sat) 6 Nov 1948 (44),Arsenal FC (16),2-0,?,Birmingham City FC (16)
?,(Sat) 6 Nov 1948 (44),Manchester United FC (16),2-0,?,Everton FC (16)
?,(Sat) 6 Nov 1948 (44),Derby County FC (16),2-0,?,Middlesbrough FC (16)
?,(Sat) 6 Nov 1948 (44),Blackpool FC (16),1-3,?,Newcastle United FC (16)
?,(Sat) 13 Nov 1948 (45),Charlton Athletic FC (17),1-4,?,Bolton Wanderers FC (17)
?,(Sat) 13 Nov 1948 (45),Portsmouth FC (17),1-1,?,Blackpool FC (17)
?,(Sat) 13 Nov 1948 (45),Everton FC (17),2-1,?,Sheffield United FC (17)
?,(Sat) 13 Nov 1948 (45),Newcastle United FC (17),3-0,?,Derby County FC (17)
?,(Sat) 13 Nov 1948 (45),Preston North End FC (17),0-1,?,Aston Villa FC (17)
?,(Sat) 13 Nov 1948 (45),Stoke City FC (17),2-1,?,Wolverhampton Wanderers FC (17)
?,(Sat) 13 Nov 1948 (45),Manchester City FC (17),2-4,?,Liverpool FC (17)
?,(Sat) 13 Nov 1948 (45),Chelsea FC (17),1-1,?,Manchester United FC (17)
?,(Sat) 13 Nov 1948 (45),Burnley FC (17),3-1,?,Sunderland AFC (17)
?,(Sat) 13 Nov 1948 (45),Birmingham City FC (17),1-0,?,Huddersfield Town AFC (17)
?,(Sat) 13 Nov 1948 (45),Middlesbrough FC (17),0-1,?,Arsenal FC (17)
?,(Sat) 20 Nov 1948 (46),Sheffield United FC (18),2-1,?,Chelsea FC (18)
?,(Sat) 20 Nov 1948 (46),Wolverhampton Wanderers FC (18),3-0,?,Burnley FC (18)
?,(Sat) 20 Nov 1948 (46),Aston Villa FC (18),0-1,?,Everton FC (18)
?,(Sat) 20 Nov 1948 (46),Manchester United FC (18),3-0,?,Birmingham City FC (18)
?,(Sat) 20 Nov 1948 (46),Bolton Wanderers FC (18),2-1,?,Stoke City FC (18)
?,(Sat) 20 Nov 1948 (46),Sunderland AFC (18),0-0,?,Preston North End FC (18)
?,(Sat) 20 Nov 1948 (46),Liverpool FC (18),1-1,?,Charlton Athletic FC (18)
?,(Sat) 20 Nov 1948 (46),Arsenal FC (18),0-1,?,Newcastle United FC (18)
?,(Sat) 20 Nov 1948 (46),Huddersfield Town AFC (18),0-0,?,Middlesbrough FC (18)
?,(Sat) 20 Nov 1948 (46),Blackpool FC (18),1-1,?,Manchester City FC (18)
?,(Sat) 20 Nov 1948 (46),Derby County FC (18),1-0,?,Portsmouth FC (18)
?,(Sat) 27 Nov 1948 (47),Chelsea FC (19),2-1,?,Aston Villa FC (19)
?,(Sat) 27 Nov 1948 (47),Newcastle United FC (19),2-4,?,Huddersfield Town AFC (19)
?,(Sat) 27 Nov 1948 (47),Middlesbrough FC (19),1-4,?,Manchester United FC (19)
?,(Sat) 27 Nov 1948 (47),Manchester City FC (19),2-1,?,Derby County FC (19)
?,(Sat) 27 Nov 1948 (47),Burnley FC (19),3-0,?,Bolton Wanderers FC (19)
?,(Sat) 27 Nov 1948 (47),Preston North End FC (19),1-1,?,Wolverhampton Wanderers FC (19)
?,(Sat) 27 Nov 1948 (47),Charlton Athletic FC (19),0-0,?,Blackpool FC (19)
?,(Sat) 27 Nov 1948 (47),Birmingham City FC (19),1-2,?,Sheffield United FC (19)
?,(Sat) 27 Nov 1948 (47),Stoke City FC (19),3-0,?,Liverpool FC (19)
?,(Sat) 27 Nov 1948 (47),Portsmouth FC (19),4-1,?,Arsenal FC (19)
?,(Sat) 27 Nov 1948 (47),Everton FC (19),1-0,?,Sunderland AFC (19)
?,(Sat) 4 Dec 1948 (48),Arsenal FC (20),1-1,?,Manchester City FC (20)
?,(Sat) 4 Dec 1948 (48),Aston Villa FC (20),0-3,?,Birmingham City FC (20)
?,(Sat) 4 Dec 1948 (48),Liverpool FC (20),1-1,?,Burnley FC (20)
?,(Sat) 4 Dec 1948 (48),Manchester United FC (20),1-1,?,Newcastle United FC (20)
?,(Sat) 4 Dec 1948 (48),Derby County FC (20),5-1,?,Charlton Athletic FC (20)
?,(Sat) 4 Dec 1948 (48),Sheffield United FC (20),1-0,?,Middlesbrough FC (20)
?,(Sat) 4 Dec 1948 (48),Blackpool FC (20),2-1,?,Stoke City FC (20)
?,(Sat) 4 Dec 1948 (48),Huddersfield Town AFC (20),0-0,?,Portsmouth FC (20)
?,(Sat) 4 Dec 1948 (48),Wolverhampton Wanderers FC (20),1-0,?,Everton FC (20)
?,(Sat) 4 Dec 1948 (48),Sunderland AFC (20),3-0,?,Chelsea FC (20)
?,(Sat) 4 Dec 1948 (48),Bolton Wanderers FC (20),5-3,?,Preston North End FC (20)
?,(Sat) 11 Dec 1948 (49),Stoke City FC (21),4-2,?,Derby County FC (21)
?,(Sat) 11 Dec 1948 (49),Charlton Athletic FC (21),4-3,?,Arsenal FC (21)
?,(Sat) 11 Dec 1948 (49),Newcastle United FC (21),3-2,?,Sheffield United FC (21)
?,(Sat) 11 Dec 1948 (49),Middlesbrough FC (21),6-0,?,Aston Villa FC (21)
?,(Sat) 11 Dec 1948 (49),Burnley FC (21),2-0,?,Blackpool FC (21)
?,(Sat) 11 Dec 1948 (49),Preston North End FC (21),3-2,?,Liverpool FC (21)
?,(Sat) 11 Dec 1948 (49),Everton FC (21),1-0,?,Bolton Wanderers FC (21)
?,(Sat) 11 Dec 1948 (49),Birmingham City FC (21),0-0,?,Sunderland AFC (21)
?,(Sat) 11 Dec 1948 (49),Chelsea FC (21),4-1,?,Wolverhampton Wanderers FC (21)
?,(Sat) 11 Dec 1948 (49),Portsmouth FC (21),2-2,?,Manchester United FC (21)
?,(Sat) 11 Dec 1948 (49),Manchester City FC (21),3-1,?,Huddersfield Town AFC (21)
?,(Sat) 18 Dec 1948 (50),Bolton Wanderers FC (22),4-1,?,Sunderland AFC (22)
?,(Sat) 18 Dec 1948 (50),Liverpool FC (22),1-1,?,Aston Villa FC (22)
?,(Sat) 18 Dec 1948 (50),Blackpool FC (22),0-3,?,Sheffield United FC (22)
?,(Sat) 18 Dec 1948 (50),Middlesbrough FC (22),1-1,?,Chelsea FC (22)
?,(Sat) 18 Dec 1948 (50),Charlton Athletic FC (22),4-1,?,Stoke City FC (22)
?,(Sat) 18 Dec 1948 (50),Derby County FC (22),1-3,?,Manchester United FC (22)
?,(Sat) 18 Dec 1948 (50),Portsmouth FC (22),3-1,?,Preston North End FC (22)
?,(Sat) 18 Dec 1948 (50),Newcastle United FC (22),1-0,?,Everton FC (22)
?,(Sat) 18 Dec 1948 (50),Birmingham City FC (22),0-1,?,Wolverhampton Wanderers FC (22)
?,(Sat) 18 Dec 1948 (50),Manchester City FC (22),2-2,?,Burnley FC (22)
?,(Sat) 18 Dec 1948 (50),Arsenal FC (22),3-0,?,Huddersfield Town AFC (22)
?,(Sat) 25 Dec 1948 (51),Wolverhampton Wanderers FC (23),4-0,?,Aston Villa FC (23)
?,(Sat) 25 Dec 1948 (51),Birmingham City FC (23),2-0,?,Newcastle United FC (23)
?,(Sat) 25 Dec 1948 (51),Burnley FC (23),1-3,?,Stoke City FC (23)
?,(Sat) 25 Dec 1948 (51),Sheffield United FC (23),1-1,?,Bolton Wanderers FC (23)
?,(Sat) 25 Dec 1948 (51),Chelsea FC (23),1-2,?,Portsmouth FC (23)
?,(Sat) 25 Dec 1948 (51),Everton FC (23),0-0,?,Manchester City FC (23)
?,(Sat) 25 Dec 1948 (51),Blackpool FC (23),0-0,?,Huddersfield Town AFC (23)
?,(Sat) 25 Dec 1948 (51),Charlton Athletic FC (23),0-0,?,Preston North End FC (23)
?,(Sat) 25 Dec 1948 (51),Sunderland AFC (23),1-0,?,Middlesbrough FC (23)
?,(Sat) 25 Dec 1948 (51),Arsenal FC (23),3-3,?,Derby County FC (23)
?,(Sat) 25 Dec 1948 (51),Manchester United FC (23),0-0,?,Liverpool FC (23)
?,(Mon) 27 Dec 1948 (52),Preston North End FC (24),2-3,?,Charlton Athletic FC (24)
?,(Mon) 27 Dec 1948 (52),Aston Villa FC (24),5-1,?,Wolverhampton Wanderers FC (24)
?,(Mon) 27 Dec 1948 (52),Middlesbrough FC (24),0-0,?,Sunderland AFC (24)
?,(Mon) 27 Dec 1948 (52),Stoke City FC (24),2-1,?,Burnley FC (24)
?,(Mon) 27 Dec 1948 (52),Derby County FC (24),2-1,?,Arsenal FC (24)
?,(Mon) 27 Dec 1948 (52),Bolton Wanderers FC (24),6-1,?,Sheffield United FC (24)
?,(Mon) 27 Dec 1948 (52),Huddersfield Town AFC (24),1-0,?,Blackpool FC (24)
?,(Mon) 27 Dec 1948 (52),Portsmouth FC (24),5-2,?,Chelsea FC (24)
?,(Mon) 27 Dec 1948 (52),Newcastle United FC (24),1-0,?,Birmingham City FC (24)
?,(Mon) 27 Dec 1948 (52),Liverpool FC (24),0-2,?,Manchester United FC (24)
?,(Mon) 27 Dec 1948 (52),Manchester City FC (24),0-0,?,Everton FC (24)
?,(Sat) 1 Jan 1949 (0),Huddersfield Town AFC (25),1-2,?,Charlton Athletic FC (25)
?,(Sat) 1 Jan 1949 (0),Wolverhampton Wanderers FC (25),2-0,?,Bolton Wanderers FC (25)
?,(Sat) 1 Jan 1949 (0),Preston North End FC (25),2-1,?,Newcastle United FC (25)
?,(Sat) 1 Jan 1949 (0),Stoke City FC (25),2-3,?,Manchester City FC (25)
?,(Sat) 1 Jan 1949 (0),Everton FC (25),3-1,?,Middlesbrough FC (25)
?,(Sat) 1 Jan 1949 (0),Burnley FC (25),2-1,?,Portsmouth FC (25)
?,(Sat) 1 Jan 1949 (0),Aston Villa FC (25),2-5,?,Blackpool FC (25)
?,(Sat) 1 Jan 1949 (0),Sheffield United FC (25),3-1,?,Derby County FC (25)
?,(Sat) 1 Jan 1949 (0),Sunderland AFC (25),0-2,?,Liverpool FC (25)
?,(Sat) 1 Jan 1949 (0),Manchester United FC (25),2-0,?,Arsenal FC (25)
?,(Sat) 1 Jan 1949 (0),Chelsea FC (25),2-0,?,Birmingham City FC (25)
?,(Sat) 15 Jan 1949 (2),Middlesbrough FC (26),1-0,?,Preston North End FC (26)
?,(Sat) 15 Jan 1949 (2),Blackpool FC (26),3-3,?,Sunderland AFC (26)
?,(Sat) 15 Jan 1949 (2),Newcastle United FC (26),1-1,?,Burnley FC (26)
?,(Sat) 15 Jan 1949 (2),Arsenal FC (26),5-3,?,Sheffield United FC (26)
?,(Sat) 15 Jan 1949 (2),Portsmouth FC (26),1-0,?,Stoke City FC (26)
?,(Sat) 15 Jan 1949 (2),Manchester City FC (26),0-1,?,Charlton Athletic FC (26)
?,(Sat) 22 Jan 1949 (3),Stoke City FC (27),1-1,?,Newcastle United FC (27)
?,(Sat) 22 Jan 1949 (3),Everton FC (26),2-1,?,Chelsea FC (26)
?,(Sat) 22 Jan 1949 (3),Burnley FC (27),0-0,?,Middlesbrough FC (27)
?,(Sat) 22 Jan 1949 (3),Charlton Athletic FC (27),0-1,?,Portsmouth FC (27)
?,(Sat) 22 Jan 1949 (3),Manchester United FC (26),0-0,?,Manchester City FC (27)
?,(Sat) 22 Jan 1949 (3),Wolverhampton Wanderers FC (26),2-1,?,Blackpool FC (27)
?,(Sat) 22 Jan 1949 (3),Sheffield United FC (27),0-0,?,Huddersfield Town AFC (26)
?,(Sat) 22 Jan 1949 (3),Bolton Wanderers FC (26),0-3,?,Liverpool FC (26)
?,(Sat) 22 Jan 1949 (3),Sunderland AFC (27),2-1,?,Derby County FC (26)
?,(Sat) 22 Jan 1949 (3),Preston North End FC (27),0-0,?,Birmingham City FC (26)
?,(Sat) 22 Jan 1949 (3),Aston Villa FC (26),1-0,?,Arsenal FC (27)
?,(Sat) 5 Feb 1949 (5),Chelsea FC (27),5-3,?,Preston North End FC (28)
?,(Sat) 5 Feb 1949 (5),Birmingham City FC (27),0-0,?,Burnley FC (28)
?,(Sat) 5 Feb 1949 (5),Derby County FC (27),3-2,?,Wolverhampton Wanderers FC (27)
?,(Sat) 5 Feb 1949 (5),Liverpool FC (27),0-0,?,Everton FC (27)
?,(Sat) 5 Feb 1949 (5),Newcastle United FC (28),2-0,?,Charlton Athletic FC (28)
?,(Sat) 5 Feb 1949 (5),Arsenal FC (28),5-0,?,Sunderland AFC (28)
?,(Sat) 5 Feb 1949 (5),Portsmouth FC (28),3-1,?,Manchester City FC (28)
?,(Sat) 12 Feb 1949 (6),Birmingham City FC (28),0-0,?,Everton FC (28)
?,(Sat) 12 Feb 1949 (6),Blackpool FC (28),1-0,?,Bolton Wanderers FC (27)
?,(Sat) 12 Feb 1949 (6),Huddersfield Town AFC (27),0-1,?,Aston Villa FC (27)
?,(Sat) 19 Feb 1949 (7),Wolverhampton Wanderers FC (28),1-3,?,Arsenal FC (29)
?,(Sat) 19 Feb 1949 (7),Preston North End FC (29),3-1,?,Everton FC (29)
?,(Sat) 19 Feb 1949 (7),Charlton Athletic FC (29),2-0,?,Middlesbrough FC (28)
?,(Sat) 19 Feb 1949 (7),Liverpool FC (28),1-1,?,Blackpool FC (29)
?,(Sat) 19 Feb 1949 (7),Aston Villa FC (28),2-1,?,Manchester United FC (27)
?,(Sat) 19 Feb 1949 (7),Stoke City FC (28),2-1,?,Birmingham City FC (29)
?,(Sat) 19 Feb 1949 (7),Sheffield United FC (28),3-1,?,Portsmouth FC (29)
?,(Sat) 19 Feb 1949 (7),Manchester City FC (29),1-0,?,Newcastle United FC (29)
?,(Sat) 19 Feb 1949 (7),Bolton Wanderers FC (28),4-0,?,Derby County FC (28)
?,(Sat) 19 Feb 1949 (7),Burnley FC (29),3-0,?,Chelsea FC (28)
?,(Sat) 19 Feb 1949 (7),Sunderland AFC (29),0-1,?,Huddersfield Town AFC (28)
?,(Sat) 26 Feb 1949 (8),Chelsea FC (29),2-2,?,Stoke City FC (29)
?,(Sat) 26 Feb 1949 (8),Birmingham City FC (30),1-0,?,Charlton Athletic FC (30)
?,(Sat) 26 Feb 1949 (8),Middlesbrough FC (29),0-1,?,Manchester City FC (30)
?,(Sat) 26 Feb 1949 (8),Blackpool FC (30),2-2,?,Preston North End FC (30)
?,(Sat) 26 Feb 1949 (8),Everton FC (30),2-1,?,Burnley FC (30)
?,(Sat) 26 Feb 1949 (8),Arsenal FC (30),5-0,?,Bolton Wanderers FC (29)
?,(Sat) 26 Feb 1949 (8),Sheffield United FC (29),0-1,?,Aston Villa FC (29)
?,(Sat) 5 Mar 1949 (9),Middlesbrough FC (30),4-4,?,Wolverhampton Wanderers FC (29)
?,(Sat) 5 Mar 1949 (9),Burnley FC (31),1-1,?,Arsenal FC (31)
?,(Sat) 5 Mar 1949 (9),Everton FC (31),5-0,?,Blackpool FC (31)
?,(Sat) 5 Mar 1949 (9),Birmingham City FC (31),0-0,?,Bolton Wanderers FC (30)
?,(Sat) 5 Mar 1949 (9),Portsmouth FC (30),3-0,?,Aston Villa FC (30)
?,(Sat) 5 Mar 1949 (9),Stoke City FC (30),1-3,?,Huddersfield Town AFC (29)
?,(Sat) 5 Mar 1949 (9),Preston North End FC (31),0-0,?,Derby County FC (29)
?,(Sat) 5 Mar 1949 (9),Charlton Athletic FC (31),2-3,?,Manchester United FC (28)
?,(Sat) 5 Mar 1949 (9),Newcastle United FC (30),2-1,?,Sunderland AFC (30)
?,(Sat) 5 Mar 1949 (9),Chelsea FC (30),2-1,?,Liverpool FC (29)
?,(Sat) 5 Mar 1949 (9),Manchester City FC (31),1-0,?,Sheffield United FC (30)
?,(Sat) 12 Mar 1949 (10),Sunderland AFC (31),1-4,?,Portsmouth FC (31)
?,(Sat) 12 Mar 1949 (10),Blackpool FC (32),2-1,?,Chelsea FC (31)
?,(Sat) 12 Mar 1949 (10),Huddersfield Town AFC (30),1-0,?,Burnley FC (32)
?,(Sat) 12 Mar 1949 (10),Liverpool FC (30),1-0,?,Birmingham City FC (32)
?,(Sat) 12 Mar 1949 (10),Bolton Wanderers FC (31),4-1,?,Middlesbrough FC (31)
?,(Sat) 12 Mar 1949 (10),Aston Villa FC (31),1-0,?,Manchester City FC (32)
?,(Sat) 12 Mar 1949 (10),Manchester United FC (29),3-0,?,Stoke City FC (31)
?,(Sat) 12 Mar 1949 (10),Arsenal FC (32),0-0,?,Preston North End FC (32)
?,(Sat) 12 Mar 1949 (10),Wolverhampton Wanderers FC (30),3-0,?,Newcastle United FC (31)
?,(Sat) 12 Mar 1949 (10),Sheffield United FC (31),2-0,?,Charlton Athletic FC (32)
?,(Sat) 12 Mar 1949 (10),Derby County FC (30),3-2,?,Everton FC (32)
?,(Sat) 19 Mar 1949 (11),Newcastle United FC (32),3-2,?,Arsenal FC (33)
?,(Sat) 19 Mar 1949 (11),Everton FC (33),1-3,?,Aston Villa FC (32)
?,(Sat) 19 Mar 1949 (11),Portsmouth FC (32),1-0,?,Derby County FC (31)
?,(Sat) 19 Mar 1949 (11),Preston North End FC (33),1-3,?,Sunderland AFC (32)
?,(Sat) 19 Mar 1949 (11),Stoke City FC (32),4-0,?,Bolton Wanderers FC (32)
?,(Sat) 19 Mar 1949 (11),Birmingham City FC (33),1-0,?,Manchester United FC (30)
?,(Sat) 19 Mar 1949 (11),Chelsea FC (32),1-0,?,Sheffield United FC (32)
?,(Sat) 19 Mar 1949 (11),Middlesbrough FC (32),1-0,?,Huddersfield Town AFC (31)
?,(Sat) 19 Mar 1949 (11),Burnley FC (33),0-0,?,Wolverhampton Wanderers FC (31)
?,(Sat) 19 Mar 1949 (11),Manchester City FC (33),1-1,?,Blackpool FC (33)
?,(Sat) 19 Mar 1949 (11),Charlton Athletic FC (33),2-1,?,Liverpool FC (31)
?,(Sat) 26 Mar 1949 (12),Blackpool FC (34),0-1,?,Charlton Athletic FC (34)
?,(Sat) 26 Mar 1949 (12),Huddersfield Town AFC (32),0-2,?,Newcastle United FC (33)
?,(Sat) 26 Mar 1949 (12),Derby County FC (32),2-0,?,Manchester City FC (34)
?,(Sat) 26 Mar 1949 (12),Aston Villa FC (33),1-1,?,Chelsea FC (33)
?,(Sat) 26 Mar 1949 (12),Sunderland AFC (33),1-1,?,Everton FC (34)
?,(Sat) 26 Mar 1949 (12),Liverpool FC (32),4-0,?,Stoke City FC (33)
?,(Sat) 26 Mar 1949 (12),Sheffield United FC (33),4-0,?,Birmingham City FC (34)
?,(Sat) 26 Mar 1949 (12),Bolton Wanderers FC (33),0-1,?,Burnley FC (34)
?,(Sat) 2 Apr 1949 (13),Middlesbrough FC (33),1-0,?,Derby County FC (33)
?,(Sat) 2 Apr 1949 (13),Chelsea FC (34),5-0,?,Huddersfield Town AFC (33)
?,(Sat) 2 Apr 1949 (13),Birmingham City FC (35),1-1,?,Arsenal FC (34)
?,(Sat) 2 Apr 1949 (13),Preston North End FC (34),4-1,?,Sheffield United FC (34)
?,(Sat) 2 Apr 1949 (13),Newcastle United FC (34),3-1,?,Blackpool FC (35)
?,(Sat) 2 Apr 1949 (13),Stoke City FC (34),0-0,?,Sunderland AFC (34)
?,(Sat) 2 Apr 1949 (13),Manchester City FC (35),1-0,?,Bolton Wanderers FC (34)
?,(Sat) 2 Apr 1949 (13),Charlton Athletic FC (35),3-1,?,Everton FC (35)
?,(Sat) 2 Apr 1949 (13),Portsmouth FC (33),3-2,?,Liverpool FC (33)
?,(Sat) 2 Apr 1949 (13),Burnley FC (35),1-1,?,Aston Villa FC (34)
?,(Wed) 6 Apr 1949 (14),Huddersfield Town AFC (34),2-1,?,Manchester United FC (31)
?,(Wed) 6 Apr 1949 (14),Newcastle United FC (35),0-5,?,Portsmouth FC (34)
?,(Wed) 6 Apr 1949 (14),Liverpool FC (34),0-0,?,Wolverhampton Wanderers FC (32)
?,(Sat) 9 Apr 1949 (14),Arsenal FC (35),1-1,?,Middlesbrough FC (34)
?,(Sat) 9 Apr 1949 (14),Blackpool FC (36),1-0,?,Portsmouth FC (35)
?,(Sat) 9 Apr 1949 (14),Derby County FC (34),2-4,?,Newcastle United FC (36)
?,(Sat) 9 Apr 1949 (14),Wolverhampton Wanderers FC (33),3-1,?,Stoke City FC (35)
?,(Sat) 9 Apr 1949 (14),Liverpool FC (35),0-1,?,Manchester City FC (36)
?,(Sat) 9 Apr 1949 (14),Aston Villa FC (35),2-0,?,Preston North End FC (35)
?,(Sat) 9 Apr 1949 (14),Sunderland AFC (35),0-0,?,Burnley FC (36)
?,(Sat) 9 Apr 1949 (14),Bolton Wanderers FC (35),2-2,?,Charlton Athletic FC (36)
?,(Sat) 9 Apr 1949 (14),Sheffield United FC (35),1-1,?,Everton FC (36)
?,(Sat) 9 Apr 1949 (14),Huddersfield Town AFC (35),0-0,?,Birmingham City FC (36)
?,(Sat) 9 Apr 1949 (14),Manchester United FC (32),1-1,?,Chelsea FC (35)
?,(Wed) 13 Apr 1949 (15),Charlton Athletic FC (37),2-3,?,Wolverhampton Wanderers FC (34)
?,(Fri) 15 Apr 1949 (15),Portsmouth FC (36),3-1,?,Birmingham City FC (37)
?,(Fri) 15 Apr 1949 (15),Newcastle United FC (37),1-0,?,Middlesbrough FC (35)
?,(Fri) 15 Apr 1949 (15),Bolton Wanderers FC (36),0-1,?,Manchester United FC (33)
?,(Fri) 15 Apr 1949 (15),Burnley FC (37),3-1,?,Derby County FC (35)
?,(Fri) 15 Apr 1949 (15),Manchester City FC (37),1-0,?,Chelsea FC (36)
?,(Fri) 15 Apr 1949 (15),Blackpool FC (37),1-1,?,Arsenal FC (36)
?,(Fri) 15 Apr 1949 (15),Sunderland AFC (36),0-0,?,Aston Villa FC (36)
?,(Fri) 15 Apr 1949 (15),Preston North End FC (36),2-1,?,Stoke City FC (36)
?,(Fri) 15 Apr 1949 (15),Liverpool FC (36),0-1,?,Huddersfield Town AFC (36)
?,(Sat) 16 Apr 1949 (15),Burnley FC (38),0-2,?,Manchester United FC (34)
?,(Sat) 16 Apr 1949 (15),Charlton Athletic FC (38),0-2,?,Aston Villa FC (37)
?,(Sat) 16 Apr 1949 (15),Newcastle United FC (38),1-1,?,Bolton Wanderers FC (37)
?,(Sat) 16 Apr 1949 (15),Stoke City FC (37),0-1,?,Sheffield United FC (36)
?,(Sat) 16 Apr 1949 (15),Manchester City FC (38),1-1,?,Sunderland AFC (37)
?,(Sat) 16 Apr 1949 (15),Middlesbrough FC (36),0-1,?,Liverpool FC (37)
?,(Sat) 16 Apr 1949 (15),Portsmouth FC (37),5-0,?,Wolverhampton Wanderers FC (35)
?,(Sat) 16 Apr 1949 (15),Everton FC (37),0-0,?,Arsenal FC (37)
?,(Sat) 16 Apr 1949 (15),Birmingham City FC (38),1-1,?,Blackpool FC (38)
?,(Sat) 16 Apr 1949 (15),Chelsea FC (37),0-3,?,Derby County FC (36)
?,(Sat) 16 Apr 1949 (15),Preston North End FC (37),2-0,?,Huddersfield Town AFC (37)
?,(Mon) 18 Apr 1949 (16),Birmingham City FC (39),3-0,?,Portsmouth FC (38)
?,(Mon) 18 Apr 1949 (16),Middlesbrough FC (37),3-2,?,Newcastle United FC (39)
?,(Mon) 18 Apr 1949 (16),Sheffield United FC (37),1-1,?,Wolverhampton Wanderers FC (36)
?,(Mon) 18 Apr 1949 (16),Huddersfield Town AFC (38),0-4,?,Liverpool FC (38)
?,(Mon) 18 Apr 1949 (16),Arsenal FC (38),2-0,?,Blackpool FC (39)
?,(Mon) 18 Apr 1949 (16),Manchester United FC (35),3-0,?,Bolton Wanderers FC (38)
?,(Mon) 18 Apr 1949 (16),Stoke City FC (38),2-0,?,Preston North End FC (38)
?,(Mon) 18 Apr 1949 (16),Everton FC (38),1-1,?,Charlton Athletic FC (39)
?,(Mon) 18 Apr 1949 (16),Chelsea FC (38),1-1,?,Manchester City FC (39)
?,(Mon) 18 Apr 1949 (16),Derby County FC (37),2-0,?,Burnley FC (39)
?,(Tue) 19 Apr 1949 (16),Wolverhampton Wanderers FC (37),6-0,?,Sheffield United FC (38)
?,(Tue) 19 Apr 1949 (16),Aston Villa FC (38),1-1,?,Sunderland AFC (38)
?,(Thu) 21 Apr 1949 (16),Manchester United FC (36),1-2,?,Sunderland AFC (39)
?,(Sat) 23 Apr 1949 (16),Arsenal FC (39),1-2,?,Chelsea FC (39)
?,(Sat) 23 Apr 1949 (16),Derby County FC (38),1-0,?,Birmingham City FC (40)
?,(Sat) 23 Apr 1949 (16),Manchester United FC (37),2-2,?,Preston North End FC (39)
?,(Sat) 23 Apr 1949 (16),Liverpool FC (39),1-1,?,Newcastle United FC (40)
?,(Sat) 23 Apr 1949 (16),Blackpool FC (40),1-1,?,Middlesbrough FC (38)
?,(Sat) 23 Apr 1949 (16),Sheffield United FC (39),0-0,?,Burnley FC (40)
?,(Sat) 23 Apr 1949 (16),Huddersfield Town AFC (39),1-1,?,Everton FC (39)
?,(Sat) 23 Apr 1949 (16),Sunderland AFC (40),1-0,?,Charlton Athletic FC (40)
?,(Sat) 23 Apr 1949 (16),Bolton Wanderers FC (39),1-2,?,Portsmouth FC (39)
?,(Sat) 23 Apr 1949 (16),Aston Villa FC (39),2-1,?,Stoke City FC (39)
?,(Sat) 23 Apr 1949 (16),Wolverhampton Wanderers FC (38),1-1,?,Manchester City FC (40)
?,(Wed) 27 Apr 1949 (17),Middlesbrough FC (39),1-1,?,Stoke City FC (40)
?,(Wed) 27 Apr 1949 (17),Everton FC (40),2-0,?,Manchester United FC (38)
?,(Wed) 27 Apr 1949 (17),Derby County FC (39),2-2,?,Aston Villa FC (40)
?,(Wed) 27 Apr 1949 (17),Manchester City FC (41),0-3,?,Arsenal FC (40)
?,(Sat) 30 Apr 1949 (17),Middlesbrough FC (40),3-1,?,Sheffield United FC (40)
?,(Sat) 30 Apr 1949 (17),Preston North End FC (40),1-1,?,Bolton Wanderers FC (40)
?,(Sat) 30 Apr 1949 (17),Burnley FC (41),0-2,?,Liverpool FC (40)
?,(Sat) 30 Apr 1949 (17),Charlton Athletic FC (41),1-5,?,Derby County FC (40)
?,(Sat) 30 Apr 1949 (17),Newcastle United FC (41),0-1,?,Manchester United FC (39)
?,(Sat) 30 Apr 1949 (17),Portsmouth FC (40),2-0,?,Huddersfield Town AFC (40)
?,(Sat) 30 Apr 1949 (17),Stoke City FC (41),3-2,?,Blackpool FC (41)
?,(Sat) 30 Apr 1949 (17),Chelsea FC (40),0-1,?,Sunderland AFC (41)
?,(Sat) 30 Apr 1949 (17),Birmingham City FC (41),0-1,?,Aston Villa FC (41)
?,(Mon) 2 May 1949 (18),Manchester United FC (40),1-0,?,Middlesbrough FC (41)
?,(Mon) 2 May 1949 (18),Wolverhampton Wanderers FC (39),2-1,?,Preston North End FC (41)
?,(Wed) 4 May 1949 (18),Derby County FC (41),3-0,?,Liverpool FC (41)
?,(Wed) 4 May 1949 (18),Arsenal FC (41),3-2,?,Portsmouth FC (41)
?,(Wed) 4 May 1949 (18),Bolton Wanderers FC (41),1-1,?,Chelsea FC (41)
?,(Wed) 4 May 1949 (18),Everton FC (41),1-0,?,Wolverhampton Wanderers FC (40)
?,(Wed) 4 May 1949 (18),Manchester United FC (41),3-2,?,Sheffield United FC (41)
?,(Thu) 5 May 1949 (18),Huddersfield Town AFC (41),4-0,?,Wolverhampton Wanderers FC (41)
?,(Sat) 7 May 1949 (18),Wolverhampton Wanderers FC (42),1-1,?,Chelsea FC (42)
?,(Sat) 7 May 1949 (18),Bolton Wanderers FC (42),1-0,?,Everton FC (42)
?,(Sat) 7 May 1949 (18),Huddersfield Town AFC (42),1-0,?,Manchester City FC (42)
?,(Sat) 7 May 1949 (18),Arsenal FC (42),2-0,?,Charlton Athletic FC (42)
?,(Sat) 7 May 1949 (18),Sunderland AFC (42),1-1,?,Birmingham City FC (42)
?,(Sat) 7 May 1949 (18),Derby County FC (42),4-1,?,Stoke City FC (42)
?,(Sat) 7 May 1949 (18),Liverpool FC (42),0-2,?,Preston North End FC (42)
?,(Sat) 7 May 1949 (18),Sheffield United FC (42),0-0,?,Newcastle United FC (42)
?,(Sat) 7 May 1949 (18),Aston Villa FC (42),1-1,?,Middlesbrough FC (42)
?,(Sat) 7 May 1949 (18),Manchester United FC (42),3-2,?,Portsmouth FC (42)
?,(Sat) 7 May 1949 (18),Blackpool FC (42),1-1,?,Burnley FC (42)
