Round,Date,Team 1,FT,HT,Team 2
?,(Sat) 26 Aug 1933 (34),Watford FC (1),1-2,?,Cardiff City FC (1)
?,(Sat) 26 Aug 1933 (34),Charlton Athletic FC (1),4-3,?,AFC Bournemouth (1)
?,(Sat) 26 Aug 1933 (34),Torquay United FC (1),0-0,?,Aldershot Town FC (1)
?,(Sat) 26 Aug 1933 (34),Queens Park Rangers FC (1),2-0,?,Brighton & Hove Albion FC (1)
?,(Sat) 26 Aug 1933 (34),Newport County AFC (1),1-2,?,Swindon Town FC (1)
?,(Sat) 26 Aug 1933 (34),Northampton Town FC (1),2-3,?,Luton Town FC (1)
?,(Sat) 26 Aug 1933 (34),Southend United FC (1),0-4,?,Crystal Palace FC (1)
?,(Sat) 26 Aug 1933 (34),Bristol City FC (1),0-3,?,Bristol Rovers FC (1)
?,(Sat) 26 Aug 1933 (34),Reading FC (1),3-1,?,Exeter City FC (1)
?,(Sat) 26 Aug 1933 (34),Coventry City FC (1),7-1,?,Gillingham FC (1)
?,(Sat) 26 Aug 1933 (34),Norwich City FC (1),3-0,?,Leyton Orient FC (1)
?,(Mon) 28 Aug 1933 (35),Luton Town FC (2),2-1,?,Charlton Athletic FC (2)
?,(Mon) 28 Aug 1933 (35),Leyton Orient FC (2),3-0,?,Newport County AFC (2)
?,(Mon) 28 Aug 1933 (35),Norwich City FC (2),7-2,?,Bristol City FC (2)
?,(Mon) 28 Aug 1933 (35),Cardiff City FC (2),2-0,?,Reading FC (2)
?,(Wed) 30 Aug 1933 (35),Bristol Rovers FC (2),0-1,?,Crystal Palace FC (2)
?,(Wed) 30 Aug 1933 (35),Gillingham FC (2),0-0,?,Southend United FC (2)
?,(Wed) 30 Aug 1933 (35),Brighton & Hove Albion FC (2),3-1,?,Torquay United FC (2)
?,(Wed) 30 Aug 1933 (35),Exeter City FC (2),1-0,?,Coventry City FC (2)
?,(Wed) 30 Aug 1933 (35),Swindon Town FC (2),3-1,?,Queens Park Rangers FC (2)
?,(Wed) 30 Aug 1933 (35),AFC Bournemouth (2),3-2,?,Watford FC (2)
?,(Wed) 30 Aug 1933 (35),Aldershot Town FC (2),1-1,?,Northampton Town FC (2)
?,(Sat) 2 Sep 1933 (35),Brighton & Hove Albion FC (3),1-1,?,Newport County AFC (3)
?,(Sat) 2 Sep 1933 (35),Cardiff City FC (3),1-1,?,Charlton Athletic FC (3)
?,(Sat) 2 Sep 1933 (35),Bristol Rovers FC (3),3-1,?,Southend United FC (3)
?,(Sat) 2 Sep 1933 (35),Crystal Palace FC (3),2-1,?,Coventry City FC (3)
?,(Sat) 2 Sep 1933 (35),Exeter City FC (3),3-1,?,Watford FC (3)
?,(Sat) 2 Sep 1933 (35),Leyton Orient FC (3),4-0,?,Bristol City FC (3)
?,(Sat) 2 Sep 1933 (35),Luton Town FC (3),10-2,?,Torquay United FC (3)
?,(Sat) 2 Sep 1933 (35),AFC Bournemouth (3),4-0,?,Northampton Town FC (3)
?,(Sat) 2 Sep 1933 (35),Aldershot Town FC (3),3-1,?,Queens Park Rangers FC (3)
?,(Sat) 2 Sep 1933 (35),Gillingham FC (3),5-1,?,Reading FC (3)
?,(Sat) 2 Sep 1933 (35),Swindon Town FC (3),0-0,?,Norwich City FC (3)
?,(Mon) 4 Sep 1933 (36),Charlton Athletic FC (4),2-0,?,Luton Town FC (4)
?,(Mon) 4 Sep 1933 (36),Northampton Town FC (4),0-0,?,Aldershot Town FC (4)
?,(Mon) 4 Sep 1933 (36),Newport County AFC (4),1-1,?,Leyton Orient FC (4)
?,(Mon) 4 Sep 1933 (36),Coventry City FC (4),1-3,?,Exeter City FC (4)
?,(Wed) 6 Sep 1933 (36),Torquay United FC (4),3-0,?,Brighton & Hove Albion FC (4)
?,(Wed) 6 Sep 1933 (36),Southend United FC (4),1-2,?,Gillingham FC (4)
?,(Wed) 6 Sep 1933 (36),Crystal Palace FC (4),1-2,?,Bristol Rovers FC (4)
?,(Wed) 6 Sep 1933 (36),Watford FC (4),1-2,?,AFC Bournemouth (4)
?,(Wed) 6 Sep 1933 (36),Bristol City FC (4),0-1,?,Norwich City FC (4)
?,(Wed) 6 Sep 1933 (36),Reading FC (4),3-1,?,Cardiff City FC (4)
?,(Thu) 7 Sep 1933 (36),Queens Park Rangers FC (4),1-0,?,Swindon Town FC (4)
?,(Sat) 9 Sep 1933 (36),Coventry City FC (5),5-3,?,Bristol Rovers FC (5)
?,(Sat) 9 Sep 1933 (36),Watford FC (5),2-1,?,Gillingham FC (5)
?,(Sat) 9 Sep 1933 (36),Torquay United FC (5),3-2,?,Northampton Town FC (5)
?,(Sat) 9 Sep 1933 (36),Queens Park Rangers FC (5),2-1,?,Luton Town FC (5)
?,(Sat) 9 Sep 1933 (36),Charlton Athletic FC (5),4-1,?,Exeter City FC (5)
?,(Sat) 9 Sep 1933 (36),AFC Bournemouth (5),1-3,?,Cardiff City FC (5)
?,(Sat) 9 Sep 1933 (36),Norwich City FC (5),4-3,?,Brighton & Hove Albion FC (5)
?,(Sat) 9 Sep 1933 (36),Bristol City FC (5),2-2,?,Swindon Town FC (5)
?,(Sat) 9 Sep 1933 (36),Newport County AFC (5),1-2,?,Aldershot Town FC (5)
?,(Sat) 9 Sep 1933 (36),Southend United FC (5),2-1,?,Leyton Orient FC (5)
?,(Sat) 9 Sep 1933 (36),Reading FC (5),0-0,?,Crystal Palace FC (5)
?,(Wed) 13 Sep 1933 (37),Exeter City FC (6),3-0,?,Brighton & Hove Albion FC (6)
?,(Wed) 13 Sep 1933 (37),Crystal Palace FC (6),2-2,?,Luton Town FC (6)
?,(Sat) 16 Sep 1933 (37),Swindon Town FC (6),3-0,?,Leyton Orient FC (6)
?,(Sat) 16 Sep 1933 (37),Brighton & Hove Albion FC (7),5-1,?,Bristol City FC (6)
?,(Sat) 16 Sep 1933 (37),Gillingham FC (6),1-1,?,Charlton Athletic FC (6)
?,(Sat) 16 Sep 1933 (37),Southend United FC (6),2-1,?,Coventry City FC (6)
?,(Sat) 16 Sep 1933 (37),Aldershot Town FC (6),2-1,?,Norwich City FC (6)
?,(Sat) 16 Sep 1933 (37),Exeter City FC (7),4-0,?,AFC Bournemouth (6)
?,(Sat) 16 Sep 1933 (37),Cardiff City FC (6),0-1,?,Torquay United FC (6)
?,(Sat) 16 Sep 1933 (37),Luton Town FC (7),1-1,?,Newport County AFC (6)
?,(Sat) 16 Sep 1933 (37),Bristol Rovers FC (6),1-0,?,Reading FC (6)
?,(Sat) 16 Sep 1933 (37),Crystal Palace FC (7),4-3,?,Watford FC (6)
?,(Sat) 16 Sep 1933 (37),Northampton Town FC (6),2-1,?,Queens Park Rangers FC (6)
?,(Sat) 23 Sep 1933 (38),Reading FC (7),5-0,?,Southend United FC (7)
?,(Sat) 23 Sep 1933 (38),Bristol City FC (7),1-1,?,Aldershot Town FC (7)
?,(Sat) 23 Sep 1933 (38),AFC Bournemouth (7),1-1,?,Gillingham FC (7)
?,(Sat) 23 Sep 1933 (38),Watford FC (7),0-0,?,Bristol Rovers FC (7)
?,(Sat) 23 Sep 1933 (38),Norwich City FC (7),4-0,?,Luton Town FC (8)
?,(Sat) 23 Sep 1933 (38),Newport County AFC (7),2-0,?,Northampton Town FC (7)
?,(Sat) 23 Sep 1933 (38),Queens Park Rangers FC (7),2-0,?,Torquay United FC (7)
?,(Sat) 23 Sep 1933 (38),Charlton Athletic FC (7),4-2,?,Crystal Palace FC (8)
?,(Sat) 23 Sep 1933 (38),Leyton Orient FC (7),2-1,?,Brighton & Hove Albion FC (8)
?,(Sat) 23 Sep 1933 (38),Cardiff City FC (7),2-1,?,Exeter City FC (8)
?,(Sat) 23 Sep 1933 (38),Coventry City FC (7),5-1,?,Swindon Town FC (7)
?,(Sat) 30 Sep 1933 (39),Northampton Town FC (8),2-2,?,Norwich City FC (8)
?,(Sat) 30 Sep 1933 (39),Crystal Palace FC (9),4-1,?,AFC Bournemouth (8)
?,(Sat) 30 Sep 1933 (39),Coventry City FC (8),0-0,?,Reading FC (8)
?,(Sat) 30 Sep 1933 (39),Torquay United FC (8),1-2,?,Newport County AFC (8)
?,(Sat) 30 Sep 1933 (39),Aldershot Town FC (8),0-0,?,Leyton Orient FC (8)
?,(Sat) 30 Sep 1933 (39),Luton Town FC (9),3-0,?,Bristol City FC (8)
?,(Sat) 30 Sep 1933 (39),Brighton & Hove Albion FC (9),3-0,?,Swindon Town FC (8)
?,(Sat) 30 Sep 1933 (39),Gillingham FC (8),6-2,?,Cardiff City FC (8)
?,(Sat) 30 Sep 1933 (39),Exeter City FC (9),1-1,?,Queens Park Rangers FC (8)
?,(Sat) 30 Sep 1933 (39),Southend United FC (8),1-1,?,Watford FC (8)
?,(Sat) 30 Sep 1933 (39),Bristol Rovers FC (8),2-5,?,Charlton Athletic FC (8)
?,(Sat) 7 Oct 1933 (40),AFC Bournemouth (9),2-0,?,Bristol Rovers FC (9)
?,(Sat) 7 Oct 1933 (40),Norwich City FC (9),0-2,?,Torquay United FC (9)
?,(Sat) 7 Oct 1933 (40),Leyton Orient FC (9),1-1,?,Luton Town FC (10)
?,(Sat) 7 Oct 1933 (40),Newport County AFC (9),1-2,?,Queens Park Rangers FC (9)
?,(Sat) 7 Oct 1933 (40),Bristol City FC (9),2-3,?,Northampton Town FC (9)
?,(Sat) 7 Oct 1933 (40),Watford FC (9),3-3,?,Coventry City FC (9)
?,(Sat) 7 Oct 1933 (40),Swindon Town FC (9),1-0,?,Aldershot Town FC (9)
?,(Sat) 7 Oct 1933 (40),Exeter City FC (10),2-0,?,Gillingham FC (9)
?,(Sat) 7 Oct 1933 (40),Reading FC (9),2-0,?,Brighton & Hove Albion FC (10)
?,(Sat) 7 Oct 1933 (40),Cardiff City FC (9),4-0,?,Crystal Palace FC (10)
?,(Sat) 7 Oct 1933 (40),Charlton Athletic FC (9),1-3,?,Southend United FC (9)
?,(Sat) 14 Oct 1933 (41),Gillingham FC (10),1-0,?,Newport County AFC (10)
?,(Sat) 14 Oct 1933 (41),Northampton Town FC (10),3-0,?,Leyton Orient FC (10)
?,(Sat) 14 Oct 1933 (41),Torquay United FC (10),2-2,?,Bristol City FC (10)
?,(Sat) 14 Oct 1933 (41),Coventry City FC (10),3-2,?,Charlton Athletic FC (10)
?,(Sat) 14 Oct 1933 (41),Luton Town FC (11),2-3,?,Swindon Town FC (10)
?,(Sat) 14 Oct 1933 (41),Bristol Rovers FC (10),3-1,?,Cardiff City FC (10)
?,(Sat) 14 Oct 1933 (41),Queens Park Rangers FC (10),5-2,?,Norwich City FC (10)
?,(Sat) 14 Oct 1933 (41),Reading FC (10),6-1,?,Watford FC (10)
?,(Sat) 14 Oct 1933 (41),Aldershot Town FC (10),0-1,?,Brighton & Hove Albion FC (11)
?,(Sat) 14 Oct 1933 (41),Southend United FC (10),1-2,?,AFC Bournemouth (10)
?,(Sat) 14 Oct 1933 (41),Crystal Palace FC (11),0-0,?,Exeter City FC (11)
?,(Sat) 21 Oct 1933 (42),Aldershot Town FC (11),3-0,?,Reading FC (11)
?,(Sat) 21 Oct 1933 (42),Brighton & Hove Albion FC (12),1-1,?,Coventry City FC (11)
?,(Sat) 21 Oct 1933 (42),Swindon Town FC (11),1-4,?,Southend United FC (11)
?,(Sat) 21 Oct 1933 (42),Northampton Town FC (11),1-2,?,Charlton Athletic FC (11)
?,(Sat) 21 Oct 1933 (42),Norwich City FC (11),4-1,?,Gillingham FC (11)
?,(Sat) 21 Oct 1933 (42),Torquay United FC (11),1-0,?,AFC Bournemouth (11)
?,(Sat) 21 Oct 1933 (42),Bristol City FC (11),2-2,?,Crystal Palace FC (12)
?,(Sat) 21 Oct 1933 (42),Queens Park Rangers FC (11),4-0,?,Cardiff City FC (11)
?,(Sat) 21 Oct 1933 (42),Luton Town FC (12),2-1,?,Watford FC (11)
?,(Sat) 21 Oct 1933 (42),Leyton Orient FC (11),0-0,?,Bristol Rovers FC (11)
?,(Sat) 21 Oct 1933 (42),Newport County AFC (11),1-0,?,Exeter City FC (12)
?,(Sat) 28 Oct 1933 (43),Southend United FC (12),0-0,?,Brighton & Hove Albion FC (13)
?,(Sat) 28 Oct 1933 (43),Gillingham FC (12),2-1,?,Bristol City FC (12)
?,(Sat) 28 Oct 1933 (43),Bristol Rovers FC (12),3-0,?,Swindon Town FC (12)
?,(Sat) 28 Oct 1933 (43),Exeter City FC (13),3-4,?,Norwich City FC (12)
?,(Sat) 28 Oct 1933 (43),Watford FC (12),2-0,?,Northampton Town FC (12)
?,(Sat) 28 Oct 1933 (43),Crystal Palace FC (13),3-2,?,Leyton Orient FC (12)
?,(Sat) 28 Oct 1933 (43),AFC Bournemouth (12),3-2,?,Queens Park Rangers FC (12)
?,(Sat) 28 Oct 1933 (43),Coventry City FC (12),5-1,?,Aldershot Town FC (12)
?,(Sat) 28 Oct 1933 (43),Charlton Athletic FC (12),6-0,?,Torquay United FC (12)
?,(Sat) 28 Oct 1933 (43),Reading FC (12),4-1,?,Luton Town FC (13)
?,(Sat) 28 Oct 1933 (43),Cardiff City FC (12),1-1,?,Newport County AFC (12)
?,(Sat) 4 Nov 1933 (44),Swindon Town FC (13),3-2,?,Crystal Palace FC (14)
?,(Sat) 4 Nov 1933 (44),Queens Park Rangers FC (13),2-1,?,Charlton Athletic FC (13)
?,(Sat) 4 Nov 1933 (44),Bristol City FC (13),1-1,?,Exeter City FC (14)
?,(Sat) 4 Nov 1933 (44),Torquay United FC (13),1-3,?,Watford FC (13)
?,(Sat) 4 Nov 1933 (44),Aldershot Town FC (13),2-0,?,Southend United FC (13)
?,(Sat) 4 Nov 1933 (44),Brighton & Hove Albion FC (14),0-2,?,Bristol Rovers FC (13)
?,(Sat) 4 Nov 1933 (44),Newport County AFC (13),1-1,?,AFC Bournemouth (13)
?,(Sat) 4 Nov 1933 (44),Northampton Town FC (13),2-4,?,Reading FC (13)
?,(Sat) 4 Nov 1933 (44),Luton Town FC (14),0-1,?,Coventry City FC (13)
?,(Sat) 4 Nov 1933 (44),Norwich City FC (13),2-0,?,Cardiff City FC (13)
?,(Sat) 4 Nov 1933 (44),Leyton Orient FC (13),2-1,?,Gillingham FC (13)
?,(Sat) 11 Nov 1933 (45),Charlton Athletic FC (14),6-1,?,Newport County AFC (14)
?,(Sat) 11 Nov 1933 (45),Reading FC (14),5-2,?,Torquay United FC (14)
?,(Sat) 11 Nov 1933 (45),Gillingham FC (14),3-3,?,Swindon Town FC (14)
?,(Sat) 11 Nov 1933 (45),Southend United FC (14),0-1,?,Luton Town FC (15)
?,(Sat) 11 Nov 1933 (45),Cardiff City FC (14),1-5,?,Bristol City FC (14)
?,(Sat) 11 Nov 1933 (45),Exeter City FC (15),0-3,?,Leyton Orient FC (14)
?,(Sat) 11 Nov 1933 (45),AFC Bournemouth (14),2-4,?,Norwich City FC (14)
?,(Sat) 11 Nov 1933 (45),Bristol Rovers FC (14),4-1,?,Aldershot Town FC (14)
?,(Sat) 11 Nov 1933 (45),Crystal Palace FC (15),2-1,?,Brighton & Hove Albion FC (15)
?,(Sat) 11 Nov 1933 (45),Watford FC (14),0-0,?,Queens Park Rangers FC (14)
?,(Sat) 11 Nov 1933 (45),Coventry City FC (14),3-1,?,Northampton Town FC (14)
?,(Sat) 18 Nov 1933 (46),Northampton Town FC (15),2-0,?,Southend United FC (15)
?,(Sat) 18 Nov 1933 (46),Queens Park Rangers FC (15),0-0,?,Reading FC (15)
?,(Sat) 18 Nov 1933 (46),Torquay United FC (15),1-3,?,Coventry City FC (15)
?,(Sat) 18 Nov 1933 (46),Luton Town FC (16),2-2,?,Bristol Rovers FC (15)
?,(Sat) 18 Nov 1933 (46),Brighton & Hove Albion FC (16),5-2,?,Gillingham FC (15)
?,(Sat) 18 Nov 1933 (46),Aldershot Town FC (15),0-4,?,Crystal Palace FC (16)
?,(Sat) 18 Nov 1933 (46),Leyton Orient FC (15),4-2,?,Cardiff City FC (15)
?,(Sat) 18 Nov 1933 (46),Norwich City FC (15),3-0,?,Charlton Athletic FC (15)
?,(Sat) 18 Nov 1933 (46),Newport County AFC (15),0-3,?,Watford FC (15)
?,(Sat) 18 Nov 1933 (46),Bristol City FC (15),3-1,?,AFC Bournemouth (15)
?,(Sat) 18 Nov 1933 (46),Swindon Town FC (15),1-1,?,Exeter City FC (16)
?,(Sat) 2 Dec 1933 (48),Newport County AFC (16),0-0,?,Coventry City FC (16)
?,(Sat) 2 Dec 1933 (48),Bristol City FC (16),1-0,?,Watford FC (16)
?,(Sat) 2 Dec 1933 (48),Luton Town FC (17),4-2,?,Gillingham FC (16)
?,(Sat) 2 Dec 1933 (48),Northampton Town FC (16),4-2,?,Crystal Palace FC (17)
?,(Sat) 2 Dec 1933 (48),Leyton Orient FC (16),1-3,?,Charlton Athletic FC (16)
?,(Sat) 2 Dec 1933 (48),Brighton & Hove Albion FC (17),4-0,?,Cardiff City FC (16)
?,(Sat) 2 Dec 1933 (48),Torquay United FC (16),2-1,?,Bristol Rovers FC (16)
?,(Sat) 2 Dec 1933 (48),Aldershot Town FC (16),0-2,?,Exeter City FC (17)
?,(Sat) 2 Dec 1933 (48),Swindon Town FC (16),3-2,?,AFC Bournemouth (16)
?,(Sat) 2 Dec 1933 (48),Norwich City FC (16),3-2,?,Reading FC (16)
?,(Sat) 2 Dec 1933 (48),Queens Park Rangers FC (16),4-0,?,Southend United FC (16)
?,(Sat) 9 Dec 1933 (49),Exeter City FC (18),4-2,?,Luton Town FC (18)
?,(Thu) 14 Dec 1933 (50),Coventry City FC (17),0-0,?,Norwich City FC (17)
?,(Sat) 16 Dec 1933 (50),Luton Town FC (19),3-1,?,Cardiff City FC (17)
?,(Sat) 16 Dec 1933 (50),Newport County AFC (17),1-0,?,Bristol Rovers FC (17)
?,(Sat) 16 Dec 1933 (50),Swindon Town FC (17),1-0,?,Watford FC (17)
?,(Sat) 16 Dec 1933 (50),Torquay United FC (17),2-1,?,Gillingham FC (17)
?,(Sat) 16 Dec 1933 (50),Aldershot Town FC (17),0-0,?,AFC Bournemouth (17)
?,(Sat) 16 Dec 1933 (50),Norwich City FC (18),0-0,?,Southend United FC (17)
?,(Sat) 16 Dec 1933 (50),Northampton Town FC (17),5-3,?,Exeter City FC (19)
?,(Sat) 16 Dec 1933 (50),Queens Park Rangers FC (17),2-1,?,Crystal Palace FC (18)
?,(Sat) 16 Dec 1933 (50),Leyton Orient FC (17),2-3,?,Reading FC (17)
?,(Sat) 16 Dec 1933 (50),Brighton & Hove Albion FC (18),1-0,?,Charlton Athletic FC (17)
?,(Sat) 16 Dec 1933 (50),Bristol City FC (17),0-0,?,Coventry City FC (18)
?,(Wed) 20 Dec 1933 (51),Watford FC (18),6-0,?,Leyton Orient FC (18)
?,(Sat) 23 Dec 1933 (51),Reading FC (18),2-0,?,Swindon Town FC (18)
?,(Sat) 23 Dec 1933 (51),AFC Bournemouth (18),4-3,?,Luton Town FC (20)
?,(Sat) 23 Dec 1933 (51),Watford FC (19),2-0,?,Brighton & Hove Albion FC (19)
?,(Sat) 23 Dec 1933 (51),Bristol Rovers FC (18),3-0,?,Norwich City FC (19)
?,(Sat) 23 Dec 1933 (51),Southend United FC (18),3-0,?,Bristol City FC (18)
?,(Sat) 23 Dec 1933 (51),Cardiff City FC (18),1-3,?,Northampton Town FC (18)
?,(Sat) 23 Dec 1933 (51),Exeter City FC (20),4-0,?,Torquay United FC (18)
?,(Sat) 23 Dec 1933 (51),Charlton Athletic FC (18),1-0,?,Aldershot Town FC (18)
?,(Sat) 23 Dec 1933 (51),Crystal Palace FC (19),1-1,?,Newport County AFC (18)
?,(Sat) 23 Dec 1933 (51),Gillingham FC (18),1-4,?,Queens Park Rangers FC (18)
?,(Sat) 23 Dec 1933 (51),Coventry City FC (19),3-1,?,Leyton Orient FC (19)
?,(Mon) 25 Dec 1933 (52),Northampton Town FC (19),1-1,?,Brighton & Hove Albion FC (20)
?,(Mon) 25 Dec 1933 (52),Aldershot Town FC (19),0-0,?,Luton Town FC (21)
?,(Mon) 25 Dec 1933 (52),AFC Bournemouth (19),1-1,?,Reading FC (19)
?,(Mon) 25 Dec 1933 (52),Newport County AFC (19),2-2,?,Bristol City FC (19)
?,(Mon) 25 Dec 1933 (52),Coventry City FC (20),4-1,?,Cardiff City FC (19)
?,(Mon) 25 Dec 1933 (52),Queens Park Rangers FC (19),2-0,?,Leyton Orient FC (20)
?,(Mon) 25 Dec 1933 (52),Torquay United FC (19),2-0,?,Swindon Town FC (19)
?,(Mon) 25 Dec 1933 (52),Bristol Rovers FC (19),4-2,?,Gillingham FC (19)
?,(Mon) 25 Dec 1933 (52),Crystal Palace FC (20),0-1,?,Norwich City FC (20)
?,(Mon) 25 Dec 1933 (52),Watford FC (20),0-1,?,Charlton Athletic FC (19)
?,(Mon) 25 Dec 1933 (52),Exeter City FC (21),2-0,?,Southend United FC (19)
?,(Tue) 26 Dec 1933 (52),Charlton Athletic FC (20),4-3,?,Watford FC (21)
?,(Tue) 26 Dec 1933 (52),Swindon Town FC (20),2-0,?,Torquay United FC (20)
?,(Tue) 26 Dec 1933 (52),Bristol City FC (20),1-1,?,Newport County AFC (20)
?,(Tue) 26 Dec 1933 (52),Reading FC (20),4-0,?,AFC Bournemouth (20)
?,(Tue) 26 Dec 1933 (52),Southend United FC (20),3-1,?,Exeter City FC (22)
?,(Tue) 26 Dec 1933 (52),Brighton & Hove Albion FC (21),3-3,?,Northampton Town FC (20)
?,(Tue) 26 Dec 1933 (52),Cardiff City FC (20),3-3,?,Coventry City FC (21)
?,(Tue) 26 Dec 1933 (52),Gillingham FC (20),3-2,?,Bristol Rovers FC (20)
?,(Tue) 26 Dec 1933 (52),Norwich City FC (21),2-0,?,Crystal Palace FC (21)
?,(Tue) 26 Dec 1933 (52),Luton Town FC (22),1-1,?,Aldershot Town FC (20)
?,(Tue) 26 Dec 1933 (52),Leyton Orient FC (21),2-2,?,Queens Park Rangers FC (20)
?,(Sat) 30 Dec 1933 (52),Brighton & Hove Albion FC (22),0-1,?,Queens Park Rangers FC (21)
?,(Sat) 30 Dec 1933 (52),Exeter City FC (23),4-1,?,Reading FC (21)
?,(Sat) 30 Dec 1933 (52),Swindon Town FC (21),1-1,?,Newport County AFC (21)
?,(Sat) 30 Dec 1933 (52),Bristol Rovers FC (21),5-1,?,Bristol City FC (21)
?,(Sat) 30 Dec 1933 (52),Gillingham FC (21),3-7,?,Coventry City FC (22)
?,(Sat) 30 Dec 1933 (52),Crystal Palace FC (22),1-1,?,Southend United FC (21)
?,(Sat) 30 Dec 1933 (52),Aldershot Town FC (21),3-0,?,Torquay United FC (21)
?,(Sat) 30 Dec 1933 (52),Luton Town FC (23),3-1,?,Northampton Town FC (21)
?,(Sat) 30 Dec 1933 (52),AFC Bournemouth (21),1-2,?,Charlton Athletic FC (21)
?,(Sat) 30 Dec 1933 (52),Cardiff City FC (21),4-1,?,Watford FC (22)
?,(Sat) 30 Dec 1933 (52),Leyton Orient FC (22),3-2,?,Norwich City FC (22)
?,(Sat) 6 Jan 1934 (1),Reading FC (22),2-0,?,Gillingham FC (22)
?,(Sat) 6 Jan 1934 (1),Torquay United FC (22),0-1,?,Luton Town FC (24)
?,(Sat) 6 Jan 1934 (1),Charlton Athletic FC (22),2-0,?,Cardiff City FC (22)
?,(Sat) 6 Jan 1934 (1),Watford FC (23),2-0,?,Exeter City FC (24)
?,(Sat) 6 Jan 1934 (1),Southend United FC (22),2-2,?,Bristol Rovers FC (22)
?,(Sat) 6 Jan 1934 (1),Norwich City FC (23),3-2,?,Swindon Town FC (22)
?,(Sat) 6 Jan 1934 (1),Queens Park Rangers FC (22),2-4,?,Aldershot Town FC (22)
?,(Sat) 6 Jan 1934 (1),Northampton Town FC (22),4-1,?,AFC Bournemouth (22)
?,(Sat) 6 Jan 1934 (1),Newport County AFC (22),2-2,?,Brighton & Hove Albion FC (23)
?,(Sat) 6 Jan 1934 (1),Bristol City FC (22),3-0,?,Leyton Orient FC (23)
?,(Sat) 6 Jan 1934 (1),Coventry City FC (23),5-1,?,Crystal Palace FC (23)
?,(Sat) 13 Jan 1934 (2),Watford FC (24),1-3,?,Norwich City FC (24)
?,(Wed) 17 Jan 1934 (3),Gillingham FC (23),1-2,?,Aldershot Town FC (23)
?,(Wed) 17 Jan 1934 (3),Southend United FC (23),3-1,?,Torquay United FC (23)
?,(Wed) 17 Jan 1934 (3),AFC Bournemouth (23),2-0,?,Leyton Orient FC (24)
?,(Wed) 17 Jan 1934 (3),Cardiff City FC (23),0-1,?,Swindon Town FC (23)
?,(Wed) 17 Jan 1934 (3),Reading FC (23),4-0,?,Newport County AFC (23)
?,(Thu) 18 Jan 1934 (3),Coventry City FC (24),0-1,?,Queens Park Rangers FC (23)
?,(Sat) 20 Jan 1934 (3),Crystal Palace FC (24),0-0,?,Reading FC (24)
?,(Sat) 20 Jan 1934 (3),Northampton Town FC (23),1-1,?,Torquay United FC (24)
?,(Sat) 20 Jan 1934 (3),Cardiff City FC (24),4-2,?,AFC Bournemouth (24)
?,(Sat) 20 Jan 1934 (3),Gillingham FC (24),3-3,?,Watford FC (25)
?,(Sat) 20 Jan 1934 (3),Aldershot Town FC (24),3-2,?,Newport County AFC (24)
?,(Sat) 20 Jan 1934 (3),Bristol Rovers FC (23),4-1,?,Coventry City FC (25)
?,(Sat) 20 Jan 1934 (3),Luton Town FC (25),4-2,?,Queens Park Rangers FC (24)
?,(Sat) 20 Jan 1934 (3),Brighton & Hove Albion FC (24),1-1,?,Norwich City FC (25)
?,(Sat) 20 Jan 1934 (3),Swindon Town FC (24),4-2,?,Bristol City FC (23)
?,(Sat) 20 Jan 1934 (3),Leyton Orient FC (25),5-2,?,Southend United FC (24)
?,(Sat) 20 Jan 1934 (3),Exeter City FC (25),2-0,?,Charlton Athletic FC (23)
?,(Sat) 27 Jan 1934 (4),AFC Bournemouth (25),1-3,?,Exeter City FC (26)
?,(Sat) 27 Jan 1934 (4),Coventry City FC (26),2-0,?,Southend United FC (25)
?,(Sat) 27 Jan 1934 (4),Leyton Orient FC (26),1-0,?,Swindon Town FC (25)
?,(Sat) 27 Jan 1934 (4),Norwich City FC (26),2-2,?,Aldershot Town FC (25)
?,(Sat) 27 Jan 1934 (4),Torquay United FC (25),3-1,?,Cardiff City FC (25)
?,(Sat) 27 Jan 1934 (4),Reading FC (25),2-2,?,Bristol Rovers FC (24)
?,(Sat) 27 Jan 1934 (4),Newport County AFC (25),1-2,?,Luton Town FC (26)
?,(Mon) 29 Jan 1934 (5),Charlton Athletic FC (24),2-2,?,Gillingham FC (25)
?,(Wed) 31 Jan 1934 (5),Watford FC (26),3-1,?,Crystal Palace FC (25)
?,(Wed) 31 Jan 1934 (5),Queens Park Rangers FC (25),2-1,?,Northampton Town FC (24)
?,(Sat) 3 Feb 1934 (5),Northampton Town FC (25),5-3,?,Newport County AFC (26)
?,(Sat) 3 Feb 1934 (5),Gillingham FC (26),5-1,?,AFC Bournemouth (26)
?,(Sat) 3 Feb 1934 (5),Exeter City FC (27),4-0,?,Cardiff City FC (26)
?,(Sat) 3 Feb 1934 (5),Aldershot Town FC (26),2-2,?,Bristol City FC (24)
?,(Sat) 3 Feb 1934 (5),Southend United FC (26),2-2,?,Reading FC (26)
?,(Sat) 3 Feb 1934 (5),Torquay United FC (26),1-1,?,Queens Park Rangers FC (26)
?,(Sat) 3 Feb 1934 (5),Brighton & Hove Albion FC (25),0-0,?,Leyton Orient FC (27)
?,(Sat) 3 Feb 1934 (5),Swindon Town FC (26),0-1,?,Coventry City FC (27)
?,(Sat) 3 Feb 1934 (5),Bristol Rovers FC (25),1-0,?,Watford FC (27)
?,(Sat) 3 Feb 1934 (5),Crystal Palace FC (26),1-0,?,Charlton Athletic FC (25)
?,(Sat) 3 Feb 1934 (5),Luton Town FC (27),2-3,?,Norwich City FC (27)
?,(Wed) 7 Feb 1934 (6),Bristol City FC (25),5-0,?,Brighton & Hove Albion FC (26)
?,(Sat) 10 Feb 1934 (6),Bristol City FC (26),0-0,?,Luton Town FC (28)
?,(Sat) 10 Feb 1934 (6),AFC Bournemouth (27),1-1,?,Crystal Palace FC (27)
?,(Sat) 10 Feb 1934 (6),Queens Park Rangers FC (27),2-0,?,Exeter City FC (28)
?,(Sat) 10 Feb 1934 (6),Swindon Town FC (27),1-1,?,Brighton & Hove Albion FC (27)
?,(Sat) 10 Feb 1934 (6),Watford FC (28),2-1,?,Southend United FC (27)
?,(Sat) 10 Feb 1934 (6),Newport County AFC (27),0-0,?,Torquay United FC (27)
?,(Sat) 10 Feb 1934 (6),Norwich City FC (28),2-0,?,Northampton Town FC (26)
?,(Sat) 10 Feb 1934 (6),Reading FC (27),1-0,?,Coventry City FC (28)
?,(Sat) 10 Feb 1934 (6),Leyton Orient FC (28),9-2,?,Aldershot Town FC (27)
?,(Sat) 10 Feb 1934 (6),Charlton Athletic FC (26),2-1,?,Bristol Rovers FC (26)
?,(Sat) 10 Feb 1934 (6),Cardiff City FC (27),1-3,?,Gillingham FC (27)
?,(Sat) 17 Feb 1934 (7),Coventry City FC (29),2-0,?,Watford FC (29)
?,(Sat) 17 Feb 1934 (7),Crystal Palace FC (28),3-2,?,Cardiff City FC (28)
?,(Sat) 17 Feb 1934 (7),Torquay United FC (28),1-2,?,Norwich City FC (29)
?,(Sat) 17 Feb 1934 (7),Bristol Rovers FC (27),3-0,?,AFC Bournemouth (28)
?,(Sat) 17 Feb 1934 (7),Luton Town FC (29),2-0,?,Leyton Orient FC (29)
?,(Sat) 17 Feb 1934 (7),Aldershot Town FC (28),1-2,?,Swindon Town FC (28)
?,(Sat) 17 Feb 1934 (7),Gillingham FC (28),1-1,?,Exeter City FC (29)
?,(Sat) 17 Feb 1934 (7),Southend United FC (28),1-0,?,Charlton Athletic FC (27)
?,(Sat) 17 Feb 1934 (7),Queens Park Rangers FC (28),2-1,?,Newport County AFC (28)
?,(Sat) 17 Feb 1934 (7),Brighton & Hove Albion FC (28),1-1,?,Reading FC (28)
?,(Thu) 22 Feb 1934 (8),Northampton Town FC (27),2-3,?,Bristol City FC (27)
?,(Sat) 24 Feb 1934 (8),Brighton & Hove Albion FC (29),3-1,?,Aldershot Town FC (29)
?,(Sat) 24 Feb 1934 (8),AFC Bournemouth (29),1-4,?,Southend United FC (29)
?,(Sat) 24 Feb 1934 (8),Watford FC (30),2-0,?,Reading FC (29)
?,(Sat) 24 Feb 1934 (8),Norwich City FC (30),1-0,?,Queens Park Rangers FC (29)
?,(Sat) 24 Feb 1934 (8),Leyton Orient FC (30),5-1,?,Northampton Town FC (28)
?,(Sat) 24 Feb 1934 (8),Bristol City FC (28),2-0,?,Torquay United FC (29)
?,(Sat) 24 Feb 1934 (8),Exeter City FC (30),1-2,?,Crystal Palace FC (29)
?,(Sat) 24 Feb 1934 (8),Newport County AFC (29),3-1,?,Gillingham FC (29)
?,(Sat) 24 Feb 1934 (8),Swindon Town FC (29),3-1,?,Luton Town FC (30)
?,(Sat) 24 Feb 1934 (8),Charlton Athletic FC (28),2-0,?,Coventry City FC (30)
?,(Sat) 24 Feb 1934 (8),Cardiff City FC (29),1-5,?,Bristol Rovers FC (28)
?,(Wed) 28 Feb 1934 (9),Bristol Rovers FC (29),1-1,?,Northampton Town FC (29)
?,(Sat) 3 Mar 1934 (9),Watford FC (31),0-1,?,Luton Town FC (31)
?,(Sat) 3 Mar 1934 (9),Gillingham FC (30),1-2,?,Norwich City FC (31)
?,(Sat) 3 Mar 1934 (9),Charlton Athletic FC (29),1-1,?,Northampton Town FC (30)
?,(Sat) 3 Mar 1934 (9),Reading FC (30),3-2,?,Aldershot Town FC (30)
?,(Sat) 3 Mar 1934 (9),Southend United FC (30),4-1,?,Swindon Town FC (30)
?,(Sat) 3 Mar 1934 (9),Bristol Rovers FC (30),2-2,?,Leyton Orient FC (31)
?,(Sat) 3 Mar 1934 (9),AFC Bournemouth (30),3-4,?,Torquay United FC (30)
?,(Sat) 3 Mar 1934 (9),Exeter City FC (31),1-1,?,Newport County AFC (30)
?,(Sat) 3 Mar 1934 (9),Crystal Palace FC (30),0-1,?,Bristol City FC (29)
?,(Sat) 3 Mar 1934 (9),Cardiff City FC (30),3-1,?,Queens Park Rangers FC (30)
?,(Sat) 3 Mar 1934 (9),Coventry City FC (31),2-0,?,Brighton & Hove Albion FC (30)
?,(Sat) 10 Mar 1934 (10),Torquay United FC (31),1-4,?,Charlton Athletic FC (30)
?,(Sat) 10 Mar 1934 (10),Leyton Orient FC (32),2-0,?,Crystal Palace FC (31)
?,(Sat) 10 Mar 1934 (10),Brighton & Hove Albion FC (31),1-0,?,Southend United FC (31)
?,(Sat) 10 Mar 1934 (10),Northampton Town FC (31),1-0,?,Watford FC (32)
?,(Sat) 10 Mar 1934 (10),Queens Park Rangers FC (31),1-0,?,AFC Bournemouth (31)
?,(Sat) 10 Mar 1934 (10),Aldershot Town FC (31),1-1,?,Coventry City FC (32)
?,(Sat) 10 Mar 1934 (10),Bristol City FC (30),1-1,?,Gillingham FC (31)
?,(Sat) 10 Mar 1934 (10),Newport County AFC (31),2-2,?,Cardiff City FC (31)
?,(Sat) 10 Mar 1934 (10),Norwich City FC (32),1-1,?,Exeter City FC (32)
?,(Sat) 10 Mar 1934 (10),Swindon Town FC (31),1-0,?,Bristol Rovers FC (31)
?,(Sat) 10 Mar 1934 (10),Luton Town FC (32),3-1,?,Reading FC (31)
?,(Wed) 14 Mar 1934 (11),Southend United FC (32),3-5,?,Newport County AFC (32)
?,(Sat) 17 Mar 1934 (11),Gillingham FC (32),1-1,?,Leyton Orient FC (33)
?,(Sat) 17 Mar 1934 (11),Southend United FC (33),1-0,?,Aldershot Town FC (32)
?,(Sat) 17 Mar 1934 (11),AFC Bournemouth (32),0-0,?,Newport County AFC (33)
?,(Sat) 17 Mar 1934 (11),Crystal Palace FC (32),0-0,?,Swindon Town FC (32)
?,(Sat) 17 Mar 1934 (11),Coventry City FC (33),2-2,?,Luton Town FC (33)
?,(Sat) 17 Mar 1934 (11),Charlton Athletic FC (31),1-2,?,Queens Park Rangers FC (32)
?,(Sat) 17 Mar 1934 (11),Exeter City FC (33),2-0,?,Bristol City FC (31)
?,(Sat) 17 Mar 1934 (11),Cardiff City FC (32),0-2,?,Norwich City FC (33)
?,(Sat) 17 Mar 1934 (11),Reading FC (32),2-2,?,Northampton Town FC (32)
?,(Sat) 17 Mar 1934 (11),Bristol Rovers FC (32),1-1,?,Brighton & Hove Albion FC (32)
?,(Sat) 17 Mar 1934 (11),Watford FC (33),5-0,?,Torquay United FC (32)
?,(Sat) 24 Mar 1934 (12),Brighton & Hove Albion FC (33),4-1,?,Crystal Palace FC (33)
?,(Sat) 24 Mar 1934 (12),Queens Park Rangers FC (33),0-0,?,Watford FC (34)
?,(Sat) 24 Mar 1934 (12),Newport County AFC (34),1-1,?,Charlton Athletic FC (32)
?,(Sat) 24 Mar 1934 (12),Luton Town FC (34),3-1,?,Southend United FC (34)
?,(Sat) 24 Mar 1934 (12),Leyton Orient FC (34),4-0,?,Exeter City FC (34)
?,(Sat) 24 Mar 1934 (12),Bristol City FC (32),3-0,?,Cardiff City FC (33)
?,(Sat) 24 Mar 1934 (12),Torquay United FC (33),1-1,?,Reading FC (33)
?,(Sat) 24 Mar 1934 (12),Northampton Town FC (33),2-2,?,Coventry City FC (34)
?,(Sat) 24 Mar 1934 (12),Swindon Town FC (33),3-1,?,Gillingham FC (33)
?,(Sat) 24 Mar 1934 (12),Norwich City FC (34),6-1,?,AFC Bournemouth (33)
?,(Sat) 24 Mar 1934 (12),Aldershot Town FC (33),0-1,?,Bristol Rovers FC (33)
?,(Fri) 30 Mar 1934 (13),Charlton Athletic FC (33),0-0,?,Reading FC (34)
?,(Fri) 30 Mar 1934 (13),Swindon Town FC (34),1-1,?,Northampton Town FC (34)
?,(Fri) 30 Mar 1934 (13),Cardiff City FC (34),1-1,?,Southend United FC (35)
?,(Fri) 30 Mar 1934 (13),Crystal Palace FC (34),3-2,?,Gillingham FC (34)
?,(Fri) 30 Mar 1934 (13),Bristol Rovers FC (34),1-1,?,Exeter City FC (35)
?,(Fri) 30 Mar 1934 (13),Queens Park Rangers FC (34),1-0,?,Bristol City FC (33)
?,(Fri) 30 Mar 1934 (13),Leyton Orient FC (35),4-1,?,Torquay United FC (34)
?,(Fri) 30 Mar 1934 (13),Aldershot Town FC (34),3-2,?,Watford FC (35)
?,(Fri) 30 Mar 1934 (13),Brighton & Hove Albion FC (34),1-1,?,Luton Town FC (35)
?,(Fri) 30 Mar 1934 (13),Newport County AFC (35),0-0,?,Norwich City FC (35)
?,(Sat) 31 Mar 1934 (13),AFC Bournemouth (34),5-0,?,Bristol City FC (34)
?,(Sat) 31 Mar 1934 (13),Bristol Rovers FC (35),0-1,?,Luton Town FC (36)
?,(Sat) 31 Mar 1934 (13),Exeter City FC (36),2-2,?,Swindon Town FC (35)
?,(Sat) 31 Mar 1934 (13),Crystal Palace FC (35),4-1,?,Aldershot Town FC (35)
?,(Sat) 31 Mar 1934 (13),Reading FC (35),5-0,?,Queens Park Rangers FC (35)
?,(Sat) 31 Mar 1934 (13),Southend United FC (36),2-0,?,Northampton Town FC (35)
?,(Sat) 31 Mar 1934 (13),Coventry City FC (35),3-1,?,Torquay United FC (35)
?,(Sat) 31 Mar 1934 (13),Watford FC (36),3-0,?,Newport County AFC (36)
?,(Sat) 31 Mar 1934 (13),Charlton Athletic FC (34),3-3,?,Norwich City FC (36)
?,(Sat) 31 Mar 1934 (13),Cardiff City FC (35),1-2,?,Leyton Orient FC (36)
?,(Sat) 31 Mar 1934 (13),Gillingham FC (35),3-0,?,Brighton & Hove Albion FC (35)
?,(Mon) 2 Apr 1934 (14),AFC Bournemouth (35),3-3,?,Coventry City FC (36)
?,(Mon) 2 Apr 1934 (14),Luton Town FC (37),1-2,?,Brighton & Hove Albion FC (36)
?,(Mon) 2 Apr 1934 (14),Southend United FC (37),1-1,?,Cardiff City FC (36)
?,(Mon) 2 Apr 1934 (14),Northampton Town FC (36),2-2,?,Swindon Town FC (36)
?,(Mon) 2 Apr 1934 (14),Gillingham FC (36),0-5,?,Crystal Palace FC (36)
?,(Mon) 2 Apr 1934 (14),Norwich City FC (37),2-1,?,Newport County AFC (37)
?,(Mon) 2 Apr 1934 (14),Bristol City FC (35),0-2,?,Queens Park Rangers FC (36)
?,(Mon) 2 Apr 1934 (14),Exeter City FC (37),0-0,?,Bristol Rovers FC (36)
?,(Mon) 2 Apr 1934 (14),Watford FC (37),3-0,?,Aldershot Town FC (36)
?,(Mon) 2 Apr 1934 (14),Reading FC (36),1-0,?,Charlton Athletic FC (35)
?,(Mon) 2 Apr 1934 (14),Torquay United FC (36),2-1,?,Leyton Orient FC (37)
?,(Tue) 3 Apr 1934 (14),Coventry City FC (37),4-1,?,AFC Bournemouth (36)
?,(Sat) 7 Apr 1934 (14),Queens Park Rangers FC (37),0-1,?,Coventry City FC (38)
?,(Sat) 7 Apr 1934 (14),Brighton & Hove Albion FC (37),2-1,?,Exeter City FC (38)
?,(Sat) 7 Apr 1934 (14),Luton Town FC (38),2-1,?,Crystal Palace FC (37)
?,(Sat) 7 Apr 1934 (14),Northampton Town FC (37),1-2,?,Bristol Rovers FC (37)
?,(Sat) 7 Apr 1934 (14),Torquay United FC (37),3-0,?,Southend United FC (38)
?,(Sat) 7 Apr 1934 (14),Norwich City FC (38),3-1,?,Watford FC (38)
?,(Sat) 7 Apr 1934 (14),Aldershot Town FC (37),0-2,?,Gillingham FC (37)
?,(Sat) 7 Apr 1934 (14),Newport County AFC (38),1-2,?,Reading FC (37)
?,(Sat) 7 Apr 1934 (14),Leyton Orient FC (38),4-1,?,AFC Bournemouth (37)
?,(Sat) 7 Apr 1934 (14),Bristol City FC (36),0-1,?,Charlton Athletic FC (36)
?,(Sat) 7 Apr 1934 (14),Swindon Town FC (37),6-3,?,Cardiff City FC (37)
?,(Wed) 11 Apr 1934 (15),Gillingham FC (38),5-1,?,Northampton Town FC (38)
?,(Sat) 14 Apr 1934 (15),Gillingham FC (39),1-1,?,Luton Town FC (39)
?,(Sat) 14 Apr 1934 (15),Coventry City FC (39),5-2,?,Newport County AFC (39)
?,(Sat) 14 Apr 1934 (15),Crystal Palace FC (38),1-2,?,Northampton Town FC (39)
?,(Sat) 14 Apr 1934 (15),Watford FC (39),1-1,?,Bristol City FC (37)
?,(Sat) 14 Apr 1934 (15),Exeter City FC (39),0-0,?,Aldershot Town FC (38)
?,(Sat) 14 Apr 1934 (15),Southend United FC (39),0-2,?,Queens Park Rangers FC (38)
?,(Sat) 14 Apr 1934 (15),AFC Bournemouth (38),1-1,?,Swindon Town FC (38)
?,(Sat) 14 Apr 1934 (15),Bristol Rovers FC (38),2-1,?,Torquay United FC (38)
?,(Sat) 14 Apr 1934 (15),Cardiff City FC (38),1-4,?,Brighton & Hove Albion FC (38)
?,(Sat) 14 Apr 1934 (15),Charlton Athletic FC (37),1-1,?,Leyton Orient FC (39)
?,(Sat) 14 Apr 1934 (15),Reading FC (38),1-0,?,Norwich City FC (39)
?,(Wed) 18 Apr 1934 (16),AFC Bournemouth (39),1-1,?,Brighton & Hove Albion FC (39)
?,(Wed) 18 Apr 1934 (16),Bristol Rovers FC (39),4-1,?,Queens Park Rangers FC (39)
?,(Wed) 18 Apr 1934 (16),Reading FC (39),1-1,?,Bristol City FC (38)
?,(Sat) 21 Apr 1934 (16),Torquay United FC (39),2-1,?,Crystal Palace FC (39)
?,(Sat) 21 Apr 1934 (16),Newport County AFC (40),3-0,?,Southend United FC (40)
?,(Sat) 21 Apr 1934 (16),Swindon Town FC (39),1-3,?,Charlton Athletic FC (38)
?,(Sat) 21 Apr 1934 (16),Leyton Orient FC (40),2-3,?,Watford FC (40)
?,(Sat) 21 Apr 1934 (16),Aldershot Town FC (39),1-3,?,Cardiff City FC (39)
?,(Sat) 21 Apr 1934 (16),Norwich City FC (40),3-1,?,Coventry City FC (40)
?,(Sat) 21 Apr 1934 (16),Northampton Town FC (40),1-0,?,Gillingham FC (40)
?,(Sat) 21 Apr 1934 (16),Queens Park Rangers FC (40),1-0,?,Bristol Rovers FC (40)
?,(Sat) 21 Apr 1934 (16),Bristol City FC (39),1-2,?,Reading FC (40)
?,(Sat) 21 Apr 1934 (16),Brighton & Hove Albion FC (40),6-0,?,AFC Bournemouth (40)
?,(Sat) 21 Apr 1934 (16),Luton Town FC (40),3-2,?,Exeter City FC (40)
?,(Mon) 23 Apr 1934 (17),Charlton Athletic FC (39),2-1,?,Bristol City FC (40)
?,(Wed) 25 Apr 1934 (17),Crystal Palace FC (40),4-1,?,Torquay United FC (40)
?,(Wed) 25 Apr 1934 (17),Cardiff City FC (40),1-2,?,Aldershot Town FC (40)
?,(Sat) 28 Apr 1934 (17),Crystal Palace FC (41),4-1,?,Queens Park Rangers FC (41)
?,(Sat) 28 Apr 1934 (17),Reading FC (41),4-0,?,Leyton Orient FC (41)
?,(Sat) 28 Apr 1934 (17),Watford FC (41),4-0,?,Swindon Town FC (40)
?,(Sat) 28 Apr 1934 (17),Bristol Rovers FC (41),2-0,?,Newport County AFC (41)
?,(Sat) 28 Apr 1934 (17),Coventry City FC (41),9-0,?,Bristol City FC (41)
?,(Sat) 28 Apr 1934 (17),Cardiff City FC (41),0-4,?,Luton Town FC (41)
?,(Sat) 28 Apr 1934 (17),Southend United FC (41),0-0,?,Norwich City FC (41)
?,(Sat) 28 Apr 1934 (17),Gillingham FC (41),3-3,?,Torquay United FC (41)
?,(Sat) 28 Apr 1934 (17),Exeter City FC (41),0-2,?,Northampton Town FC (41)
?,(Sat) 28 Apr 1934 (17),Charlton Athletic FC (40),4-3,?,Brighton & Hove Albion FC (41)
?,(Sat) 28 Apr 1934 (17),AFC Bournemouth (41),1-2,?,Aldershot Town FC (41)
?,(Wed) 2 May 1934 (18),Charlton Athletic FC (41),1-0,?,Swindon Town FC (41)
?,(Sat) 5 May 1934 (18),Leyton Orient FC (42),0-0,?,Coventry City FC (42)
?,(Sat) 5 May 1934 (18),Aldershot Town FC (42),3-2,?,Charlton Athletic FC (42)
?,(Sat) 5 May 1934 (18),Torquay United FC (42),0-2,?,Exeter City FC (42)
?,(Sat) 5 May 1934 (18),Brighton & Hove Albion FC (42),2-0,?,Watford FC (42)
?,(Sat) 5 May 1934 (18),Swindon Town FC (42),3-1,?,Reading FC (42)
?,(Sat) 5 May 1934 (18),Bristol City FC (42),5-1,?,Southend United FC (42)
?,(Sat) 5 May 1934 (18),Luton Town FC (42),2-0,?,AFC Bournemouth (42)
?,(Sat) 5 May 1934 (18),Newport County AFC (42),1-0,?,Crystal Palace FC (42)
?,(Sat) 5 May 1934 (18),Northampton Town FC (42),2-0,?,Cardiff City FC (42)
?,(Sat) 5 May 1934 (18),Norwich City FC (42),0-0,?,Bristol Rovers FC (42)
?,(Sat) 5 May 1934 (18),Queens Park Rangers FC (42),5-0,?,Gillingham FC (42)
