Round,Date,Team 1,FT,HT,Team 2
?,(Sat) 26 Aug 1933 (34),Grimsby Town FC (1),1-0,?,Burnley FC (1)
?,(Sat) 26 Aug 1933 (34),Fulham FC (1),3-0,?,Port Vale FC (1)
?,(Sat) 26 Aug 1933 (34),Southampton FC (1),4-1,?,Bradford City AFC (1)
?,(Sat) 26 Aug 1933 (34),Blackpool FC (1),1-2,?,Preston North End FC (1)
?,(Sat) 26 Aug 1933 (34),Plymouth Argyle FC (1),4-0,?,Manchester United FC (1)
?,(Sat) 26 Aug 1933 (34),Hull City AFC (1),0-1,?,Notts County FC (1)
?,(Sat) 26 Aug 1933 (34),Lincoln City FC (1),0-1,?,Millwall FC (1)
?,(Sat) 26 Aug 1933 (34),Bury FC (1),4-1,?,Swansea City AFC (1)
?,(Sat) 26 Aug 1933 (34),West Ham United FC (1),4-2,?,Bolton Wanderers FC (1)
?,(Sat) 26 Aug 1933 (34),Nottingham Forest FC (1),1-1,?,Brentford FC (1)
?,(Sat) 26 Aug 1933 (34),Bradford Park Avenue AFC (1),4-2,?,Oldham Athletic AFC (1)
?,(Mon) 28 Aug 1933 (35),Preston North End FC (2),3-2,?,Burnley FC (2)
?,(Mon) 28 Aug 1933 (35),Oldham Athletic AFC (2),1-1,?,Southampton FC (2)
?,(Mon) 28 Aug 1933 (35),Millwall FC (2),2-1,?,Swansea City AFC (2)
?,(Mon) 28 Aug 1933 (35),Port Vale FC (2),4-1,?,Bury FC (2)
?,(Mon) 28 Aug 1933 (35),Fulham FC (2),1-0,?,Blackpool FC (2)
?,(Tue) 29 Aug 1933 (35),Grimsby Town FC (2),2-3,?,Bolton Wanderers FC (2)
?,(Wed) 30 Aug 1933 (35),Plymouth Argyle FC (2),4-4,?,West Ham United FC (2)
?,(Wed) 30 Aug 1933 (35),Manchester United FC (2),0-1,?,Nottingham Forest FC (2)
?,(Wed) 30 Aug 1933 (35),Bradford City AFC (2),1-2,?,Hull City AFC (2)
?,(Thu) 31 Aug 1933 (35),Brentford FC (2),2-0,?,Bradford Park Avenue AFC (2)
?,(Sat) 2 Sep 1933 (35),Preston North End FC (3),3-1,?,Bradford Park Avenue AFC (3)
?,(Sat) 2 Sep 1933 (35),Manchester United FC (3),1-1,?,Lincoln City FC (2)
?,(Sat) 2 Sep 1933 (35),Notts County FC (2),4-1,?,Fulham FC (3)
?,(Sat) 2 Sep 1933 (35),Bolton Wanderers FC (3),2-0,?,Plymouth Argyle FC (3)
?,(Sat) 2 Sep 1933 (35),Bradford City AFC (3),1-0,?,Blackpool FC (3)
?,(Sat) 2 Sep 1933 (35),Brentford FC (3),4-1,?,West Ham United FC (3)
?,(Sat) 2 Sep 1933 (35),Millwall FC (3),0-0,?,Bury FC (3)
?,(Sat) 2 Sep 1933 (35),Oldham Athletic AFC (3),1-5,?,Grimsby Town FC (3)
?,(Sat) 2 Sep 1933 (35),Burnley FC (3),1-0,?,Nottingham Forest FC (3)
?,(Sat) 2 Sep 1933 (35),Port Vale FC (3),2-1,?,Southampton FC (3)
?,(Sat) 2 Sep 1933 (35),Swansea City AFC (3),1-1,?,Hull City AFC (3)
?,(Mon) 4 Sep 1933 (36),Bolton Wanderers FC (4),0-4,?,Grimsby Town FC (4)
?,(Mon) 4 Sep 1933 (36),Swansea City AFC (4),2-0,?,Millwall FC (4)
?,(Mon) 4 Sep 1933 (36),Burnley FC (4),1-4,?,Preston North End FC (4)
?,(Mon) 4 Sep 1933 (36),Lincoln City FC (3),0-1,?,Notts County FC (3)
?,(Mon) 4 Sep 1933 (36),Blackpool FC (4),4-3,?,Fulham FC (4)
?,(Mon) 4 Sep 1933 (36),West Ham United FC (4),5-1,?,Plymouth Argyle FC (4)
?,(Mon) 4 Sep 1933 (36),Southampton FC (4),1-0,?,Oldham Athletic AFC (4)
?,(Wed) 6 Sep 1933 (36),Bradford Park Avenue AFC (4),5-2,?,Brentford FC (4)
?,(Thu) 7 Sep 1933 (36),Nottingham Forest FC (4),1-1,?,Manchester United FC (4)
?,(Sat) 9 Sep 1933 (36),Manchester United FC (5),1-5,?,Bolton Wanderers FC (5)
?,(Sat) 9 Sep 1933 (36),Bradford Park Avenue AFC (5),2-1,?,Bradford City AFC (4)
?,(Sat) 9 Sep 1933 (36),Hull City AFC (4),3-2,?,Millwall FC (5)
?,(Sat) 9 Sep 1933 (36),Plymouth Argyle FC (5),1-1,?,Brentford FC (5)
?,(Sat) 9 Sep 1933 (36),Bury FC (4),0-2,?,Lincoln City FC (4)
?,(Sat) 9 Sep 1933 (36),Nottingham Forest FC (5),1-3,?,Oldham Athletic AFC (5)
?,(Sat) 9 Sep 1933 (36),Grimsby Town FC (5),3-0,?,Preston North End FC (5)
?,(Sat) 9 Sep 1933 (36),West Ham United FC (5),1-2,?,Burnley FC (5)
?,(Sat) 9 Sep 1933 (36),Southampton FC (5),3-2,?,Notts County FC (4)
?,(Sat) 9 Sep 1933 (36),Fulham FC (5),1-0,?,Swansea City AFC (5)
?,(Sat) 9 Sep 1933 (36),Blackpool FC (5),1-0,?,Port Vale FC (4)
?,(Mon) 11 Sep 1933 (37),Hull City AFC (5),2-2,?,Bradford City AFC (5)
?,(Mon) 11 Sep 1933 (37),Bury FC (5),0-3,?,Port Vale FC (5)
?,(Wed) 13 Sep 1933 (37),Notts County FC (5),2-0,?,Lincoln City FC (5)
?,(Sat) 16 Sep 1933 (37),Notts County FC (6),1-1,?,Blackpool FC (6)
?,(Sat) 16 Sep 1933 (37),Bolton Wanderers FC (6),2-0,?,Bury FC (6)
?,(Sat) 16 Sep 1933 (37),Brentford FC (6),3-4,?,Manchester United FC (6)
?,(Sat) 16 Sep 1933 (37),Port Vale FC (6),3-1,?,Bradford City AFC (6)
?,(Sat) 16 Sep 1933 (37),Burnley FC (6),2-2,?,Plymouth Argyle FC (6)
?,(Sat) 16 Sep 1933 (37),Preston North End FC (6),4-0,?,Nottingham Forest FC (6)
?,(Sat) 16 Sep 1933 (37),Swansea City AFC (6),1-0,?,Southampton FC (6)
?,(Sat) 16 Sep 1933 (37),Millwall FC (6),0-1,?,Fulham FC (6)
?,(Sat) 16 Sep 1933 (37),Bradford Park Avenue AFC (6),2-1,?,Grimsby Town FC (6)
?,(Sat) 16 Sep 1933 (37),Lincoln City FC (6),2-1,?,Hull City AFC (6)
?,(Sat) 16 Sep 1933 (37),Oldham Athletic AFC (6),4-1,?,West Ham United FC (6)
?,(Sat) 23 Sep 1933 (38),Manchester United FC (7),5-2,?,Burnley FC (7)
?,(Sat) 23 Sep 1933 (38),Blackpool FC (7),2-1,?,Swansea City AFC (7)
?,(Sat) 23 Sep 1933 (38),Bradford City AFC (7),3-1,?,Notts County FC (7)
?,(Sat) 23 Sep 1933 (38),Nottingham Forest FC (7),3-0,?,Bradford Park Avenue AFC (7)
?,(Sat) 23 Sep 1933 (38),West Ham United FC (7),6-0,?,Preston North End FC (7)
?,(Sat) 23 Sep 1933 (38),Bolton Wanderers FC (7),3-2,?,Brentford FC (7)
?,(Sat) 23 Sep 1933 (38),Plymouth Argyle FC (7),1-0,?,Oldham Athletic AFC (7)
?,(Sat) 23 Sep 1933 (38),Hull City AFC (7),3-1,?,Bury FC (7)
?,(Sat) 23 Sep 1933 (38),Grimsby Town FC (7),1-2,?,Port Vale FC (7)
?,(Sat) 23 Sep 1933 (38),Fulham FC (7),1-0,?,Lincoln City FC (7)
?,(Sat) 23 Sep 1933 (38),Southampton FC (7),2-3,?,Millwall FC (7)
?,(Sat) 30 Sep 1933 (39),Notts County FC (8),3-2,?,Port Vale FC (8)
?,(Sat) 30 Sep 1933 (39),Preston North End FC (8),1-1,?,Plymouth Argyle FC (8)
?,(Sat) 30 Sep 1933 (39),Lincoln City FC (8),1-1,?,Southampton FC (8)
?,(Sat) 30 Sep 1933 (39),Swansea City AFC (8),2-1,?,Bradford City AFC (8)
?,(Sat) 30 Sep 1933 (39),Millwall FC (8),0-0,?,Blackpool FC (8)
?,(Sat) 30 Sep 1933 (39),Grimsby Town FC (8),2-1,?,Nottingham Forest FC (8)
?,(Sat) 30 Sep 1933 (39),Bradford Park Avenue AFC (8),0-0,?,West Ham United FC (8)
?,(Sat) 30 Sep 1933 (39),Bury FC (8),3-3,?,Fulham FC (8)
?,(Sat) 30 Sep 1933 (39),Brentford FC (8),2-2,?,Hull City AFC (8)
?,(Sat) 30 Sep 1933 (39),Oldham Athletic AFC (8),2-0,?,Manchester United FC (8)
?,(Sat) 30 Sep 1933 (39),Burnley FC (8),1-3,?,Bolton Wanderers FC (8)
?,(Sat) 7 Oct 1933 (40),Brentford FC (9),5-2,?,Burnley FC (9)
?,(Sat) 7 Oct 1933 (40),Bolton Wanderers FC (9),1-0,?,Oldham Athletic AFC (9)
?,(Sat) 7 Oct 1933 (40),Blackpool FC (9),2-0,?,Lincoln City FC (9)
?,(Sat) 7 Oct 1933 (40),Nottingham Forest FC (9),2-0,?,Notts County FC (9)
?,(Sat) 7 Oct 1933 (40),Fulham FC (9),1-1,?,Hull City AFC (9)
?,(Sat) 7 Oct 1933 (40),Southampton FC (9),1-0,?,Bury FC (9)
?,(Sat) 7 Oct 1933 (40),Manchester United FC (9),1-0,?,Preston North End FC (9)
?,(Sat) 7 Oct 1933 (40),West Ham United FC (9),3-1,?,Grimsby Town FC (9)
?,(Sat) 7 Oct 1933 (40),Bradford City AFC (9),1-0,?,Millwall FC (9)
?,(Sat) 7 Oct 1933 (40),Plymouth Argyle FC (9),4-1,?,Bradford Park Avenue AFC (9)
?,(Sat) 7 Oct 1933 (40),Port Vale FC (9),1-0,?,Swansea City AFC (9)
?,(Sat) 14 Oct 1933 (41),Millwall FC (10),0-3,?,Port Vale FC (10)
?,(Sat) 14 Oct 1933 (41),Hull City AFC (10),1-0,?,Southampton FC (10)
?,(Sat) 14 Oct 1933 (41),Oldham Athletic AFC (10),1-4,?,Brentford FC (10)
?,(Sat) 14 Oct 1933 (41),Lincoln City FC (10),0-1,?,Bradford City AFC (10)
?,(Sat) 14 Oct 1933 (41),Swansea City AFC (10),1-1,?,Notts County FC (10)
?,(Sat) 14 Oct 1933 (41),Bradford Park Avenue AFC (10),6-1,?,Manchester United FC (10)
?,(Sat) 14 Oct 1933 (41),Grimsby Town FC (10),5-1,?,Plymouth Argyle FC (10)
?,(Sat) 14 Oct 1933 (41),Nottingham Forest FC (10),0-1,?,West Ham United FC (10)
?,(Sat) 14 Oct 1933 (41),Preston North End FC (10),1-1,?,Bolton Wanderers FC (10)
?,(Sat) 14 Oct 1933 (41),Burnley FC (10),2-1,?,Fulham FC (10)
?,(Sat) 14 Oct 1933 (41),Bury FC (10),2-5,?,Blackpool FC (10)
?,(Sat) 21 Oct 1933 (42),Southampton FC (11),2-1,?,Burnley FC (11)
?,(Sat) 21 Oct 1933 (42),Port Vale FC (11),3-1,?,Bradford Park Avenue AFC (11)
?,(Sat) 21 Oct 1933 (42),Notts County FC (11),1-2,?,Grimsby Town FC (11)
?,(Sat) 21 Oct 1933 (42),Millwall FC (11),2-2,?,West Ham United FC (11)
?,(Sat) 21 Oct 1933 (42),Bury FC (11),2-1,?,Manchester United FC (11)
?,(Sat) 21 Oct 1933 (42),Hull City AFC (11),1-0,?,Bolton Wanderers FC (11)
?,(Sat) 21 Oct 1933 (42),Swansea City AFC (11),1-1,?,Nottingham Forest FC (11)
?,(Sat) 21 Oct 1933 (42),Bradford City AFC (11),1-0,?,Preston North End FC (11)
?,(Sat) 21 Oct 1933 (42),Blackpool FC (11),0-0,?,Oldham Athletic AFC (11)
?,(Sat) 21 Oct 1933 (42),Lincoln City FC (11),1-1,?,Plymouth Argyle FC (11)
?,(Sat) 21 Oct 1933 (42),Fulham FC (11),1-1,?,Brentford FC (11)
?,(Sat) 28 Oct 1933 (43),Oldham Athletic AFC (12),4-3,?,Bradford City AFC (12)
?,(Sat) 28 Oct 1933 (43),Brentford FC (12),2-0,?,Southampton FC (12)
?,(Sat) 28 Oct 1933 (43),Grimsby Town FC (12),3-1,?,Swansea City AFC (12)
?,(Sat) 28 Oct 1933 (43),Bradford Park Avenue AFC (12),3-2,?,Notts County FC (12)
?,(Sat) 28 Oct 1933 (43),Burnley FC (12),3-2,?,Blackpool FC (12)
?,(Sat) 28 Oct 1933 (43),Nottingham Forest FC (12),2-0,?,Millwall FC (12)
?,(Sat) 28 Oct 1933 (43),Plymouth Argyle FC (12),3-3,?,Bury FC (12)
?,(Sat) 28 Oct 1933 (43),West Ham United FC (12),4-1,?,Lincoln City FC (12)
?,(Sat) 28 Oct 1933 (43),Bolton Wanderers FC (12),3-1,?,Fulham FC (12)
?,(Sat) 28 Oct 1933 (43),Manchester United FC (12),4-1,?,Hull City AFC (12)
?,(Sat) 28 Oct 1933 (43),Preston North End FC (12),0-0,?,Port Vale FC (12)
?,(Sat) 4 Nov 1933 (44),Bradford City AFC (13),2-1,?,Burnley FC (13)
?,(Sat) 4 Nov 1933 (44),Southampton FC (13),1-0,?,Bolton Wanderers FC (13)
?,(Sat) 4 Nov 1933 (44),Lincoln City FC (13),0-0,?,Nottingham Forest FC (13)
?,(Sat) 4 Nov 1933 (44),Millwall FC (13),0-1,?,Grimsby Town FC (13)
?,(Sat) 4 Nov 1933 (44),Port Vale FC (13),2-0,?,Oldham Athletic AFC (13)
?,(Sat) 4 Nov 1933 (44),Notts County FC (13),2-2,?,Preston North End FC (13)
?,(Sat) 4 Nov 1933 (44),Blackpool FC (13),3-1,?,Brentford FC (13)
?,(Sat) 4 Nov 1933 (44),Fulham FC (13),0-2,?,Manchester United FC (13)
?,(Sat) 4 Nov 1933 (44),Swansea City AFC (13),5-1,?,Bradford Park Avenue AFC (13)
?,(Sat) 4 Nov 1933 (44),Bury FC (13),2-1,?,West Ham United FC (13)
?,(Sat) 4 Nov 1933 (44),Hull City AFC (13),5-4,?,Plymouth Argyle FC (13)
?,(Sat) 11 Nov 1933 (45),Manchester United FC (14),1-0,?,Southampton FC (14)
?,(Sat) 11 Nov 1933 (45),Plymouth Argyle FC (14),4-0,?,Fulham FC (14)
?,(Sat) 11 Nov 1933 (45),Bolton Wanderers FC (14),1-2,?,Blackpool FC (14)
?,(Sat) 11 Nov 1933 (45),Brentford FC (14),2-1,?,Bradford City AFC (14)
?,(Sat) 11 Nov 1933 (45),West Ham United FC (14),2-1,?,Hull City AFC (14)
?,(Sat) 11 Nov 1933 (45),Preston North End FC (14),3-0,?,Swansea City AFC (14)
?,(Sat) 11 Nov 1933 (45),Nottingham Forest FC (14),7-2,?,Bury FC (14)
?,(Sat) 11 Nov 1933 (45),Bradford Park Avenue AFC (14),4-0,?,Millwall FC (14)
?,(Sat) 11 Nov 1933 (45),Burnley FC (14),0-0,?,Port Vale FC (14)
?,(Sat) 11 Nov 1933 (45),Oldham Athletic AFC (14),2-0,?,Notts County FC (14)
?,(Sat) 11 Nov 1933 (45),Grimsby Town FC (14),3-0,?,Lincoln City FC (14)
?,(Sat) 18 Nov 1933 (46),Port Vale FC (15),1-0,?,Brentford FC (15)
?,(Sat) 18 Nov 1933 (46),Lincoln City FC (15),2-1,?,Bradford Park Avenue AFC (15)
?,(Sat) 18 Nov 1933 (46),Southampton FC (15),0-1,?,Plymouth Argyle FC (15)
?,(Sat) 18 Nov 1933 (46),Blackpool FC (15),3-1,?,Manchester United FC (15)
?,(Sat) 18 Nov 1933 (46),Bury FC (15),1-3,?,Grimsby Town FC (15)
?,(Sat) 18 Nov 1933 (46),Notts County FC (15),3-1,?,Burnley FC (15)
?,(Sat) 18 Nov 1933 (46),Bradford City AFC (15),5-1,?,Bolton Wanderers FC (15)
?,(Sat) 18 Nov 1933 (46),Millwall FC (15),1-1,?,Preston North End FC (15)
?,(Sat) 18 Nov 1933 (46),Swansea City AFC (15),2-2,?,Oldham Athletic AFC (15)
?,(Sat) 18 Nov 1933 (46),Hull City AFC (15),2-2,?,Nottingham Forest FC (15)
?,(Sat) 18 Nov 1933 (46),Fulham FC (15),3-1,?,West Ham United FC (15)
?,(Sat) 25 Nov 1933 (47),Grimsby Town FC (16),4-1,?,Hull City AFC (16)
?,(Sat) 25 Nov 1933 (47),West Ham United FC (16),0-0,?,Southampton FC (16)
?,(Sat) 25 Nov 1933 (47),Burnley FC (16),3-1,?,Swansea City AFC (16)
?,(Sat) 25 Nov 1933 (47),Oldham Athletic AFC (16),1-0,?,Millwall FC (16)
?,(Sat) 25 Nov 1933 (47),Brentford FC (16),2-2,?,Notts County FC (16)
?,(Sat) 25 Nov 1933 (47),Bradford Park Avenue AFC (16),0-1,?,Bury FC (16)
?,(Sat) 25 Nov 1933 (47),Plymouth Argyle FC (16),0-3,?,Blackpool FC (16)
?,(Sat) 25 Nov 1933 (47),Preston North End FC (16),2-1,?,Lincoln City FC (16)
?,(Sat) 25 Nov 1933 (47),Bolton Wanderers FC (16),3-0,?,Port Vale FC (16)
?,(Sat) 25 Nov 1933 (47),Nottingham Forest FC (16),2-0,?,Fulham FC (16)
?,(Sat) 25 Nov 1933 (47),Manchester United FC (16),2-1,?,Bradford City AFC (16)
?,(Sat) 2 Dec 1933 (48),Southampton FC (17),2-0,?,Nottingham Forest FC (17)
?,(Sat) 2 Dec 1933 (48),Notts County FC (17),1-2,?,Bolton Wanderers FC (17)
?,(Sat) 2 Dec 1933 (48),Blackpool FC (17),1-1,?,West Ham United FC (17)
?,(Sat) 2 Dec 1933 (48),Millwall FC (17),0-0,?,Burnley FC (17)
?,(Sat) 2 Dec 1933 (48),Bradford City AFC (17),3-4,?,Plymouth Argyle FC (17)
?,(Sat) 2 Dec 1933 (48),Port Vale FC (17),2-3,?,Manchester United FC (17)
?,(Sat) 2 Dec 1933 (48),Swansea City AFC (17),2-3,?,Brentford FC (17)
?,(Sat) 2 Dec 1933 (48),Lincoln City FC (17),1-1,?,Oldham Athletic AFC (17)
?,(Sat) 2 Dec 1933 (48),Hull City AFC (17),1-2,?,Bradford Park Avenue AFC (17)
?,(Sat) 2 Dec 1933 (48),Fulham FC (17),1-0,?,Grimsby Town FC (17)
?,(Sat) 2 Dec 1933 (48),Bury FC (17),2-1,?,Preston North End FC (17)
?,(Sat) 9 Dec 1933 (49),Burnley FC (18),3-1,?,Lincoln City FC (18)
?,(Sat) 9 Dec 1933 (49),West Ham United FC (18),1-2,?,Bradford City AFC (18)
?,(Sat) 9 Dec 1933 (49),Bradford Park Avenue AFC (18),3-1,?,Fulham FC (18)
?,(Sat) 9 Dec 1933 (49),Grimsby Town FC (18),3-1,?,Southampton FC (18)
?,(Sat) 9 Dec 1933 (49),Nottingham Forest FC (18),0-0,?,Blackpool FC (18)
?,(Sat) 9 Dec 1933 (49),Brentford FC (18),3-0,?,Millwall FC (18)
?,(Sat) 9 Dec 1933 (49),Preston North End FC (18),5-0,?,Hull City AFC (18)
?,(Sat) 9 Dec 1933 (49),Manchester United FC (18),1-2,?,Notts County FC (18)
?,(Sat) 9 Dec 1933 (49),Bolton Wanderers FC (18),2-1,?,Swansea City AFC (18)
?,(Sat) 9 Dec 1933 (49),Plymouth Argyle FC (18),3-0,?,Port Vale FC (18)
?,(Sat) 9 Dec 1933 (49),Oldham Athletic AFC (18),2-2,?,Bury FC (18)
?,(Sat) 16 Dec 1933 (50),Millwall FC (19),2-1,?,Bolton Wanderers FC (19)
?,(Sat) 16 Dec 1933 (50),Lincoln City FC (19),0-2,?,Brentford FC (19)
?,(Sat) 16 Dec 1933 (50),Blackpool FC (19),3-4,?,Grimsby Town FC (19)
?,(Sat) 16 Dec 1933 (50),Southampton FC (19),5-0,?,Bradford Park Avenue AFC (19)
?,(Sat) 16 Dec 1933 (50),Bury FC (19),1-1,?,Burnley FC (19)
?,(Sat) 16 Dec 1933 (50),Hull City AFC (19),2-0,?,Oldham Athletic AFC (19)
?,(Sat) 16 Dec 1933 (50),Fulham FC (19),1-0,?,Preston North End FC (19)
?,(Sat) 16 Dec 1933 (50),Notts County FC (19),2-1,?,Plymouth Argyle FC (19)
?,(Sat) 16 Dec 1933 (50),Swansea City AFC (19),2-1,?,Manchester United FC (19)
?,(Sat) 16 Dec 1933 (50),Bradford City AFC (19),3-2,?,Nottingham Forest FC (19)
?,(Sat) 16 Dec 1933 (50),Port Vale FC (19),0-0,?,West Ham United FC (19)
?,(Sat) 23 Dec 1933 (51),Nottingham Forest FC (20),6-1,?,Port Vale FC (20)
?,(Sat) 23 Dec 1933 (51),Manchester United FC (20),1-1,?,Millwall FC (20)
?,(Sat) 23 Dec 1933 (51),Brentford FC (20),2-3,?,Bury FC (20)
?,(Sat) 23 Dec 1933 (51),West Ham United FC (20),5-3,?,Notts County FC (20)
?,(Sat) 23 Dec 1933 (51),Plymouth Argyle FC (20),2-2,?,Swansea City AFC (20)
?,(Sat) 23 Dec 1933 (51),Burnley FC (20),3-1,?,Hull City AFC (20)
?,(Sat) 23 Dec 1933 (51),Grimsby Town FC (20),1-4,?,Bradford City AFC (20)
?,(Sat) 23 Dec 1933 (51),Preston North End FC (20),3-1,?,Southampton FC (20)
?,(Sat) 23 Dec 1933 (51),Bradford Park Avenue AFC (20),1-2,?,Blackpool FC (20)
?,(Sat) 23 Dec 1933 (51),Bolton Wanderers FC (20),1-2,?,Lincoln City FC (20)
?,(Sat) 23 Dec 1933 (51),Oldham Athletic AFC (20),2-2,?,Fulham FC (20)
?,(Mon) 25 Dec 1933 (52),West Ham United FC (21),1-1,?,Swansea City AFC (21)
?,(Mon) 25 Dec 1933 (52),Manchester United FC (21),1-3,?,Grimsby Town FC (21)
?,(Mon) 25 Dec 1933 (52),Blackpool FC (21),0-0,?,Hull City AFC (21)
?,(Mon) 25 Dec 1933 (52),Fulham FC (21),1-0,?,Southampton FC (21)
?,(Mon) 25 Dec 1933 (52),Notts County FC (21),0-1,?,Millwall FC (21)
?,(Mon) 25 Dec 1933 (52),Bradford Park Avenue AFC (21),1-4,?,Bolton Wanderers FC (21)
?,(Mon) 25 Dec 1933 (52),Lincoln City FC (21),1-0,?,Port Vale FC (21)
?,(Mon) 25 Dec 1933 (52),Bury FC (21),1-0,?,Bradford City AFC (21)
?,(Mon) 25 Dec 1933 (52),Burnley FC (21),0-1,?,Oldham Athletic AFC (21)
?,(Mon) 25 Dec 1933 (52),Plymouth Argyle FC (21),4-3,?,Nottingham Forest FC (21)
?,(Mon) 25 Dec 1933 (52),Brentford FC (21),3-2,?,Preston North End FC (21)
?,(Tue) 26 Dec 1933 (52),Port Vale FC (22),1-0,?,Lincoln City FC (22)
?,(Tue) 26 Dec 1933 (52),Preston North End FC (22),3-2,?,Brentford FC (22)
?,(Tue) 26 Dec 1933 (52),Oldham Athletic AFC (22),1-0,?,Burnley FC (22)
?,(Tue) 26 Dec 1933 (52),Millwall FC (22),3-2,?,Notts County FC (22)
?,(Tue) 26 Dec 1933 (52),Southampton FC (22),2-0,?,Fulham FC (22)
?,(Tue) 26 Dec 1933 (52),Bradford City AFC (22),2-2,?,Bury FC (22)
?,(Tue) 26 Dec 1933 (52),Swansea City AFC (22),1-1,?,West Ham United FC (22)
?,(Tue) 26 Dec 1933 (52),Grimsby Town FC (22),7-3,?,Manchester United FC (22)
?,(Tue) 26 Dec 1933 (52),Hull City AFC (22),3-0,?,Blackpool FC (22)
?,(Tue) 26 Dec 1933 (52),Nottingham Forest FC (22),2-1,?,Plymouth Argyle FC (22)
?,(Sat) 30 Dec 1933 (52),Port Vale FC (23),2-2,?,Fulham FC (23)
?,(Sat) 30 Dec 1933 (52),Notts County FC (23),0-0,?,Hull City AFC (23)
?,(Sat) 30 Dec 1933 (52),Swansea City AFC (23),1-1,?,Bury FC (23)
?,(Sat) 30 Dec 1933 (52),Bradford City AFC (23),2-2,?,Southampton FC (23)
?,(Sat) 30 Dec 1933 (52),Millwall FC (23),4-1,?,Lincoln City FC (23)
?,(Sat) 30 Dec 1933 (52),Manchester United FC (23),0-3,?,Plymouth Argyle FC (23)
?,(Sat) 30 Dec 1933 (52),Preston North End FC (23),3-0,?,Blackpool FC (23)
?,(Sat) 30 Dec 1933 (52),Brentford FC (23),2-1,?,Nottingham Forest FC (23)
?,(Sat) 30 Dec 1933 (52),Oldham Athletic AFC (23),1-3,?,Bradford Park Avenue AFC (22)
?,(Sat) 30 Dec 1933 (52),Bolton Wanderers FC (22),5-1,?,West Ham United FC (23)
?,(Sat) 30 Dec 1933 (52),Burnley FC (23),2-0,?,Grimsby Town FC (23)
?,(Mon) 1 Jan 1934 (1),Bolton Wanderers FC (23),0-1,?,Bradford Park Avenue AFC (23)
?,(Mon) 1 Jan 1934 (1),Bury FC (24),3-1,?,Notts County FC (24)
?,(Tue) 2 Jan 1934 (1),Bury FC (25),1-1,?,Bolton Wanderers FC (24)
?,(Sat) 6 Jan 1934 (1),Bury FC (26),5-1,?,Millwall FC (24)
?,(Sat) 6 Jan 1934 (1),Bradford Park Avenue AFC (24),2-1,?,Preston North End FC (24)
?,(Sat) 6 Jan 1934 (1),Lincoln City FC (24),5-1,?,Manchester United FC (24)
?,(Sat) 6 Jan 1934 (1),West Ham United FC (24),3-2,?,Brentford FC (24)
?,(Sat) 6 Jan 1934 (1),Hull City AFC (24),0-0,?,Swansea City AFC (24)
?,(Sat) 6 Jan 1934 (1),Southampton FC (24),1-4,?,Port Vale FC (24)
?,(Sat) 6 Jan 1934 (1),Blackpool FC (24),3-2,?,Bradford City AFC (24)
?,(Sat) 6 Jan 1934 (1),Plymouth Argyle FC (24),3-0,?,Bolton Wanderers FC (25)
?,(Sat) 6 Jan 1934 (1),Nottingham Forest FC (24),0-2,?,Burnley FC (24)
?,(Sat) 6 Jan 1934 (1),Fulham FC (24),3-0,?,Notts County FC (25)
?,(Sat) 6 Jan 1934 (1),Grimsby Town FC (24),2-1,?,Oldham Athletic AFC (24)
?,(Sat) 20 Jan 1934 (3),Bolton Wanderers FC (26),3-1,?,Manchester United FC (25)
?,(Sat) 20 Jan 1934 (3),Notts County FC (26),2-2,?,Southampton FC (25)
?,(Sat) 20 Jan 1934 (3),Millwall FC (25),2-0,?,Hull City AFC (25)
?,(Sat) 20 Jan 1934 (3),Lincoln City FC (25),1-2,?,Bury FC (27)
?,(Sat) 20 Jan 1934 (3),Bradford City AFC (25),3-0,?,Bradford Park Avenue AFC (25)
?,(Sat) 20 Jan 1934 (3),Brentford FC (25),3-0,?,Plymouth Argyle FC (25)
?,(Sat) 20 Jan 1934 (3),Swansea City AFC (25),1-0,?,Fulham FC (25)
?,(Sat) 20 Jan 1934 (3),Oldham Athletic AFC (25),4-1,?,Nottingham Forest FC (25)
?,(Sat) 20 Jan 1934 (3),Port Vale FC (25),1-0,?,Blackpool FC (25)
?,(Sat) 20 Jan 1934 (3),Preston North End FC (25),1-2,?,Grimsby Town FC (25)
?,(Sat) 20 Jan 1934 (3),Burnley FC (25),4-2,?,West Ham United FC (25)
?,(Sat) 27 Jan 1934 (4),Manchester United FC (26),1-3,?,Brentford FC (26)
?,(Sat) 27 Jan 1934 (4),Bradford City AFC (26),1-2,?,Port Vale FC (26)
?,(Sat) 27 Jan 1934 (4),Plymouth Argyle FC (26),1-0,?,Burnley FC (26)
?,(Mon) 29 Jan 1934 (5),Fulham FC (26),2-0,?,Millwall FC (26)
?,(Tue) 30 Jan 1934 (5),Grimsby Town FC (26),3-2,?,Bradford Park Avenue AFC (26)
?,(Sat) 3 Feb 1934 (5),Oldham Athletic AFC (26),1-1,?,Plymouth Argyle FC (27)
?,(Sat) 3 Feb 1934 (5),Notts County FC (27),3-0,?,Bradford City AFC (27)
?,(Sat) 3 Feb 1934 (5),Brentford FC (27),3-1,?,Bolton Wanderers FC (27)
?,(Sat) 3 Feb 1934 (5),Burnley FC (27),1-4,?,Manchester United FC (27)
?,(Sat) 3 Feb 1934 (5),Bury FC (28),3-1,?,Hull City AFC (26)
?,(Sat) 3 Feb 1934 (5),Lincoln City FC (26),5-0,?,Fulham FC (27)
?,(Sat) 3 Feb 1934 (5),Bradford Park Avenue AFC (27),6-2,?,Nottingham Forest FC (26)
?,(Sat) 3 Feb 1934 (5),Preston North End FC (26),3-1,?,West Ham United FC (26)
?,(Sat) 3 Feb 1934 (5),Swansea City AFC (26),2-2,?,Blackpool FC (26)
?,(Mon) 5 Feb 1934 (6),Port Vale FC (27),0-1,?,Grimsby Town FC (27)
?,(Mon) 5 Feb 1934 (6),Southampton FC (26),1-0,?,Swansea City AFC (27)
?,(Wed) 7 Feb 1934 (6),Nottingham Forest FC (27),2-3,?,Preston North End FC (27)
?,(Wed) 7 Feb 1934 (6),West Ham United FC (27),1-4,?,Oldham Athletic AFC (27)
?,(Wed) 7 Feb 1934 (6),Bolton Wanderers FC (28),3-0,?,Bradford City AFC (28)
?,(Wed) 7 Feb 1934 (6),Blackpool FC (27),2-1,?,Notts County FC (28)
?,(Thu) 8 Feb 1934 (6),Hull City AFC (27),2-0,?,Lincoln City FC (27)
?,(Sat) 10 Feb 1934 (6),Plymouth Argyle FC (28),0-0,?,Preston North End FC (28)
?,(Sat) 10 Feb 1934 (6),Blackpool FC (28),2-2,?,Millwall FC (27)
?,(Sat) 10 Feb 1934 (6),Hull City AFC (28),0-1,?,Brentford FC (28)
?,(Sat) 10 Feb 1934 (6),Manchester United FC (28),2-3,?,Oldham Athletic AFC (28)
?,(Sat) 10 Feb 1934 (6),Fulham FC (28),2-1,?,Bury FC (29)
?,(Sat) 10 Feb 1934 (6),Port Vale FC (28),0-0,?,Notts County FC (29)
?,(Sat) 10 Feb 1934 (6),Nottingham Forest FC (28),4-2,?,Grimsby Town FC (28)
?,(Sat) 10 Feb 1934 (6),Southampton FC (27),3-1,?,Lincoln City FC (28)
?,(Sat) 10 Feb 1934 (6),West Ham United FC (28),0-1,?,Bradford Park Avenue AFC (28)
?,(Sat) 10 Feb 1934 (6),Bradford City AFC (29),2-1,?,Swansea City AFC (28)
?,(Sat) 10 Feb 1934 (6),Bolton Wanderers FC (29),4-1,?,Burnley FC (28)
?,(Sat) 17 Feb 1934 (7),Burnley FC (29),3-1,?,Brentford FC (29)
?,(Sat) 17 Feb 1934 (7),Notts County FC (30),1-0,?,Nottingham Forest FC (29)
?,(Sat) 17 Feb 1934 (7),Lincoln City FC (29),2-2,?,Blackpool FC (29)
?,(Sat) 17 Feb 1934 (7),Bradford Park Avenue AFC (29),4-1,?,Plymouth Argyle FC (29)
?,(Sat) 17 Feb 1934 (7),Hull City AFC (29),0-0,?,Fulham FC (29)
?,(Sat) 17 Feb 1934 (7),Bury FC (30),1-0,?,Southampton FC (28)
?,(Sat) 17 Feb 1934 (7),Millwall FC (28),1-1,?,Bradford City AFC (30)
?,(Sat) 17 Feb 1934 (7),Grimsby Town FC (29),1-1,?,West Ham United FC (29)
?,(Tue) 20 Feb 1934 (8),Oldham Athletic AFC (29),1-3,?,Bolton Wanderers FC (30)
?,(Wed) 21 Feb 1934 (8),Preston North End FC (29),3-2,?,Manchester United FC (29)
?,(Thu) 22 Feb 1934 (8),Swansea City AFC (29),4-0,?,Port Vale FC (29)
?,(Sat) 24 Feb 1934 (8),Notts County FC (31),1-1,?,Swansea City AFC (30)
?,(Sat) 24 Feb 1934 (8),Southampton FC (29),1-1,?,Hull City AFC (30)
?,(Sat) 24 Feb 1934 (8),Blackpool FC (30),2-0,?,Bury FC (31)
?,(Sat) 24 Feb 1934 (8),West Ham United FC (30),2-1,?,Nottingham Forest FC (30)
?,(Sat) 24 Feb 1934 (8),Port Vale FC (30),5-1,?,Millwall FC (29)
?,(Sat) 24 Feb 1934 (8),Fulham FC (30),1-1,?,Burnley FC (30)
?,(Sat) 24 Feb 1934 (8),Bradford City AFC (31),3-0,?,Lincoln City FC (30)
?,(Sat) 24 Feb 1934 (8),Manchester United FC (30),0-4,?,Bradford Park Avenue AFC (30)
?,(Sat) 24 Feb 1934 (8),Bolton Wanderers FC (31),0-2,?,Preston North End FC (30)
?,(Sat) 24 Feb 1934 (8),Plymouth Argyle FC (30),0-2,?,Grimsby Town FC (30)
?,(Sat) 24 Feb 1934 (8),Brentford FC (30),2-1,?,Oldham Athletic AFC (30)
?,(Sat) 3 Mar 1934 (9),Grimsby Town FC (31),2-2,?,Notts County FC (32)
?,(Sat) 3 Mar 1934 (9),Nottingham Forest FC (31),4-2,?,Swansea City AFC (31)
?,(Sat) 3 Mar 1934 (9),Manchester United FC (31),2-1,?,Bury FC (32)
?,(Sat) 3 Mar 1934 (9),Bradford Park Avenue AFC (31),2-2,?,Port Vale FC (31)
?,(Sat) 3 Mar 1934 (9),Burnley FC (31),2-1,?,Southampton FC (30)
?,(Sat) 3 Mar 1934 (9),Plymouth Argyle FC (31),3-0,?,Lincoln City FC (31)
?,(Sat) 3 Mar 1934 (9),Oldham Athletic AFC (31),2-0,?,Blackpool FC (31)
?,(Sat) 3 Mar 1934 (9),West Ham United FC (31),1-1,?,Millwall FC (30)
?,(Sat) 3 Mar 1934 (9),Brentford FC (31),1-2,?,Fulham FC (31)
?,(Wed) 7 Mar 1934 (10),Preston North End FC (31),0-1,?,Bradford City AFC (32)
?,(Wed) 7 Mar 1934 (10),Bolton Wanderers FC (32),3-3,?,Hull City AFC (31)
?,(Sat) 10 Mar 1934 (10),Fulham FC (32),0-2,?,Bolton Wanderers FC (33)
?,(Sat) 10 Mar 1934 (10),Port Vale FC (32),2-0,?,Preston North End FC (32)
?,(Sat) 10 Mar 1934 (10),Lincoln City FC (32),0-2,?,West Ham United FC (32)
?,(Sat) 10 Mar 1934 (10),Blackpool FC (32),1-1,?,Burnley FC (32)
?,(Sat) 10 Mar 1934 (10),Millwall FC (31),0-0,?,Nottingham Forest FC (32)
?,(Sat) 10 Mar 1934 (10),Bradford City AFC (33),5-2,?,Oldham Athletic AFC (32)
?,(Sat) 10 Mar 1934 (10),Hull City AFC (32),4-1,?,Manchester United FC (32)
?,(Sat) 10 Mar 1934 (10),Bury FC (33),4-0,?,Plymouth Argyle FC (32)
?,(Sat) 10 Mar 1934 (10),Southampton FC (31),0-0,?,Brentford FC (32)
?,(Sat) 10 Mar 1934 (10),Swansea City AFC (32),1-1,?,Grimsby Town FC (32)
?,(Sat) 17 Mar 1934 (11),Oldham Athletic AFC (33),5-1,?,Port Vale FC (33)
?,(Sat) 17 Mar 1934 (11),Nottingham Forest FC (33),6-2,?,Lincoln City FC (33)
?,(Sat) 17 Mar 1934 (11),Preston North End FC (33),2-0,?,Notts County FC (33)
?,(Sat) 17 Mar 1934 (11),Plymouth Argyle FC (33),1-1,?,Hull City AFC (33)
?,(Sat) 17 Mar 1934 (11),Bradford Park Avenue AFC (32),5-1,?,Swansea City AFC (33)
?,(Sat) 17 Mar 1934 (11),Manchester United FC (33),1-0,?,Fulham FC (33)
?,(Sat) 17 Mar 1934 (11),Brentford FC (33),1-0,?,Blackpool FC (33)
?,(Sat) 17 Mar 1934 (11),Bolton Wanderers FC (34),2-0,?,Southampton FC (32)
?,(Sat) 17 Mar 1934 (11),West Ham United FC (33),3-1,?,Bury FC (34)
?,(Sat) 17 Mar 1934 (11),Burnley FC (33),4-2,?,Bradford City AFC (34)
?,(Sat) 17 Mar 1934 (11),Grimsby Town FC (33),5-2,?,Millwall FC (32)
?,(Sat) 24 Mar 1934 (12),Port Vale FC (34),0-2,?,Burnley FC (34)
?,(Sat) 24 Mar 1934 (12),Hull City AFC (34),2-0,?,West Ham United FC (34)
?,(Sat) 24 Mar 1934 (12),Lincoln City FC (34),3-3,?,Grimsby Town FC (34)
?,(Sat) 24 Mar 1934 (12),Fulham FC (34),3-2,?,Plymouth Argyle FC (34)
?,(Sat) 24 Mar 1934 (12),Millwall FC (33),0-1,?,Bradford Park Avenue AFC (33)
?,(Sat) 24 Mar 1934 (12),Bradford City AFC (35),2-1,?,Brentford FC (34)
?,(Sat) 24 Mar 1934 (12),Notts County FC (34),1-1,?,Oldham Athletic AFC (34)
?,(Sat) 24 Mar 1934 (12),Southampton FC (33),1-0,?,Manchester United FC (34)
?,(Sat) 24 Mar 1934 (12),Bury FC (35),4-2,?,Nottingham Forest FC (34)
?,(Sat) 24 Mar 1934 (12),Swansea City AFC (34),1-2,?,Preston North End FC (34)
?,(Sat) 24 Mar 1934 (12),Blackpool FC (34),1-1,?,Bolton Wanderers FC (35)
?,(Fri) 30 Mar 1934 (13),Notts County FC (35),2-1,?,Bury FC (36)
?,(Fri) 30 Mar 1934 (13),Grimsby Town FC (35),2-2,?,Brentford FC (35)
?,(Fri) 30 Mar 1934 (13),Manchester United FC (35),0-1,?,West Ham United FC (35)
?,(Fri) 30 Mar 1934 (13),Fulham FC (35),0-1,?,Bradford City AFC (36)
?,(Fri) 30 Mar 1934 (13),Bolton Wanderers FC (36),1-1,?,Nottingham Forest FC (35)
?,(Fri) 30 Mar 1934 (13),Port Vale FC (35),3-0,?,Hull City AFC (35)
?,(Fri) 30 Mar 1934 (13),Lincoln City FC (35),1-0,?,Swansea City AFC (35)
?,(Fri) 30 Mar 1934 (13),Burnley FC (35),1-0,?,Bradford Park Avenue AFC (34)
?,(Fri) 30 Mar 1934 (13),Oldham Athletic AFC (35),3-1,?,Preston North End FC (35)
?,(Fri) 30 Mar 1934 (13),Millwall FC (34),0-0,?,Plymouth Argyle FC (35)
?,(Fri) 30 Mar 1934 (13),Blackpool FC (35),4-2,?,Southampton FC (34)
?,(Sat) 31 Mar 1934 (13),West Ham United FC (36),5-1,?,Fulham FC (36)
?,(Sat) 31 Mar 1934 (13),Plymouth Argyle FC (36),0-0,?,Southampton FC (35)
?,(Sat) 31 Mar 1934 (13),Manchester United FC (36),2-0,?,Blackpool FC (36)
?,(Sat) 31 Mar 1934 (13),Nottingham Forest FC (36),0-1,?,Hull City AFC (36)
?,(Sat) 31 Mar 1934 (13),Brentford FC (36),2-0,?,Port Vale FC (36)
?,(Sat) 31 Mar 1934 (13),Preston North End FC (36),4-2,?,Millwall FC (35)
?,(Sat) 31 Mar 1934 (13),Burnley FC (36),1-0,?,Notts County FC (36)
?,(Sat) 31 Mar 1934 (13),Oldham Athletic AFC (36),0-0,?,Swansea City AFC (36)
?,(Sat) 31 Mar 1934 (13),Bradford Park Avenue AFC (35),2-1,?,Lincoln City FC (36)
?,(Sat) 31 Mar 1934 (13),Grimsby Town FC (36),2-0,?,Bury FC (37)
?,(Mon) 2 Apr 1934 (14),West Ham United FC (37),2-1,?,Manchester United FC (37)
?,(Mon) 2 Apr 1934 (14),Bradford City AFC (37),1-0,?,Fulham FC (37)
?,(Mon) 2 Apr 1934 (14),Brentford FC (37),1-2,?,Grimsby Town FC (37)
?,(Mon) 2 Apr 1934 (14),Nottingham Forest FC (37),2-2,?,Bolton Wanderers FC (37)
?,(Mon) 2 Apr 1934 (14),Southampton FC (36),3-2,?,Blackpool FC (37)
?,(Mon) 2 Apr 1934 (14),Preston North End FC (37),1-0,?,Oldham Athletic AFC (37)
?,(Mon) 2 Apr 1934 (14),Hull City AFC (37),2-1,?,Port Vale FC (37)
?,(Mon) 2 Apr 1934 (14),Plymouth Argyle FC (37),1-0,?,Millwall FC (36)
?,(Mon) 2 Apr 1934 (14),Swansea City AFC (37),1-0,?,Lincoln City FC (37)
?,(Tue) 3 Apr 1934 (14),Bradford Park Avenue AFC (36),5-0,?,Burnley FC (37)
?,(Sat) 7 Apr 1934 (14),Hull City AFC (38),0-1,?,Grimsby Town FC (38)
?,(Sat) 7 Apr 1934 (14),Port Vale FC (38),0-0,?,Bolton Wanderers FC (38)
?,(Sat) 7 Apr 1934 (14),Millwall FC (37),1-0,?,Oldham Athletic AFC (38)
?,(Sat) 7 Apr 1934 (14),Southampton FC (37),3-2,?,West Ham United FC (38)
?,(Sat) 7 Apr 1934 (14),Swansea City AFC (38),3-0,?,Burnley FC (38)
?,(Sat) 7 Apr 1934 (14),Notts County FC (37),1-2,?,Brentford FC (38)
?,(Sat) 7 Apr 1934 (14),Bradford City AFC (38),1-1,?,Manchester United FC (38)
?,(Sat) 7 Apr 1934 (14),Fulham FC (38),3-1,?,Nottingham Forest FC (38)
?,(Sat) 7 Apr 1934 (14),Blackpool FC (38),1-1,?,Plymouth Argyle FC (38)
?,(Sat) 7 Apr 1934 (14),Bury FC (38),2-1,?,Bradford Park Avenue AFC (37)
?,(Sat) 7 Apr 1934 (14),Lincoln City FC (38),0-1,?,Preston North End FC (38)
?,(Mon) 9 Apr 1934 (15),Millwall FC (38),1-0,?,Southampton FC (38)
?,(Sat) 14 Apr 1934 (15),Plymouth Argyle FC (39),3-0,?,Bradford City AFC (39)
?,(Sat) 14 Apr 1934 (15),Manchester United FC (39),2-0,?,Port Vale FC (39)
?,(Sat) 14 Apr 1934 (15),Bradford Park Avenue AFC (38),3-1,?,Hull City AFC (39)
?,(Sat) 14 Apr 1934 (15),Brentford FC (39),2-0,?,Swansea City AFC (39)
?,(Sat) 14 Apr 1934 (15),West Ham United FC (39),1-2,?,Blackpool FC (39)
?,(Sat) 14 Apr 1934 (15),Preston North End FC (39),0-3,?,Bury FC (39)
?,(Sat) 14 Apr 1934 (15),Nottingham Forest FC (39),4-1,?,Southampton FC (39)
?,(Sat) 14 Apr 1934 (15),Bolton Wanderers FC (39),1-0,?,Notts County FC (38)
?,(Sat) 14 Apr 1934 (15),Oldham Athletic AFC (39),3-0,?,Lincoln City FC (39)
?,(Sat) 14 Apr 1934 (15),Grimsby Town FC (39),3-1,?,Fulham FC (39)
?,(Sat) 14 Apr 1934 (15),Burnley FC (39),2-1,?,Millwall FC (39)
?,(Mon) 16 Apr 1934 (16),Notts County FC (39),1-0,?,Bradford Park Avenue AFC (39)
?,(Sat) 21 Apr 1934 (16),Blackpool FC (40),2-3,?,Nottingham Forest FC (40)
?,(Sat) 21 Apr 1934 (16),Lincoln City FC (40),4-0,?,Burnley FC (40)
?,(Sat) 21 Apr 1934 (16),Southampton FC (40),4-2,?,Grimsby Town FC (40)
?,(Sat) 21 Apr 1934 (16),Fulham FC (40),0-2,?,Bradford Park Avenue AFC (40)
?,(Sat) 21 Apr 1934 (16),Millwall FC (40),2-0,?,Brentford FC (40)
?,(Sat) 21 Apr 1934 (16),Bury FC (40),1-1,?,Oldham Athletic AFC (40)
?,(Sat) 21 Apr 1934 (16),Bradford City AFC (40),2-2,?,West Ham United FC (40)
?,(Sat) 21 Apr 1934 (16),Swansea City AFC (40),0-0,?,Bolton Wanderers FC (40)
?,(Sat) 21 Apr 1934 (16),Notts County FC (40),0-0,?,Manchester United FC (40)
?,(Sat) 21 Apr 1934 (16),Port Vale FC (40),4-0,?,Plymouth Argyle FC (40)
?,(Sat) 21 Apr 1934 (16),Hull City AFC (40),0-1,?,Preston North End FC (40)
?,(Sat) 28 Apr 1934 (17),Nottingham Forest FC (41),1-2,?,Bradford City AFC (41)
?,(Sat) 28 Apr 1934 (17),Grimsby Town FC (41),7-0,?,Blackpool FC (41)
?,(Sat) 28 Apr 1934 (17),West Ham United FC (41),1-0,?,Port Vale FC (41)
?,(Sat) 28 Apr 1934 (17),Manchester United FC (41),1-1,?,Swansea City AFC (41)
?,(Sat) 28 Apr 1934 (17),Plymouth Argyle FC (41),1-0,?,Notts County FC (41)
?,(Sat) 28 Apr 1934 (17),Bolton Wanderers FC (41),5-0,?,Millwall FC (41)
?,(Sat) 28 Apr 1934 (17),Bradford Park Avenue AFC (41),3-1,?,Southampton FC (41)
?,(Sat) 28 Apr 1934 (17),Oldham Athletic AFC (41),7-0,?,Hull City AFC (41)
?,(Sat) 28 Apr 1934 (17),Preston North End FC (41),2-0,?,Fulham FC (41)
?,(Sat) 28 Apr 1934 (17),Brentford FC (41),5-0,?,Lincoln City FC (41)
?,(Sat) 28 Apr 1934 (17),Burnley FC (41),1-2,?,Bury FC (41)
?,(Sat) 5 May 1934 (18),Notts County FC (42),1-2,?,West Ham United FC (42)
?,(Sat) 5 May 1934 (18),Bradford City AFC (42),2-1,?,Grimsby Town FC (42)
?,(Sat) 5 May 1934 (18),Hull City AFC (42),0-1,?,Burnley FC (42)
?,(Sat) 5 May 1934 (18),Fulham FC (42),1-2,?,Oldham Athletic AFC (42)
?,(Sat) 5 May 1934 (18),Millwall FC (42),0-2,?,Manchester United FC (42)
?,(Sat) 5 May 1934 (18),Bury FC (42),1-2,?,Brentford FC (42)
?,(Sat) 5 May 1934 (18),Port Vale FC (42),3-1,?,Nottingham Forest FC (42)
?,(Sat) 5 May 1934 (18),Lincoln City FC (42),2-2,?,Bolton Wanderers FC (42)
?,(Sat) 5 May 1934 (18),Blackpool FC (42),1-1,?,Bradford Park Avenue AFC (42)
?,(Sat) 5 May 1934 (18),Swansea City AFC (42),2-1,?,Plymouth Argyle FC (42)
?,(Sat) 5 May 1934 (18),Southampton FC (42),0-1,?,Preston North End FC (42)
