Round,Date,Team 1,FT,HT,Team 2
?,(Sat) 23 Aug 1952 (33),Brentford FC (1),1-0,?,Lincoln City FC (1)
?,(Sat) 23 Aug 1952 (33),West Ham United FC (1),1-0,?,Southampton FC (1)
?,(Sat) 23 Aug 1952 (33),Nottingham Forest FC (1),1-2,?,Blackburn Rovers FC (1)
?,(Sat) 23 Aug 1952 (33),Leicester City FC (1),3-0,?,Notts County FC (1)
?,(Sat) 23 Aug 1952 (33),Huddersfield Town AFC (1),1-0,?,Leeds United FC (1)
?,(Sat) 23 Aug 1952 (33),Plymouth Argyle FC (1),2-1,?,Luton Town FC (1)
?,(Sat) 23 Aug 1952 (33),Fulham FC (1),2-0,?,Bury FC (1)
?,(Sat) 23 Aug 1952 (33),Everton FC (1),0-2,?,Hull City AFC (1)
?,(Sat) 23 Aug 1952 (33),Swansea City AFC (1),1-2,?,Sheffield United FC (1)
?,(Sat) 23 Aug 1952 (33),Rotherham United FC (1),1-1,?,Birmingham City FC (1)
?,(Sat) 23 Aug 1952 (33),Doncaster Rovers FC (1),1-1,?,Barnsley FC (1)
?,(Mon) 25 Aug 1952 (34),Hull City AFC (2),1-0,?,West Ham United FC (2)
?,(Mon) 25 Aug 1952 (34),Sheffield United FC (2),1-0,?,Everton FC (2)
?,(Mon) 25 Aug 1952 (34),Leicester City FC (2),6-1,?,Fulham FC (2)
?,(Wed) 27 Aug 1952 (34),Doncaster Rovers FC (2),2-3,?,Swansea City AFC (2)
?,(Wed) 27 Aug 1952 (34),Huddersfield Town AFC (2),0-0,?,Brentford FC (2)
?,(Wed) 27 Aug 1952 (34),Southampton FC (2),2-3,?,Plymouth Argyle FC (2)
?,(Wed) 27 Aug 1952 (34),Barnsley FC (2),0-2,?,Nottingham Forest FC (2)
?,(Wed) 27 Aug 1952 (34),Bury FC (2),2-2,?,Leeds United FC (2)
?,(Wed) 27 Aug 1952 (34),Luton Town FC (2),0-1,?,Birmingham City FC (2)
?,(Wed) 27 Aug 1952 (34),Lincoln City FC (2),4-1,?,Blackburn Rovers FC (2)
?,(Thu) 28 Aug 1952 (34),Notts County FC (2),2-1,?,Rotherham United FC (2)
?,(Sat) 30 Aug 1952 (34),Hull City AFC (3),2-2,?,Brentford FC (3)
?,(Sat) 30 Aug 1952 (34),Barnsley FC (3),3-1,?,Swansea City AFC (3)
?,(Sat) 30 Aug 1952 (34),Blackburn Rovers FC (3),3-1,?,Everton FC (3)
?,(Sat) 30 Aug 1952 (34),Bury FC (3),1-1,?,West Ham United FC (3)
?,(Sat) 30 Aug 1952 (34),Lincoln City FC (3),2-0,?,Doncaster Rovers FC (3)
?,(Sat) 30 Aug 1952 (34),Birmingham City FC (3),1-4,?,Fulham FC (3)
?,(Sat) 30 Aug 1952 (34),Sheffield United FC (3),0-2,?,Huddersfield Town AFC (3)
?,(Sat) 30 Aug 1952 (34),Leeds United FC (3),1-1,?,Plymouth Argyle FC (3)
?,(Sat) 30 Aug 1952 (34),Southampton FC (3),5-2,?,Leicester City FC (3)
?,(Sat) 30 Aug 1952 (34),Luton Town FC (3),2-1,?,Rotherham United FC (3)
?,(Sat) 30 Aug 1952 (34),Notts County FC (3),3-2,?,Nottingham Forest FC (3)
?,(Mon) 1 Sep 1952 (35),Rotherham United FC (4),2-3,?,Notts County FC (4)
?,(Mon) 1 Sep 1952 (35),Blackburn Rovers FC (4),0-2,?,Lincoln City FC (4)
?,(Mon) 1 Sep 1952 (35),West Ham United FC (4),0-0,?,Hull City AFC (4)
?,(Wed) 3 Sep 1952 (35),Birmingham City FC (4),2-2,?,Luton Town FC (4)
?,(Wed) 3 Sep 1952 (35),Fulham FC (4),4-6,?,Leicester City FC (4)
?,(Wed) 3 Sep 1952 (35),Nottingham Forest FC (4),3-0,?,Barnsley FC (4)
?,(Wed) 3 Sep 1952 (35),Brentford FC (4),1-3,?,Huddersfield Town AFC (4)
?,(Wed) 3 Sep 1952 (35),Leeds United FC (4),2-0,?,Bury FC (4)
?,(Wed) 3 Sep 1952 (35),Everton FC (4),0-0,?,Sheffield United FC (4)
?,(Wed) 3 Sep 1952 (35),Plymouth Argyle FC (4),3-1,?,Southampton FC (4)
?,(Thu) 4 Sep 1952 (35),Swansea City AFC (4),2-1,?,Doncaster Rovers FC (4)
?,(Sat) 6 Sep 1952 (35),Notts County FC (5),1-2,?,Southampton FC (5)
?,(Sat) 6 Sep 1952 (35),Leicester City FC (5),3-2,?,Bury FC (5)
?,(Sat) 6 Sep 1952 (35),Swansea City AFC (5),1-1,?,Lincoln City FC (5)
?,(Sat) 6 Sep 1952 (35),Plymouth Argyle FC (5),5-2,?,Sheffield United FC (5)
?,(Sat) 6 Sep 1952 (35),Huddersfield Town AFC (5),6-0,?,Barnsley FC (5)
?,(Sat) 6 Sep 1952 (35),Brentford FC (5),3-2,?,Blackburn Rovers FC (5)
?,(Sat) 6 Sep 1952 (35),Doncaster Rovers FC (5),3-1,?,Hull City AFC (5)
?,(Sat) 6 Sep 1952 (35),Everton FC (5),3-0,?,Nottingham Forest FC (5)
?,(Sat) 6 Sep 1952 (35),Fulham FC (5),2-0,?,Luton Town FC (5)
?,(Sat) 6 Sep 1952 (35),West Ham United FC (5),1-2,?,Birmingham City FC (5)
?,(Sat) 6 Sep 1952 (35),Rotherham United FC (5),3-1,?,Leeds United FC (5)
?,(Mon) 8 Sep 1952 (36),Leicester City FC (6),0-0,?,West Ham United FC (6)
?,(Mon) 8 Sep 1952 (36),Sheffield United FC (6),3-2,?,Brentford FC (6)
?,(Mon) 8 Sep 1952 (36),Blackburn Rovers FC (6),2-0,?,Hull City AFC (6)
?,(Tue) 9 Sep 1952 (36),Doncaster Rovers FC (6),1-1,?,Huddersfield Town AFC (6)
?,(Wed) 10 Sep 1952 (36),Southampton FC (6),2-3,?,Rotherham United FC (6)
?,(Wed) 10 Sep 1952 (36),Barnsley FC (6),2-3,?,Everton FC (6)
?,(Wed) 10 Sep 1952 (36),Leeds United FC (6),0-1,?,Birmingham City FC (6)
?,(Wed) 10 Sep 1952 (36),Lincoln City FC (6),2-3,?,Nottingham Forest FC (6)
?,(Wed) 10 Sep 1952 (36),Luton Town FC (6),3-1,?,Swansea City AFC (6)
?,(Thu) 11 Sep 1952 (36),Notts County FC (6),1-1,?,Fulham FC (6)
?,(Sat) 13 Sep 1952 (36),Hull City AFC (7),1-1,?,Swansea City AFC (7)
?,(Sat) 13 Sep 1952 (36),Plymouth Argyle FC (6),4-3,?,Rotherham United FC (7)
?,(Sat) 13 Sep 1952 (36),Southampton FC (7),1-1,?,Everton FC (7)
?,(Sat) 13 Sep 1952 (36),Birmingham City FC (7),3-1,?,Leicester City FC (7)
?,(Sat) 13 Sep 1952 (36),Leeds United FC (7),2-0,?,Fulham FC (7)
?,(Sat) 13 Sep 1952 (36),Blackburn Rovers FC (7),2-1,?,Doncaster Rovers FC (7)
?,(Sat) 13 Sep 1952 (36),Bury FC (6),0-1,?,Notts County FC (7)
?,(Sat) 13 Sep 1952 (36),Barnsley FC (7),1-3,?,Sheffield United FC (7)
?,(Sat) 13 Sep 1952 (36),Luton Town FC (7),0-0,?,West Ham United FC (7)
?,(Sat) 13 Sep 1952 (36),Nottingham Forest FC (7),3-0,?,Brentford FC (7)
?,(Sat) 13 Sep 1952 (36),Lincoln City FC (7),2-2,?,Huddersfield Town AFC (7)
?,(Mon) 15 Sep 1952 (37),Hull City AFC (8),3-0,?,Blackburn Rovers FC (8)
?,(Mon) 15 Sep 1952 (37),Rotherham United FC (8),2-2,?,Southampton FC (8)
?,(Mon) 15 Sep 1952 (37),West Ham United FC (8),4-1,?,Leicester City FC (8)
?,(Wed) 17 Sep 1952 (37),Brentford FC (8),0-0,?,Sheffield United FC (8)
?,(Wed) 17 Sep 1952 (37),Fulham FC (8),6-0,?,Notts County FC (8)
?,(Wed) 17 Sep 1952 (37),Birmingham City FC (8),2-2,?,Leeds United FC (8)
?,(Wed) 17 Sep 1952 (37),Nottingham Forest FC (8),1-1,?,Lincoln City FC (8)
?,(Wed) 17 Sep 1952 (37),Plymouth Argyle FC (7),0-0,?,Bury FC (7)
?,(Wed) 17 Sep 1952 (37),Huddersfield Town AFC (8),3-1,?,Doncaster Rovers FC (8)
?,(Thu) 18 Sep 1952 (37),Swansea City AFC (8),4-2,?,Luton Town FC (8)
?,(Sat) 20 Sep 1952 (37),Huddersfield Town AFC (9),1-1,?,Hull City AFC (9)
?,(Sat) 20 Sep 1952 (37),Sheffield United FC (9),6-1,?,Lincoln City FC (9)
?,(Sat) 20 Sep 1952 (37),Swansea City AFC (9),1-1,?,Blackburn Rovers FC (9)
?,(Sat) 20 Sep 1952 (37),Leicester City FC (9),1-1,?,Luton Town FC (9)
?,(Sat) 20 Sep 1952 (37),Southampton FC (9),1-2,?,Bury FC (8)
?,(Sat) 20 Sep 1952 (37),West Ham United FC (9),2-2,?,Leeds United FC (9)
?,(Sat) 20 Sep 1952 (37),Rotherham United FC (9),3-1,?,Barnsley FC (8)
?,(Sat) 20 Sep 1952 (37),Doncaster Rovers FC (9),1-0,?,Nottingham Forest FC (9)
?,(Sat) 20 Sep 1952 (37),Brentford FC (9),2-4,?,Everton FC (8)
?,(Sat) 20 Sep 1952 (37),Notts County FC (9),2-0,?,Birmingham City FC (9)
?,(Sat) 20 Sep 1952 (37),Fulham FC (9),2-1,?,Plymouth Argyle FC (8)
?,(Mon) 22 Sep 1952 (38),Sheffield United FC (10),2-0,?,Nottingham Forest FC (10)
?,(Wed) 24 Sep 1952 (38),Leeds United FC (10),1-1,?,Southampton FC (10)
?,(Sat) 27 Sep 1952 (38),Nottingham Forest FC (11),6-4,?,Swansea City AFC (10)
?,(Sat) 27 Sep 1952 (38),Leeds United FC (11),0-1,?,Leicester City FC (10)
?,(Sat) 27 Sep 1952 (38),Luton Town FC (10),5-1,?,Notts County FC (10)
?,(Sat) 27 Sep 1952 (38),Blackburn Rovers FC (10),1-1,?,Huddersfield Town AFC (10)
?,(Sat) 27 Sep 1952 (38),Rotherham United FC (10),1-0,?,Fulham FC (10)
?,(Sat) 27 Sep 1952 (38),Bury FC (9),3-0,?,Brentford FC (10)
?,(Sat) 27 Sep 1952 (38),Everton FC (9),7-1,?,Doncaster Rovers FC (10)
?,(Sat) 27 Sep 1952 (38),Birmingham City FC (10),2-0,?,Southampton FC (11)
?,(Sat) 27 Sep 1952 (38),Lincoln City FC (10),1-1,?,Barnsley FC (9)
?,(Sat) 27 Sep 1952 (38),Hull City AFC (10),4-0,?,Sheffield United FC (11)
?,(Sat) 27 Sep 1952 (38),Plymouth Argyle FC (9),1-1,?,West Ham United FC (10)
?,(Sat) 4 Oct 1952 (39),Doncaster Rovers FC (11),0-2,?,Brentford FC (11)
?,(Sat) 4 Oct 1952 (39),Barnsley FC (10),5-1,?,Hull City AFC (11)
?,(Sat) 4 Oct 1952 (39),Swansea City AFC (11),2-2,?,Everton FC (10)
?,(Sat) 4 Oct 1952 (39),Huddersfield Town AFC (11),1-2,?,Nottingham Forest FC (12)
?,(Sat) 4 Oct 1952 (39),Southampton FC (12),1-3,?,Luton Town FC (11)
?,(Sat) 4 Oct 1952 (39),Bury FC (10),3-0,?,Birmingham City FC (11)
?,(Sat) 4 Oct 1952 (39),Sheffield United FC (12),3-0,?,Blackburn Rovers FC (11)
?,(Sat) 4 Oct 1952 (39),Fulham FC (11),4-2,?,Lincoln City FC (11)
?,(Sat) 4 Oct 1952 (39),West Ham United FC (11),2-4,?,Rotherham United FC (11)
?,(Sat) 4 Oct 1952 (39),Notts County FC (11),3-2,?,Leeds United FC (12)
?,(Sat) 4 Oct 1952 (39),Leicester City FC (11),2-0,?,Plymouth Argyle FC (10)
?,(Sat) 11 Oct 1952 (40),Hull City AFC (12),3-1,?,Fulham FC (12)
?,(Sat) 11 Oct 1952 (40),Huddersfield Town AFC (12),3-0,?,Luton Town FC (12)
?,(Sat) 11 Oct 1952 (40),Blackburn Rovers FC (12),3-0,?,West Ham United FC (12)
?,(Sat) 11 Oct 1952 (40),Barnsley FC (11),0-3,?,Plymouth Argyle FC (11)
?,(Sat) 11 Oct 1952 (40),Doncaster Rovers FC (12),1-1,?,Bury FC (11)
?,(Sat) 11 Oct 1952 (40),Nottingham Forest FC (13),1-3,?,Leicester City FC (12)
?,(Sat) 11 Oct 1952 (40),Brentford FC (12),3-0,?,Southampton FC (13)
?,(Sat) 11 Oct 1952 (40),Everton FC (11),1-0,?,Notts County FC (12)
?,(Sat) 11 Oct 1952 (40),Sheffield United FC (13),2-1,?,Leeds United FC (13)
?,(Sat) 11 Oct 1952 (40),Swansea City AFC (12),1-1,?,Birmingham City FC (12)
?,(Sat) 11 Oct 1952 (40),Lincoln City FC (12),1-3,?,Rotherham United FC (12)
?,(Sat) 18 Oct 1952 (41),Bury FC (12),1-3,?,Swansea City AFC (13)
?,(Sat) 18 Oct 1952 (41),Leicester City FC (13),4-2,?,Everton FC (12)
?,(Sat) 18 Oct 1952 (41),Fulham FC (13),2-1,?,Blackburn Rovers FC (13)
?,(Sat) 18 Oct 1952 (41),Leeds United FC (14),4-1,?,Barnsley FC (12)
?,(Sat) 18 Oct 1952 (41),Rotherham United FC (13),2-1,?,Hull City AFC (13)
?,(Sat) 18 Oct 1952 (41),Plymouth Argyle FC (12),0-0,?,Lincoln City FC (13)
?,(Sat) 18 Oct 1952 (41),Luton Town FC (13),4-1,?,Sheffield United FC (14)
?,(Sat) 18 Oct 1952 (41),Southampton FC (14),3-3,?,Doncaster Rovers FC (13)
?,(Sat) 18 Oct 1952 (41),Notts County FC (13),4-0,?,Brentford FC (13)
?,(Sat) 18 Oct 1952 (41),Birmingham City FC (13),0-2,?,Huddersfield Town AFC (13)
?,(Sat) 18 Oct 1952 (41),West Ham United FC (13),3-2,?,Nottingham Forest FC (14)
?,(Sat) 25 Oct 1952 (42),Everton FC (13),2-0,?,West Ham United FC (14)
?,(Sat) 25 Oct 1952 (42),Blackburn Rovers FC (14),0-1,?,Rotherham United FC (14)
?,(Sat) 25 Oct 1952 (42),Lincoln City FC (14),1-1,?,Leeds United FC (15)
?,(Sat) 25 Oct 1952 (42),Brentford FC (14),4-2,?,Leicester City FC (14)
?,(Sat) 25 Oct 1952 (42),Nottingham Forest FC (15),0-1,?,Fulham FC (14)
?,(Sat) 25 Oct 1952 (42),Sheffield United FC (15),2-2,?,Birmingham City FC (14)
?,(Sat) 25 Oct 1952 (42),Hull City AFC (14),0-1,?,Plymouth Argyle FC (13)
?,(Sat) 25 Oct 1952 (42),Swansea City AFC (14),1-2,?,Southampton FC (15)
?,(Sat) 25 Oct 1952 (42),Huddersfield Town AFC (14),2-0,?,Bury FC (13)
?,(Sat) 25 Oct 1952 (42),Barnsley FC (13),2-3,?,Luton Town FC (14)
?,(Sat) 1 Nov 1952 (43),Birmingham City FC (15),3-1,?,Barnsley FC (14)
?,(Sat) 1 Nov 1952 (43),West Ham United FC (15),3-1,?,Brentford FC (15)
?,(Sat) 1 Nov 1952 (43),Fulham FC (15),3-0,?,Everton FC (14)
?,(Sat) 1 Nov 1952 (43),Rotherham United FC (15),2-3,?,Nottingham Forest FC (16)
?,(Sat) 1 Nov 1952 (43),Plymouth Argyle FC (14),3-1,?,Blackburn Rovers FC (15)
?,(Sat) 1 Nov 1952 (43),Leicester City FC (15),4-2,?,Doncaster Rovers FC (14)
?,(Sat) 1 Nov 1952 (43),Notts County FC (14),3-4,?,Swansea City AFC (15)
?,(Sat) 1 Nov 1952 (43),Bury FC (14),0-4,?,Sheffield United FC (16)
?,(Sat) 1 Nov 1952 (43),Luton Town FC (15),4-0,?,Lincoln City FC (15)
?,(Sat) 1 Nov 1952 (43),Southampton FC (16),0-2,?,Huddersfield Town AFC (15)
?,(Sat) 1 Nov 1952 (43),Leeds United FC (16),3-1,?,Hull City AFC (15)
?,(Sat) 8 Nov 1952 (44),Swansea City AFC (16),1-1,?,Leicester City FC (16)
?,(Sat) 8 Nov 1952 (44),Huddersfield Town AFC (16),1-0,?,Notts County FC (15)
?,(Sat) 8 Nov 1952 (44),Barnsley FC (15),3-2,?,Bury FC (15)
?,(Sat) 8 Nov 1952 (44),Sheffield United FC (17),5-3,?,Southampton FC (17)
?,(Sat) 8 Nov 1952 (44),Hull City AFC (16),0-2,?,Luton Town FC (16)
?,(Sat) 8 Nov 1952 (44),Everton FC (15),0-1,?,Rotherham United FC (16)
?,(Sat) 8 Nov 1952 (44),Brentford FC (16),2-2,?,Fulham FC (16)
?,(Sat) 8 Nov 1952 (44),Lincoln City FC (16),1-1,?,Birmingham City FC (16)
?,(Sat) 8 Nov 1952 (44),Blackburn Rovers FC (16),1-1,?,Leeds United FC (17)
?,(Sat) 8 Nov 1952 (44),Nottingham Forest FC (17),3-1,?,Plymouth Argyle FC (15)
?,(Sat) 8 Nov 1952 (44),Doncaster Rovers FC (15),1-1,?,West Ham United FC (16)
?,(Sat) 15 Nov 1952 (45),West Ham United FC (17),3-0,?,Swansea City AFC (17)
?,(Sat) 15 Nov 1952 (45),Birmingham City FC (17),4-3,?,Hull City AFC (17)
?,(Sat) 15 Nov 1952 (45),Rotherham United FC (17),4-1,?,Brentford FC (17)
?,(Sat) 15 Nov 1952 (45),Southampton FC (18),1-2,?,Barnsley FC (16)
?,(Sat) 15 Nov 1952 (45),Notts County FC (16),0-3,?,Sheffield United FC (18)
?,(Sat) 15 Nov 1952 (45),Fulham FC (17),1-3,?,Doncaster Rovers FC (16)
?,(Sat) 15 Nov 1952 (45),Plymouth Argyle FC (16),1-0,?,Everton FC (16)
?,(Sat) 15 Nov 1952 (45),Luton Town FC (17),6-0,?,Blackburn Rovers FC (17)
?,(Sat) 15 Nov 1952 (45),Bury FC (16),2-2,?,Lincoln City FC (17)
?,(Sat) 15 Nov 1952 (45),Leicester City FC (17),2-1,?,Huddersfield Town AFC (17)
?,(Sat) 22 Nov 1952 (46),Doncaster Rovers FC (17),2-1,?,Rotherham United FC (18)
?,(Sat) 22 Nov 1952 (46),Swansea City AFC (18),1-1,?,Fulham FC (18)
?,(Sat) 22 Nov 1952 (46),Nottingham Forest FC (18),4-3,?,Luton Town FC (18)
?,(Sat) 22 Nov 1952 (46),Huddersfield Town AFC (18),0-1,?,West Ham United FC (18)
?,(Sat) 22 Nov 1952 (46),Brentford FC (18),1-2,?,Plymouth Argyle FC (17)
?,(Sat) 22 Nov 1952 (46),Everton FC (17),2-2,?,Leeds United FC (18)
?,(Sat) 22 Nov 1952 (46),Barnsley FC (17),1-2,?,Notts County FC (17)
?,(Sat) 22 Nov 1952 (46),Lincoln City FC (18),2-2,?,Southampton FC (19)
?,(Sat) 22 Nov 1952 (46),Hull City AFC (18),0-2,?,Bury FC (17)
?,(Sat) 22 Nov 1952 (46),Sheffield United FC (19),7-2,?,Leicester City FC (18)
?,(Sat) 22 Nov 1952 (46),Blackburn Rovers FC (18),1-2,?,Birmingham City FC (18)
?,(Sat) 29 Nov 1952 (47),Rotherham United FC (19),2-1,?,Swansea City AFC (19)
?,(Sat) 29 Nov 1952 (47),Luton Town FC (19),4-2,?,Everton FC (18)
?,(Sat) 29 Nov 1952 (47),West Ham United FC (19),1-1,?,Sheffield United FC (20)
?,(Sat) 29 Nov 1952 (47),Bury FC (18),1-0,?,Blackburn Rovers FC (19)
?,(Sat) 29 Nov 1952 (47),Southampton FC (20),5-1,?,Hull City AFC (19)
?,(Sat) 29 Nov 1952 (47),Leeds United FC (19),3-2,?,Brentford FC (19)
?,(Sat) 29 Nov 1952 (47),Leicester City FC (19),2-2,?,Barnsley FC (18)
?,(Sat) 29 Nov 1952 (47),Fulham FC (19),0-2,?,Huddersfield Town AFC (19)
?,(Sat) 29 Nov 1952 (47),Plymouth Argyle FC (18),0-0,?,Doncaster Rovers FC (18)
?,(Sat) 29 Nov 1952 (47),Birmingham City FC (19),0-5,?,Nottingham Forest FC (19)
?,(Sat) 29 Nov 1952 (47),Notts County FC (18),1-1,?,Lincoln City FC (19)
?,(Sat) 6 Dec 1952 (48),Everton FC (19),1-1,?,Birmingham City FC (20)
?,(Sat) 6 Dec 1952 (48),Lincoln City FC (20),3-2,?,Leicester City FC (20)
?,(Sat) 6 Dec 1952 (48),Swansea City AFC (20),2-2,?,Plymouth Argyle FC (19)
?,(Sat) 6 Dec 1952 (48),Barnsley FC (19),2-0,?,West Ham United FC (20)
?,(Sat) 6 Dec 1952 (48),Nottingham Forest FC (20),4-1,?,Bury FC (19)
?,(Sat) 6 Dec 1952 (48),Hull City AFC (20),6-0,?,Notts County FC (19)
?,(Sat) 6 Dec 1952 (48),Huddersfield Town AFC (20),1-0,?,Rotherham United FC (20)
?,(Sat) 6 Dec 1952 (48),Blackburn Rovers FC (20),3-0,?,Southampton FC (21)
?,(Sat) 6 Dec 1952 (48),Sheffield United FC (21),2-1,?,Fulham FC (20)
?,(Sat) 6 Dec 1952 (48),Doncaster Rovers FC (19),0-0,?,Leeds United FC (20)
?,(Sat) 13 Dec 1952 (49),Rotherham United FC (21),0-2,?,Sheffield United FC (22)
?,(Sat) 13 Dec 1952 (49),Luton Town FC (20),1-2,?,Doncaster Rovers FC (20)
?,(Sat) 13 Dec 1952 (49),Southampton FC (22),2-2,?,Nottingham Forest FC (21)
?,(Sat) 13 Dec 1952 (49),West Ham United FC (21),5-1,?,Lincoln City FC (21)
?,(Sat) 13 Dec 1952 (49),Plymouth Argyle FC (20),0-2,?,Huddersfield Town AFC (21)
?,(Sat) 13 Dec 1952 (49),Fulham FC (21),3-1,?,Barnsley FC (20)
?,(Sat) 13 Dec 1952 (49),Notts County FC (20),5-0,?,Blackburn Rovers FC (21)
?,(Sat) 13 Dec 1952 (49),Birmingham City FC (21),3-1,?,Brentford FC (20)
?,(Sat) 13 Dec 1952 (49),Bury FC (20),0-5,?,Everton FC (20)
?,(Sat) 13 Dec 1952 (49),Leeds United FC (21),5-1,?,Swansea City AFC (21)
?,(Sat) 13 Dec 1952 (49),Leicester City FC (21),5-0,?,Hull City AFC (21)
?,(Sat) 20 Dec 1952 (50),Hull City AFC (22),1-0,?,Everton FC (21)
?,(Sat) 20 Dec 1952 (50),Notts County FC (21),2-2,?,Leicester City FC (22)
?,(Sat) 20 Dec 1952 (50),Birmingham City FC (22),4-0,?,Rotherham United FC (22)
?,(Sat) 20 Dec 1952 (50),Bury FC (21),1-1,?,Fulham FC (22)
?,(Sat) 20 Dec 1952 (50),Blackburn Rovers FC (22),2-1,?,Nottingham Forest FC (22)
?,(Sat) 20 Dec 1952 (50),Southampton FC (23),1-2,?,West Ham United FC (22)
?,(Sat) 20 Dec 1952 (50),Lincoln City FC (22),0-0,?,Brentford FC (21)
?,(Sat) 20 Dec 1952 (50),Sheffield United FC (23),7-1,?,Swansea City AFC (22)
?,(Sat) 20 Dec 1952 (50),Leeds United FC (22),2-1,?,Huddersfield Town AFC (22)
?,(Sat) 20 Dec 1952 (50),Barnsley FC (21),2-2,?,Doncaster Rovers FC (21)
?,(Sat) 20 Dec 1952 (50),Luton Town FC (21),1-0,?,Plymouth Argyle FC (21)
?,(Thu) 25 Dec 1952 (51),Huddersfield Town AFC (23),3-0,?,Swansea City AFC (23)
?,(Thu) 25 Dec 1952 (51),Birmingham City FC (23),4-0,?,Plymouth Argyle FC (22)
?,(Thu) 25 Dec 1952 (51),Blackburn Rovers FC (23),2-0,?,Leicester City FC (23)
?,(Thu) 25 Dec 1952 (51),West Ham United FC (23),2-2,?,Notts County FC (22)
?,(Thu) 25 Dec 1952 (51),Sheffield United FC (24),2-2,?,Doncaster Rovers FC (22)
?,(Thu) 25 Dec 1952 (51),Brentford FC (22),4-0,?,Barnsley FC (22)
?,(Fri) 26 Dec 1952 (51),Doncaster Rovers FC (23),0-2,?,Sheffield United FC (25)
?,(Fri) 26 Dec 1952 (51),Barnsley FC (23),0-2,?,Brentford FC (23)
?,(Fri) 26 Dec 1952 (51),Luton Town FC (22),2-0,?,Leeds United FC (23)
?,(Fri) 26 Dec 1952 (51),Nottingham Forest FC (23),4-1,?,Hull City AFC (23)
?,(Fri) 26 Dec 1952 (51),Rotherham United FC (23),6-1,?,Bury FC (22)
?,(Fri) 26 Dec 1952 (51),Lincoln City FC (23),1-1,?,Everton FC (22)
?,(Fri) 26 Dec 1952 (51),Fulham FC (23),1-1,?,Southampton FC (24)
?,(Sat) 27 Dec 1952 (51),Leeds United FC (24),2-2,?,Luton Town FC (23)
?,(Sat) 27 Dec 1952 (51),Southampton FC (25),5-3,?,Fulham FC (24)
?,(Sat) 27 Dec 1952 (51),Notts County FC (23),1-1,?,West Ham United FC (24)
?,(Sat) 27 Dec 1952 (51),Bury FC (23),2-0,?,Rotherham United FC (24)
?,(Sat) 27 Dec 1952 (51),Leicester City FC (24),2-1,?,Blackburn Rovers FC (24)
?,(Sat) 27 Dec 1952 (51),Hull City AFC (24),3-1,?,Nottingham Forest FC (24)
?,(Sat) 27 Dec 1952 (51),Plymouth Argyle FC (23),2-1,?,Birmingham City FC (24)
?,(Sat) 27 Dec 1952 (51),Swansea City AFC (24),3-3,?,Huddersfield Town AFC (24)
?,(Thu) 1 Jan 1953 (0),Blackburn Rovers FC (25),3-2,?,Notts County FC (24)
?,(Thu) 1 Jan 1953 (0),Bury FC (24),3-2,?,Plymouth Argyle FC (24)
?,(Thu) 1 Jan 1953 (0),Sheffield United FC (26),1-4,?,Rotherham United FC (25)
?,(Thu) 1 Jan 1953 (0),Everton FC (23),2-1,?,Barnsley FC (24)
?,(Sat) 3 Jan 1953 (0),Rotherham United FC (26),1-3,?,Luton Town FC (24)
?,(Sat) 3 Jan 1953 (0),Nottingham Forest FC (25),1-0,?,Notts County FC (25)
?,(Sat) 3 Jan 1953 (0),Everton FC (24),0-3,?,Blackburn Rovers FC (26)
?,(Sat) 3 Jan 1953 (0),Fulham FC (25),3-1,?,Birmingham City FC (25)
?,(Sat) 3 Jan 1953 (0),Plymouth Argyle FC (25),0-1,?,Leeds United FC (25)
?,(Sat) 3 Jan 1953 (0),Leicester City FC (25),4-1,?,Southampton FC (26)
?,(Sat) 3 Jan 1953 (0),Swansea City AFC (25),3-0,?,Barnsley FC (25)
?,(Sat) 3 Jan 1953 (0),Brentford FC (24),1-0,?,Hull City AFC (25)
?,(Sat) 3 Jan 1953 (0),Huddersfield Town AFC (25),1-1,?,Sheffield United FC (27)
?,(Sat) 3 Jan 1953 (0),Doncaster Rovers FC (24),2-0,?,Lincoln City FC (24)
?,(Sat) 3 Jan 1953 (0),West Ham United FC (25),3-2,?,Bury FC (25)
?,(Sat) 17 Jan 1953 (2),Barnsley FC (26),2-4,?,Huddersfield Town AFC (26)
?,(Sat) 17 Jan 1953 (2),Sheffield United FC (28),5-0,?,Plymouth Argyle FC (26)
?,(Sat) 17 Jan 1953 (2),Bury FC (26),1-4,?,Leicester City FC (26)
?,(Sat) 17 Jan 1953 (2),Lincoln City FC (25),3-1,?,Swansea City AFC (26)
?,(Sat) 17 Jan 1953 (2),Nottingham Forest FC (26),3-3,?,Everton FC (25)
?,(Sat) 17 Jan 1953 (2),Luton Town FC (25),2-0,?,Fulham FC (26)
?,(Sat) 17 Jan 1953 (2),Hull City AFC (26),1-1,?,Doncaster Rovers FC (25)
?,(Sat) 17 Jan 1953 (2),Birmingham City FC (26),2-0,?,West Ham United FC (26)
?,(Sat) 17 Jan 1953 (2),Southampton FC (27),1-1,?,Notts County FC (26)
?,(Sat) 17 Jan 1953 (2),Leeds United FC (26),4-0,?,Rotherham United FC (27)
?,(Sat) 17 Jan 1953 (2),Blackburn Rovers FC (27),3-0,?,Brentford FC (25)
?,(Sat) 24 Jan 1953 (3),Everton FC (26),2-2,?,Southampton FC (28)
?,(Sat) 24 Jan 1953 (3),Rotherham United FC (28),2-3,?,Plymouth Argyle FC (27)
?,(Sat) 24 Jan 1953 (3),Sheffield United FC (29),3-0,?,Barnsley FC (27)
?,(Sat) 24 Jan 1953 (3),Fulham FC (27),2-1,?,Leeds United FC (27)
?,(Sat) 24 Jan 1953 (3),Doncaster Rovers FC (26),3-3,?,Blackburn Rovers FC (28)
?,(Sat) 24 Jan 1953 (3),Brentford FC (26),1-1,?,Nottingham Forest FC (27)
?,(Sat) 24 Jan 1953 (3),Notts County FC (27),2-1,?,Bury FC (27)
?,(Sat) 24 Jan 1953 (3),West Ham United FC (27),0-1,?,Luton Town FC (26)
?,(Sat) 24 Jan 1953 (3),Swansea City AFC (27),3-0,?,Hull City AFC (27)
?,(Sat) 24 Jan 1953 (3),Leicester City FC (27),3-4,?,Birmingham City FC (27)
?,(Sat) 24 Jan 1953 (3),Huddersfield Town AFC (27),5-0,?,Lincoln City FC (26)
?,(Sat) 31 Jan 1953 (4),Doncaster Rovers FC (27),0-0,?,Fulham FC (28)
?,(Sat) 7 Feb 1953 (5),Luton Town FC (27),2-0,?,Leicester City FC (28)
?,(Sat) 7 Feb 1953 (5),Nottingham Forest FC (28),2-2,?,Doncaster Rovers FC (28)
?,(Sat) 7 Feb 1953 (5),Lincoln City FC (27),3-2,?,Sheffield United FC (30)
?,(Sat) 7 Feb 1953 (5),Hull City AFC (28),0-2,?,Huddersfield Town AFC (28)
?,(Sat) 7 Feb 1953 (5),Bury FC (28),0-0,?,Southampton FC (29)
?,(Sat) 7 Feb 1953 (5),Leeds United FC (28),3-2,?,West Ham United FC (28)
?,(Sat) 7 Feb 1953 (5),Birmingham City FC (28),3-2,?,Notts County FC (28)
?,(Sat) 7 Feb 1953 (5),Blackburn Rovers FC (29),3-0,?,Swansea City AFC (28)
?,(Sat) 7 Feb 1953 (5),Plymouth Argyle FC (28),3-1,?,Fulham FC (29)
?,(Sat) 7 Feb 1953 (5),Barnsley FC (28),2-3,?,Rotherham United FC (29)
?,(Sat) 7 Feb 1953 (5),Everton FC (27),5-0,?,Brentford FC (27)
?,(Sat) 14 Feb 1953 (6),Barnsley FC (29),1-1,?,Lincoln City FC (28)
?,(Sat) 14 Feb 1953 (6),Brentford FC (28),2-2,?,Bury FC (29)
?,(Sat) 14 Feb 1953 (6),Leicester City FC (29),3-3,?,Leeds United FC (29)
?,(Sat) 14 Feb 1953 (6),Swansea City AFC (29),2-1,?,Nottingham Forest FC (29)
?,(Sat) 14 Feb 1953 (6),Huddersfield Town AFC (29),0-3,?,Blackburn Rovers FC (30)
?,(Wed) 18 Feb 1953 (7),Fulham FC (30),4-1,?,Rotherham United FC (30)
?,(Wed) 18 Feb 1953 (7),Doncaster Rovers FC (29),3-0,?,Everton FC (28)
?,(Wed) 18 Feb 1953 (7),West Ham United FC (29),0-1,?,Plymouth Argyle FC (29)
?,(Thu) 19 Feb 1953 (7),Notts County FC (29),1-2,?,Luton Town FC (28)
?,(Sat) 21 Feb 1953 (7),Rotherham United FC (31),1-1,?,West Ham United FC (30)
?,(Sat) 21 Feb 1953 (7),Luton Town FC (29),1-2,?,Southampton FC (30)
?,(Sat) 21 Feb 1953 (7),Leeds United FC (30),3-1,?,Notts County FC (30)
?,(Sat) 21 Feb 1953 (7),Everton FC (29),0-0,?,Swansea City AFC (30)
?,(Sat) 21 Feb 1953 (7),Plymouth Argyle FC (30),2-1,?,Leicester City FC (30)
?,(Sat) 21 Feb 1953 (7),Blackburn Rovers FC (31),1-2,?,Sheffield United FC (31)
?,(Sat) 21 Feb 1953 (7),Lincoln City FC (29),2-2,?,Fulham FC (31)
?,(Sat) 21 Feb 1953 (7),Hull City AFC (29),2-2,?,Barnsley FC (30)
?,(Sat) 21 Feb 1953 (7),Birmingham City FC (29),0-2,?,Bury FC (30)
?,(Sat) 21 Feb 1953 (7),Nottingham Forest FC (30),1-0,?,Huddersfield Town AFC (30)
?,(Sat) 21 Feb 1953 (7),Brentford FC (29),1-0,?,Doncaster Rovers FC (30)
?,(Sat) 28 Feb 1953 (8),Fulham FC (32),2-1,?,Hull City AFC (30)
?,(Sat) 28 Feb 1953 (8),Leicester City FC (31),1-1,?,Nottingham Forest FC (31)
?,(Sat) 28 Feb 1953 (8),Rotherham United FC (32),3-2,?,Lincoln City FC (30)
?,(Sat) 28 Feb 1953 (8),Bury FC (31),2-1,?,Doncaster Rovers FC (31)
?,(Sat) 28 Feb 1953 (8),West Ham United FC (31),0-0,?,Blackburn Rovers FC (32)
?,(Sat) 28 Feb 1953 (8),Leeds United FC (31),0-3,?,Sheffield United FC (32)
?,(Sat) 28 Feb 1953 (8),Southampton FC (31),0-2,?,Brentford FC (30)
?,(Sat) 28 Feb 1953 (8),Plymouth Argyle FC (31),4-0,?,Barnsley FC (31)
?,(Sat) 28 Feb 1953 (8),Luton Town FC (30),0-2,?,Huddersfield Town AFC (31)
?,(Thu) 5 Mar 1953 (9),Notts County FC (31),2-2,?,Everton FC (30)
?,(Sat) 7 Mar 1953 (9),Barnsley FC (32),2-2,?,Leeds United FC (32)
?,(Sat) 7 Mar 1953 (9),Everton FC (31),2-2,?,Leicester City FC (32)
?,(Sat) 7 Mar 1953 (9),Doncaster Rovers FC (32),1-0,?,Southampton FC (32)
?,(Sat) 7 Mar 1953 (9),Sheffield United FC (33),1-1,?,Luton Town FC (31)
?,(Sat) 7 Mar 1953 (9),Brentford FC (31),5-0,?,Notts County FC (32)
?,(Sat) 7 Mar 1953 (9),Hull City AFC (31),3-2,?,Rotherham United FC (33)
?,(Sat) 7 Mar 1953 (9),Huddersfield Town AFC (32),1-1,?,Birmingham City FC (30)
?,(Sat) 7 Mar 1953 (9),Swansea City AFC (31),2-0,?,Bury FC (32)
?,(Sat) 7 Mar 1953 (9),Blackburn Rovers FC (33),2-2,?,Fulham FC (33)
?,(Sat) 7 Mar 1953 (9),Nottingham Forest FC (32),0-0,?,West Ham United FC (32)
?,(Sat) 7 Mar 1953 (9),Lincoln City FC (31),0-0,?,Plymouth Argyle FC (32)
?,(Wed) 11 Mar 1953 (10),Birmingham City FC (31),1-4,?,Swansea City AFC (32)
?,(Sat) 14 Mar 1953 (10),Notts County FC (33),4-3,?,Doncaster Rovers FC (33)
?,(Sat) 14 Mar 1953 (10),Leeds United FC (33),2-1,?,Lincoln City FC (32)
?,(Sat) 14 Mar 1953 (10),Luton Town FC (32),6-0,?,Barnsley FC (33)
?,(Sat) 14 Mar 1953 (10),Birmingham City FC (32),1-2,?,Sheffield United FC (34)
?,(Sat) 14 Mar 1953 (10),West Ham United FC (33),3-1,?,Everton FC (32)
?,(Sat) 14 Mar 1953 (10),Southampton FC (33),1-4,?,Swansea City AFC (33)
?,(Sat) 14 Mar 1953 (10),Leicester City FC (33),2-3,?,Brentford FC (32)
?,(Sat) 14 Mar 1953 (10),Bury FC (33),1-1,?,Huddersfield Town AFC (33)
?,(Sat) 14 Mar 1953 (10),Rotherham United FC (34),0-0,?,Blackburn Rovers FC (34)
?,(Sat) 14 Mar 1953 (10),Plymouth Argyle FC (33),1-2,?,Hull City AFC (32)
?,(Sat) 14 Mar 1953 (10),Fulham FC (34),0-1,?,Nottingham Forest FC (33)
?,(Sat) 21 Mar 1953 (11),Barnsley FC (34),1-3,?,Birmingham City FC (33)
?,(Sat) 21 Mar 1953 (11),Blackburn Rovers FC (35),1-3,?,Plymouth Argyle FC (34)
?,(Sat) 21 Mar 1953 (11),Doncaster Rovers FC (34),0-0,?,Leicester City FC (34)
?,(Sat) 21 Mar 1953 (11),Nottingham Forest FC (34),4-3,?,Rotherham United FC (35)
?,(Sat) 21 Mar 1953 (11),Hull City AFC (33),1-0,?,Leeds United FC (34)
?,(Sat) 21 Mar 1953 (11),Swansea City AFC (34),5-1,?,Notts County FC (34)
?,(Sat) 21 Mar 1953 (11),Brentford FC (33),1-4,?,West Ham United FC (34)
?,(Sat) 21 Mar 1953 (11),Sheffield United FC (35),3-1,?,Bury FC (34)
?,(Sat) 21 Mar 1953 (11),Lincoln City FC (33),1-2,?,Luton Town FC (33)
?,(Sat) 21 Mar 1953 (11),Huddersfield Town AFC (34),5-0,?,Southampton FC (34)
?,(Wed) 25 Mar 1953 (12),Everton FC (33),3-3,?,Fulham FC (35)
?,(Sat) 28 Mar 1953 (12),Birmingham City FC (34),2-2,?,Lincoln City FC (34)
?,(Sat) 28 Mar 1953 (12),Plymouth Argyle FC (35),0-3,?,Nottingham Forest FC (35)
?,(Sat) 28 Mar 1953 (12),Leeds United FC (35),0-3,?,Blackburn Rovers FC (36)
?,(Sat) 28 Mar 1953 (12),Luton Town FC (34),3-2,?,Hull City AFC (34)
?,(Sat) 28 Mar 1953 (12),West Ham United FC (35),1-3,?,Doncaster Rovers FC (35)
?,(Sat) 28 Mar 1953 (12),Rotherham United FC (36),2-2,?,Everton FC (34)
?,(Sat) 28 Mar 1953 (12),Leicester City FC (35),2-1,?,Swansea City AFC (35)
?,(Sat) 28 Mar 1953 (12),Southampton FC (35),4-4,?,Sheffield United FC (36)
?,(Sat) 28 Mar 1953 (12),Bury FC (35),5-2,?,Barnsley FC (35)
?,(Sat) 28 Mar 1953 (12),Fulham FC (36),5-0,?,Brentford FC (34)
?,(Sat) 28 Mar 1953 (12),Notts County FC (35),1-0,?,Huddersfield Town AFC (35)
?,(Fri) 3 Apr 1953 (13),Notts County FC (36),0-4,?,Plymouth Argyle FC (36)
?,(Fri) 3 Apr 1953 (13),Brentford FC (35),0-0,?,Swansea City AFC (36)
?,(Fri) 3 Apr 1953 (13),Bury FC (36),1-0,?,Luton Town FC (35)
?,(Fri) 3 Apr 1953 (13),Lincoln City FC (35),2-1,?,Hull City AFC (35)
?,(Fri) 3 Apr 1953 (13),West Ham United FC (36),1-2,?,Fulham FC (37)
?,(Fri) 3 Apr 1953 (13),Blackburn Rovers FC (37),2-0,?,Barnsley FC (36)
?,(Fri) 3 Apr 1953 (13),Doncaster Rovers FC (36),1-0,?,Birmingham City FC (35)
?,(Sat) 4 Apr 1953 (13),Huddersfield Town AFC (36),1-0,?,Leicester City FC (36)
?,(Sat) 4 Apr 1953 (13),Brentford FC (36),1-1,?,Rotherham United FC (37)
?,(Sat) 4 Apr 1953 (13),Sheffield United FC (37),2-1,?,Notts County FC (37)
?,(Sat) 4 Apr 1953 (13),Nottingham Forest FC (36),2-1,?,Leeds United FC (36)
?,(Sat) 4 Apr 1953 (13),Hull City AFC (36),2-0,?,Birmingham City FC (36)
?,(Sat) 4 Apr 1953 (13),Lincoln City FC (36),4-0,?,Bury FC (37)
?,(Sat) 4 Apr 1953 (13),Blackburn Rovers FC (38),1-1,?,Luton Town FC (36)
?,(Sat) 4 Apr 1953 (13),Swansea City AFC (37),4-1,?,West Ham United FC (37)
?,(Sat) 4 Apr 1953 (13),Barnsley FC (37),0-1,?,Southampton FC (36)
?,(Sat) 4 Apr 1953 (13),Everton FC (35),2-0,?,Plymouth Argyle FC (37)
?,(Mon) 6 Apr 1953 (14),Hull City AFC (37),1-1,?,Lincoln City FC (37)
?,(Mon) 6 Apr 1953 (14),Fulham FC (38),2-3,?,West Ham United FC (38)
?,(Mon) 6 Apr 1953 (14),Nottingham Forest FC (37),1-1,?,Sheffield United FC (38)
?,(Mon) 6 Apr 1953 (14),Swansea City AFC (38),3-2,?,Brentford FC (37)
?,(Mon) 6 Apr 1953 (14),Luton Town FC (37),4-1,?,Bury FC (38)
?,(Mon) 6 Apr 1953 (14),Birmingham City FC (37),2-1,?,Doncaster Rovers FC (37)
?,(Mon) 6 Apr 1953 (14),Plymouth Argyle FC (38),2-2,?,Notts County FC (38)
?,(Mon) 6 Apr 1953 (14),Barnsley FC (38),1-4,?,Blackburn Rovers FC (39)
?,(Mon) 6 Apr 1953 (14),Southampton FC (37),2-2,?,Leeds United FC (37)
?,(Mon) 6 Apr 1953 (14),Rotherham United FC (38),0-0,?,Leicester City FC (37)
?,(Mon) 6 Apr 1953 (14),Everton FC (36),2-1,?,Huddersfield Town AFC (37)
?,(Tue) 7 Apr 1953 (14),Leicester City FC (38),3-2,?,Rotherham United FC (39)
?,(Tue) 7 Apr 1953 (14),Huddersfield Town AFC (38),8-2,?,Everton FC (37)
?,(Sat) 11 Apr 1953 (14),Luton Town FC (38),3-0,?,Nottingham Forest FC (38)
?,(Sat) 11 Apr 1953 (14),West Ham United FC (39),0-1,?,Huddersfield Town AFC (39)
?,(Sat) 11 Apr 1953 (14),Southampton FC (38),1-0,?,Lincoln City FC (38)
?,(Sat) 11 Apr 1953 (14),Fulham FC (39),3-1,?,Swansea City AFC (39)
?,(Sat) 11 Apr 1953 (14),Leicester City FC (39),0-0,?,Sheffield United FC (39)
?,(Sat) 11 Apr 1953 (14),Birmingham City FC (38),1-2,?,Blackburn Rovers FC (40)
?,(Sat) 11 Apr 1953 (14),Plymouth Argyle FC (39),1-0,?,Brentford FC (38)
?,(Sat) 11 Apr 1953 (14),Notts County FC (39),1-0,?,Barnsley FC (39)
?,(Sat) 11 Apr 1953 (14),Rotherham United FC (40),4-2,?,Doncaster Rovers FC (38)
?,(Sat) 11 Apr 1953 (14),Bury FC (39),2-1,?,Hull City AFC (38)
?,(Sat) 11 Apr 1953 (14),Leeds United FC (38),2-0,?,Everton FC (38)
?,(Wed) 15 Apr 1953 (15),Everton FC (39),3-0,?,Bury FC (40)
?,(Wed) 15 Apr 1953 (15),Southampton FC (39),1-1,?,Birmingham City FC (39)
?,(Thu) 16 Apr 1953 (15),Hull City AFC (39),1-1,?,Leicester City FC (40)
?,(Thu) 16 Apr 1953 (15),Swansea City AFC (40),3-2,?,Leeds United FC (39)
?,(Sat) 18 Apr 1953 (15),Swansea City AFC (41),0-0,?,Rotherham United FC (41)
?,(Sat) 18 Apr 1953 (15),Lincoln City FC (39),3-0,?,Notts County FC (40)
?,(Sat) 18 Apr 1953 (15),Hull City AFC (40),1-0,?,Southampton FC (40)
?,(Sat) 18 Apr 1953 (15),Blackburn Rovers FC (41),4-0,?,Bury FC (41)
?,(Sat) 18 Apr 1953 (15),Huddersfield Town AFC (40),4-2,?,Fulham FC (40)
?,(Sat) 18 Apr 1953 (15),Doncaster Rovers FC (39),1-1,?,Plymouth Argyle FC (40)
?,(Sat) 18 Apr 1953 (15),Barnsley FC (40),0-3,?,Leicester City FC (41)
?,(Sat) 18 Apr 1953 (15),Sheffield United FC (40),3-1,?,West Ham United FC (40)
?,(Sat) 18 Apr 1953 (15),Nottingham Forest FC (39),0-2,?,Birmingham City FC (40)
?,(Sat) 18 Apr 1953 (15),Brentford FC (39),3-3,?,Leeds United FC (40)
?,(Sat) 18 Apr 1953 (15),Everton FC (40),1-1,?,Luton Town FC (39)
?,(Wed) 22 Apr 1953 (16),Brentford FC (40),1-1,?,Luton Town FC (40)
?,(Wed) 22 Apr 1953 (16),Leeds United FC (41),2-1,?,Nottingham Forest FC (40)
?,(Wed) 22 Apr 1953 (16),Everton FC (41),0-3,?,Lincoln City FC (40)
?,(Wed) 22 Apr 1953 (16),Doncaster Rovers FC (40),2-0,?,Notts County FC (41)
?,(Sat) 25 Apr 1953 (16),Fulham FC (41),1-2,?,Sheffield United FC (41)
?,(Sat) 25 Apr 1953 (16),Bury FC (42),2-0,?,Nottingham Forest FC (41)
?,(Sat) 25 Apr 1953 (16),Leeds United FC (42),1-1,?,Doncaster Rovers FC (41)
?,(Sat) 25 Apr 1953 (16),Luton Town FC (41),0-1,?,Brentford FC (41)
?,(Sat) 25 Apr 1953 (16),Plymouth Argyle FC (41),3-2,?,Swansea City AFC (42)
?,(Sat) 25 Apr 1953 (16),West Ham United FC (41),3-1,?,Barnsley FC (41)
?,(Sat) 25 Apr 1953 (16),Birmingham City FC (41),4-2,?,Everton FC (42)
?,(Sat) 25 Apr 1953 (16),Rotherham United FC (42),0-0,?,Huddersfield Town AFC (41)
?,(Sat) 25 Apr 1953 (16),Leicester City FC (42),3-2,?,Lincoln City FC (41)
?,(Sat) 25 Apr 1953 (16),Notts County FC (42),2-0,?,Hull City AFC (41)
?,(Sat) 25 Apr 1953 (16),Southampton FC (41),6-1,?,Blackburn Rovers FC (42)
?,(Wed) 29 Apr 1953 (17),Barnsley FC (42),1-1,?,Fulham FC (42)
?,(Wed) 29 Apr 1953 (17),Sheffield United FC (42),0-2,?,Hull City AFC (42)
?,(Wed) 29 Apr 1953 (17),Nottingham Forest FC (42),2-3,?,Southampton FC (42)
?,(Thu) 30 Apr 1953 (17),Doncaster Rovers FC (42),1-0,?,Luton Town FC (42)
?,(Fri) 1 May 1953 (17),Huddersfield Town AFC (42),4-0,?,Plymouth Argyle FC (42)
?,(Fri) 1 May 1953 (17),Lincoln City FC (42),3-1,?,West Ham United FC (42)
?,(Fri) 1 May 1953 (17),Brentford FC (42),1-2,?,Birmingham City FC (42)
