Round,Date,Team 1,FT,HT,Team 2
?,(Sat) 16 Aug 1980 (32),Swindon Town FC (1),1-2,?,Blackpool FC (1)
?,(Sat) 16 Aug 1980 (32),Chester FC (1),0-1,?,Oxford United FC (1)
?,(Sat) 16 Aug 1980 (32),Rotherham United FC (1),2-2,?,Fulham FC (1)
?,(Sat) 16 Aug 1980 (32),Colchester United FC (1),2-2,?,Plymouth Argyle FC (1)
?,(Sat) 16 Aug 1980 (32),Reading FC (1),2-0,?,Walsall FC (1)
?,(Sat) 16 Aug 1980 (32),Charlton Athletic FC (1),3-1,?,Brentford FC (1)
?,(Sat) 16 Aug 1980 (32),Barnsley FC (1),1-2,?,Portsmouth FC (1)
?,(Sat) 16 Aug 1980 (32),Exeter City FC (1),2-1,?,Gillingham FC (1)
?,(Sat) 16 Aug 1980 (32),Carlisle United FC (1),0-3,?,Sheffield United FC (1)
?,(Sat) 16 Aug 1980 (32),Millwall FC (1),1-1,?,Hull City AFC (1)
?,(Sat) 16 Aug 1980 (32),Burnley FC (1),1-1,?,Newport County AFC (1)
?,(Sat) 16 Aug 1980 (32),Chesterfield FC (1),2-1,?,Huddersfield Town AFC (1)
?,(Mon) 18 Aug 1980 (33),Brentford FC (2),1-0,?,Millwall FC (2)
?,(Tue) 19 Aug 1980 (33),Gillingham FC (2),2-0,?,Reading FC (2)
?,(Tue) 19 Aug 1980 (33),Huddersfield Town AFC (2),1-1,?,Carlisle United FC (2)
?,(Tue) 19 Aug 1980 (33),Newport County AFC (2),1-2,?,Charlton Athletic FC (2)
?,(Tue) 19 Aug 1980 (33),Hull City AFC (2),1-2,?,Barnsley FC (2)
?,(Tue) 19 Aug 1980 (33),Plymouth Argyle FC (2),2-0,?,Chester FC (2)
?,(Tue) 19 Aug 1980 (33),Sheffield United FC (2),2-0,?,Chesterfield FC (2)
?,(Tue) 19 Aug 1980 (33),Portsmouth FC (2),1-0,?,Swindon Town FC (2)
?,(Wed) 20 Aug 1980 (33),Blackpool FC (2),0-0,?,Rotherham United FC (2)
?,(Wed) 20 Aug 1980 (33),Oxford United FC (2),1-2,?,Exeter City FC (2)
?,(Wed) 20 Aug 1980 (33),Walsall FC (2),3-1,?,Burnley FC (2)
?,(Wed) 20 Aug 1980 (33),Fulham FC (2),1-0,?,Colchester United FC (2)
?,(Sat) 23 Aug 1980 (33),Gillingham FC (3),1-1,?,Barnsley FC (3)
?,(Sat) 23 Aug 1980 (33),Burnley FC (3),1-0,?,Chesterfield FC (3)
?,(Sat) 23 Aug 1980 (33),Portsmouth FC (3),3-1,?,Rotherham United FC (3)
?,(Sat) 23 Aug 1980 (33),Swindon Town FC (3),3-4,?,Fulham FC (3)
?,(Sat) 23 Aug 1980 (33),Colchester United FC (3),1-1,?,Walsall FC (3)
?,(Sat) 23 Aug 1980 (33),Chester FC (3),1-0,?,Carlisle United FC (3)
?,(Sat) 23 Aug 1980 (33),Plymouth Argyle FC (3),1-1,?,Charlton Athletic FC (3)
?,(Sat) 23 Aug 1980 (33),Huddersfield Town AFC (3),1-1,?,Blackpool FC (3)
?,(Sat) 23 Aug 1980 (33),Hull City AFC (3),3-3,?,Exeter City FC (3)
?,(Sat) 23 Aug 1980 (33),Brentford FC (3),1-2,?,Reading FC (3)
?,(Sat) 23 Aug 1980 (33),Sheffield United FC (3),1-0,?,Oxford United FC (3)
?,(Sat) 23 Aug 1980 (33),Newport County AFC (3),2-1,?,Millwall FC (3)
?,(Fri) 29 Aug 1980 (34),Fulham FC (4),0-0,?,Hull City AFC (4)
?,(Sat) 30 Aug 1980 (34),Charlton Athletic FC (4),2-0,?,Burnley FC (4)
?,(Sat) 30 Aug 1980 (34),Barnsley FC (4),2-1,?,Sheffield United FC (4)
?,(Sat) 30 Aug 1980 (34),Exeter City FC (4),4-0,?,Colchester United FC (4)
?,(Sat) 30 Aug 1980 (34),Blackpool FC (4),0-2,?,Portsmouth FC (4)
?,(Sat) 30 Aug 1980 (34),Carlisle United FC (4),1-4,?,Newport County AFC (4)
?,(Sat) 30 Aug 1980 (34),Reading FC (4),4-1,?,Swindon Town FC (4)
?,(Sat) 30 Aug 1980 (34),Rotherham United FC (4),0-0,?,Huddersfield Town AFC (4)
?,(Sat) 30 Aug 1980 (34),Oxford United FC (4),0-0,?,Plymouth Argyle FC (4)
?,(Sat) 30 Aug 1980 (34),Chesterfield FC (4),2-0,?,Gillingham FC (4)
?,(Sat) 30 Aug 1980 (34),Millwall FC (4),1-0,?,Chester FC (4)
?,(Sat) 30 Aug 1980 (34),Walsall FC (4),2-3,?,Brentford FC (4)
?,(Fri) 5 Sep 1980 (35),Fulham FC (5),1-2,?,Blackpool FC (5)
?,(Sat) 6 Sep 1980 (35),Burnley FC (5),1-0,?,Colchester United FC (5)
?,(Sat) 6 Sep 1980 (35),Gillingham FC (5),3-2,?,Newport County AFC (5)
?,(Sat) 6 Sep 1980 (35),Plymouth Argyle FC (5),4-1,?,Carlisle United FC (5)
?,(Sat) 6 Sep 1980 (35),Sheffield United FC (5),3-0,?,Swindon Town FC (5)
?,(Sat) 6 Sep 1980 (35),Oxford United FC (5),0-3,?,Chesterfield FC (5)
?,(Sat) 6 Sep 1980 (35),Hull City AFC (5),0-1,?,Walsall FC (5)
?,(Sat) 6 Sep 1980 (35),Portsmouth FC (5),0-2,?,Brentford FC (5)
?,(Sat) 6 Sep 1980 (35),Millwall FC (5),2-0,?,Charlton Athletic FC (5)
?,(Sat) 6 Sep 1980 (35),Huddersfield Town AFC (5),4-1,?,Reading FC (5)
?,(Sat) 6 Sep 1980 (35),Rotherham United FC (5),2-0,?,Barnsley FC (5)
?,(Sat) 6 Sep 1980 (35),Chester FC (5),1-0,?,Exeter City FC (5)
?,(Sat) 13 Sep 1980 (36),Colchester United FC (6),3-0,?,Millwall FC (6)
?,(Sat) 13 Sep 1980 (36),Walsall FC (6),2-0,?,Portsmouth FC (6)
?,(Sat) 13 Sep 1980 (36),Blackpool FC (6),2-2,?,Hull City AFC (6)
?,(Sat) 13 Sep 1980 (36),Newport County AFC (6),0-1,?,Oxford United FC (6)
?,(Sat) 13 Sep 1980 (36),Barnsley FC (6),1-0,?,Huddersfield Town AFC (6)
?,(Sat) 13 Sep 1980 (36),Charlton Athletic FC (6),1-0,?,Chester FC (6)
?,(Sat) 13 Sep 1980 (36),Brentford FC (6),1-3,?,Fulham FC (6)
?,(Sat) 13 Sep 1980 (36),Reading FC (6),1-0,?,Sheffield United FC (6)
?,(Sat) 13 Sep 1980 (36),Chesterfield FC (6),2-2,?,Plymouth Argyle FC (6)
?,(Sat) 13 Sep 1980 (36),Carlisle United FC (6),0-0,?,Gillingham FC (6)
?,(Sat) 13 Sep 1980 (36),Swindon Town FC (6),2-1,?,Rotherham United FC (6)
?,(Sat) 13 Sep 1980 (36),Exeter City FC (6),0-0,?,Burnley FC (6)
?,(Mon) 15 Sep 1980 (37),Brentford FC (7),1-1,?,Barnsley FC (7)
?,(Tue) 16 Sep 1980 (37),Swindon Town FC (7),1-0,?,Oxford United FC (7)
?,(Tue) 16 Sep 1980 (37),Sheffield United FC (7),4-2,?,Blackpool FC (7)
?,(Tue) 16 Sep 1980 (37),Walsall FC (7),0-2,?,Rotherham United FC (7)
?,(Tue) 16 Sep 1980 (37),Portsmouth FC (7),1-0,?,Charlton Athletic FC (7)
?,(Tue) 16 Sep 1980 (37),Carlisle United FC (7),2-1,?,Millwall FC (7)
?,(Tue) 16 Sep 1980 (37),Burnley FC (7),2-0,?,Hull City AFC (7)
?,(Tue) 16 Sep 1980 (37),Colchester United FC (7),1-1,?,Chesterfield FC (7)
?,(Tue) 16 Sep 1980 (37),Gillingham FC (7),0-0,?,Huddersfield Town AFC (7)
?,(Wed) 17 Sep 1980 (37),Reading FC (7),1-1,?,Plymouth Argyle FC (7)
?,(Wed) 17 Sep 1980 (37),Exeter City FC (7),1-0,?,Fulham FC (7)
?,(Sat) 20 Sep 1980 (37),Plymouth Argyle FC (8),4-1,?,Gillingham FC (8)
?,(Sat) 20 Sep 1980 (37),Huddersfield Town AFC (8),1-0,?,Sheffield United FC (8)
?,(Sat) 20 Sep 1980 (37),Oxford United FC (8),1-2,?,Carlisle United FC (8)
?,(Sat) 20 Sep 1980 (37),Millwall FC (8),1-0,?,Exeter City FC (8)
?,(Sat) 20 Sep 1980 (37),Rotherham United FC (8),2-0,?,Reading FC (8)
?,(Sat) 20 Sep 1980 (37),Barnsley FC (8),2-0,?,Swindon Town FC (8)
?,(Sat) 20 Sep 1980 (37),Blackpool FC (8),0-3,?,Brentford FC (8)
?,(Sat) 20 Sep 1980 (37),Hull City AFC (8),2-1,?,Portsmouth FC (8)
?,(Sat) 20 Sep 1980 (37),Fulham FC (8),2-1,?,Walsall FC (8)
?,(Sat) 20 Sep 1980 (37),Charlton Athletic FC (8),1-2,?,Colchester United FC (8)
?,(Sat) 20 Sep 1980 (37),Chesterfield FC (8),3-2,?,Newport County AFC (7)
?,(Sat) 20 Sep 1980 (37),Chester FC (7),0-0,?,Burnley FC (8)
?,(Sat) 27 Sep 1980 (38),Burnley FC (9),5-0,?,Millwall FC (9)
?,(Sat) 27 Sep 1980 (38),Brentford FC (9),2-2,?,Hull City AFC (9)
?,(Sat) 27 Sep 1980 (38),Colchester United FC (9),1-1,?,Chester FC (8)
?,(Sat) 27 Sep 1980 (38),Carlisle United FC (9),2-6,?,Chesterfield FC (9)
?,(Sat) 27 Sep 1980 (38),Walsall FC (9),2-2,?,Blackpool FC (9)
?,(Sat) 27 Sep 1980 (38),Newport County AFC (8),0-2,?,Plymouth Argyle FC (9)
?,(Sat) 27 Sep 1980 (38),Exeter City FC (9),4-3,?,Charlton Athletic FC (9)
?,(Sat) 27 Sep 1980 (38),Swindon Town FC (9),1-0,?,Huddersfield Town AFC (9)
?,(Sat) 27 Sep 1980 (38),Portsmouth FC (9),1-0,?,Fulham FC (9)
?,(Sat) 27 Sep 1980 (38),Gillingham FC (9),1-1,?,Oxford United FC (9)
?,(Sat) 27 Sep 1980 (38),Sheffield United FC (9),1-2,?,Rotherham United FC (9)
?,(Sat) 27 Sep 1980 (38),Reading FC (9),3-2,?,Barnsley FC (9)
?,(Tue) 30 Sep 1980 (39),Plymouth Argyle FC (10),2-1,?,Reading FC (10)
?,(Tue) 30 Sep 1980 (39),Huddersfield Town AFC (10),1-0,?,Gillingham FC (10)
?,(Tue) 30 Sep 1980 (39),Millwall FC (10),3-0,?,Carlisle United FC (10)
?,(Tue) 30 Sep 1980 (39),Hull City AFC (10),0-0,?,Burnley FC (10)
?,(Tue) 30 Sep 1980 (39),Barnsley FC (10),0-1,?,Brentford FC (10)
?,(Tue) 30 Sep 1980 (39),Rotherham United FC (10),2-1,?,Walsall FC (10)
?,(Tue) 30 Sep 1980 (39),Chesterfield FC (10),3-0,?,Colchester United FC (10)
?,(Wed) 1 Oct 1980 (39),Oxford United FC (10),0-0,?,Swindon Town FC (10)
?,(Wed) 1 Oct 1980 (39),Fulham FC (10),0-1,?,Exeter City FC (10)
?,(Wed) 1 Oct 1980 (39),Blackpool FC (10),2-1,?,Sheffield United FC (10)
?,(Sat) 4 Oct 1980 (39),Rotherham United FC (11),3-1,?,Exeter City FC (11)
?,(Sat) 4 Oct 1980 (39),Blackpool FC (11),4-0,?,Gillingham FC (11)
?,(Sat) 4 Oct 1980 (39),Huddersfield Town AFC (11),2-0,?,Colchester United FC (11)
?,(Sat) 4 Oct 1980 (39),Swindon Town FC (11),1-2,?,Chester FC (9)
?,(Sat) 4 Oct 1980 (39),Sheffield United FC (11),0-0,?,Plymouth Argyle FC (11)
?,(Sat) 4 Oct 1980 (39),Fulham FC (11),0-2,?,Burnley FC (11)
?,(Sat) 4 Oct 1980 (39),Reading FC (11),4-1,?,Millwall FC (11)
?,(Sat) 4 Oct 1980 (39),Brentford FC (11),0-1,?,Newport County AFC (9)
?,(Sat) 4 Oct 1980 (39),Hull City AFC (11),0-1,?,Oxford United FC (11)
?,(Sat) 4 Oct 1980 (39),Walsall FC (11),4-3,?,Carlisle United FC (11)
?,(Sat) 4 Oct 1980 (39),Portsmouth FC (10),1-0,?,Chesterfield FC (11)
?,(Sat) 4 Oct 1980 (39),Barnsley FC (11),0-0,?,Charlton Athletic FC (10)
?,(Tue) 7 Oct 1980 (40),Chesterfield FC (12),2-0,?,Rotherham United FC (12)
?,(Tue) 7 Oct 1980 (40),Newport County AFC (10),0-0,?,Reading FC (12)
?,(Tue) 7 Oct 1980 (40),Carlisle United FC (12),2-2,?,Barnsley FC (12)
?,(Tue) 7 Oct 1980 (40),Millwall FC (12),0-0,?,Blackpool FC (12)
?,(Tue) 7 Oct 1980 (40),Burnley FC (12),3-2,?,Sheffield United FC (12)
?,(Tue) 7 Oct 1980 (40),Colchester United FC (12),1-0,?,Portsmouth FC (11)
?,(Tue) 7 Oct 1980 (40),Charlton Athletic FC (11),2-0,?,Walsall FC (12)
?,(Tue) 7 Oct 1980 (40),Gillingham FC (12),0-0,?,Swindon Town FC (12)
?,(Tue) 7 Oct 1980 (40),Plymouth Argyle FC (12),2-1,?,Fulham FC (12)
?,(Wed) 8 Oct 1980 (40),Chester FC (10),4-1,?,Hull City AFC (12)
?,(Wed) 8 Oct 1980 (40),Oxford United FC (12),0-2,?,Huddersfield Town AFC (12)
?,(Wed) 8 Oct 1980 (40),Exeter City FC (12),0-0,?,Brentford FC (12)
?,(Sat) 11 Oct 1980 (40),Gillingham FC (13),1-0,?,Fulham FC (13)
?,(Sat) 11 Oct 1980 (40),Oxford United FC (13),1-1,?,Walsall FC (13)
?,(Sat) 11 Oct 1980 (40),Plymouth Argyle FC (13),0-2,?,Blackpool FC (13)
?,(Sat) 11 Oct 1980 (40),Carlisle United FC (13),1-2,?,Brentford FC (13)
?,(Sat) 11 Oct 1980 (40),Charlton Athletic FC (12),2-0,?,Sheffield United FC (13)
?,(Sat) 11 Oct 1980 (40),Burnley FC (13),1-1,?,Rotherham United FC (13)
?,(Sat) 11 Oct 1980 (40),Chesterfield FC (13),1-0,?,Hull City AFC (13)
?,(Sat) 11 Oct 1980 (40),Colchester United FC (13),2-2,?,Barnsley FC (13)
?,(Sat) 11 Oct 1980 (40),Exeter City FC (13),1-4,?,Huddersfield Town AFC (13)
?,(Sat) 11 Oct 1980 (40),Millwall FC (13),3-1,?,Swindon Town FC (13)
?,(Sat) 11 Oct 1980 (40),Chester FC (11),1-0,?,Reading FC (13)
?,(Sat) 11 Oct 1980 (40),Newport County AFC (11),2-1,?,Portsmouth FC (12)
?,(Tue) 14 Oct 1980 (41),Sheffield United FC (14),2-0,?,Newport County AFC (12)
?,(Sat) 18 Oct 1980 (41),Barnsley FC (14),2-0,?,Millwall FC (14)
?,(Sat) 18 Oct 1980 (41),Swindon Town FC (14),1-1,?,Carlisle United FC (14)
?,(Sat) 18 Oct 1980 (41),Reading FC (14),2-3,?,Chesterfield FC (14)
?,(Sat) 18 Oct 1980 (41),Huddersfield Town AFC (14),2-0,?,Plymouth Argyle FC (14)
?,(Sat) 18 Oct 1980 (41),Walsall FC (14),1-0,?,Newport County AFC (13)
?,(Sat) 18 Oct 1980 (41),Hull City AFC (14),0-2,?,Charlton Athletic FC (13)
?,(Sat) 18 Oct 1980 (41),Blackpool FC (14),1-1,?,Colchester United FC (14)
?,(Sat) 18 Oct 1980 (41),Rotherham United FC (14),2-0,?,Gillingham FC (14)
?,(Sat) 18 Oct 1980 (41),Brentford FC (14),0-1,?,Chester FC (12)
?,(Sat) 18 Oct 1980 (41),Sheffield United FC (15),3-1,?,Exeter City FC (14)
?,(Sat) 18 Oct 1980 (41),Portsmouth FC (13),4-2,?,Burnley FC (14)
?,(Sat) 18 Oct 1980 (41),Fulham FC (14),0-4,?,Oxford United FC (14)
?,(Mon) 20 Oct 1980 (42),Brentford FC (15),3-3,?,Gillingham FC (15)
?,(Tue) 21 Oct 1980 (42),Huddersfield Town AFC (15),0-0,?,Burnley FC (15)
?,(Tue) 21 Oct 1980 (42),Walsall FC (15),1-3,?,Exeter City FC (15)
?,(Tue) 21 Oct 1980 (42),Rotherham United FC (15),0-0,?,Chester FC (13)
?,(Tue) 21 Oct 1980 (42),Swindon Town FC (15),0-3,?,Charlton Athletic FC (14)
?,(Tue) 21 Oct 1980 (42),Hull City AFC (15),0-1,?,Carlisle United FC (15)
?,(Tue) 21 Oct 1980 (42),Barnsley FC (15),1-1,?,Oxford United FC (15)
?,(Tue) 21 Oct 1980 (42),Portsmouth FC (14),1-3,?,Plymouth Argyle FC (15)
?,(Wed) 22 Oct 1980 (42),Reading FC (15),1-0,?,Colchester United FC (15)
?,(Wed) 22 Oct 1980 (42),Fulham FC (15),1-1,?,Millwall FC (15)
?,(Wed) 22 Oct 1980 (42),Blackpool FC (15),0-3,?,Chesterfield FC (15)
?,(Sat) 25 Oct 1980 (42),Charlton Athletic FC (15),2-1,?,Blackpool FC (16)
?,(Sat) 25 Oct 1980 (42),Exeter City FC (16),3-4,?,Swindon Town FC (16)
?,(Sat) 25 Oct 1980 (42),Plymouth Argyle FC (16),1-3,?,Barnsley FC (16)
?,(Sat) 25 Oct 1980 (42),Oxford United FC (16),1-2,?,Portsmouth FC (15)
?,(Sat) 25 Oct 1980 (42),Chester FC (14),0-1,?,Fulham FC (16)
?,(Sat) 25 Oct 1980 (42),Millwall FC (16),1-4,?,Sheffield United FC (16)
?,(Sat) 25 Oct 1980 (42),Chesterfield FC (16),1-2,?,Walsall FC (16)
?,(Sat) 25 Oct 1980 (42),Colchester United FC (16),0-0,?,Rotherham United FC (16)
?,(Sat) 25 Oct 1980 (42),Newport County AFC (14),3-2,?,Huddersfield Town AFC (16)
?,(Sat) 25 Oct 1980 (42),Burnley FC (16),2-0,?,Brentford FC (16)
?,(Sat) 25 Oct 1980 (42),Gillingham FC (16),2-0,?,Hull City AFC (16)
?,(Tue) 28 Oct 1980 (43),Newport County AFC (15),2-1,?,Fulham FC (17)
?,(Tue) 28 Oct 1980 (43),Millwall FC (17),0-1,?,Walsall FC (17)
?,(Tue) 28 Oct 1980 (43),Charlton Athletic FC (16),4-2,?,Reading FC (16)
?,(Tue) 28 Oct 1980 (43),Plymouth Argyle FC (17),0-1,?,Brentford FC (17)
?,(Tue) 28 Oct 1980 (43),Carlisle United FC (16),2-0,?,Blackpool FC (17)
?,(Tue) 28 Oct 1980 (43),Colchester United FC (17),2-0,?,Hull City AFC (17)
?,(Tue) 28 Oct 1980 (43),Gillingham FC (17),2-2,?,Sheffield United FC (17)
?,(Wed) 29 Oct 1980 (43),Chester FC (15),0-2,?,Huddersfield Town AFC (17)
?,(Wed) 29 Oct 1980 (43),Oxford United FC (17),1-1,?,Rotherham United FC (17)
?,(Sat) 1 Nov 1980 (43),Portsmouth FC (16),2-1,?,Carlisle United FC (17)
?,(Sat) 1 Nov 1980 (43),Brentford FC (18),3-0,?,Oxford United FC (18)
?,(Sat) 1 Nov 1980 (43),Hull City AFC (18),1-0,?,Plymouth Argyle FC (18)
?,(Sat) 1 Nov 1980 (43),Barnsley FC (17),2-0,?,Chester FC (16)
?,(Sat) 1 Nov 1980 (43),Huddersfield Town AFC (18),0-1,?,Charlton Athletic FC (17)
?,(Sat) 1 Nov 1980 (43),Blackpool FC (18),2-4,?,Newport County AFC (16)
?,(Sat) 1 Nov 1980 (43),Fulham FC (18),1-1,?,Chesterfield FC (17)
?,(Sat) 1 Nov 1980 (43),Rotherham United FC (18),3-0,?,Millwall FC (18)
?,(Sat) 1 Nov 1980 (43),Reading FC (17),2-1,?,Exeter City FC (17)
?,(Sat) 1 Nov 1980 (43),Walsall FC (18),3-3,?,Gillingham FC (18)
?,(Sat) 1 Nov 1980 (43),Sheffield United FC (18),3-0,?,Colchester United FC (18)
?,(Sat) 1 Nov 1980 (43),Swindon Town FC (17),0-3,?,Burnley FC (17)
?,(Mon) 3 Nov 1980 (44),Brentford FC (19),0-1,?,Exeter City FC (18)
?,(Tue) 4 Nov 1980 (44),Swindon Town FC (18),0-0,?,Gillingham FC (19)
?,(Tue) 4 Nov 1980 (44),Huddersfield Town AFC (19),2-0,?,Oxford United FC (19)
?,(Tue) 4 Nov 1980 (44),Portsmouth FC (17),2-1,?,Colchester United FC (19)
?,(Tue) 4 Nov 1980 (44),Barnsley FC (18),3-1,?,Carlisle United FC (18)
?,(Tue) 4 Nov 1980 (44),Rotherham United FC (19),0-0,?,Chesterfield FC (18)
?,(Tue) 4 Nov 1980 (44),Fulham FC (19),0-0,?,Plymouth Argyle FC (19)
?,(Tue) 4 Nov 1980 (44),Walsall FC (19),2-2,?,Charlton Athletic FC (18)
?,(Tue) 4 Nov 1980 (44),Hull City AFC (19),0-0,?,Chester FC (17)
?,(Tue) 4 Nov 1980 (44),Sheffield United FC (19),0-0,?,Burnley FC (18)
?,(Sat) 8 Nov 1980 (44),Charlton Athletic FC (19),2-0,?,Rotherham United FC (20)
?,(Sat) 8 Nov 1980 (44),Gillingham FC (20),0-1,?,Portsmouth FC (18)
?,(Sat) 8 Nov 1980 (44),Chester FC (18),3-2,?,Sheffield United FC (20)
?,(Sat) 8 Nov 1980 (44),Carlisle United FC (19),2-2,?,Fulham FC (20)
?,(Sat) 8 Nov 1980 (44),Oxford United FC (20),0-2,?,Blackpool FC (19)
?,(Sat) 8 Nov 1980 (44),Exeter City FC (19),0-1,?,Barnsley FC (19)
?,(Sat) 8 Nov 1980 (44),Plymouth Argyle FC (20),2-0,?,Walsall FC (20)
?,(Sat) 8 Nov 1980 (44),Burnley FC (19),1-2,?,Reading FC (18)
?,(Sat) 8 Nov 1980 (44),Millwall FC (19),2-1,?,Huddersfield Town AFC (20)
?,(Sat) 8 Nov 1980 (44),Newport County AFC (17),4-0,?,Hull City AFC (20)
?,(Sat) 8 Nov 1980 (44),Colchester United FC (20),1-0,?,Swindon Town FC (19)
?,(Sat) 8 Nov 1980 (44),Chesterfield FC (19),2-1,?,Brentford FC (20)
?,(Tue) 11 Nov 1980 (45),Barnsley FC (20),5-0,?,Hull City AFC (21)
?,(Tue) 11 Nov 1980 (45),Charlton Athletic FC (20),3-0,?,Newport County AFC (18)
?,(Tue) 11 Nov 1980 (45),Colchester United FC (21),3-2,?,Fulham FC (21)
?,(Tue) 11 Nov 1980 (45),Swindon Town FC (20),0-2,?,Portsmouth FC (19)
?,(Tue) 11 Nov 1980 (45),Millwall FC (20),2-2,?,Brentford FC (21)
?,(Tue) 11 Nov 1980 (45),Chesterfield FC (20),1-0,?,Sheffield United FC (21)
?,(Tue) 11 Nov 1980 (45),Carlisle United FC (20),1-1,?,Huddersfield Town AFC (21)
?,(Tue) 11 Nov 1980 (45),Rotherham United FC (21),4-0,?,Blackpool FC (20)
?,(Tue) 11 Nov 1980 (45),Burnley FC (20),0-0,?,Walsall FC (21)
?,(Wed) 12 Nov 1980 (45),Chester FC (19),1-0,?,Plymouth Argyle FC (21)
?,(Wed) 12 Nov 1980 (45),Exeter City FC (20),1-1,?,Oxford United FC (21)
?,(Wed) 12 Nov 1980 (45),Reading FC (19),0-1,?,Gillingham FC (21)
?,(Sat) 15 Nov 1980 (45),Brentford FC (22),0-1,?,Charlton Athletic FC (21)
?,(Sat) 15 Nov 1980 (45),Sheffield United FC (22),2-2,?,Carlisle United FC (21)
?,(Sat) 15 Nov 1980 (45),Portsmouth FC (20),0-1,?,Barnsley FC (21)
?,(Sat) 15 Nov 1980 (45),Oxford United FC (22),1-0,?,Chester FC (20)
?,(Sat) 15 Nov 1980 (45),Plymouth Argyle FC (22),1-1,?,Colchester United FC (22)
?,(Sat) 15 Nov 1980 (45),Blackpool FC (21),1-1,?,Swindon Town FC (21)
?,(Sat) 15 Nov 1980 (45),Fulham FC (22),1-1,?,Rotherham United FC (22)
?,(Sat) 15 Nov 1980 (45),Walsall FC (22),2-2,?,Reading FC (20)
?,(Sat) 15 Nov 1980 (45),Hull City AFC (22),3-1,?,Millwall FC (21)
?,(Sat) 15 Nov 1980 (45),Gillingham FC (22),1-5,?,Exeter City FC (21)
?,(Sat) 15 Nov 1980 (45),Newport County AFC (19),1-2,?,Burnley FC (21)
?,(Sat) 15 Nov 1980 (45),Huddersfield Town AFC (22),2-0,?,Chesterfield FC (21)
?,(Sat) 29 Nov 1980 (47),Charlton Athletic FC (22),1-0,?,Chesterfield FC (22)
?,(Sat) 29 Nov 1980 (47),Walsall FC (23),4-4,?,Sheffield United FC (23)
?,(Sat) 29 Nov 1980 (47),Millwall FC (22),1-1,?,Plymouth Argyle FC (23)
?,(Sat) 29 Nov 1980 (47),Barnsley FC (22),2-2,?,Fulham FC (23)
?,(Sat) 29 Nov 1980 (47),Huddersfield Town AFC (23),3-0,?,Brentford FC (23)
?,(Sat) 29 Nov 1980 (47),Exeter City FC (22),2-0,?,Carlisle United FC (22)
?,(Sat) 29 Nov 1980 (47),Colchester United FC (23),3-0,?,Oxford United FC (23)
?,(Sat) 29 Nov 1980 (47),Rotherham United FC (23),1-0,?,Newport County AFC (20)
?,(Sat) 29 Nov 1980 (47),Reading FC (21),3-0,?,Blackpool FC (22)
?,(Sat) 29 Nov 1980 (47),Burnley FC (22),3-2,?,Gillingham FC (23)
?,(Sat) 29 Nov 1980 (47),Portsmouth FC (21),2-0,?,Chester FC (21)
?,(Sat) 29 Nov 1980 (47),Swindon Town FC (22),3-1,?,Hull City AFC (23)
?,(Tue) 2 Dec 1980 (48),Burnley FC (23),0-1,?,Barnsley FC (23)
?,(Wed) 3 Dec 1980 (48),Chester FC (22),1-1,?,Newport County AFC (21)
?,(Sat) 6 Dec 1980 (48),Hull City AFC (24),2-0,?,Reading FC (22)
?,(Sat) 6 Dec 1980 (48),Carlisle United FC (23),4-0,?,Colchester United FC (24)
?,(Sat) 6 Dec 1980 (48),Plymouth Argyle FC (24),3-1,?,Rotherham United FC (24)
?,(Sat) 6 Dec 1980 (48),Chester FC (23),1-0,?,Walsall FC (24)
?,(Sat) 6 Dec 1980 (48),Chesterfield FC (23),3-0,?,Millwall FC (23)
?,(Sat) 6 Dec 1980 (48),Brentford FC (24),1-1,?,Swindon Town FC (23)
?,(Sat) 6 Dec 1980 (48),Sheffield United FC (24),1-0,?,Portsmouth FC (22)
?,(Sat) 6 Dec 1980 (48),Gillingham FC (24),0-1,?,Charlton Athletic FC (23)
?,(Sat) 6 Dec 1980 (48),Blackpool FC (23),0-0,?,Exeter City FC (23)
?,(Sat) 6 Dec 1980 (48),Newport County AFC (22),0-0,?,Barnsley FC (24)
?,(Sat) 6 Dec 1980 (48),Fulham FC (24),2-2,?,Huddersfield Town AFC (24)
?,(Sat) 6 Dec 1980 (48),Oxford United FC (24),0-2,?,Burnley FC (24)
?,(Sat) 13 Dec 1980 (49),Newport County AFC (23),1-1,?,Chester FC (24)
?,(Fri) 19 Dec 1980 (50),Swindon Town FC (24),3-1,?,Walsall FC (25)
?,(Sat) 20 Dec 1980 (50),Barnsley FC (25),2-0,?,Blackpool FC (24)
?,(Sat) 20 Dec 1980 (50),Charlton Athletic FC (24),2-1,?,Carlisle United FC (24)
?,(Sat) 20 Dec 1980 (50),Burnley FC (25),2-1,?,Plymouth Argyle FC (25)
?,(Sat) 20 Dec 1980 (50),Millwall FC (24),2-1,?,Oxford United FC (25)
?,(Sat) 20 Dec 1980 (50),Reading FC (23),0-0,?,Fulham FC (25)
?,(Sat) 20 Dec 1980 (50),Chester FC (25),1-2,?,Gillingham FC (25)
?,(Sat) 20 Dec 1980 (50),Rotherham United FC (25),4-1,?,Brentford FC (25)
?,(Sat) 20 Dec 1980 (50),Colchester United FC (25),1-0,?,Newport County AFC (24)
?,(Sat) 20 Dec 1980 (50),Sheffield United FC (25),3-1,?,Hull City AFC (25)
?,(Sat) 20 Dec 1980 (50),Exeter City FC (24),2-2,?,Chesterfield FC (24)
?,(Sat) 20 Dec 1980 (50),Huddersfield Town AFC (25),0-0,?,Portsmouth FC (23)
?,(Fri) 26 Dec 1980 (51),Gillingham FC (26),1-2,?,Millwall FC (25)
?,(Fri) 26 Dec 1980 (51),Plymouth Argyle FC (26),0-2,?,Exeter City FC (25)
?,(Fri) 26 Dec 1980 (51),Blackpool FC (25),2-3,?,Chester FC (26)
?,(Fri) 26 Dec 1980 (51),Chesterfield FC (25),0-0,?,Barnsley FC (26)
?,(Fri) 26 Dec 1980 (51),Fulham FC (26),2-1,?,Sheffield United FC (26)
?,(Fri) 26 Dec 1980 (51),Newport County AFC (25),0-2,?,Swindon Town FC (25)
?,(Fri) 26 Dec 1980 (51),Carlisle United FC (25),3-2,?,Burnley FC (26)
?,(Fri) 26 Dec 1980 (51),Oxford United FC (26),1-0,?,Charlton Athletic FC (25)
?,(Fri) 26 Dec 1980 (51),Walsall FC (26),2-2,?,Huddersfield Town AFC (26)
?,(Fri) 26 Dec 1980 (51),Brentford FC (26),2-1,?,Colchester United FC (26)
?,(Fri) 26 Dec 1980 (51),Portsmouth FC (24),0-0,?,Reading FC (24)
?,(Fri) 26 Dec 1980 (51),Hull City AFC (26),1-2,?,Rotherham United FC (26)
?,(Sat) 27 Dec 1980 (51),Burnley FC (27),4-1,?,Blackpool FC (26)
?,(Sat) 27 Dec 1980 (51),Charlton Athletic FC (26),1-1,?,Fulham FC (27)
?,(Sat) 27 Dec 1980 (51),Millwall FC (26),0-0,?,Portsmouth FC (25)
?,(Sat) 27 Dec 1980 (51),Sheffield United FC (27),0-0,?,Brentford FC (27)
?,(Sat) 27 Dec 1980 (51),Exeter City FC (26),2-2,?,Newport County AFC (26)
?,(Sat) 27 Dec 1980 (51),Reading FC (25),0-1,?,Oxford United FC (27)
?,(Sat) 27 Dec 1980 (51),Colchester United FC (27),2-1,?,Gillingham FC (27)
?,(Sat) 27 Dec 1980 (51),Huddersfield Town AFC (27),5-0,?,Hull City AFC (27)
?,(Sat) 27 Dec 1980 (51),Rotherham United FC (27),3-0,?,Carlisle United FC (26)
?,(Sat) 27 Dec 1980 (51),Barnsley FC (27),3-0,?,Walsall FC (27)
?,(Sat) 27 Dec 1980 (51),Swindon Town FC (26),3-0,?,Plymouth Argyle FC (27)
?,(Sat) 27 Dec 1980 (51),Chester FC (27),2-1,?,Chesterfield FC (26)
?,(Fri) 2 Jan 1981 (0),Reading FC (26),3-0,?,Chester FC (28)
?,(Sat) 3 Jan 1981 (0),Brentford FC (28),0-0,?,Burnley FC (28)
?,(Sat) 3 Jan 1981 (0),Newport County AFC (27),4-0,?,Sheffield United FC (28)
?,(Sat) 3 Jan 1981 (0),Walsall FC (28),0-0,?,Millwall FC (27)
?,(Sat) 3 Jan 1981 (0),Gillingham FC (28),0-0,?,Rotherham United FC (28)
?,(Sat) 10 Jan 1981 (1),Rotherham United FC (29),0-0,?,Oxford United FC (28)
?,(Sat) 10 Jan 1981 (1),Huddersfield Town AFC (28),4-1,?,Newport County AFC (28)
?,(Sat) 10 Jan 1981 (1),Reading FC (27),3-1,?,Carlisle United FC (27)
?,(Sat) 10 Jan 1981 (1),Barnsley FC (28),2-1,?,Plymouth Argyle FC (28)
?,(Sat) 10 Jan 1981 (1),Charlton Athletic FC (27),3-2,?,Hull City AFC (28)
?,(Sat) 10 Jan 1981 (1),Swindon Town FC (27),0-1,?,Chesterfield FC (27)
?,(Sat) 10 Jan 1981 (1),Portsmouth FC (26),1-0,?,Sheffield United FC (29)
?,(Sat) 10 Jan 1981 (1),Colchester United FC (28),3-2,?,Blackpool FC (27)
?,(Sat) 10 Jan 1981 (1),Exeter City FC (27),0-3,?,Walsall FC (29)
?,(Sat) 10 Jan 1981 (1),Millwall FC (28),3-1,?,Fulham FC (28)
?,(Sat) 10 Jan 1981 (1),Chester FC (29),0-0,?,Brentford FC (29)
?,(Wed) 14 Jan 1981 (2),Exeter City FC (28),2-0,?,Portsmouth FC (27)
?,(Fri) 16 Jan 1981 (2),Newport County AFC (29),0-1,?,Rotherham United FC (30)
?,(Fri) 16 Jan 1981 (2),Fulham FC (29),2-3,?,Barnsley FC (29)
?,(Sat) 17 Jan 1981 (2),Sheffield United FC (30),0-1,?,Gillingham FC (29)
?,(Sat) 17 Jan 1981 (2),Plymouth Argyle FC (29),2-0,?,Millwall FC (29)
?,(Sat) 17 Jan 1981 (2),Chesterfield FC (28),0-1,?,Charlton Athletic FC (28)
?,(Sat) 17 Jan 1981 (2),Walsall FC (30),2-1,?,Chester FC (30)
?,(Sat) 17 Jan 1981 (2),Brentford FC (30),0-0,?,Huddersfield Town AFC (29)
?,(Sat) 17 Jan 1981 (2),Oxford United FC (29),2-1,?,Colchester United FC (29)
?,(Sat) 17 Jan 1981 (2),Blackpool FC (28),0-0,?,Reading FC (28)
?,(Sat) 24 Jan 1981 (3),Huddersfield Town AFC (30),1-0,?,Rotherham United FC (31)
?,(Sat) 24 Jan 1981 (3),Gillingham FC (30),1-0,?,Chesterfield FC (29)
?,(Sat) 24 Jan 1981 (3),Swindon Town FC (28),3-1,?,Reading FC (29)
?,(Sat) 24 Jan 1981 (3),Chester FC (31),0-1,?,Millwall FC (30)
?,(Sat) 24 Jan 1981 (3),Plymouth Argyle FC (30),3-0,?,Oxford United FC (30)
?,(Sat) 24 Jan 1981 (3),Portsmouth FC (28),3-3,?,Blackpool FC (29)
?,(Sat) 24 Jan 1981 (3),Brentford FC (31),4-0,?,Walsall FC (31)
?,(Tue) 27 Jan 1981 (4),Burnley FC (29),1-3,?,Portsmouth FC (29)
?,(Sat) 31 Jan 1981 (4),Barnsley FC (30),3-3,?,Gillingham FC (31)
?,(Sat) 31 Jan 1981 (4),Exeter City FC (29),1-3,?,Hull City AFC (29)
?,(Sat) 31 Jan 1981 (4),Chesterfield FC (30),3-0,?,Burnley FC (30)
?,(Sat) 31 Jan 1981 (4),Blackpool FC (30),1-2,?,Huddersfield Town AFC (31)
?,(Sat) 31 Jan 1981 (4),Carlisle United FC (28),3-0,?,Chester FC (32)
?,(Sat) 31 Jan 1981 (4),Oxford United FC (31),2-0,?,Sheffield United FC (31)
?,(Sat) 31 Jan 1981 (4),Rotherham United FC (32),3-0,?,Portsmouth FC (30)
?,(Sat) 31 Jan 1981 (4),Charlton Athletic FC (29),1-1,?,Plymouth Argyle FC (31)
?,(Sat) 31 Jan 1981 (4),Reading FC (30),0-0,?,Brentford FC (32)
?,(Sat) 31 Jan 1981 (4),Fulham FC (30),2-0,?,Swindon Town FC (29)
?,(Sat) 31 Jan 1981 (4),Walsall FC (32),3-1,?,Colchester United FC (30)
?,(Sat) 31 Jan 1981 (4),Millwall FC (31),0-0,?,Newport County AFC (30)
?,(Tue) 3 Feb 1981 (5),Colchester United FC (31),1-2,?,Exeter City FC (30)
?,(Sat) 7 Feb 1981 (5),Fulham FC (31),1-1,?,Brentford FC (33)
?,(Sat) 7 Feb 1981 (5),Hull City AFC (30),2-1,?,Blackpool FC (31)
?,(Sat) 7 Feb 1981 (5),Chester FC (33),4-0,?,Charlton Athletic FC (30)
?,(Sat) 7 Feb 1981 (5),Sheffield United FC (32),2-0,?,Reading FC (31)
?,(Sat) 7 Feb 1981 (5),Plymouth Argyle FC (32),1-0,?,Chesterfield FC (31)
?,(Sat) 7 Feb 1981 (5),Gillingham FC (32),0-1,?,Carlisle United FC (29)
?,(Sat) 7 Feb 1981 (5),Burnley FC (31),1-0,?,Exeter City FC (31)
?,(Sat) 7 Feb 1981 (5),Rotherham United FC (33),1-0,?,Swindon Town FC (30)
?,(Sat) 7 Feb 1981 (5),Millwall FC (32),3-1,?,Colchester United FC (32)
?,(Sat) 7 Feb 1981 (5),Oxford United FC (32),0-1,?,Newport County AFC (31)
?,(Sat) 7 Feb 1981 (5),Portsmouth FC (31),2-0,?,Walsall FC (33)
?,(Sat) 7 Feb 1981 (5),Huddersfield Town AFC (32),1-0,?,Barnsley FC (31)
?,(Tue) 10 Feb 1981 (6),Carlisle United FC (30),0-0,?,Reading FC (32)
?,(Tue) 10 Feb 1981 (6),Portsmouth FC (32),5-0,?,Exeter City FC (32)
?,(Sat) 14 Feb 1981 (6),Blackpool FC (32),0-2,?,Fulham FC (32)
?,(Sat) 14 Feb 1981 (6),Swindon Town FC (31),5-2,?,Sheffield United FC (33)
?,(Sat) 14 Feb 1981 (6),Walsall FC (34),1-1,?,Hull City AFC (31)
?,(Sat) 14 Feb 1981 (6),Colchester United FC (33),2-1,?,Burnley FC (32)
?,(Sat) 14 Feb 1981 (6),Reading FC (33),2-1,?,Huddersfield Town AFC (33)
?,(Sat) 14 Feb 1981 (6),Brentford FC (34),2-2,?,Portsmouth FC (33)
?,(Sat) 14 Feb 1981 (6),Chesterfield FC (32),2-1,?,Oxford United FC (33)
?,(Sat) 14 Feb 1981 (6),Carlisle United FC (31),2-0,?,Plymouth Argyle FC (33)
?,(Sat) 14 Feb 1981 (6),Newport County AFC (32),1-1,?,Gillingham FC (33)
?,(Tue) 17 Feb 1981 (7),Burnley FC (33),0-1,?,Charlton Athletic FC (31)
?,(Wed) 18 Feb 1981 (7),Reading FC (34),1-1,?,Newport County AFC (33)
?,(Sat) 21 Feb 1981 (7),Plymouth Argyle FC (34),3-2,?,Newport County AFC (34)
?,(Sat) 21 Feb 1981 (7),Fulham FC (33),3-0,?,Portsmouth FC (34)
?,(Sat) 21 Feb 1981 (7),Chesterfield FC (33),1-0,?,Carlisle United FC (32)
?,(Sat) 21 Feb 1981 (7),Charlton Athletic FC (32),1-0,?,Exeter City FC (33)
?,(Sat) 21 Feb 1981 (7),Chester FC (34),0-0,?,Colchester United FC (34)
?,(Sat) 21 Feb 1981 (7),Huddersfield Town AFC (34),0-2,?,Swindon Town FC (32)
?,(Sat) 21 Feb 1981 (7),Blackpool FC (33),1-0,?,Walsall FC (35)
?,(Sat) 21 Feb 1981 (7),Oxford United FC (34),1-1,?,Gillingham FC (34)
?,(Sat) 21 Feb 1981 (7),Hull City AFC (32),0-0,?,Brentford FC (35)
?,(Sat) 21 Feb 1981 (7),Rotherham United FC (34),2-1,?,Sheffield United FC (34)
?,(Sat) 21 Feb 1981 (7),Millwall FC (33),2-2,?,Burnley FC (34)
?,(Sat) 21 Feb 1981 (7),Barnsley FC (32),2-3,?,Reading FC (35)
?,(Sat) 28 Feb 1981 (8),Colchester United FC (35),2-0,?,Charlton Athletic FC (33)
?,(Sat) 28 Feb 1981 (8),Exeter City FC (34),2-0,?,Millwall FC (34)
?,(Sat) 28 Feb 1981 (8),Gillingham FC (35),0-1,?,Plymouth Argyle FC (35)
?,(Sat) 28 Feb 1981 (8),Swindon Town FC (33),2-0,?,Barnsley FC (33)
?,(Sat) 28 Feb 1981 (8),Burnley FC (35),1-0,?,Chester FC (35)
?,(Sat) 28 Feb 1981 (8),Sheffield United FC (35),2-2,?,Huddersfield Town AFC (35)
?,(Sat) 28 Feb 1981 (8),Reading FC (36),1-1,?,Rotherham United FC (35)
?,(Sat) 28 Feb 1981 (8),Carlisle United FC (33),0-0,?,Oxford United FC (35)
?,(Sat) 28 Feb 1981 (8),Newport County AFC (35),5-1,?,Chesterfield FC (34)
?,(Sat) 28 Feb 1981 (8),Brentford FC (36),2-0,?,Blackpool FC (34)
?,(Sat) 28 Feb 1981 (8),Portsmouth FC (35),2-1,?,Hull City AFC (33)
?,(Sun) 1 Mar 1981 (8),Walsall FC (36),1-2,?,Fulham FC (34)
?,(Wed) 4 Mar 1981 (9),Blackpool FC (35),0-0,?,Millwall FC (35)
?,(Sat) 7 Mar 1981 (9),Oxford United FC (36),1-1,?,Hull City AFC (34)
?,(Sat) 7 Mar 1981 (9),Charlton Athletic FC (34),1-1,?,Barnsley FC (34)
?,(Sat) 7 Mar 1981 (9),Chesterfield FC (35),3-0,?,Portsmouth FC (36)
?,(Sat) 7 Mar 1981 (9),Burnley FC (36),3-0,?,Fulham FC (35)
?,(Sat) 7 Mar 1981 (9),Chester FC (36),1-0,?,Swindon Town FC (34)
?,(Sat) 7 Mar 1981 (9),Colchester United FC (36),1-2,?,Huddersfield Town AFC (36)
?,(Sat) 7 Mar 1981 (9),Newport County AFC (36),1-1,?,Brentford FC (37)
?,(Sat) 7 Mar 1981 (9),Carlisle United FC (34),1-1,?,Walsall FC (37)
?,(Sat) 7 Mar 1981 (9),Gillingham FC (36),3-1,?,Blackpool FC (36)
?,(Sun) 8 Mar 1981 (9),Millwall FC (36),2-1,?,Reading FC (37)
?,(Sat) 14 Mar 1981 (10),Fulham FC (36),3-2,?,Gillingham FC (37)
?,(Sat) 14 Mar 1981 (10),Walsall FC (38),0-3,?,Oxford United FC (37)
?,(Sat) 14 Mar 1981 (10),Brentford FC (38),1-1,?,Carlisle United FC (35)
?,(Sat) 14 Mar 1981 (10),Sheffield United FC (36),3-2,?,Charlton Athletic FC (35)
?,(Sat) 14 Mar 1981 (10),Hull City AFC (35),0-0,?,Chesterfield FC (36)
?,(Sat) 14 Mar 1981 (10),Blackpool FC (37),1-0,?,Plymouth Argyle FC (36)
?,(Sat) 14 Mar 1981 (10),Swindon Town FC (35),0-0,?,Millwall FC (37)
?,(Sat) 14 Mar 1981 (10),Portsmouth FC (37),0-0,?,Newport County AFC (37)
?,(Tue) 17 Mar 1981 (11),Hull City AFC (36),0-1,?,Colchester United FC (37)
?,(Tue) 17 Mar 1981 (11),Carlisle United FC (36),2-1,?,Swindon Town FC (36)
?,(Tue) 17 Mar 1981 (11),Charlton Athletic FC (36),0-0,?,Millwall FC (38)
?,(Tue) 17 Mar 1981 (11),Plymouth Argyle FC (37),0-0,?,Huddersfield Town AFC (37)
?,(Tue) 17 Mar 1981 (11),Fulham FC (37),0-1,?,Chester FC (37)
?,(Wed) 18 Mar 1981 (11),Exeter City FC (35),2-1,?,Rotherham United FC (36)
?,(Sat) 21 Mar 1981 (11),Plymouth Argyle FC (38),1-0,?,Portsmouth FC (38)
?,(Sat) 21 Mar 1981 (11),Millwall FC (39),1-1,?,Barnsley FC (35)
?,(Sat) 21 Mar 1981 (11),Gillingham FC (38),2-0,?,Brentford FC (39)
?,(Sat) 21 Mar 1981 (11),Chesterfield FC (37),3-2,?,Blackpool FC (38)
?,(Sat) 21 Mar 1981 (11),Charlton Athletic FC (37),0-0,?,Swindon Town FC (37)
?,(Sat) 21 Mar 1981 (11),Chester FC (38),0-1,?,Rotherham United FC (37)
?,(Sat) 21 Mar 1981 (11),Oxford United FC (38),2-0,?,Fulham FC (38)
?,(Sat) 21 Mar 1981 (11),Carlisle United FC (37),2-0,?,Hull City AFC (37)
?,(Sat) 21 Mar 1981 (11),Exeter City FC (36),1-1,?,Sheffield United FC (37)
?,(Sun) 22 Mar 1981 (11),Colchester United FC (38),1-2,?,Reading FC (38)
?,(Tue) 24 Mar 1981 (12),Oxford United FC (39),1-1,?,Barnsley FC (36)
?,(Wed) 25 Mar 1981 (12),Blackpool FC (39),0-2,?,Charlton Athletic FC (38)
?,(Sat) 28 Mar 1981 (12),Hull City AFC (38),2-2,?,Gillingham FC (39)
?,(Sat) 28 Mar 1981 (12),Fulham FC (39),2-1,?,Newport County AFC (38)
?,(Sat) 28 Mar 1981 (12),Swindon Town FC (38),2-2,?,Exeter City FC (37)
?,(Sat) 28 Mar 1981 (12),Blackpool FC (40),0-1,?,Carlisle United FC (38)
?,(Sat) 28 Mar 1981 (12),Brentford FC (40),0-1,?,Plymouth Argyle FC (39)
?,(Sat) 28 Mar 1981 (12),Walsall FC (39),4-3,?,Chesterfield FC (38)
?,(Sat) 28 Mar 1981 (12),Barnsley FC (37),3-2,?,Burnley FC (37)
?,(Sat) 28 Mar 1981 (12),Sheffield United FC (38),2-3,?,Millwall FC (40)
?,(Sat) 28 Mar 1981 (12),Reading FC (39),1-3,?,Charlton Athletic FC (39)
?,(Sat) 28 Mar 1981 (12),Rotherham United FC (38),2-0,?,Colchester United FC (39)
?,(Sat) 28 Mar 1981 (12),Huddersfield Town AFC (38),0-0,?,Chester FC (39)
?,(Sun) 29 Mar 1981 (12),Portsmouth FC (39),1-1,?,Oxford United FC (40)
?,(Tue) 31 Mar 1981 (13),Carlisle United FC (39),1-1,?,Exeter City FC (38)
?,(Tue) 31 Mar 1981 (13),Rotherham United FC (39),1-0,?,Burnley FC (38)
?,(Tue) 31 Mar 1981 (13),Sheffield United FC (39),1-1,?,Barnsley FC (38)
?,(Fri) 3 Apr 1981 (13),Gillingham FC (40),1-0,?,Walsall FC (40)
?,(Sat) 4 Apr 1981 (13),Newport County AFC (39),3-1,?,Blackpool FC (41)
?,(Sat) 4 Apr 1981 (13),Exeter City FC (39),3-1,?,Reading FC (40)
?,(Sat) 4 Apr 1981 (13),Charlton Athletic FC (40),1-2,?,Huddersfield Town AFC (39)
?,(Sat) 4 Apr 1981 (13),Burnley FC (39),0-0,?,Swindon Town FC (39)
?,(Sat) 4 Apr 1981 (13),Plymouth Argyle FC (40),0-0,?,Hull City AFC (39)
?,(Sat) 4 Apr 1981 (13),Carlisle United FC (40),0-0,?,Portsmouth FC (40)
?,(Sat) 4 Apr 1981 (13),Millwall FC (41),0-1,?,Rotherham United FC (40)
?,(Sat) 4 Apr 1981 (13),Chesterfield FC (39),0-0,?,Fulham FC (40)
?,(Sat) 4 Apr 1981 (13),Colchester United FC (40),1-1,?,Sheffield United FC (40)
?,(Sat) 4 Apr 1981 (13),Oxford United FC (41),1-1,?,Brentford FC (41)
?,(Sat) 4 Apr 1981 (13),Chester FC (40),2-2,?,Barnsley FC (39)
?,(Tue) 7 Apr 1981 (14),Newport County AFC (40),1-1,?,Walsall FC (41)
?,(Tue) 7 Apr 1981 (14),Gillingham FC (41),0-0,?,Burnley FC (40)
?,(Tue) 7 Apr 1981 (14),Huddersfield Town AFC (40),5-0,?,Exeter City FC (40)
?,(Tue) 7 Apr 1981 (14),Chesterfield FC (40),2-2,?,Swindon Town FC (40)
?,(Tue) 7 Apr 1981 (14),Sheffield United FC (41),2-0,?,Chester FC (41)
?,(Tue) 7 Apr 1981 (14),Barnsley FC (40),3-0,?,Colchester United FC (41)
?,(Tue) 7 Apr 1981 (14),Hull City AFC (40),0-1,?,Fulham FC (41)
?,(Fri) 10 Apr 1981 (14),Barnsley FC (41),1-0,?,Exeter City FC (41)
?,(Sat) 11 Apr 1981 (14),Walsall FC (42),1-3,?,Plymouth Argyle FC (41)
?,(Sat) 11 Apr 1981 (14),Swindon Town FC (41),3-0,?,Colchester United FC (42)
?,(Sat) 11 Apr 1981 (14),Brentford FC (42),3-2,?,Chesterfield FC (41)
?,(Sat) 11 Apr 1981 (14),Portsmouth FC (41),0-0,?,Gillingham FC (42)
?,(Sat) 11 Apr 1981 (14),Rotherham United FC (41),3-0,?,Charlton Athletic FC (41)
?,(Sat) 11 Apr 1981 (14),Fulham FC (42),2-3,?,Carlisle United FC (41)
?,(Sat) 11 Apr 1981 (14),Huddersfield Town AFC (41),0-1,?,Millwall FC (42)
?,(Sat) 11 Apr 1981 (14),Reading FC (41),1-3,?,Burnley FC (41)
?,(Sun) 12 Apr 1981 (14),Blackpool FC (42),1-1,?,Oxford United FC (42)
?,(Tue) 14 Apr 1981 (15),Burnley FC (42),4-2,?,Huddersfield Town AFC (42)
?,(Tue) 14 Apr 1981 (15),Plymouth Argyle FC (42),1-0,?,Sheffield United FC (42)
?,(Tue) 14 Apr 1981 (15),Charlton Athletic FC (42),1-2,?,Portsmouth FC (42)
?,(Tue) 14 Apr 1981 (15),Hull City AFC (41),0-0,?,Swindon Town FC (42)
?,(Fri) 17 Apr 1981 (15),Chester FC (42),2-1,?,Blackpool FC (43)
?,(Sat) 18 Apr 1981 (15),Plymouth Argyle FC (43),0-0,?,Swindon Town FC (43)
?,(Sat) 18 Apr 1981 (15),Blackpool FC (44),0-0,?,Burnley FC (43)
?,(Sat) 18 Apr 1981 (15),Walsall FC (43),1-1,?,Barnsley FC (42)
?,(Sat) 18 Apr 1981 (15),Fulham FC (43),1-0,?,Charlton Athletic FC (43)
?,(Sat) 18 Apr 1981 (15),Newport County AFC (41),2-1,?,Exeter City FC (42)
?,(Sat) 18 Apr 1981 (15),Hull City AFC (42),2-1,?,Huddersfield Town AFC (43)
?,(Sat) 18 Apr 1981 (15),Chesterfield FC (42),2-0,?,Chester FC (43)
?,(Sat) 18 Apr 1981 (15),Brentford FC (43),1-1,?,Sheffield United FC (43)
?,(Sat) 18 Apr 1981 (15),Gillingham FC (43),0-0,?,Colchester United FC (43)
?,(Sat) 18 Apr 1981 (15),Oxford United FC (43),2-1,?,Reading FC (42)
?,(Sat) 18 Apr 1981 (15),Portsmouth FC (43),2-1,?,Millwall FC (43)
?,(Sat) 18 Apr 1981 (15),Carlisle United FC (42),0-1,?,Rotherham United FC (42)
?,(Mon) 20 Apr 1981 (16),Colchester United FC (44),0-2,?,Brentford FC (44)
?,(Mon) 20 Apr 1981 (16),Swindon Town FC (44),1-1,?,Newport County AFC (42)
?,(Mon) 20 Apr 1981 (16),Millwall FC (44),0-0,?,Gillingham FC (44)
?,(Mon) 20 Apr 1981 (16),Barnsley FC (43),1-1,?,Chesterfield FC (43)
?,(Mon) 20 Apr 1981 (16),Rotherham United FC (43),1-1,?,Hull City AFC (43)
?,(Mon) 20 Apr 1981 (16),Reading FC (43),2-1,?,Portsmouth FC (44)
?,(Tue) 21 Apr 1981 (16),Huddersfield Town AFC (44),1-1,?,Walsall FC (44)
?,(Tue) 21 Apr 1981 (16),Sheffield United FC (44),1-2,?,Fulham FC (44)
?,(Tue) 21 Apr 1981 (16),Burnley FC (44),0-3,?,Carlisle United FC (43)
?,(Tue) 21 Apr 1981 (16),Charlton Athletic FC (44),0-0,?,Oxford United FC (44)
?,(Tue) 21 Apr 1981 (16),Exeter City FC (43),1-1,?,Plymouth Argyle FC (44)
?,(Sat) 25 Apr 1981 (16),Newport County AFC (43),1-0,?,Colchester United FC (45)
?,(Sat) 25 Apr 1981 (16),Fulham FC (45),1-2,?,Reading FC (44)
?,(Sat) 25 Apr 1981 (16),Portsmouth FC (45),1-2,?,Huddersfield Town AFC (45)
?,(Sat) 25 Apr 1981 (16),Hull City AFC (44),1-1,?,Sheffield United FC (45)
?,(Sat) 25 Apr 1981 (16),Carlisle United FC (44),1-2,?,Charlton Athletic FC (45)
?,(Sat) 25 Apr 1981 (16),Plymouth Argyle FC (45),2-1,?,Burnley FC (45)
?,(Sat) 25 Apr 1981 (16),Gillingham FC (45),2-1,?,Chester FC (44)
?,(Sat) 25 Apr 1981 (16),Brentford FC (45),2-1,?,Rotherham United FC (44)
?,(Sat) 25 Apr 1981 (16),Blackpool FC (45),1-0,?,Barnsley FC (44)
?,(Sat) 25 Apr 1981 (16),Walsall FC (45),2-1,?,Swindon Town FC (45)
?,(Tue) 28 Apr 1981 (17),Barnsley FC (45),1-0,?,Rotherham United FC (45)
?,(Wed) 29 Apr 1981 (17),Exeter City FC (44),2-2,?,Chester FC (45)
?,(Wed) 29 Apr 1981 (17),Oxford United FC (45),1-0,?,Millwall FC (45)
?,(Sat) 2 May 1981 (17),Barnsley FC (46),4-1,?,Newport County AFC (44)
?,(Sat) 2 May 1981 (17),Millwall FC (46),0-2,?,Chesterfield FC (44)
?,(Sat) 2 May 1981 (17),Exeter City FC (45),0-0,?,Blackpool FC (46)
?,(Sat) 2 May 1981 (17),Colchester United FC (46),1-0,?,Carlisle United FC (45)
?,(Sat) 2 May 1981 (17),Burnley FC (46),1-1,?,Oxford United FC (46)
?,(Sat) 2 May 1981 (17),Reading FC (45),2-0,?,Hull City AFC (45)
?,(Sat) 2 May 1981 (17),Rotherham United FC (46),2-1,?,Plymouth Argyle FC (46)
?,(Sat) 2 May 1981 (17),Chester FC (46),0-1,?,Portsmouth FC (46)
?,(Sat) 2 May 1981 (17),Charlton Athletic FC (46),2-1,?,Gillingham FC (46)
?,(Sat) 2 May 1981 (17),Huddersfield Town AFC (46),4-2,?,Fulham FC (46)
?,(Sat) 2 May 1981 (17),Sheffield United FC (46),0-1,?,Walsall FC (46)
?,(Sat) 2 May 1981 (17),Swindon Town FC (46),0-0,?,Brentford FC (46)
?,(Tue) 5 May 1981 (18),Newport County AFC (45),4-0,?,Carlisle United FC (46)
?,(Tue) 5 May 1981 (18),Chesterfield FC (45),3-2,?,Reading FC (46)
?,(Thu) 7 May 1981 (18),Hull City AFC (46),3-1,?,Newport County AFC (46)
?,(Fri) 8 May 1981 (18),Chesterfield FC (46),1-0,?,Exeter City FC (46)
