Round,Date,Team 1,FT,HT,Team 2
?,(Sat) 17 Aug 1991 (32),West Bromwich Albion FC (1),6-3,?,Exeter City FC (1)
?,(Sat) 17 Aug 1991 (32),Bolton Wanderers FC (1),1-1,?,Huddersfield Town AFC (1)
?,(Sat) 17 Aug 1991 (32),Reading FC (1),0-1,?,Hull City AFC (1)
?,(Sat) 17 Aug 1991 (32),Brentford FC (1),4-3,?,Leyton Orient FC (1)
?,(Sat) 17 Aug 1991 (32),Stockport County FC (1),5-0,?,Swansea City AFC (1)
?,(Sat) 17 Aug 1991 (32),Chester FC (1),2-0,?,Fulham FC (1)
?,(Sat) 17 Aug 1991 (32),AFC Bournemouth (1),1-2,?,Darlington FC (1)
?,(Sat) 17 Aug 1991 (32),Peterborough United FC (1),1-0,?,Preston North End FC (1)
?,(Sat) 17 Aug 1991 (32),Bradford City AFC (1),1-0,?,Stoke City FC (1)
?,(Sat) 17 Aug 1991 (32),Torquay United FC (1),3-1,?,Hartlepool United FC (1)
?,(Sat) 17 Aug 1991 (32),Birmingham City FC (1),3-2,?,Bury FC (1)
?,(Sun) 18 Aug 1991 (32),Shrewsbury Town FC (1),1-0,?,Wigan Athletic FC (1)
?,(Fri) 23 Aug 1991 (33),Wigan Athletic FC (2),2-1,?,Chester FC (2)
?,(Sat) 24 Aug 1991 (33),Bury FC (2),0-0,?,Shrewsbury Town FC (2)
?,(Sat) 24 Aug 1991 (33),Darlington FC (2),0-1,?,West Bromwich Albion FC (2)
?,(Sat) 24 Aug 1991 (33),Leyton Orient FC (2),3-3,?,Stockport County FC (2)
?,(Sat) 24 Aug 1991 (33),Exeter City FC (2),1-2,?,Brentford FC (2)
?,(Sat) 24 Aug 1991 (33),Swansea City AFC (2),1-1,?,Bolton Wanderers FC (2)
?,(Sat) 24 Aug 1991 (33),Stoke City FC (2),1-1,?,AFC Bournemouth (2)
?,(Sat) 24 Aug 1991 (33),Hull City AFC (2),1-2,?,Peterborough United FC (2)
?,(Sat) 24 Aug 1991 (33),Fulham FC (2),0-1,?,Birmingham City FC (2)
?,(Sat) 24 Aug 1991 (33),Hartlepool United FC (2),2-0,?,Reading FC (2)
?,(Sat) 24 Aug 1991 (33),Preston North End FC (2),3-0,?,Torquay United FC (2)
?,(Sun) 25 Aug 1991 (33),Huddersfield Town AFC (2),1-0,?,Bradford City AFC (2)
?,(Fri) 30 Aug 1991 (34),Stockport County FC (3),2-0,?,Preston North End FC (3)
?,(Sat) 31 Aug 1991 (34),Birmingham City FC (3),1-0,?,Darlington FC (3)
?,(Sat) 31 Aug 1991 (34),West Bromwich Albion FC (3),1-1,?,Wigan Athletic FC (3)
?,(Sat) 31 Aug 1991 (34),AFC Bournemouth (3),0-0,?,Hull City AFC (3)
?,(Sat) 31 Aug 1991 (34),Bradford City AFC (3),1-1,?,Hartlepool United FC (3)
?,(Sat) 31 Aug 1991 (34),Reading FC (3),3-2,?,Bury FC (3)
?,(Sat) 31 Aug 1991 (34),Brentford FC (3),2-3,?,Huddersfield Town AFC (3)
?,(Sat) 31 Aug 1991 (34),Shrewsbury Town FC (3),6-1,?,Exeter City FC (3)
?,(Sat) 31 Aug 1991 (34),Bolton Wanderers FC (3),1-0,?,Leyton Orient FC (3)
?,(Sat) 31 Aug 1991 (34),Chester FC (3),2-0,?,Swansea City AFC (3)
?,(Sat) 31 Aug 1991 (34),Peterborough United FC (3),1-1,?,Stoke City FC (3)
?,(Sat) 31 Aug 1991 (34),Torquay United FC (3),0-1,?,Fulham FC (3)
?,(Tue) 3 Sep 1991 (35),Bury FC (4),3-0,?,Peterborough United FC (4)
?,(Tue) 3 Sep 1991 (35),Preston North End FC (4),2-2,?,AFC Bournemouth (4)
?,(Tue) 3 Sep 1991 (35),Darlington FC (4),3-2,?,Bolton Wanderers FC (4)
?,(Tue) 3 Sep 1991 (35),Leyton Orient FC (4),1-1,?,Bradford City AFC (4)
?,(Tue) 3 Sep 1991 (35),Hartlepool United FC (4),1-0,?,Brentford FC (4)
?,(Tue) 3 Sep 1991 (35),Fulham FC (4),0-0,?,West Bromwich Albion FC (4)
?,(Tue) 3 Sep 1991 (35),Wigan Athletic FC (4),1-3,?,Stockport County FC (4)
?,(Tue) 3 Sep 1991 (35),Swansea City AFC (4),1-2,?,Reading FC (4)
?,(Tue) 3 Sep 1991 (35),Hull City AFC (4),1-2,?,Birmingham City FC (4)
?,(Wed) 4 Sep 1991 (35),Huddersfield Town AFC (4),2-0,?,Chester FC (4)
?,(Wed) 4 Sep 1991 (35),Stoke City FC (4),1-0,?,Shrewsbury Town FC (4)
?,(Wed) 4 Sep 1991 (35),Exeter City FC (4),1-0,?,Torquay United FC (4)
?,(Fri) 6 Sep 1991 (35),Stockport County FC (5),2-1,?,Torquay United FC (5)
?,(Sat) 7 Sep 1991 (35),Hull City AFC (5),0-1,?,Bury FC (5)
?,(Sat) 7 Sep 1991 (35),Huddersfield Town AFC (5),0-0,?,Exeter City FC (5)
?,(Sat) 7 Sep 1991 (35),Chester FC (5),0-1,?,AFC Bournemouth (5)
?,(Sat) 7 Sep 1991 (35),Hartlepool United FC (5),2-3,?,Leyton Orient FC (5)
?,(Sat) 7 Sep 1991 (35),Bolton Wanderers FC (5),3-0,?,West Bromwich Albion FC (5)
?,(Sat) 7 Sep 1991 (35),Darlington FC (5),0-1,?,Stoke City FC (5)
?,(Sat) 7 Sep 1991 (35),Peterborough United FC (5),0-0,?,Wigan Athletic FC (5)
?,(Sat) 7 Sep 1991 (35),Reading FC (5),1-1,?,Birmingham City FC (5)
?,(Sat) 7 Sep 1991 (35),Shrewsbury Town FC (5),1-0,?,Brentford FC (5)
?,(Sat) 7 Sep 1991 (35),Preston North End FC (5),1-1,?,Bradford City AFC (5)
?,(Sat) 7 Sep 1991 (35),Fulham FC (5),3-0,?,Swansea City AFC (5)
?,(Sat) 14 Sep 1991 (36),Wigan Athletic FC (6),0-1,?,Hull City AFC (6)
?,(Sat) 14 Sep 1991 (36),Brentford FC (6),1-0,?,Reading FC (6)
?,(Sat) 14 Sep 1991 (36),Swansea City AFC (6),2-2,?,Preston North End FC (6)
?,(Sat) 14 Sep 1991 (36),Stoke City FC (6),2-2,?,Fulham FC (6)
?,(Sat) 14 Sep 1991 (36),Exeter City FC (6),1-1,?,Hartlepool United FC (6)
?,(Sat) 14 Sep 1991 (36),Bury FC (6),4-4,?,Huddersfield Town AFC (6)
?,(Sat) 14 Sep 1991 (36),Bradford City AFC (6),1-1,?,Chester FC (6)
?,(Sat) 14 Sep 1991 (36),AFC Bournemouth (6),1-2,?,Bolton Wanderers FC (6)
?,(Sat) 14 Sep 1991 (36),Birmingham City FC (6),1-1,?,Peterborough United FC (6)
?,(Sat) 14 Sep 1991 (36),Leyton Orient FC (6),2-1,?,Darlington FC (6)
?,(Sat) 14 Sep 1991 (36),Torquay United FC (6),1-2,?,Shrewsbury Town FC (6)
?,(Sat) 14 Sep 1991 (36),West Bromwich Albion FC (6),1-0,?,Stockport County FC (6)
?,(Tue) 17 Sep 1991 (37),Bradford City AFC (7),4-4,?,Bolton Wanderers FC (7)
?,(Tue) 17 Sep 1991 (37),Wigan Athletic FC (7),1-3,?,Huddersfield Town AFC (7)
?,(Tue) 17 Sep 1991 (37),Bury FC (7),3-1,?,Fulham FC (7)
?,(Tue) 17 Sep 1991 (37),Brentford FC (7),4-1,?,Hull City AFC (7)
?,(Tue) 17 Sep 1991 (37),Exeter City FC (7),2-1,?,Stockport County FC (7)
?,(Tue) 17 Sep 1991 (37),West Bromwich Albion FC (7),4-0,?,Peterborough United FC (7)
?,(Tue) 17 Sep 1991 (37),Birmingham City FC (7),3-2,?,Chester FC (7)
?,(Tue) 17 Sep 1991 (37),Torquay United FC (7),1-2,?,Reading FC (7)
?,(Tue) 17 Sep 1991 (37),Stoke City FC (7),3-2,?,Hartlepool United FC (7)
?,(Tue) 17 Sep 1991 (37),Leyton Orient FC (7),0-0,?,Preston North End FC (7)
?,(Tue) 17 Sep 1991 (37),AFC Bournemouth (7),1-0,?,Shrewsbury Town FC (7)
?,(Sat) 21 Sep 1991 (37),Stockport County FC (8),2-0,?,Bury FC (8)
?,(Sat) 21 Sep 1991 (37),Preston North End FC (8),2-2,?,Stoke City FC (8)
?,(Sat) 21 Sep 1991 (37),Fulham FC (8),2-1,?,Leyton Orient FC (8)
?,(Sat) 21 Sep 1991 (37),Hull City AFC (8),4-1,?,Torquay United FC (8)
?,(Sat) 21 Sep 1991 (37),Chester FC (8),1-2,?,West Bromwich Albion FC (8)
?,(Sat) 21 Sep 1991 (37),Shrewsbury Town FC (8),0-0,?,Swansea City AFC (7)
?,(Sat) 21 Sep 1991 (37),Huddersfield Town AFC (8),0-0,?,AFC Bournemouth (8)
?,(Sat) 21 Sep 1991 (37),Reading FC (8),1-2,?,Bradford City AFC (8)
?,(Sat) 21 Sep 1991 (37),Bolton Wanderers FC (8),1-1,?,Wigan Athletic FC (8)
?,(Sat) 21 Sep 1991 (37),Hartlepool United FC (8),1-0,?,Birmingham City FC (8)
?,(Sat) 21 Sep 1991 (37),Darlington FC (7),1-2,?,Brentford FC (8)
?,(Sat) 21 Sep 1991 (37),Peterborough United FC (8),1-1,?,Exeter City FC (8)
?,(Fri) 27 Sep 1991 (38),AFC Bournemouth (9),0-0,?,Fulham FC (9)
?,(Sat) 28 Sep 1991 (38),Stoke City FC (9),2-2,?,Stockport County FC (9)
?,(Sat) 28 Sep 1991 (38),Torquay United FC (9),3-2,?,Chester FC (9)
?,(Sat) 28 Sep 1991 (38),Exeter City FC (9),2-1,?,Reading FC (9)
?,(Sat) 28 Sep 1991 (38),West Bromwich Albion FC (9),1-0,?,Hull City AFC (9)
?,(Sat) 28 Sep 1991 (38),Birmingham City FC (9),3-1,?,Preston North End FC (9)
?,(Sat) 28 Sep 1991 (38),Bury FC (9),1-1,?,Hartlepool United FC (9)
?,(Sat) 28 Sep 1991 (38),Brentford FC (9),3-2,?,Bolton Wanderers FC (9)
?,(Sat) 28 Sep 1991 (38),Bradford City AFC (9),3-0,?,Shrewsbury Town FC (9)
?,(Sat) 28 Sep 1991 (38),Leyton Orient FC (9),1-0,?,Huddersfield Town AFC (9)
?,(Sat) 28 Sep 1991 (38),Swansea City AFC (8),1-0,?,Peterborough United FC (9)
?,(Sat) 28 Sep 1991 (38),Wigan Athletic FC (9),1-2,?,Darlington FC (8)
?,(Tue) 1 Oct 1991 (39),Preston North End FC (10),2-0,?,West Bromwich Albion FC (10)
?,(Sat) 5 Oct 1991 (39),Fulham FC (10),0-1,?,Brentford FC (10)
?,(Sat) 5 Oct 1991 (39),Stockport County FC (10),4-1,?,Bradford City AFC (10)
?,(Sat) 5 Oct 1991 (39),Bolton Wanderers FC (10),1-0,?,Torquay United FC (10)
?,(Sat) 5 Oct 1991 (39),Huddersfield Town AFC (10),1-0,?,Swansea City AFC (9)
?,(Sat) 5 Oct 1991 (39),Shrewsbury Town FC (10),1-1,?,Birmingham City FC (10)
?,(Sat) 5 Oct 1991 (39),Reading FC (10),0-0,?,AFC Bournemouth (10)
?,(Sat) 5 Oct 1991 (39),Chester FC (10),0-0,?,Stoke City FC (10)
?,(Sat) 5 Oct 1991 (39),Hull City AFC (10),1-2,?,Exeter City FC (10)
?,(Sat) 5 Oct 1991 (39),Peterborough United FC (10),0-2,?,Leyton Orient FC (10)
?,(Sat) 5 Oct 1991 (39),Darlington FC (9),0-2,?,Bury FC (10)
?,(Sat) 5 Oct 1991 (39),Hartlepool United FC (10),4-3,?,Wigan Athletic FC (10)
?,(Fri) 11 Oct 1991 (40),Swansea City AFC (10),0-0,?,Hull City AFC (11)
?,(Fri) 11 Oct 1991 (40),Wigan Athletic FC (11),1-1,?,Reading FC (11)
?,(Sat) 12 Oct 1991 (40),Birmingham City FC (11),3-0,?,Stockport County FC (11)
?,(Sat) 12 Oct 1991 (40),Exeter City FC (11),4-1,?,Darlington FC (10)
?,(Sat) 12 Oct 1991 (40),Stoke City FC (11),2-0,?,Bolton Wanderers FC (11)
?,(Sat) 12 Oct 1991 (40),AFC Bournemouth (11),2-0,?,Hartlepool United FC (11)
?,(Sat) 12 Oct 1991 (40),Bradford City AFC (11),3-4,?,Fulham FC (11)
?,(Sat) 12 Oct 1991 (40),Leyton Orient FC (11),1-0,?,Chester FC (11)
?,(Sat) 12 Oct 1991 (40),Brentford FC (11),2-1,?,Peterborough United FC (11)
?,(Sat) 12 Oct 1991 (40),West Bromwich Albion FC (11),2-0,?,Shrewsbury Town FC (11)
?,(Sat) 12 Oct 1991 (40),Bury FC (11),2-3,?,Preston North End FC (11)
?,(Sat) 12 Oct 1991 (40),Torquay United FC (11),0-1,?,Huddersfield Town AFC (11)
?,(Fri) 18 Oct 1991 (41),Stockport County FC (12),0-4,?,Chester FC (12)
?,(Sat) 19 Oct 1991 (41),Reading FC (12),1-1,?,Peterborough United FC (12)
?,(Sat) 19 Oct 1991 (41),Birmingham City FC (12),3-3,?,Wigan Athletic FC (12)
?,(Sat) 19 Oct 1991 (41),Swansea City AFC (11),2-1,?,Stoke City FC (12)
?,(Sat) 19 Oct 1991 (41),Bradford City AFC (12),2-0,?,Torquay United FC (12)
?,(Sat) 19 Oct 1991 (41),Leyton Orient FC (12),1-1,?,AFC Bournemouth (12)
?,(Sat) 19 Oct 1991 (41),Bolton Wanderers FC (12),0-3,?,Fulham FC (12)
?,(Sat) 19 Oct 1991 (41),Preston North End FC (12),1-0,?,Huddersfield Town AFC (12)
?,(Sat) 19 Oct 1991 (41),Brentford FC (12),1-2,?,West Bromwich Albion FC (12)
?,(Sat) 19 Oct 1991 (41),Hartlepool United FC (12),2-3,?,Hull City AFC (12)
?,(Sat) 19 Oct 1991 (41),Darlington FC (11),3-3,?,Shrewsbury Town FC (12)
?,(Sat) 19 Oct 1991 (41),Exeter City FC (12),5-2,?,Bury FC (12)
?,(Fri) 25 Oct 1991 (42),Huddersfield Town AFC (13),0-1,?,Stockport County FC (13)
?,(Sat) 26 Oct 1991 (42),Bury FC (13),0-3,?,Brentford FC (13)
?,(Sat) 26 Oct 1991 (42),AFC Bournemouth (13),1-3,?,Bradford City AFC (13)
?,(Sat) 26 Oct 1991 (42),Fulham FC (13),1-0,?,Preston North End FC (13)
?,(Sat) 26 Oct 1991 (42),Torquay United FC (13),1-0,?,Swansea City AFC (12)
?,(Sat) 26 Oct 1991 (42),Peterborough United FC (13),3-2,?,Hartlepool United FC (13)
?,(Sat) 26 Oct 1991 (42),Shrewsbury Town FC (13),1-2,?,Reading FC (13)
?,(Sat) 26 Oct 1991 (42),Hull City AFC (13),5-2,?,Darlington FC (12)
?,(Sat) 26 Oct 1991 (42),Stoke City FC (13),2-0,?,Leyton Orient FC (13)
?,(Sat) 26 Oct 1991 (42),West Bromwich Albion FC (13),0-1,?,Birmingham City FC (13)
?,(Sat) 26 Oct 1991 (42),Chester FC (13),0-1,?,Bolton Wanderers FC (13)
?,(Sat) 26 Oct 1991 (42),Wigan Athletic FC (13),4-1,?,Exeter City FC (13)
?,(Fri) 1 Nov 1991 (43),Wigan Athletic FC (14),1-0,?,Swansea City AFC (13)
?,(Fri) 1 Nov 1991 (43),AFC Bournemouth (14),1-0,?,Stockport County FC (14)
?,(Sat) 2 Nov 1991 (43),Stoke City FC (14),0-2,?,Huddersfield Town AFC (14)
?,(Sat) 2 Nov 1991 (43),West Bromwich Albion FC (14),1-1,?,Bury FC (14)
?,(Sat) 2 Nov 1991 (43),Chester FC (14),3-2,?,Preston North End FC (14)
?,(Sat) 2 Nov 1991 (43),Fulham FC (14),0-0,?,Hull City AFC (14)
?,(Sat) 2 Nov 1991 (43),Darlington FC (13),4-0,?,Hartlepool United FC (14)
?,(Sat) 2 Nov 1991 (43),Birmingham City FC (14),3-0,?,Torquay United FC (14)
?,(Sat) 2 Nov 1991 (43),Shrewsbury Town FC (14),2-0,?,Peterborough United FC (14)
?,(Sat) 2 Nov 1991 (43),Leyton Orient FC (14),1-0,?,Exeter City FC (14)
?,(Sat) 2 Nov 1991 (43),Bolton Wanderers FC (14),1-1,?,Reading FC (14)
?,(Sat) 2 Nov 1991 (43),Bradford City AFC (14),0-1,?,Brentford FC (14)
?,(Tue) 5 Nov 1991 (44),Swansea City AFC (14),2-2,?,Leyton Orient FC (15)
?,(Tue) 5 Nov 1991 (44),Hartlepool United FC (15),0-0,?,West Bromwich Albion FC (15)
?,(Tue) 5 Nov 1991 (44),Preston North End FC (15),3-0,?,Wigan Athletic FC (15)
?,(Tue) 5 Nov 1991 (44),Stockport County FC (15),2-2,?,Bolton Wanderers FC (15)
?,(Tue) 5 Nov 1991 (44),Hull City AFC (15),4-0,?,Shrewsbury Town FC (15)
?,(Tue) 5 Nov 1991 (44),Peterborough United FC (15),2-0,?,Chester FC (15)
?,(Tue) 5 Nov 1991 (44),Bury FC (15),1-3,?,Stoke City FC (15)
?,(Tue) 5 Nov 1991 (44),Reading FC (15),2-2,?,Darlington FC (14)
?,(Wed) 6 Nov 1991 (44),Huddersfield Town AFC (15),3-1,?,Fulham FC (15)
?,(Wed) 6 Nov 1991 (44),Exeter City FC (15),1-0,?,Bradford City AFC (15)
?,(Wed) 6 Nov 1991 (44),Brentford FC (15),2-2,?,Birmingham City FC (15)
?,(Wed) 6 Nov 1991 (44),Torquay United FC (15),1-0,?,AFC Bournemouth (15)
?,(Fri) 8 Nov 1991 (44),Swansea City AFC (15),3-1,?,AFC Bournemouth (16)
?,(Sat) 9 Nov 1991 (44),Preston North End FC (16),2-1,?,Darlington FC (15)
?,(Sat) 9 Nov 1991 (44),Bury FC (16),1-1,?,Bolton Wanderers FC (16)
?,(Sat) 9 Nov 1991 (44),Huddersfield Town AFC (16),3-2,?,Birmingham City FC (16)
?,(Sat) 9 Nov 1991 (44),Reading FC (16),1-2,?,West Bromwich Albion FC (16)
?,(Sat) 9 Nov 1991 (44),Peterborough United FC (16),2-1,?,Bradford City AFC (16)
?,(Sat) 9 Nov 1991 (44),Torquay United FC (16),1-0,?,Leyton Orient FC (16)
?,(Sat) 9 Nov 1991 (44),Brentford FC (16),4-0,?,Wigan Athletic FC (16)
?,(Sat) 9 Nov 1991 (44),Hartlepool United FC (16),2-0,?,Fulham FC (16)
?,(Sat) 9 Nov 1991 (44),Hull City AFC (16),1-0,?,Chester FC (16)
?,(Sat) 9 Nov 1991 (44),Exeter City FC (16),0-0,?,Stoke City FC (16)
?,(Fri) 22 Nov 1991 (46),Wigan Athletic FC (17),2-0,?,Bury FC (17)
?,(Fri) 22 Nov 1991 (46),AFC Bournemouth (17),0-0,?,Brentford FC (17)
?,(Sat) 23 Nov 1991 (46),Birmingham City FC (17),1-0,?,Exeter City FC (17)
?,(Sat) 23 Nov 1991 (46),Leyton Orient FC (17),1-0,?,Hull City AFC (17)
?,(Sat) 23 Nov 1991 (46),West Bromwich Albion FC (17),2-1,?,Huddersfield Town AFC (17)
?,(Sat) 23 Nov 1991 (46),Stoke City FC (17),3-0,?,Torquay United FC (17)
?,(Sat) 23 Nov 1991 (46),Fulham FC (17),1-2,?,Stockport County FC (16)
?,(Sat) 23 Nov 1991 (46),Bradford City AFC (17),4-6,?,Swansea City AFC (16)
?,(Sat) 23 Nov 1991 (46),Bolton Wanderers FC (17),1-0,?,Preston North End FC (17)
?,(Sat) 23 Nov 1991 (46),Shrewsbury Town FC (16),1-4,?,Hartlepool United FC (17)
?,(Sat) 23 Nov 1991 (46),Chester FC (17),2-2,?,Reading FC (17)
?,(Sat) 23 Nov 1991 (46),Darlington FC (16),1-2,?,Peterborough United FC (17)
?,(Tue) 26 Nov 1991 (47),Stockport County FC (17),1-4,?,Shrewsbury Town FC (17)
?,(Sat) 30 Nov 1991 (47),West Bromwich Albion FC (18),2-2,?,Stoke City FC (18)
?,(Sat) 30 Nov 1991 (47),Hull City AFC (18),2-2,?,Preston North End FC (18)
?,(Sat) 30 Nov 1991 (47),Reading FC (18),1-1,?,Stockport County FC (18)
?,(Sat) 30 Nov 1991 (47),Exeter City FC (18),0-0,?,Chester FC (18)
?,(Sat) 30 Nov 1991 (47),Birmingham City FC (18),2-0,?,Bradford City AFC (18)
?,(Sat) 30 Nov 1991 (47),Bury FC (18),0-1,?,AFC Bournemouth (18)
?,(Sat) 30 Nov 1991 (47),Hartlepool United FC (18),0-0,?,Huddersfield Town AFC (18)
?,(Sat) 30 Nov 1991 (47),Peterborough United FC (18),1-1,?,Torquay United FC (18)
?,(Sat) 30 Nov 1991 (47),Darlington FC (17),3-1,?,Fulham FC (18)
?,(Sat) 30 Nov 1991 (47),Wigan Athletic FC (18),1-1,?,Leyton Orient FC (18)
?,(Sat) 30 Nov 1991 (47),Shrewsbury Town FC (18),1-3,?,Bolton Wanderers FC (18)
?,(Sat) 30 Nov 1991 (47),Brentford FC (18),3-2,?,Swansea City AFC (17)
?,(Sat) 14 Dec 1991 (49),Huddersfield Town AFC (19),2-1,?,Darlington FC (18)
?,(Sat) 14 Dec 1991 (49),Bradford City AFC (19),1-1,?,West Bromwich Albion FC (19)
?,(Sat) 14 Dec 1991 (49),AFC Bournemouth (19),2-1,?,Birmingham City FC (19)
?,(Sat) 14 Dec 1991 (49),Stockport County FC (19),3-0,?,Peterborough United FC (19)
?,(Sat) 14 Dec 1991 (49),Preston North End FC (19),1-4,?,Hartlepool United FC (19)
?,(Sat) 14 Dec 1991 (49),Torquay United FC (19),1-1,?,Brentford FC (19)
?,(Sat) 14 Dec 1991 (49),Chester FC (19),1-4,?,Shrewsbury Town FC (19)
?,(Sat) 14 Dec 1991 (49),Stoke City FC (19),3-0,?,Wigan Athletic FC (19)
?,(Sat) 14 Dec 1991 (49),Bolton Wanderers FC (19),1-0,?,Hull City AFC (19)
?,(Sat) 14 Dec 1991 (49),Swansea City AFC (18),1-0,?,Exeter City FC (19)
?,(Fri) 20 Dec 1991 (50),Torquay United FC (20),1-0,?,Preston North End FC (20)
?,(Fri) 20 Dec 1991 (50),Reading FC (19),0-1,?,Hartlepool United FC (20)
?,(Fri) 20 Dec 1991 (50),Peterborough United FC (20),3-0,?,Hull City AFC (20)
?,(Fri) 20 Dec 1991 (50),Stockport County FC (20),1-0,?,Leyton Orient FC (19)
?,(Sat) 21 Dec 1991 (50),Shrewsbury Town FC (20),1-1,?,Bury FC (19)
?,(Sat) 21 Dec 1991 (50),AFC Bournemouth (20),1-2,?,Stoke City FC (20)
?,(Sat) 21 Dec 1991 (50),Birmingham City FC (20),3-1,?,Fulham FC (19)
?,(Sun) 22 Dec 1991 (50),West Bromwich Albion FC (20),3-1,?,Darlington FC (19)
?,(Sun) 22 Dec 1991 (50),Bradford City AFC (20),1-1,?,Huddersfield Town AFC (20)
?,(Sun) 22 Dec 1991 (50),Brentford FC (20),3-0,?,Exeter City FC (20)
?,(Thu) 26 Dec 1991 (51),Hull City AFC (21),0-1,?,AFC Bournemouth (21)
?,(Thu) 26 Dec 1991 (51),Wigan Athletic FC (20),0-1,?,West Bromwich Albion FC (21)
?,(Thu) 26 Dec 1991 (51),Huddersfield Town AFC (21),2-1,?,Brentford FC (21)
?,(Thu) 26 Dec 1991 (51),Leyton Orient FC (20),2-1,?,Bolton Wanderers FC (20)
?,(Thu) 26 Dec 1991 (51),Hartlepool United FC (21),1-0,?,Bradford City AFC (21)
?,(Thu) 26 Dec 1991 (51),Stoke City FC (21),3-3,?,Peterborough United FC (21)
?,(Thu) 26 Dec 1991 (51),Swansea City AFC (19),3-0,?,Chester FC (20)
?,(Thu) 26 Dec 1991 (51),Darlington FC (20),1-1,?,Birmingham City FC (21)
?,(Thu) 26 Dec 1991 (51),Bury FC (20),0-1,?,Reading FC (20)
?,(Thu) 26 Dec 1991 (51),Exeter City FC (21),1-0,?,Shrewsbury Town FC (21)
?,(Thu) 26 Dec 1991 (51),Fulham FC (20),2-1,?,Torquay United FC (21)
?,(Thu) 26 Dec 1991 (51),Preston North End FC (21),3-2,?,Stockport County FC (21)
?,(Sat) 28 Dec 1991 (51),Preston North End FC (22),1-1,?,Peterborough United FC (22)
?,(Sat) 28 Dec 1991 (51),Darlington FC (21),0-0,?,AFC Bournemouth (22)
?,(Sat) 28 Dec 1991 (51),Bury FC (21),1-0,?,Birmingham City FC (22)
?,(Sat) 28 Dec 1991 (51),Hartlepool United FC (22),1-1,?,Torquay United FC (22)
?,(Sat) 28 Dec 1991 (51),Swansea City AFC (20),2-1,?,Stockport County FC (22)
?,(Sat) 28 Dec 1991 (51),Leyton Orient FC (21),4-2,?,Brentford FC (22)
?,(Sat) 28 Dec 1991 (51),Fulham FC (21),2-2,?,Chester FC (21)
?,(Sat) 28 Dec 1991 (51),Stoke City FC (22),0-0,?,Bradford City AFC (22)
?,(Sat) 28 Dec 1991 (51),Huddersfield Town AFC (22),1-0,?,Bolton Wanderers FC (21)
?,(Sat) 28 Dec 1991 (51),Exeter City FC (22),1-1,?,West Bromwich Albion FC (22)
?,(Sat) 28 Dec 1991 (51),Wigan Athletic FC (21),1-1,?,Shrewsbury Town FC (22)
?,(Sat) 28 Dec 1991 (51),Hull City AFC (22),0-1,?,Reading FC (21)
?,(Wed) 1 Jan 1992 (0),Brentford FC (23),1-0,?,Hartlepool United FC (23)
?,(Wed) 1 Jan 1992 (0),Stockport County FC (23),3-3,?,Wigan Athletic FC (22)
?,(Wed) 1 Jan 1992 (0),Bradford City AFC (23),1-1,?,Leyton Orient FC (22)
?,(Wed) 1 Jan 1992 (0),AFC Bournemouth (23),1-0,?,Preston North End FC (23)
?,(Wed) 1 Jan 1992 (0),West Bromwich Albion FC (23),2-3,?,Fulham FC (22)
?,(Wed) 1 Jan 1992 (0),Peterborough United FC (23),0-0,?,Bury FC (22)
?,(Wed) 1 Jan 1992 (0),Bolton Wanderers FC (22),2-0,?,Darlington FC (22)
?,(Wed) 1 Jan 1992 (0),Shrewsbury Town FC (23),1-0,?,Stoke City FC (23)
?,(Wed) 1 Jan 1992 (0),Birmingham City FC (23),2-2,?,Hull City AFC (23)
?,(Wed) 1 Jan 1992 (0),Torquay United FC (23),1-0,?,Exeter City FC (23)
?,(Wed) 1 Jan 1992 (0),Reading FC (22),1-0,?,Swansea City AFC (21)
?,(Wed) 1 Jan 1992 (0),Chester FC (22),0-0,?,Huddersfield Town AFC (23)
?,(Sat) 4 Jan 1992 (0),Stoke City FC (24),2-1,?,Birmingham City FC (24)
?,(Sat) 4 Jan 1992 (0),Chester FC (23),2-5,?,Darlington FC (23)
?,(Sat) 4 Jan 1992 (0),Bradford City AFC (24),1-1,?,Bury FC (23)
?,(Sat) 4 Jan 1992 (0),Torquay United FC (24),1-0,?,West Bromwich Albion FC (24)
?,(Sat) 4 Jan 1992 (0),Stockport County FC (24),2-1,?,Brentford FC (24)
?,(Sat) 11 Jan 1992 (1),Brentford FC (25),2-0,?,Stoke City FC (25)
?,(Sat) 11 Jan 1992 (1),Shrewsbury Town FC (24),2-0,?,Preston North End FC (24)
?,(Sat) 11 Jan 1992 (1),Peterborough United FC (24),4-1,?,Fulham FC (23)
?,(Sat) 11 Jan 1992 (1),Birmingham City FC (25),2-2,?,Leyton Orient FC (23)
?,(Sat) 11 Jan 1992 (1),Darlington FC (24),3-2,?,Torquay United FC (25)
?,(Sat) 11 Jan 1992 (1),Exeter City FC (24),2-2,?,Bolton Wanderers FC (23)
?,(Sat) 11 Jan 1992 (1),West Bromwich Albion FC (25),4-0,?,AFC Bournemouth (24)
?,(Sat) 11 Jan 1992 (1),Wigan Athletic FC (23),2-1,?,Bradford City AFC (25)
?,(Sat) 11 Jan 1992 (1),Bury FC (24),1-0,?,Swansea City AFC (22)
?,(Sat) 11 Jan 1992 (1),Hull City AFC (24),0-2,?,Stockport County FC (25)
?,(Sat) 11 Jan 1992 (1),Reading FC (23),1-0,?,Huddersfield Town AFC (24)
?,(Sat) 11 Jan 1992 (1),Hartlepool United FC (24),1-0,?,Chester FC (24)
?,(Sat) 18 Jan 1992 (2),Leyton Orient FC (24),1-1,?,West Bromwich Albion FC (26)
?,(Sat) 18 Jan 1992 (2),Torquay United FC (26),0-2,?,Bury FC (25)
?,(Sat) 18 Jan 1992 (2),Chester FC (25),1-1,?,Brentford FC (26)
?,(Sat) 18 Jan 1992 (2),Stockport County FC (26),2-0,?,Darlington FC (25)
?,(Sat) 18 Jan 1992 (2),Preston North End FC (25),1-3,?,Exeter City FC (25)
?,(Sat) 18 Jan 1992 (2),Bolton Wanderers FC (24),2-2,?,Hartlepool United FC (25)
?,(Sat) 18 Jan 1992 (2),Fulham FC (24),0-1,?,Shrewsbury Town FC (25)
?,(Sat) 18 Jan 1992 (2),Huddersfield Town AFC (25),0-0,?,Peterborough United FC (25)
?,(Sat) 18 Jan 1992 (2),Stoke City FC (26),3-0,?,Reading FC (24)
?,(Sat) 18 Jan 1992 (2),AFC Bournemouth (25),3-0,?,Wigan Athletic FC (24)
?,(Sat) 18 Jan 1992 (2),Bradford City AFC (26),2-1,?,Hull City AFC (25)
?,(Sat) 18 Jan 1992 (2),Swansea City AFC (23),0-2,?,Birmingham City FC (26)
?,(Sat) 25 Jan 1992 (3),West Bromwich Albion FC (27),2-3,?,Swansea City AFC (24)
?,(Sat) 25 Jan 1992 (3),Shrewsbury Town FC (26),1-1,?,Huddersfield Town AFC (26)
?,(Sat) 25 Jan 1992 (3),Brentford FC (27),1-0,?,Preston North End FC (26)
?,(Sat) 25 Jan 1992 (3),Hull City AFC (26),0-1,?,Stoke City FC (27)
?,(Sat) 25 Jan 1992 (3),Exeter City FC (26),1-1,?,Fulham FC (25)
?,(Tue) 28 Jan 1992 (4),Leyton Orient FC (25),2-0,?,Shrewsbury Town FC (27)
?,(Tue) 28 Jan 1992 (4),Swansea City AFC (25),4-2,?,Darlington FC (26)
?,(Tue) 28 Jan 1992 (4),Fulham FC (26),1-1,?,Wigan Athletic FC (25)
?,(Sat) 1 Feb 1992 (4),AFC Bournemouth (26),0-1,?,Leyton Orient FC (26)
?,(Sat) 1 Feb 1992 (4),Shrewsbury Town FC (28),0-2,?,Darlington FC (27)
?,(Sat) 1 Feb 1992 (4),Stoke City FC (28),2-1,?,Swansea City AFC (26)
?,(Sat) 1 Feb 1992 (4),Peterborough United FC (26),5-3,?,Reading FC (25)
?,(Sat) 1 Feb 1992 (4),Huddersfield Town AFC (27),1-2,?,Preston North End FC (27)
?,(Sat) 1 Feb 1992 (4),Fulham FC (27),1-1,?,Bolton Wanderers FC (25)
?,(Sat) 1 Feb 1992 (4),West Bromwich Albion FC (28),2-0,?,Brentford FC (28)
?,(Sat) 1 Feb 1992 (4),Hull City AFC (27),0-2,?,Hartlepool United FC (26)
?,(Sat) 1 Feb 1992 (4),Torquay United FC (27),1-1,?,Bradford City AFC (27)
?,(Fri) 7 Feb 1992 (5),Stockport County FC (27),0-0,?,Huddersfield Town AFC (28)
?,(Sat) 8 Feb 1992 (5),Leyton Orient FC (27),0-1,?,Stoke City FC (29)
?,(Sat) 8 Feb 1992 (5),Hartlepool United FC (27),0-1,?,Peterborough United FC (27)
?,(Sat) 8 Feb 1992 (5),Darlington FC (28),0-1,?,Hull City AFC (28)
?,(Sat) 8 Feb 1992 (5),Exeter City FC (27),0-1,?,Wigan Athletic FC (26)
?,(Sat) 8 Feb 1992 (5),Bolton Wanderers FC (26),0-0,?,Chester FC (26)
?,(Sat) 8 Feb 1992 (5),Birmingham City FC (27),0-3,?,West Bromwich Albion FC (29)
?,(Sat) 8 Feb 1992 (5),Brentford FC (29),0-3,?,Bury FC (26)
?,(Sat) 8 Feb 1992 (5),Preston North End FC (28),1-2,?,Fulham FC (28)
?,(Sat) 8 Feb 1992 (5),Reading FC (26),2-1,?,Shrewsbury Town FC (29)
?,(Sat) 8 Feb 1992 (5),Swansea City AFC (27),1-0,?,Torquay United FC (28)
?,(Sat) 8 Feb 1992 (5),Bradford City AFC (28),3-1,?,AFC Bournemouth (27)
?,(Tue) 11 Feb 1992 (6),AFC Bournemouth (28),4-0,?,Bury FC (27)
?,(Tue) 11 Feb 1992 (6),Huddersfield Town AFC (29),1-0,?,Hartlepool United FC (28)
?,(Tue) 11 Feb 1992 (6),Fulham FC (29),4-0,?,Darlington FC (29)
?,(Tue) 11 Feb 1992 (6),Preston North End FC (29),3-1,?,Hull City AFC (29)
?,(Tue) 11 Feb 1992 (6),Leyton Orient FC (28),3-1,?,Wigan Athletic FC (27)
?,(Tue) 11 Feb 1992 (6),Chester FC (27),5-2,?,Exeter City FC (28)
?,(Tue) 11 Feb 1992 (6),Bradford City AFC (29),1-2,?,Birmingham City FC (28)
?,(Tue) 11 Feb 1992 (6),Stockport County FC (28),1-0,?,Reading FC (27)
?,(Tue) 11 Feb 1992 (6),Swansea City AFC (28),1-1,?,Brentford FC (30)
?,(Tue) 11 Feb 1992 (6),Bolton Wanderers FC (27),1-0,?,Shrewsbury Town FC (30)
?,(Wed) 12 Feb 1992 (6),Stoke City FC (30),1-0,?,West Bromwich Albion FC (30)
?,(Sat) 15 Feb 1992 (6),Bury FC (28),4-2,?,Leyton Orient FC (29)
?,(Sat) 15 Feb 1992 (6),Peterborough United FC (28),3-2,?,Stockport County FC (29)
?,(Sat) 15 Feb 1992 (6),Exeter City FC (29),2-1,?,Swansea City AFC (29)
?,(Sat) 15 Feb 1992 (6),Reading FC (28),0-2,?,Fulham FC (30)
?,(Sat) 15 Feb 1992 (6),Brentford FC (31),3-2,?,Torquay United FC (29)
?,(Sat) 15 Feb 1992 (6),Darlington FC (30),1-3,?,Huddersfield Town AFC (30)
?,(Sat) 15 Feb 1992 (6),Hartlepool United FC (29),2-0,?,Preston North End FC (30)
?,(Sat) 15 Feb 1992 (6),Wigan Athletic FC (28),1-0,?,Stoke City FC (31)
?,(Sat) 15 Feb 1992 (6),West Bromwich Albion FC (31),1-1,?,Bradford City AFC (30)
?,(Sat) 15 Feb 1992 (6),Shrewsbury Town FC (31),2-2,?,Chester FC (28)
?,(Sat) 15 Feb 1992 (6),Birmingham City FC (29),0-1,?,AFC Bournemouth (29)
?,(Tue) 18 Feb 1992 (7),Hartlepool United FC (30),0-1,?,Stockport County FC (30)
?,(Tue) 18 Feb 1992 (7),Chester FC (29),1-0,?,Wigan Athletic FC (29)
?,(Sat) 22 Feb 1992 (7),Swansea City AFC (30),2-1,?,Bury FC (29)
?,(Sat) 22 Feb 1992 (7),Torquay United FC (30),3-0,?,Darlington FC (31)
?,(Sat) 22 Feb 1992 (7),Fulham FC (31),0-1,?,Peterborough United FC (29)
?,(Sat) 22 Feb 1992 (7),Bolton Wanderers FC (28),1-2,?,Exeter City FC (30)
?,(Sat) 22 Feb 1992 (7),Chester FC (30),2-0,?,Hartlepool United FC (31)
?,(Sat) 22 Feb 1992 (7),Stockport County FC (31),1-1,?,Hull City AFC (30)
?,(Sat) 22 Feb 1992 (7),Bradford City AFC (31),1-1,?,Wigan Athletic FC (30)
?,(Sat) 22 Feb 1992 (7),AFC Bournemouth (30),2-1,?,West Bromwich Albion FC (32)
?,(Sat) 22 Feb 1992 (7),Preston North End FC (31),2-2,?,Shrewsbury Town FC (32)
?,(Sat) 22 Feb 1992 (7),Leyton Orient FC (30),0-0,?,Birmingham City FC (30)
?,(Sat) 22 Feb 1992 (7),Huddersfield Town AFC (31),1-2,?,Reading FC (29)
?,(Sat) 22 Feb 1992 (7),Stoke City FC (32),2-1,?,Brentford FC (32)
?,(Tue) 25 Feb 1992 (8),Huddersfield Town AFC (32),1-1,?,Hull City AFC (31)
?,(Tue) 25 Feb 1992 (8),Bury FC (30),1-2,?,Chester FC (31)
?,(Fri) 28 Feb 1992 (8),Wigan Athletic FC (31),0-2,?,Fulham FC (32)
?,(Sat) 29 Feb 1992 (8),Darlington FC (32),1-1,?,Chester FC (32)
?,(Sat) 29 Feb 1992 (8),Bury FC (31),0-1,?,Bradford City AFC (32)
?,(Sat) 29 Feb 1992 (8),Exeter City FC (31),0-3,?,AFC Bournemouth (31)
?,(Sat) 29 Feb 1992 (8),Peterborough United FC (30),1-0,?,Bolton Wanderers FC (29)
?,(Sat) 29 Feb 1992 (8),Reading FC (30),2-2,?,Preston North End FC (32)
?,(Sat) 29 Feb 1992 (8),Birmingham City FC (31),1-1,?,Stoke City FC (33)
?,(Sat) 29 Feb 1992 (8),Hartlepool United FC (32),0-1,?,Swansea City AFC (31)
?,(Sat) 29 Feb 1992 (8),Hull City AFC (32),1-0,?,Huddersfield Town AFC (33)
?,(Sat) 29 Feb 1992 (8),Brentford FC (33),2-1,?,Stockport County FC (32)
?,(Sat) 29 Feb 1992 (8),Shrewsbury Town FC (33),0-1,?,Leyton Orient FC (31)
?,(Sat) 29 Feb 1992 (8),West Bromwich Albion FC (33),1-0,?,Torquay United FC (31)
?,(Tue) 3 Mar 1992 (9),Hartlepool United FC (33),0-4,?,Bolton Wanderers FC (30)
?,(Tue) 3 Mar 1992 (9),Darlington FC (33),1-3,?,Stockport County FC (33)
?,(Tue) 3 Mar 1992 (9),Hull City AFC (33),0-0,?,Bradford City AFC (33)
?,(Tue) 3 Mar 1992 (9),Shrewsbury Town FC (34),0-0,?,Fulham FC (33)
?,(Tue) 3 Mar 1992 (9),Birmingham City FC (32),1-1,?,Swansea City AFC (32)
?,(Tue) 3 Mar 1992 (9),Brentford FC (34),2-0,?,Chester FC (33)
?,(Tue) 3 Mar 1992 (9),Bury FC (32),0-0,?,Torquay United FC (32)
?,(Tue) 3 Mar 1992 (9),Exeter City FC (32),4-1,?,Preston North End FC (33)
?,(Tue) 3 Mar 1992 (9),Wigan Athletic FC (32),2-0,?,AFC Bournemouth (32)
?,(Tue) 3 Mar 1992 (9),Peterborough United FC (31),2-0,?,Huddersfield Town AFC (34)
?,(Tue) 3 Mar 1992 (9),West Bromwich Albion FC (34),1-3,?,Leyton Orient FC (32)
?,(Wed) 4 Mar 1992 (9),Reading FC (31),3-4,?,Stoke City FC (34)
?,(Fri) 6 Mar 1992 (9),Stockport County FC (34),0-1,?,Hartlepool United FC (34)
?,(Fri) 6 Mar 1992 (9),Swansea City AFC (33),0-0,?,West Bromwich Albion FC (35)
?,(Sat) 7 Mar 1992 (9),Huddersfield Town AFC (35),2-1,?,Shrewsbury Town FC (35)
?,(Sat) 7 Mar 1992 (9),Bradford City AFC (34),0-1,?,Darlington FC (34)
?,(Sat) 7 Mar 1992 (9),Fulham FC (34),0-0,?,Exeter City FC (33)
?,(Sat) 7 Mar 1992 (9),Leyton Orient FC (33),1-1,?,Reading FC (32)
?,(Sat) 7 Mar 1992 (9),AFC Bournemouth (33),1-2,?,Peterborough United FC (32)
?,(Sat) 7 Mar 1992 (9),Chester FC (34),3-1,?,Bury FC (33)
?,(Sat) 7 Mar 1992 (9),Preston North End FC (34),3-2,?,Brentford FC (35)
?,(Sat) 7 Mar 1992 (9),Stoke City FC (35),2-3,?,Hull City AFC (34)
?,(Sat) 7 Mar 1992 (9),Torquay United FC (33),0-1,?,Wigan Athletic FC (33)
?,(Tue) 10 Mar 1992 (10),Darlington FC (35),2-4,?,Reading FC (33)
?,(Tue) 10 Mar 1992 (10),Shrewsbury Town FC (36),2-3,?,Hull City AFC (35)
?,(Tue) 10 Mar 1992 (10),AFC Bournemouth (34),2-1,?,Torquay United FC (34)
?,(Tue) 10 Mar 1992 (10),Chester FC (35),2-4,?,Peterborough United FC (33)
?,(Tue) 10 Mar 1992 (10),Leyton Orient FC (34),1-2,?,Swansea City AFC (34)
?,(Tue) 10 Mar 1992 (10),Birmingham City FC (33),1-0,?,Brentford FC (36)
?,(Tue) 10 Mar 1992 (10),Bradford City AFC (35),1-1,?,Exeter City FC (34)
?,(Tue) 10 Mar 1992 (10),Wigan Athletic FC (34),3-0,?,Preston North End FC (35)
?,(Tue) 10 Mar 1992 (10),Bolton Wanderers FC (31),0-0,?,Stockport County FC (35)
?,(Tue) 10 Mar 1992 (10),Fulham FC (35),1-0,?,Huddersfield Town AFC (36)
?,(Wed) 11 Mar 1992 (10),Stoke City FC (36),1-2,?,Bury FC (34)
?,(Wed) 11 Mar 1992 (10),West Bromwich Albion FC (36),1-2,?,Hartlepool United FC (35)
?,(Fri) 13 Mar 1992 (10),Stockport County FC (36),5-0,?,AFC Bournemouth (35)
?,(Sat) 14 Mar 1992 (10),Hull City AFC (36),0-0,?,Fulham FC (36)
?,(Sat) 14 Mar 1992 (10),Peterborough United FC (34),1-0,?,Shrewsbury Town FC (37)
?,(Sat) 14 Mar 1992 (10),Hartlepool United FC (36),2-0,?,Darlington FC (36)
?,(Sat) 14 Mar 1992 (10),Brentford FC (37),3-4,?,Bradford City AFC (36)
?,(Sat) 14 Mar 1992 (10),Reading FC (34),1-0,?,Bolton Wanderers FC (32)
?,(Sat) 14 Mar 1992 (10),Preston North End FC (36),0-3,?,Chester FC (36)
?,(Sat) 14 Mar 1992 (10),Huddersfield Town AFC (37),1-2,?,Stoke City FC (37)
?,(Sat) 14 Mar 1992 (10),Swansea City AFC (35),3-0,?,Wigan Athletic FC (35)
?,(Sat) 14 Mar 1992 (10),Exeter City FC (35),2-0,?,Leyton Orient FC (35)
?,(Sat) 14 Mar 1992 (10),Bury FC (35),1-1,?,West Bromwich Albion FC (37)
?,(Tue) 17 Mar 1992 (11),Bolton Wanderers FC (33),1-1,?,Birmingham City FC (34)
?,(Fri) 20 Mar 1992 (11),AFC Bournemouth (36),3-0,?,Swansea City AFC (36)
?,(Fri) 20 Mar 1992 (11),Fulham FC (37),1-0,?,Hartlepool United FC (37)
?,(Fri) 20 Mar 1992 (11),Wigan Athletic FC (36),2-1,?,Brentford FC (38)
?,(Fri) 20 Mar 1992 (11),Shrewsbury Town FC (38),0-1,?,Stockport County FC (37)
?,(Sat) 21 Mar 1992 (11),Chester FC (37),1-1,?,Hull City AFC (37)
?,(Sat) 21 Mar 1992 (11),Stoke City FC (38),5-2,?,Exeter City FC (36)
?,(Sat) 21 Mar 1992 (11),Bolton Wanderers FC (34),2-1,?,Bury FC (36)
?,(Sat) 21 Mar 1992 (11),Leyton Orient FC (36),2-0,?,Torquay United FC (35)
?,(Sat) 21 Mar 1992 (11),Darlington FC (37),0-2,?,Preston North End FC (37)
?,(Sat) 21 Mar 1992 (11),West Bromwich Albion FC (38),2-0,?,Reading FC (35)
?,(Sat) 21 Mar 1992 (11),Birmingham City FC (35),2-0,?,Huddersfield Town AFC (38)
?,(Sat) 21 Mar 1992 (11),Bradford City AFC (37),2-1,?,Peterborough United FC (35)
?,(Tue) 24 Mar 1992 (12),Bolton Wanderers FC (35),2-1,?,Peterborough United FC (36)
?,(Tue) 24 Mar 1992 (12),AFC Bournemouth (37),1-0,?,Exeter City FC (37)
?,(Tue) 24 Mar 1992 (12),Chester FC (38),3-2,?,Stockport County FC (38)
?,(Tue) 24 Mar 1992 (12),Leyton Orient FC (37),4-0,?,Bury FC (37)
?,(Tue) 24 Mar 1992 (12),Torquay United FC (36),1-2,?,Birmingham City FC (36)
?,(Fri) 27 Mar 1992 (12),Stockport County FC (39),2-0,?,Fulham FC (38)
?,(Sat) 28 Mar 1992 (12),Hull City AFC (38),1-0,?,Leyton Orient FC (38)
?,(Sat) 28 Mar 1992 (12),Bury FC (38),1-4,?,Wigan Athletic FC (37)
?,(Sat) 28 Mar 1992 (12),Reading FC (36),0-0,?,Chester FC (39)
?,(Sat) 28 Mar 1992 (12),Huddersfield Town AFC (39),3-0,?,West Bromwich Albion FC (39)
?,(Sat) 28 Mar 1992 (12),Torquay United FC (37),1-0,?,Stoke City FC (39)
?,(Sat) 28 Mar 1992 (12),Hartlepool United FC (38),4-2,?,Shrewsbury Town FC (39)
?,(Sat) 28 Mar 1992 (12),Peterborough United FC (37),1-1,?,Darlington FC (38)
?,(Sat) 28 Mar 1992 (12),Swansea City AFC (37),2-2,?,Bradford City AFC (38)
?,(Sat) 28 Mar 1992 (12),Preston North End FC (38),2-1,?,Bolton Wanderers FC (36)
?,(Sat) 28 Mar 1992 (12),Exeter City FC (38),2-1,?,Birmingham City FC (37)
?,(Sun) 29 Mar 1992 (12),Brentford FC (39),2-2,?,AFC Bournemouth (38)
?,(Tue) 31 Mar 1992 (13),Shrewsbury Town FC (40),2-2,?,Torquay United FC (38)
?,(Tue) 31 Mar 1992 (13),Bolton Wanderers FC (37),0-2,?,AFC Bournemouth (39)
?,(Tue) 31 Mar 1992 (13),Chester FC (40),0-0,?,Bradford City AFC (39)
?,(Tue) 31 Mar 1992 (13),Peterborough United FC (38),2-3,?,Birmingham City FC (38)
?,(Tue) 31 Mar 1992 (13),Hull City AFC (39),1-1,?,Wigan Athletic FC (38)
?,(Tue) 31 Mar 1992 (13),Darlington FC (39),0-1,?,Leyton Orient FC (39)
?,(Tue) 31 Mar 1992 (13),Hartlepool United FC (39),3-1,?,Exeter City FC (39)
?,(Tue) 31 Mar 1992 (13),Fulham FC (39),1-1,?,Stoke City FC (40)
?,(Tue) 31 Mar 1992 (13),Huddersfield Town AFC (40),3-0,?,Bury FC (39)
?,(Tue) 31 Mar 1992 (13),Preston North End FC (39),1-1,?,Swansea City AFC (38)
?,(Tue) 31 Mar 1992 (13),Stockport County FC (40),3-0,?,West Bromwich Albion FC (40)
?,(Wed) 1 Apr 1992 (13),Reading FC (37),0-0,?,Brentford FC (40)
?,(Fri) 3 Apr 1992 (13),Wigan Athletic FC (39),3-0,?,Peterborough United FC (39)
?,(Fri) 3 Apr 1992 (13),AFC Bournemouth (40),2-0,?,Chester FC (41)
?,(Fri) 3 Apr 1992 (13),Stoke City FC (41),3-0,?,Darlington FC (40)
?,(Sat) 4 Apr 1992 (13),Bradford City AFC (40),1-1,?,Preston North End FC (40)
?,(Sat) 4 Apr 1992 (13),Torquay United FC (39),2-0,?,Stockport County FC (41)
?,(Sat) 4 Apr 1992 (13),Swansea City AFC (39),2-2,?,Fulham FC (40)
?,(Sat) 4 Apr 1992 (13),Bury FC (40),3-2,?,Hull City AFC (40)
?,(Sat) 4 Apr 1992 (13),West Bromwich Albion FC (41),2-2,?,Bolton Wanderers FC (38)
?,(Sat) 4 Apr 1992 (13),Exeter City FC (40),0-1,?,Huddersfield Town AFC (41)
?,(Sat) 4 Apr 1992 (13),Brentford FC (41),2-0,?,Shrewsbury Town FC (41)
?,(Sat) 4 Apr 1992 (13),Leyton Orient FC (40),4-0,?,Hartlepool United FC (40)
?,(Sat) 4 Apr 1992 (13),Birmingham City FC (39),2-0,?,Reading FC (38)
?,(Tue) 7 Apr 1992 (14),Fulham FC (41),1-0,?,Reading FC (39)
?,(Tue) 7 Apr 1992 (14),Wigan Athletic FC (40),0-0,?,Torquay United FC (40)
?,(Tue) 7 Apr 1992 (14),Darlington FC (41),1-3,?,Bradford City AFC (41)
?,(Tue) 7 Apr 1992 (14),Bolton Wanderers FC (39),0-0,?,Swansea City AFC (40)
?,(Wed) 8 Apr 1992 (14),Peterborough United FC (40),2-0,?,AFC Bournemouth (41)
?,(Fri) 10 Apr 1992 (14),Stockport County FC (42),4-1,?,Exeter City FC (41)
?,(Sat) 11 Apr 1992 (14),Fulham FC (42),4-2,?,Bury FC (41)
?,(Sat) 11 Apr 1992 (14),Reading FC (40),6-1,?,Torquay United FC (41)
?,(Sat) 11 Apr 1992 (14),Shrewsbury Town FC (42),1-2,?,AFC Bournemouth (42)
?,(Sat) 11 Apr 1992 (14),Huddersfield Town AFC (42),3-1,?,Wigan Athletic FC (41)
?,(Sat) 11 Apr 1992 (14),Darlington FC (42),1-1,?,Swansea City AFC (41)
?,(Sat) 11 Apr 1992 (14),Hull City AFC (41),0-3,?,Brentford FC (42)
?,(Sat) 11 Apr 1992 (14),Hartlepool United FC (41),1-1,?,Stoke City FC (42)
?,(Sat) 11 Apr 1992 (14),Chester FC (42),0-1,?,Birmingham City FC (40)
?,(Sat) 11 Apr 1992 (14),Preston North End FC (41),2-1,?,Leyton Orient FC (41)
?,(Sat) 11 Apr 1992 (14),Bolton Wanderers FC (40),1-1,?,Bradford City AFC (42)
?,(Sat) 11 Apr 1992 (14),Peterborough United FC (41),0-0,?,West Bromwich Albion FC (42)
?,(Tue) 14 Apr 1992 (15),AFC Bournemouth (43),1-1,?,Huddersfield Town AFC (43)
?,(Tue) 14 Apr 1992 (15),Preston North End FC (42),1-1,?,Reading FC (41)
?,(Tue) 14 Apr 1992 (15),Torquay United FC (42),2-1,?,Hull City AFC (42)
?,(Tue) 14 Apr 1992 (15),Birmingham City FC (41),2-1,?,Bolton Wanderers FC (41)
?,(Tue) 14 Apr 1992 (15),Bury FC (42),3-1,?,Exeter City FC (42)
?,(Fri) 17 Apr 1992 (15),Brentford FC (43),4-1,?,Darlington FC (43)
?,(Fri) 17 Apr 1992 (15),Swansea City AFC (42),1-2,?,Shrewsbury Town FC (43)
?,(Sat) 18 Apr 1992 (15),Bury FC (43),0-0,?,Stockport County FC (43)
?,(Sat) 18 Apr 1992 (15),Wigan Athletic FC (42),1-1,?,Bolton Wanderers FC (42)
?,(Sat) 18 Apr 1992 (15),Stoke City FC (43),2-1,?,Preston North End FC (43)
?,(Sat) 18 Apr 1992 (15),Bradford City AFC (43),1-0,?,Reading FC (42)
?,(Sat) 18 Apr 1992 (15),Birmingham City FC (42),2-1,?,Hartlepool United FC (42)
?,(Sat) 18 Apr 1992 (15),West Bromwich Albion FC (43),1-1,?,Chester FC (43)
?,(Sat) 18 Apr 1992 (15),Exeter City FC (43),2-2,?,Peterborough United FC (42)
?,(Sat) 18 Apr 1992 (15),Leyton Orient FC (42),0-1,?,Fulham FC (43)
?,(Mon) 20 Apr 1992 (16),Huddersfield Town AFC (44),1-0,?,Leyton Orient FC (43)
?,(Mon) 20 Apr 1992 (16),Reading FC (43),1-0,?,Exeter City FC (44)
?,(Mon) 20 Apr 1992 (16),Hartlepool United FC (43),0-0,?,Bury FC (44)
?,(Mon) 20 Apr 1992 (16),Bolton Wanderers FC (43),1-2,?,Brentford FC (44)
?,(Mon) 20 Apr 1992 (16),Stockport County FC (44),0-0,?,Stoke City FC (44)
?,(Mon) 20 Apr 1992 (16),Fulham FC (44),2-0,?,AFC Bournemouth (44)
?,(Mon) 20 Apr 1992 (16),Chester FC (44),2-0,?,Torquay United FC (43)
?,(Mon) 20 Apr 1992 (16),Hull City AFC (43),1-0,?,West Bromwich Albion FC (44)
?,(Mon) 20 Apr 1992 (16),Darlington FC (44),0-1,?,Wigan Athletic FC (43)
?,(Tue) 21 Apr 1992 (16),Shrewsbury Town FC (44),3-2,?,Bradford City AFC (44)
?,(Tue) 21 Apr 1992 (16),Preston North End FC (44),3-2,?,Birmingham City FC (43)
?,(Tue) 21 Apr 1992 (16),Peterborough United FC (43),3-1,?,Swansea City AFC (43)
?,(Fri) 24 Apr 1992 (16),Wigan Athletic FC (44),1-1,?,Hartlepool United FC (44)
?,(Sat) 25 Apr 1992 (16),Torquay United FC (44),2-0,?,Bolton Wanderers FC (44)
?,(Sat) 25 Apr 1992 (16),AFC Bournemouth (45),3-2,?,Reading FC (44)
?,(Sat) 25 Apr 1992 (16),West Bromwich Albion FC (45),3-0,?,Preston North End FC (45)
?,(Sat) 25 Apr 1992 (16),Exeter City FC (45),0-3,?,Hull City AFC (44)
?,(Sat) 25 Apr 1992 (16),Bradford City AFC (45),1-0,?,Stockport County FC (45)
?,(Sat) 25 Apr 1992 (16),Bury FC (45),1-0,?,Darlington FC (45)
?,(Sat) 25 Apr 1992 (16),Birmingham City FC (44),1-0,?,Shrewsbury Town FC (45)
?,(Sat) 25 Apr 1992 (16),Swansea City AFC (44),0-1,?,Huddersfield Town AFC (45)
?,(Sat) 25 Apr 1992 (16),Leyton Orient FC (44),1-2,?,Peterborough United FC (44)
?,(Sat) 25 Apr 1992 (16),Stoke City FC (45),0-1,?,Chester FC (45)
?,(Sun) 26 Apr 1992 (16),Brentford FC (45),4-0,?,Fulham FC (45)
?,(Tue) 28 Apr 1992 (17),Torquay United FC (45),2-2,?,Peterborough United FC (45)
?,(Tue) 28 Apr 1992 (17),Wigan Athletic FC (45),3-0,?,Birmingham City FC (45)
?,(Tue) 28 Apr 1992 (17),Swansea City AFC (45),1-1,?,Hartlepool United FC (45)
?,(Wed) 29 Apr 1992 (17),Hull City AFC (45),2-0,?,Bolton Wanderers FC (45)
?,(Wed) 29 Apr 1992 (17),Reading FC (45),3-2,?,Leyton Orient FC (45)
?,(Sat) 2 May 1992 (17),Huddersfield Town AFC (46),4-0,?,Torquay United FC (46)
?,(Sat) 2 May 1992 (17),Hartlepool United FC (46),1-0,?,AFC Bournemouth (46)
?,(Sat) 2 May 1992 (17),Preston North End FC (46),2-0,?,Bury FC (46)
?,(Sat) 2 May 1992 (17),Peterborough United FC (46),0-1,?,Brentford FC (46)
?,(Sat) 2 May 1992 (17),Chester FC (46),1-0,?,Leyton Orient FC (46)
?,(Sat) 2 May 1992 (17),Darlington FC (46),5-2,?,Exeter City FC (46)
?,(Sat) 2 May 1992 (17),Fulham FC (46),2-1,?,Bradford City AFC (46)
?,(Sat) 2 May 1992 (17),Bolton Wanderers FC (46),3-1,?,Stoke City FC (46)
?,(Sat) 2 May 1992 (17),Hull City AFC (46),3-0,?,Swansea City AFC (46)
?,(Sat) 2 May 1992 (17),Reading FC (46),3-2,?,Wigan Athletic FC (46)
?,(Sat) 2 May 1992 (17),Shrewsbury Town FC (46),1-3,?,West Bromwich Albion FC (46)
?,(Sat) 2 May 1992 (17),Stockport County FC (46),2-0,?,Birmingham City FC (46)
