Round,Date,Team 1,FT,HT,Team 2
?,(Sat) 10 Aug 2002 (W32),Boston United FC (1),2-2,0-1,AFC Bournemouth (1)
?,(Sat) 10 Aug 2002 (W32),Cambridge United FC (1),1-2,1-1,Darlington FC (1)
?,(Sat) 10 Aug 2002 (W32),Carlisle United FC (1),1-3,0-1,Hartlepool United FC (1)
?,(Sat) 10 Aug 2002 (W32),Hull City AFC (1),2-2,1-0,Southend United FC (1)
?,(Sat) 10 Aug 2002 (W32),Kidderminster Harriers FC (1),1-1,0-1,Lincoln City FC (1)
?,(Sat) 10 Aug 2002 (W32),Macclesfield Town FC (1),1-1,1-0,York City FC (1)
?,(Sat) 10 Aug 2002 (W32),Oxford United FC (1),2-1,2-0,Bury FC (1)
?,(Sat) 10 Aug 2002 (W32),Rochdale AFC (1),1-0,0-0,Leyton Orient FC (1)
?,(Sat) 10 Aug 2002 (W32),Scunthorpe United FC (1),1-1,1-0,Wrexham AFC (1)
?,(Sat) 10 Aug 2002 (W32),Shrewsbury Town FC (1),1-0,1-0,Exeter City FC (1)
?,(Sat) 10 Aug 2002 (W32),Swansea City AFC (1),2-2,1-1,AFC Rushden & Diamonds (1)
?,(Sat) 10 Aug 2002 (W32),Torquay United FC (1),2-1,1-1,Bristol Rovers FC (1)
?,(Tue) 13 Aug 2002 (W33),AFC Bournemouth (2),0-0,0-0,Kidderminster Harriers FC (2)
?,(Tue) 13 Aug 2002 (W33),Bristol Rovers FC (2),1-1,1-0,Hull City AFC (2)
?,(Tue) 13 Aug 2002 (W33),Bury FC (2),0-1,0-0,Cambridge United FC (2)
?,(Tue) 13 Aug 2002 (W33),Darlington FC (2),2-2,0-0,Swansea City AFC (2)
?,(Tue) 13 Aug 2002 (W33),Exeter City FC (2),1-1,0-0,Scunthorpe United FC (2)
?,(Tue) 13 Aug 2002 (W33),Hartlepool United FC (2),2-0,0-0,Boston United FC (2)
?,(Tue) 13 Aug 2002 (W33),Leyton Orient FC (2),3-2,3-0,Macclesfield Town FC (2)
?,(Tue) 13 Aug 2002 (W33),Lincoln City FC (2),2-0,0-0,Rochdale AFC (2)
?,(Tue) 13 Aug 2002 (W33),AFC Rushden & Diamonds (2),3-0,1-0,Torquay United FC (2)
?,(Tue) 13 Aug 2002 (W33),Southend United FC (2),0-1,0-0,Carlisle United FC (2)
?,(Tue) 13 Aug 2002 (W33),Wrexham AFC (2),1-0,0-0,Oxford United FC (2)
?,(Tue) 13 Aug 2002 (W33),York City FC (2),2-1,0-1,Shrewsbury Town FC (2)
?,(Sat) 17 Aug 2002 (W33),AFC Bournemouth (3),1-1,0-1,Cambridge United FC (3)
?,(Sat) 17 Aug 2002 (W33),Bristol Rovers FC (3),1-2,1-1,Rochdale AFC (3)
?,(Sat) 17 Aug 2002 (W33),Bury FC (3),3-2,2-0,Swansea City AFC (3)
?,(Sat) 17 Aug 2002 (W33),Darlington FC (3),0-1,0-1,Oxford United FC (3)
?,(Sat) 17 Aug 2002 (W33),Exeter City FC (3),3-1,2-1,Hull City AFC (3)
?,(Sat) 17 Aug 2002 (W33),Hartlepool United FC (3),0-2,0-0,Macclesfield Town FC (3)
?,(Sat) 17 Aug 2002 (W33),Leyton Orient FC (3),2-0,1-0,Scunthorpe United FC (3)
?,(Sat) 17 Aug 2002 (W33),Lincoln City FC (3),0-1,0-0,Carlisle United FC (3)
?,(Sat) 17 Aug 2002 (W33),AFC Rushden & Diamonds (3),3-1,1-0,Kidderminster Harriers FC (3)
?,(Sat) 17 Aug 2002 (W33),Southend United FC (3),2-3,1-1,Shrewsbury Town FC (3)
?,(Sat) 17 Aug 2002 (W33),Wrexham AFC (3),1-1,1-0,Boston United FC (3)
?,(Sat) 17 Aug 2002 (W33),York City FC (3),4-3,1-0,Torquay United FC (3)
?,(Sat) 24 Aug 2002 (W34),Boston United FC (4),2-0,1-0,Lincoln City FC (4)
?,(Sat) 24 Aug 2002 (W34),Cambridge United FC (4),2-1,1-0,Leyton Orient FC (4)
?,(Sat) 24 Aug 2002 (W34),Carlisle United FC (4),0-0,0-0,Bristol Rovers FC (4)
?,(Sat) 24 Aug 2002 (W34),Hull City AFC (4),1-1,1-0,Bury FC (4)
?,(Sat) 24 Aug 2002 (W34),Kidderminster Harriers FC (4),4-3,2-2,Exeter City FC (4)
?,(Sat) 24 Aug 2002 (W34),Macclesfield Town FC (4),0-1,0-0,Wrexham AFC (4)
?,(Sat) 24 Aug 2002 (W34),Oxford United FC (4),0-1,0-1,Southend United FC (4)
?,(Sat) 24 Aug 2002 (W34),Rochdale AFC (4),1-1,1-1,Darlington FC (4)
?,(Sat) 24 Aug 2002 (W34),Scunthorpe United FC (4),2-1,2-1,York City FC (4)
?,(Sat) 24 Aug 2002 (W34),Shrewsbury Town FC (4),1-1,0-0,AFC Rushden & Diamonds (4)
?,(Sat) 24 Aug 2002 (W34),Swansea City AFC (4),2-0,1-0,AFC Bournemouth (4)
?,(Sat) 24 Aug 2002 (W34),Torquay United FC (4),1-1,0-0,Hartlepool United FC (4)
?,(Mon) 26 Aug 2002 (W35),Bury FC (5),4-3,1-0,Shrewsbury Town FC (5)
?,(Mon) 26 Aug 2002 (W35),Exeter City FC (5),1-2,1-2,Torquay United FC (5)
?,(Mon) 26 Aug 2002 (W35),Hartlepool United FC (5),2-0,1-0,Hull City AFC (5)
?,(Mon) 26 Aug 2002 (W35),Leyton Orient FC (5),0-0,0-0,Kidderminster Harriers FC (5)
?,(Mon) 26 Aug 2002 (W35),Lincoln City FC (5),3-0,1-0,Macclesfield Town FC (5)
?,(Mon) 26 Aug 2002 (W35),AFC Rushden & Diamonds (5),2-0,1-0,Scunthorpe United FC (5)
?,(Mon) 26 Aug 2002 (W35),Southend United FC (5),2-1,2-1,Cambridge United FC (5)
?,(Mon) 26 Aug 2002 (W35),Wrexham AFC (5),2-5,2-4,Rochdale AFC (5)
?,(Mon) 26 Aug 2002 (W35),York City FC (5),2-0,1-0,Boston United FC (5)
?,(Tue) 27 Aug 2002 (W35),AFC Bournemouth (5),1-1,1-0,Oxford United FC (5)
?,(Tue) 27 Aug 2002 (W35),Bristol Rovers FC (5),3-1,1-0,Swansea City AFC (5)
?,(Tue) 27 Aug 2002 (W35),Darlington FC (5),2-0,0-0,Carlisle United FC (5)
?,(Sat) 31 Aug 2002 (W35),Boston United FC (6),1-1,0-0,Bury FC (6)
?,(Sat) 31 Aug 2002 (W35),Cambridge United FC (6),4-1,1-0,AFC Rushden & Diamonds (6)
?,(Sat) 31 Aug 2002 (W35),Carlisle United FC (6),0-2,0-2,Exeter City FC (6)
?,(Sat) 31 Aug 2002 (W35),Hull City AFC (6),1-1,1-1,Leyton Orient FC (6)
?,(Sat) 31 Aug 2002 (W35),Kidderminster Harriers FC (6),1-1,0-0,Darlington FC (6)
?,(Sat) 31 Aug 2002 (W35),Macclesfield Town FC (6),0-1,0-1,AFC Bournemouth (6)
?,(Sat) 31 Aug 2002 (W35),Oxford United FC (6),0-1,0-1,Hartlepool United FC (6)
?,(Sat) 31 Aug 2002 (W35),Rochdale AFC (6),1-2,0-1,Southend United FC (6)
?,(Sat) 31 Aug 2002 (W35),Scunthorpe United FC (6),2-2,2-0,Bristol Rovers FC (6)
?,(Sat) 31 Aug 2002 (W35),Shrewsbury Town FC (6),1-2,1-0,Lincoln City FC (6)
?,(Sat) 31 Aug 2002 (W35),Swansea City AFC (6),1-2,0-1,York City FC (6)
?,(Sat) 31 Aug 2002 (W35),Torquay United FC (6),2-1,2-1,Wrexham AFC (6)
?,(Fri) 6 Sep 2002 (W36),Bury FC (7),2-1,2-0,York City FC (7)
?,(Fri) 6 Sep 2002 (W36),Carlisle United FC (7),0-2,0-2,Rochdale AFC (7)
?,(Sat) 7 Sep 2002 (W36),Cambridge United FC (7),1-2,0-0,Hull City AFC (7)
?,(Sat) 7 Sep 2002 (W36),Exeter City FC (7),1-3,1-2,AFC Bournemouth (7)
?,(Sat) 7 Sep 2002 (W36),Kidderminster Harriers FC (7),0-0,0-0,Boston United FC (7)
?,(Sat) 7 Sep 2002 (W36),Lincoln City FC (7),1-0,1-0,Scunthorpe United FC (7)
?,(Sat) 7 Sep 2002 (W36),Oxford United FC (7),2-2,0-0,Torquay United FC (7)
?,(Sat) 7 Sep 2002 (W36),AFC Rushden & Diamonds (7),3-0,2-0,Southend United FC (7)
?,(Sat) 7 Sep 2002 (W36),Shrewsbury Town FC (7),2-1,0-1,Leyton Orient FC (7)
?,(Sat) 7 Sep 2002 (W36),Swansea City AFC (7),2-2,2-2,Hartlepool United FC (7)
?,(Sun) 8 Sep 2002 (W36),Macclesfield Town FC (7),2-1,2-0,Bristol Rovers FC (7)
?,(Sat) 14 Sep 2002 (W37),Boston United FC (8),1-3,0-3,Oxford United FC (8)
?,(Sat) 14 Sep 2002 (W37),AFC Bournemouth (8),1-2,0-1,Bury FC (8)
?,(Sat) 14 Sep 2002 (W37),Bristol Rovers FC (8),1-1,1-1,Exeter City FC (8)
?,(Sat) 14 Sep 2002 (W37),Hartlepool United FC (8),4-1,2-1,Darlington FC (7)
?,(Sat) 14 Sep 2002 (W37),Hull City AFC (8),4-0,1-0,Carlisle United FC (8)
?,(Sat) 14 Sep 2002 (W37),Leyton Orient FC (8),1-1,0-0,Lincoln City FC (8)
?,(Sat) 14 Sep 2002 (W37),Rochdale AFC (8),1-1,0-1,Shrewsbury Town FC (8)
?,(Sat) 14 Sep 2002 (W37),Scunthorpe United FC (8),1-1,0-1,Kidderminster Harriers FC (8)
?,(Sat) 14 Sep 2002 (W37),Southend United FC (8),1-0,1-0,Macclesfield Town FC (8)
?,(Sat) 14 Sep 2002 (W37),Torquay United FC (8),3-2,1-0,Cambridge United FC (8)
?,(Sat) 14 Sep 2002 (W37),Wrexham AFC (7),4-0,3-0,Swansea City AFC (8)
?,(Sat) 14 Sep 2002 (W37),York City FC (8),0-0,0-0,AFC Rushden & Diamonds (8)
?,(Tue) 17 Sep 2002 (W38),AFC Bournemouth (9),3-1,1-1,AFC Rushden & Diamonds (9)
?,(Tue) 17 Sep 2002 (W38),Bristol Rovers FC (9),2-1,2-0,Bury FC (9)
?,(Tue) 17 Sep 2002 (W38),Hartlepool United FC (9),2-1,0-1,Lincoln City FC (9)
?,(Tue) 17 Sep 2002 (W38),Hull City AFC (9),1-3,1-0,Macclesfield Town FC (9)
?,(Tue) 17 Sep 2002 (W38),Leyton Orient FC (9),1-2,0-1,Oxford United FC (9)
?,(Tue) 17 Sep 2002 (W38),Rochdale AFC (9),4-3,1-2,Cambridge United FC (9)
?,(Tue) 17 Sep 2002 (W38),Scunthorpe United FC (9),3-1,1-1,Carlisle United FC (9)
?,(Tue) 17 Sep 2002 (W38),Southend United FC (9),0-2,0-1,Kidderminster Harriers FC (9)
?,(Tue) 17 Sep 2002 (W38),Torquay United FC (9),2-1,1-0,Shrewsbury Town FC (9)
?,(Tue) 17 Sep 2002 (W38),Wrexham AFC (8),4-0,2-0,Exeter City FC (9)
?,(Tue) 17 Sep 2002 (W38),York City FC (9),1-0,0-0,Darlington FC (8)
?,(Wed) 18 Sep 2002 (W38),Boston United FC (9),1-0,1-0,Swansea City AFC (9)
?,(Sat) 21 Sep 2002 (W38),Bury FC (10),1-1,1-0,Hartlepool United FC (10)
?,(Sat) 21 Sep 2002 (W38),Cambridge United FC (10),3-0,1-0,York City FC (10)
?,(Sat) 21 Sep 2002 (W38),Carlisle United FC (10),4-2,4-1,Boston United FC (10)
?,(Sat) 21 Sep 2002 (W38),Darlington FC (9),2-2,1-1,AFC Bournemouth (10)
?,(Sat) 21 Sep 2002 (W38),Exeter City FC (10),1-0,0-0,Leyton Orient FC (10)
?,(Sat) 21 Sep 2002 (W38),Kidderminster Harriers FC (10),0-0,0-0,Rochdale AFC (10)
?,(Sat) 21 Sep 2002 (W38),Lincoln City FC (10),2-1,0-0,Southend United FC (10)
?,(Sat) 21 Sep 2002 (W38),Macclesfield Town FC (10),2-3,0-2,Scunthorpe United FC (10)
?,(Sat) 21 Sep 2002 (W38),Oxford United FC (10),0-0,0-0,Hull City AFC (10)
?,(Sat) 21 Sep 2002 (W38),AFC Rushden & Diamonds (10),2-2,1-1,Wrexham AFC (9)
?,(Sat) 21 Sep 2002 (W38),Shrewsbury Town FC (10),2-5,0-1,Bristol Rovers FC (10)
?,(Sat) 21 Sep 2002 (W38),Swansea City AFC (10),0-1,0-1,Torquay United FC (10)
?,(Tue) 24 Sep 2002 (W39),Darlington FC (10),0-1,0-1,Wrexham AFC (10)
?,(Sat) 28 Sep 2002 (W39),Boston United FC (11),1-3,1-2,Cambridge United FC (11)
?,(Sat) 28 Sep 2002 (W39),AFC Bournemouth (11),3-1,0-0,Carlisle United FC (11)
?,(Sat) 28 Sep 2002 (W39),Bristol Rovers FC (11),1-2,0-1,Kidderminster Harriers FC (11)
?,(Sat) 28 Sep 2002 (W39),Hartlepool United FC (11),1-2,1-0,AFC Rushden & Diamonds (11)
?,(Sat) 28 Sep 2002 (W39),Hull City AFC (11),1-1,1-0,Swansea City AFC (11)
?,(Sat) 28 Sep 2002 (W39),Leyton Orient FC (11),2-1,0-1,Darlington FC (11)
?,(Sat) 28 Sep 2002 (W39),Rochdale AFC (11),3-1,1-1,Macclesfield Town FC (11)
?,(Sat) 28 Sep 2002 (W39),Scunthorpe United FC (11),1-1,0-1,Shrewsbury Town FC (11)
?,(Sat) 28 Sep 2002 (W39),Southend United FC (11),1-0,1-0,Exeter City FC (11)
?,(Sat) 28 Sep 2002 (W39),Torquay United FC (11),0-0,0-0,Lincoln City FC (11)
?,(Sat) 28 Sep 2002 (W39),Wrexham AFC (11),2-2,2-1,Bury FC (11)
?,(Sat) 28 Sep 2002 (W39),York City FC (11),0-1,0-0,Oxford United FC (11)
?,(Sat) 5 Oct 2002 (W40),Bury FC (12),1-3,1-0,Southend United FC (12)
?,(Sat) 5 Oct 2002 (W40),Cambridge United FC (12),2-2,0-1,Wrexham AFC (12)
?,(Sat) 5 Oct 2002 (W40),Carlisle United FC (12),1-2,1-1,Torquay United FC (12)
?,(Sat) 5 Oct 2002 (W40),Darlington FC (12),1-0,1-0,Bristol Rovers FC (12)
?,(Sat) 5 Oct 2002 (W40),Exeter City FC (12),0-1,0-1,York City FC (12)
?,(Sat) 5 Oct 2002 (W40),Kidderminster Harriers FC (12),1-0,0-0,Hull City AFC (12)
?,(Sat) 5 Oct 2002 (W40),Lincoln City FC (12),1-2,1-1,AFC Bournemouth (12)
?,(Sat) 5 Oct 2002 (W40),Macclesfield Town FC (12),2-0,1-0,Boston United FC (12)
?,(Sat) 5 Oct 2002 (W40),Oxford United FC (12),0-1,0-0,Scunthorpe United FC (12)
?,(Sat) 5 Oct 2002 (W40),AFC Rushden & Diamonds (12),2-0,0-0,Leyton Orient FC (12)
?,(Sat) 5 Oct 2002 (W40),Shrewsbury Town FC (12),0-1,0-0,Hartlepool United FC (12)
?,(Sat) 5 Oct 2002 (W40),Swansea City AFC (12),1-1,1-0,Rochdale AFC (12)
?,(Sat) 12 Oct 2002 (W41),Boston United FC (13),2-1,0-1,Torquay United FC (13)
?,(Sat) 12 Oct 2002 (W41),Bristol Rovers FC (13),2-0,1-0,Lincoln City FC (13)
?,(Sat) 12 Oct 2002 (W41),Bury FC (13),2-2,0-1,Darlington FC (13)
?,(Sat) 12 Oct 2002 (W41),Carlisle United FC (13),1-2,0-1,Shrewsbury Town FC (13)
?,(Sat) 12 Oct 2002 (W41),Exeter City FC (13),1-1,1-1,AFC Rushden & Diamonds (13)
?,(Sat) 12 Oct 2002 (W41),Hull City AFC (13),3-0,2-0,Rochdale AFC (13)
?,(Sat) 12 Oct 2002 (W41),Kidderminster Harriers FC (13),0-2,0-1,Macclesfield Town FC (13)
?,(Sat) 12 Oct 2002 (W41),Oxford United FC (13),1-0,0-0,Swansea City AFC (13)
?,(Sat) 12 Oct 2002 (W41),Scunthorpe United FC (13),1-2,1-0,Cambridge United FC (13)
?,(Sat) 12 Oct 2002 (W41),Southend United FC (13),1-0,0-0,York City FC (13)
?,(Sat) 12 Oct 2002 (W41),Wrexham AFC (13),0-0,0-0,Leyton Orient FC (13)
?,(Sun) 13 Oct 2002 (W41),AFC Bournemouth (13),2-1,0-1,Hartlepool United FC (13)
?,(Sat) 19 Oct 2002 (W42),Cambridge United FC (14),1-1,1-0,Oxford United FC (14)
?,(Sat) 19 Oct 2002 (W42),Darlington FC (14),2-3,0-1,Boston United FC (14)
?,(Sat) 19 Oct 2002 (W42),Hartlepool United FC (14),4-3,3-1,Wrexham AFC (14)
?,(Sat) 19 Oct 2002 (W42),Leyton Orient FC (14),0-0,0-0,AFC Bournemouth (14)
?,(Sat) 19 Oct 2002 (W42),Lincoln City FC (14),1-0,0-0,Exeter City FC (14)
?,(Sat) 19 Oct 2002 (W42),Macclesfield Town FC (14),2-2,1-1,Carlisle United FC (14)
?,(Sat) 19 Oct 2002 (W42),Rochdale AFC (14),1-2,0-0,Scunthorpe United FC (14)
?,(Sat) 19 Oct 2002 (W42),AFC Rushden & Diamonds (14),0-1,0-1,Bury FC (14)
?,(Sat) 19 Oct 2002 (W42),Shrewsbury Town FC (14),2-3,2-2,Kidderminster Harriers FC (14)
?,(Sat) 19 Oct 2002 (W42),Swansea City AFC (14),1-0,0-0,Southend United FC (14)
?,(Sat) 19 Oct 2002 (W42),Torquay United FC (14),1-4,0-1,Hull City AFC (14)
?,(Sat) 19 Oct 2002 (W42),York City FC (14),2-2,1-2,Bristol Rovers FC (14)
?,(Fri) 25 Oct 2002 (W43),Southend United FC (15),0-1,0-1,Hartlepool United FC (15)
?,(Sat) 26 Oct 2002 (W43),Boston United FC (15),3-1,1-0,Rochdale AFC (15)
?,(Sat) 26 Oct 2002 (W43),AFC Bournemouth (15),1-0,0-0,York City FC (15)
?,(Sat) 26 Oct 2002 (W43),Bristol Rovers FC (15),1-2,0-0,Leyton Orient FC (15)
?,(Sat) 26 Oct 2002 (W43),Bury FC (15),2-1,1-0,Macclesfield Town FC (15)
?,(Sat) 26 Oct 2002 (W43),Carlisle United FC (15),2-2,1-1,Swansea City AFC (15)
?,(Sat) 26 Oct 2002 (W43),Exeter City FC (15),0-4,0-2,Darlington FC (15)
?,(Sat) 26 Oct 2002 (W43),Hull City AFC (15),1-1,1-1,AFC Rushden & Diamonds (15)
?,(Sat) 26 Oct 2002 (W43),Kidderminster Harriers FC (15),2-1,2-1,Cambridge United FC (15)
?,(Sat) 26 Oct 2002 (W43),Oxford United FC (15),2-2,2-2,Shrewsbury Town FC (15)
?,(Sat) 26 Oct 2002 (W43),Scunthorpe United FC (15),5-1,2-1,Torquay United FC (15)
?,(Sat) 26 Oct 2002 (W43),Wrexham AFC (15),0-2,0-0,Lincoln City FC (15)
?,(Tue) 29 Oct 2002 (W44),Cambridge United FC (16),2-1,1-1,Carlisle United FC (16)
?,(Tue) 29 Oct 2002 (W44),Darlington FC (16),1-1,1-1,Scunthorpe United FC (16)
?,(Tue) 29 Oct 2002 (W44),Hartlepool United FC (16),2-0,1-0,Bristol Rovers FC (16)
?,(Tue) 29 Oct 2002 (W44),Leyton Orient FC (16),2-1,2-0,Southend United FC (16)
?,(Tue) 29 Oct 2002 (W44),Lincoln City FC (16),1-1,1-0,Bury FC (16)
?,(Tue) 29 Oct 2002 (W44),Macclesfield Town FC (16),2-1,0-0,Oxford United FC (16)
?,(Tue) 29 Oct 2002 (W44),Rochdale AFC (16),3-3,1-1,Exeter City FC (16)
?,(Tue) 29 Oct 2002 (W44),AFC Rushden & Diamonds (16),1-0,1-0,Boston United FC (16)
?,(Tue) 29 Oct 2002 (W44),Shrewsbury Town FC (16),1-1,0-0,Hull City AFC (16)
?,(Tue) 29 Oct 2002 (W44),Swansea City AFC (16),0-4,0-1,Kidderminster Harriers FC (16)
?,(Tue) 29 Oct 2002 (W44),Torquay United FC (16),4-0,2-0,AFC Bournemouth (16)
?,(Tue) 29 Oct 2002 (W44),York City FC (16),1-1,0-1,Wrexham AFC (16)
?,(Fri) 1 Nov 2002 (W44),Hartlepool United FC (17),0-0,0-0,York City FC (17)
?,(Sat) 2 Nov 2002 (W44),Boston United FC (17),0-3,0-1,Exeter City FC (17)
?,(Sat) 2 Nov 2002 (W44),AFC Bournemouth (17),1-0,1-0,Bristol Rovers FC (17)
?,(Sat) 2 Nov 2002 (W44),Cambridge United FC (17),1-0,0-0,Swansea City AFC (17)
?,(Sat) 2 Nov 2002 (W44),Carlisle United FC (17),1-0,1-0,Oxford United FC (17)
?,(Sat) 2 Nov 2002 (W44),Darlington FC (17),0-0,0-0,Lincoln City FC (17)
?,(Sat) 2 Nov 2002 (W44),Hull City AFC (17),2-0,0-0,Scunthorpe United FC (17)
?,(Sat) 2 Nov 2002 (W44),Leyton Orient FC (17),1-2,0-1,Bury FC (17)
?,(Sat) 2 Nov 2002 (W44),Macclesfield Town FC (17),1-2,0-1,Shrewsbury Town FC (17)
?,(Sat) 2 Nov 2002 (W44),Rochdale AFC (17),0-1,0-0,AFC Rushden & Diamonds (17)
?,(Sat) 2 Nov 2002 (W44),Southend United FC (17),0-1,0-1,Wrexham AFC (17)
?,(Sat) 9 Nov 2002 (W45),Bristol Rovers FC (18),0-1,0-0,Southend United FC (18)
?,(Sat) 9 Nov 2002 (W45),Bury FC (18),0-1,0-0,Torquay United FC (17)
?,(Sat) 9 Nov 2002 (W45),Exeter City FC (18),1-2,0-0,Hartlepool United FC (18)
?,(Sat) 9 Nov 2002 (W45),Kidderminster Harriers FC (17),1-2,0-1,Carlisle United FC (18)
?,(Sat) 9 Nov 2002 (W45),Lincoln City FC (18),1-1,1-1,Hull City AFC (18)
?,(Sat) 9 Nov 2002 (W45),Oxford United FC (18),2-0,1-0,Rochdale AFC (18)
?,(Sat) 9 Nov 2002 (W45),AFC Rushden & Diamonds (18),2-0,0-0,Darlington FC (18)
?,(Sat) 9 Nov 2002 (W45),Scunthorpe United FC (18),2-0,1-0,Boston United FC (18)
?,(Sat) 9 Nov 2002 (W45),Shrewsbury Town FC (18),3-1,0-0,Cambridge United FC (18)
?,(Sat) 9 Nov 2002 (W45),Swansea City AFC (18),1-0,0-0,Macclesfield Town FC (18)
?,(Sat) 9 Nov 2002 (W45),Wrexham AFC (18),3-2,1-1,AFC Bournemouth (18)
?,(Sat) 9 Nov 2002 (W45),York City FC (18),3-2,1-1,Leyton Orient FC (18)
?,(Tue) 19 Nov 2002 (W47),Torquay United FC (18),2-2,2-0,Kidderminster Harriers FC (18)
?,(Sat) 23 Nov 2002 (W47),Bristol Rovers FC (19),0-3,0-2,Wrexham AFC (19)
?,(Sat) 23 Nov 2002 (W47),Carlisle United FC (19),1-2,0-0,Bury FC (19)
?,(Sat) 23 Nov 2002 (W47),Exeter City FC (19),1-2,1-1,Cambridge United FC (19)
?,(Sat) 23 Nov 2002 (W47),Hull City AFC (19),1-0,0-0,Boston United FC (19)
?,(Sat) 23 Nov 2002 (W47),Leyton Orient FC (19),1-2,0-1,Hartlepool United FC (19)
?,(Sat) 23 Nov 2002 (W47),Lincoln City FC (19),1-2,0-1,AFC Rushden & Diamonds (19)
?,(Sat) 23 Nov 2002 (W47),Macclesfield Town FC (19),3-3,1-3,Torquay United FC (19)
?,(Sat) 23 Nov 2002 (W47),Rochdale AFC (19),0-1,0-0,York City FC (19)
?,(Sat) 23 Nov 2002 (W47),Scunthorpe United FC (19),2-0,2-0,Swansea City AFC (19)
?,(Sat) 23 Nov 2002 (W47),Shrewsbury Town FC (19),2-2,2-0,Darlington FC (19)
?,(Sat) 23 Nov 2002 (W47),Southend United FC (19),0-1,0-0,AFC Bournemouth (19)
?,(Sat) 30 Nov 2002 (W48),Boston United FC (20),0-1,0-1,Leyton Orient FC (20)
?,(Sat) 30 Nov 2002 (W48),AFC Bournemouth (20),2-1,0-1,Scunthorpe United FC (20)
?,(Sat) 30 Nov 2002 (W48),Bury FC (20),1-0,0-0,Exeter City FC (20)
?,(Sat) 30 Nov 2002 (W48),Cambridge United FC (20),3-1,1-1,Macclesfield Town FC (20)
?,(Sat) 30 Nov 2002 (W48),Darlington FC (20),2-1,1-0,Southend United FC (20)
?,(Sat) 30 Nov 2002 (W48),Hartlepool United FC (20),2-1,2-0,Kidderminster Harriers FC (19)
?,(Sat) 30 Nov 2002 (W48),Oxford United FC (19),1-0,0-0,Lincoln City FC (20)
?,(Sat) 30 Nov 2002 (W48),AFC Rushden & Diamonds (20),2-1,1-1,Bristol Rovers FC (20)
?,(Sat) 30 Nov 2002 (W48),Swansea City AFC (20),2-0,1-0,Shrewsbury Town FC (20)
?,(Sat) 30 Nov 2002 (W48),Torquay United FC (20),2-2,0-0,Rochdale AFC (20)
?,(Sat) 30 Nov 2002 (W48),Wrexham AFC (20),0-0,0-0,Hull City AFC (20)
?,(Sat) 30 Nov 2002 (W48),York City FC (20),2-1,1-0,Carlisle United FC (20)
?,(Sat) 14 Dec 2002 (W50),Bristol Rovers FC (21),0-2,0-1,Oxford United FC (20)
?,(Sat) 14 Dec 2002 (W50),Carlisle United FC (21),1-2,1-1,Wrexham AFC (21)
?,(Sat) 14 Dec 2002 (W50),Exeter City FC (21),1-0,0-0,Swansea City AFC (21)
?,(Sat) 14 Dec 2002 (W50),Hull City AFC (21),0-1,0-1,Darlington FC (21)
?,(Sat) 14 Dec 2002 (W50),Kidderminster Harriers FC (20),1-2,1-1,York City FC (21)
?,(Sat) 14 Dec 2002 (W50),Leyton Orient FC (21),2-0,2-0,Torquay United FC (21)
?,(Sat) 14 Dec 2002 (W50),Lincoln City FC (21),2-2,1-1,Cambridge United FC (21)
?,(Sat) 14 Dec 2002 (W50),Macclesfield Town FC (21),0-1,0-0,AFC Rushden & Diamonds (21)
?,(Sat) 14 Dec 2002 (W50),Rochdale AFC (21),4-0,2-0,Hartlepool United FC (21)
?,(Sat) 14 Dec 2002 (W50),Scunthorpe United FC (21),0-1,0-0,Bury FC (21)
?,(Sat) 14 Dec 2002 (W50),Shrewsbury Town FC (21),0-0,0-0,AFC Bournemouth (21)
?,(Sat) 14 Dec 2002 (W50),Southend United FC (21),4-2,3-0,Boston United FC (21)
?,(Fri) 20 Dec 2002 (W51),York City FC (22),1-1,0-1,Lincoln City FC (22)
?,(Sat) 21 Dec 2002 (W51),Boston United FC (22),6-0,4-0,Shrewsbury Town FC (22)
?,(Sat) 21 Dec 2002 (W51),AFC Bournemouth (22),0-0,0-0,Hull City AFC (22)
?,(Sat) 21 Dec 2002 (W51),Bury FC (22),1-1,0-0,Rochdale AFC (22)
?,(Sat) 21 Dec 2002 (W51),Cambridge United FC (22),3-1,1-1,Bristol Rovers FC (22)
?,(Sat) 21 Dec 2002 (W51),Darlington FC (22),0-0,0-0,Macclesfield Town FC (22)
?,(Sat) 21 Dec 2002 (W51),Hartlepool United FC (22),2-2,1-1,Scunthorpe United FC (22)
?,(Sat) 21 Dec 2002 (W51),Oxford United FC (21),2-2,0-0,Exeter City FC (22)
?,(Sat) 21 Dec 2002 (W51),AFC Rushden & Diamonds (22),1-1,1-1,Carlisle United FC (22)
?,(Sat) 21 Dec 2002 (W51),Swansea City AFC (22),0-1,0-0,Leyton Orient FC (22)
?,(Sat) 21 Dec 2002 (W51),Torquay United FC (22),3-1,1-0,Southend United FC (22)
?,(Sat) 21 Dec 2002 (W51),Wrexham AFC (22),0-2,0-1,Kidderminster Harriers FC (21)
?,(Thu) 26 Dec 2002 (W52),Boston United FC (23),3-0,1-0,York City FC (23)
?,(Thu) 26 Dec 2002 (W52),Cambridge United FC (23),1-1,0-1,Southend United FC (23)
?,(Thu) 26 Dec 2002 (W52),Carlisle United FC (23),2-2,2-1,Darlington FC (23)
?,(Thu) 26 Dec 2002 (W52),Hull City AFC (23),2-0,1-0,Hartlepool United FC (23)
?,(Thu) 26 Dec 2002 (W52),Kidderminster Harriers FC (22),3-2,1-1,Leyton Orient FC (23)
?,(Thu) 26 Dec 2002 (W52),Macclesfield Town FC (23),0-1,0-0,Lincoln City FC (23)
?,(Thu) 26 Dec 2002 (W52),Oxford United FC (22),3-0,1-0,AFC Bournemouth (23)
?,(Thu) 26 Dec 2002 (W52),Rochdale AFC (23),2-2,2-1,Wrexham AFC (23)
?,(Thu) 26 Dec 2002 (W52),Scunthorpe United FC (23),0-0,0-0,AFC Rushden & Diamonds (23)
?,(Thu) 26 Dec 2002 (W52),Shrewsbury Town FC (23),4-1,1-0,Bury FC (23)
?,(Thu) 26 Dec 2002 (W52),Swansea City AFC (23),0-1,0-1,Bristol Rovers FC (23)
?,(Sat) 28 Dec 2002 (W52),AFC Bournemouth (24),3-3,2-2,Rochdale AFC (24)
?,(Sat) 28 Dec 2002 (W52),Bristol Rovers FC (24),1-1,0-1,Boston United FC (24)
?,(Sat) 28 Dec 2002 (W52),Darlington FC (24),1-1,1-0,Torquay United FC (23)
?,(Sat) 28 Dec 2002 (W52),Exeter City FC (23),1-1,0-1,Macclesfield Town FC (24)
?,(Sat) 28 Dec 2002 (W52),Hartlepool United FC (24),3-0,1-0,Cambridge United FC (24)
?,(Sat) 28 Dec 2002 (W52),Leyton Orient FC (24),2-1,2-1,Carlisle United FC (24)
?,(Sat) 28 Dec 2002 (W52),Lincoln City FC (24),1-0,0-0,Swansea City AFC (24)
?,(Sat) 28 Dec 2002 (W52),AFC Rushden & Diamonds (24),0-2,0-2,Oxford United FC (23)
?,(Sat) 28 Dec 2002 (W52),York City FC (24),1-1,1-0,Hull City AFC (24)
?,(Sun) 29 Dec 2002 (W52),Bury FC (24),1-1,0-0,Kidderminster Harriers FC (23)
?,(Sun) 29 Dec 2002 (W52),Southend United FC (24),1-2,1-0,Scunthorpe United FC (24)
?,(Wed) 1 Jan 2003 (W1),Bury FC (25),1-0,0-0,Hull City AFC (25)
?,(Wed) 1 Jan 2003 (W1),Hartlepool United FC (25),2-1,0-1,Carlisle United FC (25)
?,(Wed) 1 Jan 2003 (W1),Lincoln City FC (25),1-1,1-0,Boston United FC (25)
?,(Wed) 1 Jan 2003 (W1),AFC Rushden & Diamonds (25),5-1,3-0,Shrewsbury Town FC (24)
?,(Wed) 1 Jan 2003 (W1),Wrexham AFC (24),1-3,1-1,Macclesfield Town FC (25)
?,(Wed) 1 Jan 2003 (W1),York City FC (25),1-3,1-2,Scunthorpe United FC (25)
?,(Sat) 4 Jan 2003 (W1),Boston United FC (26),0-1,0-0,Hartlepool United FC (26)
?,(Sat) 4 Jan 2003 (W1),Carlisle United FC (26),1-0,1-0,Southend United FC (25)
?,(Sat) 4 Jan 2003 (W1),Hull City AFC (26),1-0,1-0,Bristol Rovers FC (25)
?,(Sat) 4 Jan 2003 (W1),Torquay United FC (24),1-1,1-0,AFC Rushden & Diamonds (26)
?,(Sat) 11 Jan 2003 (W2),Hull City AFC (27),2-2,0-0,Exeter City FC (24)
?,(Sat) 11 Jan 2003 (W2),Kidderminster Harriers FC (24),0-2,0-1,AFC Rushden & Diamonds (27)
?,(Sat) 11 Jan 2003 (W2),Scunthorpe United FC (26),2-1,1-1,Leyton Orient FC (25)
?,(Sat) 11 Jan 2003 (W2),Torquay United FC (25),3-1,3-1,York City FC (26)
?,(Tue) 14 Jan 2003 (W3),Bristol Rovers FC (26),1-1,1-1,Torquay United FC (26)
?,(Tue) 14 Jan 2003 (W3),Oxford United FC (24),1-1,0-0,Darlington FC (25)
?,(Tue) 14 Jan 2003 (W3),Shrewsbury Town FC (25),0-1,0-1,Southend United FC (26)
?,(Tue) 14 Jan 2003 (W3),Swansea City AFC (25),2-3,0-3,Bury FC (26)
?,(Sat) 18 Jan 2003 (W3),AFC Bournemouth (25),2-2,0-2,Macclesfield Town FC (26)
?,(Sat) 18 Jan 2003 (W3),Bristol Rovers FC (27),2-1,0-0,Scunthorpe United FC (27)
?,(Sat) 18 Jan 2003 (W3),Bury FC (27),0-0,0-0,Boston United FC (27)
?,(Sat) 18 Jan 2003 (W3),Darlington FC (26),2-1,0-0,Kidderminster Harriers FC (25)
?,(Sat) 18 Jan 2003 (W3),Exeter City FC (25),1-0,0-0,Carlisle United FC (27)
?,(Sat) 18 Jan 2003 (W3),Hartlepool United FC (27),3-1,2-1,Oxford United FC (25)
?,(Sat) 18 Jan 2003 (W3),Leyton Orient FC (26),2-0,2-0,Hull City AFC (28)
?,(Sat) 18 Jan 2003 (W3),Lincoln City FC (26),1-1,1-0,Shrewsbury Town FC (26)
?,(Sat) 18 Jan 2003 (W3),AFC Rushden & Diamonds (28),4-1,1-0,Cambridge United FC (25)
?,(Sat) 18 Jan 2003 (W3),Southend United FC (27),1-0,0-0,Rochdale AFC (25)
?,(Sat) 18 Jan 2003 (W3),Wrexham AFC (25),2-1,1-1,Torquay United FC (27)
?,(Sat) 18 Jan 2003 (W3),York City FC (27),3-1,2-1,Swansea City AFC (26)
?,(Tue) 21 Jan 2003 (W4),Macclesfield Town FC (27),0-1,0-1,Hartlepool United FC (28)
?,(Tue) 21 Jan 2003 (W4),Rochdale AFC (26),0-1,0-0,Lincoln City FC (27)
?,(Tue) 21 Jan 2003 (W4),Scunthorpe United FC (28),1-1,1-0,Exeter City FC (26)
?,(Tue) 21 Jan 2003 (W4),Southend United FC (28),2-1,1-0,Oxford United FC (26)
?,(Sat) 25 Jan 2003 (W4),Boston United FC (28),0-0,0-0,Bristol Rovers FC (28)
?,(Sat) 25 Jan 2003 (W4),Cambridge United FC (26),0-0,0-0,Hartlepool United FC (29)
?,(Sat) 25 Jan 2003 (W4),Carlisle United FC (28),3-0,0-0,Leyton Orient FC (27)
?,(Sat) 25 Jan 2003 (W4),Hull City AFC (29),0-0,0-0,York City FC (28)
?,(Sat) 25 Jan 2003 (W4),Kidderminster Harriers FC (26),3-2,2-0,Bury FC (28)
?,(Sat) 25 Jan 2003 (W4),Macclesfield Town FC (28),1-1,0-0,Exeter City FC (27)
?,(Sat) 25 Jan 2003 (W4),Oxford United FC (27),3-0,0-0,AFC Rushden & Diamonds (29)
?,(Sat) 25 Jan 2003 (W4),Scunthorpe United FC (29),4-1,3-1,Southend United FC (29)
?,(Sat) 25 Jan 2003 (W4),Swansea City AFC (27),2-0,1-0,Lincoln City FC (28)
?,(Sat) 25 Jan 2003 (W4),Torquay United FC (28),3-1,3-1,Darlington FC (27)
?,(Tue) 28 Jan 2003 (W5),Kidderminster Harriers FC (27),1-3,0-2,Oxford United FC (28)
?,(Tue) 28 Jan 2003 (W5),Leyton Orient FC (28),1-1,0-1,Cambridge United FC (27)
?,(Sat) 1 Feb 2003 (W5),AFC Bournemouth (26),2-1,0-0,Boston United FC (29)
?,(Sat) 1 Feb 2003 (W5),Bristol Rovers FC (29),1-2,1-1,Carlisle United FC (29)
?,(Sat) 1 Feb 2003 (W5),Exeter City FC (28),1-1,1-0,Shrewsbury Town FC (27)
?,(Sat) 1 Feb 2003 (W5),Hartlepool United FC (30),3-2,0-1,Torquay United FC (29)
?,(Sat) 1 Feb 2003 (W5),AFC Rushden & Diamonds (30),1-1,0-1,Swansea City AFC (28)
?,(Sat) 1 Feb 2003 (W5),Southend United FC (30),3-0,3-0,Hull City AFC (30)
?,(Sat) 1 Feb 2003 (W5),Wrexham AFC (26),2-1,1-0,Scunthorpe United FC (30)
?,(Sun) 2 Feb 2003 (W5),York City FC (29),2-1,1-0,Macclesfield Town FC (29)
?,(Tue) 4 Feb 2003 (W6),Cambridge United FC (28),1-2,1-0,Bury FC (29)
?,(Tue) 4 Feb 2003 (W6),Carlisle United FC (30),1-4,0-2,Lincoln City FC (29)
?,(Tue) 4 Feb 2003 (W6),Kidderminster Harriers FC (28),1-0,0-0,AFC Bournemouth (27)
?,(Tue) 4 Feb 2003 (W6),Oxford United FC (29),0-2,0-0,Wrexham AFC (27)
?,(Tue) 4 Feb 2003 (W6),Swansea City AFC (29),1-0,1-0,Darlington FC (28)
?,(Sat) 8 Feb 2003 (W6),Boston United FC (30),1-0,0-0,Scunthorpe United FC (31)
?,(Sat) 8 Feb 2003 (W6),AFC Bournemouth (28),2-0,0-0,Wrexham AFC (28)
?,(Sat) 8 Feb 2003 (W6),Cambridge United FC (29),5-0,2-0,Shrewsbury Town FC (28)
?,(Sat) 8 Feb 2003 (W6),Carlisle United FC (31),2-2,2-1,Kidderminster Harriers FC (29)
?,(Sat) 8 Feb 2003 (W6),Darlington FC (29),2-2,0-0,AFC Rushden & Diamonds (31)
?,(Sat) 8 Feb 2003 (W6),Hartlepool United FC (31),2-1,0-0,Exeter City FC (29)
?,(Sat) 8 Feb 2003 (W6),Hull City AFC (31),0-1,0-0,Lincoln City FC (30)
?,(Sat) 8 Feb 2003 (W6),Leyton Orient FC (29),0-1,0-0,York City FC (30)
?,(Sat) 8 Feb 2003 (W6),Macclesfield Town FC (30),1-3,1-1,Swansea City AFC (30)
?,(Sat) 8 Feb 2003 (W6),Rochdale AFC (27),2-1,1-0,Oxford United FC (30)
?,(Sat) 8 Feb 2003 (W6),Southend United FC (31),2-2,1-0,Bristol Rovers FC (30)
?,(Sat) 8 Feb 2003 (W6),Torquay United FC (30),1-1,1-1,Bury FC (30)
?,(Tue) 11 Feb 2003 (W7),AFC Bournemouth (29),3-0,1-0,Swansea City AFC (31)
?,(Tue) 11 Feb 2003 (W7),Darlington FC (30),0-1,0-1,Rochdale AFC (28)
?,(Tue) 11 Feb 2003 (W7),Shrewsbury Town FC (29),2-2,1-0,York City FC (31)
?,(Tue) 11 Feb 2003 (W7),Torquay United FC (31),1-0,1-0,Exeter City FC (30)
?,(Sat) 15 Feb 2003 (W7),Bristol Rovers FC (31),0-0,0-0,AFC Bournemouth (30)
?,(Sat) 15 Feb 2003 (W7),Bury FC (31),0-1,0-0,Leyton Orient FC (30)
?,(Sat) 15 Feb 2003 (W7),Exeter City FC (31),0-2,0-1,Boston United FC (31)
?,(Sat) 15 Feb 2003 (W7),Kidderminster Harriers FC (30),2-0,1-0,Torquay United FC (32)
?,(Sat) 15 Feb 2003 (W7),Lincoln City FC (31),1-1,1-1,Darlington FC (31)
?,(Sat) 15 Feb 2003 (W7),Scunthorpe United FC (32),3-1,0-0,Hull City AFC (32)
?,(Sat) 15 Feb 2003 (W7),Swansea City AFC (32),2-0,0-0,Cambridge United FC (30)
?,(Sat) 15 Feb 2003 (W7),Wrexham AFC (29),3-0,1-0,Southend United FC (32)
?,(Sat) 15 Feb 2003 (W7),York City FC (32),0-0,0-0,Hartlepool United FC (32)
?,(Tue) 18 Feb 2003 (W8),Exeter City FC (32),2-5,1-3,Kidderminster Harriers FC (31)
?,(Sat) 22 Feb 2003 (W8),Boston United FC (32),3-0,2-0,Kidderminster Harriers FC (32)
?,(Sat) 22 Feb 2003 (W8),AFC Bournemouth (31),2-0,1-0,Exeter City FC (33)
?,(Sat) 22 Feb 2003 (W8),Bristol Rovers FC (32),1-1,0-0,Macclesfield Town FC (31)
?,(Sat) 22 Feb 2003 (W8),Hartlepool United FC (33),4-0,2-0,Swansea City AFC (33)
?,(Sat) 22 Feb 2003 (W8),Hull City AFC (33),1-1,0-1,Cambridge United FC (31)
?,(Sat) 22 Feb 2003 (W8),Leyton Orient FC (31),0-2,0-0,Shrewsbury Town FC (30)
?,(Sat) 22 Feb 2003 (W8),Rochdale AFC (29),0-1,0-0,Carlisle United FC (32)
?,(Sat) 22 Feb 2003 (W8),Scunthorpe United FC (33),0-0,0-0,Lincoln City FC (32)
?,(Sat) 22 Feb 2003 (W8),Southend United FC (33),2-1,2-1,AFC Rushden & Diamonds (32)
?,(Sat) 22 Feb 2003 (W8),Torquay United FC (33),2-3,0-0,Oxford United FC (31)
?,(Sat) 22 Feb 2003 (W8),York City FC (33),1-1,0-0,Bury FC (32)
?,(Sun) 23 Feb 2003 (W8),Wrexham AFC (30),0-0,0-0,Darlington FC (32)
?,(Tue) 25 Feb 2003 (W9),Leyton Orient FC (32),0-1,0-1,Rochdale AFC (30)
?,(Sat) 1 Mar 2003 (W9),Bury FC (33),2-1,1-1,AFC Bournemouth (32)
?,(Sat) 1 Mar 2003 (W9),Cambridge United FC (32),0-1,0-1,Torquay United FC (34)
?,(Sat) 1 Mar 2003 (W9),Carlisle United FC (33),1-5,0-3,Hull City AFC (34)
?,(Sat) 1 Mar 2003 (W9),Darlington FC (33),2-2,1-0,Hartlepool United FC (34)
?,(Sat) 1 Mar 2003 (W9),Exeter City FC (34),0-0,0-0,Bristol Rovers FC (33)
?,(Sat) 1 Mar 2003 (W9),Kidderminster Harriers FC (33),1-3,0-2,Scunthorpe United FC (34)
?,(Sat) 1 Mar 2003 (W9),Lincoln City FC (33),1-1,0-0,Leyton Orient FC (33)
?,(Sat) 1 Mar 2003 (W9),Macclesfield Town FC (32),2-1,0-0,Southend United FC (34)
?,(Sat) 1 Mar 2003 (W9),Oxford United FC (32),2-1,1-0,Boston United FC (33)
?,(Sat) 1 Mar 2003 (W9),AFC Rushden & Diamonds (33),2-1,1-0,York City FC (34)
?,(Sat) 1 Mar 2003 (W9),Shrewsbury Town FC (31),3-1,2-0,Rochdale AFC (31)
?,(Sat) 1 Mar 2003 (W9),Swansea City AFC (34),0-0,0-0,Wrexham AFC (31)
?,(Tue) 4 Mar 2003 (W10),Bury FC (34),0-1,0-0,Bristol Rovers FC (34)
?,(Tue) 4 Mar 2003 (W10),Cambridge United FC (33),2-2,2-1,Rochdale AFC (32)
?,(Tue) 4 Mar 2003 (W10),Darlington FC (34),2-1,1-0,York City FC (35)
?,(Tue) 4 Mar 2003 (W10),Exeter City FC (35),1-0,0-0,Wrexham AFC (32)
?,(Tue) 4 Mar 2003 (W10),Kidderminster Harriers FC (34),1-0,0-0,Southend United FC (35)
?,(Tue) 4 Mar 2003 (W10),Lincoln City FC (34),3-0,1-0,Hartlepool United FC (35)
?,(Tue) 4 Mar 2003 (W10),Macclesfield Town FC (33),0-1,0-1,Hull City AFC (35)
?,(Tue) 4 Mar 2003 (W10),Oxford United FC (33),0-2,0-1,Leyton Orient FC (34)
?,(Tue) 4 Mar 2003 (W10),AFC Rushden & Diamonds (34),2-1,1-1,AFC Bournemouth (33)
?,(Tue) 4 Mar 2003 (W10),Swansea City AFC (35),0-0,0-0,Boston United FC (34)
?,(Fri) 7 Mar 2003 (W10),Hartlepool United FC (36),0-0,0-0,Bury FC (35)
?,(Sat) 8 Mar 2003 (W10),Boston United FC (35),0-0,0-0,Carlisle United FC (34)
?,(Sat) 8 Mar 2003 (W10),AFC Bournemouth (34),2-0,1-0,Darlington FC (35)
?,(Sat) 8 Mar 2003 (W10),Bristol Rovers FC (35),0-0,0-0,Shrewsbury Town FC (32)
?,(Sat) 8 Mar 2003 (W10),Hull City AFC (36),0-0,0-0,Oxford United FC (34)
?,(Sat) 8 Mar 2003 (W10),Leyton Orient FC (35),1-1,1-0,Exeter City FC (36)
?,(Sat) 8 Mar 2003 (W10),Scunthorpe United FC (35),1-1,0-0,Macclesfield Town FC (34)
?,(Sat) 8 Mar 2003 (W10),Southend United FC (36),0-1,0-1,Lincoln City FC (35)
?,(Sat) 8 Mar 2003 (W10),Torquay United FC (35),0-0,0-0,Swansea City AFC (36)
?,(Sat) 8 Mar 2003 (W10),Wrexham AFC (33),3-0,1-0,AFC Rushden & Diamonds (35)
?,(Sat) 8 Mar 2003 (W10),York City FC (36),3-1,0-1,Cambridge United FC (34)
?,(Tue) 11 Mar 2003 (W11),Carlisle United FC (35),1-2,1-1,Scunthorpe United FC (36)
?,(Tue) 11 Mar 2003 (W11),Darlington FC (36),1-2,0-1,Cambridge United FC (35)
?,(Tue) 11 Mar 2003 (W11),Macclesfield Town FC (35),3-1,1-1,Leyton Orient FC (36)
?,(Tue) 11 Mar 2003 (W11),Rochdale AFC (33),1-1,0-1,AFC Bournemouth (35)
?,(Tue) 11 Mar 2003 (W11),Wrexham AFC (34),3-3,1-2,Shrewsbury Town FC (33)
?,(Sat) 15 Mar 2003 (W11),Cambridge United FC (36),0-2,0-0,Kidderminster Harriers FC (35)
?,(Sat) 15 Mar 2003 (W11),Darlington FC (37),2-2,0-1,Exeter City FC (37)
?,(Sat) 15 Mar 2003 (W11),Hartlepool United FC (37),2-1,1-0,Southend United FC (37)
?,(Sat) 15 Mar 2003 (W11),Leyton Orient FC (37),1-2,1-1,Bristol Rovers FC (36)
?,(Sat) 15 Mar 2003 (W11),Lincoln City FC (36),1-1,0-0,Wrexham AFC (35)
?,(Sat) 15 Mar 2003 (W11),Macclesfield Town FC (36),0-0,0-0,Bury FC (36)
?,(Sat) 15 Mar 2003 (W11),Rochdale AFC (34),1-0,0-0,Boston United FC (36)
?,(Sat) 15 Mar 2003 (W11),AFC Rushden & Diamonds (36),4-2,1-0,Hull City AFC (37)
?,(Sat) 15 Mar 2003 (W11),Shrewsbury Town FC (34),1-2,1-1,Oxford United FC (35)
?,(Sat) 15 Mar 2003 (W11),Swansea City AFC (37),1-2,0-0,Carlisle United FC (36)
?,(Sat) 15 Mar 2003 (W11),Torquay United FC (36),1-1,0-1,Scunthorpe United FC (37)
?,(Sat) 15 Mar 2003 (W11),York City FC (37),1-0,0-0,AFC Bournemouth (36)
?,(Tue) 18 Mar 2003 (W12),AFC Bournemouth (37),3-1,2-0,Leyton Orient FC (38)
?,(Tue) 18 Mar 2003 (W12),Bristol Rovers FC (37),0-1,0-1,York City FC (38)
?,(Tue) 18 Mar 2003 (W12),Bury FC (37),0-1,0-0,AFC Rushden & Diamonds (37)
?,(Tue) 18 Mar 2003 (W12),Carlisle United FC (37),1-0,1-0,Macclesfield Town FC (37)
?,(Tue) 18 Mar 2003 (W12),Exeter City FC (38),2-0,2-0,Lincoln City FC (37)
?,(Tue) 18 Mar 2003 (W12),Hull City AFC (38),1-1,0-0,Torquay United FC (37)
?,(Tue) 18 Mar 2003 (W12),Kidderminster Harriers FC (36),2-2,0-2,Shrewsbury Town FC (35)
?,(Tue) 18 Mar 2003 (W12),Oxford United FC (36),1-1,0-0,Cambridge United FC (37)
?,(Tue) 18 Mar 2003 (W12),Scunthorpe United FC (38),3-1,2-1,Rochdale AFC (35)
?,(Tue) 18 Mar 2003 (W12),Southend United FC (38),0-2,0-0,Swansea City AFC (38)
?,(Tue) 18 Mar 2003 (W12),Wrexham AFC (36),2-0,1-0,Hartlepool United FC (38)
?,(Wed) 19 Mar 2003 (W12),Boston United FC (37),1-0,1-0,Darlington FC (38)
?,(Sat) 22 Mar 2003 (W12),Boston United FC (38),1-1,0-0,AFC Rushden & Diamonds (38)
?,(Sat) 22 Mar 2003 (W12),AFC Bournemouth (38),1-1,0-0,Torquay United FC (38)
?,(Sat) 22 Mar 2003 (W12),Bristol Rovers FC (38),1-0,1-0,Hartlepool United FC (39)
?,(Sat) 22 Mar 2003 (W12),Bury FC (38),2-0,2-0,Lincoln City FC (38)
?,(Sat) 22 Mar 2003 (W12),Carlisle United FC (38),0-1,0-1,Cambridge United FC (38)
?,(Sat) 22 Mar 2003 (W12),Exeter City FC (39),1-1,1-1,Rochdale AFC (36)
?,(Sat) 22 Mar 2003 (W12),Hull City AFC (39),2-0,0-0,Shrewsbury Town FC (36)
?,(Sat) 22 Mar 2003 (W12),Kidderminster Harriers FC (37),2-2,2-2,Swansea City AFC (39)
?,(Sat) 22 Mar 2003 (W12),Oxford United FC (37),0-1,0-1,Macclesfield Town FC (38)
?,(Sat) 22 Mar 2003 (W12),Scunthorpe United FC (39),0-1,0-0,Darlington FC (39)
?,(Sat) 22 Mar 2003 (W12),Southend United FC (39),1-0,1-0,Leyton Orient FC (39)
?,(Sat) 22 Mar 2003 (W12),Wrexham AFC (37),1-1,0-1,York City FC (39)
?,(Mon) 24 Mar 2003 (W13),AFC Rushden & Diamonds (39),3-3,0-1,Rochdale AFC (37)
?,(Tue) 25 Mar 2003 (W13),Bury FC (39),1-1,1-1,Oxford United FC (38)
?,(Tue) 25 Mar 2003 (W13),Cambridge United FC (39),2-1,1-1,AFC Bournemouth (39)
?,(Tue) 25 Mar 2003 (W13),Lincoln City FC (39),1-0,1-0,Kidderminster Harriers FC (38)
?,(Tue) 25 Mar 2003 (W13),Shrewsbury Town FC (37),2-3,0-1,Torquay United FC (39)
?,(Sat) 29 Mar 2003 (W13),Cambridge United FC (40),1-1,1-0,Scunthorpe United FC (40)
?,(Sat) 29 Mar 2003 (W13),Darlington FC (40),3-1,1-1,Bury FC (40)
?,(Sat) 29 Mar 2003 (W13),Hartlepool United FC (40),0-0,0-0,AFC Bournemouth (40)
?,(Sat) 29 Mar 2003 (W13),Lincoln City FC (40),2-1,2-1,Bristol Rovers FC (39)
?,(Sat) 29 Mar 2003 (W13),Macclesfield Town FC (39),2-0,0-0,Kidderminster Harriers FC (39)
?,(Sat) 29 Mar 2003 (W13),AFC Rushden & Diamonds (40),1-0,0-0,Exeter City FC (40)
?,(Sat) 29 Mar 2003 (W13),Torquay United FC (40),1-1,0-0,Boston United FC (39)
?,(Sat) 29 Mar 2003 (W13),York City FC (40),2-0,2-0,Southend United FC (40)
?,(Fri) 28 Mar 2003 (W13),Swansea City AFC (40),3-2,1-1,Oxford United FC (39)
?,(Tue) 1 Apr 2003 (W14),Oxford United FC (40),0-0,0-0,Carlisle United FC (39)
?,(Wed) 2 Apr 2003 (W14),Boston United FC (40),3-3,1-1,Wrexham AFC (38)
?,(Sat) 5 Apr 2003 (W14),Bristol Rovers FC (40),1-2,1-1,AFC Rushden & Diamonds (41)
?,(Sat) 5 Apr 2003 (W14),Exeter City FC (41),1-2,0-2,Bury FC (41)
?,(Sat) 5 Apr 2003 (W14),Hull City AFC (40),1-2,0-0,Wrexham AFC (39)
?,(Sat) 5 Apr 2003 (W14),Kidderminster Harriers FC (40),2-2,2-0,Hartlepool United FC (41)
?,(Sat) 5 Apr 2003 (W14),Leyton Orient FC (40),3-2,2-1,Boston United FC (41)
?,(Sat) 5 Apr 2003 (W14),Lincoln City FC (41),0-1,0-1,Oxford United FC (41)
?,(Sat) 5 Apr 2003 (W14),Macclesfield Town FC (40),1-1,1-0,Cambridge United FC (41)
?,(Sat) 5 Apr 2003 (W14),Rochdale AFC (38),0-2,0-1,Torquay United FC (41)
?,(Sat) 5 Apr 2003 (W14),Scunthorpe United FC (41),0-2,0-0,AFC Bournemouth (41)
?,(Sat) 5 Apr 2003 (W14),Shrewsbury Town FC (38),0-0,0-0,Swansea City AFC (41)
?,(Sat) 5 Apr 2003 (W14),Southend United FC (41),2-0,2-0,Darlington FC (41)
?,(Tue) 8 Apr 2003 (W15),Rochdale AFC (39),1-1,1-1,Bristol Rovers FC (41)
?,(Wed) 9 Apr 2003 (W15),Shrewsbury Town FC (39),1-2,0-1,Wrexham AFC (40)
?,(Sat) 12 Apr 2003 (W15),Boston United FC (42),0-1,0-0,Hull City AFC (41)
?,(Sat) 12 Apr 2003 (W15),AFC Bournemouth (42),1-0,1-0,Southend United FC (42)
?,(Sat) 12 Apr 2003 (W15),Bury FC (42),1-1,1-0,Carlisle United FC (40)
?,(Sat) 12 Apr 2003 (W15),Cambridge United FC (42),2-1,0-1,Exeter City FC (42)
?,(Sat) 12 Apr 2003 (W15),Darlington FC (42),5-1,3-0,Shrewsbury Town FC (40)
?,(Sat) 12 Apr 2003 (W15),Hartlepool United FC (42),4-1,1-0,Leyton Orient FC (41)
?,(Sat) 12 Apr 2003 (W15),Oxford United FC (42),2-1,1-1,Kidderminster Harriers FC (41)
?,(Sat) 12 Apr 2003 (W15),AFC Rushden & Diamonds (42),1-0,1-0,Lincoln City FC (42)
?,(Sat) 12 Apr 2003 (W15),Swansea City AFC (42),1-1,1-0,Scunthorpe United FC (42)
?,(Sat) 12 Apr 2003 (W15),Torquay United FC (42),2-2,1-2,Macclesfield Town FC (41)
?,(Sat) 12 Apr 2003 (W15),Wrexham AFC (41),3-2,2-1,Bristol Rovers FC (42)
?,(Sat) 12 Apr 2003 (W15),York City FC (41),2-2,1-1,Rochdale AFC (40)
?,(Tue) 15 Apr 2003 (W16),Carlisle United FC (41),1-1,0-0,York City FC (42)
?,(Tue) 15 Apr 2003 (W16),Rochdale AFC (41),0-1,0-0,Kidderminster Harriers FC (42)
?,(Tue) 15 Apr 2003 (W16),Shrewsbury Town FC (41),2-3,2-2,Macclesfield Town FC (42)
?,(Fri) 18 Apr 2003 (W16),Rochdale AFC (42),1-2,1-1,Bury FC (43)
?,(Sat) 19 Apr 2003 (W16),Bristol Rovers FC (43),3-1,1-0,Cambridge United FC (43)
?,(Sat) 19 Apr 2003 (W16),Carlisle United FC (42),1-2,0-0,AFC Rushden & Diamonds (43)
?,(Sat) 19 Apr 2003 (W16),Exeter City FC (43),2-2,2-1,Oxford United FC (43)
?,(Sat) 19 Apr 2003 (W16),Hull City AFC (42),3-1,2-1,AFC Bournemouth (43)
?,(Sat) 19 Apr 2003 (W16),Kidderminster Harriers FC (43),0-2,0-1,Wrexham AFC (42)
?,(Sat) 19 Apr 2003 (W16),Leyton Orient FC (42),3-1,1-1,Swansea City AFC (43)
?,(Sat) 19 Apr 2003 (W16),Lincoln City FC (43),1-0,1-0,York City FC (43)
?,(Sat) 19 Apr 2003 (W16),Macclesfield Town FC (43),1-0,1-0,Darlington FC (43)
?,(Sat) 19 Apr 2003 (W16),Scunthorpe United FC (43),4-0,1-0,Hartlepool United FC (43)
?,(Sat) 19 Apr 2003 (W16),Shrewsbury Town FC (42),1-2,0-1,Boston United FC (43)
?,(Sat) 19 Apr 2003 (W16),Southend United FC (43),3-0,2-0,Torquay United FC (43)
?,(Mon) 21 Apr 2003 (W17),Boston United FC (44),1-0,0-0,Southend United FC (44)
?,(Mon) 21 Apr 2003 (W17),AFC Bournemouth (44),2-1,2-1,Shrewsbury Town FC (43)
?,(Mon) 21 Apr 2003 (W17),Bury FC (44),0-0,0-0,Scunthorpe United FC (44)
?,(Mon) 21 Apr 2003 (W17),Darlington FC (44),2-0,0-0,Hull City AFC (43)
?,(Mon) 21 Apr 2003 (W17),Hartlepool United FC (44),2-2,1-2,Rochdale AFC (43)
?,(Mon) 21 Apr 2003 (W17),Oxford United FC (44),0-1,0-0,Bristol Rovers FC (44)
?,(Mon) 21 Apr 2003 (W17),AFC Rushden & Diamonds (44),3-0,1-0,Macclesfield Town FC (44)
?,(Mon) 21 Apr 2003 (W17),Swansea City AFC (44),0-1,0-0,Exeter City FC (44)
?,(Mon) 21 Apr 2003 (W17),Torquay United FC (44),2-2,1-1,Leyton Orient FC (43)
?,(Mon) 21 Apr 2003 (W17),Wrexham AFC (43),6-1,3-0,Carlisle United FC (43)
?,(Mon) 21 Apr 2003 (W17),York City FC (44),0-0,0-0,Kidderminster Harriers FC (44)
?,(Tue) 22 Apr 2003 (W17),Cambridge United FC (44),0-0,0-0,Lincoln City FC (44)
?,(Sat) 26 Apr 2003 (W17),Boston United FC (45),2-1,1-0,Macclesfield Town FC (45)
?,(Sat) 26 Apr 2003 (W17),AFC Bournemouth (45),0-1,0-1,Lincoln City FC (45)
?,(Sat) 26 Apr 2003 (W17),Bristol Rovers FC (45),2-1,1-0,Darlington FC (45)
?,(Sat) 26 Apr 2003 (W17),Hartlepool United FC (45),3-0,2-0,Shrewsbury Town FC (44)
?,(Sat) 26 Apr 2003 (W17),Hull City AFC (44),4-1,2-0,Kidderminster Harriers FC (45)
?,(Sat) 26 Apr 2003 (W17),Leyton Orient FC (44),0-0,0-0,AFC Rushden & Diamonds (45)
?,(Sat) 26 Apr 2003 (W17),Rochdale AFC (44),1-2,1-1,Swansea City AFC (45)
?,(Sat) 26 Apr 2003 (W17),Scunthorpe United FC (45),2-0,1-0,Oxford United FC (45)
?,(Sat) 26 Apr 2003 (W17),Southend United FC (45),1-2,1-1,Bury FC (45)
?,(Sat) 26 Apr 2003 (W17),Torquay United FC (45),2-3,0-3,Carlisle United FC (44)
?,(Sat) 26 Apr 2003 (W17),Wrexham AFC (44),5-0,3-0,Cambridge United FC (45)
?,(Sat) 26 Apr 2003 (W17),York City FC (45),0-2,0-1,Exeter City FC (45)
?,(Tue) 29 Apr 2003 (W18),Leyton Orient FC (45),0-1,0-1,Wrexham AFC (45)
?,(Tue) 29 Apr 2003 (W18),Rochdale AFC (45),2-1,2-0,Hull City AFC (45)
?,(Tue) 29 Apr 2003 (W18),Shrewsbury Town FC (45),2-3,1-2,Carlisle United FC (45)
?,(Sat) 3 May 2003 (W18),Bury FC (46),0-3,0-1,Wrexham AFC (46)
?,(Sat) 3 May 2003 (W18),Cambridge United FC (46),1-2,0-1,Boston United FC (46)
?,(Sat) 3 May 2003 (W18),Carlisle United FC (46),0-2,0-0,AFC Bournemouth (46)
?,(Sat) 3 May 2003 (W18),Darlington FC (46),2-2,1-2,Leyton Orient FC (46)
?,(Sat) 3 May 2003 (W18),Exeter City FC (46),1-0,0-0,Southend United FC (46)
?,(Sat) 3 May 2003 (W18),Kidderminster Harriers FC (46),1-1,1-0,Bristol Rovers FC (46)
?,(Sat) 3 May 2003 (W18),Lincoln City FC (46),1-1,0-1,Torquay United FC (46)
?,(Sat) 3 May 2003 (W18),Macclesfield Town FC (46),3-2,0-1,Rochdale AFC (46)
?,(Sat) 3 May 2003 (W18),Oxford United FC (46),2-0,1-0,York City FC (46)
?,(Sat) 3 May 2003 (W18),AFC Rushden & Diamonds (46),1-1,1-0,Hartlepool United FC (46)
?,(Sat) 3 May 2003 (W18),Shrewsbury Town FC (46),1-2,1-0,Scunthorpe United FC (46)
?,(Sat) 3 May 2003 (W18),Swansea City AFC (46),4-2,2-2,Hull City AFC (46)
