Round,Date,Team 1,FT,HT,Team 2
?,(Sat) 11 Aug 2007 (W32),Altrincham FC (1),1-4,1-0,Exeter City FC (1)
?,(Sat) 11 Aug 2007 (W32),Crawley Town FC (1),2-1,2-0,Stevenage FC (1)
?,(Sat) 11 Aug 2007 (W32),Droylsden FC (1),0-0,0-0,Salisbury City FC (1)
?,(Sat) 11 Aug 2007 (W32),Ebbsfleet United FC (1),2-1,1-0,Northwich Victoria FC (1)
?,(Sat) 11 Aug 2007 (W32),Farsley Celtic FC (1),1-0,1-0,Stafford Rangers FC (1)
?,(Sat) 11 Aug 2007 (W32),Histon FC (1),2-2,0-0,Burton Albion FC (1)
?,(Sat) 11 Aug 2007 (W32),Kidderminster Harriers FC (1),1-2,0-0,Aldershot Town FC (1)
?,(Sat) 11 Aug 2007 (W32),Oxford United FC (1),1-0,0-0,Forest Green Rovers FC (1)
?,(Sat) 11 Aug 2007 (W32),Weymouth FC (1),2-1,0-0,FC Halifax Town (1)
?,(Sat) 11 Aug 2007 (W32),Woking FC (1),1-1,0-0,AFC Rushden & Diamonds (1)
?,(Sat) 11 Aug 2007 (W32),York City FC (1),1-2,1-0,Cambridge United FC (1)
?,(Sun) 12 Aug 2007 (W32),Torquay United FC (1),0-0,0-0,Grays Athletic FC (1)
?,(Tue) 14 Aug 2007 (W33),Burton Albion FC (2),4-3,1-1,York City FC (2)
?,(Tue) 14 Aug 2007 (W33),Exeter City FC (2),2-0,1-0,Crawley Town FC (2)
?,(Tue) 14 Aug 2007 (W33),Forest Green Rovers FC (2),3-2,3-1,Weymouth FC (2)
?,(Tue) 14 Aug 2007 (W33),FC Halifax Town (2),2-2,2-2,Altrincham FC (2)
?,(Tue) 14 Aug 2007 (W33),Northwich Victoria FC (2),3-3,2-2,Droylsden FC (2)
?,(Tue) 14 Aug 2007 (W33),AFC Rushden & Diamonds (2),1-0,1-0,Farsley Celtic FC (2)
?,(Tue) 14 Aug 2007 (W33),Salisbury City FC (2),2-1,1-1,Ebbsfleet United FC (2)
?,(Tue) 14 Aug 2007 (W33),Stafford Rangers FC (2),1-3,1-1,Kidderminster Harriers FC (2)
?,(Tue) 14 Aug 2007 (W33),Stevenage FC (2),2-1,1-0,Histon FC (2)
?,(Wed) 15 Aug 2007 (W33),Aldershot Town FC (2),0-3,0-2,Torquay United FC (2)
?,(Wed) 15 Aug 2007 (W33),Grays Athletic FC (2),1-1,0-0,Woking FC (2)
?,(Thu) 16 Aug 2007 (W33),Cambridge United FC (2),2-1,1-0,Oxford United FC (2)
?,(Sat) 18 Aug 2007 (W33),Aldershot Town FC (3),3-1,0-1,Droylsden FC (3)
?,(Sat) 18 Aug 2007 (W33),Forest Green Rovers FC (3),3-1,1-1,Altrincham FC (3)
?,(Sat) 18 Aug 2007 (W33),Grays Athletic FC (3),5-1,4-0,Kidderminster Harriers FC (3)
?,(Sat) 18 Aug 2007 (W33),FC Halifax Town (3),0-0,0-0,Histon FC (3)
?,(Sat) 18 Aug 2007 (W33),Northwich Victoria FC (3),1-3,0-2,Torquay United FC (3)
?,(Sat) 18 Aug 2007 (W33),AFC Rushden & Diamonds (3),0-1,0-1,Ebbsfleet United FC (3)
?,(Sat) 18 Aug 2007 (W33),Salisbury City FC (3),4-1,2-0,Crawley Town FC (3)
?,(Sat) 18 Aug 2007 (W33),Stafford Rangers FC (3),0-1,0-0,Woking FC (3)
?,(Sat) 18 Aug 2007 (W33),Stevenage FC (3),3-0,1-0,Weymouth FC (3)
?,(Sun) 19 Aug 2007 (W33),Burton Albion FC (3),1-2,1-1,Oxford United FC (3)
?,(Mon) 20 Aug 2007 (W34),Exeter City FC (3),1-1,1-0,York City FC (3)
?,(Tue) 21 Aug 2007 (W34),Cambridge United FC (3),5-1,3-0,Farsley Celtic FC (3)
?,(Thu) 23 Aug 2007 (W34),Weymouth FC (4),1-2,1-2,Burton Albion FC (4)
?,(Fri) 24 Aug 2007 (W34),Histon FC (4),1-2,0-2,Aldershot Town FC (4)
?,(Fri) 24 Aug 2007 (W34),Kidderminster Harriers FC (4),0-2,0-2,Stevenage FC (4)
?,(Fri) 24 Aug 2007 (W34),York City FC (4),0-2,0-0,Forest Green Rovers FC (4)
?,(Sat) 25 Aug 2007 (W34),Altrincham FC (4),0-1,0-0,Grays Athletic FC (4)
?,(Sat) 25 Aug 2007 (W34),Crawley Town FC (4),2-1,1-1,Northwich Victoria FC (4)
?,(Sat) 25 Aug 2007 (W34),Droylsden FC (4),2-3,0-1,Exeter City FC (4)
?,(Sat) 25 Aug 2007 (W34),Ebbsfleet United FC (4),1-0,0-0,FC Halifax Town (4)
?,(Sat) 25 Aug 2007 (W34),Farsley Celtic FC (4),2-2,1-1,Salisbury City FC (4)
?,(Sat) 25 Aug 2007 (W34),Oxford United FC (4),2-1,1-0,Stafford Rangers FC (4)
?,(Sat) 25 Aug 2007 (W34),Torquay United FC (4),3-2,0-0,AFC Rushden & Diamonds (4)
?,(Sat) 25 Aug 2007 (W34),Woking FC (4),0-0,0-0,Cambridge United FC (4)
?,(Mon) 27 Aug 2007 (W35),Aldershot Town FC (5),0-1,0-0,Crawley Town FC (5)
?,(Mon) 27 Aug 2007 (W35),Burton Albion FC (5),1-0,0-0,Farsley Celtic FC (5)
?,(Mon) 27 Aug 2007 (W35),Cambridge United FC (5),1-1,0-1,Ebbsfleet United FC (5)
?,(Mon) 27 Aug 2007 (W35),Exeter City FC (5),0-0,0-0,Weymouth FC (5)
?,(Mon) 27 Aug 2007 (W35),Forest Green Rovers FC (5),2-2,2-1,Torquay United FC (5)
?,(Mon) 27 Aug 2007 (W35),Grays Athletic FC (5),0-1,0-0,Histon FC (5)
?,(Mon) 27 Aug 2007 (W35),FC Halifax Town (5),3-0,2-0,Droylsden FC (5)
?,(Mon) 27 Aug 2007 (W35),Northwich Victoria FC (5),0-1,0-0,York City FC (5)
?,(Mon) 27 Aug 2007 (W35),AFC Rushden & Diamonds (5),0-1,0-0,Kidderminster Harriers FC (5)
?,(Mon) 27 Aug 2007 (W35),Salisbury City FC (5),2-1,2-0,Woking FC (5)
?,(Mon) 27 Aug 2007 (W35),Stafford Rangers FC (5),1-1,1-1,Altrincham FC (5)
?,(Mon) 27 Aug 2007 (W35),Stevenage FC (5),0-0,0-0,Oxford United FC (5)
?,(Thu) 30 Aug 2007 (W35),York City FC (6),2-3,1-1,AFC Rushden & Diamonds (6)
?,(Fri) 31 Aug 2007 (W35),Weymouth FC (6),2-2,1-0,Cambridge United FC (6)
?,(Sat) 1 Sep 2007 (W35),Altrincham FC (6),1-2,1-1,Aldershot Town FC (6)
?,(Sat) 1 Sep 2007 (W35),Crawley Town FC (6),1-1,1-0,Burton Albion FC (6)
?,(Sat) 1 Sep 2007 (W35),Droylsden FC (6),1-2,0-0,Grays Athletic FC (6)
?,(Sat) 1 Sep 2007 (W35),Ebbsfleet United FC (6),0-1,0-1,Stevenage FC (6)
?,(Sat) 1 Sep 2007 (W35),Farsley Celtic FC (6),2-1,0-1,Northwich Victoria FC (6)
?,(Sat) 1 Sep 2007 (W35),Histon FC (6),2-0,0-0,Salisbury City FC (6)
?,(Sat) 1 Sep 2007 (W35),Kidderminster Harriers FC (6),4-0,2-0,Exeter City FC (6)
?,(Sat) 1 Sep 2007 (W35),Oxford United FC (6),1-1,0-0,FC Halifax Town (6)
?,(Sat) 1 Sep 2007 (W35),Torquay United FC (6),2-0,1-0,Stafford Rangers FC (6)
?,(Sat) 1 Sep 2007 (W35),Woking FC (6),1-1,0-0,Forest Green Rovers FC (6)
?,(Tue) 4 Sep 2007 (W36),Cambridge United FC (7),1-0,0-0,Grays Athletic FC (7)
?,(Tue) 4 Sep 2007 (W36),Droylsden FC (7),0-3,0-0,Stevenage FC (7)
?,(Tue) 4 Sep 2007 (W36),Ebbsfleet United FC (7),0-1,0-0,Histon FC (7)
?,(Tue) 4 Sep 2007 (W36),Farsley Celtic FC (7),1-1,1-0,Kidderminster Harriers FC (7)
?,(Tue) 4 Sep 2007 (W36),Forest Green Rovers FC (7),2-3,1-2,Aldershot Town FC (7)
?,(Tue) 4 Sep 2007 (W36),Northwich Victoria FC (7),0-2,0-1,Burton Albion FC (7)
?,(Tue) 4 Sep 2007 (W36),Oxford United FC (7),2-2,1-0,Exeter City FC (7)
?,(Tue) 4 Sep 2007 (W36),AFC Rushden & Diamonds (7),1-1,0-1,Crawley Town FC (7)
?,(Tue) 4 Sep 2007 (W36),Torquay United FC (7),4-0,2-0,Salisbury City FC (7)
?,(Tue) 4 Sep 2007 (W36),Woking FC (7),1-1,0-0,Weymouth FC (7)
?,(Tue) 4 Sep 2007 (W36),York City FC (7),2-2,1-1,Altrincham FC (7)
?,(Thu) 6 Sep 2007 (W36),Stafford Rangers FC (7),2-3,0-1,FC Halifax Town (7)
?,(Sat) 8 Sep 2007 (W36),Aldershot Town FC (8),5-0,2-0,Northwich Victoria FC (8)
?,(Sat) 8 Sep 2007 (W36),Altrincham FC (8),1-3,0-1,Oxford United FC (8)
?,(Sat) 8 Sep 2007 (W36),Crawley Town FC (8),5-0,2-0,Droylsden FC (8)
?,(Sat) 8 Sep 2007 (W36),Exeter City FC (8),1-1,1-0,Cambridge United FC (8)
?,(Sat) 8 Sep 2007 (W36),Grays Athletic FC (8),0-1,0-1,Forest Green Rovers FC (8)
?,(Sat) 8 Sep 2007 (W36),Histon FC (8),1-2,0-0,Farsley Celtic FC (8)
?,(Sat) 8 Sep 2007 (W36),Kidderminster Harriers FC (8),3-0,2-0,York City FC (8)
?,(Sat) 8 Sep 2007 (W36),Salisbury City FC (8),1-1,0-0,AFC Rushden & Diamonds (8)
?,(Sat) 8 Sep 2007 (W36),Weymouth FC (8),2-0,1-0,Ebbsfleet United FC (8)
?,(Mon) 10 Sep 2007 (W37),Burton Albion FC (8),3-1,2-0,Torquay United FC (8)
?,(Mon) 10 Sep 2007 (W37),Stevenage FC (8),3-0,0-0,Stafford Rangers FC (8)
?,(Tue) 11 Sep 2007 (W37),Grays Athletic FC (9),0-0,0-0,Oxford United FC (9)
?,(Tue) 11 Sep 2007 (W37),FC Halifax Town (8),1-0,0-0,Woking FC (8)
?,(Thu) 13 Sep 2007 (W37),Forest Green Rovers FC (9),0-3,0-2,Salisbury City FC (9)
?,(Fri) 14 Sep 2007 (W37),Torquay United FC (9),3-1,0-0,FC Halifax Town (9)
?,(Sat) 15 Sep 2007 (W37),Cambridge United FC (9),2-1,0-1,Crawley Town FC (9)
?,(Sat) 15 Sep 2007 (W37),Droylsden FC (9),1-3,0-1,Weymouth FC (9)
?,(Sat) 15 Sep 2007 (W37),Ebbsfleet United FC (9),5-4,3-0,Kidderminster Harriers FC (9)
?,(Sat) 15 Sep 2007 (W37),Farsley Celtic FC (9),0-2,0-1,Exeter City FC (9)
?,(Sat) 15 Sep 2007 (W37),Northwich Victoria FC (9),1-3,0-2,Histon FC (9)
?,(Sat) 15 Sep 2007 (W37),Oxford United FC (10),2-3,0-2,Aldershot Town FC (9)
?,(Sat) 15 Sep 2007 (W37),AFC Rushden & Diamonds (9),0-0,0-0,Burton Albion FC (9)
?,(Sat) 15 Sep 2007 (W37),Stafford Rangers FC (9),0-2,0-2,Grays Athletic FC (10)
?,(Sat) 15 Sep 2007 (W37),Woking FC (9),2-0,1-0,Altrincham FC (9)
?,(Sat) 15 Sep 2007 (W37),York City FC (9),0-2,0-0,Stevenage FC (9)
?,(Tue) 18 Sep 2007 (W38),Aldershot Town FC (10),2-0,0-0,York City FC (10)
?,(Tue) 18 Sep 2007 (W38),Altrincham FC (10),0-3,0-2,Cambridge United FC (10)
?,(Tue) 18 Sep 2007 (W38),Burton Albion FC (10),1-1,0-1,Ebbsfleet United FC (10)
?,(Tue) 18 Sep 2007 (W38),Crawley Town FC (10),5-3,3-1,Woking FC (10)
?,(Tue) 18 Sep 2007 (W38),Exeter City FC (10),3-3,2-0,Forest Green Rovers FC (10)
?,(Tue) 18 Sep 2007 (W38),FC Halifax Town (10),3-1,2-0,Northwich Victoria FC (10)
?,(Tue) 18 Sep 2007 (W38),Histon FC (10),4-5,0-3,Torquay United FC (10)
?,(Tue) 18 Sep 2007 (W38),Kidderminster Harriers FC (10),3-1,1-1,Droylsden FC (10)
?,(Tue) 18 Sep 2007 (W38),Salisbury City FC (10),1-0,1-0,Stafford Rangers FC (10)
?,(Tue) 18 Sep 2007 (W38),Stevenage FC (10),4-0,1-0,Farsley Celtic FC (10)
?,(Tue) 18 Sep 2007 (W38),Weymouth FC (10),1-2,1-1,AFC Rushden & Diamonds (10)
?,(Thu) 20 Sep 2007 (W38),Histon FC (11),1-0,1-0,Oxford United FC (11)
?,(Sat) 22 Sep 2007 (W38),Aldershot Town FC (11),4-3,1-0,Farsley Celtic FC (11)
?,(Sat) 22 Sep 2007 (W38),Altrincham FC (11),3-2,1-1,Droylsden FC (11)
?,(Sat) 22 Sep 2007 (W38),Burton Albion FC (11),2-0,2-0,Woking FC (11)
?,(Sat) 22 Sep 2007 (W38),Crawley Town FC (11),3-0,0-0,Forest Green Rovers FC (11)
?,(Sat) 22 Sep 2007 (W38),Exeter City FC (11),1-1,0-1,Ebbsfleet United FC (11)
?,(Sat) 22 Sep 2007 (W38),Grays Athletic FC (11),0-2,0-1,York City FC (11)
?,(Sat) 22 Sep 2007 (W38),FC Halifax Town (11),1-1,1-0,AFC Rushden & Diamonds (11)
?,(Sat) 22 Sep 2007 (W38),Kidderminster Harriers FC (11),2-5,0-3,Torquay United FC (11)
?,(Sat) 22 Sep 2007 (W38),Salisbury City FC (11),2-0,1-0,Northwich Victoria FC (11)
?,(Sat) 22 Sep 2007 (W38),Stevenage FC (11),1-2,0-1,Cambridge United FC (11)
?,(Sat) 22 Sep 2007 (W38),Weymouth FC (11),1-3,0-2,Stafford Rangers FC (11)
?,(Tue) 25 Sep 2007 (W39),Cambridge United FC (12),1-1,1-0,Aldershot Town FC (12)
?,(Tue) 25 Sep 2007 (W39),Droylsden FC (12),0-2,0-0,Burton Albion FC (12)
?,(Tue) 25 Sep 2007 (W39),Ebbsfleet United FC (12),1-0,0-0,Crawley Town FC (12)
?,(Tue) 25 Sep 2007 (W39),Forest Green Rovers FC (12),4-2,1-1,Stevenage FC (12)
?,(Tue) 25 Sep 2007 (W39),Oxford United FC (12),2-1,1-0,Salisbury City FC (12)
?,(Tue) 25 Sep 2007 (W39),AFC Rushden & Diamonds (12),1-1,1-0,Grays Athletic FC (12)
?,(Tue) 25 Sep 2007 (W39),Stafford Rangers FC (12),1-1,0-1,Histon FC (12)
?,(Tue) 25 Sep 2007 (W39),Torquay United FC (12),3-2,0-1,Weymouth FC (12)
?,(Tue) 25 Sep 2007 (W39),Woking FC (12),1-1,0-1,Exeter City FC (12)
?,(Thu) 27 Sep 2007 (W39),York City FC (12),3-2,0-1,FC Halifax Town (12)
?,(Sat) 29 Sep 2007 (W39),Crawley Town FC (13),0-1,0-0,Altrincham FC (12)
?,(Sat) 29 Sep 2007 (W39),Farsley Celtic FC (12),1-1,1-1,Ebbsfleet United FC (13)
?,(Sat) 29 Sep 2007 (W39),Forest Green Rovers FC (13),3-1,1-0,Cambridge United FC (13)
?,(Sat) 29 Sep 2007 (W39),Grays Athletic FC (13),0-2,0-1,Stevenage FC (13)
?,(Sat) 29 Sep 2007 (W39),Histon FC (13),2-2,1-1,Weymouth FC (13)
?,(Sat) 29 Sep 2007 (W39),Northwich Victoria FC (12),1-3,0-2,Woking FC (13)
?,(Sat) 29 Sep 2007 (W39),AFC Rushden & Diamonds (13),1-1,0-0,Stafford Rangers FC (13)
?,(Sat) 29 Sep 2007 (W39),Salisbury City FC (13),0-1,0-1,Kidderminster Harriers FC (12)
?,(Sat) 29 Sep 2007 (W39),Torquay United FC (13),2-1,0-1,Droylsden FC (13)
?,(Sun) 30 Sep 2007 (W39),Oxford United FC (13),1-1,1-0,York City FC (13)
?,(Tue) 2 Oct 2007 (W40),Aldershot Town FC (13),2-0,0-0,Exeter City FC (13)
?,(Tue) 2 Oct 2007 (W40),FC Halifax Town (13),2-2,1-0,Burton Albion FC (13)
?,(Tue) 2 Oct 2007 (W40),Northwich Victoria FC (13),1-1,0-1,Kidderminster Harriers FC (13)
?,(Thu) 4 Oct 2007 (W40),Woking FC (14),2-0,0-0,Farsley Celtic FC (13)
?,(Sat) 6 Oct 2007 (W40),Altrincham FC (13),1-2,0-2,AFC Rushden & Diamonds (14)
?,(Sat) 6 Oct 2007 (W40),Burton Albion FC (14),4-3,1-2,Salisbury City FC (14)
?,(Sat) 6 Oct 2007 (W40),Cambridge United FC (14),2-2,1-1,FC Halifax Town (14)
?,(Sat) 6 Oct 2007 (W40),Droylsden FC (14),3-1,1-0,Oxford United FC (14)
?,(Sat) 6 Oct 2007 (W40),Ebbsfleet United FC (14),2-1,0-0,Torquay United FC (14)
?,(Sat) 6 Oct 2007 (W40),Exeter City FC (14),1-0,1-0,Grays Athletic FC (14)
?,(Sat) 6 Oct 2007 (W40),Kidderminster Harriers FC (14),1-1,1-0,Crawley Town FC (14)
?,(Sat) 6 Oct 2007 (W40),Stafford Rangers FC (14),1-3,1-0,Forest Green Rovers FC (14)
?,(Sat) 6 Oct 2007 (W40),Stevenage FC (14),3-1,2-0,Aldershot Town FC (14)
?,(Sat) 6 Oct 2007 (W40),Weymouth FC (14),2-0,1-0,Northwich Victoria FC (14)
?,(Sat) 6 Oct 2007 (W40),York City FC (14),1-4,1-1,Histon FC (14)
?,(Tue) 9 Oct 2007 (W41),Aldershot Town FC (15),2-0,0-0,Ebbsfleet United FC (15)
?,(Tue) 9 Oct 2007 (W41),Altrincham FC (14),0-0,0-0,Burton Albion FC (15)
?,(Tue) 9 Oct 2007 (W41),Cambridge United FC (15),1-0,0-0,AFC Rushden & Diamonds (15)
?,(Tue) 9 Oct 2007 (W41),Crawley Town FC (15),1-0,1-0,Histon FC (15)
?,(Tue) 9 Oct 2007 (W41),Droylsden FC (15),0-3,0-1,Farsley Celtic FC (14)
?,(Tue) 9 Oct 2007 (W41),Exeter City FC (15),4-2,2-1,Salisbury City FC (15)
?,(Tue) 9 Oct 2007 (W41),Forest Green Rovers FC (15),4-1,1-0,Northwich Victoria FC (15)
?,(Tue) 9 Oct 2007 (W41),Grays Athletic FC (15),0-2,0-0,Weymouth FC (15)
?,(Tue) 9 Oct 2007 (W41),Kidderminster Harriers FC (15),1-0,0-0,FC Halifax Town (15)
?,(Tue) 9 Oct 2007 (W41),Stevenage FC (15),1-1,1-1,Woking FC (15)
?,(Tue) 9 Oct 2007 (W41),York City FC (15),2-0,2-0,Stafford Rangers FC (15)
?,(Thu) 11 Oct 2007 (W41),Oxford United FC (15),3-3,3-0,Torquay United FC (15)
?,(Fri) 12 Oct 2007 (W41),AFC Rushden & Diamonds (16),1-2,0-1,Forest Green Rovers FC (16)
?,(Fri) 12 Oct 2007 (W41),Weymouth FC (16),1-2,1-1,Crawley Town FC (16)
?,(Sat) 13 Oct 2007 (W41),Burton Albion FC (16),2-0,1-0,Aldershot Town FC (16)
?,(Sat) 13 Oct 2007 (W41),Ebbsfleet United FC (16),2-0,0-0,Droylsden FC (16)
?,(Sat) 13 Oct 2007 (W41),Northwich Victoria FC (16),0-0,0-0,Exeter City FC (16)
?,(Sat) 13 Oct 2007 (W41),Salisbury City FC (16),3-3,0-2,Altrincham FC (15)
?,(Sat) 13 Oct 2007 (W41),Stafford Rangers FC (16),1-1,1-1,Cambridge United FC (16)
?,(Sat) 13 Oct 2007 (W41),Woking FC (16),0-3,0-1,York City FC (16)
?,(Sun) 14 Oct 2007 (W41),Farsley Celtic FC (15),0-1,0-0,Oxford United FC (16)
?,(Sun) 14 Oct 2007 (W41),Histon FC (16),2-1,1-0,Kidderminster Harriers FC (16)
?,(Sun) 14 Oct 2007 (W41),Torquay United FC (16),4-2,2-1,Stevenage FC (16)
?,(Tue) 16 Oct 2007 (W42),FC Halifax Town (16),0-0,0-0,Grays Athletic FC (16)
?,(Thu) 18 Oct 2007 (W42),Stevenage FC (17),3-3,1-1,Burton Albion FC (17)
?,(Sat) 20 Oct 2007 (W42),Aldershot Town FC (17),1-0,0-0,FC Halifax Town (17)
?,(Sat) 20 Oct 2007 (W42),Altrincham FC (16),1-3,0-3,Ebbsfleet United FC (17)
?,(Sat) 20 Oct 2007 (W42),Cambridge United FC (17),1-1,1-0,Salisbury City FC (17)
?,(Sat) 20 Oct 2007 (W42),Crawley Town FC (17),1-1,1-0,Stafford Rangers FC (17)
?,(Sat) 20 Oct 2007 (W42),Droylsden FC (17),0-1,0-0,Histon FC (17)
?,(Sat) 20 Oct 2007 (W42),Exeter City FC (17),2-2,1-0,AFC Rushden & Diamonds (17)
?,(Sat) 20 Oct 2007 (W42),Forest Green Rovers FC (17),2-2,1-0,Farsley Celtic FC (16)
?,(Sat) 20 Oct 2007 (W42),Grays Athletic FC (17),3-1,1-1,Northwich Victoria FC (17)
?,(Sat) 20 Oct 2007 (W42),Kidderminster Harriers FC (17),0-2,0-0,Weymouth FC (17)
?,(Sat) 20 Oct 2007 (W42),Oxford United FC (17),0-0,0-0,Woking FC (17)
?,(Sun) 21 Oct 2007 (W42),York City FC (17),0-1,0-0,Torquay United FC (17)
?,(Thu) 1 Nov 2007 (W44),AFC Rushden & Diamonds (18),5-0,3-0,Oxford United FC (18)
?,(Fri) 2 Nov 2007 (W44),Weymouth FC (18),0-2,0-1,Aldershot Town FC (18)
?,(Sat) 3 Nov 2007 (W44),Burton Albion FC (18),0-2,0-1,Kidderminster Harriers FC (18)
?,(Sat) 3 Nov 2007 (W44),Ebbsfleet United FC (18),0-2,0-1,Forest Green Rovers FC (18)
?,(Sat) 3 Nov 2007 (W44),FC Halifax Town (18),3-0,2-0,Crawley Town FC (18)
?,(Sat) 3 Nov 2007 (W44),Histon FC (18),1-0,1-0,Altrincham FC (17)
?,(Sat) 3 Nov 2007 (W44),Northwich Victoria FC (18),0-2,0-1,Stevenage FC (18)
?,(Sat) 3 Nov 2007 (W44),Salisbury City FC (18),0-1,0-1,Grays Athletic FC (18)
?,(Sat) 3 Nov 2007 (W44),Stafford Rangers FC (18),1-5,1-2,Exeter City FC (18)
?,(Sat) 3 Nov 2007 (W44),Torquay United FC (18),1-2,1-1,Cambridge United FC (18)
?,(Sat) 3 Nov 2007 (W44),Woking FC (18),1-1,1-1,Droylsden FC (18)
?,(Sun) 4 Nov 2007 (W44),Farsley Celtic FC (17),1-4,1-2,York City FC (18)
?,(Sat) 10 Nov 2007 (W45),Woking FC (19),0-1,0-0,Grays Athletic FC (19)
?,(Sat) 17 Nov 2007 (W46),Aldershot Town FC (19),2-1,1-0,AFC Rushden & Diamonds (19)
?,(Sat) 17 Nov 2007 (W46),Altrincham FC (18),3-2,1-1,Weymouth FC (19)
?,(Sat) 17 Nov 2007 (W46),Cambridge United FC (19),2-1,1-0,Northwich Victoria FC (19)
?,(Sat) 17 Nov 2007 (W46),Crawley Town FC (19),2-3,0-3,Torquay United FC (19)
?,(Sat) 17 Nov 2007 (W46),Droylsden FC (19),1-1,0-1,Stafford Rangers FC (19)
?,(Sat) 17 Nov 2007 (W46),Exeter City FC (19),1-4,1-1,Burton Albion FC (19)
?,(Sat) 17 Nov 2007 (W46),Forest Green Rovers FC (19),3-1,2-0,Histon FC (19)
?,(Sat) 17 Nov 2007 (W46),Grays Athletic FC (20),1-0,1-0,Farsley Celtic FC (18)
?,(Sat) 17 Nov 2007 (W46),Kidderminster Harriers FC (19),1-1,1-0,Woking FC (20)
?,(Sat) 17 Nov 2007 (W46),Oxford United FC (19),0-0,0-0,Ebbsfleet United FC (19)
?,(Sat) 17 Nov 2007 (W46),Stevenage FC (19),2-3,2-0,FC Halifax Town (19)
?,(Sat) 17 Nov 2007 (W46),York City FC (19),1-3,1-1,Salisbury City FC (19)
?,(Tue) 20 Nov 2007 (W47),Farsley Celtic FC (19),1-1,1-0,Altrincham FC (19)
?,(Thu) 22 Nov 2007 (W47),Aldershot Town FC (20),3-2,3-0,Grays Athletic FC (21)
?,(Fri) 23 Nov 2007 (W47),Burton Albion FC (20),1-2,1-0,Cambridge United FC (20)
?,(Sat) 24 Nov 2007 (W47),Crawley Town FC (20),4-1,1-1,Farsley Celtic FC (20)
?,(Sat) 24 Nov 2007 (W47),Droylsden FC (20),5-3,2-3,Forest Green Rovers FC (20)
?,(Sat) 24 Nov 2007 (W47),Ebbsfleet United FC (20),2-1,0-1,Stafford Rangers FC (20)
?,(Sat) 24 Nov 2007 (W47),FC Halifax Town (20),1-1,0-0,Salisbury City FC (20)
?,(Sat) 24 Nov 2007 (W47),Histon FC (20),2-2,1-1,Exeter City FC (20)
?,(Sat) 24 Nov 2007 (W47),Kidderminster Harriers FC (20),0-2,0-1,Oxford United FC (20)
?,(Sat) 24 Nov 2007 (W47),Northwich Victoria FC (20),1-0,1-0,AFC Rushden & Diamonds (20)
?,(Sat) 24 Nov 2007 (W47),Torquay United FC (20),2-0,1-0,Woking FC (21)
?,(Sat) 24 Nov 2007 (W47),Weymouth FC (20),1-2,0-0,York City FC (20)
?,(Mon) 26 Nov 2007 (W48),Stevenage FC (20),2-1,1-1,Altrincham FC (20)
?,(Thu) 29 Nov 2007 (W48),Woking FC (22),1-0,1-0,Ebbsfleet United FC (21)
?,(Sat) 1 Dec 2007 (W48),Altrincham FC (21),1-2,0-1,Histon FC (21)
?,(Sat) 1 Dec 2007 (W48),Stafford Rangers FC (21),0-0,0-0,Northwich Victoria FC (21)
?,(Sat) 1 Dec 2007 (W48),York City FC (21),1-1,0-0,Crawley Town FC (21)
?,(Sun) 2 Dec 2007 (W48),Salisbury City FC (21),0-4,0-2,Aldershot Town FC (21)
?,(Tue) 4 Dec 2007 (W49),AFC Rushden & Diamonds (21),2-3,2-2,Histon FC (22)
?,(Thu) 6 Dec 2007 (W49),Kidderminster Harriers FC (21),1-0,0-0,Cambridge United FC (21)
?,(Sat) 8 Dec 2007 (W49),Aldershot Town FC (22),4-3,3-2,Stafford Rangers FC (22)
?,(Sat) 8 Dec 2007 (W49),Burton Albion FC (21),1-1,1-1,Forest Green Rovers FC (21)
?,(Sat) 8 Dec 2007 (W49),Droylsden FC (21),1-4,0-2,AFC Rushden & Diamonds (22)
?,(Sat) 8 Dec 2007 (W49),Ebbsfleet United FC (22),1-2,0-1,York City FC (22)
?,(Sat) 8 Dec 2007 (W49),FC Halifax Town (21),0-3,0-1,Exeter City FC (21)
?,(Sat) 8 Dec 2007 (W49),Histon FC (23),0-1,0-0,Woking FC (23)
?,(Sat) 8 Dec 2007 (W49),Northwich Victoria FC (22),1-0,1-0,Oxford United FC (21)
?,(Sat) 8 Dec 2007 (W49),Stevenage FC (21),3-1,2-1,Salisbury City FC (22)
?,(Wed) 12 Dec 2007 (W50),Farsley Celtic FC (21),1-2,0-1,Torquay United FC (21)
?,(Wed) 26 Dec 2007 (W52),Altrincham FC (22),1-2,1-2,Northwich Victoria FC (23)
?,(Wed) 26 Dec 2007 (W52),Cambridge United FC (22),1-0,0-0,Histon FC (24)
?,(Wed) 26 Dec 2007 (W52),Exeter City FC (22),4-3,2-0,Torquay United FC (22)
?,(Wed) 26 Dec 2007 (W52),Farsley Celtic FC (22),3-0,1-0,FC Halifax Town (22)
?,(Wed) 26 Dec 2007 (W52),Forest Green Rovers FC (22),2-2,1-1,Kidderminster Harriers FC (22)
?,(Wed) 26 Dec 2007 (W52),Grays Athletic FC (22),1-1,1-0,Ebbsfleet United FC (23)
?,(Wed) 26 Dec 2007 (W52),Oxford United FC (22),1-0,0-0,Crawley Town FC (22)
?,(Wed) 26 Dec 2007 (W52),AFC Rushden & Diamonds (23),0-0,0-0,Stevenage FC (22)
?,(Wed) 26 Dec 2007 (W52),Salisbury City FC (23),1-1,0-0,Weymouth FC (21)
?,(Wed) 26 Dec 2007 (W52),Stafford Rangers FC (23),0-3,0-3,Burton Albion FC (22)
?,(Wed) 26 Dec 2007 (W52),Woking FC (24),0-1,0-0,Aldershot Town FC (23)
?,(Wed) 26 Dec 2007 (W52),York City FC (23),2-1,1-1,Droylsden FC (22)
?,(Sat) 29 Dec 2007 (W52),Altrincham FC (23),1-5,1-2,Stevenage FC (23)
?,(Sat) 29 Dec 2007 (W52),Cambridge United FC (23),0-0,0-0,Burton Albion FC (23)
?,(Sat) 29 Dec 2007 (W52),Exeter City FC (23),2-1,0-1,Histon FC (25)
?,(Sat) 29 Dec 2007 (W52),Farsley Celtic FC (23),1-5,0-2,Crawley Town FC (23)
?,(Sat) 29 Dec 2007 (W52),Forest Green Rovers FC (23),3-2,2-0,Droylsden FC (23)
?,(Sat) 29 Dec 2007 (W52),Grays Athletic FC (23),2-1,1-0,Aldershot Town FC (24)
?,(Sat) 29 Dec 2007 (W52),Oxford United FC (23),0-0,0-0,Kidderminster Harriers FC (23)
?,(Sat) 29 Dec 2007 (W52),AFC Rushden & Diamonds (24),1-0,1-0,Northwich Victoria FC (24)
?,(Sat) 29 Dec 2007 (W52),Salisbury City FC (24),1-0,0-0,FC Halifax Town (23)
?,(Sat) 29 Dec 2007 (W52),Stafford Rangers FC (24),0-1,0-0,Ebbsfleet United FC (24)
?,(Sat) 29 Dec 2007 (W52),Woking FC (25),0-1,0-0,Torquay United FC (23)
?,(Sat) 29 Dec 2007 (W52),York City FC (24),2-0,0-0,Weymouth FC (22)
?,(Tue) 1 Jan 2008 (W1),Aldershot Town FC (25),2-1,2-0,Woking FC (26)
?,(Tue) 1 Jan 2008 (W1),Burton Albion FC (24),2-1,1-1,Stafford Rangers FC (25)
?,(Tue) 1 Jan 2008 (W1),Crawley Town FC (24),2-0,0-0,Oxford United FC (24)
?,(Tue) 1 Jan 2008 (W1),Droylsden FC (24),3-4,2-0,York City FC (25)
?,(Tue) 1 Jan 2008 (W1),Ebbsfleet United FC (25),4-1,2-0,Grays Athletic FC (24)
?,(Tue) 1 Jan 2008 (W1),FC Halifax Town (24),2-0,1-0,Farsley Celtic FC (24)
?,(Tue) 1 Jan 2008 (W1),Histon FC (26),1-0,0-0,Cambridge United FC (24)
?,(Tue) 1 Jan 2008 (W1),Kidderminster Harriers FC (24),1-0,0-0,Forest Green Rovers FC (24)
?,(Tue) 1 Jan 2008 (W1),Northwich Victoria FC (25),1-2,0-0,Altrincham FC (24)
?,(Tue) 1 Jan 2008 (W1),Stevenage FC (24),2-1,0-0,AFC Rushden & Diamonds (25)
?,(Tue) 1 Jan 2008 (W1),Torquay United FC (24),1-0,0-0,Exeter City FC (24)
?,(Tue) 1 Jan 2008 (W1),Weymouth FC (23),0-3,0-0,Salisbury City FC (25)
?,(Sat) 5 Jan 2008 (W1),Droylsden FC (25),1-2,1-0,Crawley Town FC (25)
?,(Sat) 5 Jan 2008 (W1),Ebbsfleet United FC (26),4-1,3-0,Weymouth FC (24)
?,(Sat) 5 Jan 2008 (W1),Farsley Celtic FC (25),1-3,1-2,Histon FC (27)
?,(Sat) 5 Jan 2008 (W1),Forest Green Rovers FC (25),1-2,0-1,Grays Athletic FC (25)
?,(Sat) 5 Jan 2008 (W1),Northwich Victoria FC (26),1-2,0-1,Aldershot Town FC (26)
?,(Sat) 5 Jan 2008 (W1),Oxford United FC (25),4-0,2-0,Altrincham FC (25)
?,(Sat) 5 Jan 2008 (W1),AFC Rushden & Diamonds (26),0-0,0-0,Salisbury City FC (26)
?,(Sat) 5 Jan 2008 (W1),Stafford Rangers FC (26),1-2,0-2,Stevenage FC (25)
?,(Sat) 5 Jan 2008 (W1),Woking FC (27),1-0,1-0,FC Halifax Town (25)
?,(Sat) 5 Jan 2008 (W1),York City FC (26),2-2,2-2,Kidderminster Harriers FC (25)
?,(Mon) 7 Jan 2008 (W2),Torquay United FC (25),1-2,1-1,Burton Albion FC (25)
?,(Tue) 8 Jan 2008 (W2),Altrincham FC (26),2-1,0-0,Kidderminster Harriers FC (26)
?,(Tue) 8 Jan 2008 (W2),Oxford United FC (26),0-1,0-1,Weymouth FC (25)
?,(Sat) 12 Jan 2008 (W2),Salisbury City FC (27),3-1,2-0,Oxford United FC (27)
?,(Sat) 19 Jan 2008 (W3),Aldershot Town FC (27),0-1,0-1,Forest Green Rovers FC (26)
?,(Sat) 19 Jan 2008 (W3),Altrincham FC (27),2-2,1-0,York City FC (27)
?,(Sat) 19 Jan 2008 (W3),Burton Albion FC (26),4-1,2-1,Northwich Victoria FC (27)
?,(Sat) 19 Jan 2008 (W3),Crawley Town FC (26),4-1,3-0,AFC Rushden & Diamonds (27)
?,(Sat) 19 Jan 2008 (W3),Grays Athletic FC (26),2-1,0-1,Cambridge United FC (25)
?,(Sat) 19 Jan 2008 (W3),Kidderminster Harriers FC (27),2-1,0-1,Farsley Celtic FC (26)
?,(Sat) 19 Jan 2008 (W3),Salisbury City FC (28),0-0,0-0,Torquay United FC (26)
?,(Sat) 19 Jan 2008 (W3),Stevenage FC (26),5-0,2-0,Droylsden FC (26)
?,(Sat) 19 Jan 2008 (W3),Weymouth FC (26),0-1,0-0,Woking FC (28)
?,(Sun) 20 Jan 2008 (W3),Exeter City FC (25),2-0,2-0,Oxford United FC (28)
?,(Tue) 22 Jan 2008 (W4),Cambridge United FC (26),5-0,2-0,Droylsden FC (27)
?,(Thu) 24 Jan 2008 (W4),Farsley Celtic FC (27),0-0,0-0,Stevenage FC (27)
?,(Sat) 26 Jan 2008 (W4),Cambridge United FC (27),2-1,1-0,Altrincham FC (28)
?,(Sat) 26 Jan 2008 (W4),Droylsden FC (28),1-0,1-0,Kidderminster Harriers FC (28)
?,(Sat) 26 Jan 2008 (W4),Ebbsfleet United FC (27),2-1,1-0,Burton Albion FC (27)
?,(Sat) 26 Jan 2008 (W4),Forest Green Rovers FC (27),1-1,1-1,Exeter City FC (26)
?,(Sat) 26 Jan 2008 (W4),Northwich Victoria FC (28),2-2,2-2,FC Halifax Town (26)
?,(Sat) 26 Jan 2008 (W4),Oxford United FC (29),0-0,0-0,Grays Athletic FC (27)
?,(Sat) 26 Jan 2008 (W4),AFC Rushden & Diamonds (28),3-2,1-1,Weymouth FC (27)
?,(Sat) 26 Jan 2008 (W4),Stafford Rangers FC (27),1-5,0-3,Salisbury City FC (29)
?,(Sat) 26 Jan 2008 (W4),Woking FC (29),1-1,1-1,Crawley Town FC (27)
?,(Sat) 26 Jan 2008 (W4),York City FC (28),2-0,1-0,Aldershot Town FC (28)
?,(Mon) 28 Jan 2008 (W5),Torquay United FC (27),1-0,0-0,Histon FC (28)
?,(Tue) 29 Jan 2008 (W5),Aldershot Town FC (29),1-0,0-0,Oxford United FC (30)
?,(Tue) 29 Jan 2008 (W5),Burton Albion FC (28),2-1,1-1,AFC Rushden & Diamonds (29)
?,(Tue) 29 Jan 2008 (W5),Cambridge United FC (28),0-1,0-1,Exeter City FC (27)
?,(Thu) 31 Jan 2008 (W5),Altrincham FC (29),2-2,0-1,Woking FC (30)
?,(Sat) 2 Feb 2008 (W5),Exeter City FC (28),4-0,3-0,Stevenage FC (28)
?,(Sat) 2 Feb 2008 (W5),Kidderminster Harriers FC (29),0-0,0-0,Northwich Victoria FC (29)
?,(Sat) 2 Feb 2008 (W5),Salisbury City FC (30),0-0,0-0,Forest Green Rovers FC (28)
?,(Sat) 9 Feb 2008 (W6),Cambridge United FC (29),2-1,0-0,Stevenage FC (29)
?,(Sat) 9 Feb 2008 (W6),Droylsden FC (29),0-2,0-0,Altrincham FC (30)
?,(Sat) 9 Feb 2008 (W6),Ebbsfleet United FC (28),1-1,1-0,Exeter City FC (29)
?,(Sat) 9 Feb 2008 (W6),Farsley Celtic FC (28),1-3,0-1,Aldershot Town FC (30)
?,(Sat) 9 Feb 2008 (W6),Northwich Victoria FC (30),0-1,0-0,Salisbury City FC (31)
?,(Sat) 9 Feb 2008 (W6),Oxford United FC (31),3-0,2-0,Histon FC (29)
?,(Sat) 9 Feb 2008 (W6),AFC Rushden & Diamonds (30),2-2,1-1,FC Halifax Town (27)
?,(Sat) 9 Feb 2008 (W6),Stafford Rangers FC (28),2-1,1-0,Weymouth FC (28)
?,(Sat) 9 Feb 2008 (W6),Torquay United FC (28),1-0,1-0,Kidderminster Harriers FC (30)
?,(Sat) 9 Feb 2008 (W6),Woking FC (31),2-1,2-0,Burton Albion FC (29)
?,(Sat) 9 Feb 2008 (W6),York City FC (29),2-0,0-0,Grays Athletic FC (28)
?,(Sun) 10 Feb 2008 (W6),Forest Green Rovers FC (29),1-0,0-0,Crawley Town FC (28)
?,(Tue) 12 Feb 2008 (W7),Aldershot Town FC (31),0-0,0-0,Cambridge United FC (30)
?,(Tue) 12 Feb 2008 (W7),Altrincham FC (31),0-0,0-0,Farsley Celtic FC (29)
?,(Tue) 12 Feb 2008 (W7),Burton Albion FC (30),3-0,2-0,Droylsden FC (30)
?,(Tue) 12 Feb 2008 (W7),Exeter City FC (30),2-2,2-0,Woking FC (32)
?,(Tue) 12 Feb 2008 (W7),FC Halifax Town (28),2-2,1-1,York City FC (30)
?,(Tue) 12 Feb 2008 (W7),Weymouth FC (29),0-0,0-0,Torquay United FC (29)
?,(Wed) 13 Feb 2008 (W7),Stevenage FC (30),0-0,0-0,Forest Green Rovers FC (30)
?,(Thu) 14 Feb 2008 (W7),Crawley Town FC (29),1-2,1-2,Ebbsfleet United FC (29)
?,(Sat) 16 Feb 2008 (W7),Farsley Celtic FC (30),3-0,2-0,Woking FC (33)
?,(Sat) 16 Feb 2008 (W7),Forest Green Rovers FC (31),1-2,1-1,Stafford Rangers FC (29)
?,(Sat) 16 Feb 2008 (W7),Grays Athletic FC (29),0-2,0-2,Exeter City FC (31)
?,(Sat) 16 Feb 2008 (W7),FC Halifax Town (29),1-2,1-1,Cambridge United FC (31)
?,(Sat) 16 Feb 2008 (W7),Histon FC (30),3-1,2-1,York City FC (31)
?,(Sat) 16 Feb 2008 (W7),Oxford United FC (32),1-0,1-0,Droylsden FC (31)
?,(Sat) 16 Feb 2008 (W7),AFC Rushden & Diamonds (31),1-0,1-0,Altrincham FC (32)
?,(Sat) 16 Feb 2008 (W7),Salisbury City FC (32),2-0,0-0,Burton Albion FC (31)
?,(Sat) 16 Feb 2008 (W7),Torquay United FC (30),3-1,1-0,Ebbsfleet United FC (30)
?,(Sun) 17 Feb 2008 (W7),Aldershot Town FC (32),3-1,3-0,Stevenage FC (31)
?,(Sat) 23 Feb 2008 (W8),Cambridge United FC (32),2-0,1-0,Forest Green Rovers FC (32)
?,(Sat) 23 Feb 2008 (W8),Exeter City FC (32),2-1,2-0,Farsley Celtic FC (31)
?,(Sat) 23 Feb 2008 (W8),FC Halifax Town (30),0-0,0-0,Stafford Rangers FC (30)
?,(Sat) 23 Feb 2008 (W8),Kidderminster Harriers FC (31),1-2,1-2,Salisbury City FC (33)
?,(Sat) 23 Feb 2008 (W8),Stevenage FC (32),0-0,0-0,Grays Athletic FC (30)
?,(Sat) 23 Feb 2008 (W8),Weymouth FC (30),0-1,0-0,Histon FC (31)
?,(Sat) 23 Feb 2008 (W8),Woking FC (34),2-3,1-1,Northwich Victoria FC (31)
?,(Tue) 26 Feb 2008 (W9),Histon FC (32),3-3,1-0,Stafford Rangers FC (31)
?,(Tue) 26 Feb 2008 (W9),Torquay United FC (31),1-1,1-0,Altrincham FC (33)
?,(Sat) 1 Mar 2008 (W9),Aldershot Town FC (33),2-1,1-1,Kidderminster Harriers FC (32)
?,(Sat) 1 Mar 2008 (W9),Burton Albion FC (32),1-3,0-2,Histon FC (33)
?,(Sat) 1 Mar 2008 (W9),Cambridge United FC (33),2-0,1-0,York City FC (32)
?,(Sat) 1 Mar 2008 (W9),Exeter City FC (33),2-1,2-0,Altrincham FC (34)
?,(Sat) 1 Mar 2008 (W9),Forest Green Rovers FC (33),0-0,0-0,Oxford United FC (33)
?,(Sat) 1 Mar 2008 (W9),Grays Athletic FC (31),2-0,1-0,Torquay United FC (32)
?,(Sat) 1 Mar 2008 (W9),FC Halifax Town (31),2-1,0-1,Weymouth FC (31)
?,(Sat) 1 Mar 2008 (W9),Northwich Victoria FC (32),3-3,1-0,Ebbsfleet United FC (31)
?,(Sat) 1 Mar 2008 (W9),AFC Rushden & Diamonds (32),2-1,1-1,Woking FC (35)
?,(Sat) 1 Mar 2008 (W9),Salisbury City FC (34),3-1,2-0,Droylsden FC (32)
?,(Sat) 1 Mar 2008 (W9),Stafford Rangers FC (32),0-2,0-1,Farsley Celtic FC (32)
?,(Sat) 1 Mar 2008 (W9),Stevenage FC (33),3-1,2-1,Crawley Town FC (30)
?,(Mon) 3 Mar 2008 (W10),Torquay United FC (33),1-2,0-1,Aldershot Town FC (34)
?,(Tue) 4 Mar 2008 (W10),Altrincham FC (35),3-3,1-2,FC Halifax Town (32)
?,(Tue) 4 Mar 2008 (W10),Crawley Town FC (31),2-2,1-1,Exeter City FC (34)
?,(Tue) 4 Mar 2008 (W10),Droylsden FC (33),1-3,1-0,Northwich Victoria FC (33)
?,(Tue) 4 Mar 2008 (W10),Ebbsfleet United FC (32),2-1,2-0,Salisbury City FC (35)
?,(Tue) 4 Mar 2008 (W10),Farsley Celtic FC (33),0-1,0-0,AFC Rushden & Diamonds (33)
?,(Tue) 4 Mar 2008 (W10),Histon FC (34),1-4,1-1,Stevenage FC (34)
?,(Tue) 4 Mar 2008 (W10),Kidderminster Harriers FC (33),6-0,4-0,Stafford Rangers FC (33)
?,(Tue) 4 Mar 2008 (W10),Oxford United FC (34),1-2,1-1,Cambridge United FC (34)
?,(Tue) 4 Mar 2008 (W10),Weymouth FC (32),0-6,0-3,Forest Green Rovers FC (34)
?,(Tue) 4 Mar 2008 (W10),York City FC (33),0-0,0-0,Burton Albion FC (33)
?,(Sat) 8 Mar 2008 (W10),Altrincham FC (36),1-0,0-0,Forest Green Rovers FC (35)
?,(Sat) 8 Mar 2008 (W10),Crawley Town FC (32),1-1,0-0,Salisbury City FC (36)
?,(Sat) 8 Mar 2008 (W10),Farsley Celtic FC (34),2-1,0-0,Cambridge United FC (35)
?,(Sat) 8 Mar 2008 (W10),Histon FC (35),1-3,0-2,FC Halifax Town (33)
?,(Sat) 8 Mar 2008 (W10),Kidderminster Harriers FC (34),1-0,1-0,Grays Athletic FC (32)
?,(Sat) 8 Mar 2008 (W10),Oxford United FC (35),0-3,0-2,Burton Albion FC (34)
?,(Sat) 8 Mar 2008 (W10),Weymouth FC (33),1-0,1-0,Stevenage FC (35)
?,(Sat) 8 Mar 2008 (W10),Woking FC (36),2-2,1-1,Stafford Rangers FC (34)
?,(Mon) 10 Mar 2008 (W11),York City FC (34),3-2,2-1,Exeter City FC (35)
?,(Tue) 11 Mar 2008 (W11),Aldershot Town FC (35),3-1,2-0,Histon FC (36)
?,(Tue) 11 Mar 2008 (W11),Altrincham FC (37),2-3,0-0,Crawley Town FC (33)
?,(Tue) 11 Mar 2008 (W11),Ebbsfleet United FC (33),0-3,0-1,AFC Rushden & Diamonds (34)
?,(Tue) 11 Mar 2008 (W11),Grays Athletic FC (33),0-0,0-0,Burton Albion FC (35)
?,(Tue) 11 Mar 2008 (W11),FC Halifax Town (34),3-2,2-0,Torquay United FC (34)
?,(Tue) 11 Mar 2008 (W11),Weymouth FC (34),0-0,0-0,Farsley Celtic FC (35)
?,(Thu) 13 Mar 2008 (W11),Stevenage FC (36),2-1,1-0,Kidderminster Harriers FC (35)
?,(Sat) 15 Mar 2008 (W11),Cambridge United FC (36),1-0,1-0,Woking FC (37)
?,(Sat) 15 Mar 2008 (W11),Forest Green Rovers FC (36),2-0,2-0,FC Halifax Town (35)
?,(Sat) 15 Mar 2008 (W11),Grays Athletic FC (34),1-0,1-0,Altrincham FC (38)
?,(Sat) 15 Mar 2008 (W11),Histon FC (37),2-1,0-0,AFC Rushden & Diamonds (35)
?,(Sat) 15 Mar 2008 (W11),Northwich Victoria FC (34),2-0,0-0,Crawley Town FC (34)
?,(Sat) 15 Mar 2008 (W11),Salisbury City FC (37),1-1,0-0,Farsley Celtic FC (36)
?,(Sat) 15 Mar 2008 (W11),Stafford Rangers FC (35),0-1,0-1,Oxford United FC (36)
?,(Sun) 16 Mar 2008 (W11),Burton Albion FC (36),2-1,0-1,Weymouth FC (35)
?,(Tue) 18 Mar 2008 (W12),Crawley Town FC (35),2-1,1-1,Cambridge United FC (37)
?,(Tue) 18 Mar 2008 (W12),Forest Green Rovers FC (37),1-2,0-2,York City FC (35)
?,(Tue) 18 Mar 2008 (W12),Histon FC (38),3-2,1-2,Ebbsfleet United FC (34)
?,(Tue) 18 Mar 2008 (W12),Northwich Victoria FC (35),2-2,0-0,Weymouth FC (36)
?,(Thu) 20 Mar 2008 (W12),Grays Athletic FC (35),3-1,1-1,Droylsden FC (34)
?,(Fri) 21 Mar 2008 (W12),Forest Green Rovers FC (38),2-1,1-1,Woking FC (38)
?,(Fri) 21 Mar 2008 (W12),Salisbury City FC (38),3-3,1-2,Histon FC (39)
?,(Fri) 21 Mar 2008 (W12),Stevenage FC (37),3-1,2-0,Ebbsfleet United FC (35)
?,(Sat) 22 Mar 2008 (W12),Aldershot Town FC (36),2-1,1-1,Altrincham FC (39)
?,(Sat) 22 Mar 2008 (W12),Burton Albion FC (37),1-0,0-0,Crawley Town FC (36)
?,(Sat) 22 Mar 2008 (W12),Cambridge United FC (38),0-0,0-0,Weymouth FC (37)
?,(Sat) 22 Mar 2008 (W12),Exeter City FC (36),1-0,0-0,Kidderminster Harriers FC (36)
?,(Sat) 22 Mar 2008 (W12),FC Halifax Town (36),0-3,0-1,Oxford United FC (37)
?,(Sat) 22 Mar 2008 (W12),Northwich Victoria FC (36),4-0,2-0,Farsley Celtic FC (37)
?,(Sat) 22 Mar 2008 (W12),AFC Rushden & Diamonds (36),1-1,0-0,York City FC (36)
?,(Sat) 22 Mar 2008 (W12),Stafford Rangers FC (36),0-2,0-0,Torquay United FC (35)
?,(Mon) 24 Mar 2008 (W13),Altrincham FC (40),2-0,2-0,Stafford Rangers FC (37)
?,(Mon) 24 Mar 2008 (W13),Crawley Town FC (37),0-1,0-1,Aldershot Town FC (37)
?,(Mon) 24 Mar 2008 (W13),Droylsden FC (35),2-0,1-0,FC Halifax Town (37)
?,(Mon) 24 Mar 2008 (W13),Ebbsfleet United FC (36),2-1,1-1,Cambridge United FC (39)
?,(Mon) 24 Mar 2008 (W13),Farsley Celtic FC (38),0-1,0-1,Burton Albion FC (38)
?,(Mon) 24 Mar 2008 (W13),Histon FC (40),2-2,1-1,Grays Athletic FC (36)
?,(Mon) 24 Mar 2008 (W13),Kidderminster Harriers FC (37),2-0,1-0,AFC Rushden & Diamonds (37)
?,(Mon) 24 Mar 2008 (W13),Oxford United FC (38),2-1,1-0,Stevenage FC (38)
?,(Mon) 24 Mar 2008 (W13),Torquay United FC (36),1-0,1-0,Forest Green Rovers FC (39)
?,(Mon) 24 Mar 2008 (W13),Weymouth FC (38),3-1,1-0,Exeter City FC (37)
?,(Mon) 24 Mar 2008 (W13),Woking FC (39),3-2,1-1,Salisbury City FC (39)
?,(Tue) 25 Mar 2008 (W13),York City FC (37),1-1,1-0,Northwich Victoria FC (37)
?,(Thu) 27 Mar 2008 (W13),Crawley Town FC (38),0-4,0-4,Kidderminster Harriers FC (38)
?,(Thu) 27 Mar 2008 (W13),Droylsden FC (36),2-2,1-0,Aldershot Town FC (38)
?,(Thu) 27 Mar 2008 (W13),Salisbury City FC (40),1-0,0-0,Stevenage FC (39)
?,(Sat) 29 Mar 2008 (W13),Altrincham FC (41),1-1,0-0,Torquay United FC (37)
?,(Sat) 29 Mar 2008 (W13),Cambridge United FC (40),0-3,0-1,Kidderminster Harriers FC (39)
?,(Sat) 29 Mar 2008 (W13),Exeter City FC (38),1-0,0-0,FC Halifax Town (38)
?,(Sat) 29 Mar 2008 (W13),Farsley Celtic FC (39),4-2,1-1,Weymouth FC (39)
?,(Sat) 29 Mar 2008 (W13),Grays Athletic FC (37),2-1,0-1,Crawley Town FC (39)
?,(Sat) 29 Mar 2008 (W13),Oxford United FC (39),0-1,0-1,Northwich Victoria FC (38)
?,(Sat) 29 Mar 2008 (W13),AFC Rushden & Diamonds (38),0-0,0-0,Droylsden FC (37)
?,(Sat) 29 Mar 2008 (W13),Stafford Rangers FC (38),1-2,0-1,Aldershot Town FC (39)
?,(Sat) 29 Mar 2008 (W13),Woking FC (40),3-3,1-1,Histon FC (41)
?,(Sat) 29 Mar 2008 (W13),York City FC (38),0-1,0-1,Ebbsfleet United FC (37)
?,(Mon) 31 Mar 2008 (W14),Forest Green Rovers FC (40),3-1,2-0,Burton Albion FC (39)
?,(Tue) 1 Apr 2008 (W14),Droylsden FC (38),1-2,0-2,Torquay United FC (38)
?,(Tue) 1 Apr 2008 (W14),Grays Athletic FC (38),5-1,3-0,Stafford Rangers FC (39)
?,(Tue) 1 Apr 2008 (W14),Histon FC (42),1-1,0-0,Northwich Victoria FC (39)
?,(Tue) 1 Apr 2008 (W14),Kidderminster Harriers FC (40),2-1,2-1,Ebbsfleet United FC (38)
?,(Tue) 1 Apr 2008 (W14),Stevenage FC (40),3-2,1-2,York City FC (39)
?,(Thu) 3 Apr 2008 (W14),Exeter City FC (39),1-1,0-1,Droylsden FC (39)
?,(Sat) 5 Apr 2008 (W14),Aldershot Town FC (40),2-1,1-0,Salisbury City FC (41)
?,(Sat) 5 Apr 2008 (W14),Burton Albion FC (40),2-3,2-1,Grays Athletic FC (39)
?,(Sat) 5 Apr 2008 (W14),Crawley Town FC (40),6-1,3-1,York City FC (40)
?,(Sat) 5 Apr 2008 (W14),Droylsden FC (40),0-2,0-1,Cambridge United FC (41)
?,(Sat) 5 Apr 2008 (W14),Ebbsfleet United FC (39),1-1,0-0,Woking FC (41)
?,(Sat) 5 Apr 2008 (W14),FC Halifax Town (39),1-1,0-0,Forest Green Rovers FC (41)
?,(Sat) 5 Apr 2008 (W14),Kidderminster Harriers FC (41),1-1,1-1,Altrincham FC (42)
?,(Sat) 5 Apr 2008 (W14),Northwich Victoria FC (40),4-3,3-2,Stafford Rangers FC (40)
?,(Sat) 5 Apr 2008 (W14),Stevenage FC (41),0-1,0-1,Exeter City FC (40)
?,(Sat) 5 Apr 2008 (W14),Torquay United FC (39),0-1,0-1,Farsley Celtic FC (40)
?,(Sat) 5 Apr 2008 (W14),Weymouth FC (40),0-1,0-0,Oxford United FC (40)
?,(Tue) 8 Apr 2008 (W15),Burton Albion FC (41),2-1,0-0,Altrincham FC (43)
?,(Tue) 8 Apr 2008 (W15),Ebbsfleet United FC (40),2-2,1-0,Aldershot Town FC (41)
?,(Tue) 8 Apr 2008 (W15),Farsley Celtic FC (41),1-2,1-1,Droylsden FC (41)
?,(Tue) 8 Apr 2008 (W15),FC Halifax Town (40),1-6,1-4,Kidderminster Harriers FC (42)
?,(Tue) 8 Apr 2008 (W15),Histon FC (43),3-0,1-0,Crawley Town FC (41)
?,(Tue) 8 Apr 2008 (W15),Northwich Victoria FC (41),1-1,1-0,Forest Green Rovers FC (42)
?,(Tue) 8 Apr 2008 (W15),AFC Rushden & Diamonds (39),1-2,0-0,Cambridge United FC (42)
?,(Tue) 8 Apr 2008 (W15),Salisbury City FC (42),2-0,1-0,Exeter City FC (41)
?,(Tue) 8 Apr 2008 (W15),Stafford Rangers FC (41),0-4,0-0,York City FC (41)
?,(Tue) 8 Apr 2008 (W15),Torquay United FC (40),3-2,1-1,Oxford United FC (41)
?,(Tue) 8 Apr 2008 (W15),Weymouth FC (41),1-1,0-1,Grays Athletic FC (40)
?,(Tue) 8 Apr 2008 (W15),Woking FC (42),0-2,0-1,Stevenage FC (42)
?,(Thu) 10 Apr 2008 (W15),FC Halifax Town (41),1-0,0-0,Ebbsfleet United FC (41)
?,(Sat) 12 Apr 2008 (W15),Aldershot Town FC (42),1-0,1-0,Burton Albion FC (42)
?,(Sat) 12 Apr 2008 (W15),Altrincham FC (44),3-1,0-1,Salisbury City FC (43)
?,(Sat) 12 Apr 2008 (W15),Cambridge United FC (43),1-2,1-1,Stafford Rangers FC (42)
?,(Sat) 12 Apr 2008 (W15),Crawley Town FC (42),1-1,1-1,Weymouth FC (42)
?,(Sat) 12 Apr 2008 (W15),Exeter City FC (42),2-1,1-1,Northwich Victoria FC (42)
?,(Sat) 12 Apr 2008 (W15),Forest Green Rovers FC (43),0-1,0-0,AFC Rushden & Diamonds (40)
?,(Sat) 12 Apr 2008 (W15),Grays Athletic FC (41),3-3,1-1,FC Halifax Town (42)
?,(Sat) 12 Apr 2008 (W15),Kidderminster Harriers FC (43),1-1,1-0,Histon FC (44)
?,(Sat) 12 Apr 2008 (W15),Oxford United FC (42),5-1,2-0,Farsley Celtic FC (42)
?,(Sat) 12 Apr 2008 (W15),Stevenage FC (43),1-3,0-0,Torquay United FC (41)
?,(Sat) 12 Apr 2008 (W15),York City FC (42),2-3,1-1,Woking FC (43)
?,(Tue) 15 Apr 2008 (W16),Burton Albion FC (43),2-1,0-0,FC Halifax Town (43)
?,(Tue) 15 Apr 2008 (W16),Crawley Town FC (43),2-1,0-0,Grays Athletic FC (42)
?,(Tue) 15 Apr 2008 (W16),Ebbsfleet United FC (42),3-1,0-1,Farsley Celtic FC (43)
?,(Tue) 15 Apr 2008 (W16),Exeter City FC (43),1-1,1-1,Aldershot Town FC (43)
?,(Tue) 15 Apr 2008 (W16),Stafford Rangers FC (43),0-1,0-1,AFC Rushden & Diamonds (41)
?,(Tue) 15 Apr 2008 (W16),Torquay United FC (42),1-0,1-0,Northwich Victoria FC (43)
?,(Tue) 15 Apr 2008 (W16),Weymouth FC (43),2-1,1-1,Droylsden FC (42)
?,(Tue) 15 Apr 2008 (W16),York City FC (43),0-1,0-0,Oxford United FC (43)
?,(Thu) 17 Apr 2008 (W16),Droylsden FC (43),1-1,0-0,Ebbsfleet United FC (43)
?,(Thu) 17 Apr 2008 (W16),AFC Rushden & Diamonds (42),2-1,1-1,Torquay United FC (43)
?,(Fri) 18 Apr 2008 (W16),Burton Albion FC (44),3-0,0-0,Stevenage FC (44)
?,(Sat) 19 Apr 2008 (W16),Ebbsfleet United FC (44),2-0,1-0,Altrincham FC (45)
?,(Sat) 19 Apr 2008 (W16),Farsley Celtic FC (44),0-2,0-1,Forest Green Rovers FC (44)
?,(Sat) 19 Apr 2008 (W16),FC Halifax Town (44),0-0,0-0,Aldershot Town FC (44)
?,(Sat) 19 Apr 2008 (W16),Histon FC (45),2-0,1-0,Droylsden FC (44)
?,(Sat) 19 Apr 2008 (W16),Northwich Victoria FC (44),1-0,0-0,Grays Athletic FC (43)
?,(Sat) 19 Apr 2008 (W16),AFC Rushden & Diamonds (43),0-2,0-1,Exeter City FC (44)
?,(Sat) 19 Apr 2008 (W16),Salisbury City FC (44),0-2,0-2,Cambridge United FC (44)
?,(Sat) 19 Apr 2008 (W16),Stafford Rangers FC (44),1-3,1-2,Crawley Town FC (44)
?,(Sat) 19 Apr 2008 (W16),Torquay United FC (44),0-0,0-0,York City FC (44)
?,(Sat) 19 Apr 2008 (W16),Weymouth FC (44),2-1,0-0,Kidderminster Harriers FC (44)
?,(Sat) 19 Apr 2008 (W16),Woking FC (44),1-2,0-1,Oxford United FC (44)
?,(Tue) 22 Apr 2008 (W17),Aldershot Town FC (45),0-0,0-0,Weymouth FC (45)
?,(Tue) 22 Apr 2008 (W17),Cambridge United FC (45),2-0,2-0,Torquay United FC (45)
?,(Tue) 22 Apr 2008 (W17),Crawley Town FC (45),0-4,0-2,FC Halifax Town (45)
?,(Tue) 22 Apr 2008 (W17),Droylsden FC (45),1-1,1-0,Woking FC (45)
?,(Tue) 22 Apr 2008 (W17),Exeter City FC (45),4-1,2-0,Stafford Rangers FC (45)
?,(Tue) 22 Apr 2008 (W17),Forest Green Rovers FC (45),2-2,1-1,Ebbsfleet United FC (45)
?,(Tue) 22 Apr 2008 (W17),Grays Athletic FC (44),1-1,1-1,Salisbury City FC (45)
?,(Tue) 22 Apr 2008 (W17),Kidderminster Harriers FC (45),4-1,3-0,Burton Albion FC (45)
?,(Tue) 22 Apr 2008 (W17),Oxford United FC (45),1-0,0-0,AFC Rushden & Diamonds (44)
?,(Tue) 22 Apr 2008 (W17),Stevenage FC (45),1-2,0-1,Northwich Victoria FC (45)
?,(Tue) 22 Apr 2008 (W17),York City FC (45),4-1,2-0,Farsley Celtic FC (45)
?,(Thu) 24 Apr 2008 (W17),Grays Athletic FC (45),3-0,2-0,AFC Rushden & Diamonds (45)
?,(Sat) 26 Apr 2008 (W17),Burton Albion FC (46),4-4,1-1,Exeter City FC (46)
?,(Sat) 26 Apr 2008 (W17),Ebbsfleet United FC (46),1-3,0-3,Oxford United FC (46)
?,(Sat) 26 Apr 2008 (W17),Farsley Celtic FC (46),1-3,1-1,Grays Athletic FC (46)
?,(Sat) 26 Apr 2008 (W17),FC Halifax Town (46),1-2,0-2,Stevenage FC (46)
?,(Sat) 26 Apr 2008 (W17),Histon FC (46),2-2,2-1,Forest Green Rovers FC (46)
?,(Sat) 26 Apr 2008 (W17),Northwich Victoria FC (46),0-2,0-1,Cambridge United FC (46)
?,(Sat) 26 Apr 2008 (W17),AFC Rushden & Diamonds (46),1-1,0-0,Aldershot Town FC (46)
?,(Sat) 26 Apr 2008 (W17),Salisbury City FC (46),3-0,2-0,York City FC (46)
?,(Sat) 26 Apr 2008 (W17),Stafford Rangers FC (46),2-1,1-0,Droylsden FC (46)
?,(Sat) 26 Apr 2008 (W17),Torquay United FC (46),1-2,0-1,Crawley Town FC (46)
?,(Sat) 26 Apr 2008 (W17),Weymouth FC (46),2-2,2-1,Altrincham FC (46)
?,(Sat) 26 Apr 2008 (W17),Woking FC (46),3-0,1-0,Kidderminster Harriers FC (46)
