Round,Date,Team 1,FT,HT,Team 2
?,(Sat) 11 Aug 2007 (W32),Barnsley FC (1),1-4,1-1,Coventry City FC (1)
?,(Sat) 11 Aug 2007 (W32),Bristol City FC (1),2-2,1-1,Queens Park Rangers FC (1)
?,(Sat) 11 Aug 2007 (W32),Burnley FC (1),2-1,0-1,West Bromwich Albion FC (1)
?,(Sat) 11 Aug 2007 (W32),Cardiff City FC (1),0-1,0-1,Stoke City FC (1)
?,(Sat) 11 Aug 2007 (W32),Charlton Athletic FC (1),1-1,0-0,Scunthorpe United FC (1)
?,(Sat) 11 Aug 2007 (W32),Hull City AFC (1),2-3,1-2,Plymouth Argyle FC (1)
?,(Sat) 11 Aug 2007 (W32),Ipswich Town FC (1),4-1,3-0,Sheffield Wednesday FC (1)
?,(Sat) 11 Aug 2007 (W32),Leicester City FC (1),0-1,0-0,Blackpool FC (1)
?,(Sat) 11 Aug 2007 (W32),Preston North End FC (1),0-0,0-0,Norwich City FC (1)
?,(Sat) 11 Aug 2007 (W32),Sheffield United FC (1),2-2,0-0,Colchester United FC (1)
?,(Sat) 11 Aug 2007 (W32),Southampton FC (1),1-4,1-2,Crystal Palace FC (1)
?,(Sat) 11 Aug 2007 (W32),Wolverhampton Wanderers FC (1),1-2,1-0,Watford FC (1)
?,(Sat) 18 Aug 2007 (W33),Blackpool FC (2),1-1,0-0,Bristol City FC (2)
?,(Sat) 18 Aug 2007 (W33),Colchester United FC (2),2-2,1-1,Barnsley FC (2)
?,(Sat) 18 Aug 2007 (W33),Coventry City FC (2),1-1,0-0,Hull City AFC (2)
?,(Sat) 18 Aug 2007 (W33),Crystal Palace FC (2),2-2,1-0,Leicester City FC (2)
?,(Sat) 18 Aug 2007 (W33),Norwich City FC (2),2-1,0-1,Southampton FC (2)
?,(Sat) 18 Aug 2007 (W33),Plymouth Argyle FC (2),1-1,0-1,Ipswich Town FC (2)
?,(Sat) 18 Aug 2007 (W33),Queens Park Rangers FC (2),0-2,0-1,Cardiff City FC (2)
?,(Sat) 18 Aug 2007 (W33),Scunthorpe United FC (2),2-0,0-0,Burnley FC (2)
?,(Sat) 18 Aug 2007 (W33),Stoke City FC (2),2-1,0-0,Charlton Athletic FC (2)
?,(Sat) 18 Aug 2007 (W33),Watford FC (2),1-0,0-0,Sheffield United FC (2)
?,(Sat) 18 Aug 2007 (W33),West Bromwich Albion FC (2),2-0,0-0,Preston North End FC (2)
?,(Sun) 19 Aug 2007 (W33),Sheffield Wednesday FC (2),1-3,1-1,Wolverhampton Wanderers FC (2)
?,(Sat) 25 Aug 2007 (W34),Barnsley FC (3),3-2,2-0,Plymouth Argyle FC (3)
?,(Sat) 25 Aug 2007 (W34),Bristol City FC (3),2-1,2-1,Scunthorpe United FC (3)
?,(Sat) 25 Aug 2007 (W34),Cardiff City FC (3),0-1,0-1,Coventry City FC (3)
?,(Sat) 25 Aug 2007 (W34),Charlton Athletic FC (3),3-2,0-2,Sheffield Wednesday FC (3)
?,(Sat) 25 Aug 2007 (W34),Hull City AFC (3),2-1,0-0,Norwich City FC (3)
?,(Sat) 25 Aug 2007 (W34),Leicester City FC (3),4-1,1-0,Watford FC (3)
?,(Sat) 25 Aug 2007 (W34),Preston North End FC (3),0-3,0-1,Colchester United FC (3)
?,(Sat) 25 Aug 2007 (W34),Sheffield United FC (3),1-0,1-0,West Bromwich Albion FC (3)
?,(Sat) 25 Aug 2007 (W34),Southampton FC (3),3-2,1-1,Stoke City FC (3)
?,(Sat) 25 Aug 2007 (W34),Wolverhampton Wanderers FC (3),2-1,0-0,Blackpool FC (3)
?,(Sun) 26 Aug 2007 (W34),Ipswich Town FC (3),1-0,0-0,Crystal Palace FC (3)
?,(Sat) 1 Sep 2007 (W35),Colchester United FC (4),2-3,1-2,Burnley FC (3)
?,(Sat) 1 Sep 2007 (W35),Coventry City FC (4),2-1,0-1,Preston North End FC (4)
?,(Sat) 1 Sep 2007 (W35),Crystal Palace FC (4),0-1,0-0,Charlton Athletic FC (4)
?,(Sat) 1 Sep 2007 (W35),Norwich City FC (4),1-2,1-0,Cardiff City FC (4)
?,(Sat) 1 Sep 2007 (W35),Plymouth Argyle FC (4),0-0,0-0,Leicester City FC (4)
?,(Sat) 1 Sep 2007 (W35),Queens Park Rangers FC (3),0-3,0-2,Southampton FC (4)
?,(Sat) 1 Sep 2007 (W35),Scunthorpe United FC (4),3-2,1-0,Sheffield United FC (4)
?,(Sat) 1 Sep 2007 (W35),Sheffield Wednesday FC (4),0-1,0-1,Bristol City FC (4)
?,(Sat) 1 Sep 2007 (W35),Stoke City FC (4),0-0,0-0,Wolverhampton Wanderers FC (4)
?,(Sat) 1 Sep 2007 (W35),Watford FC (4),2-0,1-0,Ipswich Town FC (4)
?,(Sat) 1 Sep 2007 (W35),West Bromwich Albion FC (4),2-0,2-0,Barnsley FC (4)
?,(Mon) 3 Sep 2007 (W36),Blackpool FC (4),2-1,0-0,Hull City AFC (4)
?,(Sat) 15 Sep 2007 (W37),Barnsley FC (5),2-0,1-0,Scunthorpe United FC (5)
?,(Sat) 15 Sep 2007 (W37),Burnley FC (4),2-2,0-0,Blackpool FC (5)
?,(Sat) 15 Sep 2007 (W37),Colchester United FC (5),2-2,2-1,Charlton Athletic FC (5)
?,(Sat) 15 Sep 2007 (W37),Coventry City FC (5),0-3,0-1,Bristol City FC (5)
?,(Sat) 15 Sep 2007 (W37),Hull City AFC (5),1-1,0-1,Stoke City FC (5)
?,(Sat) 15 Sep 2007 (W37),Leicester City FC (5),1-1,0-0,Queens Park Rangers FC (4)
?,(Sat) 15 Sep 2007 (W37),Norwich City FC (5),1-0,0-0,Crystal Palace FC (5)
?,(Sat) 15 Sep 2007 (W37),Plymouth Argyle FC (5),2-2,1-0,Cardiff City FC (5)
?,(Sat) 15 Sep 2007 (W37),Preston North End FC (5),1-0,1-0,Sheffield Wednesday FC (5)
?,(Sat) 15 Sep 2007 (W37),Sheffield United FC (5),3-1,0-1,Wolverhampton Wanderers FC (5)
?,(Sat) 15 Sep 2007 (W37),West Bromwich Albion FC (5),4-0,1-0,Ipswich Town FC (5)
?,(Sun) 16 Sep 2007 (W37),Watford FC (5),3-2,1-1,Southampton FC (5)
?,(Tue) 18 Sep 2007 (W38),Blackpool FC (6),2-2,1-1,Sheffield United FC (6)
?,(Tue) 18 Sep 2007 (W38),Bristol City FC (6),1-1,0-0,West Bromwich Albion FC (6)
?,(Tue) 18 Sep 2007 (W38),Charlton Athletic FC (6),2-0,0-0,Norwich City FC (6)
?,(Tue) 18 Sep 2007 (W38),Crystal Palace FC (6),1-1,1-0,Coventry City FC (6)
?,(Tue) 18 Sep 2007 (W38),Queens Park Rangers FC (5),0-2,0-0,Plymouth Argyle FC (6)
?,(Tue) 18 Sep 2007 (W38),Scunthorpe United FC (6),2-1,1-1,Preston North End FC (6)
?,(Tue) 18 Sep 2007 (W38),Sheffield Wednesday FC (6),0-2,0-1,Burnley FC (5)
?,(Tue) 18 Sep 2007 (W38),Stoke City FC (6),0-0,0-0,Barnsley FC (6)
?,(Tue) 18 Sep 2007 (W38),Wolverhampton Wanderers FC (6),0-1,0-0,Hull City AFC (6)
?,(Wed) 19 Sep 2007 (W38),Cardiff City FC (6),1-2,0-1,Watford FC (6)
?,(Wed) 19 Sep 2007 (W38),Southampton FC (6),1-1,0-0,Colchester United FC (6)
?,(Sat) 22 Sep 2007 (W38),Blackpool FC (7),2-2,0-0,Colchester United FC (7)
?,(Sat) 22 Sep 2007 (W38),Bristol City FC (7),2-2,0-0,Burnley FC (6)
?,(Sat) 22 Sep 2007 (W38),Cardiff City FC (7),2-2,1-0,Preston North End FC (7)
?,(Sat) 22 Sep 2007 (W38),Charlton Athletic FC (7),2-0,2-0,Leicester City FC (6)
?,(Sat) 22 Sep 2007 (W38),Crystal Palace FC (7),3-2,0-0,Sheffield United FC (7)
?,(Sat) 22 Sep 2007 (W38),Ipswich Town FC (6),4-1,3-0,Coventry City FC (7)
?,(Sat) 22 Sep 2007 (W38),Queens Park Rangers FC (6),1-1,0-0,Watford FC (7)
?,(Sat) 22 Sep 2007 (W38),Scunthorpe United FC (7),2-3,1-0,West Bromwich Albion FC (7)
?,(Sat) 22 Sep 2007 (W38),Sheffield Wednesday FC (7),1-0,1-0,Hull City AFC (7)
?,(Sat) 22 Sep 2007 (W38),Southampton FC (7),2-3,1-2,Barnsley FC (7)
?,(Sat) 22 Sep 2007 (W38),Stoke City FC (7),3-2,1-0,Plymouth Argyle FC (7)
?,(Sat) 22 Sep 2007 (W38),Wolverhampton Wanderers FC (7),2-0,2-0,Norwich City FC (7)
?,(Sat) 29 Sep 2007 (W39),Barnsley FC (8),1-1,0-0,Cardiff City FC (8)
?,(Sat) 29 Sep 2007 (W39),Burnley FC (7),1-1,1-1,Crystal Palace FC (8)
?,(Sat) 29 Sep 2007 (W39),Colchester United FC (8),0-1,0-1,Scunthorpe United FC (8)
?,(Sat) 29 Sep 2007 (W39),Coventry City FC (8),1-1,0-1,Charlton Athletic FC (8)
?,(Sat) 29 Sep 2007 (W39),Hull City AFC (8),3-1,3-1,Ipswich Town FC (7)
?,(Sat) 29 Sep 2007 (W39),Leicester City FC (7),1-1,0-1,Stoke City FC (8)
?,(Sat) 29 Sep 2007 (W39),Norwich City FC (8),0-1,0-0,Sheffield Wednesday FC (8)
?,(Sat) 29 Sep 2007 (W39),Plymouth Argyle FC (8),1-1,0-1,Wolverhampton Wanderers FC (8)
?,(Sat) 29 Sep 2007 (W39),Preston North End FC (8),0-0,0-0,Bristol City FC (8)
?,(Sat) 29 Sep 2007 (W39),Sheffield United FC (8),1-2,1-2,Southampton FC (8)
?,(Sat) 29 Sep 2007 (W39),Watford FC (8),1-1,1-0,Blackpool FC (8)
?,(Sun) 30 Sep 2007 (W39),West Bromwich Albion FC (8),5-1,3-1,Queens Park Rangers FC (7)
?,(Tue) 2 Oct 2007 (W40),Barnsley FC (9),3-0,0-0,Bristol City FC (9)
?,(Tue) 2 Oct 2007 (W40),Burnley FC (8),2-2,1-2,Ipswich Town FC (8)
?,(Tue) 2 Oct 2007 (W40),Coventry City FC (9),3-1,1-1,Blackpool FC (9)
?,(Tue) 2 Oct 2007 (W40),Hull City AFC (9),1-2,0-1,Charlton Athletic FC (9)
?,(Tue) 2 Oct 2007 (W40),Leicester City FC (8),0-0,0-0,Wolverhampton Wanderers FC (9)
?,(Tue) 2 Oct 2007 (W40),Norwich City FC (9),0-0,0-0,Scunthorpe United FC (9)
?,(Tue) 2 Oct 2007 (W40),Plymouth Argyle FC (9),1-0,0-0,Crystal Palace FC (9)
?,(Tue) 2 Oct 2007 (W40),Preston North End FC (9),5-1,1-1,Southampton FC (9)
?,(Tue) 2 Oct 2007 (W40),Sheffield United FC (9),3-3,1-2,Cardiff City FC (9)
?,(Tue) 2 Oct 2007 (W40),Watford FC (9),2-1,2-1,Sheffield Wednesday FC (9)
?,(Wed) 3 Oct 2007 (W40),Colchester United FC (9),4-2,3-1,Queens Park Rangers FC (8)
?,(Wed) 3 Oct 2007 (W40),West Bromwich Albion FC (9),1-1,0-1,Stoke City FC (9)
?,(Sat) 6 Oct 2007 (W40),Blackpool FC (10),0-0,0-0,Plymouth Argyle FC (10)
?,(Sat) 6 Oct 2007 (W40),Bristol City FC (10),2-0,1-0,Sheffield United FC (10)
?,(Sat) 6 Oct 2007 (W40),Cardiff City FC (10),2-1,1-0,Burnley FC (9)
?,(Sat) 6 Oct 2007 (W40),Charlton Athletic FC (10),1-1,0-0,Barnsley FC (10)
?,(Sat) 6 Oct 2007 (W40),Crystal Palace FC (10),1-1,0-0,Hull City AFC (10)
?,(Sat) 6 Oct 2007 (W40),Ipswich Town FC (9),2-1,1-0,Preston North End FC (10)
?,(Sat) 6 Oct 2007 (W40),Scunthorpe United FC (10),1-3,1-1,Watford FC (10)
?,(Sat) 6 Oct 2007 (W40),Sheffield Wednesday FC (10),0-2,0-2,Leicester City FC (9)
?,(Sat) 6 Oct 2007 (W40),Southampton FC (10),3-2,2-1,West Bromwich Albion FC (10)
?,(Sat) 6 Oct 2007 (W40),Stoke City FC (10),2-1,1-0,Colchester United FC (10)
?,(Sat) 6 Oct 2007 (W40),Wolverhampton Wanderers FC (10),1-0,0-0,Coventry City FC (10)
?,(Mon) 8 Oct 2007 (W41),Queens Park Rangers FC (9),1-0,0-0,Norwich City FC (10)
?,(Sat) 20 Oct 2007 (W42),Barnsley FC (11),1-1,0-1,Burnley FC (10)
?,(Sat) 20 Oct 2007 (W42),Blackpool FC (11),1-1,0-0,Crystal Palace FC (11)
?,(Sat) 20 Oct 2007 (W42),Colchester United FC (11),3-2,2-2,West Bromwich Albion FC (11)
?,(Sat) 20 Oct 2007 (W42),Norwich City FC (11),1-3,0-0,Bristol City FC (11)
?,(Sat) 20 Oct 2007 (W42),Plymouth Argyle FC (11),1-0,1-0,Coventry City FC (11)
?,(Sat) 20 Oct 2007 (W42),Queens Park Rangers FC (10),1-1,0-0,Ipswich Town FC (10)
?,(Sat) 20 Oct 2007 (W42),Scunthorpe United FC (11),0-0,0-0,Leicester City FC (10)
?,(Sat) 20 Oct 2007 (W42),Sheffield United FC (11),1-1,0-1,Preston North End FC (11)
?,(Sat) 20 Oct 2007 (W42),Stoke City FC (11),2-4,2-2,Sheffield Wednesday FC (11)
?,(Sat) 20 Oct 2007 (W42),Watford FC (11),1-0,1-0,Hull City AFC (11)
?,(Sat) 20 Oct 2007 (W42),Wolverhampton Wanderers FC (11),2-0,0-0,Charlton Athletic FC (11)
?,(Sun) 21 Oct 2007 (W42),Southampton FC (11),1-0,1-0,Cardiff City FC (11)
?,(Mon) 22 Oct 2007 (W43),Hull City AFC (12),3-0,2-0,Barnsley FC (12)
?,(Tue) 23 Oct 2007 (W43),Burnley FC (11),2-1,2-0,Norwich City FC (12)
?,(Tue) 23 Oct 2007 (W43),Charlton Athletic FC (12),1-2,1-2,Plymouth Argyle FC (12)
?,(Tue) 23 Oct 2007 (W43),Coventry City FC (12),0-3,0-2,Watford FC (12)
?,(Tue) 23 Oct 2007 (W43),Crystal Palace FC (12),1-3,0-0,Stoke City FC (12)
?,(Tue) 23 Oct 2007 (W43),Ipswich Town FC (11),3-1,0-1,Colchester United FC (12)
?,(Tue) 23 Oct 2007 (W43),Leicester City FC (11),0-1,0-0,Sheffield United FC (12)
?,(Tue) 23 Oct 2007 (W43),Preston North End FC (12),0-0,0-0,Queens Park Rangers FC (11)
?,(Tue) 23 Oct 2007 (W43),Sheffield Wednesday FC (12),1-2,1-2,Scunthorpe United FC (12)
?,(Tue) 23 Oct 2007 (W43),West Bromwich Albion FC (12),2-1,1-1,Blackpool FC (12)
?,(Wed) 24 Oct 2007 (W43),Bristol City FC (12),2-1,2-0,Southampton FC (12)
?,(Wed) 24 Oct 2007 (W43),Cardiff City FC (12),2-3,2-1,Wolverhampton Wanderers FC (12)
?,(Sat) 27 Oct 2007 (W43),Bristol City FC (13),1-0,1-0,Stoke City FC (13)
?,(Sat) 27 Oct 2007 (W43),Burnley FC (12),2-3,1-2,Southampton FC (13)
?,(Sat) 27 Oct 2007 (W43),Cardiff City FC (13),1-1,1-0,Scunthorpe United FC (13)
?,(Sat) 27 Oct 2007 (W43),Charlton Athletic FC (13),0-1,0-0,Queens Park Rangers FC (12)
?,(Sat) 27 Oct 2007 (W43),Coventry City FC (13),1-0,0-0,Colchester United FC (13)
?,(Sat) 27 Oct 2007 (W43),Hull City AFC (13),1-1,0-1,Sheffield United FC (13)
?,(Sat) 27 Oct 2007 (W43),Ipswich Town FC (12),3-0,1-0,Wolverhampton Wanderers FC (13)
?,(Sat) 27 Oct 2007 (W43),Leicester City FC (12),2-0,2-0,Barnsley FC (13)
?,(Sat) 27 Oct 2007 (W43),Preston North End FC (13),2-0,1-0,Plymouth Argyle FC (13)
?,(Sat) 27 Oct 2007 (W43),Sheffield Wednesday FC (13),2-1,0-1,Blackpool FC (13)
?,(Sat) 27 Oct 2007 (W43),West Bromwich Albion FC (13),2-0,1-0,Norwich City FC (13)
?,(Mon) 29 Oct 2007 (W44),Crystal Palace FC (13),0-2,0-1,Watford FC (13)
?,(Sat) 3 Nov 2007 (W44),Barnsley FC (14),1-0,1-0,Preston North End FC (14)
?,(Sat) 3 Nov 2007 (W44),Colchester United FC (14),1-1,1-1,Leicester City FC (13)
?,(Sat) 3 Nov 2007 (W44),Plymouth Argyle FC (14),1-2,0-0,Sheffield Wednesday FC (14)
?,(Sat) 3 Nov 2007 (W44),Queens Park Rangers FC (13),2-0,1-0,Hull City AFC (14)
?,(Sat) 3 Nov 2007 (W44),Scunthorpe United FC (14),0-0,0-0,Crystal Palace FC (14)
?,(Sat) 3 Nov 2007 (W44),Sheffield United FC (14),0-0,0-0,Burnley FC (13)
?,(Sat) 3 Nov 2007 (W44),Southampton FC (14),0-1,0-0,Charlton Athletic FC (14)
?,(Sat) 3 Nov 2007 (W44),Stoke City FC (14),1-3,0-0,Coventry City FC (14)
?,(Sat) 3 Nov 2007 (W44),Watford FC (14),0-3,0-2,West Bromwich Albion FC (14)
?,(Sat) 3 Nov 2007 (W44),Wolverhampton Wanderers FC (14),1-1,1-1,Bristol City FC (14)
?,(Sun) 4 Nov 2007 (W44),Norwich City FC (14),2-2,0-2,Ipswich Town FC (13)
?,(Mon) 5 Nov 2007 (W45),Barnsley FC (15),2-1,1-0,Blackpool FC (14)
?,(Tue) 6 Nov 2007 (W45),Bristol City FC (15),0-1,0-0,Charlton Athletic FC (15)
?,(Tue) 6 Nov 2007 (W45),Burnley FC (14),0-1,0-0,Hull City AFC (15)
?,(Tue) 6 Nov 2007 (W45),Cardiff City FC (14),1-1,1-1,Crystal Palace FC (15)
?,(Tue) 6 Nov 2007 (W45),Colchester United FC (15),1-1,0-0,Plymouth Argyle FC (15)
?,(Tue) 6 Nov 2007 (W45),Norwich City FC (15),1-3,0-2,Watford FC (15)
?,(Tue) 6 Nov 2007 (W45),Preston North End FC (15),1-1,1-0,Leicester City FC (14)
?,(Tue) 6 Nov 2007 (W45),Queens Park Rangers FC (14),1-2,0-0,Coventry City FC (15)
?,(Tue) 6 Nov 2007 (W45),Scunthorpe United FC (15),2-3,1-1,Stoke City FC (15)
?,(Tue) 6 Nov 2007 (W45),Sheffield United FC (15),3-1,1-0,Ipswich Town FC (14)
?,(Tue) 6 Nov 2007 (W45),Southampton FC (15),0-0,0-0,Wolverhampton Wanderers FC (15)
?,(Tue) 6 Nov 2007 (W45),West Bromwich Albion FC (15),1-1,0-0,Sheffield Wednesday FC (15)
?,(Sat) 10 Nov 2007 (W45),Blackpool FC (15),1-0,0-0,Scunthorpe United FC (16)
?,(Sat) 10 Nov 2007 (W45),Charlton Athletic FC (16),3-0,2-0,Cardiff City FC (15)
?,(Sat) 10 Nov 2007 (W45),Crystal Palace FC (16),1-1,0-1,Queens Park Rangers FC (15)
?,(Sat) 10 Nov 2007 (W45),Hull City AFC (16),3-0,2-0,Preston North End FC (16)
?,(Sat) 10 Nov 2007 (W45),Ipswich Town FC (15),6-0,2-0,Bristol City FC (16)
?,(Sat) 10 Nov 2007 (W45),Leicester City FC (15),0-1,0-1,Burnley FC (15)
?,(Sat) 10 Nov 2007 (W45),Plymouth Argyle FC (16),3-0,1-0,Norwich City FC (16)
?,(Sat) 10 Nov 2007 (W45),Sheffield Wednesday FC (16),5-0,1-0,Southampton FC (16)
?,(Sat) 10 Nov 2007 (W45),Stoke City FC (16),0-1,0-1,Sheffield United FC (16)
?,(Sat) 10 Nov 2007 (W45),Watford FC (16),2-2,1-1,Colchester United FC (16)
?,(Sat) 10 Nov 2007 (W45),Wolverhampton Wanderers FC (16),1-0,1-0,Barnsley FC (16)
?,(Mon) 12 Nov 2007 (W46),Coventry City FC (16),0-4,0-0,West Bromwich Albion FC (16)
?,(Sat) 24 Nov 2007 (W47),Barnsley FC (17),3-2,2-2,Watford FC (17)
?,(Sat) 24 Nov 2007 (W47),Bristol City FC (17),0-2,0-1,Leicester City FC (16)
?,(Sat) 24 Nov 2007 (W47),Burnley FC (16),0-0,0-0,Stoke City FC (17)
?,(Sat) 24 Nov 2007 (W47),Cardiff City FC (16),1-0,1-0,Ipswich Town FC (16)
?,(Sat) 24 Nov 2007 (W47),Colchester United FC (17),1-2,0-1,Crystal Palace FC (17)
?,(Sat) 24 Nov 2007 (W47),Norwich City FC (17),2-0,1-0,Coventry City FC (17)
?,(Sat) 24 Nov 2007 (W47),Preston North End FC (17),0-2,0-1,Charlton Athletic FC (17)
?,(Sat) 24 Nov 2007 (W47),Queens Park Rangers FC (16),0-0,0-0,Sheffield Wednesday FC (17)
?,(Sat) 24 Nov 2007 (W47),Scunthorpe United FC (17),1-2,1-2,Hull City AFC (17)
?,(Sat) 24 Nov 2007 (W47),Sheffield United FC (17),0-1,0-1,Plymouth Argyle FC (17)
?,(Sat) 24 Nov 2007 (W47),Southampton FC (17),1-0,1-0,Blackpool FC (16)
?,(Sun) 25 Nov 2007 (W47),West Bromwich Albion FC (17),0-0,0-0,Wolverhampton Wanderers FC (17)
?,(Mon) 26 Nov 2007 (W48),Leicester City FC (17),0-0,0-0,Cardiff City FC (17)
?,(Tue) 27 Nov 2007 (W48),Blackpool FC (17),1-3,1-1,Norwich City FC (18)
?,(Tue) 27 Nov 2007 (W48),Charlton Athletic FC (18),0-3,0-1,Sheffield United FC (18)
?,(Tue) 27 Nov 2007 (W48),Coventry City FC (18),1-1,0-0,Scunthorpe United FC (18)
?,(Tue) 27 Nov 2007 (W48),Crystal Palace FC (18),2-1,2-1,Preston North End FC (18)
?,(Tue) 27 Nov 2007 (W48),Hull City AFC (18),0-0,0-0,Bristol City FC (18)
?,(Tue) 27 Nov 2007 (W48),Ipswich Town FC (17),2-0,1-0,Southampton FC (18)
?,(Tue) 27 Nov 2007 (W48),Sheffield Wednesday FC (18),1-0,0-0,Barnsley FC (18)
?,(Tue) 27 Nov 2007 (W48),Stoke City FC (18),3-1,2-0,Queens Park Rangers FC (17)
?,(Tue) 27 Nov 2007 (W48),Watford FC (18),1-2,0-0,Burnley FC (17)
?,(Wed) 28 Nov 2007 (W48),Plymouth Argyle FC (18),1-2,0-2,West Bromwich Albion FC (18)
?,(Wed) 28 Nov 2007 (W48),Wolverhampton Wanderers FC (18),1-0,1-0,Colchester United FC (18)
?,(Sat) 1 Dec 2007 (W48),Blackpool FC (18),1-0,0-0,Queens Park Rangers FC (18)
?,(Sat) 1 Dec 2007 (W48),Charlton Athletic FC (19),1-3,1-2,Burnley FC (18)
?,(Sat) 1 Dec 2007 (W48),Coventry City FC (19),0-1,0-0,Sheffield United FC (19)
?,(Sat) 1 Dec 2007 (W48),Crystal Palace FC (19),1-1,1-1,West Bromwich Albion FC (19)
?,(Sat) 1 Dec 2007 (W48),Hull City AFC (19),2-2,2-1,Cardiff City FC (18)
?,(Sat) 1 Dec 2007 (W48),Ipswich Town FC (18),0-0,0-0,Barnsley FC (19)
?,(Sat) 1 Dec 2007 (W48),Leicester City FC (18),1-2,1-1,Southampton FC (19)
?,(Sat) 1 Dec 2007 (W48),Plymouth Argyle FC (19),3-0,0-0,Scunthorpe United FC (19)
?,(Sat) 1 Dec 2007 (W48),Sheffield Wednesday FC (19),1-2,1-2,Colchester United FC (19)
?,(Sat) 1 Dec 2007 (W48),Stoke City FC (19),2-1,0-1,Norwich City FC (19)
?,(Sat) 1 Dec 2007 (W48),Watford FC (19),1-2,0-0,Bristol City FC (19)
?,(Sat) 1 Dec 2007 (W48),Wolverhampton Wanderers FC (19),1-0,0-0,Preston North End FC (19)
?,(Mon) 3 Dec 2007 (W49),Scunthorpe United FC (20),1-1,1-0,Blackpool FC (19)
?,(Tue) 4 Dec 2007 (W49),Barnsley FC (20),1-0,0-0,Wolverhampton Wanderers FC (20)
?,(Tue) 4 Dec 2007 (W49),Bristol City FC (20),2-0,2-0,Ipswich Town FC (19)
?,(Tue) 4 Dec 2007 (W49),Burnley FC (19),1-1,1-0,Leicester City FC (19)
?,(Tue) 4 Dec 2007 (W49),Cardiff City FC (19),0-2,0-1,Charlton Athletic FC (20)
?,(Tue) 4 Dec 2007 (W49),Colchester United FC (20),2-3,2-2,Watford FC (20)
?,(Tue) 4 Dec 2007 (W49),Norwich City FC (20),2-1,1-0,Plymouth Argyle FC (20)
?,(Tue) 4 Dec 2007 (W49),Preston North End FC (20),3-0,0-0,Hull City AFC (20)
?,(Tue) 4 Dec 2007 (W49),Queens Park Rangers FC (19),1-2,1-0,Crystal Palace FC (20)
?,(Tue) 4 Dec 2007 (W49),Sheffield United FC (20),0-3,0-3,Stoke City FC (20)
?,(Tue) 4 Dec 2007 (W49),Southampton FC (20),0-0,0-0,Sheffield Wednesday FC (20)
?,(Tue) 4 Dec 2007 (W49),West Bromwich Albion FC (20),2-4,0-2,Coventry City FC (20)
?,(Sat) 8 Dec 2007 (W49),Barnsley FC (21),0-0,0-0,Crystal Palace FC (21)
?,(Sat) 8 Dec 2007 (W49),Cardiff City FC (20),4-1,0-1,Colchester United FC (21)
?,(Sat) 8 Dec 2007 (W49),Charlton Athletic FC (21),3-1,3-0,Ipswich Town FC (20)
?,(Sat) 8 Dec 2007 (W49),Leicester City FC (20),1-2,0-1,West Bromwich Albion FC (21)
?,(Sat) 8 Dec 2007 (W49),Norwich City FC (21),1-0,1-0,Sheffield United FC (21)
?,(Sat) 8 Dec 2007 (W49),Plymouth Argyle FC (21),1-1,1-0,Bristol City FC (21)
?,(Sat) 8 Dec 2007 (W49),Preston North End FC (21),0-1,0-0,Blackpool FC (20)
?,(Sat) 8 Dec 2007 (W49),Scunthorpe United FC (21),2-2,1-2,Queens Park Rangers FC (20)
?,(Sat) 8 Dec 2007 (W49),Southampton FC (21),4-0,1-0,Hull City AFC (21)
?,(Sat) 8 Dec 2007 (W49),Wolverhampton Wanderers FC (21),2-3,1-3,Burnley FC (20)
?,(Sun) 9 Dec 2007 (W49),Stoke City FC (21),0-0,0-0,Watford FC (21)
?,(Tue) 11 Dec 2007 (W50),Blackpool FC (21),0-1,0-1,Cardiff City FC (21)
?,(Tue) 11 Dec 2007 (W50),Burnley FC (21),0-2,0-0,Queens Park Rangers FC (21)
?,(Tue) 11 Dec 2007 (W50),Ipswich Town FC (21),3-1,2-1,Leicester City FC (21)
?,(Sat) 15 Dec 2007 (W50),Blackpool FC (22),2-3,1-2,Stoke City FC (22)
?,(Sat) 15 Dec 2007 (W50),Bristol City FC (22),1-0,0-0,Cardiff City FC (22)
?,(Sat) 15 Dec 2007 (W50),Burnley FC (22),2-3,1-1,Preston North End FC (22)
?,(Sat) 15 Dec 2007 (W50),Colchester United FC (22),1-1,0-0,Norwich City FC (22)
?,(Sat) 15 Dec 2007 (W50),Coventry City FC (21),1-1,1-0,Southampton FC (22)
?,(Sat) 15 Dec 2007 (W50),Crystal Palace FC (22),2-1,1-1,Sheffield Wednesday FC (21)
?,(Sat) 15 Dec 2007 (W50),Hull City AFC (22),2-0,1-0,Leicester City FC (22)
?,(Sat) 15 Dec 2007 (W50),Ipswich Town FC (22),3-2,2-2,Scunthorpe United FC (22)
?,(Sat) 15 Dec 2007 (W50),Queens Park Rangers FC (22),0-0,0-0,Wolverhampton Wanderers FC (22)
?,(Sat) 15 Dec 2007 (W50),Sheffield United FC (22),1-0,0-0,Barnsley FC (22)
?,(Sat) 15 Dec 2007 (W50),Watford FC (22),0-1,0-0,Plymouth Argyle FC (22)
?,(Sat) 15 Dec 2007 (W50),West Bromwich Albion FC (22),4-2,1-1,Charlton Athletic FC (22)
?,(Sat) 22 Dec 2007 (W51),Blackpool FC (23),4-0,1-0,Coventry City FC (22)
?,(Sat) 22 Dec 2007 (W51),Bristol City FC (23),3-2,2-2,Barnsley FC (23)
?,(Sat) 22 Dec 2007 (W51),Cardiff City FC (23),1-0,1-0,Sheffield United FC (23)
?,(Sat) 22 Dec 2007 (W51),Charlton Athletic FC (23),1-1,0-1,Hull City AFC (23)
?,(Sat) 22 Dec 2007 (W51),Crystal Palace FC (23),2-1,2-0,Plymouth Argyle FC (23)
?,(Sat) 22 Dec 2007 (W51),Ipswich Town FC (23),0-0,0-0,Burnley FC (23)
?,(Sat) 22 Dec 2007 (W51),Queens Park Rangers FC (23),2-1,1-0,Colchester United FC (23)
?,(Sat) 22 Dec 2007 (W51),Scunthorpe United FC (23),0-1,0-0,Norwich City FC (23)
?,(Sat) 22 Dec 2007 (W51),Sheffield Wednesday FC (22),0-1,0-1,Watford FC (23)
?,(Sat) 22 Dec 2007 (W51),Southampton FC (23),0-1,0-0,Preston North End FC (23)
?,(Sat) 22 Dec 2007 (W51),Stoke City FC (23),3-1,2-0,West Bromwich Albion FC (23)
?,(Sat) 22 Dec 2007 (W51),Wolverhampton Wanderers FC (23),1-1,0-1,Leicester City FC (23)
?,(Wed) 26 Dec 2007 (W52),Barnsley FC (24),3-3,1-1,Stoke City FC (24)
?,(Wed) 26 Dec 2007 (W52),Burnley FC (24),1-1,1-1,Sheffield Wednesday FC (23)
?,(Wed) 26 Dec 2007 (W52),Colchester United FC (24),1-1,0-1,Southampton FC (24)
?,(Wed) 26 Dec 2007 (W52),Coventry City FC (23),0-2,0-0,Crystal Palace FC (24)
?,(Wed) 26 Dec 2007 (W52),Hull City AFC (24),2-0,0-0,Wolverhampton Wanderers FC (24)
?,(Wed) 26 Dec 2007 (W52),Leicester City FC (24),2-0,2-0,Ipswich Town FC (24)
?,(Wed) 26 Dec 2007 (W52),Norwich City FC (24),1-1,0-1,Charlton Athletic FC (24)
?,(Wed) 26 Dec 2007 (W52),Plymouth Argyle FC (24),2-1,0-1,Queens Park Rangers FC (24)
?,(Wed) 26 Dec 2007 (W52),Preston North End FC (24),0-1,0-1,Scunthorpe United FC (24)
?,(Wed) 26 Dec 2007 (W52),Sheffield United FC (24),1-1,1-0,Blackpool FC (24)
?,(Wed) 26 Dec 2007 (W52),Watford FC (24),2-2,0-1,Cardiff City FC (24)
?,(Wed) 26 Dec 2007 (W52),West Bromwich Albion FC (24),4-1,0-0,Bristol City FC (24)
?,(Sat) 29 Dec 2007 (W52),Barnsley FC (25),2-2,2-0,Southampton FC (25)
?,(Sat) 29 Dec 2007 (W52),Burnley FC (25),0-1,0-0,Bristol City FC (25)
?,(Sat) 29 Dec 2007 (W52),Colchester United FC (25),0-2,0-2,Blackpool FC (25)
?,(Sat) 29 Dec 2007 (W52),Coventry City FC (24),2-1,1-1,Ipswich Town FC (25)
?,(Sat) 29 Dec 2007 (W52),Leicester City FC (25),1-1,0-0,Charlton Athletic FC (25)
?,(Sat) 29 Dec 2007 (W52),Norwich City FC (25),1-1,0-0,Wolverhampton Wanderers FC (25)
?,(Sat) 29 Dec 2007 (W52),Plymouth Argyle FC (25),2-2,1-1,Stoke City FC (25)
?,(Sat) 29 Dec 2007 (W52),Preston North End FC (25),1-2,1-0,Cardiff City FC (25)
?,(Sat) 29 Dec 2007 (W52),Sheffield United FC (25),0-1,0-1,Crystal Palace FC (25)
?,(Sat) 29 Dec 2007 (W52),Watford FC (25),2-4,0-3,Queens Park Rangers FC (25)
?,(Sat) 29 Dec 2007 (W52),West Bromwich Albion FC (25),5-0,2-0,Scunthorpe United FC (25)
?,(Sun) 30 Dec 2007 (W52),Hull City AFC (25),1-0,1-0,Sheffield Wednesday FC (24)
?,(Tue) 1 Jan 2008 (W1),Blackpool FC (26),3-0,1-0,Burnley FC (26)
?,(Tue) 1 Jan 2008 (W1),Bristol City FC (26),2-1,1-0,Coventry City FC (25)
?,(Tue) 1 Jan 2008 (W1),Cardiff City FC (26),1-0,1-0,Plymouth Argyle FC (26)
?,(Tue) 1 Jan 2008 (W1),Charlton Athletic FC (26),1-2,1-2,Colchester United FC (26)
?,(Tue) 1 Jan 2008 (W1),Crystal Palace FC (26),1-1,0-1,Norwich City FC (26)
?,(Tue) 1 Jan 2008 (W1),Ipswich Town FC (26),2-0,0-0,West Bromwich Albion FC (26)
?,(Tue) 1 Jan 2008 (W1),Queens Park Rangers FC (26),3-1,2-0,Leicester City FC (26)
?,(Tue) 1 Jan 2008 (W1),Scunthorpe United FC (26),2-2,1-0,Barnsley FC (26)
?,(Tue) 1 Jan 2008 (W1),Sheffield Wednesday FC (25),2-1,0-1,Preston North End FC (26)
?,(Tue) 1 Jan 2008 (W1),Southampton FC (26),0-3,0-1,Watford FC (26)
?,(Tue) 1 Jan 2008 (W1),Stoke City FC (26),1-1,1-0,Hull City AFC (26)
?,(Tue) 1 Jan 2008 (W1),Wolverhampton Wanderers FC (26),0-0,0-0,Sheffield United FC (26)
?,(Sat) 12 Jan 2008 (W2),Barnsley FC (27),1-3,1-0,Norwich City FC (27)
?,(Sat) 12 Jan 2008 (W2),Bristol City FC (27),1-1,1-1,Colchester United FC (27)
?,(Sat) 12 Jan 2008 (W2),Burnley FC (27),1-0,0-0,Plymouth Argyle FC (27)
?,(Sat) 12 Jan 2008 (W2),Cardiff City FC (27),1-0,1-0,Sheffield Wednesday FC (26)
?,(Sat) 12 Jan 2008 (W2),Charlton Athletic FC (27),4-1,3-1,Blackpool FC (27)
?,(Sat) 12 Jan 2008 (W2),Hull City AFC (27),1-3,0-2,West Bromwich Albion FC (27)
?,(Sat) 12 Jan 2008 (W2),Ipswich Town FC (27),1-1,1-1,Stoke City FC (27)
?,(Sat) 12 Jan 2008 (W2),Leicester City FC (27),2-0,1-0,Coventry City FC (26)
?,(Sat) 12 Jan 2008 (W2),Preston North End FC (27),1-0,0-0,Watford FC (27)
?,(Sat) 12 Jan 2008 (W2),Sheffield United FC (27),2-1,0-1,Queens Park Rangers FC (27)
?,(Sat) 12 Jan 2008 (W2),Southampton FC (27),1-0,1-0,Scunthorpe United FC (27)
?,(Sat) 12 Jan 2008 (W2),Wolverhampton Wanderers FC (27),0-3,0-1,Crystal Palace FC (27)
?,(Sat) 19 Jan 2008 (W3),Blackpool FC (28),1-1,1-0,Ipswich Town FC (28)
?,(Sat) 19 Jan 2008 (W3),Coventry City FC (27),1-2,1-1,Burnley FC (28)
?,(Sat) 19 Jan 2008 (W3),Crystal Palace FC (28),2-0,1-0,Bristol City FC (28)
?,(Sat) 19 Jan 2008 (W3),Norwich City FC (28),0-0,0-0,Leicester City FC (28)
?,(Sat) 19 Jan 2008 (W3),Plymouth Argyle FC (28),1-1,0-1,Southampton FC (28)
?,(Sat) 19 Jan 2008 (W3),Queens Park Rangers FC (28),2-0,2-0,Barnsley FC (28)
?,(Sat) 19 Jan 2008 (W3),Scunthorpe United FC (28),0-2,0-1,Wolverhampton Wanderers FC (28)
?,(Sat) 19 Jan 2008 (W3),Sheffield Wednesday FC (27),2-0,1-0,Sheffield United FC (28)
?,(Sat) 19 Jan 2008 (W3),Stoke City FC (28),3-1,2-0,Preston North End FC (28)
?,(Sat) 19 Jan 2008 (W3),Watford FC (28),1-1,0-0,Charlton Athletic FC (28)
?,(Sat) 19 Jan 2008 (W3),West Bromwich Albion FC (28),3-3,1-2,Cardiff City FC (28)
?,(Sat) 26 Jan 2008 (W4),Bristol City FC (29),1-0,1-0,Blackpool FC (29)
?,(Sat) 26 Jan 2008 (W4),Burnley FC (29),2-0,2-0,Scunthorpe United FC (29)
?,(Mon) 28 Jan 2008 (W5),Leicester City FC (29),1-0,0-0,Crystal Palace FC (29)
?,(Tue) 29 Jan 2008 (W5),Barnsley FC (29),1-0,1-0,Colchester United FC (28)
?,(Tue) 29 Jan 2008 (W5),Cardiff City FC (29),3-1,2-0,Queens Park Rangers FC (29)
?,(Tue) 29 Jan 2008 (W5),Charlton Athletic FC (29),1-0,0-0,Stoke City FC (29)
?,(Tue) 29 Jan 2008 (W5),Hull City AFC (28),1-0,0-0,Coventry City FC (28)
?,(Tue) 29 Jan 2008 (W5),Ipswich Town FC (29),0-0,0-0,Plymouth Argyle FC (29)
?,(Tue) 29 Jan 2008 (W5),Preston North End FC (29),2-1,1-0,West Bromwich Albion FC (29)
?,(Tue) 29 Jan 2008 (W5),Sheffield United FC (29),1-1,0-1,Watford FC (29)
?,(Tue) 29 Jan 2008 (W5),Southampton FC (29),0-1,0-1,Norwich City FC (29)
?,(Tue) 29 Jan 2008 (W5),Wolverhampton Wanderers FC (29),2-1,1-1,Sheffield Wednesday FC (28)
?,(Sat) 2 Feb 2008 (W5),Blackpool FC (30),2-1,1-0,Leicester City FC (30)
?,(Sat) 2 Feb 2008 (W5),Colchester United FC (29),2-2,0-1,Sheffield United FC (30)
?,(Sat) 2 Feb 2008 (W5),Coventry City FC (29),4-0,1-0,Barnsley FC (30)
?,(Sat) 2 Feb 2008 (W5),Crystal Palace FC (30),1-1,0-0,Southampton FC (30)
?,(Sat) 2 Feb 2008 (W5),Norwich City FC (30),1-0,0-0,Preston North End FC (30)
?,(Sat) 2 Feb 2008 (W5),Plymouth Argyle FC (30),0-1,0-1,Hull City AFC (29)
?,(Sat) 2 Feb 2008 (W5),Queens Park Rangers FC (30),3-0,2-0,Bristol City FC (30)
?,(Sat) 2 Feb 2008 (W5),Scunthorpe United FC (30),1-0,0-0,Charlton Athletic FC (30)
?,(Sat) 2 Feb 2008 (W5),Sheffield Wednesday FC (29),1-2,1-1,Ipswich Town FC (30)
?,(Sat) 2 Feb 2008 (W5),Stoke City FC (30),2-1,1-0,Cardiff City FC (30)
?,(Sat) 2 Feb 2008 (W5),Watford FC (30),3-0,1-0,Wolverhampton Wanderers FC (30)
?,(Sat) 2 Feb 2008 (W5),West Bromwich Albion FC (30),2-1,1-1,Burnley FC (30)
?,(Fri) 8 Feb 2008 (W6),Charlton Athletic FC (31),2-0,0-0,Crystal Palace FC (31)
?,(Sat) 9 Feb 2008 (W6),Barnsley FC (31),2-1,2-0,West Bromwich Albion FC (31)
?,(Sat) 9 Feb 2008 (W6),Bristol City FC (31),2-1,1-0,Sheffield Wednesday FC (30)
?,(Sat) 9 Feb 2008 (W6),Burnley FC (31),1-1,1-1,Colchester United FC (30)
?,(Sat) 9 Feb 2008 (W6),Cardiff City FC (31),1-2,1-1,Norwich City FC (31)
?,(Sat) 9 Feb 2008 (W6),Hull City AFC (30),2-2,0-1,Blackpool FC (31)
?,(Sat) 9 Feb 2008 (W6),Ipswich Town FC (31),1-2,0-1,Watford FC (31)
?,(Sat) 9 Feb 2008 (W6),Leicester City FC (31),0-1,0-1,Plymouth Argyle FC (31)
?,(Sat) 9 Feb 2008 (W6),Preston North End FC (31),1-0,1-0,Coventry City FC (30)
?,(Sat) 9 Feb 2008 (W6),Sheffield United FC (31),0-0,0-0,Scunthorpe United FC (31)
?,(Sat) 9 Feb 2008 (W6),Southampton FC (31),2-3,1-2,Queens Park Rangers FC (31)
?,(Sat) 9 Feb 2008 (W6),Wolverhampton Wanderers FC (31),2-4,1-1,Stoke City FC (31)
?,(Tue) 12 Feb 2008 (W7),Blackpool FC (32),0-0,0-0,Wolverhampton Wanderers FC (32)
?,(Tue) 12 Feb 2008 (W7),Colchester United FC (31),2-1,0-0,Preston North End FC (32)
?,(Tue) 12 Feb 2008 (W7),Coventry City FC (31),0-0,0-0,Cardiff City FC (32)
?,(Tue) 12 Feb 2008 (W7),Crystal Palace FC (32),0-1,0-1,Ipswich Town FC (32)
?,(Tue) 12 Feb 2008 (W7),Norwich City FC (32),1-1,1-0,Hull City AFC (31)
?,(Tue) 12 Feb 2008 (W7),Plymouth Argyle FC (32),3-0,1-0,Barnsley FC (32)
?,(Tue) 12 Feb 2008 (W7),Queens Park Rangers FC (32),2-4,2-1,Burnley FC (32)
?,(Tue) 12 Feb 2008 (W7),Scunthorpe United FC (32),0-1,0-0,Bristol City FC (32)
?,(Tue) 12 Feb 2008 (W7),Sheffield Wednesday FC (31),0-0,0-0,Charlton Athletic FC (32)
?,(Tue) 12 Feb 2008 (W7),Stoke City FC (32),3-2,3-0,Southampton FC (32)
?,(Tue) 12 Feb 2008 (W7),Watford FC (32),1-0,1-0,Leicester City FC (32)
?,(Tue) 12 Feb 2008 (W7),West Bromwich Albion FC (32),0-0,0-0,Sheffield United FC (32)
?,(Fri) 15 Feb 2008 (W7),Stoke City FC (33),3-2,0-2,Scunthorpe United FC (33)
?,(Sat) 16 Feb 2008 (W7),Charlton Athletic FC (33),2-2,2-0,Watford FC (33)
?,(Sat) 16 Feb 2008 (W7),Hull City AFC (32),1-1,0-0,Colchester United FC (32)
?,(Sat) 16 Feb 2008 (W7),Ipswich Town FC (33),2-1,0-0,Blackpool FC (33)
?,(Sat) 16 Feb 2008 (W7),Leicester City FC (33),4-0,1-0,Norwich City FC (33)
?,(Mon) 18 Feb 2008 (W8),Bristol City FC (33),1-1,0-0,Crystal Palace FC (33)
?,(Tue) 19 Feb 2008 (W8),Southampton FC (33),0-2,0-2,Plymouth Argyle FC (33)
?,(Sat) 23 Feb 2008 (W8),Blackpool FC (34),5-3,2-2,Charlton Athletic FC (34)
?,(Sat) 23 Feb 2008 (W8),Colchester United FC (33),1-2,0-0,Bristol City FC (34)
?,(Sat) 23 Feb 2008 (W8),Coventry City FC (32),2-0,1-0,Leicester City FC (34)
?,(Sat) 23 Feb 2008 (W8),Crystal Palace FC (34),0-2,0-0,Wolverhampton Wanderers FC (33)
?,(Sat) 23 Feb 2008 (W8),Norwich City FC (34),1-0,1-0,Barnsley FC (33)
?,(Sat) 23 Feb 2008 (W8),Plymouth Argyle FC (34),3-1,2-1,Burnley FC (33)
?,(Sat) 23 Feb 2008 (W8),Queens Park Rangers FC (33),1-1,1-0,Sheffield United FC (33)
?,(Sat) 23 Feb 2008 (W8),Scunthorpe United FC (34),1-1,1-0,Southampton FC (34)
?,(Sat) 23 Feb 2008 (W8),Sheffield Wednesday FC (32),1-0,1-0,Cardiff City FC (33)
?,(Sat) 23 Feb 2008 (W8),Stoke City FC (34),1-0,1-0,Ipswich Town FC (34)
?,(Sat) 23 Feb 2008 (W8),Watford FC (34),0-0,0-0,Preston North End FC (33)
?,(Sat) 23 Feb 2008 (W8),West Bromwich Albion FC (33),1-2,1-1,Hull City AFC (33)
?,(Tue) 26 Feb 2008 (W9),Barnsley FC (34),0-0,0-0,Queens Park Rangers FC (34)
?,(Tue) 26 Feb 2008 (W9),Burnley FC (34),2-0,1-0,Coventry City FC (33)
?,(Tue) 26 Feb 2008 (W9),Preston North End FC (34),2-0,2-0,Stoke City FC (35)
?,(Sat) 1 Mar 2008 (W9),Barnsley FC (35),0-0,0-0,Sheffield Wednesday FC (33)
?,(Sat) 1 Mar 2008 (W9),Bristol City FC (35),2-1,1-1,Hull City AFC (34)
?,(Sat) 1 Mar 2008 (W9),Burnley FC (35),2-2,0-1,Watford FC (35)
?,(Sat) 1 Mar 2008 (W9),Cardiff City FC (34),0-1,0-1,Leicester City FC (35)
?,(Sat) 1 Mar 2008 (W9),Colchester United FC (34),0-1,0-1,Wolverhampton Wanderers FC (34)
?,(Sat) 1 Mar 2008 (W9),Norwich City FC (35),1-2,0-2,Blackpool FC (35)
?,(Sat) 1 Mar 2008 (W9),Preston North End FC (35),0-1,0-0,Crystal Palace FC (35)
?,(Sat) 1 Mar 2008 (W9),Scunthorpe United FC (35),2-1,1-1,Coventry City FC (34)
?,(Sat) 1 Mar 2008 (W9),Sheffield United FC (34),0-2,0-1,Charlton Athletic FC (35)
?,(Sat) 1 Mar 2008 (W9),Southampton FC (35),1-1,0-0,Ipswich Town FC (35)
?,(Sat) 1 Mar 2008 (W9),West Bromwich Albion FC (34),3-0,1-0,Plymouth Argyle FC (35)
?,(Sun) 2 Mar 2008 (W9),Queens Park Rangers FC (35),3-0,2-0,Stoke City FC (36)
?,(Tue) 4 Mar 2008 (W10),Blackpool FC (36),1-1,1-1,Barnsley FC (36)
?,(Tue) 4 Mar 2008 (W10),Charlton Athletic FC (36),1-1,1-0,Bristol City FC (36)
?,(Tue) 4 Mar 2008 (W10),Crystal Palace FC (36),0-0,0-0,Cardiff City FC (35)
?,(Tue) 4 Mar 2008 (W10),Hull City AFC (35),2-0,2-0,Burnley FC (36)
?,(Tue) 4 Mar 2008 (W10),Ipswich Town FC (36),1-1,0-1,Sheffield United FC (35)
?,(Tue) 4 Mar 2008 (W10),Leicester City FC (36),0-1,0-0,Preston North End FC (36)
?,(Tue) 4 Mar 2008 (W10),Plymouth Argyle FC (36),4-1,1-0,Colchester United FC (35)
?,(Tue) 4 Mar 2008 (W10),Sheffield Wednesday FC (34),0-1,0-0,West Bromwich Albion FC (35)
?,(Tue) 4 Mar 2008 (W10),Watford FC (36),1-1,1-0,Norwich City FC (36)
?,(Tue) 4 Mar 2008 (W10),Wolverhampton Wanderers FC (35),2-2,0-0,Southampton FC (36)
?,(Wed) 5 Mar 2008 (W10),Coventry City FC (35),0-0,0-0,Queens Park Rangers FC (36)
?,(Sat) 8 Mar 2008 (W10),Blackpool FC (37),2-2,0-1,Southampton FC (37)
?,(Sat) 8 Mar 2008 (W10),Charlton Athletic FC (37),1-2,0-1,Preston North End FC (37)
?,(Sat) 8 Mar 2008 (W10),Coventry City FC (36),1-0,1-0,Norwich City FC (37)
?,(Sat) 8 Mar 2008 (W10),Crystal Palace FC (37),2-1,1-1,Colchester United FC (36)
?,(Sat) 8 Mar 2008 (W10),Hull City AFC (36),2-0,2-0,Scunthorpe United FC (36)
?,(Sat) 8 Mar 2008 (W10),Leicester City FC (37),0-0,0-0,Bristol City FC (37)
?,(Sat) 8 Mar 2008 (W10),Plymouth Argyle FC (37),0-1,0-0,Sheffield United FC (36)
?,(Sat) 8 Mar 2008 (W10),Sheffield Wednesday FC (35),2-1,1-1,Queens Park Rangers FC (37)
?,(Sat) 8 Mar 2008 (W10),Stoke City FC (37),1-1,0-1,Burnley FC (37)
?,(Tue) 11 Mar 2008 (W11),Barnsley FC (37),4-1,1-1,Ipswich Town FC (37)
?,(Tue) 11 Mar 2008 (W11),Bristol City FC (38),0-0,0-0,Watford FC (37)
?,(Tue) 11 Mar 2008 (W11),Burnley FC (38),1-0,0-0,Charlton Athletic FC (38)
?,(Tue) 11 Mar 2008 (W11),Colchester United FC (37),1-2,1-2,Sheffield Wednesday FC (36)
?,(Tue) 11 Mar 2008 (W11),Norwich City FC (38),0-1,0-0,Stoke City FC (38)
?,(Tue) 11 Mar 2008 (W11),Preston North End FC (38),2-1,0-0,Wolverhampton Wanderers FC (36)
?,(Tue) 11 Mar 2008 (W11),Queens Park Rangers FC (38),3-2,2-0,Blackpool FC (38)
?,(Tue) 11 Mar 2008 (W11),Scunthorpe United FC (37),1-0,0-0,Plymouth Argyle FC (38)
?,(Tue) 11 Mar 2008 (W11),Sheffield United FC (37),2-1,0-0,Coventry City FC (37)
?,(Tue) 11 Mar 2008 (W11),Southampton FC (38),1-0,0-0,Leicester City FC (38)
?,(Wed) 12 Mar 2008 (W11),Cardiff City FC (36),1-0,1-0,Hull City AFC (37)
?,(Wed) 12 Mar 2008 (W11),West Bromwich Albion FC (36),1-1,1-0,Crystal Palace FC (38)
?,(Sat) 15 Mar 2008 (W11),Blackpool FC (39),0-0,0-0,Preston North End FC (39)
?,(Sat) 15 Mar 2008 (W11),Bristol City FC (39),1-2,0-1,Plymouth Argyle FC (39)
?,(Sat) 15 Mar 2008 (W11),Burnley FC (39),1-3,0-2,Wolverhampton Wanderers FC (37)
?,(Sat) 15 Mar 2008 (W11),Colchester United FC (38),1-1,0-1,Cardiff City FC (37)
?,(Sat) 15 Mar 2008 (W11),Coventry City FC (38),0-0,0-0,Sheffield Wednesday FC (37)
?,(Sat) 15 Mar 2008 (W11),Crystal Palace FC (39),2-0,0-0,Barnsley FC (38)
?,(Sat) 15 Mar 2008 (W11),Hull City AFC (38),5-0,1-0,Southampton FC (39)
?,(Sat) 15 Mar 2008 (W11),Ipswich Town FC (38),2-0,1-0,Charlton Athletic FC (39)
?,(Sat) 15 Mar 2008 (W11),Queens Park Rangers FC (39),3-1,1-1,Scunthorpe United FC (38)
?,(Sat) 15 Mar 2008 (W11),Sheffield United FC (38),2-0,0-0,Norwich City FC (39)
?,(Sat) 15 Mar 2008 (W11),Watford FC (38),0-0,0-0,Stoke City FC (39)
?,(Sat) 15 Mar 2008 (W11),West Bromwich Albion FC (37),1-4,1-1,Leicester City FC (39)
?,(Tue) 18 Mar 2008 (W12),Colchester United FC (39),1-3,1-2,Hull City AFC (39)
?,(Tue) 18 Mar 2008 (W12),Wolverhampton Wanderers FC (38),2-1,0-1,Scunthorpe United FC (39)
?,(Fri) 21 Mar 2008 (W12),Charlton Athletic FC (40),1-1,1-1,West Bromwich Albion FC (38)
?,(Sat) 22 Mar 2008 (W12),Barnsley FC (39),0-1,0-0,Sheffield United FC (39)
?,(Sat) 22 Mar 2008 (W12),Cardiff City FC (38),2-1,1-0,Bristol City FC (40)
?,(Sat) 22 Mar 2008 (W12),Leicester City FC (40),0-2,0-1,Hull City AFC (40)
?,(Sat) 22 Mar 2008 (W12),Norwich City FC (40),5-1,2-1,Colchester United FC (40)
?,(Sat) 22 Mar 2008 (W12),Plymouth Argyle FC (40),1-1,1-1,Watford FC (39)
?,(Sat) 22 Mar 2008 (W12),Preston North End FC (40),2-1,1-1,Burnley FC (40)
?,(Sat) 22 Mar 2008 (W12),Scunthorpe United FC (40),1-2,0-1,Ipswich Town FC (39)
?,(Sat) 22 Mar 2008 (W12),Sheffield Wednesday FC (38),2-2,1-1,Crystal Palace FC (40)
?,(Sat) 22 Mar 2008 (W12),Southampton FC (40),0-0,0-0,Coventry City FC (39)
?,(Sat) 22 Mar 2008 (W12),Stoke City FC (40),1-1,0-1,Blackpool FC (40)
?,(Sat) 22 Mar 2008 (W12),Wolverhampton Wanderers FC (39),3-3,1-1,Queens Park Rangers FC (40)
?,(Sat) 29 Mar 2008 (W13),Bristol City FC (41),2-1,1-0,Norwich City FC (41)
?,(Sat) 29 Mar 2008 (W13),Burnley FC (41),2-1,2-1,Barnsley FC (40)
?,(Sat) 29 Mar 2008 (W13),Cardiff City FC (39),1-0,1-0,Southampton FC (41)
?,(Sat) 29 Mar 2008 (W13),Charlton Athletic FC (41),2-3,1-1,Wolverhampton Wanderers FC (40)
?,(Sat) 29 Mar 2008 (W13),Coventry City FC (40),3-1,2-0,Plymouth Argyle FC (41)
?,(Sat) 29 Mar 2008 (W13),Crystal Palace FC (41),0-0,0-0,Blackpool FC (41)
?,(Sat) 29 Mar 2008 (W13),Hull City AFC (41),3-0,2-0,Watford FC (40)
?,(Sat) 29 Mar 2008 (W13),Ipswich Town FC (40),0-0,0-0,Queens Park Rangers FC (41)
?,(Sat) 29 Mar 2008 (W13),Leicester City FC (41),1-0,1-0,Scunthorpe United FC (41)
?,(Sat) 29 Mar 2008 (W13),Preston North End FC (41),3-1,1-0,Sheffield United FC (40)
?,(Sat) 29 Mar 2008 (W13),Sheffield Wednesday FC (39),1-1,0-1,Stoke City FC (41)
?,(Sat) 29 Mar 2008 (W13),West Bromwich Albion FC (39),4-3,2-2,Colchester United FC (41)
?,(Tue) 1 Apr 2008 (W14),Cardiff City FC (40),0-0,0-0,West Bromwich Albion FC (40)
?,(Tue) 1 Apr 2008 (W14),Sheffield Wednesday FC (40),1-1,0-0,Coventry City FC (41)
?,(Sat) 5 Apr 2008 (W14),Colchester United FC (42),2-0,1-0,Ipswich Town FC (41)
?,(Sat) 5 Apr 2008 (W14),Norwich City FC (42),2-0,1-0,Burnley FC (42)
?,(Sat) 5 Apr 2008 (W14),Plymouth Argyle FC (42),1-2,0-0,Charlton Athletic FC (42)
?,(Sat) 5 Apr 2008 (W14),Queens Park Rangers FC (42),2-2,0-1,Preston North End FC (42)
?,(Sat) 5 Apr 2008 (W14),Scunthorpe United FC (42),1-1,1-0,Sheffield Wednesday FC (41)
?,(Sat) 5 Apr 2008 (W14),Sheffield United FC (41),3-0,3-0,Leicester City FC (42)
?,(Sat) 5 Apr 2008 (W14),Southampton FC (42),2-0,1-0,Bristol City FC (42)
?,(Sat) 5 Apr 2008 (W14),Watford FC (41),2-1,1-0,Coventry City FC (42)
?,(Mon) 7 Apr 2008 (W15),Stoke City FC (42),1-2,0-2,Crystal Palace FC (42)
?,(Tue) 8 Apr 2008 (W15),Blackpool FC (42),1-3,1-0,West Bromwich Albion FC (41)
?,(Tue) 8 Apr 2008 (W15),Sheffield United FC (42),2-2,0-1,Sheffield Wednesday FC (42)
?,(Wed) 9 Apr 2008 (W15),Ipswich Town FC (42),1-1,0-1,Cardiff City FC (41)
?,(Wed) 9 Apr 2008 (W15),Watford FC (42),0-3,0-1,Barnsley FC (41)
?,(Sat) 12 Apr 2008 (W15),Bristol City FC (43),0-0,0-0,Wolverhampton Wanderers FC (41)
?,(Sat) 12 Apr 2008 (W15),Burnley FC (43),1-2,0-1,Sheffield United FC (43)
?,(Sat) 12 Apr 2008 (W15),Cardiff City FC (42),3-1,1-0,Blackpool FC (43)
?,(Sat) 12 Apr 2008 (W15),Charlton Athletic FC (43),1-1,0-1,Southampton FC (43)
?,(Sat) 12 Apr 2008 (W15),Coventry City FC (43),1-2,1-0,Stoke City FC (43)
?,(Sat) 12 Apr 2008 (W15),Crystal Palace FC (43),2-0,2-0,Scunthorpe United FC (43)
?,(Sat) 12 Apr 2008 (W15),Hull City AFC (42),1-1,0-1,Queens Park Rangers FC (43)
?,(Sat) 12 Apr 2008 (W15),Leicester City FC (43),1-1,0-0,Colchester United FC (43)
?,(Sat) 12 Apr 2008 (W15),Preston North End FC (43),1-2,0-1,Barnsley FC (42)
?,(Sat) 12 Apr 2008 (W15),West Bromwich Albion FC (42),1-1,0-1,Watford FC (43)
?,(Sun) 13 Apr 2008 (W15),Ipswich Town FC (43),2-1,2-1,Norwich City FC (43)
?,(Mon) 14 Apr 2008 (W16),Sheffield Wednesday FC (43),1-1,0-1,Plymouth Argyle FC (43)
?,(Tue) 15 Apr 2008 (W16),Barnsley FC (43),1-3,0-1,Hull City AFC (43)
?,(Tue) 15 Apr 2008 (W16),Wolverhampton Wanderers FC (42),0-1,0-0,West Bromwich Albion FC (43)
?,(Sat) 19 Apr 2008 (W16),Barnsley FC (44),0-1,0-0,Leicester City FC (44)
?,(Sat) 19 Apr 2008 (W16),Blackpool FC (44),2-1,2-1,Sheffield Wednesday FC (44)
?,(Sat) 19 Apr 2008 (W16),Colchester United FC (44),1-5,1-0,Coventry City FC (44)
?,(Sat) 19 Apr 2008 (W16),Norwich City FC (44),1-2,0-1,West Bromwich Albion FC (44)
?,(Sat) 19 Apr 2008 (W16),Plymouth Argyle FC (44),2-2,1-0,Preston North End FC (44)
?,(Sat) 19 Apr 2008 (W16),Queens Park Rangers FC (44),1-0,1-0,Charlton Athletic FC (44)
?,(Sat) 19 Apr 2008 (W16),Scunthorpe United FC (44),3-2,0-1,Cardiff City FC (43)
?,(Sat) 19 Apr 2008 (W16),Sheffield United FC (44),2-0,0-0,Hull City AFC (44)
?,(Sat) 19 Apr 2008 (W16),Southampton FC (44),0-1,0-1,Burnley FC (44)
?,(Sat) 19 Apr 2008 (W16),Stoke City FC (44),2-1,2-0,Bristol City FC (44)
?,(Sat) 19 Apr 2008 (W16),Watford FC (44),0-2,0-0,Crystal Palace FC (44)
?,(Sat) 19 Apr 2008 (W16),Wolverhampton Wanderers FC (43),1-1,0-0,Ipswich Town FC (44)
?,(Tue) 22 Apr 2008 (W17),Wolverhampton Wanderers FC (44),3-0,2-0,Cardiff City FC (44)
?,(Sat) 26 Apr 2008 (W17),Barnsley FC (45),3-0,2-0,Charlton Athletic FC (45)
?,(Sat) 26 Apr 2008 (W17),Burnley FC (45),3-3,1-0,Cardiff City FC (45)
?,(Sat) 26 Apr 2008 (W17),Colchester United FC (45),0-1,0-1,Stoke City FC (45)
?,(Sat) 26 Apr 2008 (W17),Coventry City FC (45),1-1,1-0,Wolverhampton Wanderers FC (45)
?,(Sat) 26 Apr 2008 (W17),Hull City AFC (45),2-1,1-1,Crystal Palace FC (45)
?,(Sat) 26 Apr 2008 (W17),Leicester City FC (45),1-3,1-1,Sheffield Wednesday FC (45)
?,(Sat) 26 Apr 2008 (W17),Norwich City FC (45),3-0,1-0,Queens Park Rangers FC (45)
?,(Sat) 26 Apr 2008 (W17),Plymouth Argyle FC (45),3-0,2-0,Blackpool FC (45)
?,(Sat) 26 Apr 2008 (W17),Preston North End FC (45),2-2,1-1,Ipswich Town FC (45)
?,(Sat) 26 Apr 2008 (W17),Sheffield United FC (45),2-1,1-1,Bristol City FC (45)
?,(Sat) 26 Apr 2008 (W17),Watford FC (45),0-1,0-0,Scunthorpe United FC (45)
?,(Mon) 28 Apr 2008 (W18),West Bromwich Albion FC (45),1-1,0-0,Southampton FC (45)
?,(Sun) 4 May 2008 (W18),Blackpool FC (46),1-1,1-0,Watford FC (46)
?,(Sun) 4 May 2008 (W18),Bristol City FC (46),3-0,2-0,Preston North End FC (46)
?,(Sun) 4 May 2008 (W18),Cardiff City FC (46),3-0,1-0,Barnsley FC (46)
?,(Sun) 4 May 2008 (W18),Charlton Athletic FC (46),4-1,2-1,Coventry City FC (46)
?,(Sun) 4 May 2008 (W18),Crystal Palace FC (46),5-0,3-0,Burnley FC (46)
?,(Sun) 4 May 2008 (W18),Ipswich Town FC (46),1-0,0-0,Hull City AFC (46)
?,(Sun) 4 May 2008 (W18),Queens Park Rangers FC (46),0-2,0-0,West Bromwich Albion FC (46)
?,(Sun) 4 May 2008 (W18),Scunthorpe United FC (46),3-3,1-1,Colchester United FC (46)
?,(Sun) 4 May 2008 (W18),Sheffield Wednesday FC (46),4-1,1-1,Norwich City FC (46)
?,(Sun) 4 May 2008 (W18),Southampton FC (46),3-2,1-1,Sheffield United FC (46)
?,(Sun) 4 May 2008 (W18),Stoke City FC (46),0-0,0-0,Leicester City FC (46)
?,(Sun) 4 May 2008 (W18),Wolverhampton Wanderers FC (46),1-0,0-0,Plymouth Argyle FC (46)
