Round,Date,Team 1,FT,HT,Team 2
?,(Sat) 15 Aug 1970 (32),Brighton & Hove Albion FC (1),0-0,?,Torquay United FC (1)
?,(Sat) 15 Aug 1970 (32),Plymouth Argyle FC (1),0-1,?,Tranmere Rovers FC (1)
?,(Sat) 15 Aug 1970 (32),Doncaster Rovers FC (1),1-2,?,Mansfield Town FC (1)
?,(Sat) 15 Aug 1970 (32),Walsall FC (1),1-2,?,Bradford City AFC (1)
?,(Sat) 15 Aug 1970 (32),Rochdale AFC (1),1-1,?,Bristol Rovers FC (1)
?,(Sat) 15 Aug 1970 (32),Preston North End FC (1),1-1,?,FC Halifax Town (1)
?,(Sat) 15 Aug 1970 (32),Gillingham FC (1),0-0,?,Reading FC (1)
?,(Sat) 15 Aug 1970 (32),Barnsley FC (1),0-1,?,Fulham FC (1)
?,(Sat) 15 Aug 1970 (32),Swansea City AFC (1),0-2,?,Port Vale FC (1)
?,(Sat) 15 Aug 1970 (32),Chesterfield FC (1),2-3,?,Aston Villa FC (1)
?,(Sat) 15 Aug 1970 (32),Shrewsbury Town FC (1),4-2,?,Rotherham United FC (1)
?,(Sat) 15 Aug 1970 (32),Wrexham AFC (1),3-2,?,Bury FC (1)
?,(Fri) 21 Aug 1970 (33),Tranmere Rovers FC (2),0-0,?,Chesterfield FC (2)
?,(Sat) 22 Aug 1970 (33),Aston Villa FC (2),1-1,?,Plymouth Argyle FC (2)
?,(Sat) 22 Aug 1970 (33),Mansfield Town FC (2),1-0,?,Brighton & Hove Albion FC (2)
?,(Sat) 22 Aug 1970 (33),Bury FC (2),2-1,?,Gillingham FC (2)
?,(Sat) 22 Aug 1970 (33),FC Halifax Town (2),2-0,?,Wrexham AFC (2)
?,(Sat) 22 Aug 1970 (33),Reading FC (2),1-2,?,Walsall FC (2)
?,(Sat) 22 Aug 1970 (33),Fulham FC (2),4-1,?,Swansea City AFC (2)
?,(Sat) 22 Aug 1970 (33),Rotherham United FC (2),2-0,?,Doncaster Rovers FC (2)
?,(Sat) 22 Aug 1970 (33),Bristol Rovers FC (2),2-2,?,Shrewsbury Town FC (2)
?,(Sat) 22 Aug 1970 (33),Bradford City AFC (2),1-0,?,Barnsley FC (2)
?,(Sat) 22 Aug 1970 (33),Torquay United FC (2),3-1,?,Preston North End FC (2)
?,(Sat) 22 Aug 1970 (33),Port Vale FC (2),4-1,?,Rochdale AFC (2)
?,(Fri) 28 Aug 1970 (34),Barnsley FC (3),1-1,?,Bury FC (3)
?,(Fri) 28 Aug 1970 (34),Shrewsbury Town FC (3),5-2,?,Mansfield Town FC (3)
?,(Sat) 29 Aug 1970 (34),Doncaster Rovers FC (3),2-2,?,Tranmere Rovers FC (3)
?,(Sat) 29 Aug 1970 (34),Walsall FC (3),3-2,?,Fulham FC (3)
?,(Sat) 29 Aug 1970 (34),Rochdale AFC (3),0-0,?,Bradford City AFC (3)
?,(Sat) 29 Aug 1970 (34),Swansea City AFC (3),1-2,?,Aston Villa FC (3)
?,(Sat) 29 Aug 1970 (34),Brighton & Hove Albion FC (3),1-1,?,Rotherham United FC (3)
?,(Sat) 29 Aug 1970 (34),Gillingham FC (3),2-1,?,FC Halifax Town (3)
?,(Sat) 29 Aug 1970 (34),Wrexham AFC (3),1-0,?,Torquay United FC (3)
?,(Sat) 29 Aug 1970 (34),Plymouth Argyle FC (3),2-1,?,Port Vale FC (3)
?,(Sat) 29 Aug 1970 (34),Chesterfield FC (3),4-0,?,Reading FC (3)
?,(Sat) 29 Aug 1970 (34),Preston North End FC (3),3-2,?,Bristol Rovers FC (3)
?,(Mon) 31 Aug 1970 (35),Rochdale AFC (4),1-0,?,Doncaster Rovers FC (4)
?,(Mon) 31 Aug 1970 (35),Preston North End FC (4),3-2,?,Wrexham AFC (4)
?,(Mon) 31 Aug 1970 (35),Aston Villa FC (4),0-1,?,Mansfield Town FC (4)
?,(Tue) 1 Sep 1970 (35),Rotherham United FC (4),3-2,?,Bury FC (4)
?,(Tue) 1 Sep 1970 (35),Swansea City AFC (4),5-0,?,Shrewsbury Town FC (4)
?,(Tue) 1 Sep 1970 (35),Walsall FC (4),1-2,?,Barnsley FC (4)
?,(Tue) 1 Sep 1970 (35),Bristol Rovers FC (4),3-0,?,Port Vale FC (4)
?,(Wed) 2 Sep 1970 (35),Chesterfield FC (4),2-0,?,Gillingham FC (4)
?,(Wed) 2 Sep 1970 (35),Reading FC (4),1-1,?,Tranmere Rovers FC (4)
?,(Wed) 2 Sep 1970 (35),Plymouth Argyle FC (4),1-1,?,Brighton & Hove Albion FC (4)
?,(Wed) 2 Sep 1970 (35),Fulham FC (4),5-0,?,Bradford City AFC (4)
?,(Fri) 4 Sep 1970 (35),Torquay United FC (4),3-0,?,Rochdale AFC (5)
?,(Fri) 4 Sep 1970 (35),Tranmere Rovers FC (5),2-2,?,Barnsley FC (5)
?,(Fri) 4 Sep 1970 (35),Mansfield Town FC (5),1-5,?,Plymouth Argyle FC (5)
?,(Sat) 5 Sep 1970 (35),Bury FC (5),0-2,?,Brighton & Hove Albion FC (5)
?,(Sat) 5 Sep 1970 (35),Aston Villa FC (5),3-2,?,Doncaster Rovers FC (5)
?,(Sat) 5 Sep 1970 (35),Port Vale FC (5),1-0,?,Preston North End FC (5)
?,(Sat) 5 Sep 1970 (35),Fulham FC (5),2-0,?,Chesterfield FC (5)
?,(Sat) 5 Sep 1970 (35),Bradford City AFC (5),1-0,?,Shrewsbury Town FC (5)
?,(Sat) 5 Sep 1970 (35),FC Halifax Town (4),2-1,?,Walsall FC (5)
?,(Sat) 5 Sep 1970 (35),Reading FC (5),3-1,?,Swansea City AFC (5)
?,(Sat) 5 Sep 1970 (35),Bristol Rovers FC (5),3-2,?,Wrexham AFC (5)
?,(Sat) 5 Sep 1970 (35),Rotherham United FC (5),0-0,?,Gillingham FC (5)
?,(Fri) 11 Sep 1970 (36),Doncaster Rovers FC (6),1-2,?,FC Halifax Town (5)
?,(Sat) 12 Sep 1970 (36),Barnsley FC (6),1-1,?,Aston Villa FC (6)
?,(Sat) 12 Sep 1970 (36),Wrexham AFC (6),1-1,?,Rotherham United FC (6)
?,(Sat) 12 Sep 1970 (36),Chesterfield FC (6),0-0,?,Bury FC (6)
?,(Sat) 12 Sep 1970 (36),Preston North End FC (6),4-1,?,Reading FC (6)
?,(Sat) 12 Sep 1970 (36),Brighton & Hove Albion FC (6),1-2,?,Bradford City AFC (6)
?,(Sat) 12 Sep 1970 (36),Shrewsbury Town FC (6),7-3,?,Port Vale FC (6)
?,(Sat) 12 Sep 1970 (36),Swansea City AFC (6),2-4,?,Mansfield Town FC (6)
?,(Sat) 12 Sep 1970 (36),Plymouth Argyle FC (6),0-0,?,Bristol Rovers FC (6)
?,(Sat) 12 Sep 1970 (36),Walsall FC (6),2-0,?,Tranmere Rovers FC (6)
?,(Sat) 12 Sep 1970 (36),Rochdale AFC (6),1-2,?,Fulham FC (6)
?,(Sat) 12 Sep 1970 (36),Gillingham FC (6),1-2,?,Torquay United FC (5)
?,(Fri) 18 Sep 1970 (37),Tranmere Rovers FC (7),0-0,?,Swansea City AFC (7)
?,(Fri) 18 Sep 1970 (37),Torquay United FC (6),1-1,?,Chesterfield FC (7)
?,(Sat) 19 Sep 1970 (37),Reading FC (7),2-0,?,Barnsley FC (7)
?,(Sat) 19 Sep 1970 (37),Bury FC (7),1-1,?,Shrewsbury Town FC (7)
?,(Sat) 19 Sep 1970 (37),Bristol Rovers FC (7),3-0,?,Walsall FC (7)
?,(Sat) 19 Sep 1970 (37),Rotherham United FC (7),5-1,?,Rochdale AFC (7)
?,(Sat) 19 Sep 1970 (37),Port Vale FC (7),1-1,?,Gillingham FC (7)
?,(Sat) 19 Sep 1970 (37),FC Halifax Town (6),0-1,?,Brighton & Hove Albion FC (7)
?,(Sat) 19 Sep 1970 (37),Fulham FC (7),1-1,?,Doncaster Rovers FC (7)
?,(Sat) 19 Sep 1970 (37),Mansfield Town FC (7),1-1,?,Wrexham AFC (7)
?,(Sat) 19 Sep 1970 (37),Aston Villa FC (7),2-0,?,Preston North End FC (7)
?,(Sat) 19 Sep 1970 (37),Bradford City AFC (7),0-1,?,Plymouth Argyle FC (7)
?,(Mon) 21 Sep 1970 (38),Torquay United FC (7),0-1,?,Barnsley FC (8)
?,(Mon) 21 Sep 1970 (38),Port Vale FC (8),0-2,?,Chesterfield FC (8)
?,(Tue) 22 Sep 1970 (38),Bury FC (8),0-1,?,Preston North End FC (8)
?,(Tue) 22 Sep 1970 (38),Rotherham United FC (8),2-0,?,Swansea City AFC (8)
?,(Tue) 22 Sep 1970 (38),Bristol Rovers FC (8),2-0,?,Doncaster Rovers FC (8)
?,(Tue) 22 Sep 1970 (38),FC Halifax Town (7),4-1,?,Plymouth Argyle FC (8)
?,(Wed) 23 Sep 1970 (38),Bradford City AFC (8),1-3,?,Wrexham AFC (8)
?,(Wed) 23 Sep 1970 (38),Reading FC (8),2-1,?,Shrewsbury Town FC (8)
?,(Wed) 23 Sep 1970 (38),Aston Villa FC (8),2-1,?,Gillingham FC (8)
?,(Wed) 23 Sep 1970 (38),Fulham FC (8),1-0,?,Brighton & Hove Albion FC (8)
?,(Fri) 25 Sep 1970 (38),Shrewsbury Town FC (9),3-1,?,Tranmere Rovers FC (8)
?,(Sat) 26 Sep 1970 (38),Brighton & Hove Albion FC (9),0-0,?,Bristol Rovers FC (9)
?,(Sat) 26 Sep 1970 (38),Preston North End FC (9),1-1,?,Fulham FC (9)
?,(Sat) 26 Sep 1970 (38),Barnsley FC (9),2-2,?,FC Halifax Town (8)
?,(Sat) 26 Sep 1970 (38),Walsall FC (8),3-1,?,Port Vale FC (9)
?,(Sat) 26 Sep 1970 (38),Swansea City AFC (9),3-0,?,Bury FC (9)
?,(Sat) 26 Sep 1970 (38),Wrexham AFC (9),2-3,?,Aston Villa FC (9)
?,(Sat) 26 Sep 1970 (38),Gillingham FC (9),2-2,?,Mansfield Town FC (8)
?,(Sat) 26 Sep 1970 (38),Plymouth Argyle FC (9),4-1,?,Rotherham United FC (9)
?,(Sat) 26 Sep 1970 (38),Chesterfield FC (9),0-1,?,Bradford City AFC (9)
?,(Sat) 26 Sep 1970 (38),Doncaster Rovers FC (9),0-1,?,Torquay United FC (8)
?,(Sat) 26 Sep 1970 (38),Rochdale AFC (8),1-2,?,Reading FC (9)
?,(Mon) 28 Sep 1970 (39),Fulham FC (10),2-0,?,Tranmere Rovers FC (9)
?,(Mon) 28 Sep 1970 (39),Mansfield Town FC (9),2-0,?,Port Vale FC (10)
?,(Tue) 29 Sep 1970 (39),FC Halifax Town (9),1-3,?,Rotherham United FC (10)
?,(Tue) 29 Sep 1970 (39),Barnsley FC (10),3-1,?,Gillingham FC (10)
?,(Tue) 29 Sep 1970 (39),Walsall FC (9),2-1,?,Chesterfield FC (10)
?,(Tue) 29 Sep 1970 (39),Doncaster Rovers FC (10),2-0,?,Brighton & Hove Albion FC (10)
?,(Tue) 29 Sep 1970 (39),Swansea City AFC (10),3-0,?,Wrexham AFC (10)
?,(Wed) 30 Sep 1970 (39),Torquay United FC (9),2-1,?,Bury FC (10)
?,(Wed) 30 Sep 1970 (39),Shrewsbury Town FC (10),0-1,?,Preston North End FC (10)
?,(Wed) 30 Sep 1970 (39),Aston Villa FC (10),1-1,?,Bristol Rovers FC (10)
?,(Wed) 30 Sep 1970 (39),Bradford City AFC (10),0-1,?,Reading FC (10)
?,(Fri) 2 Oct 1970 (39),Bradford City AFC (11),0-2,?,Preston North End FC (11)
?,(Fri) 2 Oct 1970 (39),Tranmere Rovers FC (10),1-0,?,Gillingham FC (11)
?,(Sat) 3 Oct 1970 (39),Rotherham United FC (11),1-0,?,Walsall FC (10)
?,(Sat) 3 Oct 1970 (39),Bristol Rovers FC (11),3-2,?,Chesterfield FC (11)
?,(Sat) 3 Oct 1970 (39),Port Vale FC (11),1-1,?,Barnsley FC (11)
?,(Sat) 3 Oct 1970 (39),Bury FC (11),2-3,?,Doncaster Rovers FC (11)
?,(Sat) 3 Oct 1970 (39),Mansfield Town FC (10),3-2,?,Rochdale AFC (9)
?,(Sat) 3 Oct 1970 (39),Aston Villa FC (11),0-0,?,Brighton & Hove Albion FC (11)
?,(Sat) 3 Oct 1970 (39),Reading FC (11),0-0,?,Wrexham AFC (11)
?,(Sat) 3 Oct 1970 (39),FC Halifax Town (10),2-0,?,Shrewsbury Town FC (11)
?,(Sat) 3 Oct 1970 (39),Fulham FC (11),1-1,?,Plymouth Argyle FC (10)
?,(Sat) 3 Oct 1970 (39),Torquay United FC (10),2-1,?,Swansea City AFC (11)
?,(Sat) 10 Oct 1970 (40),Gillingham FC (12),1-4,?,Bristol Rovers FC (12)
?,(Sat) 10 Oct 1970 (40),Swansea City AFC (12),2-0,?,Bradford City AFC (12)
?,(Sat) 10 Oct 1970 (40),Preston North End FC (12),2-1,?,Mansfield Town FC (11)
?,(Sat) 10 Oct 1970 (40),Doncaster Rovers FC (12),2-0,?,Reading FC (12)
?,(Sat) 10 Oct 1970 (40),Shrewsbury Town FC (12),0-1,?,Fulham FC (12)
?,(Sat) 10 Oct 1970 (40),Chesterfield FC (12),5-0,?,FC Halifax Town (11)
?,(Sat) 10 Oct 1970 (40),Walsall FC (11),1-4,?,Torquay United FC (11)
?,(Sat) 10 Oct 1970 (40),Wrexham AFC (12),4-1,?,Tranmere Rovers FC (11)
?,(Sat) 10 Oct 1970 (40),Plymouth Argyle FC (11),3-4,?,Bury FC (12)
?,(Sat) 10 Oct 1970 (40),Rochdale AFC (10),1-1,?,Aston Villa FC (12)
?,(Sat) 10 Oct 1970 (40),Brighton & Hove Albion FC (12),0-0,?,Port Vale FC (12)
?,(Sat) 10 Oct 1970 (40),Barnsley FC (12),2-1,?,Rotherham United FC (12)
?,(Wed) 14 Oct 1970 (41),Mansfield Town FC (12),2-2,?,Walsall FC (12)
?,(Fri) 16 Oct 1970 (41),Tranmere Rovers FC (12),1-0,?,Plymouth Argyle FC (12)
?,(Fri) 16 Oct 1970 (41),Torquay United FC (12),1-0,?,Brighton & Hove Albion FC (13)
?,(Sat) 17 Oct 1970 (41),Fulham FC (13),1-1,?,Barnsley FC (13)
?,(Sat) 17 Oct 1970 (41),Bury FC (13),1-2,?,Wrexham AFC (13)
?,(Sat) 17 Oct 1970 (41),Rotherham United FC (13),1-1,?,Shrewsbury Town FC (13)
?,(Sat) 17 Oct 1970 (41),FC Halifax Town (12),1-0,?,Preston North End FC (13)
?,(Sat) 17 Oct 1970 (41),Aston Villa FC (13),0-0,?,Chesterfield FC (13)
?,(Sat) 17 Oct 1970 (41),Bradford City AFC (13),0-0,?,Walsall FC (13)
?,(Sat) 17 Oct 1970 (41),Port Vale FC (13),4-0,?,Swansea City AFC (13)
?,(Sat) 17 Oct 1970 (41),Bristol Rovers FC (13),2-2,?,Rochdale AFC (11)
?,(Sat) 17 Oct 1970 (41),Mansfield Town FC (13),2-1,?,Doncaster Rovers FC (13)
?,(Sat) 17 Oct 1970 (41),Reading FC (13),3-2,?,Gillingham FC (13)
?,(Mon) 19 Oct 1970 (42),Wrexham AFC (14),2-1,?,Shrewsbury Town FC (14)
?,(Mon) 19 Oct 1970 (42),Tranmere Rovers FC (13),3-1,?,Bradford City AFC (14)
?,(Mon) 19 Oct 1970 (42),Port Vale FC (14),2-0,?,Aston Villa FC (14)
?,(Mon) 19 Oct 1970 (42),Preston North End FC (14),1-1,?,Swansea City AFC (14)
?,(Tue) 20 Oct 1970 (42),Bury FC (14),1-1,?,FC Halifax Town (13)
?,(Tue) 20 Oct 1970 (42),Bristol Rovers FC (14),2-0,?,Mansfield Town FC (14)
?,(Tue) 20 Oct 1970 (42),Rotherham United FC (14),3-1,?,Torquay United FC (13)
?,(Wed) 21 Oct 1970 (42),Brighton & Hove Albion FC (14),1-1,?,Rochdale AFC (12)
?,(Wed) 21 Oct 1970 (42),Chesterfield FC (14),4-2,?,Barnsley FC (14)
?,(Wed) 21 Oct 1970 (42),Reading FC (14),1-1,?,Fulham FC (14)
?,(Wed) 21 Oct 1970 (42),Gillingham FC (14),2-1,?,Walsall FC (14)
?,(Wed) 21 Oct 1970 (42),Plymouth Argyle FC (13),1-1,?,Doncaster Rovers FC (14)
?,(Fri) 23 Oct 1970 (42),Doncaster Rovers FC (15),1-2,?,Walsall FC (15)
?,(Sat) 24 Oct 1970 (42),Aston Villa FC (15),1-0,?,Tranmere Rovers FC (14)
?,(Sat) 24 Oct 1970 (42),Mansfield Town FC (15),0-0,?,Reading FC (15)
?,(Sat) 24 Oct 1970 (42),Port Vale FC (15),1-0,?,Rotherham United FC (15)
?,(Sat) 24 Oct 1970 (42),Bradford City AFC (15),2-0,?,Torquay United FC (14)
?,(Sat) 24 Oct 1970 (42),Shrewsbury Town FC (15),1-1,?,Chesterfield FC (15)
?,(Sat) 24 Oct 1970 (42),Swansea City AFC (15),1-0,?,Gillingham FC (15)
?,(Sat) 24 Oct 1970 (42),Plymouth Argyle FC (14),1-1,?,Preston North End FC (15)
?,(Sat) 24 Oct 1970 (42),Brighton & Hove Albion FC (15),2-0,?,Wrexham AFC (15)
?,(Sat) 24 Oct 1970 (42),Fulham FC (15),3-1,?,FC Halifax Town (14)
?,(Sat) 24 Oct 1970 (42),Bristol Rovers FC (15),0-1,?,Bury FC (15)
?,(Sat) 24 Oct 1970 (42),Rochdale AFC (13),1-0,?,Barnsley FC (15)
?,(Fri) 30 Oct 1970 (43),Tranmere Rovers FC (15),4-1,?,Mansfield Town FC (16)
?,(Sat) 31 Oct 1970 (43),FC Halifax Town (15),1-2,?,Bradford City AFC (16)
?,(Sat) 31 Oct 1970 (43),Gillingham FC (16),0-2,?,Shrewsbury Town FC (16)
?,(Sat) 31 Oct 1970 (43),Bury FC (16),2-3,?,Port Vale FC (16)
?,(Sat) 31 Oct 1970 (43),Walsall FC (16),0-3,?,Rochdale AFC (14)
?,(Sat) 31 Oct 1970 (43),Rotherham United FC (16),1-1,?,Bristol Rovers FC (16)
?,(Sat) 31 Oct 1970 (43),Preston North End FC (16),1-1,?,Brighton & Hove Albion FC (16)
?,(Sat) 31 Oct 1970 (43),Chesterfield FC (16),0-0,?,Swansea City AFC (16)
?,(Sat) 31 Oct 1970 (43),Reading FC (16),3-5,?,Aston Villa FC (16)
?,(Sat) 31 Oct 1970 (43),Wrexham AFC (16),4-0,?,Plymouth Argyle FC (15)
?,(Sat) 31 Oct 1970 (43),Torquay United FC (15),3-1,?,Fulham FC (16)
?,(Sat) 31 Oct 1970 (43),Barnsley FC (16),0-1,?,Doncaster Rovers FC (16)
?,(Mon) 2 Nov 1970 (44),Rochdale AFC (15),1-1,?,Plymouth Argyle FC (16)
?,(Fri) 6 Nov 1970 (44),Shrewsbury Town FC (17),1-0,?,Barnsley FC (17)
?,(Fri) 6 Nov 1970 (44),Doncaster Rovers FC (17),1-1,?,Preston North End FC (17)
?,(Sat) 7 Nov 1970 (44),Fulham FC (17),2-1,?,Bury FC (17)
?,(Sat) 7 Nov 1970 (44),Rochdale AFC (16),4-1,?,Wrexham AFC (17)
?,(Sat) 7 Nov 1970 (44),Mansfield Town FC (17),3-2,?,FC Halifax Town (16)
?,(Sat) 7 Nov 1970 (44),Bristol Rovers FC (17),4-0,?,Reading FC (17)
?,(Sat) 7 Nov 1970 (44),Port Vale FC (17),2-2,?,Tranmere Rovers FC (16)
?,(Sat) 7 Nov 1970 (44),Brighton & Hove Albion FC (17),1-2,?,Chesterfield FC (17)
?,(Sat) 7 Nov 1970 (44),Plymouth Argyle FC (17),2-1,?,Gillingham FC (17)
?,(Sat) 7 Nov 1970 (44),Bradford City AFC (17),1-1,?,Rotherham United FC (17)
?,(Sat) 7 Nov 1970 (44),Swansea City AFC (17),1-1,?,Walsall FC (17)
?,(Sat) 7 Nov 1970 (44),Aston Villa FC (17),0-1,?,Torquay United FC (16)
?,(Mon) 9 Nov 1970 (45),Preston North End FC (18),3-1,?,Barnsley FC (18)
?,(Mon) 9 Nov 1970 (45),Tranmere Rovers FC (17),0-1,?,FC Halifax Town (17)
?,(Mon) 9 Nov 1970 (45),Mansfield Town FC (18),1-1,?,Rotherham United FC (18)
?,(Mon) 9 Nov 1970 (45),Port Vale FC (18),0-1,?,Fulham FC (18)
?,(Mon) 9 Nov 1970 (45),Wrexham AFC (18),2-1,?,Walsall FC (18)
?,(Tue) 10 Nov 1970 (45),Rochdale AFC (17),0-1,?,Gillingham FC (18)
?,(Tue) 10 Nov 1970 (45),Doncaster Rovers FC (18),2-1,?,Chesterfield FC (18)
?,(Tue) 10 Nov 1970 (45),Bristol Rovers FC (18),4-2,?,Bradford City AFC (18)
?,(Wed) 11 Nov 1970 (45),Plymouth Argyle FC (18),4-4,?,Shrewsbury Town FC (18)
?,(Wed) 11 Nov 1970 (45),Reading FC (18),2-1,?,Torquay United FC (17)
?,(Wed) 11 Nov 1970 (45),Aston Villa FC (18),1-0,?,Bury FC (18)
?,(Fri) 13 Nov 1970 (45),Tranmere Rovers FC (18),0-2,?,Bristol Rovers FC (19)
?,(Sat) 14 Nov 1970 (45),Rotherham United FC (19),1-1,?,Fulham FC (19)
?,(Sat) 14 Nov 1970 (45),Torquay United FC (18),0-0,?,Mansfield Town FC (19)
?,(Sat) 14 Nov 1970 (45),Bury FC (19),1-1,?,Bradford City AFC (19)
?,(Sat) 14 Nov 1970 (45),Wrexham AFC (19),0-0,?,Doncaster Rovers FC (19)
?,(Sat) 14 Nov 1970 (45),Chesterfield FC (19),2-0,?,Plymouth Argyle FC (19)
?,(Sat) 14 Nov 1970 (45),Barnsley FC (19),0-0,?,Swansea City AFC (18)
?,(Sat) 14 Nov 1970 (45),FC Halifax Town (18),2-1,?,Aston Villa FC (19)
?,(Sat) 14 Nov 1970 (45),Gillingham FC (19),1-1,?,Brighton & Hove Albion FC (18)
?,(Sat) 14 Nov 1970 (45),Reading FC (19),2-1,?,Port Vale FC (19)
?,(Sat) 14 Nov 1970 (45),Walsall FC (19),0-1,?,Shrewsbury Town FC (19)
?,(Sat) 14 Nov 1970 (45),Preston North End FC (19),3-1,?,Rochdale AFC (18)
?,(Fri) 20 Nov 1970 (46),Bradford City AFC (20),1-1,?,Mansfield Town FC (20)
?,(Wed) 25 Nov 1970 (47),Brighton & Hove Albion FC (19),2-2,?,Swansea City AFC (19)
?,(Fri) 27 Nov 1970 (47),Shrewsbury Town FC (20),0-3,?,Doncaster Rovers FC (20)
?,(Sat) 28 Nov 1970 (47),Chesterfield FC (20),0-0,?,Preston North End FC (20)
?,(Sat) 28 Nov 1970 (47),Gillingham FC (20),1-2,?,Wrexham AFC (20)
?,(Sat) 28 Nov 1970 (47),Walsall FC (20),1-0,?,Brighton & Hove Albion FC (20)
?,(Sat) 28 Nov 1970 (47),Barnsley FC (20),2-0,?,Plymouth Argyle FC (20)
?,(Sat) 28 Nov 1970 (47),Swansea City AFC (20),4-2,?,Rochdale AFC (19)
?,(Sat) 28 Nov 1970 (47),Fulham FC (20),0-2,?,Aston Villa FC (20)
?,(Sat) 28 Nov 1970 (47),Rotherham United FC (20),2-1,?,Reading FC (20)
?,(Sat) 28 Nov 1970 (47),FC Halifax Town (19),2-0,?,Port Vale FC (20)
?,(Sat) 28 Nov 1970 (47),Bury FC (20),0-0,?,Tranmere Rovers FC (19)
?,(Sat) 28 Nov 1970 (47),Torquay United FC (19),1-1,?,Bristol Rovers FC (20)
?,(Fri) 4 Dec 1970 (48),Tranmere Rovers FC (20),5-0,?,Rotherham United FC (21)
?,(Sat) 5 Dec 1970 (48),Aston Villa FC (21),1-0,?,Bradford City AFC (21)
?,(Sat) 5 Dec 1970 (48),Plymouth Argyle FC (21),3-1,?,Walsall FC (21)
?,(Sat) 5 Dec 1970 (48),Mansfield Town FC (21),1-0,?,Fulham FC (21)
?,(Sat) 5 Dec 1970 (48),Port Vale FC (21),0-1,?,Torquay United FC (20)
?,(Sat) 5 Dec 1970 (48),Reading FC (21),1-5,?,Bury FC (21)
?,(Sat) 5 Dec 1970 (48),Wrexham AFC (21),0-3,?,Chesterfield FC (21)
?,(Sat) 5 Dec 1970 (48),Rochdale AFC (20),1-2,?,Shrewsbury Town FC (21)
?,(Sat) 5 Dec 1970 (48),Brighton & Hove Albion FC (21),1-2,?,Barnsley FC (21)
?,(Sat) 5 Dec 1970 (48),Doncaster Rovers FC (21),1-2,?,Swansea City AFC (21)
?,(Sat) 5 Dec 1970 (48),Preston North End FC (21),1-0,?,Gillingham FC (21)
?,(Sat) 5 Dec 1970 (48),Bristol Rovers FC (21),1-0,?,FC Halifax Town (20)
?,(Sat) 12 Dec 1970 (49),FC Halifax Town (21),4-0,?,Doncaster Rovers FC (22)
?,(Sat) 12 Dec 1970 (49),Tranmere Rovers FC (21),1-1,?,Wrexham AFC (22)
?,(Fri) 18 Dec 1970 (50),Shrewsbury Town FC (22),1-4,?,Bristol Rovers FC (22)
?,(Sat) 19 Dec 1970 (50),Swansea City AFC (22),4-1,?,Fulham FC (22)
?,(Sat) 19 Dec 1970 (50),Plymouth Argyle FC (22),1-1,?,Aston Villa FC (22)
?,(Sat) 19 Dec 1970 (50),Brighton & Hove Albion FC (22),2-0,?,Mansfield Town FC (22)
?,(Sat) 19 Dec 1970 (50),Chesterfield FC (22),2-0,?,Tranmere Rovers FC (22)
?,(Sat) 19 Dec 1970 (50),Wrexham AFC (23),2-2,?,FC Halifax Town (22)
?,(Sat) 19 Dec 1970 (50),Walsall FC (22),1-2,?,Reading FC (22)
?,(Sat) 19 Dec 1970 (50),Barnsley FC (22),2-0,?,Bradford City AFC (22)
?,(Sat) 19 Dec 1970 (50),Preston North End FC (22),2-2,?,Torquay United FC (21)
?,(Sat) 19 Dec 1970 (50),Gillingham FC (22),1-2,?,Bury FC (22)
?,(Sat) 19 Dec 1970 (50),Doncaster Rovers FC (23),0-2,?,Rotherham United FC (22)
?,(Sat) 19 Dec 1970 (50),Rochdale AFC (21),0-3,?,Port Vale FC (22)
?,(Sat) 26 Dec 1970 (51),Tranmere Rovers FC (23),3-3,?,Preston North End FC (23)
?,(Sat) 26 Dec 1970 (51),Aston Villa FC (23),2-0,?,Shrewsbury Town FC (23)
?,(Sat) 26 Dec 1970 (51),Port Vale FC (23),0-3,?,Wrexham AFC (24)
?,(Sat) 26 Dec 1970 (51),Bristol Rovers FC (23),0-0,?,Swansea City AFC (23)
?,(Sat) 26 Dec 1970 (51),Bury FC (23),1-1,?,Walsall FC (23)
?,(Sat) 26 Dec 1970 (51),FC Halifax Town (23),1-4,?,Rochdale AFC (22)
?,(Sat) 26 Dec 1970 (51),Mansfield Town FC (23),1-2,?,Barnsley FC (23)
?,(Sat) 26 Dec 1970 (51),Bradford City AFC (23),3-0,?,Doncaster Rovers FC (24)
?,(Sat) 26 Dec 1970 (51),Torquay United FC (22),2-1,?,Plymouth Argyle FC (23)
?,(Sat) 26 Dec 1970 (51),Rotherham United FC (23),1-2,?,Chesterfield FC (23)
?,(Mon) 28 Dec 1970 (52),Fulham FC (23),1-0,?,Gillingham FC (23)
?,(Sat) 2 Jan 1971 (0),Walsall FC (24),3-0,?,Aston Villa FC (24)
?,(Sat) 2 Jan 1971 (0),Wrexham AFC (25),2-2,?,Fulham FC (24)
?,(Sat) 2 Jan 1971 (0),Barnsley FC (24),0-4,?,Bristol Rovers FC (24)
?,(Sat) 2 Jan 1971 (0),Plymouth Argyle FC (24),1-1,?,FC Halifax Town (24)
?,(Sat) 2 Jan 1971 (0),Doncaster Rovers FC (25),1-2,?,Port Vale FC (24)
?,(Sat) 2 Jan 1971 (0),Chesterfield FC (24),2-2,?,Mansfield Town FC (24)
?,(Fri) 8 Jan 1971 (1),Tranmere Rovers FC (24),0-3,?,Fulham FC (25)
?,(Sat) 9 Jan 1971 (1),Reading FC (23),1-1,?,Bradford City AFC (24)
?,(Sat) 9 Jan 1971 (1),Bristol Rovers FC (25),1-2,?,Aston Villa FC (25)
?,(Sat) 9 Jan 1971 (1),Wrexham AFC (26),1-1,?,Swansea City AFC (24)
?,(Sat) 9 Jan 1971 (1),Bury FC (24),1-0,?,Torquay United FC (23)
?,(Sat) 9 Jan 1971 (1),Port Vale FC (25),2-0,?,Mansfield Town FC (25)
?,(Sat) 9 Jan 1971 (1),Rotherham United FC (24),2-2,?,FC Halifax Town (25)
?,(Sat) 9 Jan 1971 (1),Gillingham FC (24),2-1,?,Barnsley FC (25)
?,(Sat) 9 Jan 1971 (1),Preston North End FC (24),2-0,?,Shrewsbury Town FC (24)
?,(Sat) 9 Jan 1971 (1),Chesterfield FC (25),1-1,?,Walsall FC (25)
?,(Sat) 9 Jan 1971 (1),Plymouth Argyle FC (25),2-2,?,Rochdale AFC (23)
?,(Sat) 9 Jan 1971 (1),Brighton & Hove Albion FC (23),3-0,?,Doncaster Rovers FC (26)
?,(Mon) 11 Jan 1971 (2),FC Halifax Town (26),2-0,?,Torquay United FC (24)
?,(Tue) 12 Jan 1971 (2),Gillingham FC (25),2-1,?,Bradford City AFC (25)
?,(Fri) 15 Jan 1971 (2),Swansea City AFC (25),2-2,?,Preston North End FC (25)
?,(Fri) 15 Jan 1971 (2),Torquay United FC (25),3-1,?,Rotherham United FC (25)
?,(Sat) 16 Jan 1971 (2),Mansfield Town FC (26),4-1,?,Bristol Rovers FC (26)
?,(Sat) 16 Jan 1971 (2),Rochdale AFC (24),3-3,?,Brighton & Hove Albion FC (24)
?,(Sat) 16 Jan 1971 (2),Bradford City AFC (26),1-1,?,Tranmere Rovers FC (25)
?,(Sat) 16 Jan 1971 (2),Walsall FC (26),3-0,?,Gillingham FC (26)
?,(Sat) 16 Jan 1971 (2),Shrewsbury Town FC (25),1-0,?,Wrexham AFC (27)
?,(Sat) 16 Jan 1971 (2),Aston Villa FC (26),1-0,?,Port Vale FC (26)
?,(Sat) 16 Jan 1971 (2),Fulham FC (26),1-1,?,Reading FC (24)
?,(Sat) 16 Jan 1971 (2),FC Halifax Town (27),3-0,?,Bury FC (25)
?,(Sat) 16 Jan 1971 (2),Doncaster Rovers FC (27),0-0,?,Plymouth Argyle FC (26)
?,(Sat) 16 Jan 1971 (2),Barnsley FC (26),1-0,?,Chesterfield FC (26)
?,(Sat) 23 Jan 1971 (3),Rotherham United FC (26),1-1,?,Aston Villa FC (27)
?,(Sat) 23 Jan 1971 (3),Bradford City AFC (27),1-1,?,Port Vale FC (27)
?,(Sat) 23 Jan 1971 (3),Bury FC (26),0-0,?,Mansfield Town FC (27)
?,(Sat) 23 Jan 1971 (3),Barnsley FC (27),3-1,?,Wrexham AFC (28)
?,(Sat) 23 Jan 1971 (3),Gillingham FC (27),0-1,?,Doncaster Rovers FC (28)
?,(Sat) 23 Jan 1971 (3),FC Halifax Town (28),4-0,?,Reading FC (25)
?,(Wed) 27 Jan 1971 (4),Walsall FC (27),0-1,?,Preston North End FC (26)
?,(Fri) 29 Jan 1971 (4),Tranmere Rovers FC (26),0-0,?,Bury FC (27)
?,(Sat) 30 Jan 1971 (4),Port Vale FC (28),0-1,?,FC Halifax Town (29)
?,(Sat) 30 Jan 1971 (4),Preston North End FC (27),1-0,?,Chesterfield FC (27)
?,(Sat) 30 Jan 1971 (4),Aston Villa FC (28),1-0,?,Fulham FC (27)
?,(Sat) 30 Jan 1971 (4),Reading FC (26),4-2,?,Rotherham United FC (27)
?,(Sat) 30 Jan 1971 (4),Rochdale AFC (25),0-0,?,Swansea City AFC (26)
?,(Sat) 30 Jan 1971 (4),Doncaster Rovers FC (29),1-1,?,Shrewsbury Town FC (26)
?,(Sat) 30 Jan 1971 (4),Mansfield Town FC (28),3-5,?,Bradford City AFC (28)
?,(Sat) 30 Jan 1971 (4),Brighton & Hove Albion FC (25),2-2,?,Walsall FC (28)
?,(Mon) 1 Feb 1971 (5),Plymouth Argyle FC (27),2-1,?,Barnsley FC (28)
?,(Mon) 1 Feb 1971 (5),Torquay United FC (26),4-2,?,Tranmere Rovers FC (27)
?,(Fri) 5 Feb 1971 (5),Torquay United FC (27),1-1,?,Port Vale FC (29)
?,(Fri) 5 Feb 1971 (5),Swansea City AFC (27),1-1,?,Doncaster Rovers FC (30)
?,(Sat) 6 Feb 1971 (5),Gillingham FC (28),2-1,?,Preston North End FC (28)
?,(Sat) 6 Feb 1971 (5),Bury FC (28),5-1,?,Reading FC (27)
?,(Sat) 6 Feb 1971 (5),Walsall FC (29),1-0,?,Plymouth Argyle FC (28)
?,(Sat) 6 Feb 1971 (5),Chesterfield FC (28),1-0,?,Wrexham AFC (29)
?,(Sat) 6 Feb 1971 (5),Shrewsbury Town FC (27),0-2,?,Rochdale AFC (26)
?,(Sat) 6 Feb 1971 (5),Rotherham United FC (28),2-0,?,Tranmere Rovers FC (28)
?,(Sat) 6 Feb 1971 (5),FC Halifax Town (30),0-0,?,Bristol Rovers FC (27)
?,(Sat) 6 Feb 1971 (5),Fulham FC (28),0-0,?,Mansfield Town FC (29)
?,(Sat) 6 Feb 1971 (5),Barnsley FC (29),1-0,?,Brighton & Hove Albion FC (26)
?,(Sat) 6 Feb 1971 (5),Bradford City AFC (29),1-0,?,Aston Villa FC (29)
?,(Wed) 10 Feb 1971 (6),Chesterfield FC (29),1-1,?,Rochdale AFC (27)
?,(Fri) 12 Feb 1971 (6),Port Vale FC (30),0-0,?,Bradford City AFC (30)
?,(Fri) 12 Feb 1971 (6),Tranmere Rovers FC (29),0-0,?,Torquay United FC (28)
?,(Sat) 13 Feb 1971 (6),Plymouth Argyle FC (29),2-3,?,Swansea City AFC (28)
?,(Sat) 13 Feb 1971 (6),Rochdale AFC (28),2-0,?,Chesterfield FC (30)
?,(Sat) 13 Feb 1971 (6),Wrexham AFC (30),1-0,?,Barnsley FC (30)
?,(Sat) 13 Feb 1971 (6),Preston North End FC (29),1-0,?,Walsall FC (30)
?,(Sat) 13 Feb 1971 (6),Brighton & Hove Albion FC (27),1-2,?,Shrewsbury Town FC (28)
?,(Sat) 13 Feb 1971 (6),Doncaster Rovers FC (31),2-2,?,Gillingham FC (29)
?,(Sat) 13 Feb 1971 (6),Aston Villa FC (30),1-0,?,Rotherham United FC (29)
?,(Sat) 13 Feb 1971 (6),Mansfield Town FC (30),1-0,?,Bury FC (29)
?,(Sat) 13 Feb 1971 (6),Reading FC (28),1-1,?,FC Halifax Town (31)
?,(Sat) 13 Feb 1971 (6),Bristol Rovers FC (28),0-1,?,Fulham FC (29)
?,(Fri) 19 Feb 1971 (7),Torquay United FC (29),0-4,?,Reading FC (29)
?,(Sat) 20 Feb 1971 (7),Fulham FC (30),4-1,?,Port Vale FC (31)
?,(Sat) 20 Feb 1971 (7),FC Halifax Town (32),4-3,?,Tranmere Rovers FC (30)
?,(Sat) 20 Feb 1971 (7),Barnsley FC (31),0-1,?,Preston North End FC (30)
?,(Sat) 20 Feb 1971 (7),Bury FC (30),3-1,?,Aston Villa FC (31)
?,(Sat) 20 Feb 1971 (7),Walsall FC (31),3-1,?,Wrexham AFC (31)
?,(Sat) 20 Feb 1971 (7),Bradford City AFC (31),1-1,?,Bristol Rovers FC (29)
?,(Sat) 20 Feb 1971 (7),Rotherham United FC (30),2-1,?,Mansfield Town FC (31)
?,(Sat) 20 Feb 1971 (7),Gillingham FC (30),0-0,?,Rochdale AFC (29)
?,(Sat) 20 Feb 1971 (7),Swansea City AFC (29),1-0,?,Brighton & Hove Albion FC (28)
?,(Sat) 20 Feb 1971 (7),Chesterfield FC (31),4-0,?,Doncaster Rovers FC (32)
?,(Sat) 20 Feb 1971 (7),Shrewsbury Town FC (29),1-1,?,Plymouth Argyle FC (30)
?,(Mon) 22 Feb 1971 (8),Wrexham AFC (32),2-0,?,Bradford City AFC (32)
?,(Mon) 22 Feb 1971 (8),Rochdale AFC (30),2-0,?,Bury FC (31)
?,(Fri) 26 Feb 1971 (8),Shrewsbury Town FC (30),0-0,?,Gillingham FC (31)
?,(Fri) 26 Feb 1971 (8),Doncaster Rovers FC (33),1-0,?,Barnsley FC (32)
?,(Fri) 26 Feb 1971 (8),Fulham FC (31),4-0,?,Torquay United FC (30)
?,(Sat) 27 Feb 1971 (8),Brighton & Hove Albion FC (29),0-0,?,Preston North End FC (31)
?,(Sat) 27 Feb 1971 (8),Port Vale FC (32),0-0,?,Bury FC (32)
?,(Sat) 27 Feb 1971 (8),Mansfield Town FC (32),6-2,?,Tranmere Rovers FC (31)
?,(Sat) 27 Feb 1971 (8),Swansea City AFC (30),1-0,?,Chesterfield FC (32)
?,(Sat) 27 Feb 1971 (8),Plymouth Argyle FC (31),2-2,?,Wrexham AFC (33)
?,(Sat) 27 Feb 1971 (8),Bradford City AFC (33),0-1,?,FC Halifax Town (33)
?,(Sat) 27 Feb 1971 (8),Rochdale AFC (31),2-0,?,Walsall FC (32)
?,(Sat) 27 Feb 1971 (8),Bristol Rovers FC (30),0-2,?,Rotherham United FC (31)
?,(Mon) 1 Mar 1971 (9),Wrexham AFC (34),3-4,?,Gillingham FC (32)
?,(Tue) 2 Mar 1971 (9),Fulham FC (32),2-1,?,Bristol Rovers FC (31)
?,(Fri) 5 Mar 1971 (9),Tranmere Rovers FC (32),1-1,?,Aston Villa FC (32)
?,(Sat) 6 Mar 1971 (9),Preston North End FC (32),1-0,?,Plymouth Argyle FC (32)
?,(Sat) 6 Mar 1971 (9),Barnsley FC (33),2-2,?,Rochdale AFC (32)
?,(Sat) 6 Mar 1971 (9),Walsall FC (33),1-2,?,Doncaster Rovers FC (34)
?,(Sat) 6 Mar 1971 (9),Torquay United FC (31),1-1,?,Bradford City AFC (34)
?,(Sat) 6 Mar 1971 (9),Rotherham United FC (32),2-1,?,Port Vale FC (33)
?,(Sat) 6 Mar 1971 (9),FC Halifax Town (34),2-1,?,Fulham FC (33)
?,(Sat) 6 Mar 1971 (9),Gillingham FC (33),0-0,?,Swansea City AFC (31)
?,(Sat) 6 Mar 1971 (9),Reading FC (30),1-0,?,Mansfield Town FC (33)
?,(Sat) 6 Mar 1971 (9),Chesterfield FC (33),2-0,?,Shrewsbury Town FC (31)
?,(Sat) 6 Mar 1971 (9),Bury FC (33),3-0,?,Bristol Rovers FC (32)
?,(Mon) 8 Mar 1971 (10),Preston North End FC (33),2-0,?,Bury FC (34)
?,(Mon) 8 Mar 1971 (10),Rochdale AFC (33),0-0,?,Tranmere Rovers FC (33)
?,(Tue) 9 Mar 1971 (10),Walsall FC (34),0-1,?,Mansfield Town FC (34)
?,(Tue) 9 Mar 1971 (10),Swansea City AFC (32),1-1,?,Rotherham United FC (33)
?,(Tue) 9 Mar 1971 (10),Doncaster Rovers FC (35),0-1,?,Bristol Rovers FC (33)
?,(Tue) 9 Mar 1971 (10),Barnsley FC (34),2-0,?,Torquay United FC (32)
?,(Wed) 10 Mar 1971 (10),Shrewsbury Town FC (32),3-1,?,Reading FC (31)
?,(Wed) 10 Mar 1971 (10),Brighton & Hove Albion FC (30),3-2,?,Fulham FC (34)
?,(Wed) 10 Mar 1971 (10),Chesterfield FC (34),3-0,?,Port Vale FC (34)
?,(Wed) 10 Mar 1971 (10),Gillingham FC (34),0-0,?,Aston Villa FC (33)
?,(Fri) 12 Mar 1971 (10),Swansea City AFC (33),0-2,?,Barnsley FC (35)
?,(Sat) 13 Mar 1971 (10),Doncaster Rovers FC (36),2-1,?,Wrexham AFC (35)
?,(Sat) 13 Mar 1971 (10),Shrewsbury Town FC (33),1-1,?,Walsall FC (35)
?,(Sat) 13 Mar 1971 (10),Mansfield Town FC (35),0-0,?,Torquay United FC (33)
?,(Sat) 13 Mar 1971 (10),Brighton & Hove Albion FC (31),3-1,?,Gillingham FC (35)
?,(Sat) 13 Mar 1971 (10),Bristol Rovers FC (34),0-1,?,Tranmere Rovers FC (34)
?,(Sat) 13 Mar 1971 (10),Rochdale AFC (34),1-2,?,Preston North End FC (34)
?,(Sat) 13 Mar 1971 (10),Fulham FC (35),1-0,?,Rotherham United FC (34)
?,(Sat) 13 Mar 1971 (10),Aston Villa FC (34),1-1,?,FC Halifax Town (35)
?,(Sat) 13 Mar 1971 (10),Bradford City AFC (35),1-3,?,Bury FC (35)
?,(Sat) 13 Mar 1971 (10),Port Vale FC (35),3-1,?,Reading FC (32)
?,(Sat) 13 Mar 1971 (10),Plymouth Argyle FC (33),1-1,?,Chesterfield FC (35)
?,(Mon) 15 Mar 1971 (11),Port Vale FC (36),1-0,?,Doncaster Rovers FC (37)
?,(Mon) 15 Mar 1971 (11),Tranmere Rovers FC (35),3-0,?,Brighton & Hove Albion FC (32)
?,(Mon) 15 Mar 1971 (11),Mansfield Town FC (36),2-2,?,Chesterfield FC (36)
?,(Mon) 15 Mar 1971 (11),FC Halifax Town (36),2-2,?,Swansea City AFC (34)
?,(Tue) 16 Mar 1971 (11),Rotherham United FC (35),1-1,?,Preston North End FC (35)
?,(Tue) 16 Mar 1971 (11),Bury FC (36),0-2,?,Rochdale AFC (35)
?,(Tue) 16 Mar 1971 (11),Bristol Rovers FC (35),3-0,?,Barnsley FC (36)
?,(Wed) 17 Mar 1971 (11),Reading FC (33),0-2,?,Plymouth Argyle FC (34)
?,(Wed) 17 Mar 1971 (11),Aston Villa FC (35),0-0,?,Walsall FC (36)
?,(Wed) 17 Mar 1971 (11),Fulham FC (36),1-0,?,Wrexham AFC (36)
?,(Wed) 17 Mar 1971 (11),Bradford City AFC (36),0-1,?,Gillingham FC (36)
?,(Fri) 19 Mar 1971 (11),Walsall FC (37),0-1,?,Swansea City AFC (35)
?,(Sat) 20 Mar 1971 (11),Gillingham FC (37),0-2,?,Plymouth Argyle FC (35)
?,(Sat) 20 Mar 1971 (11),Wrexham AFC (37),3-1,?,Rochdale AFC (36)
?,(Sat) 20 Mar 1971 (11),Reading FC (34),0-2,?,Bristol Rovers FC (36)
?,(Sat) 20 Mar 1971 (11),Barnsley FC (37),2-1,?,Shrewsbury Town FC (34)
?,(Sat) 20 Mar 1971 (11),Torquay United FC (34),1-1,?,Aston Villa FC (36)
?,(Sat) 20 Mar 1971 (11),FC Halifax Town (37),0-1,?,Mansfield Town FC (37)
?,(Sat) 20 Mar 1971 (11),Preston North End FC (36),4-0,?,Doncaster Rovers FC (38)
?,(Sat) 20 Mar 1971 (11),Bury FC (37),2-0,?,Fulham FC (37)
?,(Sat) 20 Mar 1971 (11),Chesterfield FC (37),2-1,?,Brighton & Hove Albion FC (33)
?,(Sat) 20 Mar 1971 (11),Rotherham United FC (36),1-1,?,Bradford City AFC (37)
?,(Mon) 22 Mar 1971 (12),Tranmere Rovers FC (36),1-1,?,Port Vale FC (37)
?,(Tue) 23 Mar 1971 (12),Bristol Rovers FC (37),1-1,?,Torquay United FC (35)
?,(Wed) 24 Mar 1971 (12),Shrewsbury Town FC (35),0-1,?,Brighton & Hove Albion FC (34)
?,(Wed) 24 Mar 1971 (12),Plymouth Argyle FC (36),4-0,?,Reading FC (35)
?,(Fri) 26 Mar 1971 (12),Doncaster Rovers FC (39),2-1,?,Aston Villa FC (37)
?,(Fri) 26 Mar 1971 (12),Barnsley FC (38),0-0,?,Tranmere Rovers FC (37)
?,(Fri) 26 Mar 1971 (12),Chesterfield FC (38),0-0,?,Fulham FC (38)
?,(Sat) 27 Mar 1971 (12),Plymouth Argyle FC (37),0-0,?,Mansfield Town FC (38)
?,(Sat) 27 Mar 1971 (12),Wrexham AFC (38),1-0,?,Bristol Rovers FC (38)
?,(Sat) 27 Mar 1971 (12),Walsall FC (38),0-0,?,FC Halifax Town (38)
?,(Sat) 27 Mar 1971 (12),Brighton & Hove Albion FC (35),1-0,?,Bury FC (38)
?,(Sat) 27 Mar 1971 (12),Preston North End FC (37),1-0,?,Port Vale FC (38)
?,(Sat) 27 Mar 1971 (12),Shrewsbury Town FC (36),1-1,?,Bradford City AFC (38)
?,(Sat) 27 Mar 1971 (12),Rochdale AFC (37),2-0,?,Torquay United FC (36)
?,(Sat) 27 Mar 1971 (12),Gillingham FC (38),2-1,?,Rotherham United FC (37)
?,(Sat) 27 Mar 1971 (12),Swansea City AFC (36),5-0,?,Reading FC (36)
?,(Tue) 30 Mar 1971 (13),Swansea City AFC (37),0-2,?,Plymouth Argyle FC (38)
?,(Wed) 31 Mar 1971 (13),Brighton & Hove Albion FC (36),0-0,?,Tranmere Rovers FC (38)
?,(Fri) 2 Apr 1971 (13),Torquay United FC (37),1-2,?,Wrexham AFC (39)
?,(Fri) 2 Apr 1971 (13),Tranmere Rovers FC (39),1-0,?,Doncaster Rovers FC (40)
?,(Sat) 3 Apr 1971 (13),FC Halifax Town (39),2-1,?,Gillingham FC (39)
?,(Sat) 3 Apr 1971 (13),Mansfield Town FC (39),1-1,?,Shrewsbury Town FC (37)
?,(Sat) 3 Apr 1971 (13),Bradford City AFC (39),3-0,?,Rochdale AFC (38)
?,(Sat) 3 Apr 1971 (13),Rotherham United FC (38),2-0,?,Brighton & Hove Albion FC (37)
?,(Sat) 3 Apr 1971 (13),Bury FC (39),0-0,?,Barnsley FC (39)
?,(Sat) 3 Apr 1971 (13),Reading FC (37),1-1,?,Chesterfield FC (39)
?,(Sat) 3 Apr 1971 (13),Bristol Rovers FC (39),0-0,?,Preston North End FC (38)
?,(Sat) 3 Apr 1971 (13),Port Vale FC (39),2-1,?,Plymouth Argyle FC (39)
?,(Sat) 3 Apr 1971 (13),Aston Villa FC (38),3-0,?,Swansea City AFC (38)
?,(Sat) 3 Apr 1971 (13),Fulham FC (39),1-0,?,Walsall FC (39)
?,(Tue) 6 Apr 1971 (14),Bury FC (40),1-1,?,Chesterfield FC (40)
?,(Wed) 7 Apr 1971 (14),Fulham FC (40),2-0,?,Rochdale AFC (39)
?,(Fri) 9 Apr 1971 (14),Tranmere Rovers FC (40),0-0,?,Walsall FC (40)
?,(Fri) 9 Apr 1971 (14),Wrexham AFC (40),2-0,?,Reading FC (38)
?,(Fri) 9 Apr 1971 (14),Brighton & Hove Albion FC (38),1-0,?,Aston Villa FC (39)
?,(Sat) 10 Apr 1971 (14),Rochdale AFC (40),0-3,?,FC Halifax Town (40)
?,(Sat) 10 Apr 1971 (14),Gillingham FC (40),1-3,?,Fulham FC (41)
?,(Sat) 10 Apr 1971 (14),Swansea City AFC (39),1-3,?,Bristol Rovers FC (40)
?,(Sat) 10 Apr 1971 (14),Brighton & Hove Albion FC (39),2-0,?,Reading FC (39)
?,(Sat) 10 Apr 1971 (14),Walsall FC (41),3-0,?,Bury FC (41)
?,(Sat) 10 Apr 1971 (14),Plymouth Argyle FC (40),1-2,?,Torquay United FC (38)
?,(Sat) 10 Apr 1971 (14),Shrewsbury Town FC (38),2-1,?,Aston Villa FC (40)
?,(Sat) 10 Apr 1971 (14),Doncaster Rovers FC (41),3-1,?,Bradford City AFC (40)
?,(Sat) 10 Apr 1971 (14),Preston North End FC (39),1-1,?,Tranmere Rovers FC (41)
?,(Sat) 10 Apr 1971 (14),Barnsley FC (40),1-0,?,Mansfield Town FC (40)
?,(Sat) 10 Apr 1971 (14),Wrexham AFC (41),1-1,?,Port Vale FC (40)
?,(Sat) 10 Apr 1971 (14),Chesterfield FC (41),1-1,?,Rotherham United FC (39)
?,(Mon) 12 Apr 1971 (15),Plymouth Argyle FC (41),1-1,?,Fulham FC (42)
?,(Mon) 12 Apr 1971 (15),Aston Villa FC (41),0-0,?,Barnsley FC (41)
?,(Mon) 12 Apr 1971 (15),Gillingham FC (41),0-0,?,Tranmere Rovers FC (42)
?,(Mon) 12 Apr 1971 (15),Rotherham United FC (40),1-1,?,Wrexham AFC (42)
?,(Mon) 12 Apr 1971 (15),Rochdale AFC (41),1-1,?,Mansfield Town FC (41)
?,(Mon) 12 Apr 1971 (15),Chesterfield FC (42),2-0,?,Bristol Rovers FC (41)
?,(Mon) 12 Apr 1971 (15),Port Vale FC (41),0-1,?,Shrewsbury Town FC (39)
?,(Mon) 12 Apr 1971 (15),Swansea City AFC (40),0-1,?,Torquay United FC (39)
?,(Mon) 12 Apr 1971 (15),Reading FC (40),1-0,?,Preston North End FC (40)
?,(Mon) 12 Apr 1971 (15),Bradford City AFC (41),2-3,?,Brighton & Hove Albion FC (40)
?,(Tue) 13 Apr 1971 (15),Walsall FC (42),0-1,?,Rotherham United FC (41)
?,(Tue) 13 Apr 1971 (15),Bristol Rovers FC (42),1-3,?,Plymouth Argyle FC (42)
?,(Tue) 13 Apr 1971 (15),Doncaster Rovers FC (42),2-0,?,Bury FC (42)
?,(Tue) 13 Apr 1971 (15),Barnsley FC (42),1-0,?,Port Vale FC (42)
?,(Tue) 13 Apr 1971 (15),Mansfield Town FC (42),2-0,?,Swansea City AFC (41)
?,(Tue) 13 Apr 1971 (15),Preston North End FC (41),1-1,?,Bradford City AFC (42)
?,(Tue) 13 Apr 1971 (15),Torquay United FC (40),2-3,?,Gillingham FC (42)
?,(Wed) 14 Apr 1971 (15),Shrewsbury Town FC (40),2-2,?,FC Halifax Town (41)
?,(Fri) 16 Apr 1971 (15),Torquay United FC (41),1-2,?,Walsall FC (43)
?,(Sat) 17 Apr 1971 (15),Aston Villa FC (42),1-0,?,Rochdale AFC (42)
?,(Sat) 17 Apr 1971 (15),Fulham FC (43),0-0,?,Shrewsbury Town FC (41)
?,(Sat) 17 Apr 1971 (15),FC Halifax Town (42),1-0,?,Chesterfield FC (43)
?,(Sat) 17 Apr 1971 (15),Bury FC (43),3-0,?,Plymouth Argyle FC (43)
?,(Sat) 17 Apr 1971 (15),Reading FC (41),1-0,?,Doncaster Rovers FC (43)
?,(Sat) 17 Apr 1971 (15),Rotherham United FC (42),1-0,?,Barnsley FC (43)
?,(Sat) 17 Apr 1971 (15),Bradford City AFC (43),0-2,?,Swansea City AFC (42)
?,(Sat) 17 Apr 1971 (15),Bristol Rovers FC (43),2-0,?,Gillingham FC (43)
?,(Sat) 17 Apr 1971 (15),Port Vale FC (43),2-1,?,Brighton & Hove Albion FC (41)
?,(Sat) 17 Apr 1971 (15),Mansfield Town FC (43),3-1,?,Preston North End FC (42)
?,(Mon) 19 Apr 1971 (16),Tranmere Rovers FC (43),0-2,?,Rochdale AFC (43)
?,(Tue) 20 Apr 1971 (16),Shrewsbury Town FC (42),1-0,?,Torquay United FC (42)
?,(Wed) 21 Apr 1971 (16),Reading FC (42),0-3,?,Brighton & Hove Albion FC (42)
?,(Fri) 23 Apr 1971 (16),Shrewsbury Town FC (43),2-0,?,Bury FC (44)
?,(Sat) 24 Apr 1971 (16),Preston North End FC (43),0-0,?,Aston Villa FC (43)
?,(Sat) 24 Apr 1971 (16),Chesterfield FC (44),5-0,?,Torquay United FC (43)
?,(Sat) 24 Apr 1971 (16),Brighton & Hove Albion FC (43),0-2,?,FC Halifax Town (43)
?,(Sat) 24 Apr 1971 (16),Wrexham AFC (43),4-0,?,Mansfield Town FC (44)
?,(Sat) 24 Apr 1971 (16),Walsall FC (44),1-2,?,Bristol Rovers FC (44)
?,(Sat) 24 Apr 1971 (16),Barnsley FC (44),3-0,?,Reading FC (43)
?,(Sat) 24 Apr 1971 (16),Plymouth Argyle FC (44),1-3,?,Bradford City AFC (44)
?,(Sat) 24 Apr 1971 (16),Doncaster Rovers FC (44),0-1,?,Fulham FC (44)
?,(Sat) 24 Apr 1971 (16),Swansea City AFC (43),0-0,?,Tranmere Rovers FC (44)
?,(Sat) 24 Apr 1971 (16),Gillingham FC (44),1-1,?,Port Vale FC (44)
?,(Sat) 24 Apr 1971 (16),Rochdale AFC (44),4-3,?,Rotherham United FC (43)
?,(Mon) 26 Apr 1971 (17),Tranmere Rovers FC (45),0-0,?,Reading FC (44)
?,(Mon) 26 Apr 1971 (17),Mansfield Town FC (45),2-0,?,Aston Villa FC (44)
?,(Mon) 26 Apr 1971 (17),Port Vale FC (45),2-0,?,Bristol Rovers FC (45)
?,(Mon) 26 Apr 1971 (17),Wrexham AFC (44),1-1,?,Preston North End FC (44)
?,(Tue) 27 Apr 1971 (17),Doncaster Rovers FC (45),1-2,?,Rochdale AFC (45)
?,(Tue) 27 Apr 1971 (17),Bury FC (45),0-1,?,Rotherham United FC (44)
?,(Tue) 27 Apr 1971 (17),Barnsley FC (45),1-2,?,Walsall FC (45)
?,(Wed) 28 Apr 1971 (17),Brighton & Hove Albion FC (44),1-1,?,Plymouth Argyle FC (45)
?,(Wed) 28 Apr 1971 (17),Gillingham FC (45),1-1,?,Chesterfield FC (45)
?,(Wed) 28 Apr 1971 (17),Torquay United FC (44),2-0,?,FC Halifax Town (44)
?,(Wed) 28 Apr 1971 (17),Shrewsbury Town FC (44),1-0,?,Swansea City AFC (44)
?,(Wed) 28 Apr 1971 (17),Bradford City AFC (45),2-3,?,Fulham FC (45)
?,(Fri) 30 Apr 1971 (17),Tranmere Rovers FC (46),1-0,?,Shrewsbury Town FC (45)
?,(Sat) 1 May 1971 (17),Fulham FC (46),0-1,?,Preston North End FC (45)
?,(Sat) 1 May 1971 (17),Bristol Rovers FC (46),1-3,?,Brighton & Hove Albion FC (45)
?,(Sat) 1 May 1971 (17),Reading FC (45),1-1,?,Rochdale AFC (46)
?,(Sat) 1 May 1971 (17),Torquay United FC (45),2-1,?,Doncaster Rovers FC (46)
?,(Sat) 1 May 1971 (17),FC Halifax Town (45),4-1,?,Barnsley FC (46)
?,(Sat) 1 May 1971 (17),Aston Villa FC (45),3-4,?,Wrexham AFC (45)
?,(Sat) 1 May 1971 (17),Bradford City AFC (46),1-0,?,Chesterfield FC (46)
?,(Sat) 1 May 1971 (17),Rotherham United FC (45),1-1,?,Plymouth Argyle FC (46)
?,(Sat) 1 May 1971 (17),Bury FC (46),1-1,?,Swansea City AFC (45)
?,(Sat) 1 May 1971 (17),Port Vale FC (46),1-1,?,Walsall FC (46)
?,(Sat) 1 May 1971 (17),Mansfield Town FC (46),2-0,?,Gillingham FC (46)
?,(Tue) 4 May 1971 (18),Preston North End FC (46),3-0,?,Rotherham United FC (46)
?,(Tue) 4 May 1971 (18),Swansea City AFC (46),3-1,?,FC Halifax Town (46)
?,(Tue) 4 May 1971 (18),Aston Villa FC (46),2-1,?,Reading FC (46)
?,(Thu) 6 May 1971 (18),Torquay United FC (46),1-0,?,Shrewsbury Town FC (46)
?,(Fri) 7 May 1971 (18),Wrexham AFC (46),1-1,?,Brighton & Hove Albion FC (46)
