Round,Date,Team 1,FT,HT,Team 2
?,(Sat) 21 Aug 1954 (33),Bradford City AFC (1),1-1,?,Bradford Park Avenue AFC (1)
?,(Sat) 21 Aug 1954 (33),Scunthorpe United FC (1),2-2,?,FC Halifax Town (1)
?,(Sat) 21 Aug 1954 (33),Mansfield Town FC (1),0-5,?,Barrow AFC (1)
?,(Sat) 21 Aug 1954 (33),Rochdale AFC (1),0-3,?,Grimsby Town FC (1)
?,(Sat) 21 Aug 1954 (33),Hartlepool United FC (1),2-1,?,Crewe Alexandra FC (1)
?,(Sat) 21 Aug 1954 (33),Darlington FC (1),1-2,?,Workington AFC (1)
?,(Sat) 21 Aug 1954 (33),Barnsley FC (1),2-2,?,Oldham Athletic AFC (1)
?,(Sat) 21 Aug 1954 (33),Tranmere Rovers FC (1),1-1,?,Chester FC (1)
?,(Sat) 21 Aug 1954 (33),Wrexham AFC (1),2-6,?,York City FC (1)
?,(Sat) 21 Aug 1954 (33),Stockport County FC (1),5-2,?,Carlisle United FC (1)
?,(Sat) 21 Aug 1954 (33),Gateshead FC (1),1-3,?,Chesterfield FC (1)
?,(Sat) 21 Aug 1954 (33),Accrington Stanley FC (1),1-1,?,Southport FC (1)
?,(Mon) 23 Aug 1954 (34),Barrow AFC (2),1-1,?,Darlington FC (2)
?,(Mon) 23 Aug 1954 (34),York City FC (2),1-0,?,Hartlepool United FC (2)
?,(Mon) 23 Aug 1954 (34),Bradford Park Avenue AFC (2),1-0,?,Barnsley FC (2)
?,(Tue) 24 Aug 1954 (34),Southport FC (2),1-2,?,Gateshead FC (2)
?,(Tue) 24 Aug 1954 (34),Oldham Athletic AFC (2),2-1,?,Tranmere Rovers FC (2)
?,(Tue) 24 Aug 1954 (34),Carlisle United FC (2),1-0,?,Accrington Stanley FC (2)
?,(Tue) 24 Aug 1954 (34),Grimsby Town FC (2),1-4,?,Scunthorpe United FC (2)
?,(Wed) 25 Aug 1954 (34),Rochdale AFC (2),1-2,?,Bradford City AFC (2)
?,(Wed) 25 Aug 1954 (34),Chester FC (2),1-0,?,Wrexham AFC (2)
?,(Wed) 25 Aug 1954 (34),Crewe Alexandra FC (2),2-1,?,Mansfield Town FC (2)
?,(Wed) 25 Aug 1954 (34),FC Halifax Town (2),1-2,?,Stockport County FC (2)
?,(Wed) 25 Aug 1954 (34),Workington AFC (2),2-3,?,Chesterfield FC (2)
?,(Sat) 28 Aug 1954 (34),Chester FC (3),1-0,?,Stockport County FC (3)
?,(Sat) 28 Aug 1954 (34),Workington AFC (3),2-2,?,Mansfield Town FC (3)
?,(Sat) 28 Aug 1954 (34),Oldham Athletic AFC (3),1-1,?,Bradford City AFC (3)
?,(Sat) 28 Aug 1954 (34),Crewe Alexandra FC (3),1-1,?,Gateshead FC (3)
?,(Sat) 28 Aug 1954 (34),Bradford Park Avenue AFC (3),1-1,?,Rochdale AFC (3)
?,(Sat) 28 Aug 1954 (34),Grimsby Town FC (3),2-2,?,Tranmere Rovers FC (3)
?,(Sat) 28 Aug 1954 (34),FC Halifax Town (3),1-1,?,Barnsley FC (3)
?,(Sat) 28 Aug 1954 (34),York City FC (3),2-3,?,Scunthorpe United FC (3)
?,(Sat) 28 Aug 1954 (34),Carlisle United FC (3),3-2,?,Hartlepool United FC (3)
?,(Sat) 28 Aug 1954 (34),Southport FC (3),1-2,?,Wrexham AFC (3)
?,(Sat) 28 Aug 1954 (34),Barrow AFC (3),1-2,?,Accrington Stanley FC (3)
?,(Sat) 28 Aug 1954 (34),Chesterfield FC (3),2-0,?,Darlington FC (3)
?,(Mon) 30 Aug 1954 (35),Hartlepool United FC (4),1-0,?,York City FC (4)
?,(Mon) 30 Aug 1954 (35),Chesterfield FC (4),2-0,?,Workington AFC (4)
?,(Mon) 30 Aug 1954 (35),Stockport County FC (4),2-1,?,FC Halifax Town (4)
?,(Mon) 30 Aug 1954 (35),Mansfield Town FC (4),4-2,?,Crewe Alexandra FC (4)
?,(Mon) 30 Aug 1954 (35),Gateshead FC (4),1-0,?,Southport FC (4)
?,(Tue) 31 Aug 1954 (35),Tranmere Rovers FC (4),2-1,?,Oldham Athletic AFC (4)
?,(Wed) 1 Sep 1954 (35),Barnsley FC (4),2-1,?,Bradford Park Avenue AFC (4)
?,(Wed) 1 Sep 1954 (35),Bradford City AFC (4),1-0,?,Rochdale AFC (4)
?,(Wed) 1 Sep 1954 (35),Darlington FC (4),3-2,?,Barrow AFC (4)
?,(Wed) 1 Sep 1954 (35),Accrington Stanley FC (4),3-2,?,Carlisle United FC (4)
?,(Wed) 1 Sep 1954 (35),Wrexham AFC (4),2-1,?,Chester FC (4)
?,(Thu) 2 Sep 1954 (35),Scunthorpe United FC (4),1-0,?,Grimsby Town FC (4)
?,(Sat) 4 Sep 1954 (35),Stockport County FC (5),0-0,?,Grimsby Town FC (5)
?,(Sat) 4 Sep 1954 (35),Tranmere Rovers FC (5),3-3,?,Bradford Park Avenue AFC (5)
?,(Sat) 4 Sep 1954 (35),Accrington Stanley FC (5),2-0,?,Workington AFC (5)
?,(Sat) 4 Sep 1954 (35),Hartlepool United FC (5),3-1,?,Chester FC (5)
?,(Sat) 4 Sep 1954 (35),Barnsley FC (5),1-0,?,York City FC (5)
?,(Sat) 4 Sep 1954 (35),Gateshead FC (5),0-0,?,Carlisle United FC (5)
?,(Sat) 4 Sep 1954 (35),Mansfield Town FC (5),2-0,?,Chesterfield FC (5)
?,(Sat) 4 Sep 1954 (35),Oldham Athletic AFC (5),0-0,?,Rochdale AFC (5)
?,(Sat) 4 Sep 1954 (35),Wrexham AFC (5),3-0,?,Barrow AFC (5)
?,(Sat) 4 Sep 1954 (35),Scunthorpe United FC (5),2-0,?,Southport FC (5)
?,(Sat) 4 Sep 1954 (35),Darlington FC (5),2-1,?,Crewe Alexandra FC (5)
?,(Sat) 4 Sep 1954 (35),Bradford City AFC (5),2-0,?,FC Halifax Town (5)
?,(Mon) 6 Sep 1954 (36),Gateshead FC (6),3-0,?,Hartlepool United FC (6)
?,(Mon) 6 Sep 1954 (36),Bradford Park Avenue AFC (6),0-2,?,Carlisle United FC (6)
?,(Mon) 6 Sep 1954 (36),Chesterfield FC (6),2-1,?,Tranmere Rovers FC (6)
?,(Mon) 6 Sep 1954 (36),York City FC (6),0-0,?,Workington AFC (6)
?,(Mon) 6 Sep 1954 (36),Stockport County FC (6),3-0,?,Darlington FC (6)
?,(Tue) 7 Sep 1954 (36),Southport FC (6),2-1,?,Barrow AFC (6)
?,(Wed) 8 Sep 1954 (36),Wrexham AFC (6),1-3,?,Bradford City AFC (6)
?,(Wed) 8 Sep 1954 (36),FC Halifax Town (6),1-2,?,Mansfield Town FC (6)
?,(Wed) 8 Sep 1954 (36),Accrington Stanley FC (6),4-0,?,Oldham Athletic AFC (6)
?,(Wed) 8 Sep 1954 (36),Rochdale AFC (6),1-1,?,Crewe Alexandra FC (6)
?,(Wed) 8 Sep 1954 (36),Grimsby Town FC (6),3-1,?,Chester FC (6)
?,(Thu) 9 Sep 1954 (36),Scunthorpe United FC (6),1-0,?,Barnsley FC (6)
?,(Sat) 11 Sep 1954 (36),Carlisle United FC (7),0-1,?,Darlington FC (7)
?,(Sat) 11 Sep 1954 (36),FC Halifax Town (7),0-0,?,Oldham Athletic AFC (7)
?,(Sat) 11 Sep 1954 (36),Bradford Park Avenue AFC (7),2-1,?,Stockport County FC (7)
?,(Sat) 11 Sep 1954 (36),Barrow AFC (7),1-3,?,Scunthorpe United FC (7)
?,(Sat) 11 Sep 1954 (36),Mansfield Town FC (7),2-2,?,Accrington Stanley FC (7)
?,(Sat) 11 Sep 1954 (36),Chester FC (7),1-2,?,Gateshead FC (7)
?,(Sat) 11 Sep 1954 (36),York City FC (7),0-1,?,Bradford City AFC (7)
?,(Sat) 11 Sep 1954 (36),Grimsby Town FC (7),1-0,?,Hartlepool United FC (7)
?,(Sat) 11 Sep 1954 (36),Southport FC (7),0-2,?,Barnsley FC (7)
?,(Sat) 11 Sep 1954 (36),Workington AFC (7),2-1,?,Wrexham AFC (7)
?,(Sat) 11 Sep 1954 (36),Rochdale AFC (7),2-0,?,Tranmere Rovers FC (7)
?,(Sat) 11 Sep 1954 (36),Crewe Alexandra FC (7),2-2,?,Chesterfield FC (7)
?,(Mon) 13 Sep 1954 (37),Hartlepool United FC (8),0-0,?,Gateshead FC (8)
?,(Mon) 13 Sep 1954 (37),Mansfield Town FC (8),2-1,?,FC Halifax Town (8)
?,(Mon) 13 Sep 1954 (37),Oldham Athletic AFC (8),0-1,?,Accrington Stanley FC (8)
?,(Mon) 13 Sep 1954 (37),Barrow AFC (8),2-1,?,Southport FC (8)
?,(Tue) 14 Sep 1954 (37),Carlisle United FC (8),3-2,?,Bradford Park Avenue AFC (8)
?,(Tue) 14 Sep 1954 (37),Tranmere Rovers FC (8),0-0,?,Chesterfield FC (8)
?,(Wed) 15 Sep 1954 (37),Bradford City AFC (8),2-2,?,Wrexham AFC (8)
?,(Wed) 15 Sep 1954 (37),Workington AFC (8),2-1,?,York City FC (8)
?,(Wed) 15 Sep 1954 (37),Crewe Alexandra FC (8),2-2,?,Rochdale AFC (8)
?,(Wed) 15 Sep 1954 (37),Barnsley FC (8),1-0,?,Scunthorpe United FC (8)
?,(Wed) 15 Sep 1954 (37),Chester FC (8),1-0,?,Grimsby Town FC (8)
?,(Wed) 15 Sep 1954 (37),Darlington FC (8),0-0,?,Stockport County FC (8)
?,(Sat) 18 Sep 1954 (37),Barnsley FC (9),3-0,?,Barrow AFC (9)
?,(Sat) 18 Sep 1954 (37),Hartlepool United FC (9),0-1,?,Bradford Park Avenue AFC (9)
?,(Sat) 18 Sep 1954 (37),Wrexham AFC (9),1-3,?,Mansfield Town FC (9)
?,(Sat) 18 Sep 1954 (37),Gateshead FC (9),1-0,?,Grimsby Town FC (9)
?,(Sat) 18 Sep 1954 (37),Darlington FC (9),4-1,?,Chester FC (9)
?,(Sat) 18 Sep 1954 (37),FC Halifax Town (9),0-0,?,Tranmere Rovers FC (9)
?,(Sat) 18 Sep 1954 (37),Stockport County FC (9),1-4,?,Rochdale AFC (9)
?,(Sat) 18 Sep 1954 (37),Bradford City AFC (9),0-1,?,Southport FC (9)
?,(Sat) 18 Sep 1954 (37),Accrington Stanley FC (9),1-0,?,Crewe Alexandra FC (9)
?,(Sat) 18 Sep 1954 (37),Chesterfield FC (9),2-1,?,Carlisle United FC (9)
?,(Sat) 18 Sep 1954 (37),Oldham Athletic AFC (9),3-2,?,York City FC (9)
?,(Sat) 18 Sep 1954 (37),Scunthorpe United FC (9),1-1,?,Workington AFC (9)
?,(Mon) 20 Sep 1954 (38),York City FC (10),1-1,?,Southport FC (10)
?,(Mon) 20 Sep 1954 (38),Barrow AFC (10),1-3,?,FC Halifax Town (10)
?,(Mon) 20 Sep 1954 (38),Bradford Park Avenue AFC (10),1-3,?,Chesterfield FC (10)
?,(Mon) 20 Sep 1954 (38),Stockport County FC (10),0-2,?,Hartlepool United FC (10)
?,(Tue) 21 Sep 1954 (38),Oldham Athletic AFC (10),2-1,?,Workington AFC (10)
?,(Tue) 21 Sep 1954 (38),Carlisle United FC (10),1-2,?,Chester FC (10)
?,(Tue) 21 Sep 1954 (38),Tranmere Rovers FC (10),1-2,?,Gateshead FC (10)
?,(Wed) 22 Sep 1954 (38),Rochdale AFC (10),2-2,?,Darlington FC (10)
?,(Wed) 22 Sep 1954 (38),Bradford City AFC (10),1-0,?,Mansfield Town FC (10)
?,(Wed) 22 Sep 1954 (38),Grimsby Town FC (10),2-1,?,Crewe Alexandra FC (10)
?,(Wed) 22 Sep 1954 (38),Barnsley FC (10),1-2,?,Accrington Stanley FC (10)
?,(Wed) 22 Sep 1954 (38),Wrexham AFC (10),0-1,?,Scunthorpe United FC (10)
?,(Sat) 25 Sep 1954 (38),Workington AFC (11),1-0,?,Barnsley FC (11)
?,(Sat) 25 Sep 1954 (38),Rochdale AFC (11),2-1,?,Hartlepool United FC (11)
?,(Sat) 25 Sep 1954 (38),Carlisle United FC (11),4-0,?,Crewe Alexandra FC (11)
?,(Sat) 25 Sep 1954 (38),Southport FC (11),1-0,?,Oldham Athletic AFC (11)
?,(Sat) 25 Sep 1954 (38),Tranmere Rovers FC (11),1-1,?,Stockport County FC (11)
?,(Sat) 25 Sep 1954 (38),Chester FC (11),1-0,?,Chesterfield FC (11)
?,(Sat) 25 Sep 1954 (38),Bradford Park Avenue AFC (11),2-2,?,Gateshead FC (11)
?,(Sat) 25 Sep 1954 (38),Accrington Stanley FC (11),2-0,?,Wrexham AFC (11)
?,(Sat) 25 Sep 1954 (38),Grimsby Town FC (11),0-2,?,Darlington FC (11)
?,(Sat) 25 Sep 1954 (38),Mansfield Town FC (11),2-1,?,Scunthorpe United FC (11)
?,(Sat) 25 Sep 1954 (38),York City FC (11),2-1,?,FC Halifax Town (11)
?,(Sat) 25 Sep 1954 (38),Barrow AFC (11),3-2,?,Bradford City AFC (11)
?,(Mon) 27 Sep 1954 (39),Accrington Stanley FC (12),2-3,?,Barnsley FC (12)
?,(Mon) 27 Sep 1954 (39),Chesterfield FC (12),1-3,?,Bradford Park Avenue AFC (12)
?,(Mon) 27 Sep 1954 (39),Hartlepool United FC (12),2-1,?,Stockport County FC (12)
?,(Mon) 27 Sep 1954 (39),Crewe Alexandra FC (12),2-0,?,Grimsby Town FC (12)
?,(Mon) 27 Sep 1954 (39),Gateshead FC (12),3-1,?,Tranmere Rovers FC (12)
?,(Mon) 27 Sep 1954 (39),Mansfield Town FC (12),1-0,?,Bradford City AFC (12)
?,(Tue) 28 Sep 1954 (39),Southport FC (12),2-2,?,York City FC (12)
?,(Wed) 29 Sep 1954 (39),Workington AFC (12),3-0,?,Oldham Athletic AFC (12)
?,(Wed) 29 Sep 1954 (39),Darlington FC (12),2-2,?,Rochdale AFC (12)
?,(Wed) 29 Sep 1954 (39),FC Halifax Town (12),1-2,?,Barrow AFC (12)
?,(Wed) 29 Sep 1954 (39),Chester FC (12),1-2,?,Carlisle United FC (12)
?,(Thu) 30 Sep 1954 (39),Scunthorpe United FC (12),1-0,?,Wrexham AFC (12)
?,(Sat) 2 Oct 1954 (39),Darlington FC (13),3-0,?,Bradford Park Avenue AFC (13)
?,(Sat) 2 Oct 1954 (39),Barnsley FC (13),1-0,?,Mansfield Town FC (13)
?,(Sat) 2 Oct 1954 (39),York City FC (13),4-0,?,Stockport County FC (13)
?,(Sat) 2 Oct 1954 (39),FC Halifax Town (13),0-1,?,Southport FC (13)
?,(Sat) 2 Oct 1954 (39),Chesterfield FC (13),1-0,?,Grimsby Town FC (13)
?,(Sat) 2 Oct 1954 (39),Wrexham AFC (13),1-1,?,Carlisle United FC (13)
?,(Sat) 2 Oct 1954 (39),Scunthorpe United FC (13),4-0,?,Accrington Stanley FC (13)
?,(Sat) 2 Oct 1954 (39),Oldham Athletic AFC (13),3-2,?,Barrow AFC (13)
?,(Sat) 2 Oct 1954 (39),Crewe Alexandra FC (13),1-3,?,Chester FC (13)
?,(Sat) 2 Oct 1954 (39),Gateshead FC (13),0-1,?,Rochdale AFC (13)
?,(Sat) 2 Oct 1954 (39),Hartlepool United FC (13),4-0,?,Tranmere Rovers FC (13)
?,(Sat) 2 Oct 1954 (39),Bradford City AFC (13),0-1,?,Workington AFC (13)
?,(Sat) 9 Oct 1954 (40),Rochdale AFC (14),3-0,?,Barnsley FC (14)
?,(Sat) 9 Oct 1954 (40),Grimsby Town FC (14),1-3,?,Wrexham AFC (14)
?,(Sat) 9 Oct 1954 (40),Bradford Park Avenue AFC (14),0-0,?,Scunthorpe United FC (14)
?,(Sat) 9 Oct 1954 (40),Crewe Alexandra FC (14),1-1,?,Workington AFC (14)
?,(Sat) 9 Oct 1954 (40),Carlisle United FC (14),1-2,?,Mansfield Town FC (14)
?,(Sat) 9 Oct 1954 (40),Tranmere Rovers FC (14),2-0,?,Bradford City AFC (14)
?,(Sat) 9 Oct 1954 (40),Stockport County FC (14),3-2,?,Oldham Athletic AFC (14)
?,(Sat) 9 Oct 1954 (40),Chesterfield FC (14),4-1,?,Barrow AFC (14)
?,(Sat) 9 Oct 1954 (40),Chester FC (14),1-1,?,Accrington Stanley FC (14)
?,(Sat) 9 Oct 1954 (40),Darlington FC (14),2-0,?,Southport FC (14)
?,(Sat) 9 Oct 1954 (40),Gateshead FC (14),1-1,?,York City FC (14)
?,(Sat) 9 Oct 1954 (40),Hartlepool United FC (14),1-0,?,FC Halifax Town (14)
?,(Sat) 16 Oct 1954 (41),FC Halifax Town (15),4-0,?,Gateshead FC (15)
?,(Sat) 16 Oct 1954 (41),Scunthorpe United FC (15),2-2,?,Rochdale AFC (15)
?,(Sat) 16 Oct 1954 (41),Wrexham AFC (15),1-0,?,Bradford Park Avenue AFC (15)
?,(Sat) 16 Oct 1954 (41),Barnsley FC (15),4-1,?,Tranmere Rovers FC (15)
?,(Sat) 16 Oct 1954 (41),Bradford City AFC (15),2-3,?,Stockport County FC (15)
?,(Sat) 16 Oct 1954 (41),Barrow AFC (15),0-3,?,Crewe Alexandra FC (15)
?,(Sat) 16 Oct 1954 (41),Accrington Stanley FC (15),3-0,?,Grimsby Town FC (15)
?,(Sat) 16 Oct 1954 (41),Southport FC (15),0-0,?,Chesterfield FC (15)
?,(Sat) 16 Oct 1954 (41),Oldham Athletic AFC (15),0-1,?,Hartlepool United FC (15)
?,(Sat) 16 Oct 1954 (41),York City FC (15),3-1,?,Darlington FC (15)
?,(Sat) 16 Oct 1954 (41),Mansfield Town FC (15),2-1,?,Chester FC (15)
?,(Sat) 16 Oct 1954 (41),Workington AFC (15),1-0,?,Carlisle United FC (15)
?,(Sat) 23 Oct 1954 (42),Bradford Park Avenue AFC (16),3-2,?,Accrington Stanley FC (16)
?,(Sat) 23 Oct 1954 (42),Darlington FC (16),1-0,?,FC Halifax Town (16)
?,(Sat) 23 Oct 1954 (42),Grimsby Town FC (16),3-2,?,Mansfield Town FC (16)
?,(Sat) 23 Oct 1954 (42),Chesterfield FC (16),0-3,?,York City FC (16)
?,(Sat) 23 Oct 1954 (42),Carlisle United FC (16),4-0,?,Barrow AFC (16)
?,(Sat) 23 Oct 1954 (42),Rochdale AFC (16),2-1,?,Wrexham AFC (16)
?,(Sat) 23 Oct 1954 (42),Stockport County FC (16),1-0,?,Barnsley FC (16)
?,(Sat) 23 Oct 1954 (42),Hartlepool United FC (16),0-0,?,Bradford City AFC (16)
?,(Sat) 23 Oct 1954 (42),Crewe Alexandra FC (16),2-3,?,Southport FC (16)
?,(Sat) 23 Oct 1954 (42),Tranmere Rovers FC (16),1-2,?,Scunthorpe United FC (16)
?,(Sat) 23 Oct 1954 (42),Chester FC (16),0-2,?,Workington AFC (16)
?,(Sat) 23 Oct 1954 (42),Gateshead FC (16),2-2,?,Oldham Athletic AFC (16)
?,(Sat) 30 Oct 1954 (43),Accrington Stanley FC (17),5-4,?,Rochdale AFC (17)
?,(Sat) 30 Oct 1954 (43),Wrexham AFC (17),1-2,?,Tranmere Rovers FC (17)
?,(Sat) 30 Oct 1954 (43),Bradford City AFC (17),1-1,?,Gateshead FC (17)
?,(Sat) 30 Oct 1954 (43),York City FC (17),3-1,?,Crewe Alexandra FC (17)
?,(Sat) 30 Oct 1954 (43),Barnsley FC (17),0-0,?,Hartlepool United FC (17)
?,(Sat) 30 Oct 1954 (43),Scunthorpe United FC (17),3-0,?,Stockport County FC (17)
?,(Sat) 30 Oct 1954 (43),Barrow AFC (17),2-0,?,Chester FC (17)
?,(Sat) 30 Oct 1954 (43),Workington AFC (17),2-2,?,Grimsby Town FC (17)
?,(Sat) 30 Oct 1954 (43),Southport FC (17),4-1,?,Carlisle United FC (17)
?,(Sat) 30 Oct 1954 (43),Mansfield Town FC (17),2-1,?,Bradford Park Avenue AFC (17)
?,(Sat) 30 Oct 1954 (43),Oldham Athletic AFC (17),3-1,?,Darlington FC (17)
?,(Sat) 30 Oct 1954 (43),FC Halifax Town (17),2-0,?,Chesterfield FC (17)
?,(Sat) 6 Nov 1954 (44),Hartlepool United FC (18),4-2,?,Scunthorpe United FC (18)
?,(Sat) 6 Nov 1954 (44),Grimsby Town FC (18),1-0,?,Barrow AFC (18)
?,(Sat) 6 Nov 1954 (44),Gateshead FC (18),0-4,?,Barnsley FC (18)
?,(Sat) 6 Nov 1954 (44),Stockport County FC (18),4-0,?,Wrexham AFC (18)
?,(Sat) 6 Nov 1954 (44),Chesterfield FC (18),1-3,?,Oldham Athletic AFC (18)
?,(Sat) 6 Nov 1954 (44),Tranmere Rovers FC (18),3-1,?,Accrington Stanley FC (18)
?,(Sat) 6 Nov 1954 (44),Darlington FC (18),4-0,?,Bradford City AFC (18)
?,(Sat) 6 Nov 1954 (44),Carlisle United FC (18),4-5,?,York City FC (18)
?,(Sat) 6 Nov 1954 (44),Rochdale AFC (18),2-0,?,Mansfield Town FC (18)
?,(Sat) 6 Nov 1954 (44),Crewe Alexandra FC (18),0-0,?,FC Halifax Town (18)
?,(Sat) 6 Nov 1954 (44),Bradford Park Avenue AFC (18),3-1,?,Workington AFC (18)
?,(Sat) 13 Nov 1954 (45),Oldham Athletic AFC (19),4-0,?,Crewe Alexandra FC (19)
?,(Sat) 13 Nov 1954 (45),FC Halifax Town (19),5-3,?,Carlisle United FC (19)
?,(Sat) 13 Nov 1954 (45),Barrow AFC (19),3-1,?,Bradford Park Avenue AFC (19)
?,(Sat) 13 Nov 1954 (45),Workington AFC (19),1-0,?,Rochdale AFC (19)
?,(Sat) 13 Nov 1954 (45),Mansfield Town FC (19),3-1,?,Tranmere Rovers FC (19)
?,(Sat) 13 Nov 1954 (45),Southport FC (18),2-2,?,Grimsby Town FC (19)
?,(Sat) 13 Nov 1954 (45),Wrexham AFC (19),1-4,?,Hartlepool United FC (19)
?,(Sat) 13 Nov 1954 (45),Scunthorpe United FC (19),0-2,?,Gateshead FC (19)
?,(Sat) 13 Nov 1954 (45),Accrington Stanley FC (19),0-1,?,Stockport County FC (19)
?,(Sat) 13 Nov 1954 (45),York City FC (19),5-0,?,Chester FC (18)
?,(Sat) 13 Nov 1954 (45),Barnsley FC (19),4-1,?,Darlington FC (19)
?,(Sat) 13 Nov 1954 (45),Bradford City AFC (19),1-1,?,Chesterfield FC (19)
?,(Sat) 27 Nov 1954 (47),FC Halifax Town (20),3-2,?,Grimsby Town FC (20)
?,(Sat) 27 Nov 1954 (47),Wrexham AFC (20),2-2,?,Darlington FC (20)
?,(Sat) 27 Nov 1954 (47),Workington AFC (20),4-1,?,Stockport County FC (20)
?,(Sat) 27 Nov 1954 (47),Scunthorpe United FC (20),2-1,?,Chesterfield FC (20)
?,(Sat) 27 Nov 1954 (47),Accrington Stanley FC (20),6-2,?,Gateshead FC (20)
?,(Sat) 27 Nov 1954 (47),Barnsley FC (20),3-1,?,Crewe Alexandra FC (20)
?,(Sat) 27 Nov 1954 (47),Southport FC (19),1-0,?,Rochdale AFC (20)
?,(Sat) 27 Nov 1954 (47),Oldham Athletic AFC (20),2-1,?,Chester FC (19)
?,(Sat) 27 Nov 1954 (47),Barrow AFC (20),1-0,?,Tranmere Rovers FC (20)
?,(Sat) 27 Nov 1954 (47),Bradford City AFC (20),2-0,?,Carlisle United FC (20)
?,(Sat) 27 Nov 1954 (47),York City FC (20),1-2,?,Bradford Park Avenue AFC (20)
?,(Sat) 27 Nov 1954 (47),Mansfield Town FC (20),0-2,?,Hartlepool United FC (20)
?,(Sat) 4 Dec 1954 (48),Chesterfield FC (21),3-1,?,Wrexham AFC (21)
?,(Sat) 4 Dec 1954 (48),Grimsby Town FC (21),1-1,?,Oldham Athletic AFC (21)
?,(Sat) 4 Dec 1954 (48),Hartlepool United FC (21),3-2,?,Workington AFC (21)
?,(Sat) 4 Dec 1954 (48),Stockport County FC (21),1-2,?,Barrow AFC (21)
?,(Sat) 4 Dec 1954 (48),Gateshead FC (21),4-0,?,Mansfield Town FC (21)
?,(Sat) 4 Dec 1954 (48),Darlington FC (21),3-3,?,Accrington Stanley FC (21)
?,(Sat) 4 Dec 1954 (48),Bradford Park Avenue AFC (21),0-1,?,FC Halifax Town (21)
?,(Sat) 4 Dec 1954 (48),Chester FC (20),1-0,?,Bradford City AFC (21)
?,(Sat) 4 Dec 1954 (48),Rochdale AFC (21),1-1,?,York City FC (21)
?,(Sat) 4 Dec 1954 (48),Crewe Alexandra FC (21),1-1,?,Scunthorpe United FC (21)
?,(Sat) 4 Dec 1954 (48),Carlisle United FC (21),2-4,?,Barnsley FC (21)
?,(Sat) 4 Dec 1954 (48),Tranmere Rovers FC (21),2-2,?,Southport FC (20)
?,(Sat) 11 Dec 1954 (49),Chester FC (21),1-3,?,FC Halifax Town (22)
?,(Sat) 11 Dec 1954 (49),Southport FC (21),1-1,?,Stockport County FC (22)
?,(Sat) 18 Dec 1954 (50),Southport FC (22),1-1,?,Accrington Stanley FC (22)
?,(Sat) 18 Dec 1954 (50),York City FC (22),3-3,?,Wrexham AFC (22)
?,(Sat) 18 Dec 1954 (50),FC Halifax Town (23),3-1,?,Scunthorpe United FC (22)
?,(Sat) 18 Dec 1954 (50),Crewe Alexandra FC (22),1-1,?,Hartlepool United FC (22)
?,(Sat) 18 Dec 1954 (50),Workington AFC (22),6-1,?,Darlington FC (22)
?,(Sat) 18 Dec 1954 (50),Barrow AFC (22),2-2,?,Mansfield Town FC (22)
?,(Sat) 18 Dec 1954 (50),Oldham Athletic AFC (22),4-1,?,Barnsley FC (22)
?,(Sat) 18 Dec 1954 (50),Chesterfield FC (22),1-3,?,Gateshead FC (22)
?,(Sat) 18 Dec 1954 (50),Grimsby Town FC (22),1-1,?,Rochdale AFC (22)
?,(Sat) 18 Dec 1954 (50),Bradford Park Avenue AFC (22),2-0,?,Bradford City AFC (22)
?,(Sat) 18 Dec 1954 (50),Chester FC (22),0-1,?,Tranmere Rovers FC (22)
?,(Sat) 18 Dec 1954 (50),Carlisle United FC (22),3-3,?,Stockport County FC (23)
?,(Sat) 25 Dec 1954 (51),Chester FC (23),2-0,?,Bradford Park Avenue AFC (23)
?,(Sat) 25 Dec 1954 (51),Oldham Athletic AFC (23),2-1,?,Wrexham AFC (23)
?,(Sat) 25 Dec 1954 (51),Carlisle United FC (23),7-2,?,Rochdale AFC (23)
?,(Sat) 25 Dec 1954 (51),Stockport County FC (24),3-2,?,Chesterfield FC (23)
?,(Sat) 25 Dec 1954 (51),Bradford City AFC (23),2-4,?,Scunthorpe United FC (23)
?,(Sat) 25 Dec 1954 (51),Tranmere Rovers FC (23),1-2,?,Crewe Alexandra FC (23)
?,(Sat) 25 Dec 1954 (51),Workington AFC (23),0-1,?,Southport FC (23)
?,(Sat) 25 Dec 1954 (51),Hartlepool United FC (23),1-0,?,Darlington FC (23)
?,(Sat) 25 Dec 1954 (51),York City FC (23),3-1,?,Mansfield Town FC (23)
?,(Sat) 25 Dec 1954 (51),FC Halifax Town (24),1-1,?,Accrington Stanley FC (23)
?,(Sat) 25 Dec 1954 (51),Gateshead FC (23),3-1,?,Barrow AFC (23)
?,(Sat) 25 Dec 1954 (51),Grimsby Town FC (23),1-3,?,Barnsley FC (23)
?,(Mon) 27 Dec 1954 (52),Scunthorpe United FC (24),1-0,?,Bradford City AFC (24)
?,(Mon) 27 Dec 1954 (52),Wrexham AFC (24),2-1,?,Oldham Athletic AFC (24)
?,(Mon) 27 Dec 1954 (52),Bradford Park Avenue AFC (24),3-0,?,Chester FC (24)
?,(Mon) 27 Dec 1954 (52),Chesterfield FC (24),3-7,?,Stockport County FC (25)
?,(Mon) 27 Dec 1954 (52),Southport FC (24),1-2,?,Workington AFC (24)
?,(Mon) 27 Dec 1954 (52),Mansfield Town FC (24),1-2,?,York City FC (24)
?,(Mon) 27 Dec 1954 (52),Darlington FC (24),0-1,?,Hartlepool United FC (24)
?,(Mon) 27 Dec 1954 (52),Barrow AFC (24),0-1,?,Gateshead FC (24)
?,(Mon) 27 Dec 1954 (52),Barnsley FC (24),1-3,?,Grimsby Town FC (24)
?,(Mon) 27 Dec 1954 (52),Crewe Alexandra FC (24),3-0,?,Tranmere Rovers FC (24)
?,(Mon) 27 Dec 1954 (52),Rochdale AFC (24),1-2,?,Carlisle United FC (24)
?,(Mon) 27 Dec 1954 (52),Accrington Stanley FC (24),3-1,?,FC Halifax Town (25)
?,(Sat) 1 Jan 1955 (0),Stockport County FC (26),3-0,?,Chester FC (25)
?,(Sat) 1 Jan 1955 (0),Scunthorpe United FC (25),1-2,?,York City FC (25)
?,(Sat) 1 Jan 1955 (0),Mansfield Town FC (25),2-0,?,Workington AFC (25)
?,(Sat) 1 Jan 1955 (0),Rochdale AFC (25),3-2,?,Bradford Park Avenue AFC (25)
?,(Sat) 1 Jan 1955 (0),Tranmere Rovers FC (25),2-0,?,Grimsby Town FC (25)
?,(Sat) 1 Jan 1955 (0),Gateshead FC (25),1-0,?,Crewe Alexandra FC (25)
?,(Sat) 1 Jan 1955 (0),Wrexham AFC (25),2-2,?,Southport FC (25)
?,(Sat) 1 Jan 1955 (0),Hartlepool United FC (25),1-0,?,Carlisle United FC (25)
?,(Sat) 1 Jan 1955 (0),Darlington FC (25),0-2,?,Chesterfield FC (25)
?,(Sat) 1 Jan 1955 (0),Barnsley FC (25),3-0,?,FC Halifax Town (26)
?,(Sat) 1 Jan 1955 (0),Accrington Stanley FC (25),6-3,?,Barrow AFC (25)
?,(Sat) 1 Jan 1955 (0),Bradford City AFC (25),0-1,?,Oldham Athletic AFC (25)
?,(Mon) 3 Jan 1955 (1),Accrington Stanley FC (26),4-1,?,Chesterfield FC (26)
?,(Sat) 8 Jan 1955 (1),Chester FC (26),2-4,?,Scunthorpe United FC (26)
?,(Sat) 8 Jan 1955 (1),Oldham Athletic AFC (26),1-1,?,Mansfield Town FC (26)
?,(Sat) 8 Jan 1955 (1),Crewe Alexandra FC (26),2-1,?,Bradford Park Avenue AFC (26)
?,(Sat) 8 Jan 1955 (1),Barnsley FC (26),4-2,?,Wrexham AFC (26)
?,(Sat) 15 Jan 1955 (2),Grimsby Town FC (26),1-0,?,Stockport County FC (27)
?,(Sat) 15 Jan 1955 (2),York City FC (26),1-3,?,Barnsley FC (27)
?,(Sat) 15 Jan 1955 (2),Chester FC (27),1-0,?,Hartlepool United FC (26)
?,(Sat) 15 Jan 1955 (2),Workington AFC (26),0-1,?,Accrington Stanley FC (27)
?,(Sat) 15 Jan 1955 (2),Barrow AFC (26),1-1,?,Wrexham AFC (27)
?,(Sat) 22 Jan 1955 (3),Tranmere Rovers FC (26),3-1,?,Rochdale AFC (26)
?,(Sat) 22 Jan 1955 (3),Accrington Stanley FC (28),3-2,?,Mansfield Town FC (27)
?,(Sat) 22 Jan 1955 (3),Scunthorpe United FC (27),3-0,?,Barrow AFC (27)
?,(Sat) 22 Jan 1955 (3),Stockport County FC (28),6-0,?,Bradford Park Avenue AFC (27)
?,(Sat) 29 Jan 1955 (4),Darlington FC (26),2-2,?,Tranmere Rovers FC (27)
?,(Sat) 29 Jan 1955 (4),Rochdale AFC (27),0-0,?,Chesterfield FC (27)
?,(Sat) 29 Jan 1955 (4),Carlisle United FC (26),3-1,?,Grimsby Town FC (27)
?,(Sat) 29 Jan 1955 (4),Mansfield Town FC (28),1-3,?,Oldham Athletic AFC (27)
?,(Sat) 29 Jan 1955 (4),Accrington Stanley FC (29),1-0,?,Bradford City AFC (26)
?,(Sat) 29 Jan 1955 (4),FC Halifax Town (27),2-2,?,Workington AFC (27)
?,(Sat) 29 Jan 1955 (4),Wrexham AFC (28),3-0,?,Barnsley FC (28)
?,(Sat) 29 Jan 1955 (4),Bradford Park Avenue AFC (28),2-1,?,Crewe Alexandra FC (27)
?,(Sat) 29 Jan 1955 (4),Stockport County FC (29),2-1,?,Gateshead FC (26)
?,(Sat) 29 Jan 1955 (4),Scunthorpe United FC (28),1-1,?,Chester FC (28)
?,(Sat) 5 Feb 1955 (5),Bradford Park Avenue AFC (29),1-0,?,Hartlepool United FC (27)
?,(Sat) 5 Feb 1955 (5),Grimsby Town FC (28),1-1,?,Gateshead FC (27)
?,(Sat) 5 Feb 1955 (5),Chester FC (29),0-2,?,Darlington FC (27)
?,(Sat) 5 Feb 1955 (5),Crewe Alexandra FC (28),0-3,?,Accrington Stanley FC (30)
?,(Sat) 5 Feb 1955 (5),Tranmere Rovers FC (28),1-2,?,FC Halifax Town (28)
?,(Sat) 5 Feb 1955 (5),Barrow AFC (28),3-1,?,Barnsley FC (29)
?,(Sat) 5 Feb 1955 (5),York City FC (27),2-1,?,Oldham Athletic AFC (28)
?,(Sat) 5 Feb 1955 (5),Carlisle United FC (27),1-2,?,Chesterfield FC (28)
?,(Sat) 5 Feb 1955 (5),Southport FC (26),1-0,?,Bradford City AFC (27)
?,(Sat) 5 Feb 1955 (5),Rochdale AFC (28),1-0,?,Stockport County FC (30)
?,(Sat) 5 Feb 1955 (5),Mansfield Town FC (29),2-1,?,Wrexham AFC (29)
?,(Sat) 5 Feb 1955 (5),Workington AFC (28),1-1,?,Scunthorpe United FC (29)
?,(Sat) 12 Feb 1955 (6),Oldham Athletic AFC (29),1-0,?,Southport FC (27)
?,(Sat) 12 Feb 1955 (6),Crewe Alexandra FC (29),4-1,?,Carlisle United FC (28)
?,(Sat) 12 Feb 1955 (6),Hartlepool United FC (28),3-1,?,Rochdale AFC (29)
?,(Sat) 12 Feb 1955 (6),Bradford City AFC (28),2-1,?,Barrow AFC (29)
?,(Sat) 12 Feb 1955 (6),Chesterfield FC (29),5-3,?,Chester FC (30)
?,(Sat) 12 Feb 1955 (6),Barnsley FC (30),3-1,?,Workington AFC (29)
?,(Sat) 12 Feb 1955 (6),FC Halifax Town (29),3-3,?,York City FC (28)
?,(Sat) 12 Feb 1955 (6),Darlington FC (28),1-3,?,Grimsby Town FC (29)
?,(Sat) 12 Feb 1955 (6),Scunthorpe United FC (30),2-0,?,Mansfield Town FC (30)
?,(Sat) 12 Feb 1955 (6),Stockport County FC (31),2-0,?,Tranmere Rovers FC (29)
?,(Sat) 12 Feb 1955 (6),Wrexham AFC (30),3-1,?,Accrington Stanley FC (31)
?,(Sat) 19 Feb 1955 (7),Chester FC (31),3-1,?,Crewe Alexandra FC (30)
?,(Sat) 19 Feb 1955 (7),Grimsby Town FC (30),1-2,?,Chesterfield FC (30)
?,(Sat) 19 Feb 1955 (7),Accrington Stanley FC (32),2-1,?,Scunthorpe United FC (31)
?,(Sat) 19 Feb 1955 (7),Rochdale AFC (30),4-0,?,Gateshead FC (28)
?,(Sat) 19 Feb 1955 (7),Southport FC (28),4-0,?,FC Halifax Town (30)
?,(Sat) 19 Feb 1955 (7),Tranmere Rovers FC (30),3-1,?,Hartlepool United FC (29)
?,(Sat) 19 Feb 1955 (7),Bradford Park Avenue AFC (30),1-1,?,Darlington FC (29)
?,(Sat) 19 Feb 1955 (7),Workington AFC (30),1-1,?,Bradford City AFC (29)
?,(Sat) 19 Feb 1955 (7),Carlisle United FC (29),1-0,?,Wrexham AFC (31)
?,(Sat) 19 Feb 1955 (7),Barrow AFC (30),3-1,?,Oldham Athletic AFC (30)
?,(Sat) 19 Feb 1955 (7),Mansfield Town FC (31),1-1,?,Barnsley FC (31)
?,(Mon) 21 Feb 1955 (8),Stockport County FC (32),1-2,?,York City FC (29)
?,(Sat) 26 Feb 1955 (8),Workington AFC (31),3-3,?,Crewe Alexandra FC (31)
?,(Sat) 26 Feb 1955 (8),York City FC (30),2-1,?,Gateshead FC (29)
?,(Sat) 26 Feb 1955 (8),Mansfield Town FC (32),1-1,?,Carlisle United FC (30)
?,(Sat) 26 Feb 1955 (8),Oldham Athletic AFC (31),1-1,?,Stockport County FC (33)
?,(Sat) 26 Feb 1955 (8),Southport FC (29),0-0,?,Darlington FC (30)
?,(Sat) 26 Feb 1955 (8),Accrington Stanley FC (33),3-0,?,Chester FC (32)
?,(Sat) 5 Mar 1955 (9),Grimsby Town FC (31),2-1,?,Accrington Stanley FC (34)
?,(Sat) 5 Mar 1955 (9),Chesterfield FC (31),2-1,?,Southport FC (30)
?,(Sat) 5 Mar 1955 (9),Darlington FC (31),1-0,?,York City FC (31)
?,(Sat) 5 Mar 1955 (9),Bradford Park Avenue AFC (31),0-0,?,Wrexham AFC (32)
?,(Sat) 5 Mar 1955 (9),Stockport County FC (34),1-1,?,Bradford City AFC (30)
?,(Sat) 5 Mar 1955 (9),Carlisle United FC (31),0-4,?,Workington AFC (32)
?,(Sat) 5 Mar 1955 (9),Crewe Alexandra FC (32),5-1,?,Barrow AFC (31)
?,(Sat) 5 Mar 1955 (9),Gateshead FC (30),4-0,?,FC Halifax Town (31)
?,(Sat) 5 Mar 1955 (9),Tranmere Rovers FC (31),0-1,?,Barnsley FC (32)
?,(Sat) 5 Mar 1955 (9),Rochdale AFC (31),2-0,?,Scunthorpe United FC (32)
?,(Sat) 5 Mar 1955 (9),Chester FC (33),1-0,?,Mansfield Town FC (33)
?,(Sat) 5 Mar 1955 (9),Hartlepool United FC (30),2-0,?,Oldham Athletic AFC (32)
?,(Tue) 8 Mar 1955 (10),Grimsby Town FC (32),2-0,?,Carlisle United FC (32)
?,(Wed) 9 Mar 1955 (10),Gateshead FC (31),3-2,?,Bradford Park Avenue AFC (32)
?,(Wed) 9 Mar 1955 (10),Tranmere Rovers FC (32),0-1,?,Darlington FC (32)
?,(Sat) 12 Mar 1955 (10),Workington AFC (33),1-1,?,Chester FC (34)
?,(Sat) 12 Mar 1955 (10),Wrexham AFC (33),0-0,?,Rochdale AFC (32)
?,(Sat) 12 Mar 1955 (10),Scunthorpe United FC (33),1-2,?,Tranmere Rovers FC (33)
?,(Sat) 12 Mar 1955 (10),Barnsley FC (33),2-0,?,Stockport County FC (35)
?,(Sat) 12 Mar 1955 (10),Barrow AFC (32),2-1,?,Carlisle United FC (33)
?,(Sat) 12 Mar 1955 (10),FC Halifax Town (32),4-1,?,Darlington FC (33)
?,(Sat) 12 Mar 1955 (10),Oldham Athletic AFC (33),1-2,?,Gateshead FC (32)
?,(Sat) 12 Mar 1955 (10),Southport FC (31),1-0,?,Crewe Alexandra FC (33)
?,(Sat) 12 Mar 1955 (10),Accrington Stanley FC (35),4-3,?,Bradford Park Avenue AFC (33)
?,(Sat) 12 Mar 1955 (10),Mansfield Town FC (34),3-0,?,Grimsby Town FC (33)
?,(Sat) 12 Mar 1955 (10),Bradford City AFC (31),0-1,?,Hartlepool United FC (31)
?,(Wed) 16 Mar 1955 (11),York City FC (32),3-2,?,Chesterfield FC (32)
?,(Wed) 16 Mar 1955 (11),FC Halifax Town (33),1-2,?,Rochdale AFC (33)
?,(Sat) 19 Mar 1955 (11),Hartlepool United FC (32),0-3,?,Barnsley FC (34)
?,(Sat) 19 Mar 1955 (11),Stockport County FC (36),4-2,?,Scunthorpe United FC (34)
?,(Sat) 19 Mar 1955 (11),Grimsby Town FC (34),0-1,?,Workington AFC (34)
?,(Sat) 19 Mar 1955 (11),Crewe Alexandra FC (34),2-3,?,York City FC (33)
?,(Sat) 19 Mar 1955 (11),Darlington FC (34),0-2,?,Oldham Athletic AFC (34)
?,(Sat) 19 Mar 1955 (11),Chesterfield FC (33),2-1,?,FC Halifax Town (34)
?,(Sat) 19 Mar 1955 (11),Bradford Park Avenue AFC (34),0-0,?,Mansfield Town FC (35)
?,(Sat) 19 Mar 1955 (11),Carlisle United FC (34),2-1,?,Southport FC (32)
?,(Sat) 19 Mar 1955 (11),Rochdale AFC (34),0-0,?,Accrington Stanley FC (36)
?,(Sat) 19 Mar 1955 (11),Chester FC (35),3-1,?,Barrow AFC (33)
?,(Sat) 19 Mar 1955 (11),Tranmere Rovers FC (34),1-2,?,Wrexham AFC (34)
?,(Sat) 19 Mar 1955 (11),Gateshead FC (33),2-1,?,Bradford City AFC (32)
?,(Wed) 23 Mar 1955 (12),Hartlepool United FC (33),3-2,?,Grimsby Town FC (35)
?,(Wed) 23 Mar 1955 (12),Gateshead FC (34),4-4,?,Stockport County FC (37)
?,(Sat) 26 Mar 1955 (12),Workington AFC (35),1-3,?,Bradford Park Avenue AFC (35)
?,(Sat) 26 Mar 1955 (12),FC Halifax Town (35),3-3,?,Crewe Alexandra FC (35)
?,(Sat) 26 Mar 1955 (12),Southport FC (33),1-1,?,Chester FC (36)
?,(Sat) 26 Mar 1955 (12),Oldham Athletic AFC (35),4-1,?,Chesterfield FC (34)
?,(Sat) 26 Mar 1955 (12),Barnsley FC (35),3-0,?,Gateshead FC (35)
?,(Sat) 26 Mar 1955 (12),Accrington Stanley FC (37),3-1,?,Tranmere Rovers FC (35)
?,(Sat) 26 Mar 1955 (12),Scunthorpe United FC (35),5-1,?,Hartlepool United FC (34)
?,(Sat) 26 Mar 1955 (12),Mansfield Town FC (36),3-2,?,Rochdale AFC (35)
?,(Sat) 26 Mar 1955 (12),Bradford City AFC (33),3-0,?,Darlington FC (35)
?,(Sat) 26 Mar 1955 (12),Barrow AFC (34),2-0,?,Grimsby Town FC (36)
?,(Sat) 26 Mar 1955 (12),Wrexham AFC (35),1-4,?,Stockport County FC (38)
?,(Mon) 28 Mar 1955 (13),FC Halifax Town (36),1-0,?,Hartlepool United FC (35)
?,(Wed) 30 Mar 1955 (13),Hartlepool United FC (36),2-1,?,Southport FC (34)
?,(Wed) 30 Mar 1955 (13),Chesterfield FC (35),4-1,?,Mansfield Town FC (37)
?,(Wed) 30 Mar 1955 (13),Crewe Alexandra FC (36),2-2,?,Darlington FC (36)
?,(Wed) 30 Mar 1955 (13),Wrexham AFC (36),1-1,?,Workington AFC (36)
?,(Wed) 30 Mar 1955 (13),Gateshead FC (36),0-0,?,Chester FC (37)
?,(Wed) 30 Mar 1955 (13),Bradford Park Avenue AFC (36),0-0,?,Tranmere Rovers FC (36)
?,(Sat) 2 Apr 1955 (13),Stockport County FC (39),0-0,?,Accrington Stanley FC (38)
?,(Sat) 2 Apr 1955 (13),Rochdale AFC (36),2-1,?,Workington AFC (37)
?,(Sat) 2 Apr 1955 (13),Grimsby Town FC (37),0-1,?,Southport FC (35)
?,(Sat) 2 Apr 1955 (13),Carlisle United FC (35),4-0,?,FC Halifax Town (37)
?,(Sat) 2 Apr 1955 (13),Crewe Alexandra FC (37),4-1,?,Oldham Athletic AFC (36)
?,(Sat) 2 Apr 1955 (13),Hartlepool United FC (37),3-0,?,Wrexham AFC (37)
?,(Sat) 2 Apr 1955 (13),Gateshead FC (37),0-1,?,Scunthorpe United FC (36)
?,(Sat) 2 Apr 1955 (13),Tranmere Rovers FC (37),2-1,?,Mansfield Town FC (38)
?,(Sat) 2 Apr 1955 (13),Chester FC (38),1-2,?,York City FC (34)
?,(Sat) 2 Apr 1955 (13),Chesterfield FC (36),2-1,?,Bradford City AFC (34)
?,(Sat) 2 Apr 1955 (13),Darlington FC (37),0-1,?,Barnsley FC (36)
?,(Sat) 2 Apr 1955 (13),Bradford Park Avenue AFC (37),3-0,?,Barrow AFC (35)
?,(Mon) 4 Apr 1955 (14),Bradford City AFC (35),2-3,?,York City FC (35)
?,(Fri) 8 Apr 1955 (14),Gateshead FC (38),1-1,?,Darlington FC (38)
?,(Fri) 8 Apr 1955 (14),Wrexham AFC (38),1-1,?,FC Halifax Town (38)
?,(Fri) 8 Apr 1955 (14),Barrow AFC (36),2-2,?,Workington AFC (38)
?,(Fri) 8 Apr 1955 (14),Chesterfield FC (37),3-0,?,Hartlepool United FC (38)
?,(Fri) 8 Apr 1955 (14),Chester FC (39),1-2,?,Rochdale AFC (37)
?,(Fri) 8 Apr 1955 (14),Oldham Athletic AFC (37),1-1,?,Scunthorpe United FC (37)
?,(Fri) 8 Apr 1955 (14),Crewe Alexandra FC (38),4-4,?,Stockport County FC (40)
?,(Fri) 8 Apr 1955 (14),Southport FC (36),1-0,?,Mansfield Town FC (39)
?,(Fri) 8 Apr 1955 (14),Grimsby Town FC (38),1-0,?,Bradford Park Avenue AFC (38)
?,(Fri) 8 Apr 1955 (14),York City FC (36),1-1,?,Accrington Stanley FC (39)
?,(Fri) 8 Apr 1955 (14),Carlisle United FC (36),1-2,?,Tranmere Rovers FC (38)
?,(Sat) 9 Apr 1955 (14),Barrow AFC (37),4-2,?,Rochdale AFC (38)
?,(Sat) 9 Apr 1955 (14),Wrexham AFC (39),2-0,?,Gateshead FC (39)
?,(Sat) 9 Apr 1955 (14),Oldham Athletic AFC (38),2-1,?,Carlisle United FC (37)
?,(Sat) 9 Apr 1955 (14),Southport FC (37),1-0,?,Bradford Park Avenue AFC (39)
?,(Sat) 9 Apr 1955 (14),FC Halifax Town (39),3-1,?,Chester FC (40)
?,(Sat) 9 Apr 1955 (14),York City FC (37),0-0,?,Grimsby Town FC (39)
?,(Sat) 9 Apr 1955 (14),Workington AFC (39),1-0,?,Tranmere Rovers FC (39)
?,(Sat) 9 Apr 1955 (14),Barnsley FC (37),3-0,?,Chesterfield FC (38)
?,(Sat) 9 Apr 1955 (14),Accrington Stanley FC (40),2-5,?,Hartlepool United FC (39)
?,(Sat) 9 Apr 1955 (14),Scunthorpe United FC (38),1-0,?,Darlington FC (39)
?,(Sat) 9 Apr 1955 (14),Bradford City AFC (36),2-0,?,Crewe Alexandra FC (39)
?,(Sat) 9 Apr 1955 (14),Mansfield Town FC (40),0-0,?,Stockport County FC (41)
?,(Mon) 11 Apr 1955 (15),Scunthorpe United FC (39),6-1,?,Oldham Athletic AFC (39)
?,(Mon) 11 Apr 1955 (15),FC Halifax Town (40),2-0,?,Wrexham AFC (40)
?,(Mon) 11 Apr 1955 (15),Bradford Park Avenue AFC (40),2-1,?,Grimsby Town FC (40)
?,(Mon) 11 Apr 1955 (15),Tranmere Rovers FC (40),6-1,?,Carlisle United FC (38)
?,(Mon) 11 Apr 1955 (15),Darlington FC (40),5-1,?,Gateshead FC (40)
?,(Mon) 11 Apr 1955 (15),Rochdale AFC (39),2-0,?,Chester FC (41)
?,(Mon) 11 Apr 1955 (15),Accrington Stanley FC (41),2-2,?,York City FC (38)
?,(Mon) 11 Apr 1955 (15),Barnsley FC (38),1-0,?,Bradford City AFC (37)
?,(Mon) 11 Apr 1955 (15),Stockport County FC (42),6-1,?,Crewe Alexandra FC (40)
?,(Mon) 11 Apr 1955 (15),Workington AFC (40),0-0,?,Barrow AFC (38)
?,(Mon) 11 Apr 1955 (15),Hartlepool United FC (40),2-0,?,Chesterfield FC (39)
?,(Mon) 11 Apr 1955 (15),Mansfield Town FC (41),3-0,?,Southport FC (38)
?,(Tue) 12 Apr 1955 (15),Bradford City AFC (38),0-2,?,Barnsley FC (39)
?,(Wed) 13 Apr 1955 (15),York City FC (39),2-1,?,Carlisle United FC (39)
?,(Wed) 13 Apr 1955 (15),Chesterfield FC (40),0-0,?,Crewe Alexandra FC (41)
?,(Sat) 16 Apr 1955 (15),Bradford Park Avenue AFC (41),1-3,?,York City FC (40)
?,(Sat) 16 Apr 1955 (15),Chester FC (42),0-0,?,Oldham Athletic AFC (40)
?,(Sat) 16 Apr 1955 (15),Gateshead FC (41),1-1,?,Accrington Stanley FC (42)
?,(Sat) 16 Apr 1955 (15),Carlisle United FC (40),1-0,?,Bradford City AFC (39)
?,(Sat) 16 Apr 1955 (15),Chesterfield FC (41),2-0,?,Scunthorpe United FC (40)
?,(Sat) 16 Apr 1955 (15),Darlington FC (41),2-2,?,Wrexham AFC (41)
?,(Sat) 16 Apr 1955 (15),Grimsby Town FC (41),0-1,?,FC Halifax Town (41)
?,(Sat) 16 Apr 1955 (15),Crewe Alexandra FC (42),1-2,?,Barnsley FC (40)
?,(Sat) 16 Apr 1955 (15),Stockport County FC (43),0-1,?,Workington AFC (41)
?,(Sat) 16 Apr 1955 (15),Hartlepool United FC (41),1-2,?,Mansfield Town FC (42)
?,(Sat) 16 Apr 1955 (15),Rochdale AFC (40),0-0,?,Southport FC (39)
?,(Sat) 16 Apr 1955 (15),Tranmere Rovers FC (41),0-4,?,Barrow AFC (39)
?,(Mon) 18 Apr 1955 (16),Mansfield Town FC (43),3-1,?,Darlington FC (42)
?,(Mon) 18 Apr 1955 (16),Barrow AFC (40),0-2,?,Hartlepool United FC (42)
?,(Mon) 18 Apr 1955 (16),York City FC (41),1-0,?,Tranmere Rovers FC (42)
?,(Mon) 18 Apr 1955 (16),FC Halifax Town (42),0-0,?,Bradford City AFC (40)
?,(Mon) 18 Apr 1955 (16),Scunthorpe United FC (41),1-1,?,Carlisle United FC (41)
?,(Mon) 18 Apr 1955 (16),Oldham Athletic AFC (41),5-0,?,Bradford Park Avenue AFC (42)
?,(Wed) 20 Apr 1955 (16),Darlington FC (43),1-1,?,Carlisle United FC (42)
?,(Wed) 20 Apr 1955 (16),Workington AFC (42),4-0,?,Gateshead FC (42)
?,(Wed) 20 Apr 1955 (16),Wrexham AFC (42),5-0,?,Crewe Alexandra FC (43)
?,(Wed) 20 Apr 1955 (16),Rochdale AFC (41),2-1,?,Oldham Athletic AFC (42)
?,(Wed) 20 Apr 1955 (16),Chester FC (43),0-0,?,Southport FC (40)
?,(Wed) 20 Apr 1955 (16),Bradford City AFC (41),4-0,?,Grimsby Town FC (42)
?,(Thu) 21 Apr 1955 (16),Barrow AFC (41),2-0,?,Chesterfield FC (42)
?,(Sat) 23 Apr 1955 (16),Accrington Stanley FC (43),3-0,?,Darlington FC (44)
?,(Sat) 23 Apr 1955 (16),Oldham Athletic AFC (43),4-0,?,Grimsby Town FC (43)
?,(Sat) 23 Apr 1955 (16),Scunthorpe United FC (42),3-1,?,Crewe Alexandra FC (44)
?,(Sat) 23 Apr 1955 (16),Barnsley FC (41),3-1,?,Carlisle United FC (43)
?,(Sat) 23 Apr 1955 (16),Wrexham AFC (43),0-2,?,Chesterfield FC (43)
?,(Sat) 23 Apr 1955 (16),Workington AFC (43),0-1,?,Hartlepool United FC (43)
?,(Sat) 23 Apr 1955 (16),York City FC (42),2-0,?,Rochdale AFC (42)
?,(Sat) 23 Apr 1955 (16),Bradford City AFC (42),0-0,?,Chester FC (44)
?,(Sat) 23 Apr 1955 (16),Mansfield Town FC (44),0-1,?,Gateshead FC (43)
?,(Sat) 23 Apr 1955 (16),FC Halifax Town (43),0-0,?,Bradford Park Avenue AFC (43)
?,(Sat) 23 Apr 1955 (16),Barrow AFC (42),2-0,?,Stockport County FC (44)
?,(Sat) 23 Apr 1955 (16),Southport FC (41),0-0,?,Tranmere Rovers FC (43)
?,(Mon) 25 Apr 1955 (17),Bradford Park Avenue AFC (44),1-0,?,Southport FC (42)
?,(Mon) 25 Apr 1955 (17),Chesterfield FC (44),3-1,?,Barnsley FC (42)
?,(Mon) 25 Apr 1955 (17),Stockport County FC (45),2-2,?,Mansfield Town FC (45)
?,(Mon) 25 Apr 1955 (17),Hartlepool United FC (44),1-3,?,Accrington Stanley FC (44)
?,(Mon) 25 Apr 1955 (17),Gateshead FC (44),0-1,?,Wrexham AFC (44)
?,(Tue) 26 Apr 1955 (17),Tranmere Rovers FC (44),1-1,?,Workington AFC (44)
?,(Tue) 26 Apr 1955 (17),Carlisle United FC (44),5-2,?,Oldham Athletic AFC (44)
?,(Wed) 27 Apr 1955 (17),Grimsby Town FC (44),2-1,?,York City FC (43)
?,(Wed) 27 Apr 1955 (17),Darlington FC (45),1-1,?,Scunthorpe United FC (43)
?,(Wed) 27 Apr 1955 (17),Crewe Alexandra FC (45),1-0,?,Bradford City AFC (43)
?,(Wed) 27 Apr 1955 (17),Barnsley FC (43),0-0,?,Southport FC (43)
?,(Wed) 27 Apr 1955 (17),Rochdale AFC (43),4-1,?,Barrow AFC (43)
?,(Sat) 30 Apr 1955 (17),Carlisle United FC (45),1-2,?,Scunthorpe United FC (44)
?,(Sat) 30 Apr 1955 (17),Crewe Alexandra FC (46),2-2,?,Wrexham AFC (45)
?,(Sat) 30 Apr 1955 (17),Gateshead FC (45),3-2,?,Workington AFC (45)
?,(Sat) 30 Apr 1955 (17),Grimsby Town FC (45),1-4,?,Bradford City AFC (44)
?,(Sat) 30 Apr 1955 (17),Stockport County FC (46),0-2,?,Southport FC (44)
?,(Sat) 30 Apr 1955 (17),Bradford Park Avenue AFC (45),0-2,?,Oldham Athletic AFC (45)
?,(Sat) 30 Apr 1955 (17),Tranmere Rovers FC (45),1-0,?,York City FC (44)
?,(Sat) 30 Apr 1955 (17),Chesterfield FC (45),6-1,?,Accrington Stanley FC (45)
?,(Sat) 30 Apr 1955 (17),Chester FC (45),0-2,?,Barnsley FC (44)
?,(Sat) 30 Apr 1955 (17),Darlington FC (46),3-1,?,Mansfield Town FC (46)
?,(Sat) 30 Apr 1955 (17),Rochdale AFC (44),2-2,?,FC Halifax Town (44)
?,(Sat) 30 Apr 1955 (17),Hartlepool United FC (45),0-0,?,Barrow AFC (44)
?,(Mon) 2 May 1955 (18),Bradford City AFC (45),2-1,?,Tranmere Rovers FC (46)
?,(Mon) 2 May 1955 (18),Oldham Athletic AFC (46),1-2,?,FC Halifax Town (45)
?,(Mon) 2 May 1955 (18),Southport FC (45),1-0,?,Hartlepool United FC (46)
?,(Mon) 2 May 1955 (18),Chesterfield FC (46),3-1,?,Rochdale AFC (45)
?,(Mon) 2 May 1955 (18),York City FC (45),1-4,?,Barrow AFC (45)
?,(Tue) 3 May 1955 (18),Carlisle United FC (46),1-2,?,Gateshead FC (46)
?,(Tue) 3 May 1955 (18),Barnsley FC (45),2-0,?,Rochdale AFC (46)
?,(Wed) 4 May 1955 (18),Wrexham AFC (46),5-0,?,Grimsby Town FC (46)
?,(Wed) 4 May 1955 (18),Bradford City AFC (46),0-3,?,Accrington Stanley FC (46)
?,(Wed) 4 May 1955 (18),Barnsley FC (46),4-2,?,Chester FC (46)
?,(Wed) 4 May 1955 (18),Workington AFC (46),1-0,?,FC Halifax Town (46)
?,(Thu) 5 May 1955 (18),Barrow AFC (46),1-5,?,York City FC (46)
?,(Thu) 5 May 1955 (18),Scunthorpe United FC (45),1-1,?,Bradford Park Avenue AFC (46)
?,(Sat) 7 May 1955 (18),Southport FC (46),1-1,?,Scunthorpe United FC (46)
