Round,Date,Team 1,FT,HT,Team 2
?,(Sat) 21 Aug 1954 (33),Burnley FC (1),1-0,?,Cardiff City FC (1)
?,(Sat) 21 Aug 1954 (33),Preston North End FC (1),5-0,?,Manchester City FC (1)
?,(Sat) 21 Aug 1954 (33),Aston Villa FC (1),2-4,?,Tottenham Hotspur FC (1)
?,(Sat) 21 Aug 1954 (33),Bolton Wanderers FC (1),3-2,?,Charlton Athletic FC (1)
?,(Sat) 21 Aug 1954 (33),Wolverhampton Wanderers FC (1),4-2,?,Sheffield Wednesday FC (1)
?,(Sat) 21 Aug 1954 (33),Arsenal FC (1),1-3,?,Newcastle United FC (1)
?,(Sat) 21 Aug 1954 (33),Sunderland AFC (1),4-2,?,West Bromwich Albion FC (1)
?,(Sat) 21 Aug 1954 (33),Huddersfield Town AFC (1),1-3,?,Blackpool FC (1)
?,(Sat) 21 Aug 1954 (33),Manchester United FC (1),1-3,?,Portsmouth FC (1)
?,(Sat) 21 Aug 1954 (33),Sheffield United FC (1),2-5,?,Everton FC (1)
?,(Sat) 21 Aug 1954 (33),Leicester City FC (1),1-1,?,Chelsea FC (1)
?,(Mon) 23 Aug 1954 (34),Blackpool FC (2),2-3,?,Bolton Wanderers FC (2)
?,(Mon) 23 Aug 1954 (34),Chelsea FC (2),1-0,?,Burnley FC (2)
?,(Mon) 23 Aug 1954 (34),Aston Villa FC (2),2-2,?,Sunderland AFC (2)
?,(Mon) 23 Aug 1954 (34),Sheffield Wednesday FC (2),2-4,?,Manchester United FC (2)
?,(Wed) 25 Aug 1954 (34),Everton FC (2),1-0,?,Arsenal FC (2)
?,(Wed) 25 Aug 1954 (34),Tottenham Hotspur FC (2),3-2,?,Wolverhampton Wanderers FC (2)
?,(Wed) 25 Aug 1954 (34),Portsmouth FC (2),4-2,?,Huddersfield Town AFC (2)
?,(Wed) 25 Aug 1954 (34),Cardiff City FC (2),2-5,?,Preston North End FC (2)
?,(Wed) 25 Aug 1954 (34),Newcastle United FC (2),3-0,?,West Bromwich Albion FC (2)
?,(Wed) 25 Aug 1954 (34),Manchester City FC (2),5-2,?,Sheffield United FC (2)
?,(Thu) 26 Aug 1954 (34),Charlton Athletic FC (2),2-3,?,Leicester City FC (2)
?,(Sat) 28 Aug 1954 (34),Everton FC (3),1-0,?,Preston North End FC (3)
?,(Sat) 28 Aug 1954 (34),Blackpool FC (3),2-4,?,Manchester United FC (3)
?,(Sat) 28 Aug 1954 (34),Manchester City FC (3),0-0,?,Burnley FC (3)
?,(Sat) 28 Aug 1954 (34),Sheffield Wednesday FC (3),6-3,?,Aston Villa FC (3)
?,(Sat) 28 Aug 1954 (34),West Bromwich Albion FC (3),3-1,?,Arsenal FC (3)
?,(Sat) 28 Aug 1954 (34),Cardiff City FC (3),2-1,?,Leicester City FC (3)
?,(Sat) 28 Aug 1954 (34),Charlton Athletic FC (3),2-1,?,Huddersfield Town AFC (3)
?,(Sat) 28 Aug 1954 (34),Portsmouth FC (3),0-0,?,Wolverhampton Wanderers FC (3)
?,(Sat) 28 Aug 1954 (34),Tottenham Hotspur FC (3),0-1,?,Sunderland AFC (3)
?,(Sat) 28 Aug 1954 (34),Newcastle United FC (3),1-2,?,Sheffield United FC (3)
?,(Sat) 28 Aug 1954 (34),Chelsea FC (3),3-2,?,Bolton Wanderers FC (3)
?,(Mon) 30 Aug 1954 (35),Sheffield United FC (4),0-2,?,Manchester City FC (4)
?,(Mon) 30 Aug 1954 (35),Wolverhampton Wanderers FC (4),4-2,?,Tottenham Hotspur FC (4)
?,(Mon) 30 Aug 1954 (35),Leicester City FC (4),0-1,?,Charlton Athletic FC (4)
?,(Mon) 30 Aug 1954 (35),Huddersfield Town AFC (4),2-1,?,Portsmouth FC (4)
?,(Tue) 31 Aug 1954 (35),Burnley FC (4),1-1,?,Chelsea FC (4)
?,(Tue) 31 Aug 1954 (35),Arsenal FC (4),2-0,?,Everton FC (4)
?,(Wed) 1 Sep 1954 (35),Bolton Wanderers FC (4),3-0,?,Blackpool FC (4)
?,(Wed) 1 Sep 1954 (35),West Bromwich Albion FC (4),4-2,?,Newcastle United FC (4)
?,(Wed) 1 Sep 1954 (35),Preston North End FC (4),7-1,?,Cardiff City FC (4)
?,(Wed) 1 Sep 1954 (35),Sunderland AFC (4),0-0,?,Aston Villa FC (4)
?,(Wed) 1 Sep 1954 (35),Manchester United FC (4),2-0,?,Sheffield Wednesday FC (4)
?,(Sat) 4 Sep 1954 (35),Chelsea FC (5),1-1,?,Cardiff City FC (5)
?,(Sat) 4 Sep 1954 (35),Aston Villa FC (5),1-0,?,Portsmouth FC (5)
?,(Sat) 4 Sep 1954 (35),Burnley FC (5),0-2,?,Everton FC (5)
?,(Sat) 4 Sep 1954 (35),Sunderland AFC (5),2-0,?,Sheffield Wednesday FC (5)
?,(Sat) 4 Sep 1954 (35),Arsenal FC (5),2-0,?,Tottenham Hotspur FC (5)
?,(Sat) 4 Sep 1954 (35),Leicester City FC (5),0-2,?,Manchester City FC (5)
?,(Sat) 4 Sep 1954 (35),Preston North End FC (5),3-3,?,Newcastle United FC (5)
?,(Sat) 4 Sep 1954 (35),Sheffield United FC (5),1-2,?,West Bromwich Albion FC (5)
?,(Sat) 4 Sep 1954 (35),Wolverhampton Wanderers FC (5),1-0,?,Blackpool FC (5)
?,(Sat) 4 Sep 1954 (35),Huddersfield Town AFC (5),2-0,?,Bolton Wanderers FC (5)
?,(Sat) 4 Sep 1954 (35),Manchester United FC (5),3-1,?,Charlton Athletic FC (5)
?,(Mon) 6 Sep 1954 (36),Burnley FC (6),3-1,?,Leicester City FC (6)
?,(Mon) 6 Sep 1954 (36),Bolton Wanderers FC (6),3-1,?,Portsmouth FC (6)
?,(Mon) 6 Sep 1954 (36),Chelsea FC (6),0-1,?,Preston North End FC (6)
?,(Mon) 6 Sep 1954 (36),Sheffield Wednesday FC (6),4-1,?,Huddersfield Town AFC (6)
?,(Wed) 8 Sep 1954 (36),Cardiff City FC (6),1-1,?,Sheffield United FC (6)
?,(Wed) 8 Sep 1954 (36),Manchester City FC (6),2-1,?,Arsenal FC (6)
?,(Wed) 8 Sep 1954 (36),Tottenham Hotspur FC (6),0-2,?,Manchester United FC (6)
?,(Wed) 8 Sep 1954 (36),Wolverhampton Wanderers FC (6),2-0,?,Sunderland AFC (6)
?,(Wed) 8 Sep 1954 (36),Everton FC (6),1-2,?,West Bromwich Albion FC (6)
?,(Wed) 8 Sep 1954 (36),Newcastle United FC (6),5-3,?,Aston Villa FC (6)
?,(Sat) 11 Sep 1954 (36),Charlton Athletic FC (6),1-3,?,Wolverhampton Wanderers FC (7)
?,(Sat) 11 Sep 1954 (36),Sheffield Wednesday FC (7),2-2,?,Tottenham Hotspur FC (7)
?,(Sat) 11 Sep 1954 (36),West Bromwich Albion FC (7),2-0,?,Preston North End FC (7)
?,(Sat) 11 Sep 1954 (36),Manchester City FC (7),1-1,?,Chelsea FC (7)
?,(Sat) 11 Sep 1954 (36),Cardiff City FC (7),1-1,?,Huddersfield Town AFC (7)
?,(Sat) 11 Sep 1954 (36),Blackpool FC (6),0-1,?,Aston Villa FC (7)
?,(Sat) 11 Sep 1954 (36),Arsenal FC (7),4-0,?,Sheffield United FC (7)
?,(Sat) 11 Sep 1954 (36),Portsmouth FC (7),2-2,?,Sunderland AFC (7)
?,(Sat) 11 Sep 1954 (36),Everton FC (7),2-2,?,Leicester City FC (7)
?,(Sat) 11 Sep 1954 (36),Bolton Wanderers FC (7),1-1,?,Manchester United FC (7)
?,(Sat) 11 Sep 1954 (36),Newcastle United FC (7),2-1,?,Burnley FC (7)
?,(Mon) 13 Sep 1954 (37),Leicester City FC (8),2-2,?,Burnley FC (8)
?,(Mon) 13 Sep 1954 (37),Aston Villa FC (8),1-2,?,Newcastle United FC (8)
?,(Mon) 13 Sep 1954 (37),Sheffield United FC (8),1-3,?,Cardiff City FC (8)
?,(Mon) 13 Sep 1954 (37),Huddersfield Town AFC (8),3-0,?,Sheffield Wednesday FC (8)
?,(Tue) 14 Sep 1954 (37),Arsenal FC (8),2-3,?,Manchester City FC (8)
?,(Wed) 15 Sep 1954 (37),Portsmouth FC (8),1-0,?,Bolton Wanderers FC (8)
?,(Wed) 15 Sep 1954 (37),Sunderland AFC (8),0-0,?,Wolverhampton Wanderers FC (8)
?,(Wed) 15 Sep 1954 (37),Manchester United FC (8),2-1,?,Tottenham Hotspur FC (8)
?,(Wed) 15 Sep 1954 (37),Preston North End FC (8),1-2,?,Chelsea FC (8)
?,(Wed) 15 Sep 1954 (37),West Bromwich Albion FC (8),3-3,?,Everton FC (8)
?,(Thu) 16 Sep 1954 (37),Charlton Athletic FC (7),3-3,?,Blackpool FC (7)
?,(Sat) 18 Sep 1954 (37),Burnley FC (9),0-2,?,West Bromwich Albion FC (9)
?,(Sat) 18 Sep 1954 (37),Chelsea FC (9),0-2,?,Everton FC (9)
?,(Sat) 18 Sep 1954 (37),Aston Villa FC (9),1-2,?,Charlton Athletic FC (8)
?,(Sat) 18 Sep 1954 (37),Sunderland AFC (9),2-0,?,Blackpool FC (8)
?,(Sat) 18 Sep 1954 (37),Leicester City FC (9),3-2,?,Newcastle United FC (9)
?,(Sat) 18 Sep 1954 (37),Manchester United FC (9),1-1,?,Huddersfield Town AFC (9)
?,(Sat) 18 Sep 1954 (37),Cardiff City FC (9),3-0,?,Manchester City FC (9)
?,(Sat) 18 Sep 1954 (37),Sheffield United FC (9),1-0,?,Sheffield Wednesday FC (9)
?,(Sat) 18 Sep 1954 (37),Preston North End FC (9),3-1,?,Arsenal FC (9)
?,(Sat) 18 Sep 1954 (37),Tottenham Hotspur FC (9),1-1,?,Portsmouth FC (9)
?,(Sat) 18 Sep 1954 (37),Wolverhampton Wanderers FC (9),1-2,?,Bolton Wanderers FC (9)
?,(Mon) 20 Sep 1954 (38),Sheffield United FC (10),1-2,?,Chelsea FC (10)
?,(Mon) 20 Sep 1954 (38),Blackpool FC (9),1-1,?,Charlton Athletic FC (9)
?,(Sat) 25 Sep 1954 (38),Huddersfield Town AFC (10),2-0,?,Wolverhampton Wanderers FC (10)
?,(Sat) 25 Sep 1954 (38),Everton FC (10),1-1,?,Cardiff City FC (10)
?,(Sat) 25 Sep 1954 (38),Sheffield United FC (11),0-5,?,Preston North End FC (10)
?,(Sat) 25 Sep 1954 (38),Newcastle United FC (10),1-3,?,Chelsea FC (11)
?,(Sat) 25 Sep 1954 (38),Portsmouth FC (10),2-1,?,Sheffield Wednesday FC (10)
?,(Sat) 25 Sep 1954 (38),Blackpool FC (10),5-1,?,Tottenham Hotspur FC (10)
?,(Sat) 25 Sep 1954 (38),Arsenal FC (10),4-0,?,Burnley FC (10)
?,(Sat) 25 Sep 1954 (38),Manchester City FC (10),3-2,?,Manchester United FC (10)
?,(Sat) 25 Sep 1954 (38),West Bromwich Albion FC (10),6-4,?,Leicester City FC (10)
?,(Sat) 25 Sep 1954 (38),Bolton Wanderers FC (10),3-3,?,Aston Villa FC (10)
?,(Sat) 25 Sep 1954 (38),Charlton Athletic FC (10),1-3,?,Sunderland AFC (10)
?,(Sat) 2 Oct 1954 (39),Tottenham Hotspur FC (11),1-4,?,Charlton Athletic FC (11)
?,(Sat) 2 Oct 1954 (39),Preston North End FC (11),1-1,?,Portsmouth FC (11)
?,(Sat) 2 Oct 1954 (39),Leicester City FC (11),3-3,?,Arsenal FC (11)
?,(Sat) 2 Oct 1954 (39),Burnley FC (11),2-1,?,Sheffield United FC (12)
?,(Sat) 2 Oct 1954 (39),Chelsea FC (12),3-3,?,West Bromwich Albion FC (11)
?,(Sat) 2 Oct 1954 (39),Wolverhampton Wanderers FC (11),4-2,?,Manchester United FC (11)
?,(Sat) 2 Oct 1954 (39),Cardiff City FC (11),4-2,?,Newcastle United FC (11)
?,(Sat) 2 Oct 1954 (39),Aston Villa FC (11),0-0,?,Huddersfield Town AFC (11)
?,(Sat) 2 Oct 1954 (39),Sheffield Wednesday FC (11),2-1,?,Blackpool FC (11)
?,(Sat) 2 Oct 1954 (39),Manchester City FC (11),1-0,?,Everton FC (11)
?,(Sat) 2 Oct 1954 (39),Sunderland AFC (11),1-1,?,Bolton Wanderers FC (11)
?,(Sat) 9 Oct 1954 (40),Manchester United FC (12),5-2,?,Cardiff City FC (12)
?,(Sat) 9 Oct 1954 (40),Wolverhampton Wanderers FC (12),2-2,?,Manchester City FC (12)
?,(Sat) 9 Oct 1954 (40),Sunderland AFC (12),4-2,?,Newcastle United FC (12)
?,(Sat) 9 Oct 1954 (40),Blackpool FC (12),1-2,?,Preston North End FC (12)
?,(Sat) 9 Oct 1954 (40),Aston Villa FC (12),0-2,?,Everton FC (12)
?,(Sat) 9 Oct 1954 (40),Portsmouth FC (12),6-2,?,Sheffield United FC (13)
?,(Sat) 9 Oct 1954 (40),Sheffield Wednesday FC (12),1-2,?,Arsenal FC (12)
?,(Sat) 9 Oct 1954 (40),Tottenham Hotspur FC (12),3-1,?,West Bromwich Albion FC (12)
?,(Sat) 9 Oct 1954 (40),Charlton Athletic FC (12),3-1,?,Burnley FC (12)
?,(Sat) 9 Oct 1954 (40),Huddersfield Town AFC (12),1-0,?,Chelsea FC (13)
?,(Sat) 9 Oct 1954 (40),Bolton Wanderers FC (12),4-1,?,Leicester City FC (12)
?,(Sat) 16 Oct 1954 (41),Manchester City FC (13),2-4,?,Aston Villa FC (13)
?,(Sat) 16 Oct 1954 (41),Everton FC (13),1-0,?,Sunderland AFC (13)
?,(Sat) 16 Oct 1954 (41),Leicester City FC (13),1-3,?,Huddersfield Town AFC (13)
?,(Sat) 16 Oct 1954 (41),West Bromwich Albion FC (13),1-2,?,Sheffield Wednesday FC (13)
?,(Sat) 16 Oct 1954 (41),Arsenal FC (13),0-1,?,Portsmouth FC (13)
?,(Sat) 16 Oct 1954 (41),Wolverhampton Wanderers FC (13),1-1,?,Cardiff City FC (13)
?,(Sat) 16 Oct 1954 (41),Preston North End FC (13),1-2,?,Charlton Athletic FC (13)
?,(Sat) 16 Oct 1954 (41),Burnley FC (13),2-0,?,Bolton Wanderers FC (13)
?,(Sat) 16 Oct 1954 (41),Newcastle United FC (13),4-4,?,Tottenham Hotspur FC (13)
?,(Sat) 16 Oct 1954 (41),Sheffield United FC (14),2-1,?,Blackpool FC (13)
?,(Sat) 16 Oct 1954 (41),Chelsea FC (14),5-6,?,Manchester United FC (13)
?,(Sat) 23 Oct 1954 (42),Wolverhampton Wanderers FC (14),4-0,?,West Bromwich Albion FC (14)
?,(Sat) 23 Oct 1954 (42),Blackpool FC (14),1-0,?,Chelsea FC (15)
?,(Sat) 23 Oct 1954 (42),Huddersfield Town AFC (14),2-1,?,Everton FC (14)
?,(Sat) 23 Oct 1954 (42),Sunderland AFC (14),2-2,?,Sheffield United FC (15)
?,(Sat) 23 Oct 1954 (42),Manchester United FC (14),2-2,?,Newcastle United FC (14)
?,(Sat) 23 Oct 1954 (42),Portsmouth FC (14),2-1,?,Leicester City FC (14)
?,(Sat) 23 Oct 1954 (42),Tottenham Hotspur FC (14),3-1,?,Preston North End FC (14)
?,(Sat) 23 Oct 1954 (42),Charlton Athletic FC (14),4-1,?,Cardiff City FC (14)
?,(Sat) 23 Oct 1954 (42),Aston Villa FC (14),2-1,?,Arsenal FC (14)
?,(Sat) 23 Oct 1954 (42),Sheffield Wednesday FC (14),1-1,?,Burnley FC (14)
?,(Sat) 23 Oct 1954 (42),Bolton Wanderers FC (14),2-2,?,Manchester City FC (14)
?,(Sat) 30 Oct 1954 (43),Preston North End FC (15),6-0,?,Sheffield Wednesday FC (15)
?,(Sat) 30 Oct 1954 (43),West Bromwich Albion FC (15),2-3,?,Aston Villa FC (15)
?,(Sat) 30 Oct 1954 (43),Chelsea FC (16),1-2,?,Charlton Athletic FC (15)
?,(Sat) 30 Oct 1954 (43),Cardiff City FC (15),2-2,?,Bolton Wanderers FC (15)
?,(Sat) 30 Oct 1954 (43),Arsenal FC (15),1-3,?,Sunderland AFC (15)
?,(Sat) 30 Oct 1954 (43),Everton FC (15),4-2,?,Manchester United FC (15)
?,(Sat) 30 Oct 1954 (43),Sheffield United FC (16),4-1,?,Tottenham Hotspur FC (15)
?,(Sat) 30 Oct 1954 (43),Newcastle United FC (15),2-3,?,Wolverhampton Wanderers FC (15)
?,(Sat) 30 Oct 1954 (43),Manchester City FC (15),2-4,?,Huddersfield Town AFC (15)
?,(Sat) 30 Oct 1954 (43),Leicester City FC (15),2-2,?,Blackpool FC (15)
?,(Sat) 30 Oct 1954 (43),Burnley FC (15),1-0,?,Portsmouth FC (15)
?,(Sat) 6 Nov 1954 (44),Charlton Athletic FC (16),1-3,?,West Bromwich Albion FC (16)
?,(Sat) 6 Nov 1954 (44),Manchester United FC (16),2-1,?,Preston North End FC (16)
?,(Sat) 6 Nov 1954 (44),Tottenham Hotspur FC (16),0-2,?,Cardiff City FC (16)
?,(Sat) 6 Nov 1954 (44),Aston Villa FC (16),2-5,?,Leicester City FC (16)
?,(Sat) 6 Nov 1954 (44),Portsmouth FC (16),5-0,?,Everton FC (16)
?,(Sat) 6 Nov 1954 (44),Bolton Wanderers FC (16),2-2,?,Arsenal FC (16)
?,(Sat) 6 Nov 1954 (44),Sunderland AFC (16),3-3,?,Chelsea FC (17)
?,(Sat) 6 Nov 1954 (44),Huddersfield Town AFC (16),1-2,?,Sheffield United FC (17)
?,(Sat) 6 Nov 1954 (44),Sheffield Wednesday FC (16),2-4,?,Manchester City FC (16)
?,(Sat) 6 Nov 1954 (44),Blackpool FC (16),2-0,?,Newcastle United FC (16)
?,(Sat) 6 Nov 1954 (44),Wolverhampton Wanderers FC (16),5-0,?,Burnley FC (16)
?,(Sat) 13 Nov 1954 (45),Newcastle United FC (17),3-1,?,Charlton Athletic FC (17)
?,(Sat) 13 Nov 1954 (45),Manchester City FC (17),1-2,?,Portsmouth FC (17)
?,(Sat) 13 Nov 1954 (45),Cardiff City FC (17),5-3,?,Sheffield Wednesday FC (17)
?,(Sat) 13 Nov 1954 (45),West Bromwich Albion FC (17),0-0,?,Bolton Wanderers FC (17)
?,(Sat) 13 Nov 1954 (45),Arsenal FC (17),3-5,?,Huddersfield Town AFC (17)
?,(Sat) 13 Nov 1954 (45),Preston North End FC (17),3-3,?,Wolverhampton Wanderers FC (17)
?,(Sat) 13 Nov 1954 (45),Burnley FC (17),2-0,?,Aston Villa FC (17)
?,(Sat) 13 Nov 1954 (45),Everton FC (17),0-1,?,Blackpool FC (17)
?,(Sat) 13 Nov 1954 (45),Sheffield United FC (18),3-0,?,Manchester United FC (17)
?,(Sat) 13 Nov 1954 (45),Chelsea FC (18),2-1,?,Tottenham Hotspur FC (17)
?,(Sat) 13 Nov 1954 (45),Leicester City FC (17),1-1,?,Sunderland AFC (17)
?,(Sat) 20 Nov 1954 (46),Blackpool FC (18),1-3,?,Manchester City FC (18)
?,(Sat) 20 Nov 1954 (46),Tottenham Hotspur FC (18),5-1,?,Leicester City FC (18)
?,(Sat) 20 Nov 1954 (46),Wolverhampton Wanderers FC (18),4-1,?,Sheffield United FC (19)
?,(Sat) 20 Nov 1954 (46),Sunderland AFC (18),2-2,?,Burnley FC (18)
?,(Sat) 20 Nov 1954 (46),Bolton Wanderers FC (18),2-1,?,Newcastle United FC (18)
?,(Sat) 20 Nov 1954 (46),Manchester United FC (18),2-1,?,Arsenal FC (18)
?,(Sat) 20 Nov 1954 (46),Portsmouth FC (18),1-3,?,Cardiff City FC (18)
?,(Sat) 20 Nov 1954 (46),Aston Villa FC (18),1-3,?,Preston North End FC (18)
?,(Sat) 20 Nov 1954 (46),Sheffield Wednesday FC (18),1-1,?,Chelsea FC (19)
?,(Sat) 20 Nov 1954 (46),Charlton Athletic FC (18),5-0,?,Everton FC (18)
?,(Sat) 20 Nov 1954 (46),Huddersfield Town AFC (18),3-3,?,West Bromwich Albion FC (18)
?,(Sat) 27 Nov 1954 (47),West Bromwich Albion FC (19),2-0,?,Manchester United FC (19)
?,(Sat) 27 Nov 1954 (47),Chelsea FC (20),4-1,?,Portsmouth FC (19)
?,(Sat) 27 Nov 1954 (47),Arsenal FC (19),1-1,?,Wolverhampton Wanderers FC (19)
?,(Sat) 27 Nov 1954 (47),Cardiff City FC (19),1-2,?,Blackpool FC (19)
?,(Sat) 27 Nov 1954 (47),Preston North End FC (19),3-1,?,Sunderland AFC (19)
?,(Sat) 27 Nov 1954 (47),Burnley FC (19),1-2,?,Tottenham Hotspur FC (19)
?,(Sat) 27 Nov 1954 (47),Newcastle United FC (19),2-2,?,Huddersfield Town AFC (19)
?,(Sat) 27 Nov 1954 (47),Leicester City FC (19),4-3,?,Sheffield Wednesday FC (19)
?,(Sat) 27 Nov 1954 (47),Manchester City FC (19),1-5,?,Charlton Athletic FC (19)
?,(Sat) 27 Nov 1954 (47),Sheffield United FC (20),1-3,?,Aston Villa FC (19)
?,(Sat) 27 Nov 1954 (47),Everton FC (19),0-0,?,Bolton Wanderers FC (19)
?,(Sat) 4 Dec 1954 (48),Charlton Athletic FC (20),3-1,?,Sheffield United FC (21)
?,(Sat) 4 Dec 1954 (48),Wolverhampton Wanderers FC (20),3-4,?,Chelsea FC (21)
?,(Sat) 4 Dec 1954 (48),Sheffield Wednesday FC (20),0-3,?,Newcastle United FC (20)
?,(Sat) 4 Dec 1954 (48),Manchester United FC (20),3-1,?,Leicester City FC (20)
?,(Sat) 4 Dec 1954 (48),Sunderland AFC (20),3-2,?,Manchester City FC (20)
?,(Sat) 4 Dec 1954 (48),Portsmouth FC (20),6-1,?,West Bromwich Albion FC (20)
?,(Sat) 4 Dec 1954 (48),Tottenham Hotspur FC (20),1-3,?,Everton FC (20)
?,(Sat) 4 Dec 1954 (48),Aston Villa FC (20),0-2,?,Cardiff City FC (20)
?,(Sat) 4 Dec 1954 (48),Blackpool FC (20),2-2,?,Arsenal FC (20)
?,(Sat) 4 Dec 1954 (48),Huddersfield Town AFC (20),0-1,?,Burnley FC (20)
?,(Sat) 11 Dec 1954 (49),Sheffield United FC (22),2-0,?,Bolton Wanderers FC (20)
?,(Sat) 11 Dec 1954 (49),Preston North End FC (20),2-3,?,Huddersfield Town AFC (21)
?,(Sat) 11 Dec 1954 (49),Newcastle United FC (21),2-1,?,Portsmouth FC (21)
?,(Sat) 11 Dec 1954 (49),West Bromwich Albion FC (21),0-1,?,Blackpool FC (21)
?,(Sat) 11 Dec 1954 (49),Arsenal FC (21),3-1,?,Charlton Athletic FC (21)
?,(Sat) 11 Dec 1954 (49),Leicester City FC (21),1-2,?,Wolverhampton Wanderers FC (21)
?,(Sat) 11 Dec 1954 (49),Manchester City FC (21),0-0,?,Tottenham Hotspur FC (21)
?,(Sat) 11 Dec 1954 (49),Everton FC (21),3-1,?,Sheffield Wednesday FC (21)
?,(Sat) 11 Dec 1954 (49),Burnley FC (21),2-4,?,Manchester United FC (21)
?,(Sat) 11 Dec 1954 (49),Cardiff City FC (21),0-1,?,Sunderland AFC (21)
?,(Sat) 11 Dec 1954 (49),Chelsea FC (22),4-0,?,Aston Villa FC (21)
?,(Sat) 18 Dec 1954 (50),Charlton Athletic FC (22),2-0,?,Bolton Wanderers FC (21)
?,(Sat) 18 Dec 1954 (50),Chelsea FC (23),3-1,?,Leicester City FC (22)
?,(Sat) 18 Dec 1954 (50),Newcastle United FC (22),5-1,?,Arsenal FC (22)
?,(Sat) 18 Dec 1954 (50),Cardiff City FC (22),0-3,?,Burnley FC (22)
?,(Sat) 18 Dec 1954 (50),Sheffield Wednesday FC (22),2-2,?,Wolverhampton Wanderers FC (22)
?,(Sat) 18 Dec 1954 (50),Tottenham Hotspur FC (22),1-1,?,Aston Villa FC (22)
?,(Sat) 18 Dec 1954 (50),Blackpool FC (22),1-1,?,Huddersfield Town AFC (22)
?,(Sat) 18 Dec 1954 (50),West Bromwich Albion FC (22),2-2,?,Sunderland AFC (22)
?,(Sat) 18 Dec 1954 (50),Everton FC (22),2-3,?,Sheffield United FC (23)
?,(Sat) 18 Dec 1954 (50),Manchester City FC (22),3-1,?,Preston North End FC (21)
?,(Sat) 18 Dec 1954 (50),Portsmouth FC (22),0-0,?,Manchester United FC (22)
?,(Sat) 25 Dec 1954 (51),Burnley FC (23),2-2,?,Preston North End FC (22)
?,(Sat) 25 Dec 1954 (51),Manchester City FC (23),3-1,?,Newcastle United FC (23)
?,(Sat) 25 Dec 1954 (51),Cardiff City FC (23),3-2,?,West Bromwich Albion FC (23)
?,(Sat) 25 Dec 1954 (51),Charlton Athletic FC (23),3-0,?,Sheffield Wednesday FC (23)
?,(Sat) 25 Dec 1954 (51),Bolton Wanderers FC (22),1-2,?,Tottenham Hotspur FC (23)
?,(Sat) 25 Dec 1954 (51),Sheffield United FC (24),1-1,?,Leicester City FC (23)
?,(Sat) 25 Dec 1954 (51),Sunderland AFC (23),1-1,?,Huddersfield Town AFC (23)
?,(Sat) 25 Dec 1954 (51),Blackpool FC (23),2-2,?,Portsmouth FC (23)
?,(Sat) 25 Dec 1954 (51),Arsenal FC (23),1-0,?,Chelsea FC (24)
?,(Sat) 25 Dec 1954 (51),Wolverhampton Wanderers FC (23),1-3,?,Everton FC (23)
?,(Mon) 27 Dec 1954 (52),Leicester City FC (24),0-1,?,Sheffield United FC (25)
?,(Mon) 27 Dec 1954 (52),Manchester United FC (23),0-1,?,Aston Villa FC (23)
?,(Mon) 27 Dec 1954 (52),Huddersfield Town AFC (24),1-1,?,Sunderland AFC (24)
?,(Mon) 27 Dec 1954 (52),Preston North End FC (23),0-1,?,Burnley FC (24)
?,(Mon) 27 Dec 1954 (52),Sheffield Wednesday FC (24),2-2,?,Charlton Athletic FC (24)
?,(Mon) 27 Dec 1954 (52),Chelsea FC (25),1-1,?,Arsenal FC (24)
?,(Mon) 27 Dec 1954 (52),Everton FC (24),3-2,?,Wolverhampton Wanderers FC (24)
?,(Mon) 27 Dec 1954 (52),Portsmouth FC (24),3-0,?,Blackpool FC (24)
?,(Mon) 27 Dec 1954 (52),Newcastle United FC (24),2-0,?,Manchester City FC (24)
?,(Mon) 27 Dec 1954 (52),West Bromwich Albion FC (24),1-0,?,Cardiff City FC (24)
?,(Mon) 27 Dec 1954 (52),Tottenham Hotspur FC (24),2-0,?,Bolton Wanderers FC (23)
?,(Tue) 28 Dec 1954 (52),Aston Villa FC (24),2-1,?,Manchester United FC (24)
?,(Sat) 1 Jan 1955 (0),Leicester City FC (25),2-1,?,Cardiff City FC (25)
?,(Sat) 1 Jan 1955 (0),Aston Villa FC (25),0-0,?,Sheffield Wednesday FC (25)
?,(Sat) 1 Jan 1955 (0),Sheffield United FC (26),6-2,?,Newcastle United FC (25)
?,(Sat) 1 Jan 1955 (0),Wolverhampton Wanderers FC (25),2-2,?,Portsmouth FC (25)
?,(Sat) 1 Jan 1955 (0),Bolton Wanderers FC (24),2-5,?,Chelsea FC (26)
?,(Sat) 1 Jan 1955 (0),Burnley FC (25),2-0,?,Manchester City FC (25)
?,(Sat) 1 Jan 1955 (0),Manchester United FC (25),4-1,?,Blackpool FC (25)
?,(Sat) 1 Jan 1955 (0),Huddersfield Town AFC (25),0-0,?,Charlton Athletic FC (25)
?,(Sat) 1 Jan 1955 (0),Arsenal FC (25),2-2,?,West Bromwich Albion FC (25)
?,(Sat) 1 Jan 1955 (0),Sunderland AFC (25),1-1,?,Tottenham Hotspur FC (25)
?,(Sat) 1 Jan 1955 (0),Preston North End FC (24),0-0,?,Everton FC (25)
?,(Sat) 15 Jan 1955 (2),Blackpool FC (26),0-2,?,Wolverhampton Wanderers FC (26)
?,(Sat) 15 Jan 1955 (2),Sheffield Wednesday FC (26),1-2,?,Sunderland AFC (26)
?,(Sat) 15 Jan 1955 (2),Everton FC (26),1-1,?,Burnley FC (26)
?,(Sat) 15 Jan 1955 (2),Tottenham Hotspur FC (26),0-1,?,Arsenal FC (26)
?,(Sat) 15 Jan 1955 (2),Manchester City FC (26),2-2,?,Leicester City FC (26)
?,(Sat) 22 Jan 1955 (3),Burnley FC (27),0-1,?,Newcastle United FC (26)
?,(Sat) 22 Jan 1955 (3),Preston North End FC (25),3-1,?,West Bromwich Albion FC (26)
?,(Sat) 22 Jan 1955 (3),Sunderland AFC (27),2-2,?,Portsmouth FC (26)
?,(Sat) 22 Jan 1955 (3),Manchester United FC (26),1-1,?,Bolton Wanderers FC (25)
?,(Sat) 22 Jan 1955 (3),Tottenham Hotspur FC (27),7-2,?,Sheffield Wednesday FC (27)
?,(Sat) 22 Jan 1955 (3),Wolverhampton Wanderers FC (27),2-1,?,Charlton Athletic FC (26)
?,(Sat) 22 Jan 1955 (3),Chelsea FC (27),0-2,?,Manchester City FC (27)
?,(Sat) 22 Jan 1955 (3),Aston Villa FC (26),3-1,?,Blackpool FC (27)
?,(Sat) 5 Feb 1955 (5),Charlton Athletic FC (27),6-1,?,Aston Villa FC (27)
?,(Sat) 5 Feb 1955 (5),Portsmouth FC (27),0-3,?,Tottenham Hotspur FC (28)
?,(Sat) 5 Feb 1955 (5),Manchester City FC (28),4-1,?,Cardiff City FC (26)
?,(Sat) 5 Feb 1955 (5),Everton FC (27),1-1,?,Chelsea FC (28)
?,(Sat) 5 Feb 1955 (5),Blackpool FC (28),0-0,?,Sunderland AFC (28)
?,(Sat) 5 Feb 1955 (5),Newcastle United FC (27),2-0,?,Leicester City FC (27)
?,(Sat) 5 Feb 1955 (5),Huddersfield Town AFC (26),1-3,?,Manchester United FC (27)
?,(Sat) 5 Feb 1955 (5),Sheffield Wednesday FC (28),1-2,?,Sheffield United FC (27)
?,(Sat) 5 Feb 1955 (5),Bolton Wanderers FC (26),6-1,?,Wolverhampton Wanderers FC (28)
?,(Sat) 5 Feb 1955 (5),Arsenal FC (27),2-0,?,Preston North End FC (26)
?,(Sat) 5 Feb 1955 (5),West Bromwich Albion FC (27),2-2,?,Burnley FC (28)
?,(Sat) 12 Feb 1955 (6),Aston Villa FC (28),3-0,?,Bolton Wanderers FC (27)
?,(Sat) 12 Feb 1955 (6),Leicester City FC (28),6-3,?,West Bromwich Albion FC (28)
?,(Sat) 12 Feb 1955 (6),Tottenham Hotspur FC (29),3-2,?,Blackpool FC (29)
?,(Sat) 12 Feb 1955 (6),Sheffield Wednesday FC (29),1-3,?,Portsmouth FC (28)
?,(Sat) 12 Feb 1955 (6),Cardiff City FC (27),4-3,?,Everton FC (28)
?,(Sat) 12 Feb 1955 (6),Preston North End FC (27),1-2,?,Sheffield United FC (28)
?,(Sat) 12 Feb 1955 (6),Burnley FC (29),3-0,?,Arsenal FC (28)
?,(Sat) 12 Feb 1955 (6),Chelsea FC (29),4-3,?,Newcastle United FC (28)
?,(Sat) 12 Feb 1955 (6),Manchester United FC (28),0-5,?,Manchester City FC (29)
?,(Sat) 12 Feb 1955 (6),Sunderland AFC (29),1-2,?,Charlton Athletic FC (28)
?,(Sat) 12 Feb 1955 (6),Wolverhampton Wanderers FC (29),6-4,?,Huddersfield Town AFC (27)
?,(Sat) 19 Feb 1955 (7),Sheffield United FC (29),1-0,?,Burnley FC (30)
?,(Sat) 19 Feb 1955 (7),Blackpool FC (30),2-1,?,Sheffield Wednesday FC (30)
?,(Sat) 19 Feb 1955 (7),Arsenal FC (29),1-1,?,Leicester City FC (29)
?,(Sat) 19 Feb 1955 (7),Portsmouth FC (29),2-0,?,Preston North End FC (28)
?,(Wed) 23 Feb 1955 (8),Huddersfield Town AFC (28),1-2,?,Aston Villa FC (29)
?,(Wed) 23 Feb 1955 (8),Everton FC (29),1-0,?,Manchester City FC (30)
?,(Wed) 23 Feb 1955 (8),Manchester United FC (29),2-4,?,Wolverhampton Wanderers FC (30)
?,(Sat) 26 Feb 1955 (8),Burnley FC (31),3-0,?,Charlton Athletic FC (29)
?,(Sat) 26 Feb 1955 (8),Preston North End FC (29),3-1,?,Blackpool FC (31)
?,(Sat) 26 Feb 1955 (8),Chelsea FC (30),4-1,?,Huddersfield Town AFC (29)
?,(Sat) 26 Feb 1955 (8),Cardiff City FC (28),3-0,?,Manchester United FC (30)
?,(Sat) 26 Feb 1955 (8),Arsenal FC (30),3-2,?,Sheffield Wednesday FC (31)
?,(Sat) 26 Feb 1955 (8),Newcastle United FC (29),1-2,?,Sunderland AFC (30)
?,(Wed) 2 Mar 1955 (9),Bolton Wanderers FC (28),3-0,?,Sunderland AFC (31)
?,(Sat) 5 Mar 1955 (9),Bolton Wanderers FC (29),1-0,?,Sheffield United FC (30)
?,(Sat) 5 Mar 1955 (9),Sheffield Wednesday FC (32),2-2,?,Everton FC (30)
?,(Sat) 5 Mar 1955 (9),Aston Villa FC (30),3-2,?,Chelsea FC (31)
?,(Sat) 5 Mar 1955 (9),Sunderland AFC (32),1-1,?,Cardiff City FC (29)
?,(Sat) 5 Mar 1955 (9),Manchester United FC (31),1-0,?,Burnley FC (32)
?,(Sat) 5 Mar 1955 (9),Portsmouth FC (30),3-1,?,Newcastle United FC (30)
?,(Sat) 5 Mar 1955 (9),Blackpool FC (32),3-1,?,West Bromwich Albion FC (29)
?,(Sat) 5 Mar 1955 (9),Huddersfield Town AFC (30),0-4,?,Preston North End FC (30)
?,(Sat) 5 Mar 1955 (9),Tottenham Hotspur FC (30),2-2,?,Manchester City FC (31)
?,(Sat) 5 Mar 1955 (9),Charlton Athletic FC (30),1-1,?,Arsenal FC (31)
?,(Sat) 5 Mar 1955 (9),Wolverhampton Wanderers FC (31),5-0,?,Leicester City FC (30)
?,(Wed) 9 Mar 1955 (10),West Bromwich Albion FC (30),2-4,?,Chelsea FC (32)
?,(Wed) 9 Mar 1955 (10),Bolton Wanderers FC (30),2-1,?,Preston North End FC (31)
?,(Sat) 12 Mar 1955 (10),Arsenal FC (32),2-0,?,Aston Villa FC (31)
?,(Sat) 12 Mar 1955 (10),West Bromwich Albion FC (31),3-3,?,Sheffield United FC (31)
?,(Sat) 12 Mar 1955 (10),Leicester City FC (31),4-0,?,Portsmouth FC (31)
?,(Sat) 12 Mar 1955 (10),Preston North End FC (32),1-0,?,Tottenham Hotspur FC (31)
?,(Sat) 12 Mar 1955 (10),Burnley FC (33),2-0,?,Sheffield Wednesday FC (33)
?,(Sat) 12 Mar 1955 (10),Cardiff City FC (30),4-3,?,Charlton Athletic FC (31)
?,(Sat) 12 Mar 1955 (10),Chelsea FC (33),0-0,?,Blackpool FC (33)
?,(Mon) 14 Mar 1955 (11),Sheffield United FC (32),1-0,?,Sunderland AFC (33)
?,(Wed) 16 Mar 1955 (11),Manchester City FC (32),4-2,?,Bolton Wanderers FC (31)
?,(Wed) 16 Mar 1955 (11),West Bromwich Albion FC (32),1-0,?,Wolverhampton Wanderers FC (32)
?,(Sat) 19 Mar 1955 (11),Huddersfield Town AFC (31),0-0,?,Manchester City FC (33)
?,(Sat) 19 Mar 1955 (11),Sunderland AFC (34),0-1,?,Arsenal FC (33)
?,(Sat) 19 Mar 1955 (11),Portsmouth FC (32),0-2,?,Burnley FC (34)
?,(Sat) 19 Mar 1955 (11),Wolverhampton Wanderers FC (33),2-2,?,Newcastle United FC (31)
?,(Sat) 19 Mar 1955 (11),Blackpool FC (34),2-0,?,Leicester City FC (32)
?,(Sat) 19 Mar 1955 (11),Tottenham Hotspur FC (32),5-0,?,Sheffield United FC (33)
?,(Sat) 19 Mar 1955 (11),Sheffield Wednesday FC (34),2-0,?,Preston North End FC (33)
?,(Sat) 19 Mar 1955 (11),Aston Villa FC (32),3-0,?,West Bromwich Albion FC (33)
?,(Sat) 19 Mar 1955 (11),Bolton Wanderers FC (32),0-0,?,Cardiff City FC (31)
?,(Sat) 19 Mar 1955 (11),Manchester United FC (32),1-2,?,Everton FC (31)
?,(Sat) 19 Mar 1955 (11),Charlton Athletic FC (32),0-2,?,Chelsea FC (34)
?,(Wed) 23 Mar 1955 (12),Everton FC (32),4-0,?,Huddersfield Town AFC (32)
?,(Wed) 23 Mar 1955 (12),Cardiff City FC (32),0-1,?,Chelsea FC (35)
?,(Sat) 26 Mar 1955 (12),Arsenal FC (34),3-0,?,Bolton Wanderers FC (33)
?,(Sat) 26 Mar 1955 (12),Sheffield United FC (34),2-2,?,Huddersfield Town AFC (33)
?,(Sat) 26 Mar 1955 (12),Preston North End FC (34),0-2,?,Manchester United FC (33)
?,(Sat) 26 Mar 1955 (12),West Bromwich Albion FC (34),2-1,?,Charlton Athletic FC (33)
?,(Sat) 26 Mar 1955 (12),Cardiff City FC (33),1-2,?,Tottenham Hotspur FC (33)
?,(Sat) 26 Mar 1955 (12),Leicester City FC (33),4-2,?,Aston Villa FC (33)
?,(Sat) 26 Mar 1955 (12),Everton FC (33),2-3,?,Portsmouth FC (33)
?,(Sat) 26 Mar 1955 (12),Burnley FC (35),1-0,?,Wolverhampton Wanderers FC (34)
?,(Tue) 29 Mar 1955 (13),Chelsea FC (36),2-1,?,Sunderland AFC (35)
?,(Wed) 30 Mar 1955 (13),Manchester City FC (34),2-2,?,Sheffield Wednesday FC (35)
?,(Sat) 2 Apr 1955 (13),Aston Villa FC (34),3-1,?,Burnley FC (36)
?,(Sat) 2 Apr 1955 (13),Sheffield Wednesday FC (36),1-1,?,Cardiff City FC (34)
?,(Sat) 2 Apr 1955 (13),Bolton Wanderers FC (34),2-4,?,West Bromwich Albion FC (35)
?,(Sat) 2 Apr 1955 (13),Sunderland AFC (36),1-1,?,Leicester City FC (34)
?,(Sat) 2 Apr 1955 (13),Huddersfield Town AFC (34),0-1,?,Arsenal FC (35)
?,(Sat) 2 Apr 1955 (13),Charlton Athletic FC (34),1-1,?,Newcastle United FC (32)
?,(Sat) 2 Apr 1955 (13),Portsmouth FC (34),1-0,?,Manchester City FC (35)
?,(Sat) 2 Apr 1955 (13),Wolverhampton Wanderers FC (35),1-1,?,Preston North End FC (35)
?,(Sat) 2 Apr 1955 (13),Tottenham Hotspur FC (34),2-4,?,Chelsea FC (37)
?,(Sat) 2 Apr 1955 (13),Manchester United FC (34),5-0,?,Sheffield United FC (35)
?,(Sat) 2 Apr 1955 (13),Blackpool FC (35),4-0,?,Everton FC (34)
?,(Fri) 8 Apr 1955 (14),Sunderland AFC (37),4-3,?,Manchester United FC (35)
?,(Fri) 8 Apr 1955 (14),Chelsea FC (38),1-1,?,Sheffield United FC (36)
?,(Fri) 8 Apr 1955 (14),Burnley FC (37),0-1,?,Blackpool FC (36)
?,(Fri) 8 Apr 1955 (14),Manchester City FC (36),4-0,?,West Bromwich Albion FC (36)
?,(Fri) 8 Apr 1955 (14),Portsmouth FC (35),2-0,?,Charlton Athletic FC (35)
?,(Fri) 8 Apr 1955 (14),Preston North End FC (36),2-4,?,Leicester City FC (35)
?,(Fri) 8 Apr 1955 (14),Arsenal FC (36),2-0,?,Cardiff City FC (35)
?,(Fri) 8 Apr 1955 (14),Everton FC (35),1-2,?,Newcastle United FC (33)
?,(Fri) 8 Apr 1955 (14),Bolton Wanderers FC (35),2-2,?,Sheffield Wednesday FC (37)
?,(Sat) 9 Apr 1955 (14),Chelsea FC (39),1-0,?,Wolverhampton Wanderers FC (36)
?,(Sat) 9 Apr 1955 (14),Newcastle United FC (34),5-0,?,Sheffield Wednesday FC (38)
?,(Sat) 9 Apr 1955 (14),Preston North End FC (37),2-2,?,Bolton Wanderers FC (36)
?,(Sat) 9 Apr 1955 (14),Manchester City FC (37),1-0,?,Sunderland AFC (38)
?,(Sat) 9 Apr 1955 (14),Everton FC (36),1-0,?,Tottenham Hotspur FC (35)
?,(Sat) 9 Apr 1955 (14),Sheffield United FC (37),5-0,?,Charlton Athletic FC (36)
?,(Sat) 9 Apr 1955 (14),Cardiff City FC (36),0-1,?,Aston Villa FC (35)
?,(Sat) 9 Apr 1955 (14),Burnley FC (38),1-1,?,Huddersfield Town AFC (35)
?,(Sat) 9 Apr 1955 (14),Arsenal FC (37),3-0,?,Blackpool FC (37)
?,(Sat) 9 Apr 1955 (14),Leicester City FC (36),1-0,?,Manchester United FC (36)
?,(Sat) 9 Apr 1955 (14),West Bromwich Albion FC (37),3-1,?,Portsmouth FC (36)
?,(Mon) 11 Apr 1955 (15),Leicester City FC (37),0-1,?,Preston North End FC (38)
?,(Mon) 11 Apr 1955 (15),Sheffield Wednesday FC (39),3-2,?,Bolton Wanderers FC (37)
?,(Mon) 11 Apr 1955 (15),West Bromwich Albion FC (38),2-1,?,Manchester City FC (38)
?,(Mon) 11 Apr 1955 (15),Charlton Athletic FC (37),2-2,?,Portsmouth FC (37)
?,(Mon) 11 Apr 1955 (15),Wolverhampton Wanderers FC (37),1-0,?,Aston Villa FC (36)
?,(Mon) 11 Apr 1955 (15),Blackpool FC (38),1-0,?,Burnley FC (39)
?,(Mon) 11 Apr 1955 (15),Newcastle United FC (35),4-0,?,Everton FC (37)
?,(Mon) 11 Apr 1955 (15),Tottenham Hotspur FC (36),1-1,?,Huddersfield Town AFC (36)
?,(Mon) 11 Apr 1955 (15),Manchester United FC (37),2-2,?,Sunderland AFC (39)
?,(Mon) 11 Apr 1955 (15),Cardiff City FC (37),1-2,?,Arsenal FC (38)
?,(Tue) 12 Apr 1955 (15),Aston Villa FC (37),4-2,?,Wolverhampton Wanderers FC (38)
?,(Tue) 12 Apr 1955 (15),Huddersfield Town AFC (37),1-0,?,Tottenham Hotspur FC (37)
?,(Sat) 16 Apr 1955 (15),Blackpool FC (39),0-0,?,Cardiff City FC (38)
?,(Sat) 16 Apr 1955 (15),Huddersfield Town AFC (38),2-0,?,Newcastle United FC (36)
?,(Sat) 16 Apr 1955 (15),Tottenham Hotspur FC (38),0-3,?,Burnley FC (40)
?,(Sat) 16 Apr 1955 (15),Manchester United FC (38),3-0,?,West Bromwich Albion FC (39)
?,(Sat) 16 Apr 1955 (15),Sunderland AFC (40),2-1,?,Preston North End FC (39)
?,(Sat) 16 Apr 1955 (15),Sheffield Wednesday FC (40),1-0,?,Leicester City FC (38)
?,(Sat) 16 Apr 1955 (15),Portsmouth FC (38),0-0,?,Chelsea FC (40)
?,(Sat) 16 Apr 1955 (15),Bolton Wanderers FC (38),2-0,?,Everton FC (38)
?,(Sat) 16 Apr 1955 (15),Aston Villa FC (38),3-1,?,Sheffield United FC (38)
?,(Sat) 16 Apr 1955 (15),Charlton Athletic FC (38),1-1,?,Manchester City FC (39)
?,(Sat) 16 Apr 1955 (15),Wolverhampton Wanderers FC (39),3-1,?,Arsenal FC (39)
?,(Mon) 18 Apr 1955 (16),Newcastle United FC (37),2-0,?,Manchester United FC (39)
?,(Mon) 18 Apr 1955 (16),Sheffield United FC (39),1-1,?,Arsenal FC (40)
?,(Wed) 20 Apr 1955 (16),Leicester City FC (39),2-2,?,Everton FC (39)
?,(Wed) 20 Apr 1955 (16),Newcastle United FC (38),3-3,?,Preston North End FC (40)
?,(Wed) 20 Apr 1955 (16),Manchester City FC (40),3-0,?,Wolverhampton Wanderers FC (40)
?,(Sat) 23 Apr 1955 (16),Leicester City FC (40),2-0,?,Tottenham Hotspur FC (39)
?,(Sat) 23 Apr 1955 (16),Cardiff City FC (39),1-1,?,Portsmouth FC (39)
?,(Sat) 23 Apr 1955 (16),Preston North End FC (41),0-3,?,Aston Villa FC (39)
?,(Sat) 23 Apr 1955 (16),West Bromwich Albion FC (40),2-1,?,Huddersfield Town AFC (39)
?,(Sat) 23 Apr 1955 (16),Sheffield United FC (40),1-2,?,Wolverhampton Wanderers FC (41)
?,(Sat) 23 Apr 1955 (16),Arsenal FC (41),2-3,?,Manchester United FC (40)
?,(Sat) 23 Apr 1955 (16),Chelsea FC (41),3-0,?,Sheffield Wednesday FC (41)
?,(Sat) 23 Apr 1955 (16),Newcastle United FC (39),0-0,?,Bolton Wanderers FC (39)
?,(Sat) 23 Apr 1955 (16),Burnley FC (41),0-1,?,Sunderland AFC (41)
?,(Sat) 23 Apr 1955 (16),Everton FC (40),2-2,?,Charlton Athletic FC (39)
?,(Sat) 23 Apr 1955 (16),Manchester City FC (41),1-6,?,Blackpool FC (40)
?,(Mon) 25 Apr 1955 (17),Newcastle United FC (40),1-1,?,Blackpool FC (41)
?,(Tue) 26 Apr 1955 (17),Charlton Athletic FC (40),1-1,?,Manchester United FC (41)
?,(Wed) 27 Apr 1955 (17),Bolton Wanderers FC (40),1-0,?,Huddersfield Town AFC (40)
?,(Wed) 27 Apr 1955 (17),West Bromwich Albion FC (41),1-2,?,Tottenham Hotspur FC (40)
?,(Wed) 27 Apr 1955 (17),Portsmouth FC (40),2-2,?,Aston Villa FC (40)
?,(Wed) 27 Apr 1955 (17),Newcastle United FC (41),3-0,?,Cardiff City FC (40)
?,(Sat) 30 Apr 1955 (17),Sunderland AFC (42),3-0,?,Everton FC (41)
?,(Sat) 30 Apr 1955 (17),Bolton Wanderers FC (41),0-1,?,Burnley FC (42)
?,(Sat) 30 Apr 1955 (17),Blackpool FC (42),1-2,?,Sheffield United FC (41)
?,(Sat) 30 Apr 1955 (17),Tottenham Hotspur FC (41),2-1,?,Newcastle United FC (42)
?,(Sat) 30 Apr 1955 (17),Aston Villa FC (41),2-0,?,Manchester City FC (42)
?,(Sat) 30 Apr 1955 (17),Manchester United FC (42),2-1,?,Chelsea FC (42)
?,(Sat) 30 Apr 1955 (17),Portsmouth FC (41),2-1,?,Arsenal FC (42)
?,(Sat) 30 Apr 1955 (17),Charlton Athletic FC (41),0-4,?,Preston North End FC (42)
?,(Sat) 30 Apr 1955 (17),Huddersfield Town AFC (41),3-1,?,Leicester City FC (41)
?,(Sat) 30 Apr 1955 (17),Cardiff City FC (41),3-2,?,Wolverhampton Wanderers FC (42)
?,(Sat) 30 Apr 1955 (17),Sheffield Wednesday FC (42),5-0,?,West Bromwich Albion FC (42)
?,(Mon) 2 May 1955 (18),Huddersfield Town AFC (42),2-0,?,Cardiff City FC (42)
?,(Mon) 2 May 1955 (18),Sheffield United FC (42),5-2,?,Portsmouth FC (42)
?,(Wed) 4 May 1955 (18),Everton FC (42),0-1,?,Aston Villa FC (42)
?,(Wed) 4 May 1955 (18),Leicester City FC (42),4-0,?,Bolton Wanderers FC (42)
?,(Thu) 5 May 1955 (18),Charlton Athletic FC (42),1-2,?,Tottenham Hotspur FC (42)
