Round,Date,Team 1,FT,HT,Team 2
?,(Sat) 7 Aug 2004 (W32),Burnley FC (1),1-1,1-0,Sheffield United FC (1)
?,(Sat) 7 Aug 2004 (W32),Coventry City FC (1),2-0,0-0,Sunderland AFC (1)
?,(Sat) 7 Aug 2004 (W32),Crewe Alexandra FC (1),2-2,1-1,Cardiff City FC (1)
?,(Sat) 7 Aug 2004 (W32),Ipswich Town FC (1),2-1,1-1,Gillingham FC (1)
?,(Sat) 7 Aug 2004 (W32),Leeds United FC (1),1-0,0-0,Derby County FC (1)
?,(Sat) 7 Aug 2004 (W32),Leicester City FC (1),0-0,0-0,West Ham United FC (1)
?,(Sat) 7 Aug 2004 (W32),Plymouth Argyle FC (1),0-0,0-0,Millwall FC (1)
?,(Sat) 7 Aug 2004 (W32),Preston North End FC (1),2-1,1-0,Watford FC (1)
?,(Sat) 7 Aug 2004 (W32),Queens Park Rangers FC (1),1-1,1-1,Rotherham United FC (1)
?,(Sat) 7 Aug 2004 (W32),Reading FC (1),3-2,2-1,Brighton & Hove Albion FC (1)
?,(Sat) 7 Aug 2004 (W32),Wigan Athletic FC (1),1-1,1-0,Nottingham Forest FC (1)
?,(Sun) 8 Aug 2004 (W32),Stoke City FC (1),2-1,0-0,Wolverhampton Wanderers FC (1)
?,(Mon) 9 Aug 2004 (W33),Watford FC (2),3-0,2-0,Queens Park Rangers FC (2)
?,(Tue) 10 Aug 2004 (W33),Brighton & Hove Albion FC (2),0-2,0-2,Plymouth Argyle FC (2)
?,(Tue) 10 Aug 2004 (W33),Cardiff City FC (2),2-1,0-1,Coventry City FC (2)
?,(Tue) 10 Aug 2004 (W33),Gillingham FC (2),2-1,2-0,Leeds United FC (2)
?,(Tue) 10 Aug 2004 (W33),Millwall FC (2),0-2,0-0,Wigan Athletic FC (2)
?,(Tue) 10 Aug 2004 (W33),Rotherham United FC (2),0-0,0-0,Burnley FC (2)
?,(Tue) 10 Aug 2004 (W33),Sheffield United FC (2),0-0,0-0,Stoke City FC (2)
?,(Tue) 10 Aug 2004 (W33),Sunderland AFC (2),3-1,1-1,Crewe Alexandra FC (2)
?,(Tue) 10 Aug 2004 (W33),West Ham United FC (2),1-0,0-0,Reading FC (2)
?,(Wed) 11 Aug 2004 (W33),Derby County FC (2),1-2,0-1,Leicester City FC (2)
?,(Wed) 11 Aug 2004 (W33),Nottingham Forest FC (2),1-1,1-0,Ipswich Town FC (2)
?,(Wed) 11 Aug 2004 (W33),Wolverhampton Wanderers FC (2),2-2,0-2,Preston North End FC (2)
?,(Fri) 13 Aug 2004 (W33),Cardiff City FC (3),0-1,0-1,Plymouth Argyle FC (3)
?,(Sat) 14 Aug 2004 (W33),Brighton & Hove Albion FC (3),1-1,0-0,Coventry City FC (3)
?,(Sat) 14 Aug 2004 (W33),Derby County FC (3),3-2,1-2,Ipswich Town FC (3)
?,(Sat) 14 Aug 2004 (W33),Gillingham FC (3),2-1,1-1,Preston North End FC (3)
?,(Sat) 14 Aug 2004 (W33),Millwall FC (3),2-0,1-0,Leicester City FC (3)
?,(Sat) 14 Aug 2004 (W33),Nottingham Forest FC (3),2-2,1-2,Crewe Alexandra FC (3)
?,(Sat) 14 Aug 2004 (W33),Rotherham United FC (3),1-1,0-0,Stoke City FC (3)
?,(Sat) 14 Aug 2004 (W33),Sheffield United FC (3),0-1,0-1,Reading FC (3)
?,(Sat) 14 Aug 2004 (W33),Sunderland AFC (3),2-2,1-1,Queens Park Rangers FC (3)
?,(Sat) 14 Aug 2004 (W33),Watford FC (3),0-1,0-0,Burnley FC (3)
?,(Sat) 14 Aug 2004 (W33),Wolverhampton Wanderers FC (3),0-0,0-0,Leeds United FC (3)
?,(Sun) 15 Aug 2004 (W33),West Ham United FC (3),1-3,0-2,Wigan Athletic FC (3)
?,(Fri) 20 Aug 2004 (W34),Preston North End FC (4),0-1,0-1,Sheffield United FC (4)
?,(Sat) 21 Aug 2004 (W34),Burnley FC (4),1-1,1-1,Wolverhampton Wanderers FC (4)
?,(Sat) 21 Aug 2004 (W34),Coventry City FC (4),0-1,0-0,Millwall FC (4)
?,(Sat) 21 Aug 2004 (W34),Crewe Alexandra FC (4),2-3,1-3,West Ham United FC (4)
?,(Sat) 21 Aug 2004 (W34),Ipswich Town FC (4),3-1,1-0,Cardiff City FC (4)
?,(Sat) 21 Aug 2004 (W34),Leeds United FC (4),1-1,1-0,Nottingham Forest FC (4)
?,(Sat) 21 Aug 2004 (W34),Leicester City FC (4),0-1,0-0,Watford FC (4)
?,(Sat) 21 Aug 2004 (W34),Plymouth Argyle FC (4),2-1,2-0,Sunderland AFC (4)
?,(Sat) 21 Aug 2004 (W34),Queens Park Rangers FC (4),0-2,0-2,Derby County FC (4)
?,(Sat) 21 Aug 2004 (W34),Reading FC (4),1-0,1-0,Rotherham United FC (4)
?,(Sat) 21 Aug 2004 (W34),Stoke City FC (4),2-0,1-0,Gillingham FC (4)
?,(Sat) 21 Aug 2004 (W34),Wigan Athletic FC (4),3-0,1-0,Brighton & Hove Albion FC (4)
?,(Fri) 27 Aug 2004 (W35),Gillingham FC (5),0-1,0-1,Queens Park Rangers FC (5)
?,(Sat) 28 Aug 2004 (W35),Brighton & Hove Albion FC (5),1-0,1-0,Preston North End FC (5)
?,(Sat) 28 Aug 2004 (W35),Cardiff City FC (5),0-1,0-1,Stoke City FC (5)
?,(Sat) 28 Aug 2004 (W35),Derby County FC (5),2-4,1-2,Crewe Alexandra FC (5)
?,(Sat) 28 Aug 2004 (W35),Millwall FC (5),1-0,0-0,Reading FC (5)
?,(Sat) 28 Aug 2004 (W35),Nottingham Forest FC (5),1-4,0-1,Coventry City FC (5)
?,(Sat) 28 Aug 2004 (W35),Rotherham United FC (5),0-2,0-1,Ipswich Town FC (5)
?,(Sat) 28 Aug 2004 (W35),Sunderland AFC (5),1-1,0-1,Wigan Athletic FC (5)
?,(Sat) 28 Aug 2004 (W35),Watford FC (5),3-1,1-1,Plymouth Argyle FC (5)
?,(Sat) 28 Aug 2004 (W35),West Ham United FC (5),1-0,0-0,Burnley FC (5)
?,(Sat) 28 Aug 2004 (W35),Wolverhampton Wanderers FC (5),1-1,0-1,Leicester City FC (5)
?,(Sun) 29 Aug 2004 (W35),Sheffield United FC (5),2-0,0-0,Leeds United FC (5)
?,(Mon) 30 Aug 2004 (W36),Burnley FC (6),1-2,0-1,Gillingham FC (6)
?,(Mon) 30 Aug 2004 (W36),Coventry City FC (6),2-1,1-1,West Ham United FC (6)
?,(Mon) 30 Aug 2004 (W36),Ipswich Town FC (6),2-1,1-0,Wolverhampton Wanderers FC (6)
?,(Mon) 30 Aug 2004 (W36),Leicester City FC (6),0-1,0-1,Brighton & Hove Albion FC (6)
?,(Mon) 30 Aug 2004 (W36),Plymouth Argyle FC (6),3-2,2-1,Nottingham Forest FC (6)
?,(Mon) 30 Aug 2004 (W36),Preston North End FC (6),2-0,2-0,Rotherham United FC (6)
?,(Mon) 30 Aug 2004 (W36),Stoke City FC (6),1-0,0-0,Derby County FC (6)
?,(Mon) 30 Aug 2004 (W36),Wigan Athletic FC (6),2-1,2-0,Cardiff City FC (6)
?,(Tue) 31 Aug 2004 (W36),Queens Park Rangers FC (6),0-1,0-1,Sheffield United FC (6)
?,(Tue) 31 Aug 2004 (W36),Reading FC (6),1-0,1-0,Sunderland AFC (6)
?,(Sat) 11 Sep 2004 (W37),Burnley FC (7),3-0,2-0,Crewe Alexandra FC (6)
?,(Sat) 11 Sep 2004 (W37),Derby County FC (7),2-1,0-0,Reading FC (7)
?,(Sat) 11 Sep 2004 (W37),Gillingham FC (7),0-4,0-3,Sunderland AFC (7)
?,(Sat) 11 Sep 2004 (W37),Leeds United FC (6),3-0,1-0,Coventry City FC (7)
?,(Sat) 11 Sep 2004 (W37),Nottingham Forest FC (7),0-0,0-0,Cardiff City FC (7)
?,(Sat) 11 Sep 2004 (W37),Preston North End FC (7),3-0,1-0,Stoke City FC (7)
?,(Sat) 11 Sep 2004 (W37),Queens Park Rangers FC (7),3-2,1-1,Plymouth Argyle FC (7)
?,(Sat) 11 Sep 2004 (W37),Rotherham United FC (7),0-2,0-1,Leicester City FC (7)
?,(Sat) 11 Sep 2004 (W37),Sheffield United FC (7),1-2,0-1,West Ham United FC (7)
?,(Sat) 11 Sep 2004 (W37),Watford FC (6),1-1,0-0,Brighton & Hove Albion FC (7)
?,(Sat) 11 Sep 2004 (W37),Wolverhampton Wanderers FC (7),3-3,1-2,Wigan Athletic FC (7)
?,(Sun) 12 Sep 2004 (W37),Ipswich Town FC (7),2-0,0-0,Millwall FC (6)
?,(Tue) 14 Sep 2004 (W38),Brighton & Hove Albion FC (8),0-1,0-1,Wolverhampton Wanderers FC (8)
?,(Tue) 14 Sep 2004 (W38),Cardiff City FC (8),0-3,0-2,Watford FC (7)
?,(Tue) 14 Sep 2004 (W38),Crewe Alexandra FC (7),0-2,0-1,Queens Park Rangers FC (8)
?,(Tue) 14 Sep 2004 (W38),Leicester City FC (8),3-2,2-0,Sheffield United FC (8)
?,(Tue) 14 Sep 2004 (W38),Plymouth Argyle FC (8),0-1,0-1,Leeds United FC (7)
?,(Tue) 14 Sep 2004 (W38),Reading FC (8),3-1,2-1,Preston North End FC (8)
?,(Tue) 14 Sep 2004 (W38),Stoke City FC (8),3-2,2-1,Ipswich Town FC (8)
?,(Tue) 14 Sep 2004 (W38),Sunderland AFC (8),2-0,2-0,Nottingham Forest FC (8)
?,(Tue) 14 Sep 2004 (W38),West Ham United FC (8),1-0,0-0,Rotherham United FC (8)
?,(Tue) 14 Sep 2004 (W38),Wigan Athletic FC (8),0-0,0-0,Burnley FC (8)
?,(Wed) 15 Sep 2004 (W38),Coventry City FC (8),2-2,1-0,Gillingham FC (8)
?,(Sat) 18 Sep 2004 (W38),Brighton & Hove Albion FC (9),2-3,2-1,Queens Park Rangers FC (9)
?,(Sat) 18 Sep 2004 (W38),Cardiff City FC (9),0-2,0-1,Derby County FC (8)
?,(Sat) 18 Sep 2004 (W38),Coventry City FC (9),0-0,0-0,Rotherham United FC (9)
?,(Sat) 18 Sep 2004 (W38),Crewe Alexandra FC (8),2-2,0-0,Leeds United FC (8)
?,(Sat) 18 Sep 2004 (W38),Leicester City FC (9),0-0,0-0,Burnley FC (9)
?,(Sat) 18 Sep 2004 (W38),Plymouth Argyle FC (9),1-2,0-0,Wolverhampton Wanderers FC (9)
?,(Sat) 18 Sep 2004 (W38),Reading FC (9),3-1,3-0,Gillingham FC (9)
?,(Sat) 18 Sep 2004 (W38),Stoke City FC (9),0-0,0-0,Nottingham Forest FC (9)
?,(Sat) 18 Sep 2004 (W38),Sunderland AFC (9),3-1,2-1,Preston North End FC (9)
?,(Sat) 18 Sep 2004 (W38),West Ham United FC (9),1-1,1-0,Ipswich Town FC (9)
?,(Sat) 18 Sep 2004 (W38),Wigan Athletic FC (9),4-0,3-0,Sheffield United FC (9)
?,(Sun) 19 Sep 2004 (W38),Millwall FC (7),0-2,0-0,Watford FC (8)
?,(Wed) 22 Sep 2004 (W39),Millwall FC (8),3-1,1-0,Derby County FC (9)
?,(Fri) 24 Sep 2004 (W39),Leeds United FC (9),0-1,0-0,Sunderland AFC (10)
?,(Sat) 25 Sep 2004 (W39),Burnley FC (10),2-2,2-1,Stoke City FC (10)
?,(Sat) 25 Sep 2004 (W39),Derby County FC (10),1-1,1-1,Wigan Athletic FC (10)
?,(Sat) 25 Sep 2004 (W39),Gillingham FC (10),0-1,0-0,Brighton & Hove Albion FC (10)
?,(Sat) 25 Sep 2004 (W39),Ipswich Town FC (10),3-2,1-2,Plymouth Argyle FC (10)
?,(Sat) 25 Sep 2004 (W39),Preston North End FC (10),1-0,1-0,Crewe Alexandra FC (9)
?,(Sat) 25 Sep 2004 (W39),Queens Park Rangers FC (10),3-2,0-2,Leicester City FC (10)
?,(Sat) 25 Sep 2004 (W39),Rotherham United FC (10),1-1,0-0,Millwall FC (9)
?,(Sat) 25 Sep 2004 (W39),Sheffield United FC (10),1-1,1-1,Coventry City FC (10)
?,(Sat) 25 Sep 2004 (W39),Watford FC (9),0-1,0-0,Reading FC (10)
?,(Sat) 25 Sep 2004 (W39),Wolverhampton Wanderers FC (10),2-3,1-1,Cardiff City FC (10)
?,(Sun) 26 Sep 2004 (W39),Nottingham Forest FC (10),2-1,0-0,West Ham United FC (10)
?,(Tue) 28 Sep 2004 (W40),Burnley FC (11),1-0,0-0,Cardiff City FC (11)
?,(Tue) 28 Sep 2004 (W40),Gillingham FC (11),0-2,0-0,Leicester City FC (11)
?,(Tue) 28 Sep 2004 (W40),Ipswich Town FC (11),1-1,1-1,Reading FC (11)
?,(Tue) 28 Sep 2004 (W40),Leeds United FC (10),0-0,0-0,Stoke City FC (11)
?,(Tue) 28 Sep 2004 (W40),Preston North End FC (11),1-1,0-1,Plymouth Argyle FC (11)
?,(Tue) 28 Sep 2004 (W40),Queens Park Rangers FC (11),4-1,2-0,Coventry City FC (11)
?,(Tue) 28 Sep 2004 (W40),Rotherham United FC (11),2-3,1-1,Crewe Alexandra FC (10)
?,(Tue) 28 Sep 2004 (W40),Sheffield United FC (11),1-0,0-0,Sunderland AFC (11)
?,(Tue) 28 Sep 2004 (W40),Watford FC (10),0-0,0-0,Wigan Athletic FC (11)
?,(Wed) 29 Sep 2004 (W40),Derby County FC (11),1-1,1-1,West Ham United FC (11)
?,(Wed) 29 Sep 2004 (W40),Nottingham Forest FC (11),0-1,0-1,Brighton & Hove Albion FC (11)
?,(Sat) 2 Oct 2004 (W40),Brighton & Hove Albion FC (12),1-1,1-0,Sheffield United FC (12)
?,(Sat) 2 Oct 2004 (W40),Cardiff City FC (12),0-0,0-0,Leeds United FC (11)
?,(Sat) 2 Oct 2004 (W40),Crewe Alexandra FC (11),3-0,3-0,Watford FC (11)
?,(Sat) 2 Oct 2004 (W40),Leicester City FC (12),1-1,1-1,Preston North End FC (12)
?,(Sat) 2 Oct 2004 (W40),Plymouth Argyle FC (12),2-1,0-0,Gillingham FC (12)
?,(Sat) 2 Oct 2004 (W40),Reading FC (12),0-0,0-0,Burnley FC (12)
?,(Sat) 2 Oct 2004 (W40),Stoke City FC (12),0-1,0-0,Queens Park Rangers FC (12)
?,(Sat) 2 Oct 2004 (W40),Sunderland AFC (12),0-0,0-0,Derby County FC (12)
?,(Sat) 2 Oct 2004 (W40),West Ham United FC (12),1-0,0-0,Wolverhampton Wanderers FC (11)
?,(Sat) 2 Oct 2004 (W40),Wigan Athletic FC (12),2-0,1-0,Rotherham United FC (12)
?,(Sun) 3 Oct 2004 (W40),Coventry City FC (12),1-2,0-0,Ipswich Town FC (12)
?,(Sun) 3 Oct 2004 (W40),Millwall FC (10),1-0,1-0,Nottingham Forest FC (12)
?,(Fri) 15 Oct 2004 (W42),Nottingham Forest FC (13),1-0,1-0,Wolverhampton Wanderers FC (12)
?,(Sat) 16 Oct 2004 (W42),Cardiff City FC (13),2-0,0-0,Rotherham United FC (13)
?,(Sat) 16 Oct 2004 (W42),Coventry City FC (13),1-1,0-0,Leicester City FC (13)
?,(Sat) 16 Oct 2004 (W42),Crewe Alexandra FC (12),3-1,2-0,Brighton & Hove Albion FC (13)
?,(Sat) 16 Oct 2004 (W42),Derby County FC (13),2-2,1-2,Watford FC (12)
?,(Sat) 16 Oct 2004 (W42),Ipswich Town FC (13),1-1,0-1,Burnley FC (13)
?,(Sat) 16 Oct 2004 (W42),Leeds United FC (12),1-0,0-0,Preston North End FC (13)
?,(Sat) 16 Oct 2004 (W42),Plymouth Argyle FC (13),1-2,0-0,Wigan Athletic FC (13)
?,(Sat) 16 Oct 2004 (W42),Queens Park Rangers FC (13),1-0,1-0,West Ham United FC (13)
?,(Sat) 16 Oct 2004 (W42),Stoke City FC (13),0-1,0-1,Reading FC (13)
?,(Sat) 16 Oct 2004 (W42),Sunderland AFC (13),1-0,0-0,Millwall FC (11)
?,(Sun) 17 Oct 2004 (W42),Gillingham FC (13),1-3,0-1,Sheffield United FC (13)
?,(Tue) 19 Oct 2004 (W43),Brighton & Hove Albion FC (14),1-1,1-0,Cardiff City FC (14)
?,(Tue) 19 Oct 2004 (W43),Burnley FC (14),2-2,0-0,Coventry City FC (14)
?,(Tue) 19 Oct 2004 (W43),Leicester City FC (14),2-2,1-1,Ipswich Town FC (14)
?,(Tue) 19 Oct 2004 (W43),Millwall FC (12),2-1,2-0,Gillingham FC (14)
?,(Tue) 19 Oct 2004 (W43),Preston North End FC (14),2-1,1-1,Queens Park Rangers FC (14)
?,(Tue) 19 Oct 2004 (W43),Reading FC (14),1-1,1-1,Leeds United FC (13)
?,(Tue) 19 Oct 2004 (W43),Rotherham United FC (14),0-1,0-0,Plymouth Argyle FC (14)
?,(Tue) 19 Oct 2004 (W43),Sheffield United FC (14),1-1,1-0,Nottingham Forest FC (14)
?,(Tue) 19 Oct 2004 (W43),Watford FC (13),1-1,1-1,Sunderland AFC (14)
?,(Tue) 19 Oct 2004 (W43),West Ham United FC (14),2-0,1-0,Stoke City FC (14)
?,(Tue) 19 Oct 2004 (W43),Wigan Athletic FC (14),4-1,2-0,Crewe Alexandra FC (13)
?,(Tue) 19 Oct 2004 (W43),Wolverhampton Wanderers FC (13),2-0,1-0,Derby County FC (14)
?,(Fri) 22 Oct 2004 (W43),Burnley FC (15),0-2,0-0,Derby County FC (15)
?,(Sat) 23 Oct 2004 (W43),Brighton & Hove Albion FC (15),1-0,0-0,Leeds United FC (14)
?,(Sat) 23 Oct 2004 (W43),Leicester City FC (15),1-1,1-1,Stoke City FC (15)
?,(Sat) 23 Oct 2004 (W43),Millwall FC (13),2-2,0-1,Cardiff City FC (15)
?,(Sat) 23 Oct 2004 (W43),Preston North End FC (15),3-2,2-0,Nottingham Forest FC (15)
?,(Sat) 23 Oct 2004 (W43),Reading FC (15),4-0,3-0,Crewe Alexandra FC (14)
?,(Sat) 23 Oct 2004 (W43),Sheffield United FC (15),2-1,0-0,Plymouth Argyle FC (15)
?,(Sat) 23 Oct 2004 (W43),Watford FC (14),2-2,0-0,Ipswich Town FC (15)
?,(Sat) 23 Oct 2004 (W43),West Ham United FC (15),3-1,3-1,Gillingham FC (15)
?,(Sat) 23 Oct 2004 (W43),Wigan Athletic FC (15),4-1,1-1,Coventry City FC (15)
?,(Sat) 23 Oct 2004 (W43),Wolverhampton Wanderers FC (14),2-1,1-0,Queens Park Rangers FC (15)
?,(Mon) 25 Oct 2004 (W44),Rotherham United FC (15),0-1,0-0,Sunderland AFC (15)
?,(Fri) 29 Oct 2004 (W44),Crewe Alexandra FC (15),2-3,1-3,Sheffield United FC (16)
?,(Sat) 30 Oct 2004 (W44),Cardiff City FC (16),0-0,0-0,Leicester City FC (16)
?,(Sat) 30 Oct 2004 (W44),Coventry City FC (16),3-2,1-1,Reading FC (16)
?,(Sat) 30 Oct 2004 (W44),Derby County FC (16),3-2,1-2,Rotherham United FC (16)
?,(Sat) 30 Oct 2004 (W44),Gillingham FC (16),1-0,1-0,Wolverhampton Wanderers FC (15)
?,(Sat) 30 Oct 2004 (W44),Ipswich Town FC (16),3-0,2-0,Preston North End FC (16)
?,(Sat) 30 Oct 2004 (W44),Nottingham Forest FC (16),1-2,1-2,Watford FC (15)
?,(Sat) 30 Oct 2004 (W44),Plymouth Argyle FC (16),1-1,0-1,West Ham United FC (16)
?,(Sat) 30 Oct 2004 (W44),Queens Park Rangers FC (16),3-0,3-0,Burnley FC (16)
?,(Sat) 30 Oct 2004 (W44),Stoke City FC (16),1-0,0-0,Millwall FC (14)
?,(Sat) 30 Oct 2004 (W44),Sunderland AFC (16),2-0,0-0,Brighton & Hove Albion FC (16)
?,(Sun) 31 Oct 2004 (W44),Leeds United FC (15),0-2,0-0,Wigan Athletic FC (16)
?,(Tue) 2 Nov 2004 (W45),Cardiff City FC (17),4-1,2-0,West Ham United FC (17)
?,(Tue) 2 Nov 2004 (W45),Crewe Alexandra FC (16),2-2,0-1,Leicester City FC (17)
?,(Tue) 2 Nov 2004 (W45),Gillingham FC (17),0-0,0-0,Watford FC (16)
?,(Tue) 2 Nov 2004 (W45),Ipswich Town FC (17),5-1,2-1,Sheffield United FC (17)
?,(Tue) 2 Nov 2004 (W45),Plymouth Argyle FC (17),2-2,2-0,Reading FC (17)
?,(Tue) 2 Nov 2004 (W45),Queens Park Rangers FC (17),1-1,0-0,Millwall FC (15)
?,(Tue) 2 Nov 2004 (W45),Stoke City FC (17),0-1,0-0,Wigan Athletic FC (17)
?,(Tue) 2 Nov 2004 (W45),Sunderland AFC (17),3-1,0-1,Wolverhampton Wanderers FC (16)
?,(Wed) 3 Nov 2004 (W45),Coventry City FC (17),1-1,0-0,Preston North End FC (17)
?,(Wed) 3 Nov 2004 (W45),Derby County FC (17),3-0,1-0,Brighton & Hove Albion FC (17)
?,(Wed) 3 Nov 2004 (W45),Leeds United FC (16),1-2,1-2,Burnley FC (17)
?,(Wed) 3 Nov 2004 (W45),Nottingham Forest FC (17),2-2,0-2,Rotherham United FC (17)
?,(Fri) 5 Nov 2004 (W45),Millwall FC (16),2-0,2-0,Sunderland AFC (18)
?,(Sat) 6 Nov 2004 (W45),Brighton & Hove Albion FC (18),1-3,0-1,Crewe Alexandra FC (17)
?,(Sat) 6 Nov 2004 (W45),Burnley FC (18),0-2,0-1,Ipswich Town FC (18)
?,(Sat) 6 Nov 2004 (W45),Preston North End FC (18),2-4,0-3,Leeds United FC (17)
?,(Sat) 6 Nov 2004 (W45),Reading FC (18),1-0,1-0,Stoke City FC (18)
?,(Sat) 6 Nov 2004 (W45),Rotherham United FC (18),2-2,0-0,Cardiff City FC (18)
?,(Sat) 6 Nov 2004 (W45),Sheffield United FC (18),0-0,0-0,Gillingham FC (18)
?,(Sat) 6 Nov 2004 (W45),Watford FC (17),2-2,1-0,Derby County FC (18)
?,(Sat) 6 Nov 2004 (W45),West Ham United FC (18),2-1,1-0,Queens Park Rangers FC (18)
?,(Sat) 6 Nov 2004 (W45),Wigan Athletic FC (18),0-2,0-1,Plymouth Argyle FC (18)
?,(Sat) 6 Nov 2004 (W45),Wolverhampton Wanderers FC (17),2-1,2-1,Nottingham Forest FC (18)
?,(Mon) 8 Nov 2004 (W46),Leicester City FC (18),3-0,2-0,Coventry City FC (18)
?,(Sat) 13 Nov 2004 (W46),Burnley FC (19),1-0,1-0,Nottingham Forest FC (19)
?,(Sat) 13 Nov 2004 (W46),Coventry City FC (19),2-1,2-0,Plymouth Argyle FC (19)
?,(Sat) 13 Nov 2004 (W46),Gillingham FC (19),0-2,0-1,Derby County FC (19)
?,(Sat) 13 Nov 2004 (W46),Ipswich Town FC (19),1-0,0-0,Leeds United FC (18)
?,(Sat) 13 Nov 2004 (W46),Leicester City FC (19),0-1,0-0,Sunderland AFC (19)
?,(Sat) 13 Nov 2004 (W46),Preston North End FC (19),1-1,1-0,Millwall FC (17)
?,(Sat) 13 Nov 2004 (W46),Queens Park Rangers FC (19),1-0,0-0,Wigan Athletic FC (19)
?,(Sat) 13 Nov 2004 (W46),Reading FC (19),2-1,2-0,Cardiff City FC (19)
?,(Sat) 13 Nov 2004 (W46),Rotherham United FC (19),1-2,1-0,Wolverhampton Wanderers FC (18)
?,(Sat) 13 Nov 2004 (W46),Sheffield United FC (19),1-1,1-0,Watford FC (18)
?,(Sat) 13 Nov 2004 (W46),Stoke City FC (19),1-0,0-0,Crewe Alexandra FC (18)
?,(Sat) 13 Nov 2004 (W46),West Ham United FC (19),0-1,0-0,Brighton & Hove Albion FC (19)
?,(Fri) 19 Nov 2004 (W47),Cardiff City FC (20),0-1,0-1,Preston North End FC (20)
?,(Sat) 20 Nov 2004 (W47),Brighton & Hove Albion FC (20),0-1,0-0,Burnley FC (20)
?,(Sat) 20 Nov 2004 (W47),Crewe Alexandra FC (19),4-1,1-0,Gillingham FC (20)
?,(Sat) 20 Nov 2004 (W47),Derby County FC (20),0-1,0-0,Sheffield United FC (20)
?,(Sat) 20 Nov 2004 (W47),Leeds United FC (19),6-1,5-1,Queens Park Rangers FC (20)
?,(Sat) 20 Nov 2004 (W47),Nottingham Forest FC (20),1-0,1-0,Reading FC (20)
?,(Sat) 20 Nov 2004 (W47),Plymouth Argyle FC (20),0-0,0-0,Stoke City FC (20)
?,(Sat) 20 Nov 2004 (W47),Watford FC (19),0-0,0-0,Rotherham United FC (20)
?,(Sat) 20 Nov 2004 (W47),Wigan Athletic FC (20),0-0,0-0,Leicester City FC (20)
?,(Sat) 20 Nov 2004 (W47),Wolverhampton Wanderers FC (19),0-1,0-0,Coventry City FC (20)
?,(Sun) 21 Nov 2004 (W47),Millwall FC (18),1-0,0-0,West Ham United FC (20)
?,(Sun) 21 Nov 2004 (W47),Sunderland AFC (20),2-0,0-0,Ipswich Town FC (20)
?,(Wed) 24 Nov 2004 (W48),Leeds United FC (20),2-2,1-1,Watford FC (20)
?,(Sat) 27 Nov 2004 (W48),Burnley FC (21),1-0,0-0,Millwall FC (19)
?,(Sat) 27 Nov 2004 (W48),Coventry City FC (21),0-1,0-1,Crewe Alexandra FC (20)
?,(Sat) 27 Nov 2004 (W48),Gillingham FC (21),2-1,0-1,Nottingham Forest FC (21)
?,(Sat) 27 Nov 2004 (W48),Ipswich Town FC (21),1-0,1-0,Brighton & Hove Albion FC (21)
?,(Sat) 27 Nov 2004 (W48),Leicester City FC (21),2-1,0-1,Plymouth Argyle FC (21)
?,(Sat) 27 Nov 2004 (W48),Preston North End FC (21),3-0,2-0,Derby County FC (21)
?,(Sat) 27 Nov 2004 (W48),Queens Park Rangers FC (21),1-0,1-0,Cardiff City FC (21)
?,(Sat) 27 Nov 2004 (W48),Reading FC (21),1-1,1-1,Wigan Athletic FC (21)
?,(Sat) 27 Nov 2004 (W48),Sheffield United FC (21),3-3,1-1,Wolverhampton Wanderers FC (20)
?,(Sat) 27 Nov 2004 (W48),Stoke City FC (21),0-1,0-0,Sunderland AFC (21)
?,(Sat) 27 Nov 2004 (W48),West Ham United FC (21),3-2,2-2,Watford FC (21)
?,(Mon) 29 Nov 2004 (W49),Rotherham United FC (21),1-0,0-0,Leeds United FC (21)
?,(Tue) 30 Nov 2004 (W49),Crewe Alexandra FC (21),2-1,1-0,Millwall FC (20)
?,(Sat) 4 Dec 2004 (W49),Brighton & Hove Albion FC (22),1-0,0-0,Rotherham United FC (22)
?,(Sat) 4 Dec 2004 (W49),Cardiff City FC (22),3-1,2-1,Gillingham FC (22)
?,(Sat) 4 Dec 2004 (W49),Crewe Alexandra FC (22),2-2,2-0,Ipswich Town FC (22)
?,(Sat) 4 Dec 2004 (W49),Derby County FC (22),2-2,0-1,Coventry City FC (22)
?,(Sat) 4 Dec 2004 (W49),Leeds United FC (22),0-2,0-0,Leicester City FC (22)
?,(Sat) 4 Dec 2004 (W49),Millwall FC (21),1-2,0-0,Sheffield United FC (22)
?,(Sat) 4 Dec 2004 (W49),Nottingham Forest FC (22),2-1,1-0,Queens Park Rangers FC (22)
?,(Sat) 4 Dec 2004 (W49),Plymouth Argyle FC (22),1-0,0-0,Burnley FC (22)
?,(Sat) 4 Dec 2004 (W49),Sunderland AFC (22),0-2,0-0,West Ham United FC (22)
?,(Sat) 4 Dec 2004 (W49),Watford FC (22),0-1,0-1,Stoke City FC (22)
?,(Sat) 4 Dec 2004 (W49),Wolverhampton Wanderers FC (21),4-1,2-0,Reading FC (22)
?,(Sun) 5 Dec 2004 (W49),Wigan Athletic FC (22),5-0,1-0,Preston North End FC (22)
?,(Tue) 7 Dec 2004 (W50),Wolverhampton Wanderers FC (22),1-2,0-1,Millwall FC (22)
?,(Fri) 10 Dec 2004 (W50),West Ham United FC (23),1-1,0-0,Leeds United FC (23)
?,(Sat) 11 Dec 2004 (W50),Burnley FC (23),2-0,1-0,Preston North End FC (23)
?,(Sat) 11 Dec 2004 (W50),Cardiff City FC (23),0-2,0-0,Sunderland AFC (23)
?,(Sat) 11 Dec 2004 (W50),Crewe Alexandra FC (23),3-0,1-0,Plymouth Argyle FC (23)
?,(Sat) 11 Dec 2004 (W50),Derby County FC (23),3-0,1-0,Nottingham Forest FC (23)
?,(Sat) 11 Dec 2004 (W50),Leicester City FC (23),0-2,0-0,Reading FC (23)
?,(Sat) 11 Dec 2004 (W50),Millwall FC (23),2-0,1-0,Brighton & Hove Albion FC (23)
?,(Sat) 11 Dec 2004 (W50),Queens Park Rangers FC (23),2-4,2-1,Ipswich Town FC (23)
?,(Sat) 11 Dec 2004 (W50),Rotherham United FC (23),2-2,0-1,Sheffield United FC (23)
?,(Sat) 11 Dec 2004 (W50),Stoke City FC (23),1-0,1-0,Coventry City FC (23)
?,(Sat) 11 Dec 2004 (W50),Watford FC (23),1-1,1-1,Wolverhampton Wanderers FC (23)
?,(Sat) 11 Dec 2004 (W50),Wigan Athletic FC (23),2-0,1-0,Gillingham FC (23)
?,(Fri) 17 Dec 2004 (W51),Brighton & Hove Albion FC (24),0-1,0-0,Stoke City FC (24)
?,(Fri) 17 Dec 2004 (W51),Nottingham Forest FC (24),1-1,0-0,Leicester City FC (24)
?,(Sat) 18 Dec 2004 (W51),Coventry City FC (24),1-0,1-0,Watford FC (24)
?,(Sat) 18 Dec 2004 (W51),Gillingham FC (24),3-1,0-0,Rotherham United FC (24)
?,(Sat) 18 Dec 2004 (W51),Plymouth Argyle FC (24),0-2,0-1,Derby County FC (24)
?,(Sat) 18 Dec 2004 (W51),Preston North End FC (24),2-1,2-0,West Ham United FC (24)
?,(Sat) 18 Dec 2004 (W51),Reading FC (24),1-0,0-0,Queens Park Rangers FC (24)
?,(Sat) 18 Dec 2004 (W51),Sheffield United FC (24),2-1,0-1,Cardiff City FC (24)
?,(Sat) 18 Dec 2004 (W51),Sunderland AFC (24),2-1,1-1,Burnley FC (24)
?,(Sat) 18 Dec 2004 (W51),Wolverhampton Wanderers FC (24),1-1,0-1,Crewe Alexandra FC (24)
?,(Sun) 19 Dec 2004 (W51),Leeds United FC (24),1-1,1-0,Millwall FC (24)
?,(Tue) 21 Dec 2004 (W52),Ipswich Town FC (24),2-1,0-0,Wigan Athletic FC (24)
?,(Sun) 26 Dec 2004 (W52),Brighton & Hove Albion FC (25),2-1,0-1,Gillingham FC (25)
?,(Sun) 26 Dec 2004 (W52),Cardiff City FC (25),1-1,1-0,Wolverhampton Wanderers FC (25)
?,(Sun) 26 Dec 2004 (W52),Coventry City FC (25),1-2,1-2,Sheffield United FC (25)
?,(Sun) 26 Dec 2004 (W52),Leicester City FC (25),0-1,0-1,Rotherham United FC (25)
?,(Sun) 26 Dec 2004 (W52),Millwall FC (25),3-1,1-0,Ipswich Town FC (25)
?,(Sun) 26 Dec 2004 (W52),Plymouth Argyle FC (25),2-1,1-0,Queens Park Rangers FC (25)
?,(Sun) 26 Dec 2004 (W52),Reading FC (25),3-0,1-0,Watford FC (25)
?,(Sun) 26 Dec 2004 (W52),Stoke City FC (25),0-0,0-0,Preston North End FC (25)
?,(Sun) 26 Dec 2004 (W52),Sunderland AFC (25),2-3,1-1,Leeds United FC (25)
?,(Sun) 26 Dec 2004 (W52),West Ham United FC (25),3-2,2-0,Nottingham Forest FC (25)
?,(Sun) 26 Dec 2004 (W52),Wigan Athletic FC (25),1-2,1-0,Derby County FC (25)
?,(Tue) 28 Dec 2004 (W53),Burnley FC (25),1-0,1-0,Wigan Athletic FC (26)
?,(Tue) 28 Dec 2004 (W53),Derby County FC (26),0-3,0-1,Millwall FC (26)
?,(Tue) 28 Dec 2004 (W53),Gillingham FC (26),3-1,1-1,Coventry City FC (26)
?,(Tue) 28 Dec 2004 (W53),Ipswich Town FC (26),1-0,1-0,Stoke City FC (26)
?,(Tue) 28 Dec 2004 (W53),Leeds United FC (26),2-1,0-0,Plymouth Argyle FC (26)
?,(Tue) 28 Dec 2004 (W53),Nottingham Forest FC (26),1-2,0-0,Sunderland AFC (26)
?,(Tue) 28 Dec 2004 (W53),Preston North End FC (26),3-0,2-0,Reading FC (26)
?,(Tue) 28 Dec 2004 (W53),Queens Park Rangers FC (26),1-2,0-2,Crewe Alexandra FC (25)
?,(Tue) 28 Dec 2004 (W53),Rotherham United FC (26),2-2,2-0,West Ham United FC (26)
?,(Tue) 28 Dec 2004 (W53),Sheffield United FC (26),2-0,0-0,Leicester City FC (26)
?,(Tue) 28 Dec 2004 (W53),Watford FC (26),0-0,0-0,Cardiff City FC (26)
?,(Tue) 28 Dec 2004 (W53),Wolverhampton Wanderers FC (26),1-1,1-1,Brighton & Hove Albion FC (26)
?,(Sat) 1 Jan 2005 (W53),Derby County FC (27),0-1,0-1,Cardiff City FC (27)
?,(Sat) 1 Jan 2005 (W53),Gillingham FC (27),0-0,0-0,Reading FC (27)
?,(Sat) 1 Jan 2005 (W53),Ipswich Town FC (27),0-2,0-1,West Ham United FC (27)
?,(Sat) 1 Jan 2005 (W53),Leeds United FC (27),0-2,0-1,Crewe Alexandra FC (26)
?,(Sat) 1 Jan 2005 (W53),Nottingham Forest FC (27),1-0,0-0,Stoke City FC (27)
?,(Sat) 1 Jan 2005 (W53),Preston North End FC (27),3-2,3-0,Sunderland AFC (27)
?,(Sat) 1 Jan 2005 (W53),Queens Park Rangers FC (27),0-0,0-0,Brighton & Hove Albion FC (27)
?,(Sat) 1 Jan 2005 (W53),Rotherham United FC (27),1-2,1-0,Coventry City FC (27)
?,(Sat) 1 Jan 2005 (W53),Sheffield United FC (27),0-2,0-1,Wigan Athletic FC (27)
?,(Sat) 1 Jan 2005 (W53),Watford FC (27),1-0,0-0,Millwall FC (27)
?,(Sat) 1 Jan 2005 (W53),Wolverhampton Wanderers FC (27),1-1,1-0,Plymouth Argyle FC (27)
?,(Mon) 3 Jan 2005 (W1),Brighton & Hove Albion FC (28),2-1,1-1,Watford FC (28)
?,(Mon) 3 Jan 2005 (W1),Cardiff City FC (28),3-0,0-0,Nottingham Forest FC (28)
?,(Mon) 3 Jan 2005 (W1),Coventry City FC (28),1-2,0-1,Leeds United FC (28)
?,(Mon) 3 Jan 2005 (W1),Crewe Alexandra FC (27),1-2,0-1,Preston North End FC (28)
?,(Mon) 3 Jan 2005 (W1),Leicester City FC (27),1-0,1-0,Queens Park Rangers FC (28)
?,(Mon) 3 Jan 2005 (W1),Millwall FC (28),1-2,1-1,Rotherham United FC (28)
?,(Mon) 3 Jan 2005 (W1),Plymouth Argyle FC (28),1-2,0-0,Ipswich Town FC (28)
?,(Mon) 3 Jan 2005 (W1),Reading FC (28),0-1,0-1,Derby County FC (28)
?,(Mon) 3 Jan 2005 (W1),Stoke City FC (28),0-1,0-0,Burnley FC (26)
?,(Mon) 3 Jan 2005 (W1),Sunderland AFC (28),1-1,1-1,Gillingham FC (28)
?,(Mon) 3 Jan 2005 (W1),West Ham United FC (28),0-2,0-1,Sheffield United FC (28)
?,(Tue) 4 Jan 2005 (W1),Wigan Athletic FC (28),2-0,2-0,Wolverhampton Wanderers FC (28)
?,(Fri) 14 Jan 2005 (W2),Queens Park Rangers FC (29),1-0,1-0,Stoke City FC (29)
?,(Sat) 15 Jan 2005 (W2),Burnley FC (27),0-0,0-0,Reading FC (29)
?,(Sat) 15 Jan 2005 (W2),Gillingham FC (29),1-0,0-0,Plymouth Argyle FC (29)
?,(Sat) 15 Jan 2005 (W2),Ipswich Town FC (29),3-2,1-1,Coventry City FC (29)
?,(Sat) 15 Jan 2005 (W2),Leeds United FC (29),1-1,1-0,Cardiff City FC (29)
?,(Sat) 15 Jan 2005 (W2),Nottingham Forest FC (29),1-2,0-2,Millwall FC (29)
?,(Sat) 15 Jan 2005 (W2),Preston North End FC (29),1-1,0-1,Leicester City FC (28)
?,(Sat) 15 Jan 2005 (W2),Rotherham United FC (29),0-2,0-0,Wigan Athletic FC (29)
?,(Sat) 15 Jan 2005 (W2),Sheffield United FC (29),1-2,0-1,Brighton & Hove Albion FC (29)
?,(Sat) 15 Jan 2005 (W2),Watford FC (29),3-1,2-0,Crewe Alexandra FC (28)
?,(Sat) 15 Jan 2005 (W2),Wolverhampton Wanderers FC (29),4-2,1-1,West Ham United FC (29)
?,(Sun) 16 Jan 2005 (W2),Derby County FC (29),0-2,0-0,Sunderland AFC (29)
?,(Sat) 22 Jan 2005 (W3),Brighton & Hove Albion FC (30),0-0,0-0,Nottingham Forest FC (30)
?,(Sat) 22 Jan 2005 (W3),Cardiff City FC (30),2-0,1-0,Burnley FC (28)
?,(Sat) 22 Jan 2005 (W3),Coventry City FC (30),1-2,0-1,Queens Park Rangers FC (30)
?,(Sat) 22 Jan 2005 (W3),Crewe Alexandra FC (29),1-1,0-1,Rotherham United FC (30)
?,(Sat) 22 Jan 2005 (W3),Leicester City FC (29),2-0,2-0,Gillingham FC (30)
?,(Sat) 22 Jan 2005 (W3),Millwall FC (30),1-2,0-1,Wolverhampton Wanderers FC (30)
?,(Sat) 22 Jan 2005 (W3),Plymouth Argyle FC (30),0-2,0-2,Preston North End FC (30)
?,(Sat) 22 Jan 2005 (W3),Reading FC (30),1-1,0-0,Ipswich Town FC (30)
?,(Sat) 22 Jan 2005 (W3),Stoke City FC (30),0-1,0-0,Leeds United FC (30)
?,(Sat) 22 Jan 2005 (W3),Sunderland AFC (30),1-0,1-0,Sheffield United FC (30)
?,(Sat) 22 Jan 2005 (W3),Wigan Athletic FC (30),2-2,1-2,Watford FC (30)
?,(Sun) 23 Jan 2005 (W3),West Ham United FC (30),1-2,1-1,Derby County FC (30)
?,(Wed) 26 Jan 2005 (W4),Derby County FC (31),2-0,0-0,Leeds United FC (31)
?,(Sat) 29 Jan 2005 (W4),Leeds United FC (32),1-1,1-0,Brighton & Hove Albion FC (31)
?,(Fri) 4 Feb 2005 (W5),Wolverhampton Wanderers FC (31),1-1,1-1,Sunderland AFC (31)
?,(Sat) 5 Feb 2005 (W5),Brighton & Hove Albion FC (32),2-3,1-2,Derby County FC (32)
?,(Sat) 5 Feb 2005 (W5),Burnley FC (29),0-1,0-0,Leeds United FC (33)
?,(Sat) 5 Feb 2005 (W5),Leicester City FC (30),1-1,0-1,Crewe Alexandra FC (30)
?,(Sat) 5 Feb 2005 (W5),Millwall FC (31),0-0,0-0,Queens Park Rangers FC (31)
?,(Sat) 5 Feb 2005 (W5),Preston North End FC (31),3-2,2-1,Coventry City FC (31)
?,(Sat) 5 Feb 2005 (W5),Reading FC (31),0-0,0-0,Plymouth Argyle FC (31)
?,(Sat) 5 Feb 2005 (W5),Rotherham United FC (31),0-0,0-0,Nottingham Forest FC (31)
?,(Sat) 5 Feb 2005 (W5),Sheffield United FC (31),0-2,0-1,Ipswich Town FC (31)
?,(Sat) 5 Feb 2005 (W5),Watford FC (31),2-0,1-0,Gillingham FC (31)
?,(Sat) 5 Feb 2005 (W5),Wigan Athletic FC (31),0-1,0-1,Stoke City FC (31)
?,(Sun) 6 Feb 2005 (W5),West Ham United FC (31),1-0,0-0,Cardiff City FC (31)
?,(Sat) 12 Feb 2005 (W6),Cardiff City FC (32),2-0,2-0,Brighton & Hove Albion FC (33)
?,(Sat) 12 Feb 2005 (W6),Coventry City FC (32),0-2,0-0,Burnley FC (30)
?,(Sat) 12 Feb 2005 (W6),Crewe Alexandra FC (31),1-3,1-1,Wigan Athletic FC (32)
?,(Sat) 12 Feb 2005 (W6),Gillingham FC (32),0-0,0-0,Millwall FC (32)
?,(Sat) 12 Feb 2005 (W6),Ipswich Town FC (32),2-1,2-0,Leicester City FC (31)
?,(Sat) 12 Feb 2005 (W6),Leeds United FC (34),3-1,1-0,Reading FC (32)
?,(Sat) 12 Feb 2005 (W6),Plymouth Argyle FC (32),1-1,0-1,Rotherham United FC (32)
?,(Sat) 12 Feb 2005 (W6),Queens Park Rangers FC (32),1-2,1-0,Preston North End FC (32)
?,(Sat) 12 Feb 2005 (W6),Sunderland AFC (32),4-2,2-0,Watford FC (32)
?,(Tue) 15 Feb 2005 (W7),Crewe Alexandra FC (32),1-1,1-0,Burnley FC (31)
?,(Fri) 18 Feb 2005 (W7),Preston North End FC (33),1-1,1-0,Ipswich Town FC (33)
?,(Sat) 19 Feb 2005 (W7),Brighton & Hove Albion FC (34),2-1,2-0,Sunderland AFC (33)
?,(Sat) 19 Feb 2005 (W7),Millwall FC (33),0-1,0-1,Stoke City FC (32)
?,(Sat) 19 Feb 2005 (W7),Reading FC (33),1-2,1-0,Coventry City FC (33)
?,(Sat) 19 Feb 2005 (W7),Rotherham United FC (33),1-3,1-1,Derby County FC (33)
?,(Sat) 19 Feb 2005 (W7),West Ham United FC (32),5-0,3-0,Plymouth Argyle FC (33)
?,(Sat) 19 Feb 2005 (W7),Wigan Athletic FC (33),3-0,1-0,Leeds United FC (35)
?,(Sat) 19 Feb 2005 (W7),Wolverhampton Wanderers FC (32),2-2,0-0,Gillingham FC (33)
?,(Tue) 22 Feb 2005 (W8),Cardiff City FC (33),0-1,0-1,Millwall FC (34)
?,(Tue) 22 Feb 2005 (W8),Crewe Alexandra FC (33),1-1,1-0,Reading FC (34)
?,(Tue) 22 Feb 2005 (W8),Gillingham FC (34),0-1,0-1,West Ham United FC (33)
?,(Tue) 22 Feb 2005 (W8),Ipswich Town FC (34),1-2,0-1,Watford FC (33)
?,(Tue) 22 Feb 2005 (W8),Plymouth Argyle FC (34),3-0,1-0,Sheffield United FC (32)
?,(Tue) 22 Feb 2005 (W8),Queens Park Rangers FC (33),1-1,1-0,Wolverhampton Wanderers FC (33)
?,(Tue) 22 Feb 2005 (W8),Stoke City FC (33),3-2,2-1,Leicester City FC (32)
?,(Tue) 22 Feb 2005 (W8),Sunderland AFC (34),4-1,2-0,Rotherham United FC (34)
?,(Wed) 23 Feb 2005 (W8),Coventry City FC (34),1-2,1-1,Wigan Athletic FC (34)
?,(Wed) 23 Feb 2005 (W8),Derby County FC (34),1-1,0-1,Burnley FC (32)
?,(Wed) 23 Feb 2005 (W8),Nottingham Forest FC (32),2-0,0-0,Preston North End FC (34)
?,(Sat) 26 Feb 2005 (W8),Brighton & Hove Albion FC (35),1-0,0-0,Millwall FC (35)
?,(Sat) 26 Feb 2005 (W8),Coventry City FC (35),0-0,0-0,Stoke City FC (34)
?,(Sat) 26 Feb 2005 (W8),Gillingham FC (35),2-1,0-0,Wigan Athletic FC (35)
?,(Sat) 26 Feb 2005 (W8),Ipswich Town FC (35),0-2,0-1,Queens Park Rangers FC (34)
?,(Sat) 26 Feb 2005 (W8),Leeds United FC (36),2-1,0-0,West Ham United FC (34)
?,(Sat) 26 Feb 2005 (W8),Nottingham Forest FC (33),2-2,1-1,Derby County FC (35)
?,(Sat) 26 Feb 2005 (W8),Plymouth Argyle FC (35),3-0,1-0,Crewe Alexandra FC (34)
?,(Sat) 26 Feb 2005 (W8),Preston North End FC (35),1-0,0-0,Burnley FC (33)
?,(Sat) 26 Feb 2005 (W8),Reading FC (35),0-0,0-0,Leicester City FC (33)
?,(Sat) 26 Feb 2005 (W8),Sheffield United FC (33),1-0,0-0,Rotherham United FC (35)
?,(Sat) 26 Feb 2005 (W8),Sunderland AFC (35),2-1,2-0,Cardiff City FC (34)
?,(Sat) 26 Feb 2005 (W8),Wolverhampton Wanderers FC (34),0-0,0-0,Watford FC (34)
?,(Wed) 2 Mar 2005 (W9),Derby County FC (36),3-3,1-1,Wolverhampton Wanderers FC (35)
?,(Fri) 4 Mar 2005 (W9),Burnley FC (34),0-2,0-1,Sunderland AFC (36)
?,(Sat) 5 Mar 2005 (W9),Cardiff City FC (35),1-0,0-0,Sheffield United FC (34)
?,(Sat) 5 Mar 2005 (W9),Crewe Alexandra FC (35),1-4,1-3,Wolverhampton Wanderers FC (36)
?,(Sat) 5 Mar 2005 (W9),Derby County FC (37),1-0,1-0,Plymouth Argyle FC (36)
?,(Sat) 5 Mar 2005 (W9),Leicester City FC (34),0-1,0-1,Nottingham Forest FC (34)
?,(Sat) 5 Mar 2005 (W9),Queens Park Rangers FC (35),0-0,0-0,Reading FC (36)
?,(Sat) 5 Mar 2005 (W9),Rotherham United FC (36),1-3,0-1,Gillingham FC (36)
?,(Sat) 5 Mar 2005 (W9),Stoke City FC (35),2-0,2-0,Brighton & Hove Albion FC (36)
?,(Sat) 5 Mar 2005 (W9),Watford FC (35),2-3,1-1,Coventry City FC (36)
?,(Sat) 5 Mar 2005 (W9),West Ham United FC (35),1-2,0-1,Preston North End FC (36)
?,(Sat) 5 Mar 2005 (W9),Wigan Athletic FC (36),1-0,1-0,Ipswich Town FC (36)
?,(Sun) 6 Mar 2005 (W9),Millwall FC (36),1-1,1-0,Leeds United FC (37)
?,(Tue) 8 Mar 2005 (W10),Burnley FC (35),0-0,0-0,Leicester City FC (35)
?,(Tue) 8 Mar 2005 (W10),Sheffield United FC (35),4-0,2-0,Crewe Alexandra FC (36)
?,(Tue) 8 Mar 2005 (W10),Watford FC (36),0-2,0-1,Nottingham Forest FC (35)
?,(Sat) 12 Mar 2005 (W10),Burnley FC (36),2-1,2-1,Rotherham United FC (37)
?,(Sat) 12 Mar 2005 (W10),Coventry City FC (37),1-1,1-1,Cardiff City FC (36)
?,(Sat) 12 Mar 2005 (W10),Crewe Alexandra FC (37),0-1,0-0,Sunderland AFC (37)
?,(Sat) 12 Mar 2005 (W10),Ipswich Town FC (37),6-0,2-0,Nottingham Forest FC (36)
?,(Sat) 12 Mar 2005 (W10),Leeds United FC (38),1-1,0-1,Gillingham FC (37)
?,(Sat) 12 Mar 2005 (W10),Plymouth Argyle FC (37),5-1,4-1,Brighton & Hove Albion FC (37)
?,(Sat) 12 Mar 2005 (W10),Preston North End FC (37),2-2,1-1,Wolverhampton Wanderers FC (37)
?,(Sat) 12 Mar 2005 (W10),Queens Park Rangers FC (36),3-1,2-0,Watford FC (37)
?,(Sat) 12 Mar 2005 (W10),Reading FC (37),3-1,2-0,West Ham United FC (36)
?,(Sat) 12 Mar 2005 (W10),Stoke City FC (36),2-0,0-0,Sheffield United FC (36)
?,(Sat) 12 Mar 2005 (W10),Wigan Athletic FC (37),2-0,0-0,Millwall FC (37)
?,(Tue) 15 Mar 2005 (W11),Brighton & Hove Albion FC (38),2-4,1-4,Wigan Athletic FC (38)
?,(Tue) 15 Mar 2005 (W11),Cardiff City FC (37),0-1,0-0,Ipswich Town FC (38)
?,(Tue) 15 Mar 2005 (W11),Gillingham FC (38),2-1,1-0,Stoke City FC (37)
?,(Tue) 15 Mar 2005 (W11),Millwall FC (38),1-1,0-0,Coventry City FC (38)
?,(Tue) 15 Mar 2005 (W11),Rotherham United FC (38),1-0,0-0,Reading FC (38)
?,(Tue) 15 Mar 2005 (W11),Sheffield United FC (37),1-1,1-0,Preston North End FC (38)
?,(Tue) 15 Mar 2005 (W11),Sunderland AFC (38),5-1,3-0,Plymouth Argyle FC (38)
?,(Tue) 15 Mar 2005 (W11),Watford FC (38),2-2,2-0,Leicester City FC (36)
?,(Tue) 15 Mar 2005 (W11),West Ham United FC (37),1-1,0-0,Crewe Alexandra FC (38)
?,(Tue) 15 Mar 2005 (W11),Wolverhampton Wanderers FC (38),2-0,1-0,Burnley FC (37)
?,(Wed) 16 Mar 2005 (W11),Derby County FC (38),0-0,0-0,Queens Park Rangers FC (37)
?,(Wed) 16 Mar 2005 (W11),Nottingham Forest FC (37),0-0,0-0,Leeds United FC (39)
?,(Fri) 18 Mar 2005 (W11),West Ham United FC (38),2-2,1-2,Leicester City FC (37)
?,(Sat) 19 Mar 2005 (W11),Cardiff City FC (38),1-1,1-0,Crewe Alexandra FC (39)
?,(Sat) 19 Mar 2005 (W11),Gillingham FC (39),0-0,0-0,Ipswich Town FC (39)
?,(Sat) 19 Mar 2005 (W11),Nottingham Forest FC (38),1-1,0-0,Wigan Athletic FC (39)
?,(Sat) 19 Mar 2005 (W11),Rotherham United FC (39),0-1,0-0,Queens Park Rangers FC (38)
?,(Sat) 19 Mar 2005 (W11),Sheffield United FC (38),2-1,1-0,Burnley FC (38)
?,(Sat) 19 Mar 2005 (W11),Sunderland AFC (39),1-0,0-0,Coventry City FC (39)
?,(Sat) 19 Mar 2005 (W11),Watford FC (39),0-2,0-0,Preston North End FC (39)
?,(Sat) 19 Mar 2005 (W11),Wolverhampton Wanderers FC (39),1-1,0-1,Stoke City FC (38)
?,(Sun) 20 Mar 2005 (W11),Millwall FC (39),3-0,1-0,Plymouth Argyle FC (39)
?,(Mon) 21 Mar 2005 (W12),Brighton & Hove Albion FC (39),0-1,0-1,Reading FC (39)
?,(Sat) 2 Apr 2005 (W13),Burnley FC (39),3-1,2-0,Watford FC (40)
?,(Sat) 2 Apr 2005 (W13),Coventry City FC (40),2-1,0-0,Brighton & Hove Albion FC (40)
?,(Sat) 2 Apr 2005 (W13),Crewe Alexandra FC (40),1-1,0-1,Nottingham Forest FC (39)
?,(Sat) 2 Apr 2005 (W13),Ipswich Town FC (40),3-2,1-1,Derby County FC (39)
?,(Sat) 2 Apr 2005 (W13),Leeds United FC (40),1-1,0-1,Wolverhampton Wanderers FC (40)
?,(Sat) 2 Apr 2005 (W13),Leicester City FC (38),3-1,1-0,Millwall FC (40)
?,(Sat) 2 Apr 2005 (W13),Plymouth Argyle FC (40),1-1,0-1,Cardiff City FC (39)
?,(Sat) 2 Apr 2005 (W13),Preston North End FC (40),1-1,1-0,Gillingham FC (40)
?,(Sat) 2 Apr 2005 (W13),Queens Park Rangers FC (39),1-3,1-0,Sunderland AFC (40)
?,(Sat) 2 Apr 2005 (W13),Reading FC (40),0-0,0-0,Sheffield United FC (39)
?,(Sat) 2 Apr 2005 (W13),Stoke City FC (39),1-2,0-1,Rotherham United FC (40)
?,(Sat) 2 Apr 2005 (W13),Wigan Athletic FC (40),1-2,0-0,West Ham United FC (39)
?,(Tue) 5 Apr 2005 (W14),Burnley FC (40),0-1,0-0,West Ham United FC (40)
?,(Tue) 5 Apr 2005 (W14),Crewe Alexandra FC (41),1-2,0-1,Derby County FC (40)
?,(Tue) 5 Apr 2005 (W14),Ipswich Town FC (41),4-3,2-1,Rotherham United FC (41)
?,(Tue) 5 Apr 2005 (W14),Leeds United FC (41),0-4,0-2,Sheffield United FC (40)
?,(Tue) 5 Apr 2005 (W14),Leicester City FC (39),1-1,0-0,Wolverhampton Wanderers FC (41)
?,(Tue) 5 Apr 2005 (W14),Plymouth Argyle FC (41),1-0,1-0,Watford FC (41)
?,(Tue) 5 Apr 2005 (W14),Preston North End FC (41),3-0,2-0,Brighton & Hove Albion FC (41)
?,(Tue) 5 Apr 2005 (W14),Queens Park Rangers FC (40),1-1,0-1,Gillingham FC (41)
?,(Tue) 5 Apr 2005 (W14),Reading FC (41),2-1,0-1,Millwall FC (41)
?,(Tue) 5 Apr 2005 (W14),Stoke City FC (40),1-3,1-1,Cardiff City FC (40)
?,(Tue) 5 Apr 2005 (W14),Wigan Athletic FC (41),0-1,0-1,Sunderland AFC (41)
?,(Wed) 6 Apr 2005 (W14),Coventry City FC (41),2-0,2-0,Nottingham Forest FC (40)
?,(Sat) 9 Apr 2005 (W14),Brighton & Hove Albion FC (42),1-1,0-1,Leicester City FC (40)
?,(Sat) 9 Apr 2005 (W14),Cardiff City FC (41),0-2,0-0,Wigan Athletic FC (42)
?,(Sat) 9 Apr 2005 (W14),Derby County FC (41),3-1,2-1,Stoke City FC (41)
?,(Sat) 9 Apr 2005 (W14),Gillingham FC (42),1-0,0-0,Burnley FC (41)
?,(Sat) 9 Apr 2005 (W14),Millwall FC (42),4-3,1-0,Crewe Alexandra FC (42)
?,(Sat) 9 Apr 2005 (W14),Nottingham Forest FC (41),0-3,0-2,Plymouth Argyle FC (42)
?,(Sat) 9 Apr 2005 (W14),Rotherham United FC (42),1-2,1-0,Preston North End FC (42)
?,(Sat) 9 Apr 2005 (W14),Sheffield United FC (41),3-2,1-1,Queens Park Rangers FC (41)
?,(Sat) 9 Apr 2005 (W14),Sunderland AFC (42),1-2,0-0,Reading FC (42)
?,(Sat) 9 Apr 2005 (W14),Watford FC (42),1-2,1-1,Leeds United FC (42)
?,(Sat) 9 Apr 2005 (W14),West Ham United FC (41),3-0,0-0,Coventry City FC (42)
?,(Mon) 11 Apr 2005 (W15),Wolverhampton Wanderers FC (42),2-0,2-0,Ipswich Town FC (42)
?,(Tue) 12 Apr 2005 (W15),Nottingham Forest FC (42),1-1,0-0,Sheffield United FC (42)
?,(Fri) 15 Apr 2005 (W15),Sheffield United FC (43),0-1,0-0,Derby County FC (42)
?,(Sat) 16 Apr 2005 (W15),Burnley FC (42),1-1,1-0,Brighton & Hove Albion FC (43)
?,(Sat) 16 Apr 2005 (W15),Coventry City FC (43),2-2,1-1,Wolverhampton Wanderers FC (43)
?,(Sat) 16 Apr 2005 (W15),Gillingham FC (43),1-1,0-0,Crewe Alexandra FC (43)
?,(Sat) 16 Apr 2005 (W15),Leicester City FC (41),0-2,0-1,Wigan Athletic FC (43)
?,(Sat) 16 Apr 2005 (W15),Preston North End FC (43),3-0,0-0,Cardiff City FC (42)
?,(Sat) 16 Apr 2005 (W15),Queens Park Rangers FC (42),1-1,0-1,Leeds United FC (43)
?,(Sat) 16 Apr 2005 (W15),Reading FC (43),1-0,0-0,Nottingham Forest FC (43)
?,(Sat) 16 Apr 2005 (W15),Rotherham United FC (43),0-1,0-1,Watford FC (43)
?,(Sat) 16 Apr 2005 (W15),Stoke City FC (42),2-0,2-0,Plymouth Argyle FC (43)
?,(Sat) 16 Apr 2005 (W15),West Ham United FC (42),1-1,1-1,Millwall FC (43)
?,(Sun) 17 Apr 2005 (W15),Ipswich Town FC (43),2-2,0-0,Sunderland AFC (43)
?,(Tue) 19 Apr 2005 (W16),Burnley FC (43),2-0,1-0,Queens Park Rangers FC (43)
?,(Tue) 19 Apr 2005 (W16),Leicester City FC (42),1-1,1-0,Cardiff City FC (43)
?,(Tue) 19 Apr 2005 (W16),Stoke City FC (43),0-1,0-0,West Ham United FC (43)
?,(Sat) 23 Apr 2005 (W16),Brighton & Hove Albion FC (44),2-2,0-1,West Ham United FC (44)
?,(Sat) 23 Apr 2005 (W16),Cardiff City FC (44),2-0,2-0,Reading FC (44)
?,(Sat) 23 Apr 2005 (W16),Crewe Alexandra FC (44),0-2,0-0,Stoke City FC (44)
?,(Sat) 23 Apr 2005 (W16),Derby County FC (43),2-0,1-0,Gillingham FC (44)
?,(Sat) 23 Apr 2005 (W16),Leeds United FC (44),1-1,1-1,Ipswich Town FC (44)
?,(Sat) 23 Apr 2005 (W16),Nottingham Forest FC (44),1-0,0-0,Burnley FC (44)
?,(Sat) 23 Apr 2005 (W16),Plymouth Argyle FC (44),1-1,0-1,Coventry City FC (44)
?,(Sat) 23 Apr 2005 (W16),Sunderland AFC (44),2-1,1-1,Leicester City FC (43)
?,(Sat) 23 Apr 2005 (W16),Watford FC (44),0-0,0-0,Sheffield United FC (44)
?,(Sat) 23 Apr 2005 (W16),Wigan Athletic FC (44),0-0,0-0,Queens Park Rangers FC (44)
?,(Sat) 23 Apr 2005 (W16),Wolverhampton Wanderers FC (44),2-0,0-0,Rotherham United FC (44)
?,(Sun) 24 Apr 2005 (W16),Millwall FC (44),2-1,1-0,Preston North End FC (44)
?,(Tue) 26 Apr 2005 (W17),Leicester City FC (44),1-0,0-0,Derby County FC (44)
?,(Fri) 29 Apr 2005 (W17),West Ham United FC (45),1-2,1-0,Sunderland AFC (45)
?,(Sat) 30 Apr 2005 (W17),Burnley FC (45),2-0,0-0,Plymouth Argyle FC (45)
?,(Sat) 30 Apr 2005 (W17),Coventry City FC (45),6-2,4-0,Derby County FC (45)
?,(Sat) 30 Apr 2005 (W17),Gillingham FC (45),1-1,0-0,Cardiff City FC (45)
?,(Sat) 30 Apr 2005 (W17),Ipswich Town FC (45),5-1,2-0,Crewe Alexandra FC (45)
?,(Sat) 30 Apr 2005 (W17),Preston North End FC (45),1-1,1-1,Wigan Athletic FC (45)
?,(Sat) 30 Apr 2005 (W17),Queens Park Rangers FC (45),2-1,1-0,Nottingham Forest FC (45)
?,(Sat) 30 Apr 2005 (W17),Reading FC (45),1-2,1-0,Wolverhampton Wanderers FC (45)
?,(Sat) 30 Apr 2005 (W17),Rotherham United FC (45),0-1,0-1,Brighton & Hove Albion FC (45)
?,(Sat) 30 Apr 2005 (W17),Sheffield United FC (45),0-1,0-1,Millwall FC (45)
?,(Sat) 30 Apr 2005 (W17),Stoke City FC (45),0-1,0-0,Watford FC (45)
?,(Sun) 1 May 2005 (W17),Leicester City FC (45),2-0,2-0,Leeds United FC (45)
?,(Sun) 8 May 2005 (W18),Brighton & Hove Albion FC (46),1-1,1-1,Ipswich Town FC (46)
?,(Sun) 8 May 2005 (W18),Cardiff City FC (46),1-0,1-0,Queens Park Rangers FC (46)
?,(Sun) 8 May 2005 (W18),Crewe Alexandra FC (46),2-1,0-1,Coventry City FC (46)
?,(Sun) 8 May 2005 (W18),Derby County FC (46),3-1,1-0,Preston North End FC (46)
?,(Sun) 8 May 2005 (W18),Leeds United FC (46),0-0,0-0,Rotherham United FC (46)
?,(Sun) 8 May 2005 (W18),Millwall FC (46),0-0,0-0,Burnley FC (46)
?,(Sun) 8 May 2005 (W18),Nottingham Forest FC (46),2-2,1-0,Gillingham FC (46)
?,(Sun) 8 May 2005 (W18),Plymouth Argyle FC (46),0-0,0-0,Leicester City FC (46)
?,(Sun) 8 May 2005 (W18),Sunderland AFC (46),1-0,0-0,Stoke City FC (46)
?,(Sun) 8 May 2005 (W18),Watford FC (46),1-2,0-1,West Ham United FC (46)
?,(Sun) 8 May 2005 (W18),Wigan Athletic FC (46),3-1,2-0,Reading FC (46)
?,(Sun) 8 May 2005 (W18),Wolverhampton Wanderers FC (46),4-2,2-2,Sheffield United FC (46)
