Round,Date,Team 1,FT,HT,Team 2
?,(Sat) 26 Aug 1922 (34),FC Halifax Town (1),3-1,?,Lincoln City FC (1)
?,(Sat) 26 Aug 1922 (34),Wigan Borough FC (1920-1931) (1),6-1,?,Ashington AFC (1)
?,(Sat) 26 Aug 1922 (34),Crewe Alexandra FC (1),0-1,?,Rochdale AFC (1)
?,(Sat) 26 Aug 1922 (34),Tranmere Rovers FC (1),1-1,?,Stalybridge Celtic FC (1)
?,(Sat) 26 Aug 1922 (34),Walsall FC (1),2-2,?,Hartlepool United FC (1)
?,(Sat) 26 Aug 1922 (34),Accrington Stanley FC (1),2-1,?,Darlington FC (1)
?,(Sat) 26 Aug 1922 (34),Chesterfield FC (1),2-1,?,Barrow AFC (1)
?,(Sat) 26 Aug 1922 (34),Grimsby Town FC (1),4-0,?,Wrexham AFC (1)
?,(Sat) 26 Aug 1922 (34),Bradford Park Avenue AFC (1),6-2,?,Nelson FC (1)
?,(Sat) 26 Aug 1922 (34),Durham City AFC (1),1-1,?,Southport FC (1)
?,(Sat) 2 Sep 1922 (35),Ashington AFC (2),2-1,?,Wigan Borough FC (1920-1931) (2)
?,(Sat) 2 Sep 1922 (35),Stalybridge Celtic FC (2),4-1,?,Tranmere Rovers FC (2)
?,(Sat) 2 Sep 1922 (35),Lincoln City FC (2),0-0,?,FC Halifax Town (2)
?,(Sat) 2 Sep 1922 (35),Wrexham AFC (2),1-1,?,Grimsby Town FC (2)
?,(Sat) 2 Sep 1922 (35),Rochdale AFC (2),1-1,?,Crewe Alexandra FC (2)
?,(Sat) 2 Sep 1922 (35),Hartlepool United FC (2),2-2,?,Walsall FC (2)
?,(Sat) 2 Sep 1922 (35),Southport FC (2),1-0,?,Durham City AFC (2)
?,(Sat) 2 Sep 1922 (35),Barrow AFC (2),3-1,?,Chesterfield FC (2)
?,(Sat) 2 Sep 1922 (35),Nelson FC (2),1-0,?,Bradford Park Avenue AFC (2)
?,(Sat) 2 Sep 1922 (35),Darlington FC (2),4-0,?,Accrington Stanley FC (2)
?,(Sat) 9 Sep 1922 (36),Lincoln City FC (3),0-1,?,Rochdale AFC (3)
?,(Sat) 9 Sep 1922 (36),Darlington FC (3),1-1,?,Ashington AFC (3)
?,(Sat) 9 Sep 1922 (36),Bradford Park Avenue AFC (3),2-2,?,FC Halifax Town (3)
?,(Sat) 9 Sep 1922 (36),Wigan Borough FC (1920-1931) (3),1-1,?,Crewe Alexandra FC (3)
?,(Sat) 9 Sep 1922 (36),Tranmere Rovers FC (3),4-1,?,Accrington Stanley FC (3)
?,(Sat) 9 Sep 1922 (36),Durham City AFC (3),0-3,?,Grimsby Town FC (3)
?,(Sat) 9 Sep 1922 (36),Hartlepool United FC (3),1-1,?,Southport FC (3)
?,(Sat) 9 Sep 1922 (36),Nelson FC (3),1-0,?,Stalybridge Celtic FC (3)
?,(Sat) 9 Sep 1922 (36),Barrow AFC (3),1-0,?,Wrexham AFC (3)
?,(Sat) 9 Sep 1922 (36),Walsall FC (3),0-1,?,Chesterfield FC (3)
?,(Tue) 12 Sep 1922 (37),Nelson FC (4),2-0,?,FC Halifax Town (4)
?,(Sat) 16 Sep 1922 (37),FC Halifax Town (5),3-0,?,Bradford Park Avenue AFC (4)
?,(Sat) 16 Sep 1922 (37),Crewe Alexandra FC (4),0-1,?,Wigan Borough FC (1920-1931) (4)
?,(Sat) 16 Sep 1922 (37),Accrington Stanley FC (4),4-1,?,Tranmere Rovers FC (4)
?,(Sat) 16 Sep 1922 (37),Ashington AFC (4),3-1,?,Darlington FC (4)
?,(Sat) 16 Sep 1922 (37),Stalybridge Celtic FC (4),2-0,?,Nelson FC (5)
?,(Sat) 16 Sep 1922 (37),Wrexham AFC (4),0-0,?,Barrow AFC (4)
?,(Sat) 16 Sep 1922 (37),Chesterfield FC (4),6-0,?,Walsall FC (4)
?,(Sat) 16 Sep 1922 (37),Grimsby Town FC (4),1-0,?,Durham City AFC (4)
?,(Sat) 16 Sep 1922 (37),Southport FC (4),1-0,?,Hartlepool United FC (4)
?,(Sat) 16 Sep 1922 (37),Rochdale AFC (4),1-1,?,Lincoln City FC (4)
?,(Sat) 23 Sep 1922 (38),Hartlepool United FC (5),3-1,?,Ashington AFC (5)
?,(Sat) 23 Sep 1922 (38),Bradford Park Avenue AFC (5),2-2,?,Walsall FC (5)
?,(Sat) 23 Sep 1922 (38),Nelson FC (6),2-0,?,Southport FC (5)
?,(Sat) 23 Sep 1922 (38),FC Halifax Town (6),3-1,?,Tranmere Rovers FC (5)
?,(Sat) 23 Sep 1922 (38),Grimsby Town FC (5),0-0,?,Wigan Borough FC (1920-1931) (5)
?,(Sat) 23 Sep 1922 (38),Rochdale AFC (5),5-0,?,Wrexham AFC (5)
?,(Sat) 23 Sep 1922 (38),Chesterfield FC (5),2-1,?,Crewe Alexandra FC (5)
?,(Sat) 23 Sep 1922 (38),Darlington FC (5),3-2,?,Barrow AFC (5)
?,(Sat) 23 Sep 1922 (38),Durham City AFC (5),4-1,?,Accrington Stanley FC (5)
?,(Sat) 23 Sep 1922 (38),Lincoln City FC (5),1-1,?,Stalybridge Celtic FC (5)
?,(Sat) 30 Sep 1922 (39),Walsall FC (6),1-0,?,Bradford Park Avenue AFC (6)
?,(Sat) 30 Sep 1922 (39),Accrington Stanley FC (6),3-1,?,Durham City AFC (6)
?,(Sat) 30 Sep 1922 (39),Barrow AFC (6),0-1,?,Darlington FC (6)
?,(Sat) 30 Sep 1922 (39),Southport FC (6),0-1,?,Nelson FC (7)
?,(Sat) 30 Sep 1922 (39),Tranmere Rovers FC (6),2-1,?,FC Halifax Town (7)
?,(Sat) 30 Sep 1922 (39),Ashington AFC (6),4-2,?,Hartlepool United FC (6)
?,(Sat) 30 Sep 1922 (39),Crewe Alexandra FC (6),2-0,?,Chesterfield FC (6)
?,(Sat) 30 Sep 1922 (39),Wrexham AFC (6),3-1,?,Rochdale AFC (6)
?,(Sat) 30 Sep 1922 (39),Stalybridge Celtic FC (6),0-1,?,Lincoln City FC (6)
?,(Sat) 30 Sep 1922 (39),Wigan Borough FC (1920-1931) (6),1-0,?,Grimsby Town FC (6)
?,(Sat) 7 Oct 1922 (40),Tranmere Rovers FC (7),0-0,?,Bradford Park Avenue AFC (7)
?,(Sat) 7 Oct 1922 (40),Rochdale AFC (7),2-2,?,Darlington FC (7)
?,(Sat) 7 Oct 1922 (40),Nelson FC (8),1-3,?,Ashington AFC (7)
?,(Sat) 7 Oct 1922 (40),Grimsby Town FC (7),3-1,?,Chesterfield FC (7)
?,(Sat) 7 Oct 1922 (40),Southport FC (7),0-0,?,Stalybridge Celtic FC (7)
?,(Sat) 7 Oct 1922 (40),Wrexham AFC (7),0-2,?,Lincoln City FC (7)
?,(Sat) 7 Oct 1922 (40),Hartlepool United FC (7),2-0,?,Barrow AFC (7)
?,(Sat) 7 Oct 1922 (40),Walsall FC (7),1-1,?,Crewe Alexandra FC (7)
?,(Sat) 7 Oct 1922 (40),FC Halifax Town (8),1-3,?,Durham City AFC (7)
?,(Sat) 7 Oct 1922 (40),Accrington Stanley FC (7),0-0,?,Wigan Borough FC (1920-1931) (7)
?,(Sat) 14 Oct 1922 (41),Durham City AFC (8),2-2,?,FC Halifax Town (9)
?,(Sat) 14 Oct 1922 (41),Bradford Park Avenue AFC (8),3-0,?,Tranmere Rovers FC (8)
?,(Sat) 14 Oct 1922 (41),Walsall FC (8),0-0,?,Rochdale AFC (8)
?,(Sat) 14 Oct 1922 (41),Barrow AFC (8),0-0,?,Hartlepool United FC (8)
?,(Sat) 14 Oct 1922 (41),Chesterfield FC (8),3-2,?,Grimsby Town FC (8)
?,(Sat) 14 Oct 1922 (41),Ashington AFC (8),0-2,?,Nelson FC (9)
?,(Sat) 14 Oct 1922 (41),Wigan Borough FC (1920-1931) (8),2-0,?,Accrington Stanley FC (8)
?,(Sat) 14 Oct 1922 (41),Lincoln City FC (8),2-0,?,Wrexham AFC (8)
?,(Sat) 14 Oct 1922 (41),Crewe Alexandra FC (8),3-0,?,Darlington FC (8)
?,(Sat) 14 Oct 1922 (41),Stalybridge Celtic FC (8),1-0,?,Southport FC (8)
?,(Sat) 21 Oct 1922 (42),Chesterfield FC (9),2-2,?,Ashington AFC (9)
?,(Sat) 21 Oct 1922 (42),Accrington Stanley FC (9),1-0,?,Wrexham AFC (9)
?,(Sat) 21 Oct 1922 (42),FC Halifax Town (10),3-0,?,Hartlepool United FC (9)
?,(Sat) 21 Oct 1922 (42),Bradford Park Avenue AFC (9),4-1,?,Lincoln City FC (9)
?,(Sat) 21 Oct 1922 (42),Crewe Alexandra FC (9),1-0,?,Barrow AFC (9)
?,(Sat) 21 Oct 1922 (42),Tranmere Rovers FC (9),0-2,?,Nelson FC (10)
?,(Sat) 21 Oct 1922 (42),Darlington FC (9),2-0,?,Walsall FC (9)
?,(Sat) 21 Oct 1922 (42),Durham City AFC (9),0-0,?,Stalybridge Celtic FC (9)
?,(Sat) 21 Oct 1922 (42),Southport FC (9),1-0,?,Wigan Borough FC (1920-1931) (9)
?,(Sat) 21 Oct 1922 (42),Grimsby Town FC (9),1-1,?,Rochdale AFC (9)
?,(Sat) 28 Oct 1922 (43),Rochdale AFC (10),0-1,?,Grimsby Town FC (10)
?,(Sat) 28 Oct 1922 (43),Lincoln City FC (10),0-0,?,Bradford Park Avenue AFC (10)
?,(Sat) 28 Oct 1922 (43),Barrow AFC (10),2-0,?,Crewe Alexandra FC (10)
?,(Sat) 28 Oct 1922 (43),Walsall FC (10),2-2,?,Darlington FC (10)
?,(Sat) 28 Oct 1922 (43),Hartlepool United FC (10),3-2,?,FC Halifax Town (11)
?,(Sat) 28 Oct 1922 (43),Nelson FC (11),1-0,?,Tranmere Rovers FC (10)
?,(Sat) 28 Oct 1922 (43),Ashington AFC (10),2-0,?,Chesterfield FC (10)
?,(Sat) 28 Oct 1922 (43),Wigan Borough FC (1920-1931) (10),1-0,?,Southport FC (10)
?,(Sat) 28 Oct 1922 (43),Wrexham AFC (10),2-0,?,Accrington Stanley FC (10)
?,(Sat) 4 Nov 1922 (44),Stalybridge Celtic FC (10),2-1,?,Ashington AFC (11)
?,(Sat) 4 Nov 1922 (44),Tranmere Rovers FC (11),2-3,?,Walsall FC (11)
?,(Sat) 4 Nov 1922 (44),Barrow AFC (11),1-0,?,Nelson FC (12)
?,(Sat) 4 Nov 1922 (44),Wrexham AFC (11),0-0,?,Darlington FC (11)
?,(Sat) 4 Nov 1922 (44),Wigan Borough FC (1920-1931) (11),0-1,?,FC Halifax Town (12)
?,(Sat) 4 Nov 1922 (44),Lincoln City FC (11),2-0,?,Southport FC (11)
?,(Sat) 4 Nov 1922 (44),Accrington Stanley FC (11),0-4,?,Chesterfield FC (11)
?,(Sat) 4 Nov 1922 (44),Hartlepool United FC (11),0-2,?,Rochdale AFC (11)
?,(Sat) 4 Nov 1922 (44),Grimsby Town FC (11),2-3,?,Crewe Alexandra FC (11)
?,(Sat) 4 Nov 1922 (44),Bradford Park Avenue AFC (11),4-1,?,Durham City AFC (10)
?,(Sat) 11 Nov 1922 (45),Walsall FC (12),2-1,?,Tranmere Rovers FC (12)
?,(Sat) 11 Nov 1922 (45),Durham City AFC (11),0-0,?,Bradford Park Avenue AFC (12)
?,(Sat) 11 Nov 1922 (45),Nelson FC (13),2-1,?,Barrow AFC (12)
?,(Sat) 11 Nov 1922 (45),FC Halifax Town (13),0-1,?,Wigan Borough FC (1920-1931) (12)
?,(Sat) 11 Nov 1922 (45),Darlington FC (12),4-1,?,Wrexham AFC (12)
?,(Sat) 11 Nov 1922 (45),Southport FC (12),3-0,?,Lincoln City FC (12)
?,(Sat) 11 Nov 1922 (45),Ashington AFC (12),0-3,?,Stalybridge Celtic FC (11)
?,(Sat) 11 Nov 1922 (45),Crewe Alexandra FC (12),3-0,?,Grimsby Town FC (12)
?,(Sat) 11 Nov 1922 (45),Rochdale AFC (12),4-0,?,Hartlepool United FC (12)
?,(Sat) 11 Nov 1922 (45),Chesterfield FC (12),3-1,?,Accrington Stanley FC (12)
?,(Sat) 18 Nov 1922 (46),Bradford Park Avenue AFC (13),1-0,?,Stalybridge Celtic FC (12)
?,(Sat) 18 Nov 1922 (46),Grimsby Town FC (13),1-2,?,Walsall FC (13)
?,(Sat) 18 Nov 1922 (46),Southport FC (13),1-0,?,Ashington AFC (13)
?,(Sat) 18 Nov 1922 (46),Hartlepool United FC (13),1-1,?,Wrexham AFC (13)
?,(Sat) 25 Nov 1922 (47),Lincoln City FC (13),1-1,?,Darlington FC (13)
?,(Sat) 25 Nov 1922 (47),Wrexham AFC (14),2-0,?,Hartlepool United FC (14)
?,(Sat) 25 Nov 1922 (47),Crewe Alexandra FC (13),1-1,?,Accrington Stanley FC (13)
?,(Sat) 25 Nov 1922 (47),FC Halifax Town (14),2-0,?,Chesterfield FC (13)
?,(Sat) 25 Nov 1922 (47),Durham City AFC (12),1-0,?,Tranmere Rovers FC (13)
?,(Sat) 25 Nov 1922 (47),Nelson FC (14),1-2,?,Rochdale AFC (13)
?,(Sat) 25 Nov 1922 (47),Ashington AFC (14),1-1,?,Southport FC (14)
?,(Sat) 25 Nov 1922 (47),Wigan Borough FC (1920-1931) (13),3-2,?,Bradford Park Avenue AFC (14)
?,(Sat) 25 Nov 1922 (47),Stalybridge Celtic FC (13),2-0,?,Barrow AFC (13)
?,(Sat) 25 Nov 1922 (47),Walsall FC (14),1-0,?,Grimsby Town FC (14)
?,(Mon) 4 Dec 1922 (49),Rochdale AFC (14),0-0,?,Tranmere Rovers FC (14)
?,(Sat) 9 Dec 1922 (49),Hartlepool United FC (15),0-0,?,Accrington Stanley FC (14)
?,(Sat) 9 Dec 1922 (49),Chesterfield FC (14),2-2,?,Bradford Park Avenue AFC (15)
?,(Sat) 9 Dec 1922 (49),Ashington AFC (15),0-2,?,Lincoln City FC (14)
?,(Sat) 9 Dec 1922 (49),FC Halifax Town (15),1-0,?,Crewe Alexandra FC (14)
?,(Sat) 9 Dec 1922 (49),Wigan Borough FC (1920-1931) (14),0-0,?,Tranmere Rovers FC (15)
?,(Sat) 9 Dec 1922 (49),Wrexham AFC (15),2-1,?,Stalybridge Celtic FC (14)
?,(Sat) 9 Dec 1922 (49),Darlington FC (14),2-3,?,Nelson FC (15)
?,(Sat) 9 Dec 1922 (49),Durham City AFC (13),0-2,?,Walsall FC (15)
?,(Sat) 9 Dec 1922 (49),Barrow AFC (14),2-0,?,Southport FC (15)
?,(Sat) 16 Dec 1922 (50),Crewe Alexandra FC (15),0-1,?,Bradford Park Avenue AFC (16)
?,(Sat) 23 Dec 1922 (51),Lincoln City FC (15),2-1,?,Hartlepool United FC (16)
?,(Sat) 23 Dec 1922 (51),Nelson FC (16),3-0,?,Darlington FC (15)
?,(Sat) 23 Dec 1922 (51),Grimsby Town FC (15),0-1,?,FC Halifax Town (16)
?,(Sat) 23 Dec 1922 (51),Tranmere Rovers FC (16),2-3,?,Chesterfield FC (15)
?,(Sat) 23 Dec 1922 (51),Accrington Stanley FC (15),2-1,?,Walsall FC (16)
?,(Sat) 23 Dec 1922 (51),Durham City AFC (14),2-2,?,Wigan Borough FC (1920-1931) (15)
?,(Sat) 23 Dec 1922 (51),Stalybridge Celtic FC (15),3-2,?,Wrexham AFC (16)
?,(Sat) 23 Dec 1922 (51),Bradford Park Avenue AFC (17),3-0,?,Crewe Alexandra FC (16)
?,(Sat) 23 Dec 1922 (51),Rochdale AFC (15),3-2,?,Southport FC (16)
?,(Sat) 23 Dec 1922 (51),Ashington AFC (16),2-6,?,Barrow AFC (15)
?,(Mon) 25 Dec 1922 (52),Grimsby Town FC (16),7-1,?,Accrington Stanley FC (16)
?,(Mon) 25 Dec 1922 (52),Southport FC (17),0-1,?,Rochdale AFC (16)
?,(Mon) 25 Dec 1922 (52),Darlington FC (16),4-0,?,Hartlepool United FC (17)
?,(Mon) 25 Dec 1922 (52),Lincoln City FC (16),0-2,?,Walsall FC (17)
?,(Mon) 25 Dec 1922 (52),FC Halifax Town (17),2-2,?,Nelson FC (17)
?,(Mon) 25 Dec 1922 (52),Wigan Borough FC (1920-1931) (16),0-2,?,Durham City AFC (15)
?,(Mon) 25 Dec 1922 (52),Tranmere Rovers FC (17),1-0,?,Ashington AFC (17)
?,(Mon) 25 Dec 1922 (52),Bradford Park Avenue AFC (18),1-0,?,Chesterfield FC (16)
?,(Mon) 25 Dec 1922 (52),Crewe Alexandra FC (17),0-0,?,Wrexham AFC (17)
?,(Tue) 26 Dec 1922 (52),Accrington Stanley FC (17),4-1,?,Ashington AFC (18)
?,(Tue) 26 Dec 1922 (52),Southport FC (18),0-0,?,Tranmere Rovers FC (18)
?,(Tue) 26 Dec 1922 (52),Wrexham AFC (18),2-1,?,Crewe Alexandra FC (18)
?,(Tue) 26 Dec 1922 (52),Chesterfield FC (17),4-0,?,Rochdale AFC (17)
?,(Tue) 26 Dec 1922 (52),Walsall FC (18),2-0,?,Lincoln City FC (17)
?,(Tue) 26 Dec 1922 (52),Wigan Borough FC (1920-1931) (17),2-1,?,Barrow AFC (16)
?,(Tue) 26 Dec 1922 (52),Hartlepool United FC (18),2-1,?,Durham City AFC (16)
?,(Tue) 26 Dec 1922 (52),Stalybridge Celtic FC (16),1-0,?,Bradford Park Avenue AFC (19)
?,(Sat) 30 Dec 1922 (52),Nelson FC (18),4-1,?,Hartlepool United FC (19)
?,(Sat) 30 Dec 1922 (52),Wrexham AFC (19),1-1,?,Southport FC (19)
?,(Sat) 30 Dec 1922 (52),Grimsby Town FC (17),0-1,?,Bradford Park Avenue AFC (20)
?,(Sat) 30 Dec 1922 (52),Rochdale AFC (18),2-0,?,Ashington AFC (19)
?,(Sat) 30 Dec 1922 (52),Stalybridge Celtic FC (17),4-2,?,Darlington FC (17)
?,(Sat) 30 Dec 1922 (52),Wigan Borough FC (1920-1931) (18),1-0,?,Walsall FC (19)
?,(Sat) 30 Dec 1922 (52),Lincoln City FC (18),1-1,?,Barrow AFC (17)
?,(Sat) 30 Dec 1922 (52),Crewe Alexandra FC (19),2-0,?,Tranmere Rovers FC (19)
?,(Sat) 30 Dec 1922 (52),Accrington Stanley FC (18),4-1,?,FC Halifax Town (18)
?,(Sat) 30 Dec 1922 (52),Chesterfield FC (18),3-1,?,Durham City AFC (17)
?,(Mon) 1 Jan 1923 (1),Ashington AFC (20),0-0,?,Durham City AFC (18)
?,(Mon) 1 Jan 1923 (1),Southport FC (20),2-0,?,Crewe Alexandra FC (20)
?,(Mon) 1 Jan 1923 (1),Hartlepool United FC (20),1-0,?,Darlington FC (18)
?,(Mon) 1 Jan 1923 (1),Chesterfield FC (19),5-0,?,Tranmere Rovers FC (20)
?,(Mon) 1 Jan 1923 (1),Accrington Stanley FC (19),4-0,?,Grimsby Town FC (18)
?,(Mon) 1 Jan 1923 (1),Barrow AFC (18),2-3,?,Wigan Borough FC (1920-1931) (19)
?,(Tue) 2 Jan 1923 (1),Darlington FC (19),1-1,?,Rochdale AFC (19)
?,(Tue) 2 Jan 1923 (1),Hartlepool United FC (21),2-0,?,Lincoln City FC (19)
?,(Tue) 2 Jan 1923 (1),Barrow AFC (19),0-1,?,Stalybridge Celtic FC (18)
?,(Sat) 6 Jan 1923 (1),Bradford Park Avenue AFC (21),2-1,?,Grimsby Town FC (19)
?,(Sat) 6 Jan 1923 (1),Barrow AFC (20),1-3,?,Lincoln City FC (20)
?,(Sat) 6 Jan 1923 (1),Tranmere Rovers FC (21),1-2,?,Crewe Alexandra FC (21)
?,(Sat) 6 Jan 1923 (1),Durham City AFC (19),1-1,?,Chesterfield FC (20)
?,(Sat) 6 Jan 1923 (1),Ashington AFC (21),2-0,?,Rochdale AFC (20)
?,(Sat) 6 Jan 1923 (1),Walsall FC (20),3-1,?,Wigan Borough FC (1920-1931) (20)
?,(Sat) 6 Jan 1923 (1),Darlington FC (20),1-0,?,Stalybridge Celtic FC (19)
?,(Sat) 6 Jan 1923 (1),FC Halifax Town (19),0-0,?,Accrington Stanley FC (20)
?,(Sat) 6 Jan 1923 (1),Hartlepool United FC (22),5-1,?,Nelson FC (19)
?,(Sat) 6 Jan 1923 (1),Southport FC (21),1-0,?,Wrexham AFC (20)
?,(Sat) 13 Jan 1923 (2),Rochdale AFC (21),0-3,?,Nelson FC (20)
?,(Sat) 13 Jan 1923 (2),Accrington Stanley FC (21),0-0,?,Crewe Alexandra FC (22)
?,(Sat) 13 Jan 1923 (2),Barrow AFC (21),3-0,?,Ashington AFC (22)
?,(Sat) 13 Jan 1923 (2),Tranmere Rovers FC (22),5-1,?,Durham City AFC (20)
?,(Sat) 13 Jan 1923 (2),Darlington FC (21),0-0,?,Lincoln City FC (21)
?,(Sat) 20 Jan 1923 (3),Lincoln City FC (22),1-0,?,Nelson FC (21)
?,(Sat) 20 Jan 1923 (3),Southport FC (22),2-1,?,Darlington FC (22)
?,(Sat) 20 Jan 1923 (3),Stalybridge Celtic FC (20),1-1,?,Hartlepool United FC (23)
?,(Sat) 20 Jan 1923 (3),Rochdale AFC (22),3-1,?,Barrow AFC (22)
?,(Sat) 20 Jan 1923 (3),FC Halifax Town (20),1-2,?,Walsall FC (21)
?,(Sat) 20 Jan 1923 (3),Grimsby Town FC (20),0-0,?,Tranmere Rovers FC (23)
?,(Sat) 20 Jan 1923 (3),Crewe Alexandra FC (23),4-0,?,Durham City AFC (21)
?,(Sat) 20 Jan 1923 (3),Ashington AFC (23),1-1,?,Wrexham AFC (21)
?,(Sat) 20 Jan 1923 (3),Chesterfield FC (21),3-1,?,Wigan Borough FC (1920-1931) (21)
?,(Sat) 20 Jan 1923 (3),Accrington Stanley FC (22),4-3,?,Bradford Park Avenue AFC (22)
?,(Mon) 22 Jan 1923 (4),FC Halifax Town (21),1-0,?,Grimsby Town FC (21)
?,(Sat) 27 Jan 1923 (4),Walsall FC (22),2-1,?,FC Halifax Town (22)
?,(Sat) 27 Jan 1923 (4),Tranmere Rovers FC (24),3-2,?,Grimsby Town FC (22)
?,(Sat) 27 Jan 1923 (4),Barrow AFC (23),4-1,?,Rochdale AFC (23)
?,(Sat) 27 Jan 1923 (4),Bradford Park Avenue AFC (23),5-1,?,Accrington Stanley FC (23)
?,(Sat) 27 Jan 1923 (4),Wigan Borough FC (1920-1931) (22),1-0,?,Chesterfield FC (22)
?,(Sat) 27 Jan 1923 (4),Nelson FC (22),2-1,?,Lincoln City FC (23)
?,(Sat) 27 Jan 1923 (4),Durham City AFC (22),2-0,?,Crewe Alexandra FC (24)
?,(Sat) 27 Jan 1923 (4),Wrexham AFC (22),0-0,?,Ashington AFC (24)
?,(Sat) 27 Jan 1923 (4),Hartlepool United FC (24),4-0,?,Stalybridge Celtic FC (21)
?,(Sat) 27 Jan 1923 (4),Darlington FC (23),2-1,?,Southport FC (23)
?,(Sat) 3 Feb 1923 (5),Crewe Alexandra FC (25),3-1,?,Ashington AFC (25)
?,(Sat) 3 Feb 1923 (5),Wrexham AFC (23),1-0,?,Walsall FC (23)
?,(Sat) 3 Feb 1923 (5),Tranmere Rovers FC (25),2-0,?,Lincoln City FC (24)
?,(Sat) 3 Feb 1923 (5),Grimsby Town FC (23),2-0,?,Barrow AFC (24)
?,(Sat) 3 Feb 1923 (5),FC Halifax Town (23),2-1,?,Darlington FC (24)
?,(Sat) 3 Feb 1923 (5),Durham City AFC (23),0-1,?,Nelson FC (23)
?,(Sat) 3 Feb 1923 (5),Accrington Stanley FC (24),2-1,?,Rochdale AFC (24)
?,(Sat) 3 Feb 1923 (5),Chesterfield FC (23),3-0,?,Southport FC (24)
?,(Sat) 10 Feb 1923 (6),Hartlepool United FC (25),0-1,?,Bradford Park Avenue AFC (24)
?,(Sat) 10 Feb 1923 (6),Walsall FC (24),1-0,?,Wrexham AFC (24)
?,(Sat) 10 Feb 1923 (6),Lincoln City FC (25),2-0,?,Tranmere Rovers FC (26)
?,(Sat) 10 Feb 1923 (6),Barrow AFC (25),2-0,?,Grimsby Town FC (24)
?,(Sat) 10 Feb 1923 (6),Nelson FC (24),4-0,?,Durham City AFC (24)
?,(Sat) 10 Feb 1923 (6),Ashington AFC (26),2-4,?,Crewe Alexandra FC (26)
?,(Sat) 10 Feb 1923 (6),Rochdale AFC (25),1-1,?,Accrington Stanley FC (25)
?,(Sat) 10 Feb 1923 (6),Southport FC (25),0-2,?,Chesterfield FC (24)
?,(Sat) 10 Feb 1923 (6),Darlington FC (25),0-1,?,FC Halifax Town (24)
?,(Sat) 17 Feb 1923 (7),Durham City AFC (25),7-1,?,Lincoln City FC (26)
?,(Sat) 17 Feb 1923 (7),Crewe Alexandra FC (27),1-0,?,Southport FC (26)
?,(Sat) 17 Feb 1923 (7),Chesterfield FC (25),1-0,?,Stalybridge Celtic FC (22)
?,(Sat) 17 Feb 1923 (7),Wigan Borough FC (1920-1931) (23),3-1,?,Nelson FC (25)
?,(Sat) 17 Feb 1923 (7),Ashington AFC (27),2-1,?,Grimsby Town FC (25)
?,(Sat) 17 Feb 1923 (7),Accrington Stanley FC (26),3-4,?,Barrow AFC (26)
?,(Sat) 17 Feb 1923 (7),Tranmere Rovers FC (27),1-1,?,Hartlepool United FC (26)
?,(Sat) 17 Feb 1923 (7),Bradford Park Avenue AFC (25),2-1,?,Darlington FC (26)
?,(Sat) 17 Feb 1923 (7),FC Halifax Town (25),1-1,?,Wrexham AFC (25)
?,(Tue) 20 Feb 1923 (8),Stalybridge Celtic FC (23),0-2,?,Wigan Borough FC (1920-1931) (24)
?,(Sat) 24 Feb 1923 (8),Barrow AFC (27),5-2,?,Accrington Stanley FC (27)
?,(Sat) 24 Feb 1923 (8),Nelson FC (26),1-0,?,Wigan Borough FC (1920-1931) (25)
?,(Sat) 24 Feb 1923 (8),Darlington FC (27),2-0,?,Bradford Park Avenue AFC (26)
?,(Sat) 24 Feb 1923 (8),Lincoln City FC (27),3-1,?,Durham City AFC (26)
?,(Sat) 24 Feb 1923 (8),Stalybridge Celtic FC (24),1-2,?,Chesterfield FC (26)
?,(Sat) 24 Feb 1923 (8),Hartlepool United FC (27),0-1,?,Tranmere Rovers FC (28)
?,(Sat) 24 Feb 1923 (8),Wrexham AFC (26),2-1,?,FC Halifax Town (26)
?,(Sat) 24 Feb 1923 (8),Grimsby Town FC (26),7-4,?,Ashington AFC (28)
?,(Sat) 24 Feb 1923 (8),Rochdale AFC (26),0-2,?,Walsall FC (25)
?,(Sat) 3 Mar 1923 (9),Grimsby Town FC (27),2-1,?,Southport FC (27)
?,(Sat) 3 Mar 1923 (9),Durham City AFC (27),3-2,?,Hartlepool United FC (28)
?,(Sat) 3 Mar 1923 (9),Tranmere Rovers FC (29),2-2,?,Darlington FC (28)
?,(Sat) 3 Mar 1923 (9),Walsall FC (26),3-1,?,Barrow AFC (28)
?,(Sat) 3 Mar 1923 (9),Wigan Borough FC (1920-1931) (26),9-1,?,Lincoln City FC (28)
?,(Sat) 3 Mar 1923 (9),Ashington AFC (29),2-5,?,Accrington Stanley FC (28)
?,(Sat) 3 Mar 1923 (9),Bradford Park Avenue AFC (27),0-1,?,Wrexham AFC (27)
?,(Sat) 3 Mar 1923 (9),FC Halifax Town (27),1-0,?,Rochdale AFC (27)
?,(Sat) 3 Mar 1923 (9),Crewe Alexandra FC (28),4-1,?,Stalybridge Celtic FC (25)
?,(Sat) 3 Mar 1923 (9),Chesterfield FC (27),1-2,?,Nelson FC (27)
?,(Sat) 10 Mar 1923 (10),Stalybridge Celtic FC (26),0-1,?,Crewe Alexandra FC (29)
?,(Sat) 10 Mar 1923 (10),Southport FC (28),3-1,?,Grimsby Town FC (28)
?,(Sat) 10 Mar 1923 (10),Darlington FC (29),4-0,?,Tranmere Rovers FC (30)
?,(Sat) 10 Mar 1923 (10),Nelson FC (28),4-0,?,Chesterfield FC (28)
?,(Sat) 10 Mar 1923 (10),Rochdale AFC (28),0-1,?,FC Halifax Town (28)
?,(Sat) 10 Mar 1923 (10),Accrington Stanley FC (29),2-1,?,Hartlepool United FC (29)
?,(Sat) 10 Mar 1923 (10),Lincoln City FC (29),2-1,?,Wigan Borough FC (1920-1931) (27)
?,(Sat) 10 Mar 1923 (10),Barrow AFC (29),0-0,?,Walsall FC (27)
?,(Sat) 10 Mar 1923 (10),Wrexham AFC (28),3-0,?,Bradford Park Avenue AFC (28)
?,(Wed) 14 Mar 1923 (11),Bradford Park Avenue AFC (29),1-1,?,Hartlepool United FC (30)
?,(Sat) 17 Mar 1923 (11),Lincoln City FC (30),0-0,?,Chesterfield FC (29)
?,(Sat) 17 Mar 1923 (11),Rochdale AFC (29),0-3,?,Bradford Park Avenue AFC (30)
?,(Sat) 17 Mar 1923 (11),Darlington FC (30),1-0,?,Durham City AFC (28)
?,(Sat) 17 Mar 1923 (11),FC Halifax Town (29),3-0,?,Barrow AFC (30)
?,(Sat) 17 Mar 1923 (11),Ashington AFC (30),3-0,?,Walsall FC (28)
?,(Sat) 17 Mar 1923 (11),Wrexham AFC (29),2-1,?,Tranmere Rovers FC (31)
?,(Sat) 17 Mar 1923 (11),Nelson FC (29),0-0,?,Crewe Alexandra FC (30)
?,(Sat) 17 Mar 1923 (11),Stalybridge Celtic FC (27),3-2,?,Grimsby Town FC (29)
?,(Sat) 17 Mar 1923 (11),Southport FC (29),1-2,?,Accrington Stanley FC (30)
?,(Sat) 17 Mar 1923 (11),Hartlepool United FC (31),0-0,?,Wigan Borough FC (1920-1931) (28)
?,(Wed) 21 Mar 1923 (12),Chesterfield FC (30),3-0,?,FC Halifax Town (30)
?,(Sat) 24 Mar 1923 (12),Tranmere Rovers FC (32),4-0,?,Wrexham AFC (30)
?,(Sat) 24 Mar 1923 (12),Crewe Alexandra FC (31),1-0,?,Nelson FC (30)
?,(Sat) 24 Mar 1923 (12),Grimsby Town FC (30),3-0,?,Stalybridge Celtic FC (28)
?,(Sat) 24 Mar 1923 (12),Walsall FC (29),2-1,?,Ashington AFC (31)
?,(Sat) 24 Mar 1923 (12),Barrow AFC (31),0-1,?,FC Halifax Town (31)
?,(Sat) 24 Mar 1923 (12),Durham City AFC (29),0-0,?,Darlington FC (31)
?,(Sat) 24 Mar 1923 (12),Accrington Stanley FC (31),3-1,?,Southport FC (30)
?,(Sat) 24 Mar 1923 (12),Wigan Borough FC (1920-1931) (29),2-0,?,Hartlepool United FC (32)
?,(Sat) 24 Mar 1923 (12),Bradford Park Avenue AFC (31),3-0,?,Rochdale AFC (30)
?,(Fri) 30 Mar 1923 (13),Southport FC (31),2-0,?,Barrow AFC (32)
?,(Fri) 30 Mar 1923 (13),Stalybridge Celtic FC (29),1-0,?,Durham City AFC (30)
?,(Fri) 30 Mar 1923 (13),Rochdale AFC (31),0-2,?,Chesterfield FC (31)
?,(Fri) 30 Mar 1923 (13),Lincoln City FC (31),2-0,?,Ashington AFC (32)
?,(Fri) 30 Mar 1923 (13),Crewe Alexandra FC (32),0-0,?,Walsall FC (30)
?,(Fri) 30 Mar 1923 (13),Grimsby Town FC (31),0-1,?,Darlington FC (32)
?,(Fri) 30 Mar 1923 (13),Tranmere Rovers FC (33),4-2,?,Wigan Borough FC (1920-1931) (30)
?,(Sat) 31 Mar 1923 (13),Stalybridge Celtic FC (30),1-0,?,Accrington Stanley FC (32)
?,(Sat) 31 Mar 1923 (13),Barrow AFC (33),1-2,?,Bradford Park Avenue AFC (32)
?,(Sat) 31 Mar 1923 (13),Wrexham AFC (31),1-0,?,Durham City AFC (31)
?,(Sat) 31 Mar 1923 (13),Nelson FC (31),1-1,?,Grimsby Town FC (32)
?,(Sat) 31 Mar 1923 (13),Southport FC (32),2-1,?,Walsall FC (31)
?,(Sat) 31 Mar 1923 (13),Darlington FC (33),2-0,?,Wigan Borough FC (1920-1931) (31)
?,(Sat) 31 Mar 1923 (13),Ashington AFC (33),3-2,?,FC Halifax Town (32)
?,(Sat) 31 Mar 1923 (13),Hartlepool United FC (33),5-0,?,Chesterfield FC (32)
?,(Sat) 31 Mar 1923 (13),Lincoln City FC (32),1-0,?,Crewe Alexandra FC (33)
?,(Mon) 2 Apr 1923 (14),Walsall FC (32),0-2,?,Accrington Stanley FC (33)
?,(Mon) 2 Apr 1923 (14),Durham City AFC (32),1-1,?,Ashington AFC (34)
?,(Mon) 2 Apr 1923 (14),Tranmere Rovers FC (34),2-0,?,Southport FC (33)
?,(Mon) 2 Apr 1923 (14),Stalybridge Celtic FC (31),0-0,?,Rochdale AFC (32)
?,(Mon) 2 Apr 1923 (14),Darlington FC (34),1-3,?,Grimsby Town FC (33)
?,(Mon) 2 Apr 1923 (14),Chesterfield FC (33),3-3,?,Lincoln City FC (33)
?,(Mon) 2 Apr 1923 (14),Wrexham AFC (32),2-1,?,Nelson FC (32)
?,(Mon) 2 Apr 1923 (14),Bradford Park Avenue AFC (33),1-1,?,Wigan Borough FC (1920-1931) (32)
?,(Mon) 2 Apr 1923 (14),Crewe Alexandra FC (34),2-1,?,FC Halifax Town (33)
?,(Tue) 3 Apr 1923 (14),Walsall FC (33),2-0,?,Durham City AFC (33)
?,(Tue) 3 Apr 1923 (14),Rochdale AFC (33),2-0,?,Stalybridge Celtic FC (32)
?,(Sat) 7 Apr 1923 (14),Chesterfield FC (34),1-1,?,Hartlepool United FC (34)
?,(Sat) 7 Apr 1923 (14),Grimsby Town FC (34),0-2,?,Nelson FC (33)
?,(Sat) 7 Apr 1923 (14),Crewe Alexandra FC (35),3-1,?,Lincoln City FC (34)
?,(Sat) 7 Apr 1923 (14),Bradford Park Avenue AFC (34),3-0,?,Barrow AFC (34)
?,(Sat) 7 Apr 1923 (14),Durham City AFC (34),2-0,?,Wrexham AFC (33)
?,(Sat) 7 Apr 1923 (14),Wigan Borough FC (1920-1931) (33),3-0,?,Darlington FC (35)
?,(Sat) 7 Apr 1923 (14),FC Halifax Town (34),0-0,?,Ashington AFC (35)
?,(Sat) 7 Apr 1923 (14),Walsall FC (34),1-0,?,Southport FC (34)
?,(Sat) 7 Apr 1923 (14),Accrington Stanley FC (34),1-0,?,Stalybridge Celtic FC (33)
?,(Sat) 7 Apr 1923 (14),Tranmere Rovers FC (35),2-0,?,Rochdale AFC (34)
?,(Sat) 14 Apr 1923 (15),Southport FC (35),1-3,?,FC Halifax Town (35)
?,(Sat) 14 Apr 1923 (15),Rochdale AFC (35),2-0,?,Durham City AFC (35)
?,(Sat) 14 Apr 1923 (15),Wigan Borough FC (1920-1931) (34),1-1,?,Wrexham AFC (34)
?,(Sat) 14 Apr 1923 (15),Stalybridge Celtic FC (34),2-0,?,Walsall FC (35)
?,(Sat) 14 Apr 1923 (15),Darlington FC (36),4-1,?,Chesterfield FC (35)
?,(Sat) 14 Apr 1923 (15),Hartlepool United FC (35),1-1,?,Crewe Alexandra FC (36)
?,(Sat) 14 Apr 1923 (15),Ashington AFC (36),2-1,?,Bradford Park Avenue AFC (35)
?,(Sat) 14 Apr 1923 (15),Lincoln City FC (35),1-2,?,Grimsby Town FC (35)
?,(Sat) 14 Apr 1923 (15),Nelson FC (34),2-1,?,Accrington Stanley FC (35)
?,(Sat) 14 Apr 1923 (15),Barrow AFC (35),2-1,?,Tranmere Rovers FC (36)
?,(Wed) 18 Apr 1923 (16),Wigan Borough FC (1920-1931) (35),3-0,?,Stalybridge Celtic FC (35)
?,(Sat) 21 Apr 1923 (16),Crewe Alexandra FC (37),2-1,?,Hartlepool United FC (36)
?,(Sat) 21 Apr 1923 (16),Walsall FC (36),2-1,?,Stalybridge Celtic FC (36)
?,(Sat) 21 Apr 1923 (16),Durham City AFC (36),1-1,?,Rochdale AFC (36)
?,(Sat) 21 Apr 1923 (16),Chesterfield FC (36),0-0,?,Darlington FC (37)
?,(Sat) 21 Apr 1923 (16),FC Halifax Town (36),0-1,?,Southport FC (36)
?,(Sat) 21 Apr 1923 (16),Grimsby Town FC (36),1-0,?,Lincoln City FC (36)
?,(Sat) 21 Apr 1923 (16),Tranmere Rovers FC (37),3-0,?,Barrow AFC (36)
?,(Sat) 21 Apr 1923 (16),Bradford Park Avenue AFC (36),3-0,?,Ashington AFC (37)
?,(Sat) 21 Apr 1923 (16),Accrington Stanley FC (36),0-1,?,Nelson FC (35)
?,(Sat) 21 Apr 1923 (16),Wrexham AFC (35),2-1,?,Wigan Borough FC (1920-1931) (36)
?,(Tue) 24 Apr 1923 (17),Nelson FC (36),2-0,?,Wrexham AFC (36)
?,(Sat) 28 Apr 1923 (17),Hartlepool United FC (37),2-0,?,Grimsby Town FC (37)
?,(Sat) 28 Apr 1923 (17),Rochdale AFC (37),3-2,?,Wigan Borough FC (1920-1931) (37)
?,(Sat) 28 Apr 1923 (17),Nelson FC (37),3-0,?,Walsall FC (37)
?,(Sat) 28 Apr 1923 (17),Wrexham AFC (37),3-1,?,Chesterfield FC (37)
?,(Sat) 28 Apr 1923 (17),Southport FC (37),0-0,?,Bradford Park Avenue AFC (37)
?,(Sat) 28 Apr 1923 (17),Ashington AFC (38),3-1,?,Tranmere Rovers FC (38)
?,(Sat) 28 Apr 1923 (17),Stalybridge Celtic FC (37),4-3,?,FC Halifax Town (37)
?,(Sat) 28 Apr 1923 (17),Lincoln City FC (37),0-0,?,Accrington Stanley FC (37)
?,(Sat) 28 Apr 1923 (17),Darlington FC (38),5-0,?,Crewe Alexandra FC (38)
?,(Sat) 28 Apr 1923 (17),Barrow AFC (37),2-1,?,Durham City AFC (37)
?,(Sat) 5 May 1923 (18),Walsall FC (38),5-0,?,Nelson FC (38)
?,(Sat) 5 May 1923 (18),Durham City AFC (38),4-1,?,Barrow AFC (38)
?,(Sat) 5 May 1923 (18),Accrington Stanley FC (38),1-0,?,Lincoln City FC (38)
?,(Sat) 5 May 1923 (18),Grimsby Town FC (38),1-0,?,Hartlepool United FC (38)
?,(Sat) 5 May 1923 (18),Bradford Park Avenue AFC (38),5-1,?,Southport FC (38)
?,(Sat) 5 May 1923 (18),Chesterfield FC (38),2-1,?,Wrexham AFC (38)
?,(Sat) 5 May 1923 (18),Wigan Borough FC (1920-1931) (38),6-0,?,Rochdale AFC (38)
?,(Sat) 5 May 1923 (18),FC Halifax Town (38),2-1,?,Stalybridge Celtic FC (38)
