Round,Date,Team 1,FT,HT,Team 2
?,(Sat) 14 Aug 1993 (W32),Bury FC (1),0-0,?,Northampton Town FC (1)
?,(Sat) 14 Aug 1993 (W32),Carlisle United FC (1),2-2,?,Wycombe Wanderers FC (1)
?,(Sat) 14 Aug 1993 (W32),Chester FC (1),0-1,?,Doncaster Rovers FC (1)
?,(Sat) 14 Aug 1993 (W32),Colchester United FC (1),1-0,?,Lincoln City FC (1)
?,(Sat) 14 Aug 1993 (W32),Darlington FC (1),1-1,?,Rochdale AFC (1)
?,(Sat) 14 Aug 1993 (W32),Gillingham FC (1),0-2,?,Chesterfield FC (1)
?,(Sat) 14 Aug 1993 (W32),Hereford FC (1),0-1,?,Scarborough Athletic FC (1)
?,(Sat) 14 Aug 1993 (W32),Mansfield Town FC (1),1-0,?,Shrewsbury Town FC (1)
?,(Sat) 14 Aug 1993 (W32),Preston North End FC (1),0-2,?,Crewe Alexandra FC (1)
?,(Sat) 14 Aug 1993 (W32),Walsall FC (1),1-2,?,Torquay United FC (1)
?,(Sat) 14 Aug 1993 (W32),Wigan Athletic FC (1),0-2,?,Scunthorpe United FC (1)
?,(Sat) 21 Aug 1993 (W33),Chesterfield FC (2),3-1,?,Hereford FC (2)
?,(Sat) 21 Aug 1993 (W33),Crewe Alexandra FC (2),2-1,?,Colchester United FC (2)
?,(Sat) 21 Aug 1993 (W33),Doncaster Rovers FC (2),0-0,?,Carlisle United FC (2)
?,(Sat) 21 Aug 1993 (W33),Lincoln City FC (2),1-1,?,Darlington FC (2)
?,(Sat) 21 Aug 1993 (W33),Rochdale AFC (2),3-0,?,Gillingham FC (2)
?,(Sat) 21 Aug 1993 (W33),Scarborough Athletic FC (2),3-4,?,Preston North End FC (2)
?,(Sat) 21 Aug 1993 (W33),Scunthorpe United FC (2),1-1,?,Bury FC (2)
?,(Sat) 21 Aug 1993 (W33),Shrewsbury Town FC (2),1-2,?,Walsall FC (2)
?,(Sat) 21 Aug 1993 (W33),Torquay United FC (2),1-1,?,Wigan Athletic FC (2)
?,(Sat) 21 Aug 1993 (W33),Wycombe Wanderers FC (2),1-0,?,Chester FC (2)
?,(Sat) 28 Aug 1993 (W34),Bury FC (3),1-0,?,Crewe Alexandra FC (3)
?,(Sat) 28 Aug 1993 (W34),Carlisle United FC (3),0-1,?,Rochdale AFC (3)
?,(Sat) 28 Aug 1993 (W34),Chester FC (3),3-1,?,Chesterfield FC (3)
?,(Sat) 28 Aug 1993 (W34),Colchester United FC (3),3-2,?,Northampton Town FC (2)
?,(Sat) 28 Aug 1993 (W34),Darlington FC (3),1-2,?,Torquay United FC (3)
?,(Sat) 28 Aug 1993 (W34),Gillingham FC (3),2-2,?,Scarborough Athletic FC (3)
?,(Sat) 28 Aug 1993 (W34),Hereford FC (3),1-2,?,Lincoln City FC (3)
?,(Sat) 28 Aug 1993 (W34),Mansfield Town FC (2),0-1,?,Scunthorpe United FC (3)
?,(Sat) 28 Aug 1993 (W34),Preston North End FC (3),6-1,?,Shrewsbury Town FC (3)
?,(Sat) 28 Aug 1993 (W34),Walsall FC (3),1-2,?,Doncaster Rovers FC (3)
?,(Sat) 28 Aug 1993 (W34),Wigan Athletic FC (3),1-1,?,Wycombe Wanderers FC (3)
?,(Tue) 31 Aug 1993 (W35),Chesterfield FC (4),0-2,?,Mansfield Town FC (3)
?,(Tue) 31 Aug 1993 (W35),Colchester United FC (4),3-3,?,Shrewsbury Town FC (4)
?,(Tue) 31 Aug 1993 (W35),Crewe Alexandra FC (4),3-1,?,Northampton Town FC (3)
?,(Tue) 31 Aug 1993 (W35),Darlington FC (4),0-2,?,Scarborough Athletic FC (4)
?,(Tue) 31 Aug 1993 (W35),Gillingham FC (4),0-0,?,Doncaster Rovers FC (4)
?,(Tue) 31 Aug 1993 (W35),Hereford FC (4),3-4,?,Wycombe Wanderers FC (4)
?,(Tue) 31 Aug 1993 (W35),Lincoln City FC (4),0-3,?,Chester FC (4)
?,(Tue) 31 Aug 1993 (W35),Preston North End FC (4),3-1,?,Bury FC (4)
?,(Tue) 31 Aug 1993 (W35),Rochdale AFC (4),1-2,?,Wigan Athletic FC (4)
?,(Tue) 31 Aug 1993 (W35),Torquay United FC (4),1-1,?,Carlisle United FC (4)
?,(Tue) 31 Aug 1993 (W35),Walsall FC (4),0-0,?,Scunthorpe United FC (4)
?,(Sat) 4 Sep 1993 (W35),Chesterfield FC (5),1-1,?,Darlington FC (5)
?,(Sat) 4 Sep 1993 (W35),Crewe Alexandra FC (5),2-1,?,Mansfield Town FC (4)
?,(Sat) 4 Sep 1993 (W35),Doncaster Rovers FC (5),3-1,?,Wigan Athletic FC (5)
?,(Sat) 4 Sep 1993 (W35),Lincoln City FC (5),0-2,?,Preston North End FC (5)
?,(Sat) 4 Sep 1993 (W35),Northampton Town FC (4),0-1,?,Walsall FC (5)
?,(Sat) 4 Sep 1993 (W35),Rochdale AFC (5),2-0,?,Chester FC (5)
?,(Sat) 4 Sep 1993 (W35),Scarborough Athletic FC (5),0-3,?,Carlisle United FC (5)
?,(Sat) 4 Sep 1993 (W35),Scunthorpe United FC (5),1-2,?,Hereford FC (5)
?,(Sat) 4 Sep 1993 (W35),Shrewsbury Town FC (5),1-0,?,Bury FC (5)
?,(Sat) 4 Sep 1993 (W35),Torquay United FC (5),3-3,?,Colchester United FC (5)
?,(Sat) 4 Sep 1993 (W35),Wycombe Wanderers FC (5),1-1,?,Gillingham FC (5)
?,(Sat) 11 Sep 1993 (W36),Bury FC (6),1-2,?,Wycombe Wanderers FC (6)
?,(Sat) 11 Sep 1993 (W36),Carlisle United FC (6),3-0,?,Chesterfield FC (6)
?,(Sat) 11 Sep 1993 (W36),Chester FC (6),0-2,?,Scunthorpe United FC (6)
?,(Sat) 11 Sep 1993 (W36),Colchester United FC (6),2-5,?,Rochdale AFC (6)
?,(Sat) 11 Sep 1993 (W36),Darlington FC (6),0-2,?,Shrewsbury Town FC (6)
?,(Sat) 11 Sep 1993 (W36),Gillingham FC (6),2-2,?,Torquay United FC (6)
?,(Sat) 11 Sep 1993 (W36),Hereford FC (6),1-1,?,Northampton Town FC (5)
?,(Sat) 11 Sep 1993 (W36),Mansfield Town FC (5),1-0,?,Lincoln City FC (6)
?,(Sat) 11 Sep 1993 (W36),Preston North End FC (6),3-1,?,Doncaster Rovers FC (6)
?,(Sat) 11 Sep 1993 (W36),Walsall FC (6),2-2,?,Crewe Alexandra FC (6)
?,(Sat) 11 Sep 1993 (W36),Wigan Athletic FC (6),1-2,?,Scarborough Athletic FC (6)
?,(Fri) 17 Sep 1993 (W37),Doncaster Rovers FC (7),0-1,?,Mansfield Town FC (6)
?,(Sat) 18 Sep 1993 (W37),Chesterfield FC (7),0-1,?,Walsall FC (7)
?,(Sat) 18 Sep 1993 (W37),Crewe Alexandra FC (7),2-1,?,Darlington FC (7)
?,(Sat) 18 Sep 1993 (W37),Lincoln City FC (7),2-2,?,Bury FC (7)
?,(Sat) 18 Sep 1993 (W37),Northampton Town FC (6),0-2,?,Wigan Athletic FC (7)
?,(Sat) 18 Sep 1993 (W37),Rochdale AFC (7),2-0,?,Hereford FC (7)
?,(Sat) 18 Sep 1993 (W37),Scarborough Athletic FC (7),0-1,?,Chester FC (7)
?,(Sat) 18 Sep 1993 (W37),Scunthorpe United FC (7),2-1,?,Carlisle United FC (7)
?,(Sat) 18 Sep 1993 (W37),Shrewsbury Town FC (7),2-2,?,Gillingham FC (7)
?,(Sat) 18 Sep 1993 (W37),Torquay United FC (7),4-3,?,Preston North End FC (7)
?,(Sat) 18 Sep 1993 (W37),Wycombe Wanderers FC (7),2-5,?,Colchester United FC (7)
?,(Sat) 25 Sep 1993 (W38),Chester FC (8),0-0,?,Carlisle United FC (8)
?,(Sat) 25 Sep 1993 (W38),Colchester United FC (8),4-1,?,Bury FC (8)
?,(Sat) 25 Sep 1993 (W38),Darlington FC (8),0-0,?,Walsall FC (8)
?,(Sat) 25 Sep 1993 (W38),Gillingham FC (8),1-0,?,Scunthorpe United FC (8)
?,(Sat) 25 Sep 1993 (W38),Hereford FC (8),3-0,?,Wigan Athletic FC (8)
?,(Sat) 25 Sep 1993 (W38),Lincoln City FC (8),4-3,?,Northampton Town FC (7)
?,(Sat) 25 Sep 1993 (W38),Mansfield Town FC (7),2-2,?,Preston North End FC (8)
?,(Sat) 25 Sep 1993 (W38),Rochdale AFC (8),5-1,?,Chesterfield FC (8)
?,(Sat) 25 Sep 1993 (W38),Scarborough Athletic FC (8),1-3,?,Shrewsbury Town FC (8)
?,(Sat) 25 Sep 1993 (W38),Torquay United FC (8),3-3,?,Crewe Alexandra FC (8)
?,(Sat) 25 Sep 1993 (W38),Wycombe Wanderers FC (8),1-0,?,Doncaster Rovers FC (8)
?,(Sat) 2 Oct 1993 (W39),Bury FC (9),2-2,?,Mansfield Town FC (8)
?,(Sat) 2 Oct 1993 (W39),Carlisle United FC (9),1-2,?,Gillingham FC (9)
?,(Sat) 2 Oct 1993 (W39),Chesterfield FC (9),2-3,?,Wycombe Wanderers FC (9)
?,(Sat) 2 Oct 1993 (W39),Crewe Alexandra FC (9),2-2,?,Lincoln City FC (9)
?,(Sat) 2 Oct 1993 (W39),Doncaster Rovers FC (9),2-1,?,Rochdale AFC (9)
?,(Sat) 2 Oct 1993 (W39),Northampton Town FC (8),1-0,?,Darlington FC (9)
?,(Sat) 2 Oct 1993 (W39),Preston North End FC (9),1-0,?,Colchester United FC (9)
?,(Sat) 2 Oct 1993 (W39),Scunthorpe United FC (9),1-1,?,Scarborough Athletic FC (9)
?,(Sat) 2 Oct 1993 (W39),Shrewsbury Town FC (9),3-2,?,Torquay United FC (9)
?,(Sat) 2 Oct 1993 (W39),Walsall FC (9),3-3,?,Hereford FC (9)
?,(Sat) 2 Oct 1993 (W39),Wigan Athletic FC (9),6-3,?,Chester FC (9)
?,(Sat) 9 Oct 1993 (W40),Bury FC (10),3-0,?,Wigan Athletic FC (10)
?,(Sat) 9 Oct 1993 (W40),Colchester United FC (10),2-1,?,Scunthorpe United FC (10)
?,(Sat) 9 Oct 1993 (W40),Crewe Alexandra FC (10),6-0,?,Hereford FC (10)
?,(Sat) 9 Oct 1993 (W40),Darlington FC (10),1-2,?,Chester FC (10)
?,(Sat) 9 Oct 1993 (W40),Lincoln City FC (10),2-1,?,Doncaster Rovers FC (10)
?,(Sat) 9 Oct 1993 (W40),Mansfield Town FC (9),4-2,?,Scarborough Athletic FC (10)
?,(Sat) 9 Oct 1993 (W40),Northampton Town FC (9),1-1,?,Wycombe Wanderers FC (10)
?,(Sat) 9 Oct 1993 (W40),Preston North End FC (10),4-1,?,Chesterfield FC (10)
?,(Sat) 9 Oct 1993 (W40),Shrewsbury Town FC (10),1-0,?,Carlisle United FC (10)
?,(Sat) 9 Oct 1993 (W40),Torquay United FC (10),1-1,?,Rochdale AFC (10)
?,(Sat) 9 Oct 1993 (W40),Walsall FC (10),1-0,?,Gillingham FC (10)
?,(Tue) 12 Oct 1993 (W41),Northampton Town FC (10),5-1,?,Mansfield Town FC (10)
?,(Sat) 16 Oct 1993 (W41),Carlisle United FC (11),1-1,?,Mansfield Town FC (11)
?,(Sat) 16 Oct 1993 (W41),Chester FC (11),1-0,?,Shrewsbury Town FC (11)
?,(Sat) 16 Oct 1993 (W41),Chesterfield FC (11),3-1,?,Torquay United FC (11)
?,(Sat) 16 Oct 1993 (W41),Doncaster Rovers FC (11),1-3,?,Bury FC (11)
?,(Sat) 16 Oct 1993 (W41),Gillingham FC (11),2-1,?,Darlington FC (11)
?,(Sat) 16 Oct 1993 (W41),Hereford FC (11),5-0,?,Colchester United FC (11)
?,(Sat) 16 Oct 1993 (W41),Rochdale AFC (11),0-0,?,Walsall FC (11)
?,(Sat) 16 Oct 1993 (W41),Scarborough Athletic FC (11),1-2,?,Crewe Alexandra FC (11)
?,(Sat) 16 Oct 1993 (W41),Scunthorpe United FC (11),7-0,?,Northampton Town FC (11)
?,(Sat) 16 Oct 1993 (W41),Wigan Athletic FC (11),2-2,?,Preston North End FC (11)
?,(Sat) 16 Oct 1993 (W41),Wycombe Wanderers FC (11),2-3,?,Lincoln City FC (11)
?,(Sat) 23 Oct 1993 (W42),Bury FC (12),5-3,?,Hereford FC (12)
?,(Sat) 23 Oct 1993 (W42),Colchester United FC (12),3-1,?,Wigan Athletic FC (12)
?,(Sat) 23 Oct 1993 (W42),Crewe Alexandra FC (12),1-0,?,Gillingham FC (12)
?,(Sat) 23 Oct 1993 (W42),Darlington FC (12),0-0,?,Wycombe Wanderers FC (12)
?,(Sat) 23 Oct 1993 (W42),Lincoln City FC (12),1-2,?,Chesterfield FC (12)
?,(Sat) 23 Oct 1993 (W42),Mansfield Town FC (12),0-4,?,Chester FC (12)
?,(Sat) 23 Oct 1993 (W42),Northampton Town FC (12),1-1,?,Carlisle United FC (12)
?,(Sat) 23 Oct 1993 (W42),Preston North End FC (12),2-1,?,Rochdale AFC (12)
?,(Sat) 23 Oct 1993 (W42),Shrewsbury Town FC (12),0-1,?,Doncaster Rovers FC (12)
?,(Sat) 23 Oct 1993 (W42),Torquay United FC (12),1-1,?,Scunthorpe United FC (12)
?,(Sat) 23 Oct 1993 (W42),Walsall FC (12),1-0,?,Scarborough Athletic FC (12)
?,(Sat) 30 Oct 1993 (W43),Carlisle United FC (13),2-1,?,Walsall FC (13)
?,(Sat) 30 Oct 1993 (W43),Chester FC (13),1-1,?,Torquay United FC (13)
?,(Sat) 30 Oct 1993 (W43),Chesterfield FC (13),2-0,?,Crewe Alexandra FC (13)
?,(Sat) 30 Oct 1993 (W43),Doncaster Rovers FC (13),2-1,?,Northampton Town FC (13)
?,(Sat) 30 Oct 1993 (W43),Gillingham FC (13),3-0,?,Colchester United FC (13)
?,(Sat) 30 Oct 1993 (W43),Hereford FC (13),2-3,?,Preston North End FC (13)
?,(Sat) 30 Oct 1993 (W43),Rochdale AFC (13),0-1,?,Lincoln City FC (13)
?,(Sat) 30 Oct 1993 (W43),Scarborough Athletic FC (13),1-0,?,Bury FC (13)
?,(Sat) 30 Oct 1993 (W43),Scunthorpe United FC (13),3-0,?,Darlington FC (13)
?,(Sat) 30 Oct 1993 (W43),Wigan Athletic FC (13),4-1,?,Mansfield Town FC (13)
?,(Sat) 30 Oct 1993 (W43),Wycombe Wanderers FC (13),1-1,?,Shrewsbury Town FC (13)
?,(Mon) 1 Nov 1993 (W44),Doncaster Rovers FC (14),3-1,?,Scunthorpe United FC (14)
?,(Tue) 2 Nov 1993 (W44),Carlisle United FC (14),3-3,?,Lincoln City FC (14)
?,(Tue) 2 Nov 1993 (W44),Chester FC (14),3-0,?,Bury FC (14)
?,(Tue) 2 Nov 1993 (W44),Chesterfield FC (14),1-0,?,Wigan Athletic FC (14)
?,(Tue) 2 Nov 1993 (W44),Darlington FC (14),7-3,?,Colchester United FC (14)
?,(Tue) 2 Nov 1993 (W44),Gillingham FC (14),2-0,?,Hereford FC (14)
?,(Tue) 2 Nov 1993 (W44),Rochdale AFC (14),1-1,?,Mansfield Town FC (14)
?,(Tue) 2 Nov 1993 (W44),Shrewsbury Town FC (14),2-2,?,Crewe Alexandra FC (14)
?,(Tue) 2 Nov 1993 (W44),Torquay United FC (14),2-0,?,Northampton Town FC (14)
?,(Tue) 2 Nov 1993 (W44),Walsall FC (14),2-0,?,Preston North End FC (14)
?,(Tue) 2 Nov 1993 (W44),Wycombe Wanderers FC (14),4-0,?,Scarborough Athletic FC (14)
?,(Sat) 6 Nov 1993 (W44),Bury FC (15),2-1,?,Chesterfield FC (15)
?,(Sat) 6 Nov 1993 (W44),Colchester United FC (15),0-1,?,Walsall FC (15)
?,(Sat) 6 Nov 1993 (W44),Crewe Alexandra FC (15),2-1,?,Rochdale AFC (15)
?,(Sat) 6 Nov 1993 (W44),Hereford FC (15),0-5,?,Chester FC (15)
?,(Sat) 6 Nov 1993 (W44),Lincoln City FC (15),1-0,?,Torquay United FC (15)
?,(Sat) 6 Nov 1993 (W44),Mansfield Town FC (15),2-1,?,Gillingham FC (15)
?,(Sat) 6 Nov 1993 (W44),Northampton Town FC (15),0-3,?,Shrewsbury Town FC (15)
?,(Sat) 6 Nov 1993 (W44),Preston North End FC (15),3-2,?,Darlington FC (15)
?,(Sat) 6 Nov 1993 (W44),Scarborough Athletic FC (15),2-0,?,Doncaster Rovers FC (15)
?,(Sat) 6 Nov 1993 (W44),Scunthorpe United FC (15),0-0,?,Wycombe Wanderers FC (15)
?,(Sat) 6 Nov 1993 (W44),Wigan Athletic FC (15),0-2,?,Carlisle United FC (15)
?,(Sat) 20 Nov 1993 (W46),Carlisle United FC (16),0-1,?,Preston North End FC (16)
?,(Sat) 20 Nov 1993 (W46),Chester FC (16),1-0,?,Northampton Town FC (16)
?,(Sat) 20 Nov 1993 (W46),Chesterfield FC (16),1-0,?,Scarborough Athletic FC (16)
?,(Sat) 20 Nov 1993 (W46),Darlington FC (16),2-0,?,Mansfield Town FC (16)
?,(Sat) 20 Nov 1993 (W46),Doncaster Rovers FC (16),2-1,?,Colchester United FC (16)
?,(Sat) 20 Nov 1993 (W46),Gillingham FC (16),2-2,?,Wigan Athletic FC (16)
?,(Sat) 20 Nov 1993 (W46),Rochdale AFC (16),2-1,?,Bury FC (16)
?,(Sat) 20 Nov 1993 (W46),Shrewsbury Town FC (16),0-0,?,Scunthorpe United FC (16)
?,(Sat) 20 Nov 1993 (W46),Torquay United FC (16),1-1,?,Hereford FC (16)
?,(Sat) 20 Nov 1993 (W46),Walsall FC (16),5-2,?,Lincoln City FC (16)
?,(Sat) 20 Nov 1993 (W46),Wycombe Wanderers FC (16),3-1,?,Crewe Alexandra FC (16)
?,(Sat) 27 Nov 1993 (W47),Bury FC (17),5-1,?,Darlington FC (17)
?,(Sat) 27 Nov 1993 (W47),Colchester United FC (17),2-1,?,Carlisle United FC (17)
?,(Sat) 27 Nov 1993 (W47),Crewe Alexandra FC (17),2-1,?,Chester FC (17)
?,(Sat) 27 Nov 1993 (W47),Hereford FC (17),2-1,?,Doncaster Rovers FC (17)
?,(Sat) 27 Nov 1993 (W47),Lincoln City FC (17),3-1,?,Gillingham FC (17)
?,(Sat) 27 Nov 1993 (W47),Mansfield Town FC (17),1-2,?,Walsall FC (17)
?,(Sat) 27 Nov 1993 (W47),Northampton Town FC (17),2-2,?,Chesterfield FC (17)
?,(Sat) 27 Nov 1993 (W47),Preston North End FC (17),2-3,?,Wycombe Wanderers FC (17)
?,(Sat) 27 Nov 1993 (W47),Scarborough Athletic FC (17),1-2,?,Torquay United FC (17)
?,(Sat) 27 Nov 1993 (W47),Scunthorpe United FC (17),2-1,?,Rochdale AFC (17)
?,(Sat) 27 Nov 1993 (W47),Wigan Athletic FC (17),2-5,?,Shrewsbury Town FC (17)
?,(Sat) 11 Dec 1993 (W49),Bury FC (18),1-0,?,Scunthorpe United FC (18)
?,(Sat) 11 Dec 1993 (W49),Carlisle United FC (18),4-2,?,Doncaster Rovers FC (18)
?,(Sat) 11 Dec 1993 (W49),Chester FC (18),3-1,?,Wycombe Wanderers FC (18)
?,(Sat) 11 Dec 1993 (W49),Colchester United FC (18),2-4,?,Crewe Alexandra FC (18)
?,(Sat) 11 Dec 1993 (W49),Darlington FC (18),3-2,?,Lincoln City FC (18)
?,(Sat) 11 Dec 1993 (W49),Gillingham FC (18),1-2,?,Rochdale AFC (18)
?,(Sat) 11 Dec 1993 (W49),Mansfield Town FC (18),1-0,?,Northampton Town FC (18)
?,(Sat) 11 Dec 1993 (W49),Preston North End FC (18),2-2,?,Scarborough Athletic FC (18)
?,(Sat) 11 Dec 1993 (W49),Walsall FC (18),0-1,?,Shrewsbury Town FC (18)
?,(Sat) 11 Dec 1993 (W49),Wigan Athletic FC (18),1-3,?,Torquay United FC (18)
?,(Fri) 17 Dec 1993 (W50),Crewe Alexandra FC (19),4-3,?,Preston North End FC (19)
?,(Fri) 17 Dec 1993 (W50),Doncaster Rovers FC (19),3-4,?,Chester FC (19)
?,(Fri) 17 Dec 1993 (W50),Shrewsbury Town FC (19),2-2,?,Mansfield Town FC (19)
?,(Sat) 18 Dec 1993 (W50),Chesterfield FC (18),3-2,?,Gillingham FC (19)
?,(Sat) 18 Dec 1993 (W50),Northampton Town FC (19),0-1,?,Bury FC (19)
?,(Sat) 18 Dec 1993 (W50),Rochdale AFC (19),0-0,?,Darlington FC (19)
?,(Sat) 18 Dec 1993 (W50),Scarborough Athletic FC (19),0-1,?,Hereford FC (18)
?,(Sat) 18 Dec 1993 (W50),Scunthorpe United FC (19),1-0,?,Wigan Athletic FC (19)
?,(Sat) 18 Dec 1993 (W50),Torquay United FC (19),0-1,?,Walsall FC (19)
?,(Sat) 18 Dec 1993 (W50),Wycombe Wanderers FC (19),2-0,?,Carlisle United FC (19)
?,(Mon) 27 Dec 1993 (W52),Colchester United FC (19),0-0,?,Mansfield Town FC (20)
?,(Mon) 27 Dec 1993 (W52),Darlington FC (20),1-3,?,Carlisle United FC (20)
?,(Mon) 27 Dec 1993 (W52),Gillingham FC (20),1-0,?,Northampton Town FC (20)
?,(Mon) 27 Dec 1993 (W52),Hereford FC (19),0-1,?,Shrewsbury Town FC (20)
?,(Mon) 27 Dec 1993 (W52),Lincoln City FC (19),2-0,?,Scunthorpe United FC (20)
?,(Mon) 27 Dec 1993 (W52),Preston North End FC (20),1-1,?,Chester FC (20)
?,(Mon) 27 Dec 1993 (W52),Torquay United FC (20),1-1,?,Wycombe Wanderers FC (20)
?,(Mon) 27 Dec 1993 (W52),Walsall FC (20),0-1,?,Bury FC (20)
?,(Tue) 28 Dec 1993 (W52),Carlisle United FC (21),1-2,?,Crewe Alexandra FC (20)
?,(Tue) 28 Dec 1993 (W52),Doncaster Rovers FC (20),1-3,?,Darlington FC (21)
?,(Tue) 28 Dec 1993 (W52),Scarborough Athletic FC (20),0-2,?,Colchester United FC (20)
?,(Tue) 28 Dec 1993 (W52),Scunthorpe United FC (21),2-2,?,Chesterfield FC (19)
?,(Sat) 1 Jan 1994 (W52),Chesterfield FC (20),1-2,?,Shrewsbury Town FC (21)
?,(Sat) 1 Jan 1994 (W52),Colchester United FC (21),0-0,?,Chester FC (21)
?,(Sat) 1 Jan 1994 (W52),Crewe Alexandra FC (21),2-0,?,Doncaster Rovers FC (21)
?,(Sat) 1 Jan 1994 (W52),Gillingham FC (21),1-0,?,Bury FC (21)
?,(Sat) 1 Jan 1994 (W52),Hereford FC (20),0-0,?,Carlisle United FC (22)
?,(Sat) 1 Jan 1994 (W52),Lincoln City FC (20),0-1,?,Scarborough Athletic FC (21)
?,(Sat) 1 Jan 1994 (W52),Preston North End FC (21),2-2,?,Scunthorpe United FC (22)
?,(Sat) 1 Jan 1994 (W52),Rochdale AFC (20),6-2,?,Northampton Town FC (21)
?,(Sat) 1 Jan 1994 (W52),Torquay United FC (21),1-0,?,Mansfield Town FC (21)
?,(Sat) 1 Jan 1994 (W52),Walsall FC (21),4-2,?,Wycombe Wanderers FC (21)
?,(Mon) 3 Jan 1994 (W1),Carlisle United FC (23),1-1,?,Torquay United FC (22)
?,(Mon) 3 Jan 1994 (W1),Doncaster Rovers FC (22),0-0,?,Gillingham FC (22)
?,(Mon) 3 Jan 1994 (W1),Mansfield Town FC (22),1-2,?,Chesterfield FC (21)
?,(Mon) 3 Jan 1994 (W1),Northampton Town FC (22),2-2,?,Crewe Alexandra FC (22)
?,(Mon) 3 Jan 1994 (W1),Scarborough Athletic FC (22),3-0,?,Darlington FC (22)
?,(Mon) 3 Jan 1994 (W1),Scunthorpe United FC (23),5-0,?,Walsall FC (22)
?,(Mon) 3 Jan 1994 (W1),Shrewsbury Town FC (22),2-1,?,Colchester United FC (22)
?,(Mon) 3 Jan 1994 (W1),Wycombe Wanderers FC (22),3-2,?,Hereford FC (21)
?,(Tue) 4 Jan 1994 (W1),Bury FC (22),1-1,?,Preston North End FC (22)
?,(Tue) 4 Jan 1994 (W1),Wigan Athletic FC (20),0-0,?,Rochdale AFC (21)
?,(Sat) 8 Jan 1994 (W1),Doncaster Rovers FC (23),0-2,?,Torquay United FC (23)
?,(Sat) 8 Jan 1994 (W1),Hereford FC (22),1-1,?,Darlington FC (23)
?,(Sat) 8 Jan 1994 (W1),Scarborough Athletic FC (23),2-1,?,Northampton Town FC (23)
?,(Tue) 11 Jan 1994 (W2),Wigan Athletic FC (21),2-2,?,Walsall FC (23)
?,(Sat) 15 Jan 1994 (W2),Bury FC (23),4-0,?,Doncaster Rovers FC (24)
?,(Sat) 15 Jan 1994 (W2),Colchester United FC (23),1-0,?,Hereford FC (23)
?,(Sat) 15 Jan 1994 (W2),Crewe Alexandra FC (23),1-1,?,Scarborough Athletic FC (24)
?,(Sat) 15 Jan 1994 (W2),Darlington FC (24),2-1,?,Gillingham FC (23)
?,(Sat) 15 Jan 1994 (W2),Lincoln City FC (21),1-3,?,Wycombe Wanderers FC (23)
?,(Sat) 15 Jan 1994 (W2),Mansfield Town FC (23),0-1,?,Carlisle United FC (24)
?,(Sat) 15 Jan 1994 (W2),Preston North End FC (23),3-0,?,Wigan Athletic FC (22)
?,(Sat) 15 Jan 1994 (W2),Shrewsbury Town FC (23),3-0,?,Chester FC (22)
?,(Sat) 15 Jan 1994 (W2),Torquay United FC (24),1-0,?,Chesterfield FC (22)
?,(Sat) 15 Jan 1994 (W2),Walsall FC (24),1-0,?,Rochdale AFC (22)
?,(Tue) 18 Jan 1994 (W3),Mansfield Town FC (24),2-1,?,Hereford FC (24)
?,(Sat) 22 Jan 1994 (W3),Chester FC (23),0-0,?,Darlington FC (25)
?,(Sat) 22 Jan 1994 (W3),Chesterfield FC (23),1-1,?,Preston North End FC (24)
?,(Sat) 22 Jan 1994 (W3),Doncaster Rovers FC (25),1-0,?,Lincoln City FC (22)
?,(Sat) 22 Jan 1994 (W3),Gillingham FC (24),1-1,?,Walsall FC (25)
?,(Sat) 22 Jan 1994 (W3),Hereford FC (25),1-2,?,Crewe Alexandra FC (24)
?,(Sat) 22 Jan 1994 (W3),Rochdale AFC (23),4-1,?,Torquay United FC (25)
?,(Sat) 22 Jan 1994 (W3),Scarborough Athletic FC (25),1-1,?,Mansfield Town FC (25)
?,(Sat) 22 Jan 1994 (W3),Scunthorpe United FC (24),1-1,?,Colchester United FC (24)
?,(Sat) 22 Jan 1994 (W3),Wigan Athletic FC (23),3-1,?,Bury FC (24)
?,(Sat) 22 Jan 1994 (W3),Wycombe Wanderers FC (24),1-0,?,Northampton Town FC (24)
?,(Tue) 25 Jan 1994 (W4),Carlisle United FC (25),1-2,?,Bury FC (25)
?,(Tue) 25 Jan 1994 (W4),Chesterfield FC (24),1-1,?,Doncaster Rovers FC (26)
?,(Tue) 25 Jan 1994 (W4),Darlington FC (26),0-0,?,Wigan Athletic FC (24)
?,(Tue) 25 Jan 1994 (W4),Wycombe Wanderers FC (25),1-0,?,Mansfield Town FC (26)
?,(Sat) 29 Jan 1994 (W4),Bury FC (26),0-2,?,Scarborough Athletic FC (26)
?,(Sat) 29 Jan 1994 (W4),Colchester United FC (25),1-2,?,Gillingham FC (25)
?,(Sat) 29 Jan 1994 (W4),Crewe Alexandra FC (25),0-1,?,Chesterfield FC (25)
?,(Sat) 29 Jan 1994 (W4),Darlington FC (27),2-1,?,Scunthorpe United FC (25)
?,(Sat) 29 Jan 1994 (W4),Lincoln City FC (23),1-1,?,Rochdale AFC (24)
?,(Sat) 29 Jan 1994 (W4),Mansfield Town FC (27),2-3,?,Wigan Athletic FC (25)
?,(Sat) 29 Jan 1994 (W4),Northampton Town FC (25),0-0,?,Doncaster Rovers FC (27)
?,(Sat) 29 Jan 1994 (W4),Shrewsbury Town FC (24),1-0,?,Wycombe Wanderers FC (26)
?,(Sat) 29 Jan 1994 (W4),Torquay United FC (26),1-3,?,Chester FC (24)
?,(Sat) 29 Jan 1994 (W4),Walsall FC (26),0-1,?,Carlisle United FC (26)
?,(Tue) 1 Feb 1994 (W5),Chester FC (25),1-1,?,Lincoln City FC (24)
?,(Sat) 5 Feb 1994 (W5),Carlisle United FC (27),0-1,?,Northampton Town FC (26)
?,(Sat) 5 Feb 1994 (W5),Chester FC (26),1-1,?,Mansfield Town FC (28)
?,(Sat) 5 Feb 1994 (W5),Chesterfield FC (26),2-2,?,Lincoln City FC (25)
?,(Sat) 5 Feb 1994 (W5),Doncaster Rovers FC (28),0-0,?,Shrewsbury Town FC (25)
?,(Sat) 5 Feb 1994 (W5),Gillingham FC (26),1-3,?,Crewe Alexandra FC (26)
?,(Sat) 5 Feb 1994 (W5),Hereford FC (26),3-0,?,Bury FC (27)
?,(Sat) 5 Feb 1994 (W5),Rochdale AFC (25),2-1,?,Preston North End FC (25)
?,(Sat) 5 Feb 1994 (W5),Scarborough Athletic FC (27),1-0,?,Walsall FC (27)
?,(Sat) 5 Feb 1994 (W5),Scunthorpe United FC (26),1-3,?,Torquay United FC (27)
?,(Sat) 5 Feb 1994 (W5),Wigan Athletic FC (26),0-1,?,Colchester United FC (26)
?,(Sat) 12 Feb 1994 (W6),Bury FC (28),2-1,?,Carlisle United FC (28)
?,(Sat) 12 Feb 1994 (W6),Colchester United FC (27),0-2,?,Chesterfield FC (27)
?,(Sat) 12 Feb 1994 (W6),Crewe Alexandra FC (27),3-3,?,Scunthorpe United FC (27)
?,(Sat) 12 Feb 1994 (W6),Darlington FC (28),1-3,?,Hereford FC (27)
?,(Sat) 12 Feb 1994 (W6),Lincoln City FC (26),0-1,?,Wigan Athletic FC (27)
?,(Sat) 12 Feb 1994 (W6),Mansfield Town FC (29),3-0,?,Wycombe Wanderers FC (27)
?,(Sat) 12 Feb 1994 (W6),Northampton Town FC (27),3-2,?,Scarborough Athletic FC (28)
?,(Sat) 12 Feb 1994 (W6),Preston North End FC (26),0-0,?,Gillingham FC (27)
?,(Sat) 12 Feb 1994 (W6),Shrewsbury Town FC (26),1-1,?,Rochdale AFC (26)
?,(Sat) 12 Feb 1994 (W6),Torquay United FC (28),2-1,?,Doncaster Rovers FC (29)
?,(Sat) 12 Feb 1994 (W6),Walsall FC (28),1-1,?,Chester FC (27)
?,(Sat) 19 Feb 1994 (W7),Chesterfield FC (28),1-2,?,Chester FC (28)
?,(Sat) 19 Feb 1994 (W7),Crewe Alexandra FC (28),2-4,?,Bury FC (29)
?,(Sat) 19 Feb 1994 (W7),Doncaster Rovers FC (30),4-0,?,Walsall FC (29)
?,(Sat) 19 Feb 1994 (W7),Lincoln City FC (27),3-1,?,Hereford FC (28)
?,(Sat) 19 Feb 1994 (W7),Northampton Town FC (28),1-1,?,Colchester United FC (28)
?,(Sat) 19 Feb 1994 (W7),Rochdale AFC (27),0-1,?,Carlisle United FC (29)
?,(Sat) 19 Feb 1994 (W7),Scarborough Athletic FC (29),1-1,?,Gillingham FC (28)
?,(Sat) 19 Feb 1994 (W7),Scunthorpe United FC (28),2-3,?,Mansfield Town FC (30)
?,(Sat) 19 Feb 1994 (W7),Shrewsbury Town FC (27),1-0,?,Preston North End FC (27)
?,(Sat) 19 Feb 1994 (W7),Torquay United FC (29),2-1,?,Darlington FC (29)
?,(Sat) 19 Feb 1994 (W7),Wycombe Wanderers FC (28),0-1,?,Wigan Athletic FC (28)
?,(Sat) 26 Feb 1994 (W8),Bury FC (30),2-3,?,Shrewsbury Town FC (28)
?,(Sat) 26 Feb 1994 (W8),Carlisle United FC (30),2-0,?,Scarborough Athletic FC (30)
?,(Sat) 26 Feb 1994 (W8),Chester FC (29),3-1,?,Rochdale AFC (28)
?,(Sat) 26 Feb 1994 (W8),Colchester United FC (29),1-2,?,Torquay United FC (30)
?,(Sat) 26 Feb 1994 (W8),Gillingham FC (29),0-1,?,Wycombe Wanderers FC (29)
?,(Sat) 26 Feb 1994 (W8),Mansfield Town FC (31),1-2,?,Crewe Alexandra FC (29)
?,(Sat) 26 Feb 1994 (W8),Preston North End FC (28),2-0,?,Lincoln City FC (28)
?,(Sat) 26 Feb 1994 (W8),Walsall FC (30),1-3,?,Northampton Town FC (29)
?,(Tue) 1 Mar 1994 (W9),Chester FC (30),1-0,?,Gillingham FC (30)
?,(Tue) 1 Mar 1994 (W9),Preston North End FC (29),3-0,?,Hereford FC (29)
?,(Tue) 1 Mar 1994 (W9),Rochdale AFC (29),2-1,?,Scarborough Athletic FC (31)
?,(Tue) 1 Mar 1994 (W9),Shrewsbury Town FC (29),1-2,?,Lincoln City FC (29)
?,(Fri) 4 Mar 1994 (W9),Doncaster Rovers FC (31),1-1,?,Preston North End FC (30)
?,(Sat) 5 Mar 1994 (W9),Chesterfield FC (29),3-0,?,Carlisle United FC (31)
?,(Sat) 5 Mar 1994 (W9),Crewe Alexandra FC (30),1-2,?,Walsall FC (31)
?,(Sat) 5 Mar 1994 (W9),Lincoln City FC (30),1-2,?,Mansfield Town FC (32)
?,(Sat) 5 Mar 1994 (W9),Northampton Town FC (30),0-1,?,Hereford FC (30)
?,(Sat) 5 Mar 1994 (W9),Rochdale AFC (30),1-1,?,Colchester United FC (30)
?,(Sat) 5 Mar 1994 (W9),Scarborough Athletic FC (32),4-1,?,Wigan Athletic FC (29)
?,(Sat) 5 Mar 1994 (W9),Scunthorpe United FC (29),1-1,?,Chester FC (31)
?,(Sat) 5 Mar 1994 (W9),Shrewsbury Town FC (30),1-1,?,Darlington FC (30)
?,(Sat) 5 Mar 1994 (W9),Torquay United FC (31),0-1,?,Gillingham FC (31)
?,(Sat) 5 Mar 1994 (W9),Wycombe Wanderers FC (30),2-1,?,Bury FC (31)
?,(Tue) 8 Mar 1994 (W10),Darlington FC (31),0-0,?,Chesterfield FC (30)
?,(Tue) 8 Mar 1994 (W10),Northampton Town FC (31),4-0,?,Scunthorpe United FC (30)
?,(Sat) 12 Mar 1994 (W10),Bury FC (32),1-0,?,Lincoln City FC (31)
?,(Sat) 12 Mar 1994 (W10),Carlisle United FC (32),3-1,?,Scunthorpe United FC (31)
?,(Sat) 12 Mar 1994 (W10),Chester FC (32),4-1,?,Scarborough Athletic FC (33)
?,(Sat) 12 Mar 1994 (W10),Colchester United FC (31),0-2,?,Wycombe Wanderers FC (31)
?,(Sat) 12 Mar 1994 (W10),Darlington FC (32),1-0,?,Crewe Alexandra FC (31)
?,(Sat) 12 Mar 1994 (W10),Gillingham FC (32),0-2,?,Shrewsbury Town FC (31)
?,(Sat) 12 Mar 1994 (W10),Hereford FC (31),5-1,?,Rochdale AFC (31)
?,(Sat) 12 Mar 1994 (W10),Mansfield Town FC (33),2-1,?,Doncaster Rovers FC (32)
?,(Sat) 12 Mar 1994 (W10),Preston North End FC (31),3-1,?,Torquay United FC (32)
?,(Sat) 12 Mar 1994 (W10),Walsall FC (32),0-1,?,Chesterfield FC (31)
?,(Sat) 12 Mar 1994 (W10),Wigan Athletic FC (30),1-1,?,Northampton Town FC (32)
?,(Tue) 15 Mar 1994 (W11),Chester FC (33),2-1,?,Walsall FC (33)
?,(Tue) 15 Mar 1994 (W11),Hereford FC (32),0-3,?,Chesterfield FC (32)
?,(Tue) 15 Mar 1994 (W11),Lincoln City FC (32),2-0,?,Colchester United FC (32)
?,(Tue) 15 Mar 1994 (W11),Northampton Town FC (33),2-0,?,Preston North End FC (32)
?,(Tue) 15 Mar 1994 (W11),Scunthorpe United FC (32),2-1,?,Crewe Alexandra FC (32)
?,(Sat) 19 Mar 1994 (W11),Bury FC (33),0-1,?,Colchester United FC (33)
?,(Sat) 19 Mar 1994 (W11),Carlisle United FC (33),1-0,?,Chester FC (34)
?,(Sat) 19 Mar 1994 (W11),Chesterfield FC (33),1-1,?,Rochdale AFC (32)
?,(Sat) 19 Mar 1994 (W11),Crewe Alexandra FC (33),2-3,?,Torquay United FC (33)
?,(Sat) 19 Mar 1994 (W11),Doncaster Rovers FC (33),0-3,?,Wycombe Wanderers FC (32)
?,(Sat) 19 Mar 1994 (W11),Northampton Town FC (34),0-0,?,Lincoln City FC (33)
?,(Sat) 19 Mar 1994 (W11),Preston North End FC (33),3-1,?,Mansfield Town FC (34)
?,(Sat) 19 Mar 1994 (W11),Scunthorpe United FC (33),1-1,?,Gillingham FC (33)
?,(Sat) 19 Mar 1994 (W11),Shrewsbury Town FC (32),2-0,?,Scarborough Athletic FC (34)
?,(Sat) 19 Mar 1994 (W11),Walsall FC (34),3-0,?,Darlington FC (33)
?,(Sat) 19 Mar 1994 (W11),Wigan Athletic FC (31),3-4,?,Hereford FC (33)
?,(Tue) 22 Mar 1994 (W12),Wigan Athletic FC (32),0-0,?,Doncaster Rovers FC (34)
?,(Sat) 26 Mar 1994 (W12),Chester FC (35),2-1,?,Wigan Athletic FC (33)
?,(Sat) 26 Mar 1994 (W12),Colchester United FC (34),1-1,?,Preston North End FC (34)
?,(Sat) 26 Mar 1994 (W12),Darlington FC (34),0-1,?,Northampton Town FC (35)
?,(Sat) 26 Mar 1994 (W12),Gillingham FC (34),2-0,?,Carlisle United FC (34)
?,(Sat) 26 Mar 1994 (W12),Hereford FC (34),0-1,?,Walsall FC (35)
?,(Sat) 26 Mar 1994 (W12),Lincoln City FC (34),1-2,?,Crewe Alexandra FC (34)
?,(Sat) 26 Mar 1994 (W12),Mansfield Town FC (35),2-2,?,Bury FC (34)
?,(Sat) 26 Mar 1994 (W12),Rochdale AFC (33),0-1,?,Doncaster Rovers FC (35)
?,(Sat) 26 Mar 1994 (W12),Scarborough Athletic FC (35),0-1,?,Scunthorpe United FC (34)
?,(Sat) 26 Mar 1994 (W12),Torquay United FC (34),0-0,?,Shrewsbury Town FC (33)
?,(Sat) 26 Mar 1994 (W12),Wycombe Wanderers FC (33),0-1,?,Chesterfield FC (34)
?,(Tue) 29 Mar 1994 (W13),Bury FC (35),1-1,?,Torquay United FC (35)
?,(Tue) 29 Mar 1994 (W13),Chesterfield FC (35),0-0,?,Colchester United FC (35)
?,(Tue) 29 Mar 1994 (W13),Hereford FC (35),1-2,?,Scunthorpe United FC (35)
?,(Tue) 29 Mar 1994 (W13),Wigan Athletic FC (34),0-1,?,Lincoln City FC (35)
?,(Tue) 29 Mar 1994 (W13),Wycombe Wanderers FC (34),2-0,?,Darlington FC (35)
?,(Sat) 2 Apr 1994 (W13),Bury FC (36),1-2,?,Walsall FC (36)
?,(Sat) 2 Apr 1994 (W13),Carlisle United FC (35),2-0,?,Darlington FC (36)
?,(Sat) 2 Apr 1994 (W13),Chester FC (36),3-2,?,Preston North End FC (35)
?,(Sat) 2 Apr 1994 (W13),Doncaster Rovers FC (36),0-0,?,Chesterfield FC (36)
?,(Sat) 2 Apr 1994 (W13),Mansfield Town FC (36),1-1,?,Colchester United FC (36)
?,(Sat) 2 Apr 1994 (W13),Northampton Town FC (36),1-2,?,Gillingham FC (35)
?,(Sat) 2 Apr 1994 (W13),Scarborough Athletic FC (36),2-1,?,Rochdale AFC (34)
?,(Sat) 2 Apr 1994 (W13),Scunthorpe United FC (36),2-0,?,Lincoln City FC (36)
?,(Sat) 2 Apr 1994 (W13),Shrewsbury Town FC (34),2-0,?,Hereford FC (36)
?,(Sat) 2 Apr 1994 (W13),Wigan Athletic FC (35),2-2,?,Crewe Alexandra FC (35)
?,(Sat) 2 Apr 1994 (W13),Wycombe Wanderers FC (35),1-1,?,Torquay United FC (36)
?,(Mon) 4 Apr 1994 (W14),Chesterfield FC (37),1-1,?,Scunthorpe United FC (37)
?,(Mon) 4 Apr 1994 (W14),Colchester United FC (37),1-2,?,Scarborough Athletic FC (37)
?,(Mon) 4 Apr 1994 (W14),Crewe Alexandra FC (36),2-3,?,Carlisle United FC (36)
?,(Mon) 4 Apr 1994 (W14),Darlington FC (37),1-3,?,Doncaster Rovers FC (37)
?,(Mon) 4 Apr 1994 (W14),Gillingham FC (36),2-2,?,Chester FC (37)
?,(Mon) 4 Apr 1994 (W14),Hereford FC (37),2-3,?,Mansfield Town FC (37)
?,(Mon) 4 Apr 1994 (W14),Lincoln City FC (37),0-1,?,Shrewsbury Town FC (35)
?,(Mon) 4 Apr 1994 (W14),Preston North End FC (36),1-1,?,Northampton Town FC (37)
?,(Mon) 4 Apr 1994 (W14),Rochdale AFC (35),2-2,?,Wycombe Wanderers FC (36)
?,(Tue) 5 Apr 1994 (W14),Torquay United FC (37),0-0,?,Bury FC (37)
?,(Tue) 5 Apr 1994 (W14),Walsall FC (37),1-1,?,Wigan Athletic FC (36)
?,(Sat) 9 Apr 1994 (W14),Carlisle United FC (37),1-2,?,Hereford FC (38)
?,(Sat) 9 Apr 1994 (W14),Chester FC (38),2-1,?,Colchester United FC (38)
?,(Sat) 9 Apr 1994 (W14),Doncaster Rovers FC (38),0-0,?,Crewe Alexandra FC (37)
?,(Sat) 9 Apr 1994 (W14),Mansfield Town FC (38),2-1,?,Torquay United FC (38)
?,(Sat) 9 Apr 1994 (W14),Northampton Town FC (38),1-2,?,Rochdale AFC (36)
?,(Sat) 9 Apr 1994 (W14),Scarborough Athletic FC (38),2-2,?,Lincoln City FC (38)
?,(Sat) 9 Apr 1994 (W14),Scunthorpe United FC (38),3-1,?,Preston North End FC (37)
?,(Sat) 9 Apr 1994 (W14),Shrewsbury Town FC (36),0-0,?,Chesterfield FC (38)
?,(Sat) 9 Apr 1994 (W14),Wigan Athletic FC (37),2-0,?,Darlington FC (38)
?,(Sat) 9 Apr 1994 (W14),Wycombe Wanderers FC (37),3-0,?,Walsall FC (38)
?,(Tue) 12 Apr 1994 (W15),Gillingham FC (37),2-2,?,Preston North End FC (38)
?,(Tue) 12 Apr 1994 (W15),Rochdale AFC (37),1-2,?,Shrewsbury Town FC (37)
?,(Sat) 16 Apr 1994 (W15),Bury FC (38),1-1,?,Chester FC (39)
?,(Sat) 16 Apr 1994 (W15),Colchester United FC (39),1-2,?,Darlington FC (39)
?,(Sat) 16 Apr 1994 (W15),Crewe Alexandra FC (38),0-0,?,Shrewsbury Town FC (38)
?,(Sat) 16 Apr 1994 (W15),Hereford FC (39),2-0,?,Gillingham FC (38)
?,(Sat) 16 Apr 1994 (W15),Lincoln City FC (39),0-0,?,Carlisle United FC (38)
?,(Sat) 16 Apr 1994 (W15),Mansfield Town FC (39),0-1,?,Rochdale AFC (38)
?,(Sat) 16 Apr 1994 (W15),Northampton Town FC (39),0-1,?,Torquay United FC (39)
?,(Sat) 16 Apr 1994 (W15),Preston North End FC (39),2-0,?,Walsall FC (39)
?,(Sat) 16 Apr 1994 (W15),Scarborough Athletic FC (39),3-1,?,Wycombe Wanderers FC (38)
?,(Sat) 16 Apr 1994 (W15),Scunthorpe United FC (39),1-3,?,Doncaster Rovers FC (39)
?,(Sat) 16 Apr 1994 (W15),Wigan Athletic FC (38),1-0,?,Chesterfield FC (39)
?,(Tue) 19 Apr 1994 (W16),Bury FC (39),0-0,?,Gillingham FC (39)
?,(Tue) 19 Apr 1994 (W16),Crewe Alexandra FC (39),4-1,?,Wigan Athletic FC (39)
?,(Tue) 19 Apr 1994 (W16),Wycombe Wanderers FC (39),1-1,?,Rochdale AFC (39)
?,(Sat) 23 Apr 1994 (W16),Carlisle United FC (39),3-0,?,Wigan Athletic FC (40)
?,(Sat) 23 Apr 1994 (W16),Chester FC (40),3-1,?,Hereford FC (40)
?,(Sat) 23 Apr 1994 (W16),Chesterfield FC (40),1-1,?,Bury FC (40)
?,(Sat) 23 Apr 1994 (W16),Darlington FC (40),0-2,?,Preston North End FC (40)
?,(Sat) 23 Apr 1994 (W16),Doncaster Rovers FC (40),0-4,?,Scarborough Athletic FC (40)
?,(Sat) 23 Apr 1994 (W16),Gillingham FC (40),1-0,?,Mansfield Town FC (40)
?,(Sat) 23 Apr 1994 (W16),Rochdale AFC (40),2-1,?,Crewe Alexandra FC (40)
?,(Sat) 23 Apr 1994 (W16),Shrewsbury Town FC (39),2-1,?,Northampton Town FC (40)
?,(Sat) 23 Apr 1994 (W16),Torquay United FC (40),3-2,?,Lincoln City FC (40)
?,(Sat) 23 Apr 1994 (W16),Walsall FC (40),1-2,?,Colchester United FC (40)
?,(Sat) 23 Apr 1994 (W16),Wycombe Wanderers FC (40),2-2,?,Scunthorpe United FC (40)
?,(Sat) 30 Apr 1994 (W17),Bury FC (41),0-1,?,Rochdale AFC (41)
?,(Sat) 30 Apr 1994 (W17),Colchester United FC (41),3-1,?,Doncaster Rovers FC (41)
?,(Sat) 30 Apr 1994 (W17),Crewe Alexandra FC (41),2-1,?,Wycombe Wanderers FC (41)
?,(Sat) 30 Apr 1994 (W17),Hereford FC (41),2-2,?,Torquay United FC (41)
?,(Sat) 30 Apr 1994 (W17),Lincoln City FC (41),1-2,?,Walsall FC (41)
?,(Sat) 30 Apr 1994 (W17),Mansfield Town FC (41),0-3,?,Darlington FC (41)
?,(Sat) 30 Apr 1994 (W17),Northampton Town FC (41),1-0,?,Chester FC (41)
?,(Sat) 30 Apr 1994 (W17),Preston North End FC (41),0-3,?,Carlisle United FC (40)
?,(Sat) 30 Apr 1994 (W17),Scarborough Athletic FC (41),1-1,?,Chesterfield FC (41)
?,(Sat) 30 Apr 1994 (W17),Scunthorpe United FC (41),1-4,?,Shrewsbury Town FC (40)
?,(Sat) 30 Apr 1994 (W17),Wigan Athletic FC (41),2-0,?,Gillingham FC (41)
?,(Tue) 3 May 1994 (W18),Carlisle United FC (41),2-1,?,Shrewsbury Town FC (41)
?,(Sat) 7 May 1994 (W18),Carlisle United FC (42),2-0,?,Colchester United FC (42)
?,(Sat) 7 May 1994 (W18),Chester FC (42),1-2,?,Crewe Alexandra FC (42)
?,(Sat) 7 May 1994 (W18),Chesterfield FC (42),4-0,?,Northampton Town FC (42)
?,(Sat) 7 May 1994 (W18),Darlington FC (42),1-0,?,Bury FC (42)
?,(Sat) 7 May 1994 (W18),Doncaster Rovers FC (42),1-0,?,Hereford FC (42)
?,(Sat) 7 May 1994 (W18),Gillingham FC (42),1-1,?,Lincoln City FC (42)
?,(Sat) 7 May 1994 (W18),Rochdale AFC (42),2-3,?,Scunthorpe United FC (42)
?,(Sat) 7 May 1994 (W18),Shrewsbury Town FC (42),0-0,?,Wigan Athletic FC (42)
?,(Sat) 7 May 1994 (W18),Torquay United FC (42),2-0,?,Scarborough Athletic FC (42)
?,(Sat) 7 May 1994 (W18),Walsall FC (42),0-2,?,Mansfield Town FC (42)
?,(Sat) 7 May 1994 (W18),Wycombe Wanderers FC (42),1-1,?,Preston North End FC (42)
