Round,Date,Team 1,FT,HT,Team 2
?,(Sat) 29 Aug 1925 (34),Darlington FC (1),0-0,?,Nottingham Forest FC (1)
?,(Sat) 29 Aug 1925 (34),Leyton Orient FC (1),1-2,?,Port Vale FC (1)
?,(Sat) 29 Aug 1925 (34),Oldham Athletic AFC (1),2-1,?,Barnsley FC (1)
?,(Sat) 29 Aug 1925 (34),Stoke City FC (1),3-0,?,Stockport County FC (1)
?,(Sat) 29 Aug 1925 (34),Wolverhampton Wanderers FC (1),3-0,?,Preston North End FC (1)
?,(Sat) 29 Aug 1925 (34),Sheffield Wednesday FC (1),3-0,?,Fulham FC (1)
?,(Sat) 29 Aug 1925 (34),Swansea City AFC (1),1-2,?,South Shields FC (1)
?,(Sat) 29 Aug 1925 (34),Blackpool FC (1),2-1,?,Southampton FC (1)
?,(Sat) 29 Aug 1925 (34),Hull City AFC (1),0-0,?,Derby County FC (1)
?,(Sat) 29 Aug 1925 (34),Chelsea FC (1),2-0,?,Bradford City AFC (1)
?,(Sat) 29 Aug 1925 (34),Portsmouth FC (1),1-5,?,Middlesbrough FC (1)
?,(Mon) 31 Aug 1925 (35),Derby County FC (2),3-1,?,Leyton Orient FC (2)
?,(Mon) 31 Aug 1925 (35),Barnsley FC (2),0-0,?,Bradford City AFC (2)
?,(Mon) 31 Aug 1925 (35),Stockport County FC (2),0-2,?,Sheffield Wednesday FC (2)
?,(Mon) 31 Aug 1925 (35),Preston North End FC (2),3-2,?,Portsmouth FC (2)
?,(Mon) 31 Aug 1925 (35),Southampton FC (2),0-2,?,Hull City AFC (2)
?,(Mon) 31 Aug 1925 (35),Fulham FC (2),0-1,?,Swansea City AFC (2)
?,(Mon) 31 Aug 1925 (35),Nottingham Forest FC (2),1-5,?,Chelsea FC (2)
?,(Mon) 31 Aug 1925 (35),Port Vale FC (2),3-0,?,Stoke City FC (2)
?,(Wed) 2 Sep 1925 (35),Middlesbrough FC (2),3-2,?,Blackpool FC (2)
?,(Sat) 5 Sep 1925 (35),Derby County FC (3),0-2,?,Darlington FC (2)
?,(Sat) 5 Sep 1925 (35),Port Vale FC (3),0-6,?,Chelsea FC (3)
?,(Sat) 5 Sep 1925 (35),Preston North End FC (3),4-2,?,Swansea City AFC (3)
?,(Sat) 5 Sep 1925 (35),Stockport County FC (3),1-0,?,Oldham Athletic AFC (2)
?,(Sat) 5 Sep 1925 (35),Southampton FC (3),1-3,?,Portsmouth FC (3)
?,(Sat) 5 Sep 1925 (35),Fulham FC (3),2-4,?,Stoke City FC (3)
?,(Sat) 5 Sep 1925 (35),South Shields FC (2),1-1,?,Sheffield Wednesday FC (3)
?,(Sat) 5 Sep 1925 (35),Middlesbrough FC (3),4-1,?,Wolverhampton Wanderers FC (2)
?,(Sat) 5 Sep 1925 (35),Barnsley FC (3),3-1,?,Leyton Orient FC (3)
?,(Sat) 5 Sep 1925 (35),Nottingham Forest FC (3),1-1,?,Blackpool FC (3)
?,(Sat) 5 Sep 1925 (35),Bradford City AFC (3),0-1,?,Hull City AFC (3)
?,(Mon) 7 Sep 1925 (36),Stoke City FC (4),0-3,?,Port Vale FC (4)
?,(Mon) 7 Sep 1925 (36),Oldham Athletic AFC (3),1-1,?,Sheffield Wednesday FC (4)
?,(Mon) 7 Sep 1925 (36),Chelsea FC (4),0-0,?,Nottingham Forest FC (4)
?,(Mon) 7 Sep 1925 (36),Bradford City AFC (4),4-1,?,Barnsley FC (4)
?,(Mon) 7 Sep 1925 (36),Hull City AFC (4),4-0,?,Southampton FC (4)
?,(Mon) 7 Sep 1925 (36),South Shields FC (3),3-1,?,Wolverhampton Wanderers FC (3)
?,(Mon) 7 Sep 1925 (36),Blackpool FC (4),2-3,?,Middlesbrough FC (4)
?,(Wed) 9 Sep 1925 (36),Darlington FC (3),1-1,?,Preston North End FC (4)
?,(Sat) 12 Sep 1925 (36),Darlington FC (4),1-3,?,Bradford City AFC (5)
?,(Sat) 12 Sep 1925 (36),Swansea City AFC (4),4-0,?,Middlesbrough FC (5)
?,(Sat) 12 Sep 1925 (36),Blackpool FC (5),1-2,?,Derby County FC (4)
?,(Sat) 12 Sep 1925 (36),Hull City AFC (5),3-0,?,Port Vale FC (5)
?,(Sat) 12 Sep 1925 (36),Stoke City FC (5),0-1,?,South Shields FC (4)
?,(Sat) 12 Sep 1925 (36),Southampton FC (5),2-0,?,Nottingham Forest FC (5)
?,(Sat) 12 Sep 1925 (36),Oldham Athletic AFC (4),4-0,?,Fulham FC (4)
?,(Sat) 12 Sep 1925 (36),Wolverhampton Wanderers FC (4),4-1,?,Portsmouth FC (4)
?,(Sat) 12 Sep 1925 (36),Leyton Orient FC (4),2-1,?,Stockport County FC (4)
?,(Sat) 12 Sep 1925 (36),Sheffield Wednesday FC (5),5-1,?,Preston North End FC (5)
?,(Sat) 12 Sep 1925 (36),Chelsea FC (5),3-2,?,Barnsley FC (5)
?,(Mon) 14 Sep 1925 (37),Swansea City AFC (5),4-0,?,Stockport County FC (5)
?,(Mon) 14 Sep 1925 (37),Wolverhampton Wanderers FC (5),2-0,?,South Shields FC (5)
?,(Mon) 14 Sep 1925 (37),Oldham Athletic AFC (5),7-2,?,Stoke City FC (6)
?,(Mon) 14 Sep 1925 (37),Port Vale FC (6),3-0,?,Barnsley FC (6)
?,(Mon) 14 Sep 1925 (37),Preston North End FC (6),1-0,?,Middlesbrough FC (6)
?,(Mon) 14 Sep 1925 (37),Blackpool FC (6),0-1,?,Darlington FC (5)
?,(Sat) 19 Sep 1925 (37),Derby County FC (5),2-2,?,Southampton FC (6)
?,(Sat) 19 Sep 1925 (37),Middlesbrough FC (7),3-0,?,Sheffield Wednesday FC (6)
?,(Sat) 19 Sep 1925 (37),Preston North End FC (7),2-0,?,Stoke City FC (7)
?,(Sat) 19 Sep 1925 (37),Port Vale FC (7),6-1,?,Darlington FC (6)
?,(Sat) 19 Sep 1925 (37),Leyton Orient FC (5),1-2,?,Chelsea FC (6)
?,(Sat) 19 Sep 1925 (37),Barnsley FC (7),2-1,?,Hull City AFC (6)
?,(Sat) 19 Sep 1925 (37),South Shields FC (6),0-0,?,Oldham Athletic AFC (6)
?,(Sat) 19 Sep 1925 (37),Bradford City AFC (6),1-0,?,Blackpool FC (7)
?,(Sat) 19 Sep 1925 (37),Fulham FC (5),1-0,?,Stockport County FC (6)
?,(Sat) 19 Sep 1925 (37),Portsmouth FC (5),0-0,?,Swansea City AFC (6)
?,(Sat) 19 Sep 1925 (37),Nottingham Forest FC (6),1-4,?,Wolverhampton Wanderers FC (6)
?,(Mon) 21 Sep 1925 (38),Sheffield Wednesday FC (7),6-2,?,Stockport County FC (7)
?,(Mon) 21 Sep 1925 (38),Swansea City AFC (7),6-0,?,Fulham FC (6)
?,(Wed) 23 Sep 1925 (38),Darlington FC (7),1-3,?,Blackpool FC (8)
?,(Wed) 23 Sep 1925 (38),Middlesbrough FC (8),5-1,?,Preston North End FC (8)
?,(Thu) 24 Sep 1925 (38),Leyton Orient FC (6),0-1,?,Derby County FC (6)
?,(Sat) 26 Sep 1925 (38),Sheffield Wednesday FC (8),4-2,?,Portsmouth FC (6)
?,(Sat) 26 Sep 1925 (38),Darlington FC (8),2-2,?,Barnsley FC (8)
?,(Sat) 26 Sep 1925 (38),Oldham Athletic AFC (7),3-2,?,Preston North End FC (9)
?,(Sat) 26 Sep 1925 (38),Chelsea FC (7),4-0,?,Fulham FC (7)
?,(Sat) 26 Sep 1925 (38),Stoke City FC (8),4-0,?,Middlesbrough FC (9)
?,(Sat) 26 Sep 1925 (38),Southampton FC (7),1-2,?,Bradford City AFC (7)
?,(Sat) 26 Sep 1925 (38),Hull City AFC (7),2-0,?,Leyton Orient FC (7)
?,(Sat) 26 Sep 1925 (38),Nottingham Forest FC (7),1-2,?,Derby County FC (7)
?,(Sat) 26 Sep 1925 (38),Blackpool FC (9),2-2,?,Port Vale FC (8)
?,(Sat) 26 Sep 1925 (38),Swansea City AFC (8),2-4,?,Wolverhampton Wanderers FC (7)
?,(Sat) 26 Sep 1925 (38),Stockport County FC (8),4-1,?,South Shields FC (7)
?,(Wed) 30 Sep 1925 (39),Portsmouth FC (7),5-2,?,Preston North End FC (10)
?,(Wed) 30 Sep 1925 (39),Darlington FC (9),3-1,?,Southampton FC (8)
?,(Sat) 3 Oct 1925 (39),South Shields FC (8),5-2,?,Fulham FC (8)
?,(Sat) 3 Oct 1925 (39),Barnsley FC (9),2-0,?,Blackpool FC (10)
?,(Sat) 3 Oct 1925 (39),Bradford City AFC (8),0-1,?,Nottingham Forest FC (8)
?,(Sat) 3 Oct 1925 (39),Middlesbrough FC (10),2-1,?,Oldham Athletic AFC (8)
?,(Sat) 3 Oct 1925 (39),Preston North End FC (11),5-3,?,Stockport County FC (9)
?,(Sat) 3 Oct 1925 (39),Wolverhampton Wanderers FC (8),1-2,?,Sheffield Wednesday FC (9)
?,(Sat) 3 Oct 1925 (39),Port Vale FC (9),1-1,?,Southampton FC (9)
?,(Sat) 3 Oct 1925 (39),Portsmouth FC (8),2-0,?,Stoke City FC (9)
?,(Sat) 3 Oct 1925 (39),Leyton Orient FC (8),1-2,?,Darlington FC (10)
?,(Sat) 3 Oct 1925 (39),Chelsea FC (8),4-0,?,Hull City AFC (8)
?,(Sat) 3 Oct 1925 (39),Derby County FC (8),5-0,?,Swansea City AFC (9)
?,(Mon) 5 Oct 1925 (40),Southampton FC (10),4-1,?,Darlington FC (11)
?,(Mon) 5 Oct 1925 (40),Fulham FC (9),1-2,?,Wolverhampton Wanderers FC (9)
?,(Wed) 7 Oct 1925 (40),Bradford City AFC (9),0-3,?,Leyton Orient FC (9)
?,(Sat) 10 Oct 1925 (40),Nottingham Forest FC (9),2-0,?,Port Vale FC (10)
?,(Sat) 10 Oct 1925 (40),Fulham FC (10),2-1,?,Preston North End FC (12)
?,(Sat) 10 Oct 1925 (40),Darlington FC (12),1-1,?,Chelsea FC (9)
?,(Sat) 10 Oct 1925 (40),Sheffield Wednesday FC (10),3-1,?,Swansea City AFC (10)
?,(Sat) 10 Oct 1925 (40),Oldham Athletic AFC (9),1-3,?,Portsmouth FC (9)
?,(Sat) 10 Oct 1925 (40),Stockport County FC (10),1-2,?,Middlesbrough FC (11)
?,(Sat) 10 Oct 1925 (40),Stoke City FC (10),0-0,?,Wolverhampton Wanderers FC (10)
?,(Sat) 10 Oct 1925 (40),Blackpool FC (11),3-0,?,Leyton Orient FC (10)
?,(Sat) 10 Oct 1925 (40),Derby County FC (9),0-0,?,Bradford City AFC (10)
?,(Sat) 10 Oct 1925 (40),Hull City AFC (9),1-3,?,South Shields FC (9)
?,(Sat) 10 Oct 1925 (40),Southampton FC (11),0-0,?,Barnsley FC (10)
?,(Mon) 12 Oct 1925 (41),Hull City AFC (10),4-1,?,Nottingham Forest FC (10)
?,(Sat) 17 Oct 1925 (41),Preston North End FC (13),4-0,?,Hull City AFC (11)
?,(Sat) 17 Oct 1925 (41),Swansea City AFC (11),3-0,?,Nottingham Forest FC (11)
?,(Sat) 17 Oct 1925 (41),Stoke City FC (11),1-0,?,Bradford City AFC (11)
?,(Sat) 17 Oct 1925 (41),Portsmouth FC (10),2-0,?,Blackpool FC (12)
?,(Sat) 17 Oct 1925 (41),Wolverhampton Wanderers FC (11),4-1,?,Southampton FC (12)
?,(Sat) 17 Oct 1925 (41),Fulham FC (11),0-2,?,Leyton Orient FC (11)
?,(Sat) 17 Oct 1925 (41),Middlesbrough FC (12),3-2,?,Darlington FC (13)
?,(Sat) 17 Oct 1925 (41),Stockport County FC (11),1-1,?,Barnsley FC (11)
?,(Sat) 17 Oct 1925 (41),South Shields FC (10),0-0,?,Chelsea FC (10)
?,(Sat) 17 Oct 1925 (41),Oldham Athletic AFC (10),3-2,?,Port Vale FC (11)
?,(Sat) 17 Oct 1925 (41),Sheffield Wednesday FC (11),1-4,?,Derby County FC (10)
?,(Sat) 24 Oct 1925 (42),Blackpool FC (13),4-0,?,Wolverhampton Wanderers FC (12)
?,(Sat) 24 Oct 1925 (42),Derby County FC (11),7-3,?,Stoke City FC (12)
?,(Sat) 24 Oct 1925 (42),Port Vale FC (12),2-0,?,Stockport County FC (12)
?,(Sat) 24 Oct 1925 (42),Chelsea FC (11),5-0,?,Preston North End FC (14)
?,(Sat) 24 Oct 1925 (42),Leyton Orient FC (12),1-2,?,South Shields FC (11)
?,(Sat) 24 Oct 1925 (42),Hull City AFC (12),1-2,?,Middlesbrough FC (13)
?,(Sat) 24 Oct 1925 (42),Southampton FC (13),4-1,?,Swansea City AFC (12)
?,(Sat) 24 Oct 1925 (42),Darlington FC (14),7-1,?,Portsmouth FC (11)
?,(Sat) 24 Oct 1925 (42),Nottingham Forest FC (12),2-0,?,Sheffield Wednesday FC (12)
?,(Sat) 24 Oct 1925 (42),Bradford City AFC (12),1-1,?,Oldham Athletic AFC (11)
?,(Sat) 24 Oct 1925 (42),Barnsley FC (12),2-2,?,Fulham FC (12)
?,(Mon) 26 Oct 1925 (43),South Shields FC (12),5-1,?,Portsmouth FC (12)
?,(Sat) 31 Oct 1925 (43),Swansea City AFC (13),1-0,?,Port Vale FC (13)
?,(Sat) 31 Oct 1925 (43),South Shields FC (13),3-4,?,Blackpool FC (14)
?,(Sat) 31 Oct 1925 (43),Middlesbrough FC (14),1-0,?,Nottingham Forest FC (13)
?,(Sat) 31 Oct 1925 (43),Oldham Athletic AFC (12),1-1,?,Chelsea FC (12)
?,(Sat) 31 Oct 1925 (43),Portsmouth FC (13),2-2,?,Derby County FC (12)
?,(Sat) 31 Oct 1925 (43),Stockport County FC (13),0-1,?,Hull City AFC (13)
?,(Sat) 31 Oct 1925 (43),Sheffield Wednesday FC (13),3-0,?,Barnsley FC (13)
?,(Sat) 31 Oct 1925 (43),Preston North End FC (15),2-2,?,Southampton FC (14)
?,(Sat) 31 Oct 1925 (43),Stoke City FC (13),0-0,?,Leyton Orient FC (13)
?,(Sat) 31 Oct 1925 (43),Fulham FC (13),4-0,?,Darlington FC (15)
?,(Sat) 31 Oct 1925 (43),Wolverhampton Wanderers FC (13),1-1,?,Bradford City AFC (13)
?,(Sat) 7 Nov 1925 (44),Southampton FC (15),3-1,?,Middlesbrough FC (15)
?,(Sat) 7 Nov 1925 (44),Darlington FC (16),4-1,?,South Shields FC (14)
?,(Sat) 7 Nov 1925 (44),Barnsley FC (14),2-1,?,Stoke City FC (14)
?,(Sat) 7 Nov 1925 (44),Chelsea FC (13),3-2,?,Stockport County FC (14)
?,(Sat) 7 Nov 1925 (44),Leyton Orient FC (14),1-2,?,Oldham Athletic AFC (13)
?,(Sat) 7 Nov 1925 (44),Port Vale FC (14),4-3,?,Sheffield Wednesday FC (14)
?,(Sat) 7 Nov 1925 (44),Nottingham Forest FC (14),3-1,?,Portsmouth FC (14)
?,(Sat) 7 Nov 1925 (44),Blackpool FC (15),3-1,?,Preston North End FC (16)
?,(Sat) 7 Nov 1925 (44),Hull City AFC (14),1-0,?,Fulham FC (14)
?,(Sat) 7 Nov 1925 (44),Derby County FC (13),2-0,?,Wolverhampton Wanderers FC (14)
?,(Sat) 14 Nov 1925 (45),South Shields FC (15),1-3,?,Bradford City AFC (14)
?,(Sat) 14 Nov 1925 (45),Portsmouth FC (15),3-2,?,Leyton Orient FC (15)
?,(Sat) 14 Nov 1925 (45),Swansea City AFC (14),2-0,?,Hull City AFC (15)
?,(Sat) 14 Nov 1925 (45),Middlesbrough FC (16),5-0,?,Barnsley FC (15)
?,(Sat) 14 Nov 1925 (45),Stoke City FC (15),1-3,?,Blackpool FC (16)
?,(Sat) 14 Nov 1925 (45),Sheffield Wednesday FC (15),4-0,?,Darlington FC (17)
?,(Sat) 14 Nov 1925 (45),Fulham FC (15),1-1,?,Derby County FC (14)
?,(Sat) 14 Nov 1925 (45),Preston North End FC (17),4-0,?,Port Vale FC (15)
?,(Sat) 14 Nov 1925 (45),Oldham Athletic AFC (14),1-0,?,Southampton FC (16)
?,(Sat) 14 Nov 1925 (45),Stockport County FC (15),3-0,?,Nottingham Forest FC (15)
?,(Sat) 14 Nov 1925 (45),Wolverhampton Wanderers FC (15),0-0,?,Chelsea FC (14)
?,(Sat) 21 Nov 1925 (46),Bradford City AFC (15),2-0,?,Preston North End FC (18)
?,(Sat) 21 Nov 1925 (46),Oldham Athletic AFC (15),3-2,?,Blackpool FC (17)
?,(Sat) 21 Nov 1925 (46),Nottingham Forest FC (16),2-2,?,Fulham FC (16)
?,(Sat) 21 Nov 1925 (46),Darlington FC (18),1-2,?,Stoke City FC (16)
?,(Sat) 21 Nov 1925 (46),Hull City AFC (16),0-1,?,Sheffield Wednesday FC (16)
?,(Sat) 21 Nov 1925 (46),Leyton Orient FC (16),2-1,?,Wolverhampton Wanderers FC (16)
?,(Sat) 21 Nov 1925 (46),Southampton FC (17),3-0,?,Stockport County FC (16)
?,(Sat) 21 Nov 1925 (46),Derby County FC (15),2-0,?,South Shields FC (16)
?,(Sat) 21 Nov 1925 (46),Barnsley FC (16),2-2,?,Portsmouth FC (16)
?,(Sat) 21 Nov 1925 (46),Port Vale FC (16),4-0,?,Middlesbrough FC (17)
?,(Sat) 21 Nov 1925 (46),Chelsea FC (15),1-3,?,Swansea City AFC (15)
?,(Sat) 28 Nov 1925 (47),South Shields FC (17),3-1,?,Nottingham Forest FC (17)
?,(Sat) 28 Nov 1925 (47),Middlesbrough FC (18),2-5,?,Bradford City AFC (16)
?,(Sat) 28 Nov 1925 (47),Fulham FC (17),1-1,?,Southampton FC (18)
?,(Sat) 28 Nov 1925 (47),Stockport County FC (17),4-3,?,Blackpool FC (18)
?,(Sat) 28 Nov 1925 (47),Portsmouth FC (17),3-2,?,Port Vale FC (17)
?,(Sat) 28 Nov 1925 (47),Preston North End FC (19),2-1,?,Derby County FC (16)
?,(Sat) 28 Nov 1925 (47),Stoke City FC (17),3-1,?,Hull City AFC (17)
?,(Sat) 28 Nov 1925 (47),Sheffield Wednesday FC (17),4-1,?,Chelsea FC (16)
?,(Sat) 5 Dec 1925 (48),Bradford City AFC (17),0-1,?,Portsmouth FC (18)
?,(Sat) 5 Dec 1925 (48),Chelsea FC (17),1-1,?,Stoke City FC (18)
?,(Sat) 5 Dec 1925 (48),Blackpool FC (19),2-0,?,Fulham FC (18)
?,(Sat) 5 Dec 1925 (48),Leyton Orient FC (17),0-0,?,Sheffield Wednesday FC (18)
?,(Sat) 5 Dec 1925 (48),Southampton FC (19),0-1,?,South Shields FC (18)
?,(Sat) 5 Dec 1925 (48),Port Vale FC (18),3-0,?,Wolverhampton Wanderers FC (17)
?,(Sat) 5 Dec 1925 (48),Barnsley FC (17),2-0,?,Swansea City AFC (16)
?,(Sat) 5 Dec 1925 (48),Derby County FC (17),2-0,?,Middlesbrough FC (19)
?,(Sat) 5 Dec 1925 (48),Nottingham Forest FC (18),4-0,?,Preston North End FC (20)
?,(Sat) 5 Dec 1925 (48),Stockport County FC (18),1-1,?,Darlington FC (19)
?,(Sat) 5 Dec 1925 (48),Hull City AFC (18),1-2,?,Oldham Athletic AFC (16)
?,(Mon) 7 Dec 1925 (49),Portsmouth FC (19),4-2,?,South Shields FC (19)
?,(Sat) 12 Dec 1925 (49),Stoke City FC (19),1-1,?,Nottingham Forest FC (19)
?,(Sat) 12 Dec 1925 (49),Middlesbrough FC (20),1-2,?,Chelsea FC (18)
?,(Sat) 12 Dec 1925 (49),Fulham FC (19),3-3,?,Port Vale FC (19)
?,(Sat) 12 Dec 1925 (49),Sheffield Wednesday FC (19),2-1,?,Southampton FC (20)
?,(Sat) 12 Dec 1925 (49),South Shields FC (20),3-0,?,Barnsley FC (18)
?,(Sat) 12 Dec 1925 (49),Wolverhampton Wanderers FC (18),0-0,?,Blackpool FC (20)
?,(Sat) 12 Dec 1925 (49),Preston North End FC (21),4-1,?,Leyton Orient FC (18)
?,(Sat) 12 Dec 1925 (49),Stockport County FC (19),1-1,?,Bradford City AFC (18)
?,(Sat) 12 Dec 1925 (49),Portsmouth FC (20),2-2,?,Hull City AFC (19)
?,(Mon) 14 Dec 1925 (50),Oldham Athletic AFC (17),2-0,?,Derby County FC (18)
?,(Sat) 19 Dec 1925 (50),Barnsley FC (19),2-0,?,Preston North End FC (22)
?,(Sat) 19 Dec 1925 (50),Derby County FC (19),4-0,?,Stockport County FC (20)
?,(Sat) 19 Dec 1925 (50),Southampton FC (21),1-2,?,Stoke City FC (20)
?,(Sat) 19 Dec 1925 (50),Chelsea FC (19),0-0,?,Portsmouth FC (21)
?,(Sat) 19 Dec 1925 (50),Blackpool FC (21),1-0,?,Sheffield Wednesday FC (20)
?,(Sat) 19 Dec 1925 (50),Hull City AFC (20),3-1,?,Wolverhampton Wanderers FC (19)
?,(Sat) 19 Dec 1925 (50),Bradford City AFC (19),0-0,?,Fulham FC (20)
?,(Sat) 19 Dec 1925 (50),Nottingham Forest FC (20),1-1,?,Oldham Athletic AFC (18)
?,(Sat) 19 Dec 1925 (50),Leyton Orient FC (19),1-0,?,Middlesbrough FC (21)
?,(Sat) 19 Dec 1925 (50),Port Vale FC (20),2-0,?,South Shields FC (21)
?,(Sat) 19 Dec 1925 (50),Darlington FC (20),3-3,?,Swansea City AFC (17)
?,(Fri) 25 Dec 1925 (51),Swansea City AFC (18),1-1,?,Stoke City FC (21)
?,(Fri) 25 Dec 1925 (51),Blackpool FC (22),0-0,?,Chelsea FC (20)
?,(Fri) 25 Dec 1925 (51),Bradford City AFC (20),1-4,?,Sheffield Wednesday FC (21)
?,(Fri) 25 Dec 1925 (51),Stockport County FC (21),3-3,?,Portsmouth FC (22)
?,(Fri) 25 Dec 1925 (51),Darlington FC (21),1-2,?,Hull City AFC (21)
?,(Fri) 25 Dec 1925 (51),Leyton Orient FC (20),2-1,?,Southampton FC (22)
?,(Fri) 25 Dec 1925 (51),Oldham Athletic AFC (19),1-2,?,Wolverhampton Wanderers FC (20)
?,(Fri) 25 Dec 1925 (51),Fulham FC (21),2-0,?,Middlesbrough FC (22)
?,(Fri) 25 Dec 1925 (51),Port Vale FC (21),0-1,?,Derby County FC (20)
?,(Fri) 25 Dec 1925 (51),Nottingham Forest FC (21),4-2,?,Barnsley FC (20)
?,(Sat) 26 Dec 1925 (51),Chelsea FC (21),2-3,?,Blackpool FC (23)
?,(Sat) 26 Dec 1925 (51),Southampton FC (23),2-0,?,Leyton Orient FC (21)
?,(Sat) 26 Dec 1925 (51),Stoke City FC (22),1-1,?,Swansea City AFC (19)
?,(Sat) 26 Dec 1925 (51),Sheffield Wednesday FC (22),5-1,?,Bradford City AFC (21)
?,(Sat) 26 Dec 1925 (51),Wolverhampton Wanderers FC (21),2-1,?,Oldham Athletic AFC (20)
?,(Sat) 26 Dec 1925 (51),Portsmouth FC (23),4-0,?,Stockport County FC (22)
?,(Sat) 26 Dec 1925 (51),Derby County FC (21),2-0,?,Port Vale FC (22)
?,(Sat) 26 Dec 1925 (51),Preston North End FC (23),0-4,?,South Shields FC (22)
?,(Sat) 26 Dec 1925 (51),Hull City AFC (22),1-1,?,Darlington FC (22)
?,(Sat) 26 Dec 1925 (51),Middlesbrough FC (23),4-0,?,Fulham FC (22)
?,(Mon) 28 Dec 1925 (52),Sheffield Wednesday FC (23),5-1,?,Oldham Athletic AFC (21)
?,(Mon) 28 Dec 1925 (52),Derby County FC (22),4-2,?,Chelsea FC (22)
?,(Mon) 28 Dec 1925 (52),Barnsley FC (21),4-1,?,Nottingham Forest FC (22)
?,(Fri) 1 Jan 1926 (0),Stockport County FC (23),1-3,?,Swansea City AFC (20)
?,(Fri) 1 Jan 1926 (0),Barnsley FC (22),3-0,?,Port Vale FC (23)
?,(Fri) 1 Jan 1926 (0),Middlesbrough FC (24),1-2,?,South Shields FC (23)
?,(Sat) 2 Jan 1926 (0),Port Vale FC (24),4-2,?,Leyton Orient FC (22)
?,(Sat) 2 Jan 1926 (0),Nottingham Forest FC (23),2-0,?,Darlington FC (23)
?,(Sat) 2 Jan 1926 (0),Stockport County FC (24),2-1,?,Stoke City FC (23)
?,(Sat) 2 Jan 1926 (0),Southampton FC (24),2-2,?,Blackpool FC (24)
?,(Sat) 2 Jan 1926 (0),Middlesbrough FC (25),4-1,?,Portsmouth FC (24)
?,(Sat) 2 Jan 1926 (0),Barnsley FC (23),3-4,?,Oldham Athletic AFC (22)
?,(Sat) 2 Jan 1926 (0),Bradford City AFC (22),4-2,?,Chelsea FC (23)
?,(Sat) 2 Jan 1926 (0),Derby County FC (23),3-1,?,Hull City AFC (23)
?,(Sat) 2 Jan 1926 (0),South Shields FC (24),3-1,?,Swansea City AFC (21)
?,(Sat) 2 Jan 1926 (0),Fulham FC (23),3-0,?,Sheffield Wednesday FC (24)
?,(Sat) 2 Jan 1926 (0),Preston North End FC (24),1-0,?,Wolverhampton Wanderers FC (22)
?,(Sat) 16 Jan 1926 (2),Leyton Orient FC (23),4-0,?,Barnsley FC (24)
?,(Sat) 16 Jan 1926 (2),Chelsea FC (24),3-1,?,Port Vale FC (25)
?,(Sat) 16 Jan 1926 (2),Blackpool FC (25),3-0,?,Nottingham Forest FC (24)
?,(Sat) 16 Jan 1926 (2),Portsmouth FC (25),1-2,?,Southampton FC (25)
?,(Sat) 16 Jan 1926 (2),Swansea City AFC (22),4-1,?,Preston North End FC (25)
?,(Sat) 16 Jan 1926 (2),Stoke City FC (24),5-0,?,Fulham FC (24)
?,(Sat) 16 Jan 1926 (2),Hull City AFC (24),5-0,?,Bradford City AFC (23)
?,(Sat) 16 Jan 1926 (2),Wolverhampton Wanderers FC (23),3-1,?,Middlesbrough FC (26)
?,(Sat) 16 Jan 1926 (2),Darlington FC (24),3-0,?,Derby County FC (24)
?,(Sat) 16 Jan 1926 (2),Sheffield Wednesday FC (25),1-0,?,South Shields FC (25)
?,(Wed) 20 Jan 1926 (3),Bradford City AFC (24),3-1,?,Swansea City AFC (23)
?,(Sat) 23 Jan 1926 (3),Bradford City AFC (25),2-0,?,Darlington FC (25)
?,(Sat) 23 Jan 1926 (3),Middlesbrough FC (27),0-3,?,Swansea City AFC (24)
?,(Sat) 23 Jan 1926 (3),South Shields FC (26),5-1,?,Stoke City FC (25)
?,(Sat) 23 Jan 1926 (3),Nottingham Forest FC (25),1-2,?,Southampton FC (26)
?,(Sat) 23 Jan 1926 (3),Port Vale FC (26),3-1,?,Hull City AFC (25)
?,(Sat) 23 Jan 1926 (3),Fulham FC (25),2-1,?,Oldham Athletic AFC (23)
?,(Sat) 23 Jan 1926 (3),Derby County FC (25),5-2,?,Blackpool FC (26)
?,(Sat) 23 Jan 1926 (3),Barnsley FC (25),2-3,?,Chelsea FC (25)
?,(Sat) 23 Jan 1926 (3),Preston North End FC (26),0-3,?,Sheffield Wednesday FC (26)
?,(Sat) 23 Jan 1926 (3),Stockport County FC (25),3-2,?,Leyton Orient FC (24)
?,(Sat) 23 Jan 1926 (3),Portsmouth FC (26),3-0,?,Wolverhampton Wanderers FC (24)
?,(Sat) 30 Jan 1926 (4),Blackpool FC (27),3-0,?,Bradford City AFC (26)
?,(Sat) 30 Jan 1926 (4),Hull City AFC (26),2-2,?,Barnsley FC (26)
?,(Sat) 30 Jan 1926 (4),Oldham Athletic AFC (24),3-0,?,Stockport County FC (26)
?,(Sat) 30 Jan 1926 (4),Darlington FC (26),4-0,?,Port Vale FC (27)
?,(Sat) 6 Feb 1926 (5),Derby County FC (26),2-0,?,Nottingham Forest FC (26)
?,(Sat) 6 Feb 1926 (5),Wolverhampton Wanderers FC (25),2-3,?,Swansea City AFC (25)
?,(Sat) 6 Feb 1926 (5),South Shields FC (27),4-2,?,Stockport County FC (27)
?,(Sat) 6 Feb 1926 (5),Middlesbrough FC (28),3-0,?,Stoke City FC (26)
?,(Sat) 6 Feb 1926 (5),Barnsley FC (27),1-1,?,Darlington FC (27)
?,(Sat) 6 Feb 1926 (5),Fulham FC (26),0-3,?,Chelsea FC (26)
?,(Sat) 6 Feb 1926 (5),Portsmouth FC (27),1-2,?,Sheffield Wednesday FC (27)
?,(Sat) 6 Feb 1926 (5),Bradford City AFC (27),0-5,?,Southampton FC (27)
?,(Sat) 6 Feb 1926 (5),Preston North End FC (27),2-1,?,Oldham Athletic AFC (25)
?,(Sat) 6 Feb 1926 (5),Port Vale FC (28),5-0,?,Blackpool FC (28)
?,(Sat) 6 Feb 1926 (5),Leyton Orient FC (25),0-0,?,Hull City AFC (27)
?,(Mon) 8 Feb 1926 (6),Oldham Athletic AFC (26),0-1,?,Darlington FC (28)
?,(Mon) 8 Feb 1926 (6),Wolverhampton Wanderers FC (26),4-0,?,Nottingham Forest FC (27)
?,(Tue) 9 Feb 1926 (6),Stockport County FC (28),1-2,?,Fulham FC (27)
?,(Wed) 10 Feb 1926 (6),Chelsea FC (27),1-3,?,Leyton Orient FC (26)
?,(Wed) 10 Feb 1926 (6),Southampton FC (28),2-1,?,Derby County FC (27)
?,(Sat) 13 Feb 1926 (6),Sheffield Wednesday FC (28),2-1,?,Wolverhampton Wanderers FC (27)
?,(Sat) 13 Feb 1926 (6),Southampton FC (29),2-3,?,Port Vale FC (29)
?,(Sat) 13 Feb 1926 (6),Stockport County FC (29),1-1,?,Preston North End FC (28)
?,(Sat) 13 Feb 1926 (6),Darlington FC (29),6-0,?,Leyton Orient FC (27)
?,(Sat) 13 Feb 1926 (6),Hull City AFC (28),0-1,?,Chelsea FC (28)
?,(Sat) 13 Feb 1926 (6),Swansea City AFC (26),2-0,?,Derby County FC (28)
?,(Sat) 13 Feb 1926 (6),Stoke City FC (27),2-1,?,Portsmouth FC (28)
?,(Sat) 13 Feb 1926 (6),Fulham FC (28),2-1,?,South Shields FC (28)
?,(Sat) 13 Feb 1926 (6),Oldham Athletic AFC (27),4-1,?,Middlesbrough FC (29)
?,(Sat) 13 Feb 1926 (6),Nottingham Forest FC (28),0-0,?,Bradford City AFC (28)
?,(Sat) 13 Feb 1926 (6),Blackpool FC (29),4-0,?,Barnsley FC (28)
?,(Sat) 20 Feb 1926 (7),Chelsea FC (29),5-2,?,Darlington FC (30)
?,(Sat) 20 Feb 1926 (7),Barnsley FC (29),2-0,?,Southampton FC (30)
?,(Sat) 20 Feb 1926 (7),Portsmouth FC (29),0-2,?,Oldham Athletic AFC (28)
?,(Sat) 20 Feb 1926 (7),Bradford City AFC (29),0-0,?,Derby County FC (29)
?,(Sat) 20 Feb 1926 (7),Wolverhampton Wanderers FC (28),5-1,?,Stoke City FC (28)
?,(Sat) 20 Feb 1926 (7),Middlesbrough FC (30),4-0,?,Stockport County FC (30)
?,(Mon) 22 Feb 1926 (8),Stoke City FC (29),1-3,?,Preston North End FC (29)
?,(Mon) 22 Feb 1926 (8),Sheffield Wednesday FC (29),2-0,?,Middlesbrough FC (31)
?,(Thu) 25 Feb 1926 (8),Swansea City AFC (27),6-1,?,Blackpool FC (30)
?,(Sat) 27 Feb 1926 (8),Darlington FC (31),0-2,?,Middlesbrough FC (32)
?,(Sat) 27 Feb 1926 (8),Southampton FC (31),4-2,?,Wolverhampton Wanderers FC (29)
?,(Sat) 27 Feb 1926 (8),Derby County FC (30),4-1,?,Sheffield Wednesday FC (30)
?,(Sat) 27 Feb 1926 (8),Port Vale FC (30),3-0,?,Oldham Athletic AFC (29)
?,(Sat) 27 Feb 1926 (8),Nottingham Forest FC (29),0-2,?,Swansea City AFC (28)
?,(Sat) 27 Feb 1926 (8),Leyton Orient FC (28),1-1,?,Fulham FC (29)
?,(Sat) 27 Feb 1926 (8),Blackpool FC (31),2-2,?,Portsmouth FC (30)
?,(Sat) 27 Feb 1926 (8),Barnsley FC (30),1-1,?,Stockport County FC (31)
?,(Sat) 27 Feb 1926 (8),Hull City AFC (29),1-1,?,Preston North End FC (30)
?,(Sat) 27 Feb 1926 (8),Bradford City AFC (30),2-1,?,Stoke City FC (30)
?,(Sat) 27 Feb 1926 (8),Chelsea FC (30),0-0,?,South Shields FC (29)
?,(Mon) 1 Mar 1926 (9),Wolverhampton Wanderers FC (30),1-0,?,Darlington FC (32)
?,(Wed) 3 Mar 1926 (9),South Shields FC (30),1-3,?,Hull City AFC (30)
?,(Sat) 6 Mar 1926 (9),Middlesbrough FC (33),3-3,?,Hull City AFC (31)
?,(Sat) 6 Mar 1926 (9),Stoke City FC (31),0-1,?,Derby County FC (31)
?,(Sat) 6 Mar 1926 (9),Preston North End FC (31),3-1,?,Chelsea FC (31)
?,(Sat) 6 Mar 1926 (9),South Shields FC (31),2-0,?,Southampton FC (32)
?,(Sat) 6 Mar 1926 (9),Oldham Athletic AFC (30),3-0,?,Bradford City AFC (31)
?,(Sat) 6 Mar 1926 (9),Stockport County FC (32),2-2,?,Port Vale FC (31)
?,(Sat) 6 Mar 1926 (9),Barnsley FC (31),1-1,?,Wolverhampton Wanderers FC (31)
?,(Sat) 6 Mar 1926 (9),Portsmouth FC (31),2-0,?,Darlington FC (33)
?,(Mon) 8 Mar 1926 (10),Leyton Orient FC (29),2-2,?,Blackpool FC (32)
?,(Thu) 11 Mar 1926 (10),Swansea City AFC (29),2-2,?,Sheffield Wednesday FC (31)
?,(Sat) 13 Mar 1926 (10),Nottingham Forest FC (30),1-0,?,Middlesbrough FC (34)
?,(Sat) 13 Mar 1926 (10),Bradford City AFC (32),1-2,?,Wolverhampton Wanderers FC (32)
?,(Sat) 13 Mar 1926 (10),Derby County FC (32),0-2,?,Portsmouth FC (32)
?,(Sat) 13 Mar 1926 (10),Leyton Orient FC (30),4-0,?,Stoke City FC (32)
?,(Sat) 13 Mar 1926 (10),Hull City AFC (32),4-0,?,Stockport County FC (33)
?,(Sat) 13 Mar 1926 (10),Port Vale FC (32),3-0,?,Swansea City AFC (30)
?,(Sat) 13 Mar 1926 (10),Darlington FC (34),1-2,?,Fulham FC (30)
?,(Sat) 13 Mar 1926 (10),Chelsea FC (32),3-0,?,Oldham Athletic AFC (31)
?,(Sat) 13 Mar 1926 (10),Barnsley FC (32),1-1,?,Sheffield Wednesday FC (32)
?,(Sat) 13 Mar 1926 (10),Blackpool FC (33),1-0,?,South Shields FC (32)
?,(Sat) 13 Mar 1926 (10),Southampton FC (33),2-0,?,Preston North End FC (32)
?,(Tue) 16 Mar 1926 (11),Oldham Athletic AFC (32),2-1,?,South Shields FC (33)
?,(Thu) 18 Mar 1926 (11),Swansea City AFC (31),1-0,?,Portsmouth FC (33)
?,(Sat) 20 Mar 1926 (11),Fulham FC (31),1-1,?,Hull City AFC (33)
?,(Sat) 20 Mar 1926 (11),Sheffield Wednesday FC (33),0-2,?,Port Vale FC (33)
?,(Sat) 20 Mar 1926 (11),Stoke City FC (33),1-2,?,Barnsley FC (33)
?,(Sat) 20 Mar 1926 (11),Oldham Athletic AFC (33),1-1,?,Leyton Orient FC (31)
?,(Sat) 20 Mar 1926 (11),South Shields FC (34),2-4,?,Darlington FC (35)
?,(Sat) 20 Mar 1926 (11),Stockport County FC (34),0-0,?,Chelsea FC (33)
?,(Sat) 20 Mar 1926 (11),Middlesbrough FC (35),3-0,?,Southampton FC (34)
?,(Sat) 20 Mar 1926 (11),Portsmouth FC (34),5-1,?,Nottingham Forest FC (31)
?,(Sat) 20 Mar 1926 (11),Preston North End FC (33),6-4,?,Blackpool FC (34)
?,(Sat) 20 Mar 1926 (11),Wolverhampton Wanderers FC (33),2-0,?,Derby County FC (33)
?,(Sat) 20 Mar 1926 (11),Swansea City AFC (32),1-0,?,Bradford City AFC (33)
?,(Mon) 22 Mar 1926 (12),Sheffield Wednesday FC (34),2-0,?,Nottingham Forest FC (32)
?,(Wed) 24 Mar 1926 (12),South Shields FC (35),1-0,?,Leyton Orient FC (32)
?,(Thu) 25 Mar 1926 (12),Preston North End FC (34),2-1,?,Fulham FC (32)
?,(Sat) 27 Mar 1926 (12),Darlington FC (36),5-1,?,Sheffield Wednesday FC (35)
?,(Sat) 27 Mar 1926 (12),Southampton FC (35),3-1,?,Oldham Athletic AFC (34)
?,(Sat) 27 Mar 1926 (12),Chelsea FC (34),3-3,?,Wolverhampton Wanderers FC (34)
?,(Sat) 27 Mar 1926 (12),Nottingham Forest FC (33),2-0,?,Stockport County FC (35)
?,(Sat) 27 Mar 1926 (12),Leyton Orient FC (33),1-1,?,Portsmouth FC (35)
?,(Sat) 27 Mar 1926 (12),Bradford City AFC (34),1-1,?,South Shields FC (36)
?,(Sat) 27 Mar 1926 (12),Derby County FC (34),3-1,?,Fulham FC (33)
?,(Sat) 27 Mar 1926 (12),Barnsley FC (34),0-1,?,Middlesbrough FC (36)
?,(Sat) 27 Mar 1926 (12),Blackpool FC (35),0-0,?,Stoke City FC (34)
?,(Sat) 27 Mar 1926 (12),Port Vale FC (34),3-0,?,Preston North End FC (35)
?,(Mon) 29 Mar 1926 (13),Swansea City AFC (33),3-1,?,Southampton FC (36)
?,(Fri) 2 Apr 1926 (13),Chelsea FC (35),0-0,?,Southampton FC (37)
?,(Fri) 2 Apr 1926 (13),Leyton Orient FC (34),0-1,?,Nottingham Forest FC (34)
?,(Fri) 2 Apr 1926 (13),Blackpool FC (36),2-2,?,Hull City AFC (34)
?,(Fri) 2 Apr 1926 (13),Stockport County FC (36),1-0,?,Wolverhampton Wanderers FC (35)
?,(Fri) 2 Apr 1926 (13),Portsmouth FC (36),0-0,?,Fulham FC (34)
?,(Fri) 2 Apr 1926 (13),Port Vale FC (35),2-0,?,Bradford City AFC (35)
?,(Fri) 2 Apr 1926 (13),Oldham Athletic AFC (35),0-0,?,Swansea City AFC (34)
?,(Fri) 2 Apr 1926 (13),Preston North End FC (36),0-0,?,Darlington FC (37)
?,(Fri) 2 Apr 1926 (13),South Shields FC (37),2-2,?,Middlesbrough FC (37)
?,(Sat) 3 Apr 1926 (13),Middlesbrough FC (38),3-1,?,Port Vale FC (36)
?,(Sat) 3 Apr 1926 (13),Stoke City FC (35),6-1,?,Darlington FC (38)
?,(Sat) 3 Apr 1926 (13),Preston North End FC (37),3-1,?,Bradford City AFC (36)
?,(Sat) 3 Apr 1926 (13),Wolverhampton Wanderers FC (36),3-0,?,Leyton Orient FC (35)
?,(Sat) 3 Apr 1926 (13),Blackpool FC (37),2-1,?,Oldham Athletic AFC (36)
?,(Sat) 3 Apr 1926 (13),Fulham FC (35),0-2,?,Nottingham Forest FC (35)
?,(Sat) 3 Apr 1926 (13),Swansea City AFC (35),0-0,?,Chelsea FC (36)
?,(Sat) 3 Apr 1926 (13),Portsmouth FC (37),1-2,?,Barnsley FC (35)
?,(Sat) 3 Apr 1926 (13),Stockport County FC (37),1-2,?,Southampton FC (38)
?,(Sat) 3 Apr 1926 (13),South Shields FC (38),0-0,?,Derby County FC (35)
?,(Sat) 3 Apr 1926 (13),Sheffield Wednesday FC (36),2-0,?,Hull City AFC (35)
?,(Mon) 5 Apr 1926 (14),Southampton FC (39),0-1,?,Chelsea FC (37)
?,(Mon) 5 Apr 1926 (14),Hull City AFC (36),1-2,?,Blackpool FC (38)
?,(Mon) 5 Apr 1926 (14),Nottingham Forest FC (36),1-0,?,Leyton Orient FC (36)
?,(Mon) 5 Apr 1926 (14),Wolverhampton Wanderers FC (37),5-1,?,Stockport County FC (38)
?,(Mon) 5 Apr 1926 (14),Fulham FC (36),2-3,?,Portsmouth FC (38)
?,(Mon) 5 Apr 1926 (14),Stoke City FC (36),0-1,?,Sheffield Wednesday FC (37)
?,(Mon) 5 Apr 1926 (14),Bradford City AFC (37),2-0,?,Port Vale FC (37)
?,(Mon) 5 Apr 1926 (14),South Shields FC (39),1-1,?,Preston North End FC (38)
?,(Mon) 5 Apr 1926 (14),Swansea City AFC (36),3-3,?,Oldham Athletic AFC (37)
?,(Mon) 5 Apr 1926 (14),Barnsley FC (36),0-1,?,Derby County FC (36)
?,(Tue) 6 Apr 1926 (14),Derby County FC (37),4-0,?,Barnsley FC (37)
?,(Tue) 6 Apr 1926 (14),Sheffield Wednesday FC (38),2-0,?,Stoke City FC (37)
?,(Sat) 10 Apr 1926 (14),Bradford City AFC (38),2-0,?,Middlesbrough FC (39)
?,(Sat) 10 Apr 1926 (14),Southampton FC (40),2-0,?,Fulham FC (37)
?,(Sat) 10 Apr 1926 (14),Nottingham Forest FC (37),4-1,?,South Shields FC (40)
?,(Sat) 10 Apr 1926 (14),Chelsea FC (38),0-0,?,Sheffield Wednesday FC (39)
?,(Sat) 10 Apr 1926 (14),Blackpool FC (39),4-1,?,Stockport County FC (39)
?,(Sat) 10 Apr 1926 (14),Darlington FC (39),1-0,?,Oldham Athletic AFC (38)
?,(Sat) 10 Apr 1926 (14),Leyton Orient FC (37),2-0,?,Swansea City AFC (37)
?,(Sat) 10 Apr 1926 (14),Derby County FC (38),2-0,?,Preston North End FC (39)
?,(Sat) 10 Apr 1926 (14),Port Vale FC (38),1-1,?,Portsmouth FC (39)
?,(Sat) 10 Apr 1926 (14),Hull City AFC (37),1-0,?,Stoke City FC (38)
?,(Mon) 12 Apr 1926 (15),Swansea City AFC (38),0-0,?,Leyton Orient FC (38)
?,(Mon) 12 Apr 1926 (15),Port Vale FC (39),1-1,?,Nottingham Forest FC (38)
?,(Mon) 12 Apr 1926 (15),Wolverhampton Wanderers FC (38),0-0,?,Fulham FC (38)
?,(Sat) 17 Apr 1926 (15),Oldham Athletic AFC (39),2-1,?,Hull City AFC (38)
?,(Sat) 17 Apr 1926 (15),Sheffield Wednesday FC (40),3-0,?,Leyton Orient FC (39)
?,(Sat) 17 Apr 1926 (15),Swansea City AFC (39),3-0,?,Barnsley FC (38)
?,(Sat) 17 Apr 1926 (15),Fulham FC (39),1-1,?,Blackpool FC (40)
?,(Sat) 17 Apr 1926 (15),Preston North End FC (40),2-0,?,Nottingham Forest FC (39)
?,(Sat) 17 Apr 1926 (15),Stoke City FC (39),1-3,?,Chelsea FC (39)
?,(Sat) 17 Apr 1926 (15),Darlington FC (40),3-2,?,Stockport County FC (40)
?,(Sat) 17 Apr 1926 (15),Wolverhampton Wanderers FC (39),3-1,?,Port Vale FC (40)
?,(Sat) 17 Apr 1926 (15),Middlesbrough FC (40),1-2,?,Derby County FC (39)
?,(Sat) 17 Apr 1926 (15),Portsmouth FC (40),3-1,?,Bradford City AFC (39)
?,(Mon) 19 Apr 1926 (16),Leyton Orient FC (40),3-1,?,Bradford City AFC (40)
?,(Mon) 19 Apr 1926 (16),Fulham FC (40),2-2,?,Barnsley FC (39)
?,(Wed) 21 Apr 1926 (16),Nottingham Forest FC (40),4-0,?,Hull City AFC (39)
?,(Sat) 24 Apr 1926 (16),Blackpool FC (41),0-0,?,Swansea City AFC (40)
?,(Sat) 24 Apr 1926 (16),Southampton FC (41),1-2,?,Sheffield Wednesday FC (41)
?,(Sat) 24 Apr 1926 (16),Leyton Orient FC (41),1-1,?,Preston North End FC (41)
?,(Sat) 24 Apr 1926 (16),Nottingham Forest FC (41),1-2,?,Stoke City FC (40)
?,(Sat) 24 Apr 1926 (16),Hull City AFC (40),1-0,?,Portsmouth FC (41)
?,(Sat) 24 Apr 1926 (16),Darlington FC (41),3-4,?,Wolverhampton Wanderers FC (40)
?,(Sat) 24 Apr 1926 (16),Barnsley FC (40),3-1,?,South Shields FC (41)
?,(Sat) 24 Apr 1926 (16),Port Vale FC (41),0-1,?,Fulham FC (41)
?,(Sat) 24 Apr 1926 (16),Bradford City AFC (41),2-2,?,Stockport County FC (41)
?,(Sat) 24 Apr 1926 (16),Chelsea FC (40),0-1,?,Middlesbrough FC (41)
?,(Sat) 24 Apr 1926 (16),Derby County FC (40),1-0,?,Oldham Athletic AFC (40)
?,(Mon) 26 Apr 1926 (17),Stoke City FC (41),1-0,?,Oldham Athletic AFC (41)
?,(Mon) 26 Apr 1926 (17),Wolverhampton Wanderers FC (41),7-1,?,Barnsley FC (41)
?,(Mon) 26 Apr 1926 (17),Hull City AFC (41),4-2,?,Swansea City AFC (41)
?,(Mon) 26 Apr 1926 (17),Chelsea FC (41),2-1,?,Derby County FC (41)
?,(Sat) 1 May 1926 (17),Swansea City AFC (42),1-1,?,Darlington FC (42)
?,(Sat) 1 May 1926 (17),Stockport County FC (42),3-0,?,Derby County FC (42)
?,(Sat) 1 May 1926 (17),Middlesbrough FC (42),1-2,?,Leyton Orient FC (42)
?,(Sat) 1 May 1926 (17),Stoke City FC (42),1-1,?,Southampton FC (42)
?,(Sat) 1 May 1926 (17),South Shields FC (42),5-2,?,Port Vale FC (42)
?,(Sat) 1 May 1926 (17),Wolverhampton Wanderers FC (42),3-1,?,Hull City AFC (42)
?,(Sat) 1 May 1926 (17),Oldham Athletic AFC (42),8-3,?,Nottingham Forest FC (42)
?,(Sat) 1 May 1926 (17),Portsmouth FC (42),4-0,?,Chelsea FC (42)
?,(Sat) 1 May 1926 (17),Sheffield Wednesday FC (42),2-0,?,Blackpool FC (42)
?,(Sat) 1 May 1926 (17),Preston North End FC (42),4-2,?,Barnsley FC (42)
?,(Sat) 1 May 1926 (17),Fulham FC (42),2-0,?,Bradford City AFC (42)
