Round,Date,Team 1,FT,HT,Team 2
?,(Sat) 25 Aug 1923 (34),Crystal Palace FC (1),1-2,?,Port Vale FC (1)
?,(Sat) 25 Aug 1923 (34),Stoke City FC (1),1-1,?,Leeds United FC (1)
?,(Sat) 25 Aug 1923 (34),Nelson FC (1),1-1,?,Leyton Orient FC (1)
?,(Sat) 25 Aug 1923 (34),Blackpool FC (1),2-2,?,Oldham Athletic AFC (1)
?,(Sat) 25 Aug 1923 (34),Hull City AFC (1),1-1,?,Leicester City FC (1)
?,(Sat) 25 Aug 1923 (34),Fulham FC (1),2-3,?,South Shields FC (1)
?,(Sat) 25 Aug 1923 (34),Coventry City FC (1),2-3,?,Barnsley FC (1)
?,(Sat) 25 Aug 1923 (34),Sheffield Wednesday FC (1),0-0,?,Bradford City AFC (1)
?,(Sat) 25 Aug 1923 (34),Bristol City FC (1),1-2,?,Manchester United FC (1)
?,(Sat) 25 Aug 1923 (34),Bury FC (1),1-0,?,Southampton FC (1)
?,(Sat) 25 Aug 1923 (34),Derby County FC (1),4-1,?,Stockport County FC (1)
?,(Mon) 27 Aug 1923 (35),Manchester United FC (2),1-0,?,Southampton FC (2)
?,(Mon) 27 Aug 1923 (35),Leyton Orient FC (2),0-0,?,Hull City AFC (2)
?,(Mon) 27 Aug 1923 (35),South Shields FC (2),1-0,?,Blackpool FC (2)
?,(Mon) 27 Aug 1923 (35),Oldham Athletic AFC (2),2-0,?,Derby County FC (2)
?,(Mon) 27 Aug 1923 (35),Bradford City AFC (2),0-0,?,Coventry City FC (2)
?,(Mon) 27 Aug 1923 (35),Barnsley FC (2),3-1,?,Bristol City FC (2)
?,(Mon) 27 Aug 1923 (35),Port Vale FC (2),2-0,?,Sheffield Wednesday FC (2)
?,(Mon) 27 Aug 1923 (35),Stockport County FC (2),1-0,?,Nelson FC (2)
?,(Mon) 27 Aug 1923 (35),Leeds United FC (2),3-0,?,Crystal Palace FC (2)
?,(Mon) 27 Aug 1923 (35),Bury FC (2),2-1,?,Fulham FC (2)
?,(Mon) 27 Aug 1923 (35),Leicester City FC (2),5-0,?,Stoke City FC (2)
?,(Sat) 1 Sep 1923 (35),Bradford City AFC (3),4-1,?,Sheffield Wednesday FC (3)
?,(Sat) 1 Sep 1923 (35),South Shields FC (3),1-0,?,Fulham FC (3)
?,(Sat) 1 Sep 1923 (35),Manchester United FC (3),2-1,?,Bristol City FC (3)
?,(Sat) 1 Sep 1923 (35),Leyton Orient FC (3),5-1,?,Nelson FC (3)
?,(Sat) 1 Sep 1923 (35),Stockport County FC (3),0-0,?,Derby County FC (3)
?,(Sat) 1 Sep 1923 (35),Leeds United FC (3),0-0,?,Stoke City FC (3)
?,(Sat) 1 Sep 1923 (35),Leicester City FC (3),1-1,?,Hull City AFC (3)
?,(Sat) 1 Sep 1923 (35),Barnsley FC (3),1-1,?,Coventry City FC (3)
?,(Sat) 1 Sep 1923 (35),Oldham Athletic AFC (3),1-1,?,Blackpool FC (3)
?,(Sat) 1 Sep 1923 (35),Southampton FC (3),3-0,?,Bury FC (3)
?,(Sat) 1 Sep 1923 (35),Port Vale FC (3),3-4,?,Crystal Palace FC (3)
?,(Mon) 3 Sep 1923 (36),Nelson FC (4),1-1,?,Stockport County FC (4)
?,(Mon) 3 Sep 1923 (36),Derby County FC (4),2-1,?,Oldham Athletic AFC (4)
?,(Mon) 3 Sep 1923 (36),Hull City AFC (4),2-2,?,Leyton Orient FC (4)
?,(Mon) 3 Sep 1923 (36),Bristol City FC (4),1-1,?,Barnsley FC (4)
?,(Mon) 3 Sep 1923 (36),Coventry City FC (4),1-0,?,Bradford City AFC (4)
?,(Mon) 3 Sep 1923 (36),Southampton FC (4),0-0,?,Manchester United FC (4)
?,(Mon) 3 Sep 1923 (36),Stoke City FC (4),1-0,?,Leicester City FC (4)
?,(Mon) 3 Sep 1923 (36),Sheffield Wednesday FC (4),2-1,?,Port Vale FC (4)
?,(Mon) 3 Sep 1923 (36),Fulham FC (4),0-2,?,Bury FC (4)
?,(Mon) 3 Sep 1923 (36),Blackpool FC (4),1-1,?,South Shields FC (4)
?,(Wed) 5 Sep 1923 (36),Crystal Palace FC (4),1-1,?,Leeds United FC (4)
?,(Sat) 8 Sep 1923 (36),Stockport County FC (5),0-0,?,Port Vale FC (5)
?,(Sat) 8 Sep 1923 (36),Bury FC (5),2-0,?,Manchester United FC (5)
?,(Sat) 8 Sep 1923 (36),Oldham Athletic AFC (5),0-0,?,Bradford City AFC (5)
?,(Sat) 8 Sep 1923 (36),Crystal Palace FC (5),1-1,?,Fulham FC (5)
?,(Sat) 8 Sep 1923 (36),Leicester City FC (5),2-0,?,Leeds United FC (5)
?,(Sat) 8 Sep 1923 (36),Hull City AFC (5),2-1,?,Nelson FC (5)
?,(Sat) 8 Sep 1923 (36),Coventry City FC (5),1-1,?,Bristol City FC (5)
?,(Sat) 8 Sep 1923 (36),Sheffield Wednesday FC (5),1-1,?,Southampton FC (5)
?,(Sat) 8 Sep 1923 (36),South Shields FC (5),2-0,?,Barnsley FC (5)
?,(Sat) 8 Sep 1923 (36),Derby County FC (5),1-0,?,Leyton Orient FC (5)
?,(Sat) 8 Sep 1923 (36),Stoke City FC (5),2-2,?,Blackpool FC (5)
?,(Tue) 11 Sep 1923 (37),Nelson FC (6),0-0,?,Southampton FC (6)
?,(Sat) 15 Sep 1923 (37),Leyton Orient FC (6),2-0,?,Derby County FC (6)
?,(Sat) 15 Sep 1923 (37),Port Vale FC (6),0-1,?,Stockport County FC (6)
?,(Sat) 15 Sep 1923 (37),Southampton FC (7),3-0,?,Sheffield Wednesday FC (6)
?,(Sat) 15 Sep 1923 (37),Manchester United FC (6),0-1,?,Bury FC (6)
?,(Sat) 15 Sep 1923 (37),Nelson FC (7),1-1,?,Hull City AFC (6)
?,(Sat) 15 Sep 1923 (37),Bradford City AFC (6),2-1,?,Oldham Athletic AFC (6)
?,(Sat) 15 Sep 1923 (37),Fulham FC (6),1-0,?,Crystal Palace FC (6)
?,(Sat) 15 Sep 1923 (37),Blackpool FC (6),1-1,?,Stoke City FC (6)
?,(Sat) 15 Sep 1923 (37),Leeds United FC (6),1-2,?,Leicester City FC (6)
?,(Sat) 15 Sep 1923 (37),Barnsley FC (6),1-0,?,South Shields FC (6)
?,(Sat) 15 Sep 1923 (37),Bristol City FC (6),2-2,?,Coventry City FC (6)
?,(Sat) 22 Sep 1923 (38),Oldham Athletic AFC (7),1-1,?,Barnsley FC (7)
?,(Sat) 22 Sep 1923 (38),Leicester City FC (7),2-0,?,Port Vale FC (7)
?,(Sat) 22 Sep 1923 (38),Sheffield Wednesday FC (7),2-1,?,Fulham FC (7)
?,(Sat) 22 Sep 1923 (38),Crystal Palace FC (7),3-1,?,Blackpool FC (7)
?,(Sat) 22 Sep 1923 (38),Derby County FC (7),2-3,?,Bristol City FC (7)
?,(Sat) 22 Sep 1923 (38),Stockport County FC (7),1-2,?,Bradford City AFC (7)
?,(Sat) 22 Sep 1923 (38),Coventry City FC (7),0-0,?,Southampton FC (8)
?,(Sat) 22 Sep 1923 (38),South Shields FC (7),1-0,?,Manchester United FC (7)
?,(Sat) 22 Sep 1923 (38),Bury FC (7),0-0,?,Leyton Orient FC (7)
?,(Sat) 22 Sep 1923 (38),Stoke City FC (7),4-0,?,Nelson FC (8)
?,(Sat) 22 Sep 1923 (38),Hull City AFC (7),1-2,?,Leeds United FC (7)
?,(Mon) 24 Sep 1923 (39),Stoke City FC (8),1-1,?,Southampton FC (9)
?,(Sat) 29 Sep 1923 (39),Barnsley FC (8),4-1,?,Oldham Athletic AFC (8)
?,(Sat) 29 Sep 1923 (39),Blackpool FC (8),2-0,?,Crystal Palace FC (8)
?,(Sat) 29 Sep 1923 (39),Bristol City FC (8),0-8,?,Derby County FC (8)
?,(Sat) 29 Sep 1923 (39),Nelson FC (9),2-0,?,Stoke City FC (9)
?,(Sat) 29 Sep 1923 (39),Leyton Orient FC (8),1-0,?,Bury FC (8)
?,(Sat) 29 Sep 1923 (39),Port Vale FC (8),2-1,?,Leicester City FC (8)
?,(Sat) 29 Sep 1923 (39),Southampton FC (10),1-3,?,Coventry City FC (8)
?,(Sat) 29 Sep 1923 (39),Manchester United FC (8),1-1,?,South Shields FC (8)
?,(Sat) 29 Sep 1923 (39),Leeds United FC (8),5-2,?,Hull City AFC (8)
?,(Sat) 29 Sep 1923 (39),Bradford City AFC (8),0-1,?,Stockport County FC (8)
?,(Sat) 29 Sep 1923 (39),Fulham FC (8),4-1,?,Sheffield Wednesday FC (8)
?,(Sat) 6 Oct 1923 (40),Coventry City FC (9),3-0,?,Fulham FC (9)
?,(Sat) 6 Oct 1923 (40),Leicester City FC (9),0-1,?,Bradford City AFC (9)
?,(Sat) 6 Oct 1923 (40),Southampton FC (11),1-0,?,Bristol City FC (9)
?,(Sat) 6 Oct 1923 (40),Sheffield Wednesday FC (9),2-2,?,Blackpool FC (9)
?,(Sat) 6 Oct 1923 (40),Oldham Athletic AFC (9),3-2,?,Manchester United FC (9)
?,(Sat) 6 Oct 1923 (40),Crystal Palace FC (9),1-1,?,Nelson FC (10)
?,(Sat) 6 Oct 1923 (40),Stockport County FC (9),1-1,?,Barnsley FC (9)
?,(Sat) 6 Oct 1923 (40),Stoke City FC (10),1-0,?,Port Vale FC (9)
?,(Sat) 6 Oct 1923 (40),Leyton Orient FC (9),0-1,?,Leeds United FC (9)
?,(Sat) 6 Oct 1923 (40),Hull City AFC (9),0-1,?,Derby County FC (9)
?,(Sat) 6 Oct 1923 (40),Bury FC (9),0-1,?,South Shields FC (9)
?,(Sat) 13 Oct 1923 (41),South Shields FC (10),1-0,?,Bury FC (10)
?,(Sat) 13 Oct 1923 (41),Barnsley FC (10),0-0,?,Stockport County FC (10)
?,(Sat) 13 Oct 1923 (41),Blackpool FC (10),1-0,?,Sheffield Wednesday FC (10)
?,(Sat) 13 Oct 1923 (41),Fulham FC (10),1-1,?,Coventry City FC (10)
?,(Sat) 13 Oct 1923 (41),Bristol City FC (10),1-1,?,Southampton FC (12)
?,(Sat) 13 Oct 1923 (41),Derby County FC (10),4-1,?,Hull City AFC (10)
?,(Sat) 13 Oct 1923 (41),Leeds United FC (10),1-0,?,Leyton Orient FC (10)
?,(Sat) 13 Oct 1923 (41),Nelson FC (11),4-2,?,Crystal Palace FC (10)
?,(Sat) 13 Oct 1923 (41),Port Vale FC (10),2-4,?,Stoke City FC (11)
?,(Sat) 13 Oct 1923 (41),Manchester United FC (10),2-0,?,Oldham Athletic AFC (10)
?,(Sat) 13 Oct 1923 (41),Bradford City AFC (10),2-2,?,Leicester City FC (10)
?,(Mon) 15 Oct 1923 (42),Southampton FC (13),0-1,?,Stoke City FC (12)
?,(Sat) 20 Oct 1923 (42),Southampton FC (14),0-0,?,Derby County FC (11)
?,(Sat) 20 Oct 1923 (42),Leyton Orient FC (11),3-0,?,South Shields FC (11)
?,(Sat) 20 Oct 1923 (42),Manchester United FC (11),3-0,?,Stockport County FC (11)
?,(Sat) 20 Oct 1923 (42),Blackpool FC (11),5-0,?,Coventry City FC (11)
?,(Sat) 20 Oct 1923 (42),Leicester City FC (11),2-0,?,Barnsley FC (11)
?,(Sat) 20 Oct 1923 (42),Port Vale FC (11),0-1,?,Leeds United FC (11)
?,(Sat) 20 Oct 1923 (42),Oldham Athletic AFC (11),0-0,?,Bury FC (11)
?,(Sat) 20 Oct 1923 (42),Hull City AFC (11),2-0,?,Stoke City FC (13)
?,(Sat) 20 Oct 1923 (42),Nelson FC (12),1-1,?,Sheffield Wednesday FC (11)
?,(Sat) 20 Oct 1923 (42),Bristol City FC (11),0-1,?,Fulham FC (11)
?,(Sat) 20 Oct 1923 (42),Crystal Palace FC (11),3-0,?,Bradford City AFC (11)
?,(Sat) 27 Oct 1923 (43),Derby County FC (12),1-0,?,Southampton FC (15)
?,(Sat) 27 Oct 1923 (43),Fulham FC (12),1-1,?,Bristol City FC (12)
?,(Sat) 27 Oct 1923 (43),Stoke City FC (14),1-0,?,Hull City AFC (12)
?,(Sat) 27 Oct 1923 (43),Stockport County FC (12),3-2,?,Manchester United FC (12)
?,(Sat) 27 Oct 1923 (43),Sheffield Wednesday FC (12),5-0,?,Nelson FC (13)
?,(Sat) 27 Oct 1923 (43),Barnsley FC (12),3-1,?,Leicester City FC (12)
?,(Sat) 27 Oct 1923 (43),Leeds United FC (12),3-0,?,Port Vale FC (12)
?,(Sat) 27 Oct 1923 (43),Coventry City FC (12),3-1,?,Blackpool FC (12)
?,(Sat) 27 Oct 1923 (43),Bury FC (12),2-2,?,Oldham Athletic AFC (12)
?,(Sat) 27 Oct 1923 (43),Bradford City AFC (12),0-1,?,Crystal Palace FC (12)
?,(Sat) 27 Oct 1923 (43),South Shields FC (12),1-1,?,Leyton Orient FC (12)
?,(Sat) 3 Nov 1923 (44),Oldham Athletic AFC (13),1-0,?,South Shields FC (13)
?,(Sat) 3 Nov 1923 (44),Bury FC (13),2-1,?,Stockport County FC (13)
?,(Sat) 3 Nov 1923 (44),Crystal Palace FC (13),0-0,?,Hull City AFC (13)
?,(Sat) 3 Nov 1923 (44),Blackpool FC (13),2-0,?,Bristol City FC (13)
?,(Sat) 3 Nov 1923 (44),Southampton FC (16),1-0,?,Fulham FC (13)
?,(Sat) 3 Nov 1923 (44),Leeds United FC (13),1-0,?,Bradford City AFC (13)
?,(Sat) 3 Nov 1923 (44),Barnsley FC (13),0-0,?,Sheffield Wednesday FC (13)
?,(Sat) 3 Nov 1923 (44),Leyton Orient FC (13),1-1,?,Port Vale FC (13)
?,(Sat) 3 Nov 1923 (44),Leicester City FC (13),2-2,?,Manchester United FC (13)
?,(Sat) 3 Nov 1923 (44),Nelson FC (14),3-0,?,Coventry City FC (13)
?,(Sat) 3 Nov 1923 (44),Stoke City FC (15),1-1,?,Derby County FC (13)
?,(Sat) 10 Nov 1923 (45),Port Vale FC (14),1-0,?,Leyton Orient FC (14)
?,(Sat) 10 Nov 1923 (45),Bristol City FC (14),1-1,?,Blackpool FC (14)
?,(Sat) 10 Nov 1923 (45),Fulham FC (14),3-2,?,Southampton FC (17)
?,(Sat) 10 Nov 1923 (45),Manchester United FC (14),3-0,?,Leicester City FC (14)
?,(Sat) 10 Nov 1923 (45),Derby County FC (14),1-1,?,Stoke City FC (16)
?,(Sat) 10 Nov 1923 (45),South Shields FC (14),2-0,?,Oldham Athletic AFC (14)
?,(Sat) 10 Nov 1923 (45),Stockport County FC (14),3-2,?,Bury FC (14)
?,(Sat) 10 Nov 1923 (45),Coventry City FC (14),4-0,?,Nelson FC (15)
?,(Sat) 10 Nov 1923 (45),Bradford City AFC (14),0-0,?,Leeds United FC (14)
?,(Sat) 10 Nov 1923 (45),Sheffield Wednesday FC (14),1-0,?,Barnsley FC (14)
?,(Sat) 10 Nov 1923 (45),Hull City AFC (14),2-2,?,Crystal Palace FC (14)
?,(Sat) 17 Nov 1923 (46),Leeds United FC (15),3-1,?,Barnsley FC (15)
?,(Sat) 17 Nov 1923 (46),Bristol City FC (15),1-0,?,Nelson FC (16)
?,(Sat) 17 Nov 1923 (46),Southampton FC (18),3-2,?,Blackpool FC (15)
?,(Sat) 17 Nov 1923 (46),Coventry City FC (15),1-1,?,Manchester United FC (15)
?,(Sat) 17 Nov 1923 (46),Fulham FC (15),3-2,?,Derby County FC (15)
?,(Sat) 17 Nov 1923 (46),Sheffield Wednesday FC (15),1-0,?,Hull City AFC (15)
?,(Sat) 17 Nov 1923 (46),Leicester City FC (15),3-0,?,Bury FC (15)
?,(Sat) 17 Nov 1923 (46),Leyton Orient FC (15),1-2,?,Oldham Athletic AFC (15)
?,(Sat) 17 Nov 1923 (46),Stoke City FC (17),1-1,?,Crystal Palace FC (15)
?,(Sat) 17 Nov 1923 (46),Bradford City AFC (15),2-0,?,Port Vale FC (15)
?,(Sat) 24 Nov 1923 (47),Crystal Palace FC (16),5-1,?,Stoke City FC (18)
?,(Sat) 24 Nov 1923 (47),Blackpool FC (16),2-0,?,Southampton FC (19)
?,(Sat) 24 Nov 1923 (47),Nelson FC (17),2-1,?,Bristol City FC (16)
?,(Sat) 24 Nov 1923 (47),Hull City AFC (16),1-1,?,Sheffield Wednesday FC (16)
?,(Sat) 24 Nov 1923 (47),South Shields FC (15),3-1,?,Stockport County FC (15)
?,(Sat) 24 Nov 1923 (47),Barnsley FC (16),1-3,?,Leeds United FC (16)
?,(Sat) 24 Nov 1923 (47),Port Vale FC (16),2-2,?,Bradford City AFC (16)
?,(Sat) 24 Nov 1923 (47),Derby County FC (16),3-3,?,Fulham FC (16)
?,(Sat) 1 Dec 1923 (48),Derby County FC (17),5-0,?,Crystal Palace FC (17)
?,(Sat) 1 Dec 1923 (48),Stoke City FC (19),1-1,?,Sheffield Wednesday FC (17)
?,(Sat) 1 Dec 1923 (48),Fulham FC (17),2-3,?,Blackpool FC (17)
?,(Sat) 1 Dec 1923 (48),Bristol City FC (17),4-1,?,Bury FC (16)
?,(Sat) 1 Dec 1923 (48),Leeds United FC (17),0-0,?,Manchester United FC (16)
?,(Sat) 1 Dec 1923 (48),Leicester City FC (16),4-1,?,South Shields FC (16)
?,(Mon) 3 Dec 1923 (49),Oldham Athletic AFC (16),1-0,?,Leyton Orient FC (16)
?,(Sat) 8 Dec 1923 (49),Leyton Orient FC (17),1-1,?,Bradford City AFC (17)
?,(Sat) 8 Dec 1923 (49),Manchester United FC (17),3-1,?,Leeds United FC (18)
?,(Sat) 8 Dec 1923 (49),Blackpool FC (18),3-0,?,Fulham FC (18)
?,(Sat) 8 Dec 1923 (49),Sheffield Wednesday FC (18),3-0,?,Stoke City FC (20)
?,(Sat) 8 Dec 1923 (49),Oldham Athletic AFC (17),3-1,?,Stockport County FC (16)
?,(Sat) 8 Dec 1923 (49),South Shields FC (17),1-2,?,Leicester City FC (17)
?,(Sat) 8 Dec 1923 (49),Port Vale FC (17),4-1,?,Barnsley FC (17)
?,(Sat) 8 Dec 1923 (49),Hull City AFC (17),3-2,?,Coventry City FC (16)
?,(Sat) 8 Dec 1923 (49),Crystal Palace FC (18),0-1,?,Derby County FC (18)
?,(Sat) 8 Dec 1923 (49),Southampton FC (20),3-0,?,Nelson FC (18)
?,(Sat) 8 Dec 1923 (49),Bury FC (17),6-0,?,Bristol City FC (18)
?,(Mon) 10 Dec 1923 (50),Stockport County FC (17),3-2,?,South Shields FC (18)
?,(Sat) 15 Dec 1923 (50),Derby County FC (19),2-0,?,Blackpool FC (19)
?,(Sat) 15 Dec 1923 (50),Leicester City FC (18),1-1,?,Oldham Athletic AFC (18)
?,(Sat) 15 Dec 1923 (50),Port Vale FC (18),0-1,?,Manchester United FC (18)
?,(Sat) 15 Dec 1923 (50),Leeds United FC (19),1-2,?,Bury FC (18)
?,(Sat) 15 Dec 1923 (50),Bristol City FC (19),1-0,?,Hull City AFC (18)
?,(Sat) 15 Dec 1923 (50),Southampton FC (21),0-0,?,South Shields FC (19)
?,(Sat) 15 Dec 1923 (50),Crystal Palace FC (19),3-0,?,Sheffield Wednesday FC (19)
?,(Sat) 15 Dec 1923 (50),Coventry City FC (17),1-2,?,Stoke City FC (21)
?,(Sat) 15 Dec 1923 (50),Barnsley FC (18),2-1,?,Bradford City AFC (18)
?,(Sat) 15 Dec 1923 (50),Fulham FC (19),0-0,?,Nelson FC (19)
?,(Mon) 17 Dec 1923 (51),Coventry City FC (18),0-2,?,Hull City AFC (19)
?,(Sat) 22 Dec 1923 (51),Bradford City AFC (19),3-2,?,Barnsley FC (19)
?,(Sat) 22 Dec 1923 (51),Manchester United FC (19),5-0,?,Port Vale FC (19)
?,(Sat) 22 Dec 1923 (51),Nelson FC (20),1-1,?,Fulham FC (20)
?,(Sat) 22 Dec 1923 (51),Sheffield Wednesday FC (20),6-0,?,Crystal Palace FC (20)
?,(Sat) 22 Dec 1923 (51),Stoke City FC (22),2-1,?,Coventry City FC (19)
?,(Sat) 22 Dec 1923 (51),Oldham Athletic AFC (19),0-0,?,Leicester City FC (19)
?,(Sat) 22 Dec 1923 (51),Bury FC (19),3-0,?,Leeds United FC (20)
?,(Sat) 22 Dec 1923 (51),Blackpool FC (20),4-0,?,Derby County FC (20)
?,(Sat) 22 Dec 1923 (51),Leyton Orient FC (18),1-1,?,Stockport County FC (18)
?,(Sat) 22 Dec 1923 (51),South Shields FC (20),1-2,?,Southampton FC (22)
?,(Sat) 22 Dec 1923 (51),Hull City AFC (20),5-0,?,Bristol City FC (20)
?,(Tue) 25 Dec 1923 (52),Coventry City FC (20),5-1,?,Sheffield Wednesday FC (21)
?,(Tue) 25 Dec 1923 (52),Nelson FC (21),2-1,?,Derby County FC (21)
?,(Tue) 25 Dec 1923 (52),Bradford City AFC (20),2-2,?,Bury FC (20)
?,(Tue) 25 Dec 1923 (52),Stockport County FC (19),2-1,?,Blackpool FC (21)
?,(Tue) 25 Dec 1923 (52),Fulham FC (21),1-1,?,Hull City AFC (21)
?,(Tue) 25 Dec 1923 (52),Bristol City FC (21),0-0,?,Crystal Palace FC (21)
?,(Tue) 25 Dec 1923 (52),Manchester United FC (20),1-2,?,Barnsley FC (20)
?,(Tue) 25 Dec 1923 (52),Oldham Athletic AFC (20),2-2,?,Leeds United FC (21)
?,(Tue) 25 Dec 1923 (52),Leyton Orient FC (19),1-0,?,Leicester City FC (20)
?,(Wed) 26 Dec 1923 (52),Leicester City FC (21),1-2,?,Leyton Orient FC (20)
?,(Wed) 26 Dec 1923 (52),Leeds United FC (22),5-0,?,Oldham Athletic AFC (21)
?,(Wed) 26 Dec 1923 (52),Blackpool FC (22),0-0,?,Stockport County FC (20)
?,(Wed) 26 Dec 1923 (52),Barnsley FC (21),1-0,?,Manchester United FC (21)
?,(Wed) 26 Dec 1923 (52),Hull City AFC (22),4-2,?,Fulham FC (22)
?,(Wed) 26 Dec 1923 (52),Sheffield Wednesday FC (22),2-0,?,Coventry City FC (21)
?,(Wed) 26 Dec 1923 (52),Stoke City FC (23),2-0,?,Bradford City AFC (21)
?,(Wed) 26 Dec 1923 (52),Derby County FC (22),6-0,?,Nelson FC (22)
?,(Wed) 26 Dec 1923 (52),Crystal Palace FC (22),1-0,?,Bristol City FC (22)
?,(Sat) 29 Dec 1923 (52),Derby County FC (23),1-1,?,Sheffield Wednesday FC (23)
?,(Sat) 29 Dec 1923 (52),Barnsley FC (22),1-0,?,Leyton Orient FC (21)
?,(Sat) 29 Dec 1923 (52),Bristol City FC (23),1-1,?,Stoke City FC (24)
?,(Sat) 29 Dec 1923 (52),Leicester City FC (22),1-1,?,Stockport County FC (21)
?,(Sat) 29 Dec 1923 (52),Port Vale FC (20),2-1,?,Bury FC (21)
?,(Sat) 29 Dec 1923 (52),Fulham FC (23),0-0,?,Oldham Athletic AFC (22)
?,(Sat) 29 Dec 1923 (52),Blackpool FC (23),1-1,?,Nelson FC (23)
?,(Sat) 29 Dec 1923 (52),Bradford City AFC (22),0-0,?,Manchester United FC (22)
?,(Sat) 29 Dec 1923 (52),Coventry City FC (22),0-0,?,Crystal Palace FC (23)
?,(Sat) 29 Dec 1923 (52),Southampton FC (23),2-0,?,Hull City AFC (23)
?,(Tue) 1 Jan 1924 (0),Bury FC (22),3-0,?,Bradford City AFC (23)
?,(Tue) 1 Jan 1924 (0),Stockport County FC (22),0-1,?,Oldham Athletic AFC (23)
?,(Tue) 1 Jan 1924 (0),South Shields FC (21),3-3,?,Port Vale FC (21)
?,(Wed) 2 Jan 1924 (0),Manchester United FC (23),1-2,?,Coventry City FC (23)
?,(Wed) 2 Jan 1924 (0),Bury FC (23),2-0,?,Leicester City FC (23)
?,(Sat) 5 Jan 1924 (0),Leyton Orient FC (22),2-1,?,Barnsley FC (23)
?,(Sat) 5 Jan 1924 (0),Nelson FC (24),2-3,?,Blackpool FC (24)
?,(Sat) 5 Jan 1924 (0),Stockport County FC (23),3-1,?,Leicester City FC (24)
?,(Sat) 5 Jan 1924 (0),Oldham Athletic AFC (24),2-1,?,Fulham FC (24)
?,(Sat) 5 Jan 1924 (0),South Shields FC (22),2-0,?,Leeds United FC (23)
?,(Sat) 5 Jan 1924 (0),Manchester United FC (24),3-0,?,Bradford City AFC (24)
?,(Sat) 5 Jan 1924 (0),Bury FC (24),0-0,?,Port Vale FC (22)
?,(Sat) 5 Jan 1924 (0),Stoke City FC (25),3-0,?,Bristol City FC (24)
?,(Sat) 5 Jan 1924 (0),Sheffield Wednesday FC (24),1-0,?,Derby County FC (24)
?,(Sat) 5 Jan 1924 (0),Hull City AFC (24),0-0,?,Southampton FC (24)
?,(Sat) 5 Jan 1924 (0),Crystal Palace FC (24),3-1,?,Coventry City FC (24)
?,(Sat) 19 Jan 1924 (2),Bristol City FC (25),0-1,?,Bradford City AFC (25)
?,(Sat) 19 Jan 1924 (2),Derby County FC (25),6-1,?,South Shields FC (23)
?,(Sat) 19 Jan 1924 (2),Nelson FC (25),2-1,?,Oldham Athletic AFC (25)
?,(Sat) 19 Jan 1924 (2),Hull City AFC (25),1-2,?,Stockport County FC (24)
?,(Sat) 19 Jan 1924 (2),Fulham FC (25),3-1,?,Manchester United FC (25)
?,(Sat) 19 Jan 1924 (2),Stoke City FC (26),0-1,?,Leyton Orient FC (23)
?,(Sat) 19 Jan 1924 (2),Sheffield Wednesday FC (25),0-0,?,Leeds United FC (24)
?,(Sat) 19 Jan 1924 (2),Coventry City FC (25),1-3,?,Port Vale FC (23)
?,(Sat) 19 Jan 1924 (2),Blackpool FC (25),3-1,?,Bury FC (25)
?,(Sat) 19 Jan 1924 (2),Southampton FC (25),6-0,?,Barnsley FC (24)
?,(Sat) 19 Jan 1924 (2),Crystal Palace FC (25),4-3,?,Leicester City FC (25)
?,(Mon) 21 Jan 1924 (3),Port Vale FC (24),1-1,?,South Shields FC (24)
?,(Sat) 26 Jan 1924 (3),Barnsley FC (25),1-1,?,Southampton FC (26)
?,(Sat) 26 Jan 1924 (3),Leeds United FC (25),1-0,?,Sheffield Wednesday FC (26)
?,(Sat) 26 Jan 1924 (3),Port Vale FC (25),1-1,?,Coventry City FC (26)
?,(Sat) 26 Jan 1924 (3),Bury FC (26),2-0,?,Blackpool FC (26)
?,(Sat) 26 Jan 1924 (3),Leyton Orient FC (24),0-2,?,Stoke City FC (27)
?,(Sat) 26 Jan 1924 (3),Stockport County FC (25),5-1,?,Hull City AFC (26)
?,(Sat) 26 Jan 1924 (3),Bradford City AFC (26),1-1,?,Bristol City FC (26)
?,(Sat) 26 Jan 1924 (3),Oldham Athletic AFC (26),1-0,?,Nelson FC (26)
?,(Sat) 26 Jan 1924 (3),South Shields FC (25),3-2,?,Derby County FC (26)
?,(Sat) 26 Jan 1924 (3),Manchester United FC (26),0-0,?,Fulham FC (26)
?,(Sat) 26 Jan 1924 (3),Leicester City FC (26),1-0,?,Crystal Palace FC (26)
?,(Sat) 2 Feb 1924 (4),Nelson FC (27),0-2,?,South Shields FC (26)
?,(Sat) 2 Feb 1924 (4),Barnsley FC (26),3-0,?,Port Vale FC (26)
?,(Sat) 2 Feb 1924 (4),Coventry City FC (27),1-0,?,Bury FC (27)
?,(Sat) 2 Feb 1924 (4),Stoke City FC (28),0-0,?,Stockport County FC (26)
?,(Wed) 6 Feb 1924 (5),Blackpool FC (27),1-0,?,Manchester United FC (27)
?,(Sat) 9 Feb 1924 (5),Barnsley FC (27),2-1,?,Fulham FC (27)
?,(Sat) 9 Feb 1924 (5),Bradford City AFC (27),2-1,?,Southampton FC (27)
?,(Sat) 9 Feb 1924 (5),Leyton Orient FC (25),1-0,?,Crystal Palace FC (27)
?,(Sat) 9 Feb 1924 (5),Leeds United FC (26),3-1,?,Coventry City FC (28)
?,(Sat) 9 Feb 1924 (5),Bury FC (28),1-0,?,Derby County FC (27)
?,(Sat) 9 Feb 1924 (5),Oldham Athletic AFC (27),0-0,?,Hull City AFC (27)
?,(Sat) 9 Feb 1924 (5),South Shields FC (27),3-0,?,Nelson FC (28)
?,(Sat) 9 Feb 1924 (5),Manchester United FC (28),0-0,?,Blackpool FC (28)
?,(Sat) 9 Feb 1924 (5),Leicester City FC (27),2-1,?,Sheffield Wednesday FC (27)
?,(Sat) 9 Feb 1924 (5),Stockport County FC (27),0-1,?,Stoke City FC (29)
?,(Sat) 9 Feb 1924 (5),Port Vale FC (27),0-2,?,Bristol City FC (27)
?,(Mon) 11 Feb 1924 (6),Sheffield Wednesday FC (28),2-1,?,Leicester City FC (28)
?,(Mon) 11 Feb 1924 (6),Southampton FC (28),2-0,?,Bradford City AFC (28)
?,(Wed) 13 Feb 1924 (6),Bristol City FC (28),0-0,?,Port Vale FC (28)
?,(Thu) 14 Feb 1924 (6),Hull City AFC (28),0-0,?,Oldham Athletic AFC (28)
?,(Sat) 16 Feb 1924 (6),Bristol City FC (29),0-1,?,Leeds United FC (27)
?,(Sat) 16 Feb 1924 (6),Nelson FC (29),0-5,?,Bury FC (29)
?,(Sat) 16 Feb 1924 (6),Fulham FC (28),1-1,?,Bradford City AFC (29)
?,(Sat) 16 Feb 1924 (6),Coventry City FC (29),2-4,?,Leicester City FC (29)
?,(Sat) 16 Feb 1924 (6),Stoke City FC (30),1-1,?,Oldham Athletic AFC (29)
?,(Sat) 16 Feb 1924 (6),Sheffield Wednesday FC (29),1-0,?,Leyton Orient FC (26)
?,(Sat) 16 Feb 1924 (6),Blackpool FC (29),0-2,?,Barnsley FC (28)
?,(Sat) 16 Feb 1924 (6),Southampton FC (29),1-1,?,Port Vale FC (29)
?,(Sat) 16 Feb 1924 (6),Crystal Palace FC (28),1-1,?,Stockport County FC (28)
?,(Sat) 16 Feb 1924 (6),Derby County FC (28),3-0,?,Manchester United FC (29)
?,(Sat) 16 Feb 1924 (6),Hull City AFC (29),1-0,?,South Shields FC (28)
?,(Sat) 23 Feb 1924 (7),Barnsley FC (29),3-1,?,Blackpool FC (30)
?,(Sat) 23 Feb 1924 (7),Leicester City FC (30),2-0,?,Coventry City FC (30)
?,(Sat) 23 Feb 1924 (7),Manchester United FC (30),0-0,?,Derby County FC (29)
?,(Sat) 23 Feb 1924 (7),South Shields FC (29),0-1,?,Hull City AFC (30)
?,(Sat) 23 Feb 1924 (7),Bury FC (30),2-0,?,Nelson FC (30)
?,(Sat) 23 Feb 1924 (7),Bradford City AFC (30),1-0,?,Fulham FC (29)
?,(Sat) 23 Feb 1924 (7),Oldham Athletic AFC (30),0-0,?,Stoke City FC (31)
?,(Sat) 23 Feb 1924 (7),Leyton Orient FC (27),0-0,?,Sheffield Wednesday FC (30)
?,(Wed) 27 Feb 1924 (8),Leeds United FC (28),2-1,?,South Shields FC (30)
?,(Wed) 27 Feb 1924 (8),Derby County FC (30),0-2,?,Bury FC (31)
?,(Sat) 1 Mar 1924 (8),Bristol City FC (30),0-1,?,Leicester City FC (31)
?,(Sat) 1 Mar 1924 (8),Blackpool FC (31),2-1,?,Bradford City AFC (31)
?,(Sat) 1 Mar 1924 (8),Coventry City FC (31),1-1,?,Leyton Orient FC (28)
?,(Sat) 1 Mar 1924 (8),Nelson FC (31),0-2,?,Manchester United FC (31)
?,(Sat) 1 Mar 1924 (8),Hull City AFC (31),0-1,?,Bury FC (32)
?,(Sat) 1 Mar 1924 (8),Crystal Palace FC (29),2-3,?,Oldham Athletic AFC (31)
?,(Sat) 1 Mar 1924 (8),Fulham FC (30),0-0,?,Port Vale FC (30)
?,(Sat) 1 Mar 1924 (8),Sheffield Wednesday FC (31),3-0,?,Stockport County FC (29)
?,(Sat) 1 Mar 1924 (8),Stoke City FC (32),0-0,?,South Shields FC (31)
?,(Sat) 1 Mar 1924 (8),Derby County FC (31),2-1,?,Barnsley FC (30)
?,(Sat) 1 Mar 1924 (8),Southampton FC (30),0-1,?,Leeds United FC (29)
?,(Sat) 8 Mar 1924 (9),Leicester City FC (32),5-1,?,Bristol City FC (31)
?,(Sat) 8 Mar 1924 (9),Oldham Athletic AFC (32),1-0,?,Crystal Palace FC (30)
?,(Sat) 8 Mar 1924 (9),South Shields FC (32),1-0,?,Stoke City FC (33)
?,(Sat) 8 Mar 1924 (9),Leeds United FC (30),3-0,?,Southampton FC (31)
?,(Sat) 8 Mar 1924 (9),Bury FC (33),1-0,?,Hull City AFC (32)
?,(Sat) 8 Mar 1924 (9),Leyton Orient FC (29),4-0,?,Coventry City FC (32)
?,(Sat) 8 Mar 1924 (9),Bradford City AFC (32),0-2,?,Blackpool FC (32)
?,(Sat) 8 Mar 1924 (9),Stockport County FC (30),1-0,?,Sheffield Wednesday FC (32)
?,(Sat) 8 Mar 1924 (9),Barnsley FC (31),1-3,?,Derby County FC (32)
?,(Sat) 8 Mar 1924 (9),Port Vale FC (31),3-1,?,Fulham FC (31)
?,(Sat) 8 Mar 1924 (9),Manchester United FC (32),0-1,?,Nelson FC (32)
?,(Mon) 10 Mar 1924 (10),Stockport County FC (31),2-2,?,Crystal Palace FC (31)
?,(Mon) 10 Mar 1924 (10),Fulham FC (32),3-0,?,Barnsley FC (32)
?,(Mon) 10 Mar 1924 (10),Coventry City FC (33),2-1,?,Leeds United FC (31)
?,(Wed) 12 Mar 1924 (10),Bradford City AFC (33),0-0,?,Leyton Orient FC (30)
?,(Sat) 15 Mar 1924 (10),Leicester City FC (33),0-1,?,Southampton FC (32)
?,(Sat) 15 Mar 1924 (10),Stockport County FC (32),0-0,?,Coventry City FC (34)
?,(Sat) 15 Mar 1924 (10),Barnsley FC (33),0-0,?,Nelson FC (33)
?,(Sat) 15 Mar 1924 (10),Oldham Athletic AFC (33),2-0,?,Sheffield Wednesday FC (33)
?,(Sat) 15 Mar 1924 (10),South Shields FC (33),2-0,?,Crystal Palace FC (32)
?,(Sat) 15 Mar 1924 (10),Manchester United FC (33),1-1,?,Hull City AFC (33)
?,(Sat) 15 Mar 1924 (10),Port Vale FC (32),2-6,?,Blackpool FC (33)
?,(Sat) 15 Mar 1924 (10),Leyton Orient FC (31),2-0,?,Bristol City FC (32)
?,(Sat) 15 Mar 1924 (10),Bradford City AFC (34),1-2,?,Derby County FC (33)
?,(Sat) 15 Mar 1924 (10),Leeds United FC (32),3-0,?,Fulham FC (33)
?,(Sat) 15 Mar 1924 (10),Bury FC (34),1-0,?,Stoke City FC (34)
?,(Mon) 17 Mar 1924 (11),Port Vale FC (33),1-0,?,Southampton FC (33)
?,(Wed) 19 Mar 1924 (11),Leeds United FC (33),0-0,?,Bristol City FC (33)
?,(Sat) 22 Mar 1924 (11),Derby County FC (34),0-0,?,Bradford City AFC (35)
?,(Sat) 22 Mar 1924 (11),Stoke City FC (35),0-0,?,Bury FC (35)
?,(Sat) 22 Mar 1924 (11),Blackpool FC (34),6-1,?,Port Vale FC (34)
?,(Sat) 22 Mar 1924 (11),Hull City AFC (34),1-1,?,Manchester United FC (34)
?,(Sat) 22 Mar 1924 (11),Coventry City FC (35),0-0,?,Stockport County FC (33)
?,(Sat) 22 Mar 1924 (11),Fulham FC (34),0-2,?,Leeds United FC (34)
?,(Sat) 22 Mar 1924 (11),Nelson FC (34),4-3,?,Barnsley FC (34)
?,(Sat) 22 Mar 1924 (11),Crystal Palace FC (33),1-0,?,South Shields FC (34)
?,(Sat) 22 Mar 1924 (11),Southampton FC (34),1-0,?,Leicester City FC (34)
?,(Sat) 22 Mar 1924 (11),Bristol City FC (34),0-2,?,Leyton Orient FC (32)
?,(Sat) 22 Mar 1924 (11),Sheffield Wednesday FC (34),1-2,?,Oldham Athletic AFC (34)
?,(Sat) 29 Mar 1924 (12),Oldham Athletic AFC (35),1-1,?,Coventry City FC (36)
?,(Sat) 29 Mar 1924 (12),Barnsley FC (35),0-0,?,Hull City AFC (35)
?,(Sat) 29 Mar 1924 (12),Leeds United FC (35),0-0,?,Blackpool FC (35)
?,(Sat) 29 Mar 1924 (12),Leyton Orient FC (33),0-0,?,Southampton FC (35)
?,(Sat) 29 Mar 1924 (12),Bradford City AFC (36),0-2,?,Nelson FC (35)
?,(Sat) 29 Mar 1924 (12),Port Vale FC (35),2-0,?,Derby County FC (35)
?,(Sat) 29 Mar 1924 (12),Bury FC (36),1-1,?,Crystal Palace FC (34)
?,(Sat) 29 Mar 1924 (12),Leicester City FC (35),2-1,?,Fulham FC (35)
?,(Sat) 29 Mar 1924 (12),South Shields FC (35),1-1,?,Sheffield Wednesday FC (35)
?,(Sat) 29 Mar 1924 (12),Manchester United FC (35),2-2,?,Stoke City FC (36)
?,(Sat) 29 Mar 1924 (12),Stockport County FC (34),0-0,?,Bristol City FC (35)
?,(Mon) 31 Mar 1924 (13),Stockport County FC (35),2-0,?,Leyton Orient FC (34)
?,(Sat) 5 Apr 1924 (13),Derby County FC (36),2-0,?,Port Vale FC (36)
?,(Sat) 5 Apr 1924 (13),Bristol City FC (36),3-0,?,Stockport County FC (36)
?,(Sat) 5 Apr 1924 (13),Nelson FC (36),1-1,?,Bradford City AFC (37)
?,(Sat) 5 Apr 1924 (13),Crystal Palace FC (35),1-0,?,Bury FC (37)
?,(Sat) 5 Apr 1924 (13),Coventry City FC (37),5-2,?,Oldham Athletic AFC (36)
?,(Sat) 5 Apr 1924 (13),Sheffield Wednesday FC (36),5-0,?,South Shields FC (36)
?,(Sat) 5 Apr 1924 (13),Fulham FC (36),1-0,?,Leicester City FC (36)
?,(Sat) 5 Apr 1924 (13),Southampton FC (36),5-0,?,Leyton Orient FC (35)
?,(Sat) 5 Apr 1924 (13),Stoke City FC (37),3-0,?,Manchester United FC (36)
?,(Sat) 5 Apr 1924 (13),Hull City AFC (36),1-2,?,Barnsley FC (36)
?,(Sat) 5 Apr 1924 (13),Blackpool FC (36),1-1,?,Leeds United FC (36)
?,(Sat) 12 Apr 1924 (14),Bradford City AFC (38),2-1,?,Hull City AFC (37)
?,(Sat) 12 Apr 1924 (14),Leeds United FC (37),1-1,?,Derby County FC (37)
?,(Sat) 12 Apr 1924 (14),Bury FC (38),5-0,?,Sheffield Wednesday FC (37)
?,(Sat) 12 Apr 1924 (14),Oldham Athletic AFC (37),0-0,?,Bristol City FC (37)
?,(Sat) 12 Apr 1924 (14),Leicester City FC (37),1-2,?,Blackpool FC (37)
?,(Sat) 12 Apr 1924 (14),South Shields FC (37),4-2,?,Coventry City FC (38)
?,(Sat) 12 Apr 1924 (14),Nelson FC (37),1-3,?,Port Vale FC (37)
?,(Sat) 12 Apr 1924 (14),Manchester United FC (37),5-1,?,Crystal Palace FC (36)
?,(Sat) 12 Apr 1924 (14),Fulham FC (37),0-0,?,Leyton Orient FC (36)
?,(Sat) 12 Apr 1924 (14),Stoke City FC (38),2-0,?,Barnsley FC (37)
?,(Sat) 12 Apr 1924 (14),Stockport County FC (37),2-3,?,Southampton FC (37)
?,(Fri) 18 Apr 1924 (15),Bury FC (39),1-1,?,Barnsley FC (38)
?,(Fri) 18 Apr 1924 (15),Stockport County FC (38),1-1,?,Leeds United FC (38)
?,(Fri) 18 Apr 1924 (15),Blackpool FC (38),0-0,?,Hull City AFC (38)
?,(Fri) 18 Apr 1924 (15),Crystal Palace FC (37),0-0,?,Southampton FC (38)
?,(Fri) 18 Apr 1924 (15),South Shields FC (38),0-0,?,Bradford City AFC (39)
?,(Fri) 18 Apr 1924 (15),Bristol City FC (38),2-3,?,Sheffield Wednesday FC (38)
?,(Fri) 18 Apr 1924 (15),Leyton Orient FC (37),1-0,?,Manchester United FC (38)
?,(Fri) 18 Apr 1924 (15),Oldham Athletic AFC (38),2-0,?,Port Vale FC (38)
?,(Sat) 19 Apr 1924 (15),Barnsley FC (39),0-0,?,Stoke City FC (39)
?,(Sat) 19 Apr 1924 (15),Bristol City FC (39),0-0,?,Oldham Athletic AFC (39)
?,(Sat) 19 Apr 1924 (15),Southampton FC (39),0-0,?,Stockport County FC (39)
?,(Sat) 19 Apr 1924 (15),Leyton Orient FC (38),0-0,?,Fulham FC (38)
?,(Sat) 19 Apr 1924 (15),Crystal Palace FC (38),1-1,?,Manchester United FC (39)
?,(Sat) 19 Apr 1924 (15),Sheffield Wednesday FC (39),1-1,?,Bury FC (40)
?,(Sat) 19 Apr 1924 (15),Hull City AFC (39),2-0,?,Bradford City AFC (40)
?,(Sat) 19 Apr 1924 (15),Coventry City FC (39),1-0,?,South Shields FC (39)
?,(Sat) 19 Apr 1924 (15),Port Vale FC (39),0-0,?,Nelson FC (38)
?,(Sat) 19 Apr 1924 (15),Blackpool FC (39),3-1,?,Leicester City FC (38)
?,(Sat) 19 Apr 1924 (15),Derby County FC (38),2-0,?,Leeds United FC (39)
?,(Mon) 21 Apr 1924 (16),Bradford City AFC (41),0-1,?,South Shields FC (40)
?,(Mon) 21 Apr 1924 (16),Southampton FC (40),1-0,?,Crystal Palace FC (39)
?,(Mon) 21 Apr 1924 (16),Leeds United FC (40),4-0,?,Stockport County FC (40)
?,(Mon) 21 Apr 1924 (16),Nelson FC (39),1-1,?,Leicester City FC (39)
?,(Mon) 21 Apr 1924 (16),Derby County FC (39),1-0,?,Coventry City FC (40)
?,(Mon) 21 Apr 1924 (16),Port Vale FC (40),3-0,?,Oldham Athletic AFC (40)
?,(Mon) 21 Apr 1924 (16),Manchester United FC (40),2-2,?,Leyton Orient FC (39)
?,(Mon) 21 Apr 1924 (16),Sheffield Wednesday FC (40),1-0,?,Bristol City FC (40)
?,(Mon) 21 Apr 1924 (16),Fulham FC (39),3-0,?,Stoke City FC (40)
?,(Mon) 21 Apr 1924 (16),Barnsley FC (40),2-0,?,Bury FC (41)
?,(Mon) 21 Apr 1924 (16),Hull City AFC (40),2-1,?,Blackpool FC (40)
?,(Tue) 22 Apr 1924 (16),Crystal Palace FC (40),2-1,?,Leyton Orient FC (40)
?,(Tue) 22 Apr 1924 (16),Stoke City FC (41),0-0,?,Fulham FC (40)
?,(Tue) 22 Apr 1924 (16),Leicester City FC (40),3-1,?,Nelson FC (40)
?,(Tue) 22 Apr 1924 (16),Coventry City FC (41),0-1,?,Derby County FC (40)
?,(Sat) 26 Apr 1924 (16),Leicester City FC (41),3-0,?,Derby County FC (41)
?,(Sat) 26 Apr 1924 (16),South Shields FC (41),1-1,?,Bristol City FC (41)
?,(Sat) 26 Apr 1924 (16),Stockport County FC (41),2-1,?,Fulham FC (41)
?,(Sat) 26 Apr 1924 (16),Leeds United FC (41),1-0,?,Nelson FC (41)
?,(Sat) 26 Apr 1924 (16),Bury FC (42),5-0,?,Coventry City FC (42)
?,(Sat) 26 Apr 1924 (16),Bradford City AFC (42),2-1,?,Stoke City FC (42)
?,(Sat) 26 Apr 1924 (16),Manchester United FC (41),2-0,?,Sheffield Wednesday FC (41)
?,(Sat) 26 Apr 1924 (16),Port Vale FC (41),2-2,?,Hull City AFC (41)
?,(Sat) 26 Apr 1924 (16),Leyton Orient FC (41),1-0,?,Blackpool FC (41)
?,(Sat) 26 Apr 1924 (16),Barnsley FC (41),5-2,?,Crystal Palace FC (41)
?,(Sat) 26 Apr 1924 (16),Oldham Athletic AFC (41),1-3,?,Southampton FC (41)
?,(Sat) 3 May 1924 (17),Derby County FC (42),4-0,?,Leicester City FC (42)
?,(Sat) 3 May 1924 (17),Blackpool FC (42),3-0,?,Leyton Orient FC (42)
?,(Sat) 3 May 1924 (17),Fulham FC (42),1-0,?,Stockport County FC (42)
?,(Sat) 3 May 1924 (17),Hull City AFC (42),1-2,?,Port Vale FC (42)
?,(Sat) 3 May 1924 (17),Sheffield Wednesday FC (42),2-0,?,Manchester United FC (42)
?,(Sat) 3 May 1924 (17),Nelson FC (42),3-1,?,Leeds United FC (42)
?,(Sat) 3 May 1924 (17),Crystal Palace FC (42),3-1,?,Barnsley FC (42)
?,(Sat) 3 May 1924 (17),Bristol City FC (42),1-0,?,South Shields FC (42)
?,(Sat) 3 May 1924 (17),Southampton FC (42),3-1,?,Oldham Athletic AFC (42)
