Round,Date,Team 1,FT,HT,Team 2
?,(Sat) 30 Aug 1930 (34),Sunderland AFC (1),3-3,?,Manchester City FC (1)
?,(Sat) 30 Aug 1930 (34),Bolton Wanderers FC (1),3-0,?,Middlesbrough FC (1)
?,(Sat) 30 Aug 1930 (34),Leeds United FC (1),2-2,?,Portsmouth FC (1)
?,(Sat) 30 Aug 1930 (34),Manchester United FC (1),3-4,?,Aston Villa FC (1)
?,(Sat) 30 Aug 1930 (34),Birmingham City FC (1),3-1,?,Sheffield United FC (1)
?,(Sat) 30 Aug 1930 (34),Liverpool FC (1),2-1,?,Blackburn Rovers FC (1)
?,(Sat) 30 Aug 1930 (34),Leicester City FC (1),1-1,?,Derby County FC (1)
?,(Sat) 30 Aug 1930 (34),Grimsby Town FC (1),0-1,?,Chelsea FC (1)
?,(Sat) 30 Aug 1930 (34),Sheffield Wednesday FC (1),2-1,?,Newcastle United FC (1)
?,(Sat) 30 Aug 1930 (34),Blackpool FC (1),1-4,?,Arsenal FC (1)
?,(Sat) 30 Aug 1930 (34),West Ham United FC (1),2-1,?,Huddersfield Town AFC (1)
?,(Mon) 1 Sep 1930 (35),Blackburn Rovers FC (2),1-2,?,Portsmouth FC (2)
?,(Mon) 1 Sep 1930 (35),Leicester City FC (2),2-1,?,Birmingham City FC (2)
?,(Mon) 1 Sep 1930 (35),Bolton Wanderers FC (2),1-4,?,Arsenal FC (2)
?,(Mon) 1 Sep 1930 (35),Huddersfield Town AFC (2),2-2,?,Grimsby Town FC (2)
?,(Mon) 1 Sep 1930 (35),West Ham United FC (2),7-0,?,Liverpool FC (2)
?,(Mon) 1 Sep 1930 (35),Aston Villa FC (2),2-0,?,Sheffield Wednesday FC (2)
?,(Wed) 3 Sep 1930 (35),Manchester City FC (2),2-4,?,Blackpool FC (2)
?,(Wed) 3 Sep 1930 (35),Sheffield United FC (2),3-3,?,Sunderland AFC (2)
?,(Wed) 3 Sep 1930 (35),Derby County FC (2),4-1,?,Leeds United FC (2)
?,(Wed) 3 Sep 1930 (35),Newcastle United FC (2),1-0,?,Chelsea FC (2)
?,(Wed) 3 Sep 1930 (35),Middlesbrough FC (2),3-1,?,Manchester United FC (2)
?,(Sat) 6 Sep 1930 (35),Newcastle United FC (3),1-2,?,Grimsby Town FC (3)
?,(Sat) 6 Sep 1930 (35),Huddersfield Town AFC (3),3-2,?,Bolton Wanderers FC (3)
?,(Sat) 6 Sep 1930 (35),Derby County FC (3),0-0,?,Birmingham City FC (3)
?,(Sat) 6 Sep 1930 (35),Aston Villa FC (3),6-1,?,West Ham United FC (3)
?,(Sat) 6 Sep 1930 (35),Sheffield United FC (3),1-1,?,Sheffield Wednesday FC (3)
?,(Sat) 6 Sep 1930 (35),Manchester City FC (3),0-2,?,Leicester City FC (3)
?,(Sat) 6 Sep 1930 (35),Portsmouth FC (3),1-1,?,Sunderland AFC (3)
?,(Sat) 6 Sep 1930 (35),Blackburn Rovers FC (3),5-0,?,Blackpool FC (3)
?,(Sat) 6 Sep 1930 (35),Arsenal FC (3),3-1,?,Leeds United FC (3)
?,(Sat) 6 Sep 1930 (35),Middlesbrough FC (3),3-3,?,Liverpool FC (3)
?,(Sat) 6 Sep 1930 (35),Chelsea FC (3),6-2,?,Manchester United FC (3)
?,(Mon) 8 Sep 1930 (36),Leeds United FC (4),4-2,?,Manchester City FC (4)
?,(Mon) 8 Sep 1930 (36),Leicester City FC (4),2-2,?,Sheffield United FC (4)
?,(Mon) 8 Sep 1930 (36),Sheffield Wednesday FC (4),1-1,?,Chelsea FC (4)
?,(Mon) 8 Sep 1930 (36),West Ham United FC (4),0-3,?,Middlesbrough FC (4)
?,(Tue) 9 Sep 1930 (36),Grimsby Town FC (4),1-2,?,Aston Villa FC (4)
?,(Wed) 10 Sep 1930 (36),Manchester United FC (4),0-6,?,Huddersfield Town AFC (4)
?,(Wed) 10 Sep 1930 (36),Sunderland AFC (4),1-3,?,Derby County FC (4)
?,(Wed) 10 Sep 1930 (36),Blackpool FC (4),2-2,?,Portsmouth FC (4)
?,(Wed) 10 Sep 1930 (36),Birmingham City FC (4),1-1,?,Newcastle United FC (4)
?,(Wed) 10 Sep 1930 (36),Liverpool FC (4),7-2,?,Bolton Wanderers FC (4)
?,(Wed) 10 Sep 1930 (36),Arsenal FC (4),3-2,?,Blackburn Rovers FC (4)
?,(Sat) 13 Sep 1930 (36),Leeds United FC (5),4-2,?,Blackburn Rovers FC (5)
?,(Sat) 13 Sep 1930 (36),Birmingham City FC (5),3-2,?,Manchester City FC (5)
?,(Sat) 13 Sep 1930 (36),Bolton Wanderers FC (5),1-1,?,Aston Villa FC (5)
?,(Sat) 13 Sep 1930 (36),Grimsby Town FC (5),2-3,?,Sheffield Wednesday FC (5)
?,(Sat) 13 Sep 1930 (36),Sunderland AFC (5),1-4,?,Arsenal FC (5)
?,(Sat) 13 Sep 1930 (36),Leicester City FC (5),3-1,?,Portsmouth FC (5)
?,(Sat) 13 Sep 1930 (36),West Ham United FC (5),4-1,?,Chelsea FC (5)
?,(Sat) 13 Sep 1930 (36),Liverpool FC (5),1-4,?,Huddersfield Town AFC (5)
?,(Sat) 13 Sep 1930 (36),Blackpool FC (5),3-2,?,Middlesbrough FC (5)
?,(Sat) 13 Sep 1930 (36),Manchester United FC (5),4-7,?,Newcastle United FC (5)
?,(Sat) 13 Sep 1930 (36),Sheffield United FC (5),3-3,?,Derby County FC (5)
?,(Mon) 15 Sep 1930 (37),Aston Villa FC (6),2-0,?,Grimsby Town FC (6)
?,(Mon) 15 Sep 1930 (37),Huddersfield Town AFC (6),3-0,?,Manchester United FC (6)
?,(Mon) 15 Sep 1930 (37),Chelsea FC (6),0-0,?,Sheffield Wednesday FC (6)
?,(Mon) 15 Sep 1930 (37),Blackburn Rovers FC (6),2-2,?,Arsenal FC (6)
?,(Wed) 17 Sep 1930 (37),Middlesbrough FC (6),2-2,?,West Ham United FC (6)
?,(Wed) 17 Sep 1930 (37),Derby County FC (6),4-1,?,Sunderland AFC (6)
?,(Wed) 17 Sep 1930 (37),Newcastle United FC (6),2-2,?,Birmingham City FC (6)
?,(Wed) 17 Sep 1930 (37),Manchester City FC (6),1-0,?,Leeds United FC (6)
?,(Wed) 17 Sep 1930 (37),Portsmouth FC (6),4-3,?,Blackpool FC (6)
?,(Sat) 20 Sep 1930 (37),Chelsea FC (7),0-1,?,Bolton Wanderers FC (6)
?,(Sat) 20 Sep 1930 (37),Newcastle United FC (7),4-2,?,West Ham United FC (7)
?,(Sat) 20 Sep 1930 (37),Blackpool FC (7),3-7,?,Leeds United FC (7)
?,(Sat) 20 Sep 1930 (37),Sheffield Wednesday FC (7),3-0,?,Manchester United FC (7)
?,(Sat) 20 Sep 1930 (37),Manchester City FC (7),0-4,?,Sheffield United FC (6)
?,(Sat) 20 Sep 1930 (37),Huddersfield Town AFC (7),2-2,?,Middlesbrough FC (7)
?,(Sat) 20 Sep 1930 (37),Portsmouth FC (7),2-2,?,Birmingham City FC (7)
?,(Sat) 20 Sep 1930 (37),Derby County FC (7),1-0,?,Grimsby Town FC (7)
?,(Sat) 20 Sep 1930 (37),Arsenal FC (7),4-1,?,Leicester City FC (6)
?,(Sat) 20 Sep 1930 (37),Aston Villa FC (7),4-2,?,Liverpool FC (6)
?,(Sat) 20 Sep 1930 (37),Blackburn Rovers FC (7),3-0,?,Sunderland AFC (7)
?,(Wed) 24 Sep 1930 (38),Sheffield United FC (7),0-2,?,Leicester City FC (7)
?,(Sat) 27 Sep 1930 (38),Manchester United FC (8),0-2,?,Grimsby Town FC (8)
?,(Sat) 27 Sep 1930 (38),Bolton Wanderers FC (7),0-3,?,Newcastle United FC (8)
?,(Sat) 27 Sep 1930 (38),Sheffield United FC (8),3-1,?,Portsmouth FC (8)
?,(Sat) 27 Sep 1930 (38),West Ham United FC (8),3-3,?,Sheffield Wednesday FC (8)
?,(Sat) 27 Sep 1930 (38),Leeds United FC (8),1-2,?,Huddersfield Town AFC (8)
?,(Sat) 27 Sep 1930 (38),Middlesbrough FC (8),3-1,?,Aston Villa FC (8)
?,(Sat) 27 Sep 1930 (38),Birmingham City FC (8),2-4,?,Arsenal FC (8)
?,(Sat) 27 Sep 1930 (38),Sunderland AFC (8),2-4,?,Blackpool FC (8)
?,(Sat) 27 Sep 1930 (38),Liverpool FC (7),3-1,?,Chelsea FC (8)
?,(Sat) 27 Sep 1930 (38),Derby County FC (8),1-1,?,Manchester City FC (8)
?,(Sat) 27 Sep 1930 (38),Leicester City FC (8),3-1,?,Blackburn Rovers FC (8)
?,(Sat) 4 Oct 1930 (39),Sheffield Wednesday FC (9),1-0,?,Bolton Wanderers FC (8)
?,(Sat) 4 Oct 1930 (39),Leeds United FC (9),0-3,?,Sunderland AFC (9)
?,(Sat) 4 Oct 1930 (39),Manchester City FC (9),4-1,?,Manchester United FC (9)
?,(Sat) 4 Oct 1930 (39),Aston Villa FC (9),6-1,?,Huddersfield Town AFC (9)
?,(Sat) 4 Oct 1930 (39),Blackburn Rovers FC (9),2-1,?,Birmingham City FC (9)
?,(Sat) 4 Oct 1930 (39),Portsmouth FC (9),2-0,?,Derby County FC (9)
?,(Sat) 4 Oct 1930 (39),Chelsea FC (9),4-0,?,Middlesbrough FC (9)
?,(Sat) 4 Oct 1930 (39),Newcastle United FC (9),0-4,?,Liverpool FC (8)
?,(Sat) 4 Oct 1930 (39),Grimsby Town FC (9),4-0,?,West Ham United FC (9)
?,(Sat) 4 Oct 1930 (39),Arsenal FC (9),1-1,?,Sheffield United FC (9)
?,(Sat) 4 Oct 1930 (39),Blackpool FC (9),5-4,?,Leicester City FC (9)
?,(Sat) 11 Oct 1930 (40),West Ham United FC (10),5-1,?,Manchester United FC (10)
?,(Sat) 11 Oct 1930 (40),Middlesbrough FC (10),3-1,?,Newcastle United FC (10)
?,(Sat) 11 Oct 1930 (40),Huddersfield Town AFC (10),1-1,?,Chelsea FC (10)
?,(Sat) 11 Oct 1930 (40),Leicester City FC (10),4-0,?,Leeds United FC (10)
?,(Sat) 11 Oct 1930 (40),Manchester City FC (10),1-3,?,Portsmouth FC (10)
?,(Sat) 11 Oct 1930 (40),Sheffield United FC (10),1-1,?,Blackburn Rovers FC (10)
?,(Sat) 11 Oct 1930 (40),Liverpool FC (9),1-2,?,Sheffield Wednesday FC (10)
?,(Sat) 11 Oct 1930 (40),Sunderland AFC (10),1-1,?,Aston Villa FC (10)
?,(Sat) 11 Oct 1930 (40),Derby County FC (10),4-2,?,Arsenal FC (10)
?,(Sat) 11 Oct 1930 (40),Bolton Wanderers FC (9),4-2,?,Grimsby Town FC (10)
?,(Sat) 11 Oct 1930 (40),Birmingham City FC (10),1-1,?,Blackpool FC (10)
?,(Sat) 18 Oct 1930 (41),Manchester United FC (11),1-2,?,Arsenal FC (11)
?,(Sat) 18 Oct 1930 (41),Liverpool FC (10),2-0,?,Leeds United FC (11)
?,(Sat) 18 Oct 1930 (41),Bolton Wanderers FC (10),1-0,?,Blackpool FC (11)
?,(Sat) 18 Oct 1930 (41),Newcastle United FC (11),2-5,?,Derby County FC (11)
?,(Sat) 18 Oct 1930 (41),Middlesbrough FC (11),1-0,?,Sunderland AFC (11)
?,(Sat) 18 Oct 1930 (41),Chelsea FC (11),1-0,?,Sheffield United FC (11)
?,(Sat) 18 Oct 1930 (41),Huddersfield Town AFC (11),4-1,?,Leicester City FC (11)
?,(Sat) 18 Oct 1930 (41),West Ham United FC (11),4-3,?,Blackburn Rovers FC (11)
?,(Sat) 18 Oct 1930 (41),Sheffield Wednesday FC (11),1-1,?,Manchester City FC (11)
?,(Sat) 18 Oct 1930 (41),Aston Villa FC (11),1-1,?,Birmingham City FC (11)
?,(Sat) 18 Oct 1930 (41),Grimsby Town FC (11),0-3,?,Portsmouth FC (11)
?,(Sat) 25 Oct 1930 (42),Blackburn Rovers FC (12),2-2,?,Bolton Wanderers FC (11)
?,(Sat) 25 Oct 1930 (42),Portsmouth FC (12),4-1,?,Manchester United FC (12)
?,(Sat) 25 Oct 1930 (42),Derby County FC (12),2-3,?,Sheffield Wednesday FC (12)
?,(Sat) 25 Oct 1930 (42),Manchester City FC (12),1-0,?,Grimsby Town FC (12)
?,(Sat) 25 Oct 1930 (42),Sunderland AFC (12),4-2,?,Huddersfield Town AFC (12)
?,(Sat) 25 Oct 1930 (42),Sheffield United FC (12),3-1,?,Newcastle United FC (12)
?,(Sat) 25 Oct 1930 (42),Blackpool FC (12),1-3,?,Liverpool FC (11)
?,(Sat) 25 Oct 1930 (42),Leeds United FC (12),7-0,?,Middlesbrough FC (12)
?,(Sat) 25 Oct 1930 (42),Birmingham City FC (12),6-2,?,Chelsea FC (12)
?,(Sat) 25 Oct 1930 (42),Arsenal FC (12),1-1,?,West Ham United FC (12)
?,(Sat) 25 Oct 1930 (42),Leicester City FC (12),4-1,?,Aston Villa FC (12)
?,(Sat) 1 Nov 1930 (43),Newcastle United FC (13),4-1,?,Leeds United FC (13)
?,(Sat) 1 Nov 1930 (43),Chelsea FC (13),3-0,?,Blackpool FC (13)
?,(Sat) 1 Nov 1930 (43),Aston Villa FC (13),5-2,?,Blackburn Rovers FC (13)
?,(Sat) 1 Nov 1930 (43),Liverpool FC (12),0-2,?,Manchester City FC (13)
?,(Sat) 1 Nov 1930 (43),Middlesbrough FC (13),0-1,?,Portsmouth FC (13)
?,(Sat) 1 Nov 1930 (43),Grimsby Town FC (13),8-2,?,Leicester City FC (13)
?,(Sat) 1 Nov 1930 (43),Huddersfield Town AFC (13),1-1,?,Arsenal FC (13)
?,(Sat) 1 Nov 1930 (43),West Ham United FC (13),4-1,?,Sheffield United FC (13)
?,(Sat) 1 Nov 1930 (43),Bolton Wanderers FC (12),1-2,?,Derby County FC (13)
?,(Sat) 1 Nov 1930 (43),Manchester United FC (13),2-0,?,Birmingham City FC (13)
?,(Sat) 1 Nov 1930 (43),Sheffield Wednesday FC (13),7-2,?,Sunderland AFC (13)
?,(Sat) 8 Nov 1930 (44),Sheffield United FC (14),2-0,?,Bolton Wanderers FC (13)
?,(Sat) 8 Nov 1930 (44),Leicester City FC (14),5-4,?,Manchester United FC (14)
?,(Sat) 8 Nov 1930 (44),Derby County FC (14),2-2,?,Liverpool FC (13)
?,(Sat) 8 Nov 1930 (44),Blackpool FC (14),0-0,?,Newcastle United FC (14)
?,(Sat) 8 Nov 1930 (44),Blackburn Rovers FC (14),2-0,?,Chelsea FC (14)
?,(Sat) 8 Nov 1930 (44),Portsmouth FC (14),2-2,?,Huddersfield Town AFC (14)
?,(Sat) 8 Nov 1930 (44),Birmingham City FC (14),0-2,?,West Ham United FC (14)
?,(Sat) 8 Nov 1930 (44),Sunderland AFC (14),3-2,?,Grimsby Town FC (14)
?,(Sat) 8 Nov 1930 (44),Manchester City FC (14),4-2,?,Middlesbrough FC (14)
?,(Sat) 8 Nov 1930 (44),Leeds United FC (14),2-3,?,Sheffield Wednesday FC (14)
?,(Sat) 8 Nov 1930 (44),Arsenal FC (14),5-2,?,Aston Villa FC (14)
?,(Sat) 15 Nov 1930 (45),Liverpool FC (14),3-1,?,Leicester City FC (15)
?,(Sat) 15 Nov 1930 (45),Huddersfield Town AFC (15),1-1,?,Sheffield United FC (15)
?,(Sat) 15 Nov 1930 (45),Middlesbrough FC (15),1-1,?,Birmingham City FC (15)
?,(Sat) 15 Nov 1930 (45),Sheffield Wednesday FC (15),1-2,?,Arsenal FC (15)
?,(Sat) 15 Nov 1930 (45),Manchester United FC (15),0-0,?,Blackpool FC (15)
?,(Sat) 15 Nov 1930 (45),Bolton Wanderers FC (14),2-2,?,Sunderland AFC (15)
?,(Sat) 15 Nov 1930 (45),Newcastle United FC (15),4-7,?,Portsmouth FC (15)
?,(Sat) 15 Nov 1930 (45),Grimsby Town FC (15),2-0,?,Blackburn Rovers FC (15)
?,(Sat) 15 Nov 1930 (45),West Ham United FC (15),1-1,?,Leeds United FC (15)
?,(Sat) 15 Nov 1930 (45),Chelsea FC (15),2-0,?,Manchester City FC (15)
?,(Sat) 15 Nov 1930 (45),Aston Villa FC (15),4-6,?,Derby County FC (15)
?,(Sat) 22 Nov 1930 (46),Manchester City FC (16),3-0,?,Bolton Wanderers FC (15)
?,(Sat) 22 Nov 1930 (46),Blackpool FC (16),2-2,?,Aston Villa FC (16)
?,(Sat) 22 Nov 1930 (46),Leicester City FC (16),2-5,?,Sheffield Wednesday FC (16)
?,(Sat) 22 Nov 1930 (46),Derby County FC (16),1-1,?,West Ham United FC (16)
?,(Sat) 22 Nov 1930 (46),Portsmouth FC (16),4-0,?,Liverpool FC (15)
?,(Sat) 22 Nov 1930 (46),Birmingham City FC (16),4-1,?,Grimsby Town FC (16)
?,(Sat) 22 Nov 1930 (46),Blackburn Rovers FC (16),5-3,?,Huddersfield Town AFC (16)
?,(Sat) 22 Nov 1930 (46),Sunderland AFC (16),5-0,?,Newcastle United FC (16)
?,(Sat) 22 Nov 1930 (46),Arsenal FC (16),5-3,?,Middlesbrough FC (16)
?,(Sat) 22 Nov 1930 (46),Sheffield United FC (16),3-1,?,Manchester United FC (16)
?,(Sat) 22 Nov 1930 (46),Leeds United FC (16),2-3,?,Chelsea FC (16)
?,(Sat) 29 Nov 1930 (47),Middlesbrough FC (17),4-1,?,Derby County FC (17)
?,(Sat) 29 Nov 1930 (47),Bolton Wanderers FC (16),2-0,?,Birmingham City FC (17)
?,(Sat) 29 Nov 1930 (47),Grimsby Town FC (17),2-0,?,Leeds United FC (17)
?,(Sat) 29 Nov 1930 (47),Sheffield Wednesday FC (17),7-1,?,Blackpool FC (17)
?,(Sat) 29 Nov 1930 (47),Newcastle United FC (17),2-3,?,Blackburn Rovers FC (17)
?,(Sat) 29 Nov 1930 (47),Chelsea FC (17),1-5,?,Arsenal FC (17)
?,(Sat) 29 Nov 1930 (47),Huddersfield Town AFC (17),1-1,?,Manchester City FC (17)
?,(Sat) 29 Nov 1930 (47),Liverpool FC (16),6-1,?,Sheffield United FC (17)
?,(Sat) 29 Nov 1930 (47),Manchester United FC (17),1-1,?,Sunderland AFC (17)
?,(Sat) 29 Nov 1930 (47),West Ham United FC (17),2-0,?,Leicester City FC (17)
?,(Wed) 3 Dec 1930 (48),Aston Villa FC (17),2-2,?,Portsmouth FC (17)
?,(Sat) 6 Dec 1930 (48),Portsmouth FC (18),2-4,?,Sheffield Wednesday FC (18)
?,(Sat) 6 Dec 1930 (48),Leeds United FC (18),3-1,?,Bolton Wanderers FC (17)
?,(Sat) 6 Dec 1930 (48),Sunderland AFC (18),6-5,?,Liverpool FC (17)
?,(Sat) 6 Dec 1930 (48),Birmingham City FC (18),2-0,?,Huddersfield Town AFC (18)
?,(Sat) 6 Dec 1930 (48),Blackpool FC (18),1-3,?,West Ham United FC (18)
?,(Sat) 6 Dec 1930 (48),Manchester City FC (18),2-0,?,Newcastle United FC (18)
?,(Sat) 6 Dec 1930 (48),Leicester City FC (18),0-3,?,Middlesbrough FC (18)
?,(Sat) 6 Dec 1930 (48),Sheffield United FC (18),3-4,?,Aston Villa FC (18)
?,(Sat) 6 Dec 1930 (48),Derby County FC (18),6-2,?,Chelsea FC (18)
?,(Sat) 6 Dec 1930 (48),Blackburn Rovers FC (18),4-1,?,Manchester United FC (18)
?,(Sat) 13 Dec 1930 (49),Grimsby Town FC (18),2-1,?,Sheffield United FC (19)
?,(Sat) 13 Dec 1930 (49),Aston Villa FC (19),4-3,?,Leeds United FC (19)
?,(Sat) 13 Dec 1930 (49),Chelsea FC (19),5-0,?,Sunderland AFC (19)
?,(Sat) 13 Dec 1930 (49),Sheffield Wednesday FC (19),9-1,?,Birmingham City FC (19)
?,(Sat) 13 Dec 1930 (49),Manchester United FC (19),2-1,?,Derby County FC (19)
?,(Sat) 13 Dec 1930 (49),West Ham United FC (19),2-0,?,Manchester City FC (19)
?,(Sat) 13 Dec 1930 (49),Middlesbrough FC (19),4-1,?,Blackburn Rovers FC (19)
?,(Sat) 13 Dec 1930 (49),Huddersfield Town AFC (19),10-1,?,Blackpool FC (19)
?,(Sat) 13 Dec 1930 (49),Bolton Wanderers FC (18),3-1,?,Portsmouth FC (19)
?,(Sat) 13 Dec 1930 (49),Liverpool FC (18),1-1,?,Arsenal FC (18)
?,(Sat) 13 Dec 1930 (49),Newcastle United FC (19),5-2,?,Leicester City FC (19)
?,(Sat) 20 Dec 1930 (50),Arsenal FC (19),1-2,?,Newcastle United FC (20)
?,(Sat) 20 Dec 1930 (50),Derby County FC (20),4-1,?,Huddersfield Town AFC (20)
?,(Sat) 20 Dec 1930 (50),Portsmouth FC (20),1-1,?,Chelsea FC (20)
?,(Sat) 20 Dec 1930 (50),Leeds United FC (20),5-0,?,Manchester United FC (20)
?,(Sat) 20 Dec 1930 (50),Birmingham City FC (20),2-0,?,Liverpool FC (19)
?,(Sat) 20 Dec 1930 (50),Sheffield United FC (20),4-2,?,Middlesbrough FC (20)
?,(Sat) 20 Dec 1930 (50),Blackpool FC (20),3-1,?,Grimsby Town FC (19)
?,(Sat) 20 Dec 1930 (50),Sunderland AFC (20),6-1,?,West Ham United FC (20)
?,(Sat) 20 Dec 1930 (50),Blackburn Rovers FC (20),5-2,?,Sheffield Wednesday FC (20)
?,(Sat) 20 Dec 1930 (50),Manchester City FC (20),3-1,?,Aston Villa FC (20)
?,(Sat) 20 Dec 1930 (50),Leicester City FC (20),2-1,?,Bolton Wanderers FC (19)
?,(Thu) 25 Dec 1930 (51),Birmingham City FC (21),0-1,?,Leeds United FC (21)
?,(Thu) 25 Dec 1930 (51),Sunderland AFC (21),2-5,?,Leicester City FC (21)
?,(Thu) 25 Dec 1930 (51),Blackpool FC (21),2-1,?,Sheffield United FC (21)
?,(Thu) 25 Dec 1930 (51),Blackburn Rovers FC (21),1-0,?,Derby County FC (21)
?,(Thu) 25 Dec 1930 (51),West Ham United FC (21),4-3,?,Portsmouth FC (21)
?,(Thu) 25 Dec 1930 (51),Grimsby Town FC (20),0-0,?,Liverpool FC (20)
?,(Thu) 25 Dec 1930 (51),Chelsea FC (21),0-2,?,Aston Villa FC (21)
?,(Thu) 25 Dec 1930 (51),Manchester City FC (21),1-4,?,Arsenal FC (20)
?,(Thu) 25 Dec 1930 (51),Bolton Wanderers FC (20),3-1,?,Manchester United FC (21)
?,(Fri) 26 Dec 1930 (51),Huddersfield Town AFC (21),0-3,?,Newcastle United FC (21)
?,(Fri) 26 Dec 1930 (51),Leicester City FC (22),1-1,?,Sunderland AFC (22)
?,(Fri) 26 Dec 1930 (51),Portsmouth FC (22),2-0,?,West Ham United FC (22)
?,(Fri) 26 Dec 1930 (51),Aston Villa FC (22),3-3,?,Chelsea FC (22)
?,(Fri) 26 Dec 1930 (51),Arsenal FC (21),3-1,?,Manchester City FC (22)
?,(Fri) 26 Dec 1930 (51),Derby County FC (22),1-1,?,Blackburn Rovers FC (22)
?,(Fri) 26 Dec 1930 (51),Leeds United FC (22),3-1,?,Birmingham City FC (22)
?,(Fri) 26 Dec 1930 (51),Liverpool FC (21),1-1,?,Grimsby Town FC (21)
?,(Fri) 26 Dec 1930 (51),Middlesbrough FC (21),2-0,?,Sheffield Wednesday FC (21)
?,(Fri) 26 Dec 1930 (51),Sheffield United FC (22),5-1,?,Blackpool FC (22)
?,(Fri) 26 Dec 1930 (51),Manchester United FC (22),1-1,?,Bolton Wanderers FC (21)
?,(Sat) 27 Dec 1930 (51),Sheffield United FC (23),3-1,?,Birmingham City FC (23)
?,(Sat) 27 Dec 1930 (51),Arsenal FC (22),7-1,?,Blackpool FC (23)
?,(Sat) 27 Dec 1930 (51),Portsmouth FC (23),1-1,?,Leeds United FC (23)
?,(Sat) 27 Dec 1930 (51),Huddersfield Town AFC (22),2-0,?,West Ham United FC (23)
?,(Sat) 27 Dec 1930 (51),Chelsea FC (23),5-0,?,Grimsby Town FC (22)
?,(Sat) 27 Dec 1930 (51),Derby County FC (23),1-0,?,Leicester City FC (23)
?,(Sat) 27 Dec 1930 (51),Blackburn Rovers FC (23),3-3,?,Liverpool FC (22)
?,(Sat) 27 Dec 1930 (51),Middlesbrough FC (22),3-0,?,Bolton Wanderers FC (22)
?,(Sat) 27 Dec 1930 (51),Manchester City FC (23),2-0,?,Sunderland AFC (23)
?,(Sat) 27 Dec 1930 (51),Newcastle United FC (22),1-2,?,Sheffield Wednesday FC (22)
?,(Sat) 27 Dec 1930 (51),Aston Villa FC (23),7-0,?,Manchester United FC (23)
?,(Mon) 29 Dec 1930 (52),Sheffield Wednesday FC (23),3-2,?,Middlesbrough FC (23)
?,(Thu) 1 Jan 1931 (0),Middlesbrough FC (24),2-1,?,Grimsby Town FC (23)
?,(Thu) 1 Jan 1931 (0),Blackburn Rovers FC (24),0-1,?,Manchester City FC (24)
?,(Thu) 1 Jan 1931 (0),Newcastle United FC (23),2-0,?,Aston Villa FC (24)
?,(Thu) 1 Jan 1931 (0),Manchester United FC (24),0-0,?,Leeds United FC (24)
?,(Thu) 1 Jan 1931 (0),Sheffield Wednesday FC (24),2-1,?,Huddersfield Town AFC (23)
?,(Sat) 3 Jan 1931 (0),Bolton Wanderers FC (23),1-0,?,Huddersfield Town AFC (24)
?,(Sat) 3 Jan 1931 (0),Manchester United FC (25),1-0,?,Chelsea FC (24)
?,(Sat) 3 Jan 1931 (0),Liverpool FC (23),3-1,?,Middlesbrough FC (25)
?,(Sat) 3 Jan 1931 (0),West Ham United FC (24),5-5,?,Aston Villa FC (25)
?,(Sat) 3 Jan 1931 (0),Leicester City FC (24),3-2,?,Manchester City FC (25)
?,(Sat) 3 Jan 1931 (0),Sheffield Wednesday FC (25),1-3,?,Sheffield United FC (24)
?,(Sat) 3 Jan 1931 (0),Birmingham City FC (24),1-2,?,Derby County FC (24)
?,(Sat) 3 Jan 1931 (0),Blackpool FC (24),1-1,?,Blackburn Rovers FC (25)
?,(Sat) 3 Jan 1931 (0),Grimsby Town FC (24),2-2,?,Newcastle United FC (24)
?,(Sat) 3 Jan 1931 (0),Sunderland AFC (24),0-0,?,Portsmouth FC (24)
?,(Wed) 14 Jan 1931 (2),Bolton Wanderers FC (24),2-0,?,Liverpool FC (24)
?,(Sat) 17 Jan 1931 (2),Middlesbrough FC (26),5-1,?,Blackpool FC (25)
?,(Sat) 17 Jan 1931 (2),Sheffield Wednesday FC (26),4-1,?,Grimsby Town FC (25)
?,(Sat) 17 Jan 1931 (2),Chelsea FC (25),2-1,?,West Ham United FC (25)
?,(Sat) 17 Jan 1931 (2),Portsmouth FC (25),2-1,?,Leicester City FC (25)
?,(Sat) 17 Jan 1931 (2),Aston Villa FC (26),3-1,?,Bolton Wanderers FC (25)
?,(Sat) 17 Jan 1931 (2),Huddersfield Town AFC (25),2-1,?,Liverpool FC (25)
?,(Sat) 17 Jan 1931 (2),Arsenal FC (23),1-3,?,Sunderland AFC (25)
?,(Sat) 17 Jan 1931 (2),Newcastle United FC (25),4-3,?,Manchester United FC (26)
?,(Sat) 17 Jan 1931 (2),Blackburn Rovers FC (26),3-1,?,Leeds United FC (25)
?,(Sat) 17 Jan 1931 (2),Manchester City FC (26),4-2,?,Birmingham City FC (25)
?,(Sat) 17 Jan 1931 (2),Derby County FC (25),4-3,?,Sheffield United FC (25)
?,(Sat) 24 Jan 1931 (3),Liverpool FC (26),1-1,?,Aston Villa FC (27)
?,(Sat) 24 Jan 1931 (3),Middlesbrough FC (27),2-3,?,Huddersfield Town AFC (26)
?,(Mon) 26 Jan 1931 (4),West Ham United FC (26),3-2,?,Newcastle United FC (26)
?,(Wed) 28 Jan 1931 (4),Arsenal FC (24),9-1,?,Grimsby Town FC (26)
?,(Wed) 28 Jan 1931 (4),Sheffield United FC (26),2-2,?,Manchester City FC (27)
?,(Wed) 28 Jan 1931 (4),Manchester United FC (27),4-1,?,Sheffield Wednesday FC (27)
?,(Wed) 28 Jan 1931 (4),Leeds United FC (26),2-2,?,Blackpool FC (26)
?,(Wed) 28 Jan 1931 (4),Birmingham City FC (26),2-1,?,Portsmouth FC (26)
?,(Sat) 31 Jan 1931 (4),Portsmouth FC (27),2-3,?,Sheffield United FC (27)
?,(Sat) 31 Jan 1931 (4),Chelsea FC (26),2-2,?,Liverpool FC (27)
?,(Sat) 31 Jan 1931 (4),Blackpool FC (27),3-1,?,Sunderland AFC (26)
?,(Sat) 31 Jan 1931 (4),Sheffield Wednesday FC (28),5-3,?,West Ham United FC (27)
?,(Sat) 31 Jan 1931 (4),Huddersfield Town AFC (27),3-0,?,Leeds United FC (27)
?,(Sat) 31 Jan 1931 (4),Manchester City FC (28),4-3,?,Derby County FC (26)
?,(Sat) 31 Jan 1931 (4),Grimsby Town FC (27),2-1,?,Manchester United FC (28)
?,(Sat) 31 Jan 1931 (4),Arsenal FC (25),1-1,?,Birmingham City FC (27)
?,(Sat) 31 Jan 1931 (4),Newcastle United FC (27),4-0,?,Bolton Wanderers FC (26)
?,(Sat) 31 Jan 1931 (4),Aston Villa FC (28),8-1,?,Middlesbrough FC (28)
?,(Tue) 3 Feb 1931 (5),Grimsby Town FC (28),5-3,?,Derby County FC (27)
?,(Wed) 4 Feb 1931 (5),Sunderland AFC (27),8-2,?,Blackburn Rovers FC (27)
?,(Wed) 4 Feb 1931 (5),Bolton Wanderers FC (27),1-1,?,Chelsea FC (27)
?,(Thu) 5 Feb 1931 (5),Leicester City FC (26),2-7,?,Arsenal FC (26)
?,(Sat) 7 Feb 1931 (5),Sunderland AFC (28),4-0,?,Leeds United FC (28)
?,(Sat) 7 Feb 1931 (5),Leicester City FC (27),6-0,?,Blackpool FC (28)
?,(Sat) 7 Feb 1931 (5),Sheffield United FC (28),1-1,?,Arsenal FC (27)
?,(Sat) 7 Feb 1931 (5),Bolton Wanderers FC (28),2-2,?,Sheffield Wednesday FC (29)
?,(Sat) 7 Feb 1931 (5),West Ham United FC (28),3-4,?,Grimsby Town FC (29)
?,(Sat) 7 Feb 1931 (5),Middlesbrough FC (29),2-2,?,Chelsea FC (28)
?,(Sat) 7 Feb 1931 (5),Liverpool FC (28),4-2,?,Newcastle United FC (28)
?,(Sat) 7 Feb 1931 (5),Birmingham City FC (28),4-1,?,Blackburn Rovers FC (28)
?,(Sat) 7 Feb 1931 (5),Huddersfield Town AFC (28),1-6,?,Aston Villa FC (29)
?,(Sat) 7 Feb 1931 (5),Derby County FC (28),5-1,?,Portsmouth FC (28)
?,(Sat) 7 Feb 1931 (5),Manchester United FC (29),1-3,?,Manchester City FC (29)
?,(Sat) 14 Feb 1931 (6),Arsenal FC (28),6-3,?,Derby County FC (29)
?,(Sat) 14 Feb 1931 (6),Sheffield Wednesday FC (30),3-5,?,Liverpool FC (29)
?,(Sat) 14 Feb 1931 (6),Manchester United FC (30),1-0,?,West Ham United FC (29)
?,(Sat) 14 Feb 1931 (6),Newcastle United FC (29),0-5,?,Middlesbrough FC (30)
?,(Tue) 17 Feb 1931 (7),Grimsby Town FC (30),4-1,?,Bolton Wanderers FC (29)
?,(Wed) 18 Feb 1931 (7),Aston Villa FC (30),4-2,?,Sunderland AFC (29)
?,(Wed) 18 Feb 1931 (7),Portsmouth FC (29),1-1,?,Manchester City FC (30)
?,(Wed) 18 Feb 1931 (7),Blackpool FC (29),0-1,?,Birmingham City FC (29)
?,(Wed) 18 Feb 1931 (7),Leeds United FC (29),1-3,?,Leicester City FC (28)
?,(Wed) 18 Feb 1931 (7),Chelsea FC (29),1-2,?,Huddersfield Town AFC (29)
?,(Thu) 19 Feb 1931 (7),Blackburn Rovers FC (29),2-1,?,Sheffield United FC (29)
?,(Sat) 21 Feb 1931 (7),Portsmouth FC (30),4-3,?,Grimsby Town FC (31)
?,(Sat) 21 Feb 1931 (7),Sunderland AFC (30),1-1,?,Middlesbrough FC (31)
?,(Sat) 21 Feb 1931 (7),Blackpool FC (30),3-3,?,Bolton Wanderers FC (30)
?,(Sat) 21 Feb 1931 (7),Derby County FC (30),1-5,?,Newcastle United FC (30)
?,(Sat) 21 Feb 1931 (7),Leeds United FC (30),1-2,?,Liverpool FC (30)
?,(Sat) 21 Feb 1931 (7),Manchester City FC (31),2-0,?,Sheffield Wednesday FC (31)
?,(Sat) 21 Feb 1931 (7),Birmingham City FC (30),0-4,?,Aston Villa FC (31)
?,(Sat) 21 Feb 1931 (7),Arsenal FC (29),4-1,?,Manchester United FC (31)
?,(Sat) 21 Feb 1931 (7),Leicester City FC (29),1-2,?,Huddersfield Town AFC (30)
?,(Sat) 21 Feb 1931 (7),Sheffield United FC (30),4-0,?,Chelsea FC (30)
?,(Sat) 21 Feb 1931 (7),Blackburn Rovers FC (30),1-0,?,West Ham United FC (30)
?,(Sat) 28 Feb 1931 (8),Bolton Wanderers FC (31),1-1,?,Blackburn Rovers FC (31)
?,(Sat) 28 Feb 1931 (8),Grimsby Town FC (32),3-5,?,Manchester City FC (32)
?,(Sat) 28 Feb 1931 (8),West Ham United FC (31),2-4,?,Arsenal FC (30)
?,(Sat) 28 Feb 1931 (8),Newcastle United FC (31),1-0,?,Sheffield United FC (31)
?,(Sat) 28 Feb 1931 (8),Middlesbrough FC (32),5-0,?,Leeds United FC (31)
?,(Sat) 28 Feb 1931 (8),Liverpool FC (31),5-2,?,Blackpool FC (31)
?,(Sat) 28 Feb 1931 (8),Aston Villa FC (32),4-2,?,Leicester City FC (30)
?,(Mon) 2 Mar 1931 (9),Blackburn Rovers FC (32),3-0,?,Leicester City FC (31)
?,(Sat) 7 Mar 1931 (9),Portsmouth FC (31),1-0,?,Middlesbrough FC (33)
?,(Sat) 7 Mar 1931 (9),Derby County FC (31),4-1,?,Bolton Wanderers FC (32)
?,(Sat) 7 Mar 1931 (9),Leicester City FC (32),0-1,?,Grimsby Town FC (33)
?,(Sat) 7 Mar 1931 (9),Birmingham City FC (31),0-0,?,Manchester United FC (32)
?,(Sat) 7 Mar 1931 (9),Sunderland AFC (31),5-1,?,Sheffield Wednesday FC (32)
?,(Sat) 7 Mar 1931 (9),Manchester City FC (33),1-1,?,Liverpool FC (32)
?,(Sat) 7 Mar 1931 (9),Blackpool FC (32),2-1,?,Chelsea FC (31)
?,(Sat) 7 Mar 1931 (9),Blackburn Rovers FC (33),0-2,?,Aston Villa FC (33)
?,(Sat) 7 Mar 1931 (9),Arsenal FC (31),0-0,?,Huddersfield Town AFC (31)
?,(Sat) 7 Mar 1931 (9),Sheffield United FC (32),1-2,?,West Ham United FC (32)
?,(Sat) 7 Mar 1931 (9),Leeds United FC (32),1-0,?,Newcastle United FC (32)
?,(Wed) 11 Mar 1931 (10),Leeds United FC (33),1-2,?,Arsenal FC (32)
?,(Sat) 14 Mar 1931 (10),Chelsea FC (32),3-2,?,Blackburn Rovers FC (34)
?,(Sat) 14 Mar 1931 (10),Aston Villa FC (34),5-1,?,Arsenal FC (33)
?,(Sat) 14 Mar 1931 (10),Middlesbrough FC (34),4-1,?,Manchester City FC (34)
?,(Sat) 14 Mar 1931 (10),Newcastle United FC (33),0-2,?,Blackpool FC (33)
?,(Sat) 14 Mar 1931 (10),Sheffield Wednesday FC (33),2-1,?,Leeds United FC (34)
?,(Sat) 14 Mar 1931 (10),Huddersfield Town AFC (32),1-3,?,Portsmouth FC (32)
?,(Sat) 14 Mar 1931 (10),Liverpool FC (33),0-0,?,Derby County FC (32)
?,(Sat) 14 Mar 1931 (10),Bolton Wanderers FC (33),6-2,?,Sheffield United FC (33)
?,(Mon) 16 Mar 1931 (11),Manchester United FC (33),0-1,?,Portsmouth FC (33)
?,(Mon) 16 Mar 1931 (11),West Ham United FC (33),1-2,?,Birmingham City FC (32)
?,(Mon) 16 Mar 1931 (11),Huddersfield Town AFC (33),2-0,?,Sunderland AFC (32)
?,(Sat) 21 Mar 1931 (11),Sheffield United FC (34),0-2,?,Huddersfield Town AFC (34)
?,(Sat) 21 Mar 1931 (11),Derby County FC (33),1-1,?,Aston Villa FC (35)
?,(Sat) 21 Mar 1931 (11),Manchester City FC (35),2-0,?,Chelsea FC (33)
?,(Sat) 21 Mar 1931 (11),Blackpool FC (34),5-1,?,Manchester United FC (34)
?,(Sat) 21 Mar 1931 (11),Blackburn Rovers FC (35),5-2,?,Grimsby Town FC (34)
?,(Sat) 21 Mar 1931 (11),Sunderland AFC (33),3-1,?,Bolton Wanderers FC (34)
?,(Sat) 21 Mar 1931 (11),Arsenal FC (34),2-0,?,Sheffield Wednesday FC (34)
?,(Sat) 21 Mar 1931 (11),Portsmouth FC (34),1-2,?,Newcastle United FC (34)
?,(Sat) 21 Mar 1931 (11),Leicester City FC (33),3-2,?,Liverpool FC (34)
?,(Sat) 21 Mar 1931 (11),Leeds United FC (35),3-0,?,West Ham United FC (34)
?,(Sat) 21 Mar 1931 (11),Birmingham City FC (33),1-2,?,Middlesbrough FC (35)
?,(Tue) 24 Mar 1931 (12),Grimsby Town FC (35),2-1,?,Sunderland AFC (34)
?,(Wed) 25 Mar 1931 (12),Manchester United FC (35),0-0,?,Leicester City FC (34)
?,(Wed) 25 Mar 1931 (12),Chelsea FC (34),1-0,?,Birmingham City FC (34)
?,(Sat) 28 Mar 1931 (12),Aston Villa FC (36),4-1,?,Blackpool FC (35)
?,(Sat) 28 Mar 1931 (12),Sheffield Wednesday FC (35),4-0,?,Leicester City FC (35)
?,(Sat) 28 Mar 1931 (12),Bolton Wanderers FC (35),1-1,?,Manchester City FC (36)
?,(Sat) 28 Mar 1931 (12),Manchester United FC (36),1-2,?,Sheffield United FC (35)
?,(Sat) 28 Mar 1931 (12),West Ham United FC (35),0-1,?,Derby County FC (34)
?,(Sat) 28 Mar 1931 (12),Huddersfield Town AFC (35),1-1,?,Blackburn Rovers FC (36)
?,(Sat) 28 Mar 1931 (12),Middlesbrough FC (36),2-5,?,Arsenal FC (35)
?,(Sat) 28 Mar 1931 (12),Grimsby Town FC (36),4-1,?,Birmingham City FC (35)
?,(Sat) 28 Mar 1931 (12),Chelsea FC (35),1-0,?,Leeds United FC (36)
?,(Sat) 28 Mar 1931 (12),Liverpool FC (35),3-1,?,Portsmouth FC (35)
?,(Sat) 28 Mar 1931 (12),Newcastle United FC (35),2-0,?,Sunderland AFC (35)
?,(Fri) 3 Apr 1931 (13),Grimsby Town FC (37),4-1,?,Middlesbrough FC (37)
?,(Fri) 3 Apr 1931 (13),West Ham United FC (36),1-4,?,Bolton Wanderers FC (36)
?,(Fri) 3 Apr 1931 (13),Blackpool FC (36),1-0,?,Derby County FC (35)
?,(Fri) 3 Apr 1931 (13),Liverpool FC (36),1-1,?,Manchester United FC (37)
?,(Fri) 3 Apr 1931 (13),Portsmouth FC (36),1-1,?,Arsenal FC (36)
?,(Fri) 3 Apr 1931 (13),Sunderland AFC (36),1-0,?,Birmingham City FC (36)
?,(Fri) 3 Apr 1931 (13),Manchester City FC (37),3-0,?,Blackburn Rovers FC (37)
?,(Fri) 3 Apr 1931 (13),Newcastle United FC (36),1-1,?,Huddersfield Town AFC (36)
?,(Sat) 4 Apr 1931 (13),Leicester City FC (36),1-1,?,West Ham United FC (37)
?,(Sat) 4 Apr 1931 (13),Arsenal FC (37),2-1,?,Chelsea FC (36)
?,(Sat) 4 Apr 1931 (13),Manchester City FC (38),0-1,?,Huddersfield Town AFC (37)
?,(Sat) 4 Apr 1931 (13),Portsmouth FC (37),5-0,?,Aston Villa FC (37)
?,(Sat) 4 Apr 1931 (13),Sheffield United FC (36),4-1,?,Liverpool FC (37)
?,(Sat) 4 Apr 1931 (13),Derby County FC (36),1-2,?,Middlesbrough FC (38)
?,(Sat) 4 Apr 1931 (13),Leeds United FC (37),0-0,?,Grimsby Town FC (38)
?,(Sat) 4 Apr 1931 (13),Blackburn Rovers FC (38),1-0,?,Newcastle United FC (37)
?,(Sat) 4 Apr 1931 (13),Blackpool FC (37),0-4,?,Sheffield Wednesday FC (36)
?,(Sat) 4 Apr 1931 (13),Birmingham City FC (37),0-2,?,Bolton Wanderers FC (37)
?,(Sat) 4 Apr 1931 (13),Sunderland AFC (37),1-2,?,Manchester United FC (38)
?,(Mon) 6 Apr 1931 (14),Arsenal FC (38),1-1,?,Portsmouth FC (38)
?,(Mon) 6 Apr 1931 (14),Chelsea FC (37),1-0,?,Leicester City FC (37)
?,(Mon) 6 Apr 1931 (14),Derby County FC (37),3-2,?,Blackpool FC (38)
?,(Mon) 6 Apr 1931 (14),Bolton Wanderers FC (38),4-2,?,West Ham United FC (38)
?,(Mon) 6 Apr 1931 (14),Manchester United FC (39),4-1,?,Liverpool FC (38)
?,(Mon) 6 Apr 1931 (14),Birmingham City FC (38),1-0,?,Sunderland AFC (38)
?,(Mon) 6 Apr 1931 (14),Sheffield United FC (37),1-1,?,Leeds United FC (38)
?,(Tue) 7 Apr 1931 (14),Leicester City FC (38),2-1,?,Chelsea FC (38)
?,(Tue) 7 Apr 1931 (14),Aston Villa FC (38),4-3,?,Newcastle United FC (38)
?,(Tue) 7 Apr 1931 (14),Leeds United FC (39),4-0,?,Sheffield United FC (38)
?,(Tue) 7 Apr 1931 (14),Huddersfield Town AFC (38),1-1,?,Sheffield Wednesday FC (37)
?,(Sat) 11 Apr 1931 (14),Manchester United FC (40),0-1,?,Blackburn Rovers FC (39)
?,(Sat) 11 Apr 1931 (14),Aston Villa FC (39),4-0,?,Sheffield United FC (39)
?,(Sat) 11 Apr 1931 (14),Huddersfield Town AFC (39),1-0,?,Birmingham City FC (39)
?,(Sat) 11 Apr 1931 (14),West Ham United FC (39),3-2,?,Blackpool FC (39)
?,(Sat) 11 Apr 1931 (14),Grimsby Town FC (39),0-1,?,Arsenal FC (39)
?,(Sat) 11 Apr 1931 (14),Liverpool FC (39),2-4,?,Sunderland AFC (39)
?,(Sat) 11 Apr 1931 (14),Bolton Wanderers FC (39),2-0,?,Leeds United FC (40)
?,(Sat) 11 Apr 1931 (14),Sheffield Wednesday FC (38),2-2,?,Portsmouth FC (39)
?,(Sat) 11 Apr 1931 (14),Newcastle United FC (39),0-1,?,Manchester City FC (39)
?,(Sat) 11 Apr 1931 (14),Middlesbrough FC (39),2-2,?,Leicester City FC (39)
?,(Sat) 11 Apr 1931 (14),Chelsea FC (39),1-1,?,Derby County FC (38)
?,(Wed) 15 Apr 1931 (15),Liverpool FC (40),0-0,?,Birmingham City FC (40)
?,(Sat) 18 Apr 1931 (15),Birmingham City FC (41),2-0,?,Sheffield Wednesday FC (39)
?,(Sat) 18 Apr 1931 (15),Leicester City FC (40),3-1,?,Newcastle United FC (40)
?,(Sat) 18 Apr 1931 (15),Leeds United FC (41),0-2,?,Aston Villa FC (40)
?,(Sat) 18 Apr 1931 (15),Sunderland AFC (40),2-0,?,Chelsea FC (40)
?,(Sat) 18 Apr 1931 (15),Sheffield United FC (40),2-1,?,Grimsby Town FC (40)
?,(Sat) 18 Apr 1931 (15),Derby County FC (39),6-1,?,Manchester United FC (41)
?,(Sat) 18 Apr 1931 (15),Arsenal FC (40),3-1,?,Liverpool FC (41)
?,(Sat) 18 Apr 1931 (15),Manchester City FC (40),1-1,?,West Ham United FC (40)
?,(Sat) 18 Apr 1931 (15),Blackburn Rovers FC (40),4-5,?,Middlesbrough FC (40)
?,(Sat) 18 Apr 1931 (15),Blackpool FC (40),1-1,?,Huddersfield Town AFC (40)
?,(Sat) 18 Apr 1931 (15),Portsmouth FC (40),1-0,?,Bolton Wanderers FC (40)
?,(Mon) 20 Apr 1931 (16),Sheffield Wednesday FC (40),3-2,?,Derby County FC (40)
?,(Sat) 25 Apr 1931 (16),Grimsby Town FC (41),6-2,?,Blackpool FC (41)
?,(Sat) 25 Apr 1931 (16),Sheffield Wednesday FC (41),1-3,?,Blackburn Rovers FC (41)
?,(Sat) 25 Apr 1931 (16),Huddersfield Town AFC (41),3-0,?,Derby County FC (41)
?,(Sat) 25 Apr 1931 (16),West Ham United FC (41),0-3,?,Sunderland AFC (41)
?,(Sat) 25 Apr 1931 (16),Chelsea FC (41),2-0,?,Portsmouth FC (41)
?,(Sat) 25 Apr 1931 (16),Aston Villa FC (41),4-2,?,Manchester City FC (41)
?,(Sat) 25 Apr 1931 (16),Bolton Wanderers FC (41),4-1,?,Leicester City FC (41)
?,(Sat) 25 Apr 1931 (16),Newcastle United FC (41),1-3,?,Arsenal FC (41)
?,(Sat) 25 Apr 1931 (16),Middlesbrough FC (41),4-1,?,Sheffield United FC (41)
?,(Sat) 2 May 1931 (17),Leeds United FC (42),3-1,?,Derby County FC (42)
?,(Sat) 2 May 1931 (17),Chelsea FC (42),1-1,?,Newcastle United FC (42)
?,(Sat) 2 May 1931 (17),Birmingham City FC (42),2-1,?,Leicester City FC (42)
?,(Sat) 2 May 1931 (17),Sheffield Wednesday FC (42),3-0,?,Aston Villa FC (42)
?,(Sat) 2 May 1931 (17),Sunderland AFC (42),2-1,?,Sheffield United FC (42)
?,(Sat) 2 May 1931 (17),Grimsby Town FC (42),2-1,?,Huddersfield Town AFC (42)
?,(Sat) 2 May 1931 (17),Liverpool FC (42),2-0,?,West Ham United FC (42)
?,(Sat) 2 May 1931 (17),Manchester United FC (42),4-4,?,Middlesbrough FC (42)
?,(Sat) 2 May 1931 (17),Blackpool FC (42),2-2,?,Manchester City FC (42)
?,(Sat) 2 May 1931 (17),Arsenal FC (42),5-0,?,Bolton Wanderers FC (42)
?,(Sat) 2 May 1931 (17),Portsmouth FC (42),3-0,?,Blackburn Rovers FC (42)
