Round,Date,Team 1,FT,HT,Team 2
?,(Sat) 30 Aug 1930 (34),Rotherham United FC (1),2-1,?,York City FC (1)
?,(Sat) 30 Aug 1930 (34),Southport FC (1),1-1,?,Wrexham AFC (1)
?,(Sat) 30 Aug 1930 (34),Darlington FC (1),2-3,?,Wigan Borough FC (1920-1931) (1)
?,(Sat) 30 Aug 1930 (34),Accrington Stanley FC (1),3-1,?,Crewe Alexandra FC (1)
?,(Sat) 30 Aug 1930 (34),FC Halifax Town (1),3-1,?,Hartlepool United FC (1)
?,(Sat) 30 Aug 1930 (34),Barrow AFC (1),1-3,?,Tranmere Rovers FC (1)
?,(Sat) 30 Aug 1930 (34),Rochdale AFC (1),5-4,?,Nelson FC (1)
?,(Sat) 30 Aug 1930 (34),Gateshead FC (1),2-1,?,Doncaster Rovers FC (1)
?,(Sat) 30 Aug 1930 (34),Stockport County FC (1),3-2,?,Hull City AFC (1)
?,(Sat) 30 Aug 1930 (34),Chesterfield FC (1),2-1,?,Carlisle United FC (1)
?,(Sat) 30 Aug 1930 (34),New Brighton Tower FC (1898-1901) (1),2-1,?,Lincoln City FC (1)
?,(Mon) 1 Sep 1930 (35),FC Halifax Town (2),3-0,?,Gateshead FC (2)
?,(Mon) 1 Sep 1930 (35),Rochdale AFC (2),2-3,?,Chesterfield FC (2)
?,(Mon) 1 Sep 1930 (35),Lincoln City FC (2),2-0,?,Wigan Borough FC (1920-1931) (2)
?,(Mon) 1 Sep 1930 (35),Barrow AFC (2),0-0,?,Accrington Stanley FC (2)
?,(Mon) 1 Sep 1930 (35),Stockport County FC (2),2-0,?,New Brighton Tower FC (1898-1901) (2)
?,(Mon) 1 Sep 1930 (35),Hartlepool United FC (2),0-2,?,Southport FC (2)
?,(Mon) 1 Sep 1930 (35),Tranmere Rovers FC (2),2-0,?,Carlisle United FC (2)
?,(Mon) 1 Sep 1930 (35),Crewe Alexandra FC (2),2-3,?,Rotherham United FC (2)
?,(Mon) 1 Sep 1930 (35),Doncaster Rovers FC (2),1-2,?,Darlington FC (2)
?,(Tue) 2 Sep 1930 (35),Nelson FC (2),0-2,?,Hull City AFC (2)
?,(Wed) 3 Sep 1930 (35),Wrexham AFC (2),3-2,?,York City FC (2)
?,(Sat) 6 Sep 1930 (35),Crewe Alexandra FC (3),3-1,?,Rochdale AFC (3)
?,(Sat) 6 Sep 1930 (35),Lincoln City FC (3),6-1,?,Stockport County FC (3)
?,(Sat) 6 Sep 1930 (35),Hartlepool United FC (3),4-1,?,New Brighton Tower FC (1898-1901) (3)
?,(Sat) 6 Sep 1930 (35),Carlisle United FC (3),0-1,?,Barrow AFC (3)
?,(Sat) 6 Sep 1930 (35),Tranmere Rovers FC (3),3-1,?,Southport FC (3)
?,(Sat) 6 Sep 1930 (35),Hull City AFC (3),4-0,?,Gateshead FC (3)
?,(Sat) 6 Sep 1930 (35),Wrexham AFC (3),6-1,?,Accrington Stanley FC (3)
?,(Sat) 6 Sep 1930 (35),Nelson FC (3),3-1,?,Darlington FC (3)
?,(Sat) 6 Sep 1930 (35),Wigan Borough FC (1920-1931) (3),3-0,?,FC Halifax Town (3)
?,(Sat) 6 Sep 1930 (35),York City FC (3),2-2,?,Chesterfield FC (3)
?,(Sat) 6 Sep 1930 (35),Doncaster Rovers FC (3),3-3,?,Rotherham United FC (3)
?,(Mon) 8 Sep 1930 (36),FC Halifax Town (4),0-2,?,Doncaster Rovers FC (4)
?,(Mon) 8 Sep 1930 (36),Barrow AFC (4),0-0,?,Rochdale AFC (4)
?,(Mon) 8 Sep 1930 (36),Chesterfield FC (4),2-0,?,Crewe Alexandra FC (4)
?,(Mon) 8 Sep 1930 (36),Gateshead FC (4),4-0,?,New Brighton Tower FC (1898-1901) (4)
?,(Mon) 8 Sep 1930 (36),Rotherham United FC (4),1-4,?,Wrexham AFC (4)
?,(Wed) 10 Sep 1930 (36),Wigan Borough FC (1920-1931) (4),3-2,?,Hartlepool United FC (4)
?,(Wed) 10 Sep 1930 (36),York City FC (4),3-1,?,Tranmere Rovers FC (4)
?,(Wed) 10 Sep 1930 (36),Darlington FC (4),2-4,?,Hull City AFC (4)
?,(Wed) 10 Sep 1930 (36),Nelson FC (4),1-2,?,Lincoln City FC (4)
?,(Wed) 10 Sep 1930 (36),Accrington Stanley FC (4),2-0,?,Southport FC (4)
?,(Thu) 11 Sep 1930 (36),Carlisle United FC (4),5-1,?,Stockport County FC (4)
?,(Sat) 13 Sep 1930 (36),Doncaster Rovers FC (5),0-2,?,Hull City AFC (5)
?,(Sat) 13 Sep 1930 (36),Stockport County FC (5),3-1,?,Hartlepool United FC (5)
?,(Sat) 13 Sep 1930 (36),Gateshead FC (5),0-1,?,Lincoln City FC (5)
?,(Sat) 13 Sep 1930 (36),Accrington Stanley FC (5),5-2,?,Tranmere Rovers FC (5)
?,(Sat) 13 Sep 1930 (36),Chesterfield FC (5),2-1,?,Rotherham United FC (5)
?,(Sat) 13 Sep 1930 (36),Southport FC (5),1-2,?,Carlisle United FC (5)
?,(Sat) 13 Sep 1930 (36),New Brighton Tower FC (1898-1901) (5),0-2,?,Wigan Borough FC (1920-1931) (5)
?,(Sat) 13 Sep 1930 (36),FC Halifax Town (5),1-0,?,Nelson FC (5)
?,(Sat) 13 Sep 1930 (36),Darlington FC (5),1-2,?,Crewe Alexandra FC (5)
?,(Sat) 13 Sep 1930 (36),Rochdale AFC (5),4-3,?,Wrexham AFC (5)
?,(Sat) 13 Sep 1930 (36),Barrow AFC (5),1-2,?,York City FC (5)
?,(Mon) 15 Sep 1930 (37),Hull City AFC (6),1-1,?,Darlington FC (6)
?,(Mon) 15 Sep 1930 (37),New Brighton Tower FC (1898-1901) (6),0-0,?,Gateshead FC (6)
?,(Mon) 15 Sep 1930 (37),Lincoln City FC (6),2-0,?,Nelson FC (6)
?,(Mon) 15 Sep 1930 (37),Rochdale AFC (6),4-2,?,Barrow AFC (6)
?,(Mon) 15 Sep 1930 (37),Stockport County FC (6),3-0,?,Carlisle United FC (6)
?,(Tue) 16 Sep 1930 (37),Southport FC (6),3-3,?,Accrington Stanley FC (6)
?,(Wed) 17 Sep 1930 (37),Wrexham AFC (6),3-2,?,Rotherham United FC (6)
?,(Wed) 17 Sep 1930 (37),Crewe Alexandra FC (6),2-1,?,Chesterfield FC (6)
?,(Thu) 18 Sep 1930 (37),Doncaster Rovers FC (6),3-3,?,FC Halifax Town (6)
?,(Thu) 18 Sep 1930 (37),Tranmere Rovers FC (6),4-1,?,York City FC (6)
?,(Sat) 20 Sep 1930 (37),Hull City AFC (7),3-1,?,Chesterfield FC (7)
?,(Sat) 20 Sep 1930 (37),Rotherham United FC (7),6-0,?,Barrow AFC (7)
?,(Sat) 20 Sep 1930 (37),Tranmere Rovers FC (7),7-3,?,Rochdale AFC (7)
?,(Sat) 20 Sep 1930 (37),Carlisle United FC (7),7-3,?,Accrington Stanley FC (7)
?,(Sat) 20 Sep 1930 (37),Hartlepool United FC (6),2-3,?,Gateshead FC (7)
?,(Sat) 20 Sep 1930 (37),Darlington FC (7),4-1,?,FC Halifax Town (7)
?,(Sat) 20 Sep 1930 (37),Nelson FC (7),2-2,?,New Brighton Tower FC (1898-1901) (7)
?,(Sat) 20 Sep 1930 (37),York City FC (7),3-1,?,Southport FC (7)
?,(Sat) 20 Sep 1930 (37),Wrexham AFC (7),7-0,?,Crewe Alexandra FC (7)
?,(Sat) 20 Sep 1930 (37),Lincoln City FC (7),1-0,?,Doncaster Rovers FC (7)
?,(Sat) 20 Sep 1930 (37),Wigan Borough FC (1920-1931) (6),2-1,?,Stockport County FC (7)
?,(Sat) 27 Sep 1930 (38),Barrow AFC (8),0-3,?,Chesterfield FC (8)
?,(Sat) 27 Sep 1930 (38),Gateshead FC (8),4-2,?,Wigan Borough FC (1920-1931) (7)
?,(Sat) 27 Sep 1930 (38),Doncaster Rovers FC (8),1-1,?,Hartlepool United FC (7)
?,(Sat) 27 Sep 1930 (38),Crewe Alexandra FC (8),1-2,?,Tranmere Rovers FC (8)
?,(Sat) 27 Sep 1930 (38),Accrington Stanley FC (8),4-2,?,York City FC (8)
?,(Sat) 27 Sep 1930 (38),Southport FC (8),4-1,?,Rotherham United FC (8)
?,(Sat) 27 Sep 1930 (38),Rochdale AFC (8),1-3,?,Carlisle United FC (8)
?,(Sat) 27 Sep 1930 (38),Stockport County FC (8),1-0,?,Nelson FC (8)
?,(Sat) 27 Sep 1930 (38),Hull City AFC (8),1-3,?,Lincoln City FC (8)
?,(Sat) 27 Sep 1930 (38),FC Halifax Town (8),0-0,?,Wrexham AFC (8)
?,(Sat) 27 Sep 1930 (38),New Brighton Tower FC (1898-1901) (8),1-5,?,Darlington FC (8)
?,(Tue) 30 Sep 1930 (39),Accrington Stanley FC (9),3-1,?,Barrow AFC (9)
?,(Sat) 4 Oct 1930 (39),Lincoln City FC (9),5-0,?,Barrow AFC (10)
?,(Sat) 4 Oct 1930 (39),York City FC (9),3-0,?,Rochdale AFC (9)
?,(Sat) 4 Oct 1930 (39),Chesterfield FC (9),2-1,?,Southport FC (9)
?,(Sat) 4 Oct 1930 (39),FC Halifax Town (9),1-0,?,New Brighton Tower FC (1898-1901) (9)
?,(Sat) 4 Oct 1930 (39),Wigan Borough FC (1920-1931) (8),3-0,?,Doncaster Rovers FC (9)
?,(Sat) 4 Oct 1930 (39),Carlisle United FC (9),4-1,?,Crewe Alexandra FC (9)
?,(Sat) 4 Oct 1930 (39),Hartlepool United FC (8),1-3,?,Hull City AFC (9)
?,(Sat) 4 Oct 1930 (39),Tranmere Rovers FC (9),2-1,?,Wrexham AFC (9)
?,(Sat) 4 Oct 1930 (39),Nelson FC (9),2-2,?,Gateshead FC (9)
?,(Sat) 4 Oct 1930 (39),Darlington FC (9),1-2,?,Stockport County FC (9)
?,(Sat) 4 Oct 1930 (39),Rotherham United FC (9),8-1,?,Accrington Stanley FC (10)
?,(Sat) 11 Oct 1930 (40),Stockport County FC (10),3-0,?,FC Halifax Town (10)
?,(Sat) 11 Oct 1930 (40),Accrington Stanley FC (11),1-3,?,Chesterfield FC (10)
?,(Sat) 11 Oct 1930 (40),Hull City AFC (10),0-0,?,Wigan Borough FC (1920-1931) (9)
?,(Sat) 11 Oct 1930 (40),Wrexham AFC (10),2-1,?,Carlisle United FC (10)
?,(Sat) 11 Oct 1930 (40),Gateshead FC (10),1-1,?,Darlington FC (10)
?,(Sat) 11 Oct 1930 (40),Crewe Alexandra FC (10),5-1,?,York City FC (10)
?,(Sat) 11 Oct 1930 (40),Doncaster Rovers FC (10),2-0,?,Nelson FC (10)
?,(Sat) 11 Oct 1930 (40),Rochdale AFC (10),6-1,?,Rotherham United FC (10)
?,(Sat) 11 Oct 1930 (40),Southport FC (10),3-2,?,Barrow AFC (11)
?,(Sat) 11 Oct 1930 (40),Lincoln City FC (10),1-0,?,Hartlepool United FC (9)
?,(Sat) 11 Oct 1930 (40),New Brighton Tower FC (1898-1901) (10),1-3,?,Tranmere Rovers FC (10)
?,(Sat) 18 Oct 1930 (41),Wrexham AFC (11),2-0,?,Darlington FC (11)
?,(Sat) 18 Oct 1930 (41),Accrington Stanley FC (12),0-2,?,Hartlepool United FC (10)
?,(Sat) 18 Oct 1930 (41),York City FC (11),1-2,?,Stockport County FC (11)
?,(Sat) 18 Oct 1930 (41),Tranmere Rovers FC (11),2-2,?,FC Halifax Town (11)
?,(Sat) 18 Oct 1930 (41),Rochdale AFC (11),0-4,?,Wigan Borough FC (1920-1931) (10)
?,(Sat) 18 Oct 1930 (41),Carlisle United FC (11),2-0,?,New Brighton Tower FC (1898-1901) (11)
?,(Sat) 18 Oct 1930 (41),Chesterfield FC (11),2-1,?,Doncaster Rovers FC (11)
?,(Sat) 18 Oct 1930 (41),Rotherham United FC (11),1-1,?,Gateshead FC (11)
?,(Sat) 18 Oct 1930 (41),Crewe Alexandra FC (11),4-2,?,Nelson FC (11)
?,(Sat) 18 Oct 1930 (41),Barrow AFC (12),3-0,?,Hull City AFC (11)
?,(Sat) 18 Oct 1930 (41),Southport FC (11),1-2,?,Lincoln City FC (11)
?,(Sat) 25 Oct 1930 (42),Wigan Borough FC (1920-1931) (11),1-0,?,Southport FC (12)
?,(Sat) 25 Oct 1930 (42),New Brighton Tower FC (1898-1901) (12),1-1,?,Wrexham AFC (12)
?,(Sat) 25 Oct 1930 (42),Darlington FC (12),1-1,?,Rochdale AFC (12)
?,(Sat) 25 Oct 1930 (42),Gateshead FC (12),1-0,?,Carlisle United FC (12)
?,(Sat) 25 Oct 1930 (42),Hartlepool United FC (11),3-2,?,Barrow AFC (13)
?,(Sat) 25 Oct 1930 (42),Hull City AFC (12),2-2,?,Rotherham United FC (12)
?,(Sat) 25 Oct 1930 (42),Nelson FC (12),4-2,?,Accrington Stanley FC (13)
?,(Sat) 25 Oct 1930 (42),FC Halifax Town (12),4-0,?,Crewe Alexandra FC (12)
?,(Sat) 25 Oct 1930 (42),Lincoln City FC (12),1-1,?,Chesterfield FC (12)
?,(Sat) 25 Oct 1930 (42),Stockport County FC (12),1-1,?,Tranmere Rovers FC (12)
?,(Sat) 25 Oct 1930 (42),Doncaster Rovers FC (12),0-2,?,York City FC (12)
?,(Sat) 1 Nov 1930 (43),Chesterfield FC (13),1-1,?,Stockport County FC (13)
?,(Sat) 1 Nov 1930 (43),Barrow AFC (14),0-0,?,Gateshead FC (13)
?,(Sat) 1 Nov 1930 (43),York City FC (13),4-1,?,FC Halifax Town (13)
?,(Sat) 1 Nov 1930 (43),Wrexham AFC (13),2-0,?,Wigan Borough FC (1920-1931) (12)
?,(Sat) 1 Nov 1930 (43),Carlisle United FC (13),2-1,?,Darlington FC (13)
?,(Sat) 1 Nov 1930 (43),Southport FC (13),2-1,?,Doncaster Rovers FC (13)
?,(Sat) 1 Nov 1930 (43),Rotherham United FC (13),2-0,?,New Brighton Tower FC (1898-1901) (13)
?,(Sat) 1 Nov 1930 (43),Accrington Stanley FC (14),1-3,?,Hull City AFC (13)
?,(Sat) 1 Nov 1930 (43),Rochdale AFC (13),4-2,?,Lincoln City FC (13)
?,(Sat) 1 Nov 1930 (43),Crewe Alexandra FC (13),2-1,?,Hartlepool United FC (12)
?,(Sat) 1 Nov 1930 (43),Tranmere Rovers FC (13),7-1,?,Nelson FC (13)
?,(Sat) 8 Nov 1930 (44),Doncaster Rovers FC (14),6-1,?,Accrington Stanley FC (15)
?,(Sat) 8 Nov 1930 (44),Gateshead FC (14),2-3,?,Southport FC (14)
?,(Sat) 8 Nov 1930 (44),New Brighton Tower FC (1898-1901) (14),3-1,?,Chesterfield FC (14)
?,(Sat) 8 Nov 1930 (44),Lincoln City FC (14),3-1,?,Crewe Alexandra FC (14)
?,(Sat) 8 Nov 1930 (44),FC Halifax Town (14),0-1,?,Rotherham United FC (14)
?,(Sat) 8 Nov 1930 (44),Wigan Borough FC (1920-1931) (13),4-3,?,Tranmere Rovers FC (14)
?,(Sat) 8 Nov 1930 (44),Stockport County FC (14),6-0,?,Barrow AFC (15)
?,(Sat) 8 Nov 1930 (44),Hull City AFC (14),3-1,?,Rochdale AFC (14)
?,(Sat) 8 Nov 1930 (44),Nelson FC (14),1-2,?,Carlisle United FC (14)
?,(Sat) 8 Nov 1930 (44),Hartlepool United FC (13),2-1,?,Wrexham AFC (14)
?,(Sat) 8 Nov 1930 (44),Darlington FC (14),3-0,?,York City FC (14)
?,(Sat) 15 Nov 1930 (45),Rotherham United FC (15),0-2,?,Darlington FC (15)
?,(Sat) 15 Nov 1930 (45),Accrington Stanley FC (16),2-1,?,Gateshead FC (15)
?,(Sat) 15 Nov 1930 (45),Wrexham AFC (15),2-2,?,Lincoln City FC (15)
?,(Sat) 15 Nov 1930 (45),Crewe Alexandra FC (15),3-4,?,Hull City AFC (15)
?,(Sat) 15 Nov 1930 (45),Tranmere Rovers FC (15),5-4,?,Hartlepool United FC (14)
?,(Sat) 15 Nov 1930 (45),Southport FC (15),2-0,?,Stockport County FC (15)
?,(Sat) 15 Nov 1930 (45),Chesterfield FC (15),7-0,?,FC Halifax Town (15)
?,(Sat) 15 Nov 1930 (45),York City FC (15),3-0,?,Nelson FC (15)
?,(Sat) 15 Nov 1930 (45),Carlisle United FC (15),6-1,?,Wigan Borough FC (1920-1931) (14)
?,(Sat) 15 Nov 1930 (45),Rochdale AFC (15),3-5,?,Doncaster Rovers FC (15)
?,(Sat) 15 Nov 1930 (45),Barrow AFC (16),4-1,?,New Brighton Tower FC (1898-1901) (15)
?,(Sat) 22 Nov 1930 (46),Doncaster Rovers FC (16),2-0,?,Crewe Alexandra FC (16)
?,(Sat) 22 Nov 1930 (46),Hull City AFC (16),2-3,?,Wrexham AFC (16)
?,(Sat) 22 Nov 1930 (46),Lincoln City FC (16),1-3,?,Tranmere Rovers FC (16)
?,(Sat) 22 Nov 1930 (46),Hartlepool United FC (15),3-5,?,Carlisle United FC (16)
?,(Sat) 22 Nov 1930 (46),FC Halifax Town (16),4-0,?,Barrow AFC (17)
?,(Sat) 22 Nov 1930 (46),New Brighton Tower FC (1898-1901) (16),1-2,?,Southport FC (16)
?,(Sat) 22 Nov 1930 (46),Darlington FC (16),5-1,?,Chesterfield FC (16)
?,(Sat) 22 Nov 1930 (46),Nelson FC (16),0-0,?,Rotherham United FC (16)
?,(Sat) 22 Nov 1930 (46),Stockport County FC (16),4-1,?,Accrington Stanley FC (17)
?,(Sat) 22 Nov 1930 (46),Gateshead FC (16),0-2,?,Rochdale AFC (16)
?,(Sat) 22 Nov 1930 (46),Wigan Borough FC (1920-1931) (15),3-1,?,York City FC (16)
?,(Sat) 6 Dec 1930 (48),Hull City AFC (17),1-1,?,Carlisle United FC (17)
?,(Sat) 6 Dec 1930 (48),New Brighton Tower FC (1898-1901) (17),2-1,?,Rochdale AFC (17)
?,(Sat) 6 Dec 1930 (48),Stockport County FC (17),2-0,?,Crewe Alexandra FC (17)
?,(Sat) 6 Dec 1930 (48),Lincoln City FC (17),4-1,?,York City FC (17)
?,(Sat) 6 Dec 1930 (48),Nelson FC (17),0-3,?,Barrow AFC (18)
?,(Sat) 6 Dec 1930 (48),Doncaster Rovers FC (17),6-0,?,Tranmere Rovers FC (17)
?,(Sat) 6 Dec 1930 (48),FC Halifax Town (17),1-1,?,Accrington Stanley FC (18)
?,(Sat) 6 Dec 1930 (48),Darlington FC (17),2-3,?,Southport FC (17)
?,(Sat) 6 Dec 1930 (48),Wigan Borough FC (1920-1931) (16),1-5,?,Chesterfield FC (17)
?,(Sat) 6 Dec 1930 (48),Gateshead FC (17),4-3,?,Wrexham AFC (17)
?,(Sat) 6 Dec 1930 (48),Hartlepool United FC (16),4-2,?,Rotherham United FC (17)
?,(Sat) 13 Dec 1930 (49),Tranmere Rovers FC (18),4-0,?,Hull City AFC (18)
?,(Sat) 13 Dec 1930 (49),Chesterfield FC (18),3-0,?,Hartlepool United FC (17)
?,(Sat) 13 Dec 1930 (49),Barrow AFC (19),4-1,?,Wigan Borough FC (1920-1931) (17)
?,(Mon) 15 Dec 1930 (50),Accrington Stanley FC (19),2-1,?,Darlington FC (18)
?,(Mon) 15 Dec 1930 (50),Rotherham United FC (18),2-2,?,Lincoln City FC (18)
?,(Wed) 17 Dec 1930 (50),Wrexham AFC (18),3-2,?,Stockport County FC (18)
?,(Wed) 17 Dec 1930 (50),Crewe Alexandra FC (18),1-3,?,New Brighton Tower FC (1898-1901) (18)
?,(Sat) 20 Dec 1930 (50),Hull City AFC (19),5-1,?,Southport FC (18)
?,(Sat) 20 Dec 1930 (50),New Brighton Tower FC (1898-1901) (19),5-3,?,York City FC (18)
?,(Sat) 20 Dec 1930 (50),FC Halifax Town (18),1-5,?,Carlisle United FC (18)
?,(Sat) 20 Dec 1930 (50),Doncaster Rovers FC (18),0-0,?,Barrow AFC (20)
?,(Sat) 20 Dec 1930 (50),Nelson FC (18),2-0,?,Wrexham AFC (19)
?,(Sat) 20 Dec 1930 (50),Wigan Borough FC (1920-1931) (18),6-0,?,Crewe Alexandra FC (19)
?,(Sat) 20 Dec 1930 (50),Gateshead FC (18),3-3,?,Chesterfield FC (19)
?,(Sat) 20 Dec 1930 (50),Stockport County FC (19),5-2,?,Rotherham United FC (19)
?,(Sat) 20 Dec 1930 (50),Hartlepool United FC (18),4-0,?,Rochdale AFC (18)
?,(Sat) 20 Dec 1930 (50),Darlington FC (19),2-0,?,Tranmere Rovers FC (19)
?,(Sat) 20 Dec 1930 (50),Lincoln City FC (19),5-2,?,Accrington Stanley FC (20)
?,(Thu) 25 Dec 1930 (51),Accrington Stanley FC (21),3-0,?,Wigan Borough FC (1920-1931) (19)
?,(Thu) 25 Dec 1930 (51),Rotherham United FC (20),4-6,?,Tranmere Rovers FC (20)
?,(Thu) 25 Dec 1930 (51),FC Halifax Town (19),1-1,?,Hull City AFC (20)
?,(Thu) 25 Dec 1930 (51),Hartlepool United FC (19),4-0,?,Nelson FC (19)
?,(Thu) 25 Dec 1930 (51),Stockport County FC (20),3-1,?,Gateshead FC (19)
?,(Thu) 25 Dec 1930 (51),Southport FC (19),4-0,?,Rochdale AFC (19)
?,(Thu) 25 Dec 1930 (51),Chesterfield FC (20),4-0,?,Wrexham AFC (20)
?,(Thu) 25 Dec 1930 (51),York City FC (19),4-0,?,Carlisle United FC (19)
?,(Thu) 25 Dec 1930 (51),Crewe Alexandra FC (20),6-2,?,Barrow AFC (21)
?,(Thu) 25 Dec 1930 (51),Doncaster Rovers FC (19),0-0,?,New Brighton Tower FC (1898-1901) (20)
?,(Fri) 26 Dec 1930 (51),Nelson FC (20),1-1,?,Hartlepool United FC (20)
?,(Fri) 26 Dec 1930 (51),Lincoln City FC (20),1-0,?,Darlington FC (20)
?,(Fri) 26 Dec 1930 (51),Wrexham AFC (21),2-1,?,Chesterfield FC (21)
?,(Fri) 26 Dec 1930 (51),Hull City AFC (21),10-0,?,FC Halifax Town (20)
?,(Fri) 26 Dec 1930 (51),Tranmere Rovers FC (21),4-2,?,Rotherham United FC (21)
?,(Fri) 26 Dec 1930 (51),Wigan Borough FC (1920-1931) (20),3-2,?,Accrington Stanley FC (22)
?,(Fri) 26 Dec 1930 (51),Carlisle United FC (20),2-0,?,York City FC (20)
?,(Fri) 26 Dec 1930 (51),New Brighton Tower FC (1898-1901) (21),2-1,?,Doncaster Rovers FC (20)
?,(Fri) 26 Dec 1930 (51),Rochdale AFC (20),0-4,?,Southport FC (20)
?,(Sat) 27 Dec 1930 (51),Nelson FC (21),0-0,?,Rochdale AFC (21)
?,(Sat) 27 Dec 1930 (51),Doncaster Rovers FC (21),1-1,?,Gateshead FC (20)
?,(Sat) 27 Dec 1930 (51),Hull City AFC (22),1-1,?,Stockport County FC (21)
?,(Sat) 27 Dec 1930 (51),Lincoln City FC (21),4-0,?,New Brighton Tower FC (1898-1901) (22)
?,(Sat) 27 Dec 1930 (51),Carlisle United FC (21),0-0,?,Chesterfield FC (22)
?,(Sat) 27 Dec 1930 (51),Crewe Alexandra FC (21),2-1,?,Accrington Stanley FC (23)
?,(Sat) 27 Dec 1930 (51),Hartlepool United FC (21),2-1,?,FC Halifax Town (21)
?,(Sat) 27 Dec 1930 (51),York City FC (21),1-1,?,Rotherham United FC (22)
?,(Sat) 27 Dec 1930 (51),Tranmere Rovers FC (22),5-0,?,Barrow AFC (22)
?,(Sat) 27 Dec 1930 (51),Wrexham AFC (22),2-4,?,Southport FC (21)
?,(Sat) 27 Dec 1930 (51),Wigan Borough FC (1920-1931) (21),2-0,?,Darlington FC (21)
?,(Thu) 1 Jan 1931 (0),Darlington FC (22),0-1,?,Lincoln City FC (22)
?,(Thu) 1 Jan 1931 (0),Carlisle United FC (22),1-1,?,Doncaster Rovers FC (22)
?,(Thu) 1 Jan 1931 (0),New Brighton Tower FC (1898-1901) (23),0-2,?,Stockport County FC (22)
?,(Thu) 1 Jan 1931 (0),Chesterfield FC (23),5-1,?,Tranmere Rovers FC (23)
?,(Thu) 1 Jan 1931 (0),Gateshead FC (21),2-1,?,York City FC (22)
?,(Thu) 1 Jan 1931 (0),Hartlepool United FC (22),6-1,?,Wigan Borough FC (1920-1931) (22)
?,(Thu) 1 Jan 1931 (0),Accrington Stanley FC (24),2-3,?,Rochdale AFC (22)
?,(Thu) 1 Jan 1931 (0),Southport FC (22),8-1,?,Nelson FC (22)
?,(Sat) 3 Jan 1931 (0),Rotherham United FC (23),3-0,?,Doncaster Rovers FC (23)
?,(Sat) 3 Jan 1931 (0),Darlington FC (23),2-1,?,Nelson FC (23)
?,(Sat) 3 Jan 1931 (0),Chesterfield FC (24),3-1,?,York City FC (23)
?,(Sat) 3 Jan 1931 (0),Southport FC (23),1-1,?,Tranmere Rovers FC (24)
?,(Sat) 3 Jan 1931 (0),Accrington Stanley FC (25),1-3,?,Wrexham AFC (23)
?,(Sat) 3 Jan 1931 (0),Barrow AFC (23),7-2,?,Carlisle United FC (23)
?,(Sat) 3 Jan 1931 (0),New Brighton Tower FC (1898-1901) (24),1-0,?,Hartlepool United FC (23)
?,(Sat) 3 Jan 1931 (0),Stockport County FC (23),4-2,?,Lincoln City FC (23)
?,(Sat) 3 Jan 1931 (0),Rochdale AFC (23),1-0,?,Crewe Alexandra FC (22)
?,(Sat) 3 Jan 1931 (0),FC Halifax Town (22),0-1,?,Wigan Borough FC (1920-1931) (23)
?,(Sat) 3 Jan 1931 (0),Gateshead FC (22),1-0,?,Hull City AFC (23)
?,(Sat) 10 Jan 1931 (1),Accrington Stanley FC (26),3-0,?,New Brighton Tower FC (1898-1901) (25)
?,(Sat) 10 Jan 1931 (1),Chesterfield FC (25),2-1,?,Nelson FC (24)
?,(Sat) 10 Jan 1931 (1),Rochdale AFC (24),1-0,?,Stockport County FC (24)
?,(Sat) 10 Jan 1931 (1),Rotherham United FC (24),5-2,?,Wigan Borough FC (1920-1931) (24)
?,(Sat) 10 Jan 1931 (1),Barrow AFC (24),3-2,?,Darlington FC (24)
?,(Tue) 13 Jan 1931 (2),Southport FC (24),5-2,?,FC Halifax Town (23)
?,(Wed) 14 Jan 1931 (2),Wrexham AFC (24),4-1,?,Doncaster Rovers FC (24)
?,(Thu) 15 Jan 1931 (2),Carlisle United FC (24),3-6,?,Lincoln City FC (24)
?,(Sat) 17 Jan 1931 (2),York City FC (24),4-2,?,Barrow AFC (25)
?,(Sat) 17 Jan 1931 (2),Rotherham United FC (25),0-1,?,Chesterfield FC (26)
?,(Sat) 17 Jan 1931 (2),Crewe Alexandra FC (23),2-2,?,Darlington FC (25)
?,(Sat) 17 Jan 1931 (2),Lincoln City FC (25),0-0,?,Gateshead FC (23)
?,(Sat) 17 Jan 1931 (2),Hull City AFC (24),8-2,?,Doncaster Rovers FC (25)
?,(Sat) 17 Jan 1931 (2),Carlisle United FC (25),4-3,?,Southport FC (25)
?,(Sat) 17 Jan 1931 (2),Wigan Borough FC (1920-1931) (25),1-1,?,New Brighton Tower FC (1898-1901) (26)
?,(Sat) 17 Jan 1931 (2),Tranmere Rovers FC (25),8-0,?,Accrington Stanley FC (27)
?,(Sat) 17 Jan 1931 (2),Nelson FC (25),3-2,?,FC Halifax Town (24)
?,(Sat) 17 Jan 1931 (2),Wrexham AFC (25),1-1,?,Rochdale AFC (25)
?,(Sat) 17 Jan 1931 (2),Hartlepool United FC (24),1-2,?,Stockport County FC (25)
?,(Sat) 24 Jan 1931 (3),FC Halifax Town (25),1-0,?,Darlington FC (26)
?,(Sat) 24 Jan 1931 (3),Accrington Stanley FC (28),3-0,?,Carlisle United FC (26)
?,(Sat) 24 Jan 1931 (3),Crewe Alexandra FC (24),2-1,?,Wrexham AFC (26)
?,(Sat) 24 Jan 1931 (3),Rochdale AFC (26),1-3,?,Tranmere Rovers FC (26)
?,(Sat) 24 Jan 1931 (3),Stockport County FC (26),4-1,?,Wigan Borough FC (1920-1931) (26)
?,(Sat) 24 Jan 1931 (3),Gateshead FC (24),0-0,?,Hartlepool United FC (25)
?,(Sat) 24 Jan 1931 (3),Barrow AFC (26),1-0,?,Rotherham United FC (26)
?,(Sat) 24 Jan 1931 (3),Doncaster Rovers FC (26),0-1,?,Lincoln City FC (26)
?,(Sat) 24 Jan 1931 (3),New Brighton Tower FC (1898-1901) (27),2-0,?,Nelson FC (26)
?,(Sat) 24 Jan 1931 (3),Chesterfield FC (27),0-4,?,Hull City AFC (25)
?,(Thu) 29 Jan 1931 (4),Barrow AFC (27),2-0,?,Crewe Alexandra FC (25)
?,(Sat) 31 Jan 1931 (4),Lincoln City FC (27),3-0,?,Hull City AFC (26)
?,(Sat) 31 Jan 1931 (4),Wigan Borough FC (1920-1931) (27),3-3,?,Gateshead FC (25)
?,(Sat) 31 Jan 1931 (4),Wrexham AFC (27),3-2,?,FC Halifax Town (26)
?,(Sat) 31 Jan 1931 (4),Tranmere Rovers FC (27),0-0,?,Crewe Alexandra FC (26)
?,(Sat) 31 Jan 1931 (4),Carlisle United FC (27),7-1,?,Rochdale AFC (27)
?,(Sat) 31 Jan 1931 (4),Darlington FC (27),3-1,?,New Brighton Tower FC (1898-1901) (28)
?,(Sat) 31 Jan 1931 (4),Hartlepool United FC (26),0-2,?,Doncaster Rovers FC (27)
?,(Sat) 31 Jan 1931 (4),Nelson FC (27),1-1,?,Stockport County FC (27)
?,(Sat) 31 Jan 1931 (4),Chesterfield FC (28),3-1,?,Barrow AFC (28)
?,(Sat) 31 Jan 1931 (4),Rotherham United FC (27),3-3,?,Southport FC (26)
?,(Wed) 4 Feb 1931 (5),Crewe Alexandra FC (27),6-2,?,Gateshead FC (26)
?,(Wed) 4 Feb 1931 (5),York City FC (25),4-2,?,Hartlepool United FC (27)
?,(Sat) 7 Feb 1931 (5),Gateshead FC (27),2-0,?,Nelson FC (28)
?,(Sat) 7 Feb 1931 (5),Rochdale AFC (28),2-2,?,York City FC (26)
?,(Sat) 7 Feb 1931 (5),Barrow AFC (29),3-2,?,Lincoln City FC (28)
?,(Sat) 7 Feb 1931 (5),Stockport County FC (28),0-1,?,Darlington FC (28)
?,(Sat) 7 Feb 1931 (5),Southport FC (27),3-0,?,Chesterfield FC (29)
?,(Sat) 7 Feb 1931 (5),New Brighton Tower FC (1898-1901) (29),3-0,?,FC Halifax Town (27)
?,(Sat) 7 Feb 1931 (5),Wrexham AFC (28),2-2,?,Tranmere Rovers FC (28)
?,(Sat) 7 Feb 1931 (5),Doncaster Rovers FC (28),5-1,?,Wigan Borough FC (1920-1931) (28)
?,(Sat) 7 Feb 1931 (5),Crewe Alexandra FC (28),3-5,?,Carlisle United FC (28)
?,(Sat) 7 Feb 1931 (5),Accrington Stanley FC (29),3-2,?,Rotherham United FC (28)
?,(Sat) 14 Feb 1931 (6),York City FC (27),4-3,?,Crewe Alexandra FC (29)
?,(Sat) 14 Feb 1931 (6),Chesterfield FC (30),7-3,?,Accrington Stanley FC (30)
?,(Sat) 14 Feb 1931 (6),FC Halifax Town (28),3-0,?,Stockport County FC (29)
?,(Sat) 14 Feb 1931 (6),Tranmere Rovers FC (29),3-2,?,New Brighton Tower FC (1898-1901) (30)
?,(Sat) 14 Feb 1931 (6),Carlisle United FC (29),1-1,?,Wrexham AFC (29)
?,(Sat) 14 Feb 1931 (6),Darlington FC (29),2-2,?,Gateshead FC (28)
?,(Sat) 14 Feb 1931 (6),Rotherham United FC (29),1-3,?,Rochdale AFC (29)
?,(Sat) 14 Feb 1931 (6),Hartlepool United FC (28),0-3,?,Lincoln City FC (29)
?,(Sat) 14 Feb 1931 (6),Nelson FC (29),2-0,?,Doncaster Rovers FC (29)
?,(Sat) 14 Feb 1931 (6),Wigan Borough FC (1920-1931) (29),3-1,?,Hull City AFC (27)
?,(Mon) 16 Feb 1931 (7),Rochdale AFC (30),2-3,?,FC Halifax Town (29)
?,(Tue) 17 Feb 1931 (7),Southport FC (28),1-0,?,York City FC (28)
?,(Sat) 21 Feb 1931 (7),FC Halifax Town (30),2-1,?,Tranmere Rovers FC (30)
?,(Sat) 21 Feb 1931 (7),New Brighton Tower FC (1898-1901) (31),2-0,?,Carlisle United FC (30)
?,(Sat) 21 Feb 1931 (7),Gateshead FC (29),2-0,?,Rotherham United FC (30)
?,(Sat) 21 Feb 1931 (7),Stockport County FC (30),0-0,?,York City FC (29)
?,(Sat) 21 Feb 1931 (7),Lincoln City FC (30),3-3,?,Southport FC (29)
?,(Sat) 21 Feb 1931 (7),Wigan Borough FC (1920-1931) (30),3-0,?,Rochdale AFC (31)
?,(Sat) 21 Feb 1931 (7),Hull City AFC (28),1-1,?,Barrow AFC (30)
?,(Sat) 21 Feb 1931 (7),Nelson FC (30),1-1,?,Crewe Alexandra FC (30)
?,(Sat) 21 Feb 1931 (7),Doncaster Rovers FC (30),1-0,?,Chesterfield FC (31)
?,(Sat) 21 Feb 1931 (7),Darlington FC (30),1-1,?,Wrexham AFC (30)
?,(Sat) 21 Feb 1931 (7),Hartlepool United FC (29),3-3,?,Accrington Stanley FC (31)
?,(Sat) 28 Feb 1931 (8),Wrexham AFC (31),2-1,?,New Brighton Tower FC (1898-1901) (32)
?,(Sat) 28 Feb 1931 (8),Barrow AFC (31),4-0,?,Hartlepool United FC (30)
?,(Sat) 28 Feb 1931 (8),Tranmere Rovers FC (31),3-0,?,Stockport County FC (31)
?,(Sat) 28 Feb 1931 (8),Accrington Stanley FC (32),3-1,?,Nelson FC (31)
?,(Sat) 28 Feb 1931 (8),York City FC (30),4-2,?,Doncaster Rovers FC (31)
?,(Sat) 28 Feb 1931 (8),Carlisle United FC (31),2-2,?,Gateshead FC (30)
?,(Thu) 5 Mar 1931 (9),Barrow AFC (32),1-1,?,Southport FC (30)
?,(Sat) 7 Mar 1931 (9),Wigan Borough FC (1920-1931) (31),1-1,?,Wrexham AFC (32)
?,(Sat) 7 Mar 1931 (9),New Brighton Tower FC (1898-1901) (33),3-1,?,Rotherham United FC (31)
?,(Sat) 7 Mar 1931 (9),Hartlepool United FC (31),2-0,?,Crewe Alexandra FC (31)
?,(Sat) 7 Mar 1931 (9),Doncaster Rovers FC (32),0-0,?,Southport FC (31)
?,(Sat) 7 Mar 1931 (9),FC Halifax Town (31),0-0,?,York City FC (31)
?,(Sat) 7 Mar 1931 (9),Darlington FC (31),3-0,?,Carlisle United FC (32)
?,(Sat) 7 Mar 1931 (9),Lincoln City FC (31),5-0,?,Rochdale AFC (32)
?,(Sat) 7 Mar 1931 (9),Hull City AFC (29),1-1,?,Accrington Stanley FC (33)
?,(Sat) 7 Mar 1931 (9),Stockport County FC (32),2-1,?,Chesterfield FC (32)
?,(Sat) 7 Mar 1931 (9),Gateshead FC (31),4-1,?,Barrow AFC (33)
?,(Sat) 7 Mar 1931 (9),Nelson FC (32),0-4,?,Tranmere Rovers FC (32)
?,(Sat) 14 Mar 1931 (10),York City FC (32),2-1,?,Darlington FC (32)
?,(Sat) 14 Mar 1931 (10),Tranmere Rovers FC (33),5-1,?,Wigan Borough FC (1920-1931) (32)
?,(Sat) 14 Mar 1931 (10),Wrexham AFC (33),2-0,?,Hartlepool United FC (32)
?,(Sat) 14 Mar 1931 (10),Southport FC (32),1-0,?,Gateshead FC (32)
?,(Sat) 14 Mar 1931 (10),Crewe Alexandra FC (32),2-0,?,Lincoln City FC (32)
?,(Sat) 14 Mar 1931 (10),Rotherham United FC (32),2-1,?,FC Halifax Town (32)
?,(Sat) 14 Mar 1931 (10),Chesterfield FC (33),1-0,?,New Brighton Tower FC (1898-1901) (34)
?,(Sat) 14 Mar 1931 (10),Carlisle United FC (33),8-1,?,Nelson FC (33)
?,(Sat) 14 Mar 1931 (10),Barrow AFC (34),1-0,?,Stockport County FC (33)
?,(Sat) 14 Mar 1931 (10),Accrington Stanley FC (34),2-0,?,Doncaster Rovers FC (33)
?,(Sat) 14 Mar 1931 (10),Rochdale AFC (33),1-0,?,Hull City AFC (30)
?,(Wed) 18 Mar 1931 (11),York City FC (33),3-2,?,Hull City AFC (31)
?,(Sat) 21 Mar 1931 (11),New Brighton Tower FC (1898-1901) (35),3-1,?,Barrow AFC (35)
?,(Sat) 21 Mar 1931 (11),Lincoln City FC (33),3-2,?,Wrexham AFC (34)
?,(Sat) 21 Mar 1931 (11),Wigan Borough FC (1920-1931) (33),1-2,?,Carlisle United FC (34)
?,(Sat) 21 Mar 1931 (11),Hartlepool United FC (33),1-2,?,Tranmere Rovers FC (34)
?,(Sat) 21 Mar 1931 (11),Darlington FC (33),2-2,?,Rotherham United FC (33)
?,(Sat) 21 Mar 1931 (11),Doncaster Rovers FC (34),4-0,?,Rochdale AFC (34)
?,(Sat) 21 Mar 1931 (11),FC Halifax Town (33),1-1,?,Chesterfield FC (34)
?,(Sat) 21 Mar 1931 (11),Stockport County FC (34),2-0,?,Southport FC (33)
?,(Sat) 21 Mar 1931 (11),Gateshead FC (33),4-0,?,Accrington Stanley FC (35)
?,(Sat) 21 Mar 1931 (11),Nelson FC (34),2-5,?,York City FC (34)
?,(Sat) 21 Mar 1931 (11),Hull City AFC (32),5-1,?,Crewe Alexandra FC (33)
?,(Wed) 25 Mar 1931 (12),Crewe Alexandra FC (34),0-1,?,FC Halifax Town (34)
?,(Sat) 28 Mar 1931 (12),Carlisle United FC (35),3-0,?,Hartlepool United FC (34)
?,(Sat) 28 Mar 1931 (12),Accrington Stanley FC (36),2-2,?,Stockport County FC (35)
?,(Sat) 28 Mar 1931 (12),Chesterfield FC (35),2-1,?,Darlington FC (34)
?,(Sat) 28 Mar 1931 (12),Rochdale AFC (35),0-1,?,Gateshead FC (34)
?,(Sat) 28 Mar 1931 (12),Wrexham AFC (35),2-0,?,Hull City AFC (33)
?,(Sat) 28 Mar 1931 (12),Southport FC (34),3-0,?,New Brighton Tower FC (1898-1901) (36)
?,(Sat) 28 Mar 1931 (12),Crewe Alexandra FC (35),2-1,?,Doncaster Rovers FC (35)
?,(Sat) 28 Mar 1931 (12),Rotherham United FC (34),3-0,?,Nelson FC (35)
?,(Sat) 28 Mar 1931 (12),Tranmere Rovers FC (35),3-3,?,Lincoln City FC (34)
?,(Sat) 28 Mar 1931 (12),York City FC (35),2-3,?,Wigan Borough FC (1920-1931) (34)
?,(Sat) 28 Mar 1931 (12),Barrow AFC (36),3-1,?,FC Halifax Town (35)
?,(Fri) 3 Apr 1931 (13),New Brighton Tower FC (1898-1901) (37),1-1,?,Hull City AFC (34)
?,(Fri) 3 Apr 1931 (13),Tranmere Rovers FC (36),2-0,?,Chesterfield FC (36)
?,(Fri) 3 Apr 1931 (13),Rochdale AFC (36),1-6,?,Accrington Stanley FC (37)
?,(Fri) 3 Apr 1931 (13),Hartlepool United FC (35),1-1,?,Darlington FC (35)
?,(Fri) 3 Apr 1931 (13),Carlisle United FC (36),1-2,?,Rotherham United FC (35)
?,(Fri) 3 Apr 1931 (13),Lincoln City FC (35),4-1,?,FC Halifax Town (36)
?,(Fri) 3 Apr 1931 (13),Barrow AFC (37),2-3,?,Wrexham AFC (36)
?,(Fri) 3 Apr 1931 (13),Nelson FC (36),2-1,?,Wigan Borough FC (1920-1931) (35)
?,(Fri) 3 Apr 1931 (13),York City FC (36),4-3,?,Gateshead FC (35)
?,(Fri) 3 Apr 1931 (13),Southport FC (35),3-1,?,Crewe Alexandra FC (36)
?,(Fri) 3 Apr 1931 (13),Doncaster Rovers FC (36),2-0,?,Stockport County FC (36)
?,(Sat) 4 Apr 1931 (13),Nelson FC (37),0-5,?,Chesterfield FC (37)
?,(Sat) 4 Apr 1931 (13),Hartlepool United FC (36),3-0,?,York City FC (37)
?,(Sat) 4 Apr 1931 (13),FC Halifax Town (37),0-0,?,Southport FC (36)
?,(Sat) 4 Apr 1931 (13),Gateshead FC (36),2-2,?,Crewe Alexandra FC (37)
?,(Sat) 4 Apr 1931 (13),Hull City AFC (35),1-0,?,Tranmere Rovers FC (37)
?,(Sat) 4 Apr 1931 (13),New Brighton Tower FC (1898-1901) (38),0-0,?,Accrington Stanley FC (38)
?,(Sat) 4 Apr 1931 (13),Darlington FC (36),3-2,?,Barrow AFC (38)
?,(Sat) 4 Apr 1931 (13),Lincoln City FC (36),5-1,?,Carlisle United FC (37)
?,(Sat) 4 Apr 1931 (13),Stockport County FC (37),2-2,?,Rochdale AFC (37)
?,(Sat) 4 Apr 1931 (13),Doncaster Rovers FC (37),1-1,?,Wrexham AFC (37)
?,(Sat) 4 Apr 1931 (13),Wigan Borough FC (1920-1931) (36),0-0,?,Rotherham United FC (36)
?,(Mon) 6 Apr 1931 (14),Crewe Alexandra FC (38),0-0,?,Southport FC (37)
?,(Mon) 6 Apr 1931 (14),Stockport County FC (38),2-2,?,Doncaster Rovers FC (38)
?,(Mon) 6 Apr 1931 (14),FC Halifax Town (38),3-2,?,Lincoln City FC (37)
?,(Mon) 6 Apr 1931 (14),Chesterfield FC (38),4-1,?,Rochdale AFC (38)
?,(Mon) 6 Apr 1931 (14),Rotherham United FC (37),1-0,?,Carlisle United FC (38)
?,(Mon) 6 Apr 1931 (14),Wrexham AFC (38),1-1,?,Barrow AFC (39)
?,(Mon) 6 Apr 1931 (14),Hull City AFC (36),3-0,?,New Brighton Tower FC (1898-1901) (39)
?,(Mon) 6 Apr 1931 (14),Wigan Borough FC (1920-1931) (37),3-1,?,Nelson FC (38)
?,(Mon) 6 Apr 1931 (14),Darlington FC (37),4-2,?,Hartlepool United FC (37)
?,(Mon) 6 Apr 1931 (14),Tranmere Rovers FC (38),2-1,?,Gateshead FC (37)
?,(Mon) 6 Apr 1931 (14),York City FC (38),3-1,?,Accrington Stanley FC (39)
?,(Sat) 11 Apr 1931 (14),Crewe Alexandra FC (39),1-0,?,Stockport County FC (39)
?,(Sat) 11 Apr 1931 (14),Barrow AFC (40),2-1,?,Nelson FC (39)
?,(Sat) 11 Apr 1931 (14),Chesterfield FC (39),3-1,?,Wigan Borough FC (1920-1931) (38)
?,(Sat) 11 Apr 1931 (14),Southport FC (38),0-1,?,Darlington FC (38)
?,(Sat) 11 Apr 1931 (14),Rotherham United FC (38),1-1,?,Hartlepool United FC (38)
?,(Sat) 11 Apr 1931 (14),Accrington Stanley FC (40),1-1,?,FC Halifax Town (39)
?,(Sat) 11 Apr 1931 (14),Carlisle United FC (39),1-5,?,Hull City AFC (37)
?,(Sat) 11 Apr 1931 (14),York City FC (39),1-1,?,Lincoln City FC (38)
?,(Sat) 11 Apr 1931 (14),Tranmere Rovers FC (39),1-2,?,Doncaster Rovers FC (39)
?,(Sat) 11 Apr 1931 (14),Wrexham AFC (39),5-1,?,Gateshead FC (38)
?,(Sat) 11 Apr 1931 (14),Rochdale AFC (39),2-0,?,New Brighton Tower FC (1898-1901) (40)
?,(Wed) 15 Apr 1931 (15),Gateshead FC (39),2-1,?,Stockport County FC (40)
?,(Sat) 18 Apr 1931 (15),Darlington FC (39),1-1,?,Accrington Stanley FC (41)
?,(Sat) 18 Apr 1931 (15),Nelson FC (40),1-4,?,Southport FC (39)
?,(Sat) 18 Apr 1931 (15),Stockport County FC (41),2-2,?,Wrexham AFC (40)
?,(Sat) 18 Apr 1931 (15),Hartlepool United FC (39),1-3,?,Chesterfield FC (40)
?,(Sat) 18 Apr 1931 (15),Gateshead FC (40),3-0,?,Tranmere Rovers FC (40)
?,(Sat) 18 Apr 1931 (15),Hull City AFC (38),3-1,?,York City FC (40)
?,(Sat) 18 Apr 1931 (15),Lincoln City FC (39),1-3,?,Rotherham United FC (39)
?,(Sat) 18 Apr 1931 (15),FC Halifax Town (40),1-0,?,Rochdale AFC (40)
?,(Sat) 18 Apr 1931 (15),Wigan Borough FC (1920-1931) (39),2-1,?,Barrow AFC (41)
?,(Sat) 18 Apr 1931 (15),Doncaster Rovers FC (40),2-0,?,Carlisle United FC (40)
?,(Sat) 18 Apr 1931 (15),New Brighton Tower FC (1898-1901) (41),3-0,?,Crewe Alexandra FC (40)
?,(Mon) 20 Apr 1931 (16),Hull City AFC (39),5-0,?,Hartlepool United FC (40)
?,(Tue) 21 Apr 1931 (16),Southport FC (40),3-1,?,Wigan Borough FC (1920-1931) (40)
?,(Tue) 21 Apr 1931 (16),Rochdale AFC (41),1-2,?,Darlington FC (40)
?,(Wed) 22 Apr 1931 (16),Chesterfield FC (41),3-2,?,Lincoln City FC (40)
?,(Sat) 25 Apr 1931 (16),Southport FC (41),1-0,?,Hull City AFC (40)
?,(Sat) 25 Apr 1931 (16),Wrexham AFC (41),5-1,?,Nelson FC (41)
?,(Sat) 25 Apr 1931 (16),Barrow AFC (42),3-1,?,Doncaster Rovers FC (41)
?,(Sat) 25 Apr 1931 (16),Rotherham United FC (40),3-4,?,Stockport County FC (42)
?,(Sat) 25 Apr 1931 (16),Carlisle United FC (41),6-2,?,FC Halifax Town (41)
?,(Sat) 25 Apr 1931 (16),York City FC (41),4-1,?,New Brighton Tower FC (1898-1901) (42)
?,(Sat) 25 Apr 1931 (16),Accrington Stanley FC (42),5-3,?,Lincoln City FC (41)
?,(Sat) 25 Apr 1931 (16),Tranmere Rovers FC (41),1-2,?,Darlington FC (41)
?,(Sat) 25 Apr 1931 (16),Chesterfield FC (42),8-1,?,Gateshead FC (41)
?,(Sat) 25 Apr 1931 (16),Crewe Alexandra FC (41),3-2,?,Wigan Borough FC (1920-1931) (41)
?,(Sat) 25 Apr 1931 (16),Rochdale AFC (42),1-2,?,Hartlepool United FC (41)
?,(Mon) 27 Apr 1931 (17),Rotherham United FC (41),1-1,?,Hull City AFC (41)
?,(Sat) 2 May 1931 (17),Gateshead FC (42),3-1,?,FC Halifax Town (42)
?,(Sat) 2 May 1931 (17),Carlisle United FC (42),3-0,?,Tranmere Rovers FC (42)
?,(Sat) 2 May 1931 (17),Rotherham United FC (42),1-1,?,Crewe Alexandra FC (42)
?,(Sat) 2 May 1931 (17),Darlington FC (42),0-0,?,Doncaster Rovers FC (42)
?,(Sat) 2 May 1931 (17),Hull City AFC (42),4-0,?,Nelson FC (42)
?,(Sat) 2 May 1931 (17),Wigan Borough FC (1920-1931) (42),0-1,?,Lincoln City FC (42)
?,(Sat) 2 May 1931 (17),Southport FC (42),2-0,?,Hartlepool United FC (42)
?,(Sat) 2 May 1931 (17),York City FC (42),0-1,?,Wrexham AFC (42)
