Round,Date,Team 1,FT,HT,Team 2
?,(Sat) 27 Aug 1988 (34),Cardiff City FC (1),1-2,?,Fulham FC (1)
?,(Sat) 27 Aug 1988 (34),Gillingham FC (1),2-3,?,Swansea City AFC (1)
?,(Sat) 27 Aug 1988 (34),Southend United FC (1),2-0,?,Bolton Wanderers FC (1)
?,(Sat) 27 Aug 1988 (34),Bristol Rovers FC (1),3-2,?,Wigan Athletic FC (1)
?,(Sat) 27 Aug 1988 (34),Preston North End FC (1),1-3,?,Port Vale FC (1)
?,(Sat) 27 Aug 1988 (34),Chesterfield FC (1),2-1,?,Aldershot Town FC (1)
?,(Sat) 27 Aug 1988 (34),Chester FC (1),1-1,?,Blackpool FC (1)
?,(Sat) 27 Aug 1988 (34),Brentford FC (1),1-0,?,Huddersfield Town AFC (1)
?,(Sat) 27 Aug 1988 (34),Mansfield Town FC (1),1-1,?,Northampton Town FC (1)
?,(Sat) 27 Aug 1988 (34),Bury FC (1),3-1,?,Wolverhampton Wanderers FC (1)
?,(Sat) 27 Aug 1988 (34),Reading FC (1),1-3,?,Sheffield United FC (1)
?,(Sat) 27 Aug 1988 (34),Notts County FC (1),0-0,?,Bristol City FC (1)
?,(Sat) 3 Sep 1988 (35),Northampton Town FC (2),1-0,?,Brentford FC (2)
?,(Sat) 3 Sep 1988 (35),Port Vale FC (2),1-2,?,Chester FC (2)
?,(Sat) 3 Sep 1988 (35),Blackpool FC (2),0-1,?,Notts County FC (2)
?,(Sat) 3 Sep 1988 (35),Wigan Athletic FC (2),0-0,?,Mansfield Town FC (2)
?,(Sat) 3 Sep 1988 (35),Huddersfield Town AFC (2),2-0,?,Preston North End FC (2)
?,(Sat) 3 Sep 1988 (35),Sheffield United FC (2),4-1,?,Bristol Rovers FC (2)
?,(Sat) 3 Sep 1988 (35),Fulham FC (2),1-0,?,Southend United FC (2)
?,(Sat) 3 Sep 1988 (35),Aldershot Town FC (2),0-2,?,Gillingham FC (2)
?,(Sat) 3 Sep 1988 (35),Bolton Wanderers FC (2),4-0,?,Cardiff City FC (2)
?,(Sat) 3 Sep 1988 (35),Swansea City AFC (2),1-1,?,Bury FC (2)
?,(Sat) 3 Sep 1988 (35),Bristol City FC (2),4-0,?,Chesterfield FC (2)
?,(Sat) 3 Sep 1988 (35),Wolverhampton Wanderers FC (2),2-1,?,Reading FC (2)
?,(Fri) 9 Sep 1988 (36),Southend United FC (3),0-2,?,Swansea City AFC (3)
?,(Sat) 10 Sep 1988 (36),Reading FC (3),1-1,?,Bolton Wanderers FC (3)
?,(Sat) 10 Sep 1988 (36),Chesterfield FC (3),0-3,?,Wolverhampton Wanderers FC (3)
?,(Sat) 10 Sep 1988 (36),Notts County FC (3),0-1,?,Northampton Town FC (3)
?,(Sat) 10 Sep 1988 (36),Preston North End FC (3),1-0,?,Blackpool FC (3)
?,(Sat) 10 Sep 1988 (36),Chester FC (3),2-0,?,Bristol City FC (3)
?,(Sat) 10 Sep 1988 (36),Gillingham FC (3),2-1,?,Sheffield United FC (3)
?,(Sat) 10 Sep 1988 (36),Bury FC (3),0-0,?,Port Vale FC (3)
?,(Sat) 10 Sep 1988 (36),Cardiff City FC (3),3-0,?,Huddersfield Town AFC (3)
?,(Sat) 10 Sep 1988 (36),Brentford FC (3),1-1,?,Wigan Athletic FC (3)
?,(Sat) 10 Sep 1988 (36),Mansfield Town FC (3),3-1,?,Fulham FC (3)
?,(Sat) 10 Sep 1988 (36),Bristol Rovers FC (3),2-2,?,Aldershot Town FC (3)
?,(Sat) 17 Sep 1988 (37),Northampton Town FC (4),3-0,?,Chesterfield FC (4)
?,(Sat) 17 Sep 1988 (37),Blackpool FC (4),1-1,?,Mansfield Town FC (4)
?,(Sat) 17 Sep 1988 (37),Port Vale FC (4),6-1,?,Cardiff City FC (4)
?,(Sat) 17 Sep 1988 (37),Fulham FC (4),1-0,?,Bury FC (4)
?,(Sat) 17 Sep 1988 (37),Wigan Athletic FC (4),3-0,?,Reading FC (4)
?,(Sat) 17 Sep 1988 (37),Aldershot Town FC (4),2-2,?,Southend United FC (4)
?,(Sat) 17 Sep 1988 (37),Wolverhampton Wanderers FC (4),0-0,?,Notts County FC (4)
?,(Sat) 17 Sep 1988 (37),Bristol City FC (4),1-1,?,Preston North End FC (4)
?,(Sat) 17 Sep 1988 (37),Bolton Wanderers FC (4),1-1,?,Bristol Rovers FC (4)
?,(Sat) 17 Sep 1988 (37),Sheffield United FC (4),6-1,?,Chester FC (4)
?,(Sat) 17 Sep 1988 (37),Swansea City AFC (4),1-1,?,Brentford FC (4)
?,(Sat) 17 Sep 1988 (37),Huddersfield Town AFC (4),1-1,?,Gillingham FC (4)
?,(Mon) 19 Sep 1988 (38),Port Vale FC (5),5-0,?,Chesterfield FC (5)
?,(Tue) 20 Sep 1988 (38),Wolverhampton Wanderers FC (5),1-0,?,Aldershot Town FC (5)
?,(Tue) 20 Sep 1988 (38),Mansfield Town FC (5),2-1,?,Gillingham FC (5)
?,(Tue) 20 Sep 1988 (38),Sheffield United FC (5),4-0,?,Northampton Town FC (5)
?,(Tue) 20 Sep 1988 (38),Preston North End FC (5),3-3,?,Chester FC (5)
?,(Tue) 20 Sep 1988 (38),Bolton Wanderers FC (5),3-2,?,Fulham FC (5)
?,(Tue) 20 Sep 1988 (38),Blackpool FC (5),2-2,?,Bristol City FC (5)
?,(Tue) 20 Sep 1988 (38),Huddersfield Town AFC (5),3-1,?,Notts County FC (5)
?,(Wed) 21 Sep 1988 (38),Bristol Rovers FC (5),1-2,?,Brentford FC (5)
?,(Wed) 21 Sep 1988 (38),Reading FC (5),4-0,?,Southend United FC (5)
?,(Fri) 23 Sep 1988 (38),Southend United FC (6),0-0,?,Cardiff City FC (5)
?,(Sat) 24 Sep 1988 (38),Chesterfield FC (6),0-2,?,Blackpool FC (6)
?,(Sat) 24 Sep 1988 (38),Gillingham FC (6),0-1,?,Reading FC (6)
?,(Sat) 24 Sep 1988 (38),Brentford FC (6),1-4,?,Sheffield United FC (6)
?,(Sat) 24 Sep 1988 (38),Notts County FC (6),0-0,?,Preston North End FC (6)
?,(Sat) 24 Sep 1988 (38),Bury FC (5),0-1,?,Mansfield Town FC (6)
?,(Sat) 24 Sep 1988 (38),Aldershot Town FC (6),0-3,?,Bolton Wanderers FC (6)
?,(Sat) 24 Sep 1988 (38),Bristol City FC (6),0-1,?,Port Vale FC (6)
?,(Sat) 24 Sep 1988 (38),Swansea City AFC (5),2-5,?,Wolverhampton Wanderers FC (6)
?,(Sat) 24 Sep 1988 (38),Fulham FC (6),1-1,?,Wigan Athletic FC (5)
?,(Sat) 24 Sep 1988 (38),Northampton Town FC (6),1-2,?,Bristol Rovers FC (6)
?,(Sat) 24 Sep 1988 (38),Chester FC (6),3-0,?,Huddersfield Town AFC (6)
?,(Fri) 30 Sep 1988 (39),Wigan Athletic FC (6),2-1,?,Blackpool FC (7)
?,(Sat) 1 Oct 1988 (39),Bolton Wanderers FC (7),2-0,?,Sheffield United FC (7)
?,(Sat) 1 Oct 1988 (39),Northampton Town FC (7),6-0,?,Aldershot Town FC (7)
?,(Sat) 1 Oct 1988 (39),Wolverhampton Wanderers FC (7),3-3,?,Port Vale FC (7)
?,(Sat) 1 Oct 1988 (39),Huddersfield Town AFC (7),2-0,?,Fulham FC (7)
?,(Sat) 1 Oct 1988 (39),Preston North End FC (7),3-2,?,Southend United FC (7)
?,(Sat) 1 Oct 1988 (39),Mansfield Town FC (7),1-1,?,Notts County FC (7)
?,(Sat) 1 Oct 1988 (39),Cardiff City FC (6),2-2,?,Bristol Rovers FC (7)
?,(Sat) 1 Oct 1988 (39),Bristol City FC (7),2-0,?,Swansea City AFC (6)
?,(Sat) 1 Oct 1988 (39),Brentford FC (7),1-0,?,Gillingham FC (7)
?,(Sat) 1 Oct 1988 (39),Chesterfield FC (7),1-2,?,Bury FC (6)
?,(Sat) 1 Oct 1988 (39),Reading FC (7),3-1,?,Chester FC (7)
?,(Mon) 3 Oct 1988 (40),Port Vale FC (8),2-0,?,Huddersfield Town AFC (8)
?,(Tue) 4 Oct 1988 (40),Notts County FC (8),4-0,?,Chesterfield FC (8)
?,(Tue) 4 Oct 1988 (40),Gillingham FC (8),0-1,?,Bristol City FC (8)
?,(Tue) 4 Oct 1988 (40),Swansea City AFC (7),1-0,?,Bolton Wanderers FC (8)
?,(Tue) 4 Oct 1988 (40),Bury FC (7),2-1,?,Reading FC (8)
?,(Tue) 4 Oct 1988 (40),Aldershot Town FC (8),3-1,?,Wigan Athletic FC (7)
?,(Tue) 4 Oct 1988 (40),Southend United FC (8),1-1,?,Mansfield Town FC (8)
?,(Tue) 4 Oct 1988 (40),Blackpool FC (8),3-1,?,Northampton Town FC (8)
?,(Wed) 5 Oct 1988 (40),Chester FC (8),3-2,?,Brentford FC (8)
?,(Wed) 5 Oct 1988 (40),Bristol Rovers FC (8),1-0,?,Preston North End FC (8)
?,(Wed) 5 Oct 1988 (40),Fulham FC (8),2-2,?,Wolverhampton Wanderers FC (8)
?,(Sat) 8 Oct 1988 (40),Wigan Athletic FC (8),0-2,?,Port Vale FC (9)
?,(Sat) 8 Oct 1988 (40),Mansfield Town FC (9),2-1,?,Bristol Rovers FC (9)
?,(Sat) 8 Oct 1988 (40),Gillingham FC (9),0-1,?,Chesterfield FC (9)
?,(Sat) 8 Oct 1988 (40),Bolton Wanderers FC (9),2-2,?,Blackpool FC (9)
?,(Sat) 8 Oct 1988 (40),Preston North End FC (9),1-0,?,Bury FC (8)
?,(Sat) 8 Oct 1988 (40),Cardiff City FC (7),1-2,?,Reading FC (9)
?,(Sat) 8 Oct 1988 (40),Bristol City FC (9),1-5,?,Fulham FC (9)
?,(Sat) 8 Oct 1988 (40),Northampton Town FC (9),1-3,?,Huddersfield Town AFC (9)
?,(Sat) 8 Oct 1988 (40),Sheffield United FC (8),2-0,?,Wolverhampton Wanderers FC (9)
?,(Sun) 9 Oct 1988 (40),Brentford FC (9),4-0,?,Southend United FC (9)
?,(Sun) 9 Oct 1988 (40),Aldershot Town FC (9),0-1,?,Swansea City AFC (8)
?,(Sun) 9 Oct 1988 (40),Notts County FC (9),2-2,?,Chester FC (9)
?,(Sat) 15 Oct 1988 (41),Bristol Rovers FC (10),2-0,?,Notts County FC (10)
?,(Sat) 15 Oct 1988 (41),Huddersfield Town AFC (10),0-1,?,Bristol City FC (10)
?,(Sat) 15 Oct 1988 (41),Chester FC (10),0-0,?,Cardiff City FC (8)
?,(Sat) 15 Oct 1988 (41),Fulham FC (10),5-1,?,Aldershot Town FC (10)
?,(Sat) 15 Oct 1988 (41),Chesterfield FC (10),0-3,?,Preston North End FC (10)
?,(Sat) 15 Oct 1988 (41),Reading FC (10),1-0,?,Mansfield Town FC (10)
?,(Sat) 15 Oct 1988 (41),Blackpool FC (10),1-2,?,Sheffield United FC (9)
?,(Sat) 15 Oct 1988 (41),Bury FC (9),3-1,?,Brentford FC (10)
?,(Sat) 15 Oct 1988 (41),Southend United FC (10),2-1,?,Gillingham FC (10)
?,(Sat) 15 Oct 1988 (41),Port Vale FC (10),2-1,?,Bolton Wanderers FC (10)
?,(Sat) 15 Oct 1988 (41),Swansea City AFC (9),1-0,?,Northampton Town FC (10)
?,(Sat) 15 Oct 1988 (41),Wolverhampton Wanderers FC (10),2-1,?,Wigan Athletic FC (9)
?,(Sat) 22 Oct 1988 (42),Gillingham FC (11),3-4,?,Bury FC (10)
?,(Sat) 22 Oct 1988 (42),Swansea City AFC (10),2-0,?,Fulham FC (11)
?,(Sat) 22 Oct 1988 (42),Mansfield Town FC (11),2-2,?,Cardiff City FC (9)
?,(Sat) 22 Oct 1988 (42),Northampton Town FC (11),1-3,?,Bristol City FC (11)
?,(Sat) 22 Oct 1988 (42),Notts County FC (11),3-3,?,Reading FC (11)
?,(Sat) 22 Oct 1988 (42),Bristol Rovers FC (11),4-1,?,Chester FC (11)
?,(Sat) 22 Oct 1988 (42),Blackpool FC (11),3-2,?,Port Vale FC (11)
?,(Sat) 22 Oct 1988 (42),Sheffield United FC (10),2-1,?,Wigan Athletic FC (10)
?,(Sat) 22 Oct 1988 (42),Bolton Wanderers FC (11),1-2,?,Wolverhampton Wanderers FC (11)
?,(Sat) 22 Oct 1988 (42),Aldershot Town FC (11),0-1,?,Huddersfield Town AFC (11)
?,(Sat) 22 Oct 1988 (42),Brentford FC (11),0-2,?,Preston North End FC (11)
?,(Sat) 22 Oct 1988 (42),Southend United FC (11),3-1,?,Chesterfield FC (11)
?,(Mon) 24 Oct 1988 (43),Port Vale FC (12),3-3,?,Sheffield United FC (11)
?,(Tue) 25 Oct 1988 (43),Bristol City FC (12),1-1,?,Aldershot Town FC (12)
?,(Tue) 25 Oct 1988 (43),Preston North End FC (12),5-0,?,Gillingham FC (12)
?,(Tue) 25 Oct 1988 (43),Wolverhampton Wanderers FC (12),2-1,?,Blackpool FC (12)
?,(Tue) 25 Oct 1988 (43),Wigan Athletic FC (11),1-1,?,Bolton Wanderers FC (12)
?,(Tue) 25 Oct 1988 (43),Bury FC (11),3-1,?,Southend United FC (12)
?,(Tue) 25 Oct 1988 (43),Huddersfield Town AFC (12),1-1,?,Swansea City AFC (11)
?,(Tue) 25 Oct 1988 (43),Fulham FC (12),3-2,?,Northampton Town FC (12)
?,(Tue) 25 Oct 1988 (43),Chesterfield FC (12),2-2,?,Brentford FC (12)
?,(Wed) 26 Oct 1988 (43),Reading FC (12),3-1,?,Bristol Rovers FC (12)
?,(Wed) 26 Oct 1988 (43),Chester FC (12),0-0,?,Mansfield Town FC (12)
?,(Fri) 28 Oct 1988 (43),Southend United FC (13),1-2,?,Wigan Athletic FC (12)
?,(Sat) 29 Oct 1988 (43),Mansfield Town FC (13),2-2,?,Bristol City FC (13)
?,(Sat) 29 Oct 1988 (43),Gillingham FC (13),1-3,?,Wolverhampton Wanderers FC (13)
?,(Sat) 29 Oct 1988 (43),Blackpool FC (13),1-0,?,Cardiff City FC (10)
?,(Sat) 29 Oct 1988 (43),Sheffield United FC (12),2-1,?,Bury FC (12)
?,(Sat) 29 Oct 1988 (43),Bolton Wanderers FC (13),5-0,?,Chesterfield FC (13)
?,(Sat) 29 Oct 1988 (43),Swansea City AFC (12),1-1,?,Preston North End FC (13)
?,(Sat) 29 Oct 1988 (43),Bristol Rovers FC (13),5-1,?,Huddersfield Town AFC (13)
?,(Sat) 29 Oct 1988 (43),Aldershot Town FC (13),1-1,?,Chester FC (13)
?,(Sat) 29 Oct 1988 (43),Northampton Town FC (13),1-3,?,Reading FC (13)
?,(Sat) 29 Oct 1988 (43),Brentford FC (13),2-1,?,Port Vale FC (13)
?,(Sat) 29 Oct 1988 (43),Notts County FC (12),0-1,?,Fulham FC (13)
?,(Tue) 1 Nov 1988 (44),Wigan Athletic FC (13),1-2,?,Swansea City AFC (13)
?,(Tue) 1 Nov 1988 (44),Cardiff City FC (11),3-0,?,Bury FC (13)
?,(Sat) 5 Nov 1988 (44),Wolverhampton Wanderers FC (14),3-0,?,Southend United FC (14)
?,(Sat) 5 Nov 1988 (44),Bristol City FC (14),1-1,?,Bolton Wanderers FC (14)
?,(Sat) 5 Nov 1988 (44),Bury FC (14),1-1,?,Notts County FC (13)
?,(Sat) 5 Nov 1988 (44),Chester FC (14),3-1,?,Swansea City AFC (14)
?,(Sat) 5 Nov 1988 (44),Preston North End FC (14),2-0,?,Mansfield Town FC (14)
?,(Sat) 5 Nov 1988 (44),Fulham FC (14),1-1,?,Blackpool FC (14)
?,(Sat) 5 Nov 1988 (44),Huddersfield Town AFC (14),3-2,?,Sheffield United FC (13)
?,(Sat) 5 Nov 1988 (44),Wigan Athletic FC (14),1-3,?,Northampton Town FC (14)
?,(Sat) 5 Nov 1988 (44),Chesterfield FC (14),0-3,?,Bristol Rovers FC (14)
?,(Sat) 5 Nov 1988 (44),Reading FC (14),2-2,?,Brentford FC (14)
?,(Sat) 5 Nov 1988 (44),Cardiff City FC (12),1-0,?,Gillingham FC (14)
?,(Tue) 8 Nov 1988 (45),Huddersfield Town AFC (15),0-1,?,Bolton Wanderers FC (15)
?,(Tue) 8 Nov 1988 (45),Swansea City AFC (15),3-1,?,Mansfield Town FC (15)
?,(Tue) 8 Nov 1988 (45),Bristol City FC (15),0-1,?,Wolverhampton Wanderers FC (15)
?,(Tue) 8 Nov 1988 (45),Southend United FC (15),2-2,?,Bristol Rovers FC (15)
?,(Tue) 8 Nov 1988 (45),Aldershot Town FC (14),1-0,?,Sheffield United FC (14)
?,(Tue) 8 Nov 1988 (45),Gillingham FC (15),1-0,?,Blackpool FC (15)
?,(Tue) 8 Nov 1988 (45),Northampton Town FC (15),1-3,?,Port Vale FC (14)
?,(Tue) 8 Nov 1988 (45),Fulham FC (15),2-1,?,Reading FC (15)
?,(Tue) 8 Nov 1988 (45),Brentford FC (15),2-1,?,Notts County FC (14)
?,(Tue) 8 Nov 1988 (45),Bury FC (15),2-1,?,Chester FC (15)
?,(Tue) 8 Nov 1988 (45),Preston North End FC (15),2-2,?,Wigan Athletic FC (15)
?,(Sat) 12 Nov 1988 (45),Wigan Athletic FC (16),0-1,?,Bristol City FC (16)
?,(Sat) 12 Nov 1988 (45),Reading FC (16),2-2,?,Preston North End FC (16)
?,(Sat) 12 Nov 1988 (45),Blackpool FC (16),4-0,?,Aldershot Town FC (15)
?,(Sat) 12 Nov 1988 (45),Bristol Rovers FC (16),2-0,?,Gillingham FC (16)
?,(Sat) 12 Nov 1988 (45),Mansfield Town FC (16),1-0,?,Brentford FC (16)
?,(Sat) 12 Nov 1988 (45),Cardiff City FC (13),1-0,?,Northampton Town FC (16)
?,(Sat) 12 Nov 1988 (45),Port Vale FC (15),2-1,?,Swansea City AFC (16)
?,(Sat) 12 Nov 1988 (45),Notts County FC (15),1-1,?,Southend United FC (16)
?,(Sat) 12 Nov 1988 (45),Wolverhampton Wanderers FC (16),4-1,?,Huddersfield Town AFC (16)
?,(Sat) 12 Nov 1988 (45),Bolton Wanderers FC (16),2-4,?,Bury FC (16)
?,(Sat) 12 Nov 1988 (45),Chester FC (16),3-1,?,Chesterfield FC (15)
?,(Sat) 12 Nov 1988 (45),Sheffield United FC (15),1-0,?,Fulham FC (16)
?,(Fri) 25 Nov 1988 (47),Cardiff City FC (14),1-0,?,Brentford FC (17)
?,(Sat) 26 Nov 1988 (47),Mansfield Town FC (17),1-1,?,Aldershot Town FC (16)
?,(Sat) 26 Nov 1988 (47),Notts County FC (16),1-2,?,Gillingham FC (17)
?,(Sat) 26 Nov 1988 (47),Sheffield United FC (16),3-0,?,Bristol City FC (17)
?,(Sat) 26 Nov 1988 (47),Blackpool FC (17),0-0,?,Swansea City AFC (17)
?,(Sat) 26 Nov 1988 (47),Reading FC (17),0-0,?,Chesterfield FC (16)
?,(Sat) 26 Nov 1988 (47),Wigan Athletic FC (17),0-2,?,Huddersfield Town AFC (17)
?,(Sat) 26 Nov 1988 (47),Bolton Wanderers FC (17),2-1,?,Northampton Town FC (17)
?,(Sat) 26 Nov 1988 (47),Bristol Rovers FC (17),1-3,?,Bury FC (17)
?,(Sat) 26 Nov 1988 (47),Port Vale FC (16),3-0,?,Fulham FC (17)
?,(Sat) 26 Nov 1988 (47),Wolverhampton Wanderers FC (17),6-0,?,Preston North End FC (17)
?,(Sat) 26 Nov 1988 (47),Chester FC (17),2-4,?,Southend United FC (17)
?,(Fri) 2 Dec 1988 (48),Southend United FC (18),1-1,?,Port Vale FC (17)
?,(Sat) 3 Dec 1988 (48),Chesterfield FC (17),1-3,?,Mansfield Town FC (18)
?,(Sat) 3 Dec 1988 (48),Aldershot Town FC (17),2-3,?,Notts County FC (17)
?,(Sat) 3 Dec 1988 (48),Bury FC (18),1-1,?,Wigan Athletic FC (18)
?,(Sat) 3 Dec 1988 (48),Preston North End FC (18),3-3,?,Cardiff City FC (15)
?,(Sat) 3 Dec 1988 (48),Huddersfield Town AFC (18),1-1,?,Blackpool FC (18)
?,(Sat) 3 Dec 1988 (48),Gillingham FC (18),0-2,?,Chester FC (18)
?,(Sat) 3 Dec 1988 (48),Brentford FC (18),3-0,?,Bolton Wanderers FC (18)
?,(Sat) 3 Dec 1988 (48),Fulham FC (18),0-2,?,Bristol Rovers FC (18)
?,(Sat) 3 Dec 1988 (48),Swansea City AFC (18),2-2,?,Sheffield United FC (17)
?,(Sat) 3 Dec 1988 (48),Bristol City FC (18),2-1,?,Reading FC (18)
?,(Sun) 4 Dec 1988 (48),Northampton Town FC (18),3-1,?,Wolverhampton Wanderers FC (18)
?,(Sat) 10 Dec 1988 (49),Wigan Athletic FC (19),3-0,?,Southend United FC (19)
?,(Sat) 17 Dec 1988 (50),Blackpool FC (19),1-1,?,Bristol Rovers FC (19)
?,(Sat) 17 Dec 1988 (50),Fulham FC (19),2-1,?,Preston North End FC (19)
?,(Sat) 17 Dec 1988 (50),Sheffield United FC (18),1-2,?,Southend United FC (20)
?,(Sat) 17 Dec 1988 (50),Swansea City AFC (19),2-0,?,Chesterfield FC (18)
?,(Sat) 17 Dec 1988 (50),Port Vale FC (18),3-0,?,Reading FC (19)
?,(Sat) 17 Dec 1988 (50),Huddersfield Town AFC (19),3-2,?,Bury FC (19)
?,(Sat) 17 Dec 1988 (50),Bristol City FC (19),2-0,?,Cardiff City FC (16)
?,(Sat) 17 Dec 1988 (50),Bolton Wanderers FC (19),0-1,?,Chester FC (19)
?,(Sat) 17 Dec 1988 (50),Wolverhampton Wanderers FC (19),6-2,?,Mansfield Town FC (19)
?,(Sun) 18 Dec 1988 (50),Northampton Town FC (19),1-2,?,Gillingham FC (19)
?,(Sun) 18 Dec 1988 (50),Wigan Athletic FC (20),0-1,?,Notts County FC (18)
?,(Sun) 18 Dec 1988 (50),Aldershot Town FC (18),0-0,?,Brentford FC (19)
?,(Mon) 26 Dec 1988 (52),Chesterfield FC (19),1-1,?,Huddersfield Town AFC (20)
?,(Mon) 26 Dec 1988 (52),Bury FC (20),2-1,?,Bristol City FC (20)
?,(Mon) 26 Dec 1988 (52),Gillingham FC (20),0-1,?,Fulham FC (20)
?,(Mon) 26 Dec 1988 (52),Preston North End FC (20),3-1,?,Bolton Wanderers FC (20)
?,(Mon) 26 Dec 1988 (52),Mansfield Town FC (20),0-1,?,Port Vale FC (19)
?,(Mon) 26 Dec 1988 (52),Cardiff City FC (17),2-2,?,Swansea City AFC (20)
?,(Mon) 26 Dec 1988 (52),Notts County FC (19),1-4,?,Sheffield United FC (19)
?,(Mon) 26 Dec 1988 (52),Chester FC (20),1-0,?,Wigan Athletic FC (21)
?,(Mon) 26 Dec 1988 (52),Brentford FC (20),1-0,?,Blackpool FC (20)
?,(Mon) 26 Dec 1988 (52),Southend United FC (21),2-1,?,Northampton Town FC (20)
?,(Mon) 26 Dec 1988 (52),Reading FC (20),3-1,?,Aldershot Town FC (19)
?,(Mon) 26 Dec 1988 (52),Bristol Rovers FC (20),0-0,?,Wolverhampton Wanderers FC (20)
?,(Fri) 30 Dec 1988 (52),Gillingham FC (21),1-0,?,Port Vale FC (20)
?,(Fri) 30 Dec 1988 (52),Cardiff City FC (18),2-2,?,Wigan Athletic FC (22)
?,(Fri) 30 Dec 1988 (52),Reading FC (21),2-1,?,Blackpool FC (21)
?,(Sat) 31 Dec 1988 (52),Preston North End FC (21),2-0,?,Sheffield United FC (20)
?,(Sat) 31 Dec 1988 (52),Brentford FC (21),2-2,?,Wolverhampton Wanderers FC (21)
?,(Sat) 31 Dec 1988 (52),Southend United FC (22),1-2,?,Bristol City FC (21)
?,(Sat) 31 Dec 1988 (52),Mansfield Town FC (21),1-0,?,Huddersfield Town AFC (21)
?,(Sat) 31 Dec 1988 (52),Chesterfield FC (20),4-1,?,Fulham FC (21)
?,(Sat) 31 Dec 1988 (52),Bristol Rovers FC (21),1-1,?,Swansea City AFC (21)
?,(Sat) 31 Dec 1988 (52),Bury FC (21),0-1,?,Aldershot Town FC (20)
?,(Sat) 31 Dec 1988 (52),Chester FC (21),2-1,?,Northampton Town FC (21)
?,(Sat) 31 Dec 1988 (52),Notts County FC (20),2-0,?,Bolton Wanderers FC (21)
?,(Mon) 2 Jan 1989 (1),Aldershot Town FC (21),0-1,?,Cardiff City FC (19)
?,(Mon) 2 Jan 1989 (1),Huddersfield Town AFC (22),3-2,?,Southend United FC (23)
?,(Mon) 2 Jan 1989 (1),Bolton Wanderers FC (22),0-0,?,Mansfield Town FC (22)
?,(Mon) 2 Jan 1989 (1),Wigan Athletic FC (23),3-0,?,Gillingham FC (22)
?,(Mon) 2 Jan 1989 (1),Fulham FC (22),3-3,?,Brentford FC (22)
?,(Mon) 2 Jan 1989 (1),Wolverhampton Wanderers FC (22),3-1,?,Chester FC (22)
?,(Mon) 2 Jan 1989 (1),Bristol City FC (22),0-1,?,Bristol Rovers FC (22)
?,(Mon) 2 Jan 1989 (1),Swansea City AFC (22),2-0,?,Reading FC (22)
?,(Mon) 2 Jan 1989 (1),Northampton Town FC (22),1-0,?,Preston North End FC (22)
?,(Mon) 2 Jan 1989 (1),Port Vale FC (21),1-0,?,Notts County FC (21)
?,(Mon) 2 Jan 1989 (1),Sheffield United FC (21),1-3,?,Chesterfield FC (21)
?,(Mon) 2 Jan 1989 (1),Blackpool FC (22),2-2,?,Bury FC (22)
?,(Fri) 6 Jan 1989 (1),Bolton Wanderers FC (23),2-1,?,Gillingham FC (23)
?,(Sat) 7 Jan 1989 (1),Wigan Athletic FC (24),0-2,?,Chesterfield FC (22)
?,(Sat) 7 Jan 1989 (1),Northampton Town FC (23),2-0,?,Bury FC (23)
?,(Sat) 7 Jan 1989 (1),Swansea City AFC (23),2-0,?,Notts County FC (22)
?,(Sat) 7 Jan 1989 (1),Fulham FC (23),4-1,?,Chester FC (23)
?,(Sat) 7 Jan 1989 (1),Aldershot Town FC (22),2-1,?,Preston North End FC (23)
?,(Tue) 10 Jan 1989 (2),Wolverhampton Wanderers FC (23),2-0,?,Cardiff City FC (20)
?,(Fri) 13 Jan 1989 (2),Southend United FC (24),0-0,?,Fulham FC (24)
?,(Sat) 14 Jan 1989 (2),Notts County FC (23),1-1,?,Blackpool FC (23)
?,(Sat) 14 Jan 1989 (2),Preston North End FC (24),1-0,?,Huddersfield Town AFC (23)
?,(Sat) 14 Jan 1989 (2),Bristol Rovers FC (23),1-1,?,Sheffield United FC (22)
?,(Sat) 14 Jan 1989 (2),Chesterfield FC (23),1-0,?,Bristol City FC (23)
?,(Sat) 14 Jan 1989 (2),Mansfield Town FC (23),0-1,?,Wigan Athletic FC (25)
?,(Sat) 14 Jan 1989 (2),Gillingham FC (24),1-1,?,Aldershot Town FC (23)
?,(Sat) 14 Jan 1989 (2),Brentford FC (23),2-0,?,Northampton Town FC (24)
?,(Sat) 14 Jan 1989 (2),Cardiff City FC (21),1-0,?,Bolton Wanderers FC (24)
?,(Sat) 14 Jan 1989 (2),Bury FC (24),1-0,?,Swansea City AFC (24)
?,(Sat) 14 Jan 1989 (2),Chester FC (24),1-2,?,Port Vale FC (22)
?,(Sat) 14 Jan 1989 (2),Reading FC (23),0-2,?,Wolverhampton Wanderers FC (24)
?,(Sat) 21 Jan 1989 (3),Wigan Athletic FC (26),1-1,?,Brentford FC (24)
?,(Sat) 21 Jan 1989 (3),Bolton Wanderers FC (25),1-1,?,Reading FC (24)
?,(Sat) 21 Jan 1989 (3),Aldershot Town FC (24),1-3,?,Bristol Rovers FC (24)
?,(Sat) 21 Jan 1989 (3),Huddersfield Town AFC (24),1-0,?,Cardiff City FC (22)
?,(Sat) 21 Jan 1989 (3),Swansea City AFC (25),2-0,?,Southend United FC (25)
?,(Sat) 21 Jan 1989 (3),Port Vale FC (23),1-3,?,Bury FC (25)
?,(Sat) 21 Jan 1989 (3),Wolverhampton Wanderers FC (25),1-0,?,Chesterfield FC (24)
?,(Sat) 21 Jan 1989 (3),Blackpool FC (24),1-0,?,Preston North End FC (25)
?,(Sat) 21 Jan 1989 (3),Bristol City FC (24),0-1,?,Chester FC (25)
?,(Sat) 21 Jan 1989 (3),Northampton Town FC (25),1-3,?,Notts County FC (24)
?,(Sat) 21 Jan 1989 (3),Fulham FC (25),1-1,?,Mansfield Town FC (24)
?,(Sat) 21 Jan 1989 (3),Sheffield United FC (23),4-2,?,Gillingham FC (25)
?,(Sat) 28 Jan 1989 (4),Bury FC (26),3-1,?,Fulham FC (26)
?,(Sat) 28 Jan 1989 (4),Cardiff City FC (23),3-0,?,Port Vale FC (24)
?,(Sat) 28 Jan 1989 (4),Gillingham FC (26),1-2,?,Huddersfield Town AFC (25)
?,(Sat) 28 Jan 1989 (4),Preston North End FC (26),2-0,?,Bristol City FC (25)
?,(Sat) 28 Jan 1989 (4),Mansfield Town FC (25),0-1,?,Blackpool FC (25)
?,(Sat) 28 Jan 1989 (4),Southend United FC (26),1-1,?,Aldershot Town FC (25)
?,(Sat) 28 Jan 1989 (4),Chesterfield FC (25),1-1,?,Northampton Town FC (26)
?,(Sat) 28 Jan 1989 (4),Bristol Rovers FC (25),2-0,?,Bolton Wanderers FC (26)
?,(Sun) 29 Jan 1989 (4),Notts County FC (25),1-1,?,Wolverhampton Wanderers FC (26)
?,(Fri) 3 Feb 1989 (5),Swansea City AFC (26),1-1,?,Bristol City FC (26)
?,(Fri) 3 Feb 1989 (5),Southend United FC (27),2-1,?,Preston North End FC (27)
?,(Sat) 4 Feb 1989 (5),Bury FC (27),2-1,?,Chesterfield FC (26)
?,(Sat) 4 Feb 1989 (5),Notts County FC (26),2-1,?,Mansfield Town FC (26)
?,(Sat) 4 Feb 1989 (5),Port Vale FC (25),0-0,?,Wolverhampton Wanderers FC (27)
?,(Sat) 4 Feb 1989 (5),Bristol Rovers FC (26),0-1,?,Cardiff City FC (24)
?,(Sat) 4 Feb 1989 (5),Gillingham FC (27),0-0,?,Brentford FC (25)
?,(Sat) 4 Feb 1989 (5),Blackpool FC (26),2-0,?,Wigan Athletic FC (27)
?,(Sat) 4 Feb 1989 (5),Aldershot Town FC (26),5-1,?,Northampton Town FC (27)
?,(Sat) 4 Feb 1989 (5),Fulham FC (27),1-2,?,Huddersfield Town AFC (26)
?,(Sat) 4 Feb 1989 (5),Sheffield United FC (24),4-0,?,Bolton Wanderers FC (27)
?,(Sat) 4 Feb 1989 (5),Chester FC (26),3-0,?,Reading FC (25)
?,(Sat) 11 Feb 1989 (6),Huddersfield Town AFC (27),0-0,?,Port Vale FC (26)
?,(Sat) 11 Feb 1989 (6),Cardiff City FC (25),0-0,?,Sheffield United FC (25)
?,(Sat) 11 Feb 1989 (6),Brentford FC (26),0-1,?,Chester FC (27)
?,(Sat) 11 Feb 1989 (6),Reading FC (26),1-1,?,Bury FC (28)
?,(Sat) 11 Feb 1989 (6),Wolverhampton Wanderers FC (28),5-2,?,Fulham FC (28)
?,(Sat) 11 Feb 1989 (6),Mansfield Town FC (27),4-0,?,Southend United FC (28)
?,(Sat) 11 Feb 1989 (6),Bolton Wanderers FC (28),1-0,?,Swansea City AFC (27)
?,(Sat) 11 Feb 1989 (6),Wigan Athletic FC (28),2-1,?,Aldershot Town FC (27)
?,(Sat) 11 Feb 1989 (6),Bristol City FC (27),1-0,?,Gillingham FC (28)
?,(Sat) 11 Feb 1989 (6),Preston North End FC (28),1-1,?,Bristol Rovers FC (27)
?,(Sat) 11 Feb 1989 (6),Northampton Town FC (28),4-2,?,Blackpool FC (27)
?,(Sat) 11 Feb 1989 (6),Chesterfield FC (27),3-0,?,Notts County FC (27)
?,(Mon) 13 Feb 1989 (7),Port Vale FC (27),3-0,?,Aldershot Town FC (28)
?,(Fri) 17 Feb 1989 (7),Swansea City AFC (28),1-0,?,Aldershot Town FC (29)
?,(Sat) 18 Feb 1989 (7),Blackpool FC (28),2-0,?,Bolton Wanderers FC (29)
?,(Sat) 18 Feb 1989 (7),Port Vale FC (28),2-1,?,Wigan Athletic FC (29)
?,(Sat) 18 Feb 1989 (7),Huddersfield Town AFC (28),1-2,?,Northampton Town FC (29)
?,(Sat) 18 Feb 1989 (7),Fulham FC (29),3-1,?,Bristol City FC (28)
?,(Sat) 18 Feb 1989 (7),Reading FC (27),3-1,?,Cardiff City FC (26)
?,(Sat) 18 Feb 1989 (7),Bristol Rovers FC (28),0-0,?,Mansfield Town FC (28)
?,(Sat) 18 Feb 1989 (7),Bury FC (29),1-1,?,Preston North End FC (29)
?,(Sat) 18 Feb 1989 (7),Chesterfield FC (28),3-1,?,Gillingham FC (29)
?,(Sat) 18 Feb 1989 (7),Chester FC (28),1-0,?,Notts County FC (28)
?,(Tue) 21 Feb 1989 (8),Aldershot Town FC (30),0-1,?,Bristol City FC (29)
?,(Sat) 25 Feb 1989 (8),Brentford FC (27),2-2,?,Bury FC (30)
?,(Sat) 25 Feb 1989 (8),Notts County FC (29),1-0,?,Bristol Rovers FC (29)
?,(Sat) 25 Feb 1989 (8),Mansfield Town FC (29),2-1,?,Reading FC (28)
?,(Sat) 25 Feb 1989 (8),Preston North End FC (30),6-0,?,Chesterfield FC (29)
?,(Sat) 25 Feb 1989 (8),Sheffield United FC (26),4-1,?,Blackpool FC (29)
?,(Sat) 25 Feb 1989 (8),Northampton Town FC (30),1-0,?,Swansea City AFC (29)
?,(Sat) 25 Feb 1989 (8),Gillingham FC (30),1-1,?,Southend United FC (29)
?,(Tue) 28 Feb 1989 (9),Gillingham FC (31),1-3,?,Preston North End FC (31)
?,(Tue) 28 Feb 1989 (9),Notts County FC (30),2-0,?,Cardiff City FC (27)
?,(Tue) 28 Feb 1989 (9),Brentford FC (28),1-0,?,Chesterfield FC (30)
?,(Tue) 28 Feb 1989 (9),Southend United FC (30),1-1,?,Bury FC (31)
?,(Tue) 28 Feb 1989 (9),Northampton Town FC (31),2-1,?,Fulham FC (30)
?,(Tue) 28 Feb 1989 (9),Blackpool FC (30),0-2,?,Wolverhampton Wanderers FC (29)
?,(Tue) 28 Feb 1989 (9),Mansfield Town FC (30),2-0,?,Chester FC (29)
?,(Tue) 28 Feb 1989 (9),Sheffield United FC (27),0-0,?,Port Vale FC (29)
?,(Wed) 1 Mar 1989 (9),Bristol Rovers FC (30),1-1,?,Reading FC (29)
?,(Sat) 4 Mar 1989 (9),Wigan Athletic FC (30),1-2,?,Sheffield United FC (28)
?,(Sat) 4 Mar 1989 (9),Wolverhampton Wanderers FC (30),1-0,?,Bolton Wanderers FC (30)
?,(Sat) 4 Mar 1989 (9),Fulham FC (31),1-0,?,Swansea City AFC (30)
?,(Sat) 4 Mar 1989 (9),Preston North End FC (32),5-3,?,Brentford FC (29)
?,(Sat) 4 Mar 1989 (9),Cardiff City FC (28),0-0,?,Mansfield Town FC (31)
?,(Sat) 4 Mar 1989 (9),Bristol City FC (30),3-1,?,Northampton Town FC (32)
?,(Sat) 4 Mar 1989 (9),Chesterfield FC (31),2-1,?,Southend United FC (31)
?,(Sat) 4 Mar 1989 (9),Reading FC (30),1-3,?,Notts County FC (31)
?,(Sat) 4 Mar 1989 (9),Huddersfield Town AFC (29),2-1,?,Aldershot Town FC (31)
?,(Sat) 4 Mar 1989 (9),Bury FC (32),1-0,?,Gillingham FC (32)
?,(Sat) 4 Mar 1989 (9),Chester FC (30),0-2,?,Bristol Rovers FC (31)
?,(Sat) 4 Mar 1989 (9),Port Vale FC (30),1-0,?,Blackpool FC (31)
?,(Tue) 7 Mar 1989 (10),Huddersfield Town AFC (30),2-2,?,Reading FC (31)
?,(Fri) 10 Mar 1989 (10),Southend United FC (32),3-1,?,Wolverhampton Wanderers FC (31)
?,(Sat) 11 Mar 1989 (10),Brentford FC (30),3-2,?,Reading FC (32)
?,(Sat) 11 Mar 1989 (10),Sheffield United FC (29),5-1,?,Huddersfield Town AFC (31)
?,(Sat) 11 Mar 1989 (10),Bolton Wanderers FC (31),2-0,?,Bristol City FC (31)
?,(Sat) 11 Mar 1989 (10),Notts County FC (32),3-0,?,Bury FC (33)
?,(Sat) 11 Mar 1989 (10),Aldershot Town FC (32),2-2,?,Port Vale FC (31)
?,(Sat) 11 Mar 1989 (10),Bristol Rovers FC (32),2-1,?,Chesterfield FC (32)
?,(Sat) 11 Mar 1989 (10),Mansfield Town FC (32),0-3,?,Preston North End FC (33)
?,(Sat) 11 Mar 1989 (10),Gillingham FC (33),1-2,?,Cardiff City FC (29)
?,(Sat) 11 Mar 1989 (10),Blackpool FC (32),0-1,?,Fulham FC (32)
?,(Sat) 11 Mar 1989 (10),Swansea City AFC (31),1-1,?,Chester FC (31)
?,(Sat) 11 Mar 1989 (10),Northampton Town FC (33),1-1,?,Wigan Athletic FC (31)
?,(Mon) 13 Mar 1989 (11),Port Vale FC (32),3-2,?,Brentford FC (31)
?,(Tue) 14 Mar 1989 (11),Bury FC (34),1-2,?,Sheffield United FC (30)
?,(Tue) 14 Mar 1989 (11),Chesterfield FC (33),1-1,?,Bolton Wanderers FC (32)
?,(Tue) 14 Mar 1989 (11),Huddersfield Town AFC (32),2-3,?,Bristol Rovers FC (33)
?,(Tue) 14 Mar 1989 (11),Preston North End FC (34),1-1,?,Swansea City AFC (32)
?,(Tue) 14 Mar 1989 (11),Fulham FC (33),2-1,?,Notts County FC (33)
?,(Tue) 14 Mar 1989 (11),Wolverhampton Wanderers FC (32),6-1,?,Gillingham FC (34)
?,(Wed) 15 Mar 1989 (11),Reading FC (33),1-1,?,Northampton Town FC (34)
?,(Wed) 15 Mar 1989 (11),Chester FC (32),1-1,?,Aldershot Town FC (33)
?,(Sat) 18 Mar 1989 (11),Aldershot Town FC (34),2-0,?,Chesterfield FC (34)
?,(Sat) 18 Mar 1989 (11),Blackpool FC (33),1-1,?,Chester FC (33)
?,(Sat) 18 Mar 1989 (11),Bristol City FC (32),0-4,?,Notts County FC (34)
?,(Sat) 18 Mar 1989 (11),Port Vale FC (33),1-1,?,Preston North End FC (35)
?,(Sat) 18 Mar 1989 (11),Wolverhampton Wanderers FC (33),4-0,?,Bury FC (35)
?,(Sat) 18 Mar 1989 (11),Bolton Wanderers FC (33),0-0,?,Southend United FC (33)
?,(Sat) 18 Mar 1989 (11),Northampton Town FC (35),2-1,?,Mansfield Town FC (33)
?,(Sat) 18 Mar 1989 (11),Sheffield United FC (31),1-0,?,Reading FC (34)
?,(Sat) 18 Mar 1989 (11),Fulham FC (34),2-0,?,Cardiff City FC (30)
?,(Sun) 19 Mar 1989 (11),Swansea City AFC (33),3-2,?,Gillingham FC (35)
?,(Tue) 21 Mar 1989 (12),Chesterfield FC (35),4-0,?,Cardiff City FC (31)
?,(Tue) 21 Mar 1989 (12),Bristol City FC (33),2-0,?,Mansfield Town FC (34)
?,(Wed) 22 Mar 1989 (12),Swansea City AFC (34),1-0,?,Huddersfield Town AFC (33)
?,(Fri) 24 Mar 1989 (12),Gillingham FC (36),2-1,?,Wigan Athletic FC (32)
?,(Fri) 24 Mar 1989 (12),Brentford FC (32),0-1,?,Fulham FC (35)
?,(Sat) 25 Mar 1989 (12),Reading FC (35),2-0,?,Swansea City AFC (35)
?,(Sat) 25 Mar 1989 (12),Bristol Rovers FC (34),1-1,?,Bristol City FC (34)
?,(Sat) 25 Mar 1989 (12),Southend United FC (34),2-4,?,Huddersfield Town AFC (34)
?,(Sat) 25 Mar 1989 (12),Preston North End FC (36),3-2,?,Northampton Town FC (36)
?,(Sat) 25 Mar 1989 (12),Mansfield Town FC (35),1-1,?,Bolton Wanderers FC (34)
?,(Sat) 25 Mar 1989 (12),Notts County FC (35),1-4,?,Port Vale FC (34)
?,(Sat) 25 Mar 1989 (12),Chesterfield FC (36),2-1,?,Sheffield United FC (32)
?,(Sat) 25 Mar 1989 (12),Chester FC (34),1-1,?,Wolverhampton Wanderers FC (34)
?,(Sat) 25 Mar 1989 (12),Bury FC (36),0-0,?,Blackpool FC (34)
?,(Sat) 25 Mar 1989 (12),Cardiff City FC (32),3-2,?,Aldershot Town FC (35)
?,(Mon) 27 Mar 1989 (13),Fulham FC (36),1-2,?,Gillingham FC (37)
?,(Mon) 27 Mar 1989 (13),Northampton Town FC (37),2-2,?,Southend United FC (35)
?,(Mon) 27 Mar 1989 (13),Bolton Wanderers FC (35),1-0,?,Preston North End FC (37)
?,(Mon) 27 Mar 1989 (13),Wigan Athletic FC (33),3-0,?,Chester FC (35)
?,(Mon) 27 Mar 1989 (13),Blackpool FC (35),0-3,?,Brentford FC (33)
?,(Mon) 27 Mar 1989 (13),Wolverhampton Wanderers FC (35),0-1,?,Bristol Rovers FC (35)
?,(Mon) 27 Mar 1989 (13),Huddersfield Town AFC (35),1-1,?,Chesterfield FC (37)
?,(Mon) 27 Mar 1989 (13),Swansea City AFC (36),1-1,?,Cardiff City FC (33)
?,(Mon) 27 Mar 1989 (13),Bristol City FC (35),3-0,?,Bury FC (37)
?,(Mon) 27 Mar 1989 (13),Sheffield United FC (33),1-1,?,Notts County FC (36)
?,(Mon) 27 Mar 1989 (13),Port Vale FC (35),1-2,?,Mansfield Town FC (36)
?,(Mon) 27 Mar 1989 (13),Aldershot Town FC (36),1-1,?,Reading FC (36)
?,(Fri) 31 Mar 1989 (13),Southend United FC (36),2-1,?,Sheffield United FC (34)
?,(Sat) 1 Apr 1989 (13),Reading FC (37),3-0,?,Port Vale FC (36)
?,(Sat) 1 Apr 1989 (13),Mansfield Town FC (37),3-1,?,Wolverhampton Wanderers FC (36)
?,(Sat) 1 Apr 1989 (13),Cardiff City FC (34),1-1,?,Bristol City FC (36)
?,(Sat) 1 Apr 1989 (13),Brentford FC (34),2-1,?,Aldershot Town FC (37)
?,(Sat) 1 Apr 1989 (13),Gillingham FC (38),1-0,?,Northampton Town FC (38)
?,(Sat) 1 Apr 1989 (13),Bristol Rovers FC (36),1-0,?,Blackpool FC (36)
?,(Sat) 1 Apr 1989 (13),Notts County FC (37),1-0,?,Wigan Athletic FC (34)
?,(Sat) 1 Apr 1989 (13),Preston North End FC (38),1-4,?,Fulham FC (37)
?,(Sat) 1 Apr 1989 (13),Chester FC (36),0-0,?,Bolton Wanderers FC (36)
?,(Sat) 1 Apr 1989 (13),Chesterfield FC (38),2-0,?,Swansea City AFC (37)
?,(Sat) 1 Apr 1989 (13),Bury FC (38),0-6,?,Huddersfield Town AFC (36)
?,(Tue) 4 Apr 1989 (14),Chesterfield FC (39),1-1,?,Wigan Athletic FC (35)
?,(Tue) 4 Apr 1989 (14),Notts County FC (38),1-0,?,Swansea City AFC (38)
?,(Tue) 4 Apr 1989 (14),Preston North End FC (39),2-2,?,Aldershot Town FC (38)
?,(Tue) 4 Apr 1989 (14),Bury FC (39),0-1,?,Northampton Town FC (39)
?,(Tue) 4 Apr 1989 (14),Mansfield Town FC (38),0-1,?,Sheffield United FC (35)
?,(Tue) 4 Apr 1989 (14),Cardiff City FC (35),1-1,?,Wolverhampton Wanderers FC (37)
?,(Tue) 4 Apr 1989 (14),Gillingham FC (39),0-1,?,Bolton Wanderers FC (37)
?,(Tue) 4 Apr 1989 (14),Southend United FC (37),2-1,?,Blackpool FC (37)
?,(Tue) 4 Apr 1989 (14),Brentford FC (35),3-0,?,Bristol City FC (37)
?,(Wed) 5 Apr 1989 (14),Chester FC (37),7-0,?,Fulham FC (38)
?,(Wed) 5 Apr 1989 (14),Reading FC (38),2-1,?,Huddersfield Town AFC (37)
?,(Wed) 5 Apr 1989 (14),Bristol Rovers FC (37),2-2,?,Port Vale FC (37)
?,(Fri) 7 Apr 1989 (14),Wigan Athletic FC (36),1-0,?,Cardiff City FC (36)
?,(Sat) 8 Apr 1989 (14),Sheffield United FC (36),3-1,?,Preston North End FC (40)
?,(Sat) 8 Apr 1989 (14),Bristol City FC (38),0-2,?,Southend United FC (38)
?,(Sat) 8 Apr 1989 (14),Aldershot Town FC (39),4-1,?,Bury FC (40)
?,(Sat) 8 Apr 1989 (14),Blackpool FC (38),2-4,?,Reading FC (39)
?,(Sat) 8 Apr 1989 (14),Port Vale FC (38),2-1,?,Gillingham FC (40)
?,(Sat) 8 Apr 1989 (14),Northampton Town FC (40),0-2,?,Chester FC (38)
?,(Sat) 8 Apr 1989 (14),Huddersfield Town AFC (38),2-0,?,Mansfield Town FC (39)
?,(Sat) 8 Apr 1989 (14),Bolton Wanderers FC (38),3-3,?,Notts County FC (39)
?,(Sat) 8 Apr 1989 (14),Swansea City AFC (39),1-2,?,Bristol Rovers FC (38)
?,(Sat) 8 Apr 1989 (14),Wolverhampton Wanderers FC (38),2-0,?,Brentford FC (36)
?,(Sat) 8 Apr 1989 (14),Fulham FC (39),2-1,?,Chesterfield FC (40)
?,(Tue) 11 Apr 1989 (15),Bristol City FC (39),0-1,?,Brentford FC (37)
?,(Tue) 11 Apr 1989 (15),Sheffield United FC (37),0-1,?,Cardiff City FC (37)
?,(Fri) 14 Apr 1989 (15),Southend United FC (39),2-1,?,Reading FC (40)
?,(Sat) 15 Apr 1989 (15),Preston North End FC (41),3-0,?,Notts County FC (40)
?,(Sat) 15 Apr 1989 (15),Gillingham FC (41),3-0,?,Mansfield Town FC (40)
?,(Sat) 15 Apr 1989 (15),Bristol City FC (40),1-2,?,Blackpool FC (39)
?,(Sat) 15 Apr 1989 (15),Northampton Town FC (41),1-2,?,Sheffield United FC (38)
?,(Sat) 15 Apr 1989 (15),Bury FC (41),1-0,?,Cardiff City FC (38)
?,(Sat) 15 Apr 1989 (15),Brentford FC (38),2-1,?,Bristol Rovers FC (39)
?,(Sat) 15 Apr 1989 (15),Swansea City AFC (40),1-2,?,Wigan Athletic FC (37)
?,(Sat) 15 Apr 1989 (15),Chesterfield FC (41),1-2,?,Port Vale FC (39)
?,(Sat) 15 Apr 1989 (15),Fulham FC (40),1-1,?,Bolton Wanderers FC (39)
?,(Sat) 15 Apr 1989 (15),Aldershot Town FC (40),1-2,?,Wolverhampton Wanderers FC (39)
?,(Sat) 15 Apr 1989 (15),Huddersfield Town AFC (39),3-1,?,Chester FC (39)
?,(Tue) 18 Apr 1989 (16),Southend United FC (40),1-1,?,Brentford FC (39)
?,(Tue) 18 Apr 1989 (16),Bristol City FC (41),6-1,?,Huddersfield Town AFC (40)
?,(Tue) 18 Apr 1989 (16),Cardiff City FC (39),0-1,?,Notts County FC (41)
?,(Wed) 19 Apr 1989 (16),Reading FC (41),0-3,?,Wigan Athletic FC (38)
?,(Wed) 19 Apr 1989 (16),Chester FC (40),0-1,?,Sheffield United FC (39)
?,(Fri) 21 Apr 1989 (16),Port Vale FC (40),0-1,?,Bristol City FC (42)
?,(Sat) 22 Apr 1989 (16),Bristol Rovers FC (40),1-1,?,Northampton Town FC (42)
?,(Sat) 22 Apr 1989 (16),Mansfield Town FC (41),1-1,?,Bury FC (42)
?,(Sat) 22 Apr 1989 (16),Wolverhampton Wanderers FC (40),1-1,?,Swansea City AFC (41)
?,(Sat) 22 Apr 1989 (16),Wigan Athletic FC (39),0-1,?,Fulham FC (41)
?,(Sat) 22 Apr 1989 (16),Blackpool FC (40),1-2,?,Chesterfield FC (42)
?,(Sat) 22 Apr 1989 (16),Cardiff City FC (40),2-0,?,Southend United FC (41)
?,(Sat) 22 Apr 1989 (16),Sheffield United FC (40),2-2,?,Brentford FC (40)
?,(Sat) 22 Apr 1989 (16),Notts County FC (42),3-0,?,Huddersfield Town AFC (41)
?,(Sat) 22 Apr 1989 (16),Chester FC (41),0-1,?,Preston North End FC (42)
?,(Sat) 22 Apr 1989 (16),Reading FC (42),1-2,?,Gillingham FC (42)
?,(Sat) 22 Apr 1989 (16),Bolton Wanderers FC (40),1-0,?,Aldershot Town FC (41)
?,(Tue) 25 Apr 1989 (17),Sheffield United FC (41),1-2,?,Mansfield Town FC (42)
?,(Tue) 25 Apr 1989 (17),Huddersfield Town AFC (42),1-2,?,Brentford FC (41)
?,(Tue) 25 Apr 1989 (17),Aldershot Town FC (42),1-2,?,Fulham FC (42)
?,(Tue) 25 Apr 1989 (17),Bolton Wanderers FC (41),1-1,?,Port Vale FC (41)
?,(Fri) 28 Apr 1989 (17),Southend United FC (42),1-1,?,Notts County FC (43)
?,(Fri) 28 Apr 1989 (17),Gillingham FC (43),2-3,?,Bristol Rovers FC (41)
?,(Sat) 29 Apr 1989 (17),Bury FC (43),0-0,?,Bolton Wanderers FC (42)
?,(Sat) 29 Apr 1989 (17),Brentford FC (42),1-0,?,Mansfield Town FC (43)
?,(Sat) 29 Apr 1989 (17),Swansea City AFC (42),0-0,?,Port Vale FC (42)
?,(Sat) 29 Apr 1989 (17),Fulham FC (43),2-2,?,Sheffield United FC (42)
?,(Sat) 29 Apr 1989 (17),Preston North End FC (43),2-1,?,Reading FC (43)
?,(Sat) 29 Apr 1989 (17),Northampton Town FC (43),3-0,?,Cardiff City FC (41)
?,(Sat) 29 Apr 1989 (17),Bristol City FC (43),0-1,?,Wigan Athletic FC (40)
?,(Sat) 29 Apr 1989 (17),Huddersfield Town AFC (43),0-0,?,Wolverhampton Wanderers FC (41)
?,(Sat) 29 Apr 1989 (17),Chesterfield FC (43),1-2,?,Chester FC (42)
?,(Sat) 29 Apr 1989 (17),Aldershot Town FC (43),1-0,?,Blackpool FC (41)
?,(Mon) 1 May 1989 (18),Cardiff City FC (42),0-1,?,Chesterfield FC (44)
?,(Mon) 1 May 1989 (18),Wolverhampton Wanderers FC (42),2-0,?,Bristol City FC (44)
?,(Mon) 1 May 1989 (18),Blackpool FC (42),4-1,?,Gillingham FC (44)
?,(Mon) 1 May 1989 (18),Sheffield United FC (43),1-0,?,Aldershot Town FC (44)
?,(Mon) 1 May 1989 (18),Chester FC (43),2-0,?,Bury FC (44)
?,(Mon) 1 May 1989 (18),Wigan Athletic FC (41),1-1,?,Preston North End FC (44)
?,(Mon) 1 May 1989 (18),Notts County FC (44),3-0,?,Brentford FC (43)
?,(Mon) 1 May 1989 (18),Bolton Wanderers FC (43),3-1,?,Huddersfield Town AFC (44)
?,(Mon) 1 May 1989 (18),Port Vale FC (43),1-2,?,Northampton Town FC (44)
?,(Mon) 1 May 1989 (18),Bristol Rovers FC (42),1-1,?,Southend United FC (43)
?,(Mon) 1 May 1989 (18),Reading FC (44),0-1,?,Fulham FC (44)
?,(Tue) 2 May 1989 (18),Mansfield Town FC (44),0-0,?,Swansea City AFC (43)
?,(Wed) 3 May 1989 (18),Wigan Athletic FC (42),3-0,?,Bristol Rovers FC (43)
?,(Fri) 5 May 1989 (18),Cardiff City FC (43),0-0,?,Preston North End FC (45)
?,(Fri) 5 May 1989 (18),Reading FC (45),1-2,?,Bristol City FC (45)
?,(Sat) 6 May 1989 (18),Notts County FC (45),4-1,?,Aldershot Town FC (45)
?,(Sat) 6 May 1989 (18),Wigan Athletic FC (43),1-0,?,Bury FC (45)
?,(Sat) 6 May 1989 (18),Wolverhampton Wanderers FC (43),3-2,?,Northampton Town FC (45)
?,(Sat) 6 May 1989 (18),Chester FC (44),2-0,?,Gillingham FC (45)
?,(Sat) 6 May 1989 (18),Blackpool FC (43),2-1,?,Huddersfield Town AFC (45)
?,(Sat) 6 May 1989 (18),Mansfield Town FC (45),3-1,?,Chesterfield FC (45)
?,(Sat) 6 May 1989 (18),Port Vale FC (44),2-0,?,Southend United FC (44)
?,(Sat) 6 May 1989 (18),Sheffield United FC (44),5-1,?,Swansea City AFC (44)
?,(Sat) 6 May 1989 (18),Bristol Rovers FC (44),0-0,?,Fulham FC (45)
?,(Sat) 6 May 1989 (18),Bolton Wanderers FC (44),4-2,?,Brentford FC (44)
?,(Tue) 9 May 1989 (19),Bolton Wanderers FC (45),1-1,?,Wigan Athletic FC (44)
?,(Tue) 9 May 1989 (19),Wolverhampton Wanderers FC (44),2-2,?,Sheffield United FC (45)
?,(Tue) 9 May 1989 (19),Cardiff City FC (44),2-0,?,Chester FC (45)
?,(Tue) 9 May 1989 (19),Blackpool FC (44),3-2,?,Southend United FC (45)
?,(Tue) 9 May 1989 (19),Brentford FC (45),1-1,?,Swansea City AFC (45)
?,(Tue) 9 May 1989 (19),Port Vale FC (45),1-0,?,Bristol Rovers FC (45)
?,(Sat) 13 May 1989 (19),Brentford FC (46),1-1,?,Cardiff City FC (45)
?,(Sat) 13 May 1989 (19),Bury FC (46),0-0,?,Bristol Rovers FC (46)
?,(Sat) 13 May 1989 (19),Fulham FC (46),1-2,?,Port Vale FC (46)
?,(Sat) 13 May 1989 (19),Chesterfield FC (46),2-4,?,Reading FC (46)
?,(Sat) 13 May 1989 (19),Preston North End FC (46),3-3,?,Wolverhampton Wanderers FC (45)
?,(Sat) 13 May 1989 (19),Southend United FC (46),1-0,?,Chester FC (46)
?,(Sat) 13 May 1989 (19),Aldershot Town FC (46),0-0,?,Mansfield Town FC (46)
?,(Sat) 13 May 1989 (19),Bristol City FC (46),2-0,?,Sheffield United FC (46)
?,(Sat) 13 May 1989 (19),Huddersfield Town AFC (46),1-1,?,Wigan Athletic FC (45)
?,(Sat) 13 May 1989 (19),Swansea City AFC (46),1-2,?,Blackpool FC (45)
?,(Sat) 13 May 1989 (19),Northampton Town FC (46),2-3,?,Bolton Wanderers FC (46)
?,(Sat) 13 May 1989 (19),Gillingham FC (46),2-1,?,Notts County FC (46)
?,(Tue) 16 May 1989 (20),Cardiff City FC (46),0-0,?,Blackpool FC (46)
?,(Tue) 16 May 1989 (20),Wigan Athletic FC (46),1-1,?,Wolverhampton Wanderers FC (46)
