Round,Date,Team 1,FT,HT,Team 2
?,(Fri) 16 Aug 1996 (W33),Manchester City FC (1),1-0,?,Ipswich Town FC (1)
?,(Sat) 17 Aug 1996 (W33),Bradford City AFC (1),3-1,?,Portsmouth FC (1)
?,(Sat) 17 Aug 1996 (W33),Grimsby Town FC (1),1-3,?,Wolverhampton Wanderers FC (1)
?,(Sat) 17 Aug 1996 (W33),Huddersfield Town AFC (1),2-0,?,Charlton Athletic FC (1)
?,(Sat) 17 Aug 1996 (W33),Norwich City FC (1),2-0,?,Swindon Town FC (1)
?,(Sat) 17 Aug 1996 (W33),Oldham Athletic AFC (1),1-2,?,Stoke City FC (1)
?,(Sat) 17 Aug 1996 (W33),Port Vale FC (1),1-1,?,Bolton Wanderers FC (1)
?,(Sat) 17 Aug 1996 (W33),Queens Park Rangers FC (1),2-1,?,Oxford United FC (1)
?,(Sat) 17 Aug 1996 (W33),Reading FC (1),1-0,?,Sheffield United FC (1)
?,(Sat) 17 Aug 1996 (W33),Southend United FC (1),1-1,?,Tranmere Rovers FC (1)
?,(Sat) 17 Aug 1996 (W33),West Bromwich Albion FC (1),1-2,?,Barnsley FC (1)
?,(Sun) 18 Aug 1996 (W33),Birmingham City FC (1),1-0,?,Crystal Palace FC (1)
?,(Tue) 20 Aug 1996 (W34),Bolton Wanderers FC (2),1-0,?,Manchester City FC (2)
?,(Fri) 23 Aug 1996 (W34),Portsmouth FC (2),1-2,?,Queens Park Rangers FC (2)
?,(Fri) 23 Aug 1996 (W34),Tranmere Rovers FC (2),3-2,?,Grimsby Town FC (2)
?,(Sat) 24 Aug 1996 (W34),Bolton Wanderers FC (3),3-1,?,Norwich City FC (2)
?,(Sat) 24 Aug 1996 (W34),Charlton Athletic FC (2),1-1,?,West Bromwich Albion FC (2)
?,(Sat) 24 Aug 1996 (W34),Crystal Palace FC (2),3-1,?,Oldham Athletic AFC (2)
?,(Sat) 24 Aug 1996 (W34),Ipswich Town FC (2),5-2,?,Reading FC (2)
?,(Sat) 24 Aug 1996 (W34),Oxford United FC (2),5-0,?,Southend United FC (2)
?,(Sat) 24 Aug 1996 (W34),Sheffield United FC (2),4-4,?,Birmingham City FC (2)
?,(Sat) 24 Aug 1996 (W34),Stoke City FC (2),2-1,?,Manchester City FC (3)
?,(Sat) 24 Aug 1996 (W34),Swindon Town FC (2),1-1,?,Port Vale FC (2)
?,(Sat) 24 Aug 1996 (W34),Wolverhampton Wanderers FC (2),1-0,?,Bradford City AFC (2)
?,(Sun) 25 Aug 1996 (W34),Barnsley FC (2),3-1,?,Huddersfield Town AFC (2)
?,(Tue) 27 Aug 1996 (W35),Crystal Palace FC (3),0-0,?,West Bromwich Albion FC (3)
?,(Tue) 27 Aug 1996 (W35),Ipswich Town FC (3),1-1,?,Grimsby Town FC (3)
?,(Tue) 27 Aug 1996 (W35),Oxford United FC (3),0-1,?,Norwich City FC (3)
?,(Tue) 27 Aug 1996 (W35),Portsmouth FC (3),1-0,?,Southend United FC (3)
?,(Tue) 27 Aug 1996 (W35),Tranmere Rovers FC (3),2-0,?,Port Vale FC (3)
?,(Wed) 28 Aug 1996 (W35),Barnsley FC (3),3-0,?,Reading FC (3)
?,(Wed) 28 Aug 1996 (W35),Stoke City FC (3),1-0,?,Bradford City AFC (3)
?,(Wed) 28 Aug 1996 (W35),Swindon Town FC (3),1-0,?,Oldham Athletic AFC (3)
?,(Wed) 28 Aug 1996 (W35),Wolverhampton Wanderers FC (3),1-1,?,Queens Park Rangers FC (3)
?,(Sat) 31 Aug 1996 (W35),Bradford City AFC (4),1-0,?,Tranmere Rovers FC (4)
?,(Sat) 31 Aug 1996 (W35),Grimsby Town FC (4),0-1,?,Portsmouth FC (4)
?,(Sat) 31 Aug 1996 (W35),Huddersfield Town AFC (3),1-1,?,Crystal Palace FC (4)
?,(Sat) 31 Aug 1996 (W35),Norwich City FC (4),1-0,?,Wolverhampton Wanderers FC (4)
?,(Sat) 31 Aug 1996 (W35),Oldham Athletic AFC (4),3-3,?,Ipswich Town FC (4)
?,(Sat) 31 Aug 1996 (W35),Port Vale FC (4),2-0,?,Oxford United FC (4)
?,(Sat) 31 Aug 1996 (W35),Reading FC (4),2-2,?,Stoke City FC (4)
?,(Sat) 31 Aug 1996 (W35),Southend United FC (4),1-3,?,Swindon Town FC (4)
?,(Sun) 1 Sep 1996 (W35),Queens Park Rangers FC (4),1-2,?,Bolton Wanderers FC (4)
?,(Tue) 3 Sep 1996 (W36),Manchester City FC (4),2-1,?,Charlton Athletic FC (3)
?,(Fri) 6 Sep 1996 (W36),Wolverhampton Wanderers FC (5),1-0,?,Charlton Athletic FC (4)
?,(Sat) 7 Sep 1996 (W36),Bradford City AFC (5),0-2,?,Norwich City FC (5)
?,(Sat) 7 Sep 1996 (W36),Grimsby Town FC (5),2-1,?,Swindon Town FC (5)
?,(Sat) 7 Sep 1996 (W36),Ipswich Town FC (5),1-3,?,Huddersfield Town AFC (4)
?,(Sat) 7 Sep 1996 (W36),Manchester City FC (5),1-2,?,Barnsley FC (4)
?,(Sat) 7 Sep 1996 (W36),Oldham Athletic AFC (5),0-2,?,Sheffield United FC (3)
?,(Sat) 7 Sep 1996 (W36),Portsmouth FC (5),1-1,?,Port Vale FC (5)
?,(Sat) 7 Sep 1996 (W36),Queens Park Rangers FC (5),0-2,?,West Bromwich Albion FC (4)
?,(Sat) 7 Sep 1996 (W36),Southend United FC (5),5-2,?,Bolton Wanderers FC (5)
?,(Sat) 7 Sep 1996 (W36),Stoke City FC (5),2-2,?,Crystal Palace FC (5)
?,(Sat) 7 Sep 1996 (W36),Tranmere Rovers FC (5),1-0,?,Birmingham City FC (3)
?,(Sun) 8 Sep 1996 (W36),Reading FC (5),2-0,?,Oxford United FC (5)
?,(Tue) 10 Sep 1996 (W37),Barnsley FC (5),3-0,?,Stoke City FC (6)
?,(Tue) 10 Sep 1996 (W37),Birmingham City FC (4),0-0,?,Oldham Athletic AFC (6)
?,(Tue) 10 Sep 1996 (W37),Bolton Wanderers FC (6),6-1,?,Grimsby Town FC (6)
?,(Tue) 10 Sep 1996 (W37),Charlton Athletic FC (5),2-0,?,Southend United FC (6)
?,(Tue) 10 Sep 1996 (W37),Crystal Palace FC (6),0-0,?,Ipswich Town FC (6)
?,(Tue) 10 Sep 1996 (W37),Huddersfield Town AFC (5),0-1,?,Tranmere Rovers FC (6)
?,(Tue) 10 Sep 1996 (W37),Oxford United FC (6),1-1,?,Wolverhampton Wanderers FC (6)
?,(Tue) 10 Sep 1996 (W37),Port Vale FC (6),0-2,?,Manchester City FC (6)
?,(Tue) 10 Sep 1996 (W37),Sheffield United FC (4),3-0,?,Bradford City AFC (6)
?,(Tue) 10 Sep 1996 (W37),West Bromwich Albion FC (5),3-2,?,Reading FC (6)
?,(Wed) 11 Sep 1996 (W37),Norwich City FC (6),1-1,?,Queens Park Rangers FC (6)
?,(Wed) 11 Sep 1996 (W37),Swindon Town FC (6),0-1,?,Portsmouth FC (6)
?,(Fri) 13 Sep 1996 (W37),Huddersfield Town AFC (6),3-2,?,Oldham Athletic AFC (7)
?,(Sat) 14 Sep 1996 (W37),Barnsley FC (6),1-3,?,Queens Park Rangers FC (7)
?,(Sat) 14 Sep 1996 (W37),Birmingham City FC (5),3-1,?,Stoke City FC (7)
?,(Sat) 14 Sep 1996 (W37),Bolton Wanderers FC (7),2-0,?,Portsmouth FC (7)
?,(Sat) 14 Sep 1996 (W37),Charlton Athletic FC (6),1-0,?,Reading FC (7)
?,(Sat) 14 Sep 1996 (W37),Crystal Palace FC (7),3-1,?,Manchester City FC (7)
?,(Sat) 14 Sep 1996 (W37),Norwich City FC (7),0-0,?,Southend United FC (7)
?,(Sat) 14 Sep 1996 (W37),Oxford United FC (7),2-0,?,Bradford City AFC (7)
?,(Sat) 14 Sep 1996 (W37),Port Vale FC (7),1-1,?,Grimsby Town FC (7)
?,(Sat) 14 Sep 1996 (W37),Sheffield United FC (5),1-3,?,Ipswich Town FC (7)
?,(Sat) 14 Sep 1996 (W37),Swindon Town FC (7),2-1,?,Tranmere Rovers FC (7)
?,(Sun) 15 Sep 1996 (W37),West Bromwich Albion FC (6),2-4,?,Wolverhampton Wanderers FC (7)
?,(Fri) 20 Sep 1996 (W38),Ipswich Town FC (8),2-1,?,Charlton Athletic FC (7)
?,(Sat) 21 Sep 1996 (W38),Bradford City AFC (8),2-4,?,Bolton Wanderers FC (8)
?,(Sat) 21 Sep 1996 (W38),Grimsby Town FC (8),0-2,?,Oxford United FC (8)
?,(Sat) 21 Sep 1996 (W38),Manchester City FC (8),1-0,?,Birmingham City FC (6)
?,(Sat) 21 Sep 1996 (W38),Oldham Athletic AFC (8),0-1,?,Barnsley FC (7)
?,(Sat) 21 Sep 1996 (W38),Portsmouth FC (8),0-1,?,Norwich City FC (8)
?,(Sat) 21 Sep 1996 (W38),Queens Park Rangers FC (8),1-1,?,Swindon Town FC (8)
?,(Sat) 21 Sep 1996 (W38),Reading FC (8),1-6,?,Crystal Palace FC (8)
?,(Sat) 21 Sep 1996 (W38),Southend United FC (8),0-0,?,Port Vale FC (8)
?,(Sat) 21 Sep 1996 (W38),Tranmere Rovers FC (8),2-3,?,West Bromwich Albion FC (7)
?,(Sat) 21 Sep 1996 (W38),Wolverhampton Wanderers FC (8),1-2,?,Sheffield United FC (6)
?,(Sun) 22 Sep 1996 (W38),Stoke City FC (8),3-2,?,Huddersfield Town AFC (7)
?,(Fri) 27 Sep 1996 (W39),Swindon Town FC (9),1-2,?,Wolverhampton Wanderers FC (9)
?,(Sat) 28 Sep 1996 (W39),Barnsley FC (8),1-3,?,Grimsby Town FC (9)
?,(Sat) 28 Sep 1996 (W39),Birmingham City FC (7),0-0,?,Queens Park Rangers FC (9)
?,(Sat) 28 Sep 1996 (W39),Bolton Wanderers FC (9),1-1,?,Stoke City FC (9)
?,(Sat) 28 Sep 1996 (W39),Charlton Athletic FC (8),1-0,?,Oldham Athletic AFC (9)
?,(Sat) 28 Sep 1996 (W39),Crystal Palace FC (9),6-1,?,Southend United FC (9)
?,(Sat) 28 Sep 1996 (W39),Huddersfield Town AFC (8),1-0,?,Reading FC (9)
?,(Sat) 28 Sep 1996 (W39),Norwich City FC (9),1-1,?,Tranmere Rovers FC (9)
?,(Sat) 28 Sep 1996 (W39),Oxford United FC (9),2-0,?,Portsmouth FC (9)
?,(Sat) 28 Sep 1996 (W39),Sheffield United FC (7),2-0,?,Manchester City FC (9)
?,(Sat) 28 Sep 1996 (W39),West Bromwich Albion FC (8),0-0,?,Ipswich Town FC (9)
?,(Sun) 29 Sep 1996 (W39),Port Vale FC (9),1-1,?,Bradford City AFC (9)
?,(Tue) 1 Oct 1996 (W40),Grimsby Town FC (10),1-4,?,Norwich City FC (10)
?,(Tue) 1 Oct 1996 (W40),Ipswich Town FC (10),1-1,?,Barnsley FC (9)
?,(Tue) 1 Oct 1996 (W40),Oldham Athletic AFC (10),1-1,?,West Bromwich Albion FC (9)
?,(Tue) 1 Oct 1996 (W40),Portsmouth FC (10),2-2,?,Crystal Palace FC (10)
?,(Tue) 1 Oct 1996 (W40),Southend United FC (10),3-2,?,Sheffield United FC (8)
?,(Tue) 1 Oct 1996 (W40),Tranmere Rovers FC (10),0-0,?,Oxford United FC (10)
?,(Wed) 2 Oct 1996 (W40),Bradford City AFC (10),2-1,?,Swindon Town FC (10)
?,(Wed) 2 Oct 1996 (W40),Queens Park Rangers FC (10),1-2,?,Port Vale FC (10)
?,(Wed) 2 Oct 1996 (W40),Wolverhampton Wanderers FC (10),1-2,?,Bolton Wanderers FC (10)
?,(Fri) 4 Oct 1996 (W40),Tranmere Rovers FC (11),4-3,?,Portsmouth FC (11)
?,(Sat) 5 Oct 1996 (W40),Bradford City AFC (11),0-0,?,Southend United FC (11)
?,(Sat) 5 Oct 1996 (W40),Grimsby Town FC (11),2-0,?,Queens Park Rangers FC (11)
?,(Sat) 5 Oct 1996 (W40),Oldham Athletic AFC (11),3-0,?,Port Vale FC (11)
?,(Sat) 5 Oct 1996 (W40),Wolverhampton Wanderers FC (11),0-1,?,Reading FC (10)
?,(Tue) 8 Oct 1996 (W41),Huddersfield Town AFC (9),3-0,?,Birmingham City FC (8)
?,(Fri) 11 Oct 1996 (W41),Norwich City FC (11),3-1,?,Ipswich Town FC (11)
?,(Sat) 12 Oct 1996 (W41),Barnsley FC (10),0-0,?,Crystal Palace FC (11)
?,(Sat) 12 Oct 1996 (W41),Birmingham City FC (9),3-0,?,Bradford City AFC (12)
?,(Sat) 12 Oct 1996 (W41),Bolton Wanderers FC (11),3-1,?,Oldham Athletic AFC (12)
?,(Sat) 12 Oct 1996 (W41),Portsmouth FC (12),2-0,?,Charlton Athletic FC (9)
?,(Sat) 12 Oct 1996 (W41),Queens Park Rangers FC (12),2-2,?,Manchester City FC (10)
?,(Sat) 12 Oct 1996 (W41),Reading FC (11),1-1,?,Grimsby Town FC (12)
?,(Sat) 12 Oct 1996 (W41),Sheffield United FC (9),0-0,?,Tranmere Rovers FC (12)
?,(Sat) 12 Oct 1996 (W41),Swindon Town FC (11),1-0,?,Oxford United FC (11)
?,(Sat) 12 Oct 1996 (W41),West Bromwich Albion FC (10),1-1,?,Huddersfield Town AFC (10)
?,(Sun) 13 Oct 1996 (W41),Port Vale FC (12),1-1,?,Stoke City FC (10)
?,(Sun) 13 Oct 1996 (W41),Southend United FC (12),1-1,?,Wolverhampton Wanderers FC (12)
?,(Tue) 15 Oct 1996 (W42),Barnsley FC (11),0-0,?,Oxford United FC (12)
?,(Tue) 15 Oct 1996 (W42),Birmingham City FC (10),1-0,?,Ipswich Town FC (12)
?,(Tue) 15 Oct 1996 (W42),Bolton Wanderers FC (12),1-0,?,Tranmere Rovers FC (13)
?,(Tue) 15 Oct 1996 (W42),Portsmouth FC (13),0-2,?,Wolverhampton Wanderers FC (13)
?,(Tue) 15 Oct 1996 (W42),Reading FC (12),2-0,?,Manchester City FC (11)
?,(Tue) 15 Oct 1996 (W42),Sheffield United FC (10),3-0,?,Charlton Athletic FC (10)
?,(Wed) 16 Oct 1996 (W42),Norwich City FC (12),2-0,?,Oldham Athletic AFC (13)
?,(Wed) 16 Oct 1996 (W42),Port Vale FC (13),0-2,?,Crystal Palace FC (12)
?,(Wed) 16 Oct 1996 (W42),Queens Park Rangers FC (13),1-0,?,Bradford City AFC (13)
?,(Wed) 16 Oct 1996 (W42),Southend United FC (13),1-0,?,Grimsby Town FC (13)
?,(Wed) 16 Oct 1996 (W42),Swindon Town FC (12),6-0,?,Huddersfield Town AFC (11)
?,(Wed) 16 Oct 1996 (W42),West Bromwich Albion FC (11),0-2,?,Stoke City FC (11)
?,(Fri) 18 Oct 1996 (W42),Oxford United FC (13),0-0,?,Birmingham City FC (11)
?,(Sat) 19 Oct 1996 (W42),Bradford City AFC (14),2-2,?,Barnsley FC (12)
?,(Sat) 19 Oct 1996 (W42),Charlton Athletic FC (11),3-3,?,Bolton Wanderers FC (13)
?,(Sat) 19 Oct 1996 (W42),Crystal Palace FC (13),1-2,?,Swindon Town FC (13)
?,(Sat) 19 Oct 1996 (W42),Grimsby Town FC (14),1-1,?,West Bromwich Albion FC (12)
?,(Sat) 19 Oct 1996 (W42),Huddersfield Town AFC (12),0-0,?,Southend United FC (14)
?,(Sat) 19 Oct 1996 (W42),Ipswich Town FC (13),1-1,?,Portsmouth FC (14)
?,(Sat) 19 Oct 1996 (W42),Manchester City FC (12),2-1,?,Norwich City FC (13)
?,(Sat) 19 Oct 1996 (W42),Oldham Athletic AFC (14),1-1,?,Reading FC (13)
?,(Sat) 19 Oct 1996 (W42),Stoke City FC (12),0-4,?,Sheffield United FC (11)
?,(Sat) 19 Oct 1996 (W42),Wolverhampton Wanderers FC (14),0-1,?,Port Vale FC (14)
?,(Sun) 20 Oct 1996 (W42),Tranmere Rovers FC (14),2-3,?,Queens Park Rangers FC (14)
?,(Fri) 25 Oct 1996 (W43),Barnsley FC (13),2-2,?,Bolton Wanderers FC (14)
?,(Sat) 26 Oct 1996 (W43),Birmingham City FC (12),2-3,?,Norwich City FC (14)
?,(Sat) 26 Oct 1996 (W43),Charlton Athletic FC (12),2-0,?,Oxford United FC (14)
?,(Sat) 26 Oct 1996 (W43),Crystal Palace FC (14),3-0,?,Grimsby Town FC (15)
?,(Sat) 26 Oct 1996 (W43),Huddersfield Town AFC (13),0-1,?,Port Vale FC (15)
?,(Sat) 26 Oct 1996 (W43),Ipswich Town FC (14),0-2,?,Tranmere Rovers FC (15)
?,(Sat) 26 Oct 1996 (W43),Oldham Athletic AFC (15),0-0,?,Southend United FC (15)
?,(Sat) 26 Oct 1996 (W43),Reading FC (14),2-0,?,Swindon Town FC (14)
?,(Sat) 26 Oct 1996 (W43),Sheffield United FC (12),1-1,?,Queens Park Rangers FC (15)
?,(Sat) 26 Oct 1996 (W43),Stoke City FC (13),3-1,?,Portsmouth FC (15)
?,(Sat) 26 Oct 1996 (W43),West Bromwich Albion FC (13),0-0,?,Bradford City AFC (15)
?,(Sun) 27 Oct 1996 (W43),Manchester City FC (13),0-1,?,Wolverhampton Wanderers FC (15)
?,(Tue) 29 Oct 1996 (W44),Bolton Wanderers FC (15),2-1,?,Reading FC (15)
?,(Tue) 29 Oct 1996 (W44),Bradford City AFC (16),0-4,?,Crystal Palace FC (15)
?,(Tue) 29 Oct 1996 (W44),Grimsby Town FC (16),0-3,?,Oldham Athletic AFC (16)
?,(Tue) 29 Oct 1996 (W44),Oxford United FC (15),4-1,?,Stoke City FC (14)
?,(Tue) 29 Oct 1996 (W44),Port Vale FC (16),1-3,?,Barnsley FC (14)
?,(Tue) 29 Oct 1996 (W44),Portsmouth FC (16),1-1,?,Birmingham City FC (13)
?,(Tue) 29 Oct 1996 (W44),Southend United FC (16),2-3,?,Manchester City FC (14)
?,(Tue) 29 Oct 1996 (W44),Tranmere Rovers FC (16),4-0,?,Charlton Athletic FC (13)
?,(Wed) 30 Oct 1996 (W44),Norwich City FC (15),1-1,?,Sheffield United FC (13)
?,(Wed) 30 Oct 1996 (W44),Queens Park Rangers FC (16),0-1,?,Ipswich Town FC (15)
?,(Wed) 30 Oct 1996 (W44),Swindon Town FC (15),2-3,?,West Bromwich Albion FC (14)
?,(Wed) 30 Oct 1996 (W44),Wolverhampton Wanderers FC (16),0-0,?,Huddersfield Town AFC (14)
?,(Sat) 2 Nov 1996 (W44),Bolton Wanderers FC (16),2-0,?,Huddersfield Town AFC (15)
?,(Sat) 2 Nov 1996 (W44),Bradford City AFC (17),0-3,?,Oldham Athletic AFC (17)
?,(Sat) 2 Nov 1996 (W44),Norwich City FC (16),1-2,?,Charlton Athletic FC (14)
?,(Sat) 2 Nov 1996 (W44),Oxford United FC (16),3-1,?,Ipswich Town FC (16)
?,(Sat) 2 Nov 1996 (W44),Port Vale FC (17),3-0,?,Birmingham City FC (14)
?,(Sat) 2 Nov 1996 (W44),Portsmouth FC (17),4-0,?,West Bromwich Albion FC (15)
?,(Sat) 2 Nov 1996 (W44),Queens Park Rangers FC (17),1-1,?,Stoke City FC (15)
?,(Sat) 2 Nov 1996 (W44),Southend United FC (17),2-1,?,Reading FC (16)
?,(Sat) 2 Nov 1996 (W44),Swindon Town FC (16),2-0,?,Manchester City FC (15)
?,(Sat) 2 Nov 1996 (W44),Tranmere Rovers FC (17),1-3,?,Crystal Palace FC (16)
?,(Sat) 2 Nov 1996 (W44),Wolverhampton Wanderers FC (17),3-3,?,Barnsley FC (15)
?,(Sun) 3 Nov 1996 (W44),Grimsby Town FC (17),2-4,?,Sheffield United FC (14)
?,(Fri) 8 Nov 1996 (W45),Huddersfield Town AFC (16),3-3,?,Bradford City AFC (18)
?,(Sat) 9 Nov 1996 (W45),Ipswich Town FC (17),1-1,?,Southend United FC (18)
?,(Sat) 9 Nov 1996 (W45),Oldham Athletic AFC (18),0-0,?,Portsmouth FC (18)
?,(Sat) 9 Nov 1996 (W45),West Bromwich Albion FC (16),1-1,?,Port Vale FC (18)
?,(Sun) 10 Nov 1996 (W45),Crystal Palace FC (17),3-0,?,Queens Park Rangers FC (18)
?,(Tue) 12 Nov 1996 (W46),Barnsley FC (16),3-1,?,Norwich City FC (17)
?,(Wed) 13 Nov 1996 (W46),Birmingham City FC (15),3-1,?,Bolton Wanderers FC (17)
?,(Wed) 13 Nov 1996 (W46),Manchester City FC (16),2-3,?,Oxford United FC (17)
?,(Wed) 13 Nov 1996 (W46),West Bromwich Albion FC (17),1-2,?,Sheffield United FC (15)
?,(Fri) 15 Nov 1996 (W46),Tranmere Rovers FC (18),1-1,?,Oldham Athletic AFC (19)
?,(Sat) 16 Nov 1996 (W46),Bolton Wanderers FC (18),2-2,?,Crystal Palace FC (18)
?,(Sat) 16 Nov 1996 (W46),Bradford City AFC (19),2-1,?,Ipswich Town FC (18)
?,(Sat) 16 Nov 1996 (W46),Grimsby Town FC (18),1-1,?,Stoke City FC (16)
?,(Sat) 16 Nov 1996 (W46),Norwich City FC (18),1-1,?,Reading FC (17)
?,(Sat) 16 Nov 1996 (W46),Oxford United FC (18),1-0,?,Huddersfield Town AFC (17)
?,(Sat) 16 Nov 1996 (W46),Port Vale FC (19),0-0,?,Sheffield United FC (16)
?,(Sat) 16 Nov 1996 (W46),Portsmouth FC (19),2-1,?,Manchester City FC (17)
?,(Sat) 16 Nov 1996 (W46),Queens Park Rangers FC (19),1-2,?,Charlton Athletic FC (15)
?,(Sat) 16 Nov 1996 (W46),Southend United FC (19),2-3,?,West Bromwich Albion FC (18)
?,(Sat) 16 Nov 1996 (W46),Swindon Town FC (17),3-0,?,Barnsley FC (17)
?,(Sun) 17 Nov 1996 (W46),Wolverhampton Wanderers FC (18),1-2,?,Birmingham City FC (16)
?,(Tue) 19 Nov 1996 (W47),Ipswich Town FC (19),3-2,?,Swindon Town FC (18)
?,(Tue) 19 Nov 1996 (W47),Manchester City FC (18),0-0,?,Huddersfield Town AFC (18)
?,(Tue) 19 Nov 1996 (W47),Oxford United FC (19),0-0,?,Bolton Wanderers FC (19)
?,(Wed) 20 Nov 1996 (W47),Charlton Athletic FC (16),2-1,?,Birmingham City FC (17)
?,(Fri) 22 Nov 1996 (W47),Sheffield United FC (17),1-1,?,Bolton Wanderers FC (20)
?,(Sat) 23 Nov 1996 (W47),Barnsley FC (18),3-2,?,Portsmouth FC (20)
?,(Sat) 23 Nov 1996 (W47),Birmingham City FC (18),1-0,?,Swindon Town FC (19)
?,(Sat) 23 Nov 1996 (W47),Charlton Athletic FC (17),0-2,?,Bradford City AFC (20)
?,(Sat) 23 Nov 1996 (W47),Crystal Palace FC (19),2-3,?,Wolverhampton Wanderers FC (19)
?,(Sat) 23 Nov 1996 (W47),Huddersfield Town AFC (19),2-0,?,Grimsby Town FC (19)
?,(Sat) 23 Nov 1996 (W47),Ipswich Town FC (20),2-1,?,Port Vale FC (20)
?,(Sat) 23 Nov 1996 (W47),Manchester City FC (19),1-2,?,Tranmere Rovers FC (19)
?,(Sat) 23 Nov 1996 (W47),Oldham Athletic AFC (20),2-1,?,Oxford United FC (20)
?,(Sat) 23 Nov 1996 (W47),Reading FC (18),2-1,?,Queens Park Rangers FC (20)
?,(Sat) 23 Nov 1996 (W47),Stoke City FC (17),1-2,?,Southend United FC (20)
?,(Tue) 26 Nov 1996 (W48),Charlton Athletic FC (18),1-3,?,Grimsby Town FC (20)
?,(Tue) 26 Nov 1996 (W48),Reading FC (19),0-0,?,Birmingham City FC (19)
?,(Tue) 26 Nov 1996 (W48),Sheffield United FC (18),2-0,?,Swindon Town FC (20)
?,(Wed) 27 Nov 1996 (W48),Manchester City FC (20),3-2,?,West Bromwich Albion FC (19)
?,(Sat) 30 Nov 1996 (W48),Bolton Wanderers FC (21),2-2,?,Barnsley FC (19)
?,(Sat) 30 Nov 1996 (W48),Bradford City AFC (21),1-1,?,West Bromwich Albion FC (20)
?,(Sat) 30 Nov 1996 (W48),Grimsby Town FC (21),2-1,?,Crystal Palace FC (20)
?,(Sat) 30 Nov 1996 (W48),Norwich City FC (19),0-1,?,Birmingham City FC (20)
?,(Sat) 30 Nov 1996 (W48),Oxford United FC (21),0-2,?,Charlton Athletic FC (19)
?,(Sat) 30 Nov 1996 (W48),Port Vale FC (21),0-0,?,Huddersfield Town AFC (20)
?,(Sat) 30 Nov 1996 (W48),Portsmouth FC (21),1-0,?,Stoke City FC (18)
?,(Sat) 30 Nov 1996 (W48),Queens Park Rangers FC (21),1-0,?,Sheffield United FC (19)
?,(Sat) 30 Nov 1996 (W48),Southend United FC (21),1-1,?,Oldham Athletic AFC (21)
?,(Sat) 30 Nov 1996 (W48),Swindon Town FC (21),3-1,?,Reading FC (20)
?,(Sat) 30 Nov 1996 (W48),Tranmere Rovers FC (20),3-0,?,Ipswich Town FC (21)
?,(Sun) 1 Dec 1996 (W48),Wolverhampton Wanderers FC (20),3-0,?,Manchester City FC (21)
?,(Tue) 3 Dec 1996 (W49),Birmingham City FC (21),0-0,?,Barnsley FC (20)
?,(Tue) 3 Dec 1996 (W49),Reading FC (21),2-0,?,Tranmere Rovers FC (21)
?,(Tue) 3 Dec 1996 (W49),Sheffield United FC (20),3-1,?,Huddersfield Town AFC (21)
?,(Wed) 4 Dec 1996 (W49),Stoke City FC (19),1-0,?,Charlton Athletic FC (20)
?,(Sat) 7 Dec 1996 (W49),Barnsley FC (21),3-0,?,Southend United FC (22)
?,(Sat) 7 Dec 1996 (W49),Birmingham City FC (22),0-0,?,Grimsby Town FC (22)
?,(Sat) 7 Dec 1996 (W49),Charlton Athletic FC (21),2-0,?,Swindon Town FC (22)
?,(Sat) 7 Dec 1996 (W49),Crystal Palace FC (21),2-2,?,Oxford United FC (22)
?,(Sat) 7 Dec 1996 (W49),Huddersfield Town AFC (22),2-0,?,Norwich City FC (20)
?,(Sat) 7 Dec 1996 (W49),Ipswich Town FC (22),0-0,?,Wolverhampton Wanderers FC (21)
?,(Sat) 7 Dec 1996 (W49),Manchester City FC (22),3-2,?,Bradford City AFC (22)
?,(Sat) 7 Dec 1996 (W49),Oldham Athletic AFC (22),0-2,?,Queens Park Rangers FC (22)
?,(Sat) 7 Dec 1996 (W49),Reading FC (22),0-1,?,Port Vale FC (22)
?,(Sat) 7 Dec 1996 (W49),Sheffield United FC (21),1-0,?,Portsmouth FC (22)
?,(Sat) 7 Dec 1996 (W49),Stoke City FC (20),2-0,?,Tranmere Rovers FC (22)
?,(Sun) 8 Dec 1996 (W49),West Bromwich Albion FC (21),2-2,?,Bolton Wanderers FC (22)
?,(Sat) 14 Dec 1996 (W50),Barnsley FC (22),3-0,?,Tranmere Rovers FC (23)
?,(Sat) 14 Dec 1996 (W50),Bolton Wanderers FC (23),1-2,?,Ipswich Town FC (23)
?,(Sat) 14 Dec 1996 (W50),Charlton Athletic FC (22),1-3,?,Port Vale FC (23)
?,(Sat) 14 Dec 1996 (W50),Norwich City FC (21),1-1,?,Crystal Palace FC (22)
?,(Sat) 14 Dec 1996 (W50),Oxford United FC (23),4-1,?,Sheffield United FC (22)
?,(Sat) 14 Dec 1996 (W50),Portsmouth FC (23),3-1,?,Huddersfield Town AFC (23)
?,(Sat) 14 Dec 1996 (W50),Queens Park Rangers FC (23),4-0,?,Southend United FC (23)
?,(Sat) 14 Dec 1996 (W50),Stoke City FC (21),2-0,?,Swindon Town FC (23)
?,(Sat) 14 Dec 1996 (W50),Wolverhampton Wanderers FC (22),0-1,?,Oldham Athletic AFC (23)
?,(Tue) 17 Dec 1996 (W51),Bradford City AFC (23),0-0,?,Reading FC (23)
?,(Tue) 17 Dec 1996 (W51),Crystal Palace FC (23),0-1,?,Sheffield United FC (23)
?,(Wed) 18 Dec 1996 (W51),West Bromwich Albion FC (22),5-1,?,Norwich City FC (22)
?,(Fri) 20 Dec 1996 (W51),Southend United FC (24),1-1,?,Birmingham City FC (23)
?,(Sat) 21 Dec 1996 (W51),Crystal Palace FC (24),1-0,?,Charlton Athletic FC (23)
?,(Sat) 21 Dec 1996 (W51),Grimsby Town FC (23),1-1,?,Bradford City AFC (24)
?,(Sat) 21 Dec 1996 (W51),Huddersfield Town AFC (24),1-2,?,Queens Park Rangers FC (24)
?,(Sat) 21 Dec 1996 (W51),Ipswich Town FC (24),1-1,?,Stoke City FC (22)
?,(Sat) 21 Dec 1996 (W51),Oldham Athletic AFC (24),2-1,?,Manchester City FC (23)
?,(Sat) 21 Dec 1996 (W51),Port Vale FC (24),6-1,?,Norwich City FC (23)
?,(Sat) 21 Dec 1996 (W51),Reading FC (24),0-0,?,Portsmouth FC (24)
?,(Sat) 21 Dec 1996 (W51),Sheffield United FC (24),0-1,?,Barnsley FC (23)
?,(Sat) 21 Dec 1996 (W51),Tranmere Rovers FC (24),0-2,?,Wolverhampton Wanderers FC (23)
?,(Sat) 21 Dec 1996 (W51),West Bromwich Albion FC (23),3-3,?,Oxford United FC (24)
?,(Sun) 22 Dec 1996 (W51),Swindon Town FC (24),2-2,?,Bolton Wanderers FC (24)
?,(Thu) 26 Dec 1996 (W52),Bradford City AFC (25),1-2,?,Sheffield United FC (25)
?,(Thu) 26 Dec 1996 (W52),Grimsby Town FC (24),1-2,?,Bolton Wanderers FC (25)
?,(Thu) 26 Dec 1996 (W52),Ipswich Town FC (25),3-1,?,Crystal Palace FC (25)
?,(Thu) 26 Dec 1996 (W52),Manchester City FC (24),0-1,?,Port Vale FC (25)
?,(Thu) 26 Dec 1996 (W52),Portsmouth FC (25),0-1,?,Swindon Town FC (25)
?,(Thu) 26 Dec 1996 (W52),Queens Park Rangers FC (25),3-2,?,Norwich City FC (24)
?,(Thu) 26 Dec 1996 (W52),Reading FC (25),2-2,?,West Bromwich Albion FC (24)
?,(Thu) 26 Dec 1996 (W52),Southend United FC (25),0-2,?,Charlton Athletic FC (24)
?,(Thu) 26 Dec 1996 (W52),Stoke City FC (23),1-0,?,Barnsley FC (24)
?,(Thu) 26 Dec 1996 (W52),Tranmere Rovers FC (25),1-1,?,Huddersfield Town AFC (25)
?,(Thu) 26 Dec 1996 (W52),Wolverhampton Wanderers FC (24),3-1,?,Oxford United FC (25)
?,(Sat) 28 Dec 1996 (W52),Barnsley FC (25),2-0,?,Manchester City FC (25)
?,(Sat) 28 Dec 1996 (W52),Bolton Wanderers FC (26),3-1,?,Southend United FC (26)
?,(Sat) 28 Dec 1996 (W52),Charlton Athletic FC (25),0-0,?,Wolverhampton Wanderers FC (25)
?,(Sat) 28 Dec 1996 (W52),Huddersfield Town AFC (26),2-0,?,Ipswich Town FC (26)
?,(Sat) 28 Dec 1996 (W52),Norwich City FC (25),2-0,?,Bradford City AFC (26)
?,(Sat) 28 Dec 1996 (W52),Oxford United FC (26),2-1,?,Reading FC (26)
?,(Sat) 28 Dec 1996 (W52),Port Vale FC (26),0-2,?,Portsmouth FC (26)
?,(Sat) 28 Dec 1996 (W52),Sheffield United FC (26),2-2,?,Oldham Athletic AFC (25)
?,(Sat) 28 Dec 1996 (W52),West Bromwich Albion FC (25),4-1,?,Queens Park Rangers FC (26)
?,(Wed) 1 Jan 1997 (W1),Bolton Wanderers FC (27),2-1,?,Bradford City AFC (27)
?,(Wed) 1 Jan 1997 (W1),Charlton Athletic FC (26),1-1,?,Ipswich Town FC (27)
?,(Wed) 1 Jan 1997 (W1),Huddersfield Town AFC (27),2-1,?,Stoke City FC (24)
?,(Wed) 1 Jan 1997 (W1),Norwich City FC (26),1-0,?,Portsmouth FC (27)
?,(Wed) 1 Jan 1997 (W1),West Bromwich Albion FC (26),1-2,?,Tranmere Rovers FC (26)
?,(Fri) 10 Jan 1997 (W2),Stoke City FC (25),1-0,?,Birmingham City FC (24)
?,(Fri) 10 Jan 1997 (W2),Tranmere Rovers FC (27),2-1,?,Swindon Town FC (26)
?,(Sat) 11 Jan 1997 (W2),Bradford City AFC (28),2-0,?,Oxford United FC (27)
?,(Sat) 11 Jan 1997 (W2),Grimsby Town FC (25),1-1,?,Port Vale FC (27)
?,(Sat) 11 Jan 1997 (W2),Manchester City FC (26),1-1,?,Crystal Palace FC (26)
?,(Sat) 11 Jan 1997 (W2),Portsmouth FC (28),0-3,?,Bolton Wanderers FC (28)
?,(Sat) 11 Jan 1997 (W2),Queens Park Rangers FC (27),3-1,?,Barnsley FC (26)
?,(Sat) 11 Jan 1997 (W2),Reading FC (27),2-2,?,Charlton Athletic FC (27)
?,(Sun) 12 Jan 1997 (W2),Wolverhampton Wanderers FC (26),2-0,?,West Bromwich Albion FC (27)
?,(Sat) 18 Jan 1997 (W3),Barnsley FC (27),1-2,?,Ipswich Town FC (28)
?,(Sat) 18 Jan 1997 (W3),Birmingham City FC (25),4-1,?,Reading FC (28)
?,(Sat) 18 Jan 1997 (W3),Bolton Wanderers FC (29),3-0,?,Wolverhampton Wanderers FC (27)
?,(Sat) 18 Jan 1997 (W3),Charlton Athletic FC (28),1-2,?,Stoke City FC (26)
?,(Sat) 18 Jan 1997 (W3),Crystal Palace FC (27),1-2,?,Portsmouth FC (29)
?,(Sat) 18 Jan 1997 (W3),Huddersfield Town AFC (28),1-1,?,Manchester City FC (27)
?,(Sat) 18 Jan 1997 (W3),Norwich City FC (27),2-1,?,Grimsby Town FC (26)
?,(Sat) 18 Jan 1997 (W3),Oxford United FC (28),2-1,?,Tranmere Rovers FC (28)
?,(Sat) 18 Jan 1997 (W3),Sheffield United FC (27),3-0,?,Southend United FC (27)
?,(Sat) 18 Jan 1997 (W3),Swindon Town FC (27),1-1,?,Bradford City AFC (29)
?,(Sat) 18 Jan 1997 (W3),West Bromwich Albion FC (28),1-1,?,Oldham Athletic AFC (26)
?,(Sun) 19 Jan 1997 (W3),Port Vale FC (28),4-4,?,Queens Park Rangers FC (28)
?,(Wed) 22 Jan 1997 (W4),Stoke City FC (27),1-2,?,Norwich City FC (28)
?,(Fri) 24 Jan 1997 (W4),Sheffield United FC (28),2-3,?,Wolverhampton Wanderers FC (28)
?,(Sat) 25 Jan 1997 (W4),Ipswich Town FC (29),5-0,?,West Bromwich Albion FC (29)
?,(Sat) 25 Jan 1997 (W4),Oldham Athletic AFC (27),1-2,?,Huddersfield Town AFC (29)
?,(Sat) 25 Jan 1997 (W4),Port Vale FC (29),2-1,?,Southend United FC (28)
?,(Sat) 25 Jan 1997 (W4),Swindon Town FC (28),3-3,?,Grimsby Town FC (27)
?,(Tue) 28 Jan 1997 (W5),Bradford City AFC (30),1-0,?,Port Vale FC (30)
?,(Tue) 28 Jan 1997 (W5),Grimsby Town FC (28),2-3,?,Barnsley FC (28)
?,(Tue) 28 Jan 1997 (W5),Portsmouth FC (30),2-1,?,Oxford United FC (29)
?,(Tue) 28 Jan 1997 (W5),Reading FC (29),4-1,?,Huddersfield Town AFC (30)
?,(Tue) 28 Jan 1997 (W5),Southend United FC (29),2-1,?,Crystal Palace FC (28)
?,(Tue) 28 Jan 1997 (W5),Tranmere Rovers FC (29),3-1,?,Norwich City FC (29)
?,(Wed) 29 Jan 1997 (W5),Manchester City FC (28),0-0,?,Sheffield United FC (29)
?,(Wed) 29 Jan 1997 (W5),Queens Park Rangers FC (29),1-1,?,Birmingham City FC (26)
?,(Wed) 29 Jan 1997 (W5),Stoke City FC (28),1-2,?,Bolton Wanderers FC (30)
?,(Wed) 29 Jan 1997 (W5),Wolverhampton Wanderers FC (29),1-0,?,Swindon Town FC (29)
?,(Sat) 1 Feb 1997 (W5),Bolton Wanderers FC (31),2-1,?,Birmingham City FC (27)
?,(Sat) 1 Feb 1997 (W5),Bradford City AFC (31),1-1,?,Huddersfield Town AFC (31)
?,(Sat) 1 Feb 1997 (W5),Grimsby Town FC (29),2-0,?,Charlton Athletic FC (29)
?,(Sat) 1 Feb 1997 (W5),Norwich City FC (30),1-1,?,Barnsley FC (29)
?,(Sat) 1 Feb 1997 (W5),Port Vale FC (31),2-2,?,West Bromwich Albion FC (30)
?,(Sat) 1 Feb 1997 (W5),Portsmouth FC (31),1-0,?,Oldham Athletic AFC (28)
?,(Sat) 1 Feb 1997 (W5),Queens Park Rangers FC (30),0-1,?,Crystal Palace FC (29)
?,(Sat) 1 Feb 1997 (W5),Southend United FC (30),0-0,?,Ipswich Town FC (30)
?,(Sat) 1 Feb 1997 (W5),Swindon Town FC (30),2-1,?,Sheffield United FC (30)
?,(Sat) 1 Feb 1997 (W5),Tranmere Rovers FC (30),2-2,?,Reading FC (30)
?,(Sat) 1 Feb 1997 (W5),Wolverhampton Wanderers FC (30),2-0,?,Stoke City FC (29)
?,(Sun) 2 Feb 1997 (W5),Oxford United FC (30),1-4,?,Manchester City FC (29)
?,(Tue) 4 Feb 1997 (W6),Birmingham City FC (28),2-3,?,West Bromwich Albion FC (31)
?,(Wed) 5 Feb 1997 (W6),Swindon Town FC (31),1-1,?,Queens Park Rangers FC (31)
?,(Fri) 7 Feb 1997 (W6),Charlton Athletic FC (30),3-1,?,Tranmere Rovers FC (31)
?,(Fri) 7 Feb 1997 (W6),Stoke City FC (30),2-1,?,Oxford United FC (31)
?,(Sat) 8 Feb 1997 (W6),Barnsley FC (30),1-0,?,Port Vale FC (32)
?,(Sat) 8 Feb 1997 (W6),Birmingham City FC (29),0-3,?,Portsmouth FC (32)
?,(Sat) 8 Feb 1997 (W6),Crystal Palace FC (30),3-1,?,Bradford City AFC (32)
?,(Sat) 8 Feb 1997 (W6),Huddersfield Town AFC (32),0-2,?,Wolverhampton Wanderers FC (31)
?,(Sat) 8 Feb 1997 (W6),Ipswich Town FC (31),2-0,?,Queens Park Rangers FC (32)
?,(Sat) 8 Feb 1997 (W6),Manchester City FC (30),3-0,?,Southend United FC (31)
?,(Sat) 8 Feb 1997 (W6),Oldham Athletic AFC (29),0-3,?,Grimsby Town FC (30)
?,(Sat) 8 Feb 1997 (W6),Reading FC (31),3-2,?,Bolton Wanderers FC (32)
?,(Sat) 8 Feb 1997 (W6),West Bromwich Albion FC (32),1-2,?,Swindon Town FC (32)
?,(Sun) 9 Feb 1997 (W6),Sheffield United FC (31),2-3,?,Norwich City FC (31)
?,(Sat) 15 Feb 1997 (W7),Bolton Wanderers FC (33),2-2,?,Sheffield United FC (32)
?,(Sat) 15 Feb 1997 (W7),Charlton Athletic FC (31),2-2,?,Barnsley FC (31)
?,(Sat) 15 Feb 1997 (W7),Grimsby Town FC (31),2-2,?,Huddersfield Town AFC (33)
?,(Sat) 15 Feb 1997 (W7),Norwich City FC (32),2-4,?,West Bromwich Albion FC (33)
?,(Sat) 15 Feb 1997 (W7),Oxford United FC (32),3-1,?,Oldham Athletic AFC (30)
?,(Sat) 15 Feb 1997 (W7),Port Vale FC (33),2-2,?,Ipswich Town FC (32)
?,(Sat) 15 Feb 1997 (W7),Southend United FC (32),2-1,?,Stoke City FC (31)
?,(Sat) 15 Feb 1997 (W7),Wolverhampton Wanderers FC (32),0-3,?,Crystal Palace FC (31)
?,(Sat) 22 Feb 1997 (W8),Barnsley FC (32),1-3,?,Wolverhampton Wanderers FC (33)
?,(Sat) 22 Feb 1997 (W8),Charlton Athletic FC (32),4-4,?,Norwich City FC (33)
?,(Sat) 22 Feb 1997 (W8),Crystal Palace FC (32),0-1,?,Tranmere Rovers FC (32)
?,(Sat) 22 Feb 1997 (W8),Huddersfield Town AFC (34),1-2,?,Bolton Wanderers FC (34)
?,(Sat) 22 Feb 1997 (W8),Ipswich Town FC (33),2-1,?,Oxford United FC (33)
?,(Sat) 22 Feb 1997 (W8),Manchester City FC (31),3-0,?,Swindon Town FC (33)
?,(Sat) 22 Feb 1997 (W8),Oldham Athletic AFC (31),1-2,?,Bradford City AFC (33)
?,(Sat) 22 Feb 1997 (W8),Reading FC (32),3-2,?,Southend United FC (33)
?,(Sat) 22 Feb 1997 (W8),Sheffield United FC (33),3-1,?,Grimsby Town FC (32)
?,(Sat) 22 Feb 1997 (W8),Stoke City FC (32),0-0,?,Queens Park Rangers FC (33)
?,(Sat) 22 Feb 1997 (W8),West Bromwich Albion FC (34),0-2,?,Portsmouth FC (33)
?,(Sun) 23 Feb 1997 (W8),Birmingham City FC (30),1-2,?,Port Vale FC (34)
?,(Tue) 25 Feb 1997 (W9),Southend United FC (34),1-1,?,Norwich City FC (34)
?,(Wed) 26 Feb 1997 (W9),Swindon Town FC (34),3-1,?,Birmingham City FC (31)
?,(Fri) 28 Feb 1997 (W9),Tranmere Rovers FC (33),0-0,?,Stoke City FC (33)
?,(Sat) 1 Mar 1997 (W9),Bradford City AFC (34),1-3,?,Manchester City FC (32)
?,(Sat) 1 Mar 1997 (W9),Grimsby Town FC (33),1-2,?,Birmingham City FC (32)
?,(Sat) 1 Mar 1997 (W9),Norwich City FC (35),2-0,?,Huddersfield Town AFC (35)
?,(Sat) 1 Mar 1997 (W9),Oxford United FC (34),1-4,?,Crystal Palace FC (33)
?,(Sat) 1 Mar 1997 (W9),Port Vale FC (35),1-0,?,Reading FC (33)
?,(Sat) 1 Mar 1997 (W9),Portsmouth FC (34),1-1,?,Sheffield United FC (34)
?,(Sat) 1 Mar 1997 (W9),Queens Park Rangers FC (34),0-1,?,Oldham Athletic AFC (32)
?,(Sat) 1 Mar 1997 (W9),Southend United FC (35),1-2,?,Barnsley FC (33)
?,(Sat) 1 Mar 1997 (W9),Swindon Town FC (35),1-0,?,Charlton Athletic FC (33)
?,(Sat) 1 Mar 1997 (W9),Wolverhampton Wanderers FC (34),0-0,?,Ipswich Town FC (34)
?,(Sun) 2 Mar 1997 (W9),Bolton Wanderers FC (35),1-0,?,West Bromwich Albion FC (35)
?,(Tue) 4 Mar 1997 (W10),Barnsley FC (34),1-1,?,Swindon Town FC (36)
?,(Tue) 4 Mar 1997 (W10),Birmingham City FC (33),1-2,?,Wolverhampton Wanderers FC (35)
?,(Tue) 4 Mar 1997 (W10),Charlton Athletic FC (34),2-1,?,Queens Park Rangers FC (35)
?,(Tue) 4 Mar 1997 (W10),Crystal Palace FC (34),1-1,?,Bolton Wanderers FC (36)
?,(Tue) 4 Mar 1997 (W10),Huddersfield Town AFC (36),1-0,?,Oxford United FC (35)
?,(Tue) 4 Mar 1997 (W10),Ipswich Town FC (35),3-2,?,Bradford City AFC (35)
?,(Tue) 4 Mar 1997 (W10),Oldham Athletic AFC (33),1-2,?,Tranmere Rovers FC (34)
?,(Tue) 4 Mar 1997 (W10),Reading FC (34),2-1,?,Norwich City FC (36)
?,(Tue) 4 Mar 1997 (W10),Sheffield United FC (35),3-0,?,Port Vale FC (36)
?,(Wed) 5 Mar 1997 (W10),Manchester City FC (33),1-1,?,Portsmouth FC (35)
?,(Wed) 5 Mar 1997 (W10),Stoke City FC (34),3-1,?,Grimsby Town FC (34)
?,(Wed) 5 Mar 1997 (W10),West Bromwich Albion FC (36),4-0,?,Southend United FC (36)
?,(Fri) 7 Mar 1997 (W10),Barnsley FC (35),2-0,?,Sheffield United FC (36)
?,(Sat) 8 Mar 1997 (W10),Birmingham City FC (34),2-1,?,Southend United FC (37)
?,(Sat) 8 Mar 1997 (W10),Bolton Wanderers FC (37),7-0,?,Swindon Town FC (37)
?,(Sat) 8 Mar 1997 (W10),Bradford City AFC (36),3-4,?,Grimsby Town FC (35)
?,(Sat) 8 Mar 1997 (W10),Charlton Athletic FC (35),2-1,?,Crystal Palace FC (35)
?,(Sat) 8 Mar 1997 (W10),Manchester City FC (34),1-0,?,Oldham Athletic AFC (34)
?,(Sat) 8 Mar 1997 (W10),Norwich City FC (37),1-1,?,Port Vale FC (37)
?,(Sat) 8 Mar 1997 (W10),Oxford United FC (36),1-0,?,West Bromwich Albion FC (37)
?,(Sat) 8 Mar 1997 (W10),Queens Park Rangers FC (36),2-0,?,Huddersfield Town AFC (37)
?,(Sat) 8 Mar 1997 (W10),Stoke City FC (35),0-1,?,Ipswich Town FC (36)
?,(Sat) 8 Mar 1997 (W10),Wolverhampton Wanderers FC (36),3-2,?,Tranmere Rovers FC (35)
?,(Tue) 11 Mar 1997 (W11),Birmingham City FC (35),2-0,?,Manchester City FC (35)
?,(Wed) 12 Mar 1997 (W11),Queens Park Rangers FC (37),0-2,?,Reading FC (35)
?,(Sat) 15 Mar 1997 (W11),Crystal Palace FC (36),2-0,?,Norwich City FC (38)
?,(Sat) 15 Mar 1997 (W11),Grimsby Town FC (36),1-1,?,Manchester City FC (36)
?,(Sat) 15 Mar 1997 (W11),Huddersfield Town AFC (38),1-3,?,Portsmouth FC (36)
?,(Sat) 15 Mar 1997 (W11),Ipswich Town FC (37),0-1,?,Bolton Wanderers FC (38)
?,(Sat) 15 Mar 1997 (W11),Oldham Athletic AFC (35),3-2,?,Wolverhampton Wanderers FC (37)
?,(Sat) 15 Mar 1997 (W11),Port Vale FC (38),2-0,?,Charlton Athletic FC (36)
?,(Sat) 15 Mar 1997 (W11),Reading FC (36),0-0,?,Bradford City AFC (37)
?,(Sat) 15 Mar 1997 (W11),Sheffield United FC (37),3-1,?,Oxford United FC (37)
?,(Sat) 15 Mar 1997 (W11),Southend United FC (38),0-1,?,Queens Park Rangers FC (38)
?,(Sat) 15 Mar 1997 (W11),Swindon Town FC (38),1-0,?,Stoke City FC (36)
?,(Sat) 15 Mar 1997 (W11),Tranmere Rovers FC (36),1-1,?,Barnsley FC (36)
?,(Sun) 16 Mar 1997 (W11),West Bromwich Albion FC (38),2-0,?,Birmingham City FC (36)
?,(Tue) 18 Mar 1997 (W12),Bolton Wanderers FC (39),4-2,?,Port Vale FC (39)
?,(Tue) 18 Mar 1997 (W12),Ipswich Town FC (38),3-1,?,Sheffield United FC (38)
?,(Tue) 18 Mar 1997 (W12),Oldham Athletic AFC (36),1-1,?,Charlton Athletic FC (37)
?,(Tue) 18 Mar 1997 (W12),Oxford United FC (38),3-2,?,Grimsby Town FC (37)
?,(Tue) 18 Mar 1997 (W12),Stoke City FC (37),1-0,?,Wolverhampton Wanderers FC (38)
?,(Tue) 18 Mar 1997 (W12),Tranmere Rovers FC (37),1-1,?,Manchester City FC (37)
?,(Sat) 22 Mar 1997 (W12),Birmingham City FC (37),1-1,?,Sheffield United FC (39)
?,(Sat) 22 Mar 1997 (W12),Bradford City AFC (38),2-1,?,Wolverhampton Wanderers FC (39)
?,(Sat) 22 Mar 1997 (W12),Grimsby Town FC (38),0-0,?,Tranmere Rovers FC (38)
?,(Sat) 22 Mar 1997 (W12),Huddersfield Town AFC (39),0-0,?,Barnsley FC (37)
?,(Sat) 22 Mar 1997 (W12),Manchester City FC (38),2-0,?,Stoke City FC (38)
?,(Sat) 22 Mar 1997 (W12),Norwich City FC (39),0-1,?,Bolton Wanderers FC (40)
?,(Sat) 22 Mar 1997 (W12),Port Vale FC (40),1-0,?,Swindon Town FC (39)
?,(Sat) 22 Mar 1997 (W12),Queens Park Rangers FC (39),2-1,?,Portsmouth FC (37)
?,(Sat) 22 Mar 1997 (W12),Reading FC (37),1-0,?,Ipswich Town FC (39)
?,(Sat) 22 Mar 1997 (W12),Southend United FC (39),2-2,?,Oxford United FC (39)
?,(Sat) 22 Mar 1997 (W12),West Bromwich Albion FC (39),1-2,?,Charlton Athletic FC (38)
?,(Sun) 23 Mar 1997 (W12),Oldham Athletic AFC (37),0-1,?,Crystal Palace FC (37)
?,(Tue) 25 Mar 1997 (W13),Portsmouth FC (38),1-0,?,Reading FC (38)
?,(Fri) 28 Mar 1997 (W13),Barnsley FC (38),2-0,?,West Bromwich Albion FC (40)
?,(Fri) 28 Mar 1997 (W13),Tranmere Rovers FC (39),2-0,?,Southend United FC (40)
?,(Sat) 29 Mar 1997 (W13),Crystal Palace FC (38),0-1,?,Birmingham City FC (38)
?,(Sat) 29 Mar 1997 (W13),Oxford United FC (40),2-3,?,Queens Park Rangers FC (40)
?,(Sat) 29 Mar 1997 (W13),Portsmouth FC (39),3-1,?,Bradford City AFC (39)
?,(Sat) 29 Mar 1997 (W13),Sheffield United FC (40),2-0,?,Reading FC (39)
?,(Sat) 29 Mar 1997 (W13),Stoke City FC (39),2-1,?,Oldham Athletic AFC (38)
?,(Sat) 29 Mar 1997 (W13),Swindon Town FC (40),0-3,?,Norwich City FC (40)
?,(Mon) 31 Mar 1997 (W14),Birmingham City FC (39),0-0,?,Charlton Athletic FC (39)
?,(Mon) 31 Mar 1997 (W14),Bradford City AFC (40),1-0,?,Stoke City FC (40)
?,(Mon) 31 Mar 1997 (W14),Grimsby Town FC (39),2-1,?,Ipswich Town FC (40)
?,(Mon) 31 Mar 1997 (W14),Huddersfield Town AFC (40),2-1,?,Sheffield United FC (41)
?,(Mon) 31 Mar 1997 (W14),Norwich City FC (41),1-1,?,Oxford United FC (41)
?,(Mon) 31 Mar 1997 (W14),Oldham Athletic AFC (39),5-1,?,Swindon Town FC (41)
?,(Mon) 31 Mar 1997 (W14),Port Vale FC (41),2-1,?,Tranmere Rovers FC (40)
?,(Mon) 31 Mar 1997 (W14),Queens Park Rangers FC (41),2-2,?,Wolverhampton Wanderers FC (40)
?,(Mon) 31 Mar 1997 (W14),Reading FC (40),1-2,?,Barnsley FC (39)
?,(Mon) 31 Mar 1997 (W14),Southend United FC (41),2-1,?,Portsmouth FC (40)
?,(Fri) 4 Apr 1997 (W14),Tranmere Rovers FC (41),3-0,?,Bradford City AFC (41)
?,(Sat) 5 Apr 1997 (W14),Barnsley FC (40),0-1,?,Birmingham City FC (40)
?,(Sat) 5 Apr 1997 (W14),Bolton Wanderers FC (41),2-1,?,Queens Park Rangers FC (42)
?,(Sat) 5 Apr 1997 (W14),Charlton Athletic FC (40),1-1,?,Manchester City FC (39)
?,(Sat) 5 Apr 1997 (W14),Crystal Palace FC (39),1-1,?,Huddersfield Town AFC (41)
?,(Sat) 5 Apr 1997 (W14),Ipswich Town FC (41),4-0,?,Oldham Athletic AFC (40)
?,(Sat) 5 Apr 1997 (W14),Oxford United FC (42),0-2,?,Port Vale FC (42)
?,(Sat) 5 Apr 1997 (W14),Portsmouth FC (41),1-0,?,Grimsby Town FC (40)
?,(Sat) 5 Apr 1997 (W14),Sheffield United FC (42),1-2,?,West Bromwich Albion FC (41)
?,(Sat) 5 Apr 1997 (W14),Stoke City FC (41),1-1,?,Reading FC (41)
?,(Sat) 5 Apr 1997 (W14),Swindon Town FC (42),0-0,?,Southend United FC (42)
?,(Sat) 5 Apr 1997 (W14),Wolverhampton Wanderers FC (41),3-2,?,Norwich City FC (42)
?,(Tue) 8 Apr 1997 (W15),Oldham Athletic AFC (41),2-2,?,Birmingham City FC (41)
?,(Wed) 9 Apr 1997 (W15),Charlton Athletic FC (41),2-1,?,Huddersfield Town AFC (42)
?,(Wed) 9 Apr 1997 (W15),Manchester City FC (40),1-2,?,Bolton Wanderers FC (42)
?,(Wed) 9 Apr 1997 (W15),West Bromwich Albion FC (42),1-0,?,Crystal Palace FC (40)
?,(Sat) 12 Apr 1997 (W15),Barnsley FC (41),4-0,?,Charlton Athletic FC (42)
?,(Sat) 12 Apr 1997 (W15),Birmingham City FC (42),1-0,?,Huddersfield Town AFC (43)
?,(Sat) 12 Apr 1997 (W15),Bolton Wanderers FC (43),4-0,?,Oxford United FC (43)
?,(Sat) 12 Apr 1997 (W15),Norwich City FC (43),2-0,?,Stoke City FC (42)
?,(Sat) 12 Apr 1997 (W15),Port Vale FC (43),3-2,?,Oldham Athletic AFC (42)
?,(Sat) 12 Apr 1997 (W15),Portsmouth FC (42),1-3,?,Tranmere Rovers FC (42)
?,(Sat) 12 Apr 1997 (W15),Queens Park Rangers FC (43),3-0,?,Grimsby Town FC (41)
?,(Sat) 12 Apr 1997 (W15),Reading FC (42),2-1,?,Wolverhampton Wanderers FC (42)
?,(Sat) 12 Apr 1997 (W15),Sheffield United FC (43),3-0,?,Crystal Palace FC (41)
?,(Sat) 12 Apr 1997 (W15),Southend United FC (43),1-1,?,Bradford City AFC (42)
?,(Sat) 12 Apr 1997 (W15),Swindon Town FC (43),0-4,?,Ipswich Town FC (42)
?,(Sat) 12 Apr 1997 (W15),West Bromwich Albion FC (43),1-3,?,Manchester City FC (41)
?,(Tue) 15 Apr 1997 (W16),Barnsley FC (42),2-0,?,Oldham Athletic AFC (43)
?,(Tue) 15 Apr 1997 (W16),Birmingham City FC (43),0-0,?,Tranmere Rovers FC (43)
?,(Tue) 15 Apr 1997 (W16),Crystal Palace FC (42),2-0,?,Stoke City FC (43)
?,(Wed) 16 Apr 1997 (W16),Manchester City FC (42),3-0,?,Grimsby Town FC (42)
?,(Fri) 18 Apr 1997 (W16),Ipswich Town FC (43),2-0,?,Norwich City FC (44)
?,(Sat) 19 Apr 1997 (W16),Bradford City AFC (43),0-2,?,Birmingham City FC (44)
?,(Sat) 19 Apr 1997 (W16),Charlton Athletic FC (43),2-1,?,Portsmouth FC (43)
?,(Sat) 19 Apr 1997 (W16),Crystal Palace FC (43),1-1,?,Barnsley FC (43)
?,(Sat) 19 Apr 1997 (W16),Grimsby Town FC (43),2-0,?,Reading FC (43)
?,(Sat) 19 Apr 1997 (W16),Huddersfield Town AFC (44),0-0,?,West Bromwich Albion FC (44)
?,(Sat) 19 Apr 1997 (W16),Manchester City FC (43),0-3,?,Queens Park Rangers FC (44)
?,(Sat) 19 Apr 1997 (W16),Oldham Athletic AFC (44),0-0,?,Bolton Wanderers FC (44)
?,(Sat) 19 Apr 1997 (W16),Oxford United FC (44),2-0,?,Swindon Town FC (44)
?,(Sat) 19 Apr 1997 (W16),Tranmere Rovers FC (44),1-1,?,Sheffield United FC (44)
?,(Sat) 19 Apr 1997 (W16),Wolverhampton Wanderers FC (43),4-1,?,Southend United FC (44)
?,(Sun) 20 Apr 1997 (W16),Stoke City FC (44),2-0,?,Port Vale FC (44)
?,(Tue) 22 Apr 1997 (W17),Ipswich Town FC (44),1-0,?,Manchester City FC (44)
?,(Tue) 22 Apr 1997 (W17),Portsmouth FC (44),4-2,?,Barnsley FC (44)
?,(Wed) 23 Apr 1997 (W17),Crystal Palace FC (44),3-2,?,Reading FC (44)
?,(Wed) 23 Apr 1997 (W17),Wolverhampton Wanderers FC (44),1-1,?,Grimsby Town FC (44)
?,(Fri) 25 Apr 1997 (W17),Bolton Wanderers FC (45),4-1,?,Charlton Athletic FC (44)
?,(Fri) 25 Apr 1997 (W17),Norwich City FC (45),0-0,?,Manchester City FC (45)
?,(Fri) 25 Apr 1997 (W17),Portsmouth FC (45),0-1,?,Ipswich Town FC (45)
?,(Fri) 25 Apr 1997 (W17),Sheffield United FC (45),1-0,?,Stoke City FC (45)
?,(Sat) 26 Apr 1997 (W17),Barnsley FC (45),2-0,?,Bradford City AFC (44)
?,(Sat) 26 Apr 1997 (W17),Birmingham City FC (45),2-0,?,Oxford United FC (45)
?,(Sat) 26 Apr 1997 (W17),Queens Park Rangers FC (45),2-0,?,Tranmere Rovers FC (45)
?,(Sat) 26 Apr 1997 (W17),Reading FC (45),2-0,?,Oldham Athletic AFC (45)
?,(Sat) 26 Apr 1997 (W17),Southend United FC (45),1-2,?,Huddersfield Town AFC (45)
?,(Sat) 26 Apr 1997 (W17),Swindon Town FC (45),0-2,?,Crystal Palace FC (45)
?,(Sat) 26 Apr 1997 (W17),West Bromwich Albion FC (45),2-0,?,Grimsby Town FC (45)
?,(Sun) 27 Apr 1997 (W17),Port Vale FC (45),1-2,?,Wolverhampton Wanderers FC (45)
?,(Thu) 1 May 1997 (W18),Bradford City AFC (45),1-0,?,Charlton Athletic FC (45)
?,(Sat) 3 May 1997 (W18),Manchester City FC (46),3-2,?,Reading FC (46)
?,(Sun) 4 May 1997 (W18),Bradford City AFC (46),3-0,?,Queens Park Rangers FC (46)
?,(Sun) 4 May 1997 (W18),Charlton Athletic FC (46),0-0,?,Sheffield United FC (46)
?,(Sun) 4 May 1997 (W18),Crystal Palace FC (46),1-1,?,Port Vale FC (46)
?,(Sun) 4 May 1997 (W18),Grimsby Town FC (46),4-0,?,Southend United FC (46)
?,(Sun) 4 May 1997 (W18),Huddersfield Town AFC (46),0-0,?,Swindon Town FC (46)
?,(Sun) 4 May 1997 (W18),Ipswich Town FC (46),1-1,?,Birmingham City FC (46)
?,(Sun) 4 May 1997 (W18),Oldham Athletic AFC (46),3-0,?,Norwich City FC (46)
?,(Sun) 4 May 1997 (W18),Oxford United FC (46),5-1,?,Barnsley FC (46)
?,(Sun) 4 May 1997 (W18),Stoke City FC (46),2-1,?,West Bromwich Albion FC (46)
?,(Sun) 4 May 1997 (W18),Tranmere Rovers FC (46),2-2,?,Bolton Wanderers FC (46)
?,(Sun) 4 May 1997 (W18),Wolverhampton Wanderers FC (46),0-1,?,Portsmouth FC (46)
