Round,Date,Team 1,FT,HT,Team 2
?,(Sat) 15 Aug 1992 (32),Leicester City FC (1),2-1,?,Luton Town FC (1)
?,(Sat) 15 Aug 1992 (32),Oxford United FC (1),2-1,?,Bristol Rovers FC (1)
?,(Sat) 15 Aug 1992 (32),Tranmere Rovers FC (1),2-0,?,Cambridge United FC (1)
?,(Sat) 15 Aug 1992 (32),Swindon Town FC (1),1-0,?,Sunderland AFC (1)
?,(Sat) 15 Aug 1992 (32),Peterborough United FC (1),1-0,?,Derby County FC (1)
?,(Sat) 15 Aug 1992 (32),Charlton Athletic FC (1),3-1,?,Grimsby Town FC (1)
?,(Sat) 15 Aug 1992 (32),Watford FC (1),3-1,?,Millwall FC (1)
?,(Sat) 15 Aug 1992 (32),Brentford FC (1),0-2,?,Wolverhampton Wanderers FC (1)
?,(Sat) 15 Aug 1992 (32),Bristol City FC (1),3-3,?,Portsmouth FC (1)
?,(Sat) 15 Aug 1992 (32),Newcastle United FC (1),3-2,?,Southend United FC (1)
?,(Sun) 16 Aug 1992 (32),Barnsley FC (1),0-1,?,West Ham United FC (1)
?,(Sun) 16 Aug 1992 (32),Birmingham City FC (1),1-0,?,Notts County FC (1)
?,(Tue) 18 Aug 1992 (33),Wolverhampton Wanderers FC (2),3-0,?,Leicester City FC (2)
?,(Tue) 18 Aug 1992 (33),Cambridge United FC (2),0-1,?,Charlton Athletic FC (2)
?,(Wed) 19 Aug 1992 (33),Bristol Rovers FC (2),3-4,?,Swindon Town FC (2)
?,(Sat) 22 Aug 1992 (33),West Ham United FC (2),0-1,?,Charlton Athletic FC (3)
?,(Sat) 22 Aug 1992 (33),Bristol Rovers FC (3),2-1,?,Brentford FC (2)
?,(Sat) 22 Aug 1992 (33),Southend United FC (2),0-1,?,Peterborough United FC (2)
?,(Sat) 22 Aug 1992 (33),Wolverhampton Wanderers FC (3),2-2,?,Swindon Town FC (3)
?,(Sat) 22 Aug 1992 (33),Notts County FC (2),1-1,?,Leicester City FC (3)
?,(Sat) 22 Aug 1992 (33),Cambridge United FC (3),0-3,?,Birmingham City FC (2)
?,(Sat) 22 Aug 1992 (33),Portsmouth FC (2),1-0,?,Barnsley FC (2)
?,(Sat) 22 Aug 1992 (33),Millwall FC (2),3-1,?,Oxford United FC (2)
?,(Sat) 22 Aug 1992 (33),Luton Town FC (2),0-3,?,Bristol City FC (2)
?,(Sat) 22 Aug 1992 (33),Derby County FC (2),1-2,?,Newcastle United FC (2)
?,(Sat) 22 Aug 1992 (33),Sunderland AFC (2),1-0,?,Tranmere Rovers FC (2)
?,(Sat) 22 Aug 1992 (33),Grimsby Town FC (2),3-2,?,Watford FC (2)
?,(Tue) 25 Aug 1992 (34),Notts County FC (3),1-2,?,Watford FC (3)
?,(Tue) 25 Aug 1992 (34),Charlton Athletic FC (4),4-1,?,Bristol Rovers FC (4)
?,(Wed) 26 Aug 1992 (34),Leicester City FC (4),3-2,?,Derby County FC (3)
?,(Fri) 28 Aug 1992 (34),Tranmere Rovers FC (3),2-1,?,Bristol Rovers FC (5)
?,(Sat) 29 Aug 1992 (34),Watford FC (4),0-0,?,Derby County FC (4)
?,(Sat) 29 Aug 1992 (34),Barnsley FC (3),0-0,?,Millwall FC (3)
?,(Sat) 29 Aug 1992 (34),Peterborough United FC (3),1-3,?,Notts County FC (4)
?,(Sat) 29 Aug 1992 (34),Newcastle United FC (3),2-0,?,West Ham United FC (3)
?,(Sat) 29 Aug 1992 (34),Brentford FC (3),2-1,?,Southend United FC (3)
?,(Sat) 29 Aug 1992 (34),Swindon Town FC (4),4-1,?,Cambridge United FC (4)
?,(Sat) 29 Aug 1992 (34),Leicester City FC (5),1-0,?,Portsmouth FC (3)
?,(Sat) 29 Aug 1992 (34),Bristol City FC (3),0-0,?,Sunderland AFC (3)
?,(Sat) 29 Aug 1992 (34),Oxford United FC (3),0-0,?,Wolverhampton Wanderers FC (4)
?,(Sat) 29 Aug 1992 (34),Charlton Athletic FC (5),0-0,?,Luton Town FC (3)
?,(Sun) 30 Aug 1992 (34),Birmingham City FC (3),2-1,?,Grimsby Town FC (3)
?,(Tue) 1 Sep 1992 (35),Birmingham City FC (4),2-0,?,Southend United FC (4)
?,(Tue) 1 Sep 1992 (35),Barnsley FC (4),0-1,?,Wolverhampton Wanderers FC (5)
?,(Tue) 1 Sep 1992 (35),Brentford FC (4),4-1,?,Portsmouth FC (4)
?,(Wed) 2 Sep 1992 (35),Newcastle United FC (4),2-0,?,Luton Town FC (4)
?,(Fri) 4 Sep 1992 (35),Cambridge United FC (5),1-0,?,Brentford FC (5)
?,(Sat) 5 Sep 1992 (35),West Ham United FC (4),2-1,?,Watford FC (5)
?,(Sat) 5 Sep 1992 (35),Southend United FC (5),3-1,?,Leicester City FC (6)
?,(Sat) 5 Sep 1992 (35),Wolverhampton Wanderers FC (6),4-3,?,Peterborough United FC (4)
?,(Sat) 5 Sep 1992 (35),Millwall FC (4),2-1,?,Swindon Town FC (5)
?,(Sat) 5 Sep 1992 (35),Bristol Rovers FC (6),1-2,?,Newcastle United FC (5)
?,(Sat) 5 Sep 1992 (35),Portsmouth FC (5),4-0,?,Birmingham City FC (5)
?,(Sat) 5 Sep 1992 (35),Grimsby Town FC (4),1-1,?,Oxford United FC (4)
?,(Sat) 5 Sep 1992 (35),Notts County FC (5),1-3,?,Barnsley FC (5)
?,(Sat) 5 Sep 1992 (35),Luton Town FC (5),3-3,?,Tranmere Rovers FC (4)
?,(Sat) 5 Sep 1992 (35),Sunderland AFC (4),0-2,?,Charlton Athletic FC (6)
?,(Sun) 6 Sep 1992 (35),Derby County FC (5),3-4,?,Bristol City FC (4)
?,(Sat) 12 Sep 1992 (36),Millwall FC (5),0-0,?,Birmingham City FC (6)
?,(Sat) 12 Sep 1992 (36),Bristol City FC (5),0-1,?,Southend United FC (6)
?,(Sat) 12 Sep 1992 (36),Charlton Athletic FC (7),0-0,?,Cambridge United FC (6)
?,(Sat) 12 Sep 1992 (36),Newcastle United FC (6),3-1,?,Portsmouth FC (6)
?,(Sat) 12 Sep 1992 (36),Oxford United FC (5),0-1,?,Sunderland AFC (5)
?,(Sat) 12 Sep 1992 (36),Watford FC (6),1-3,?,Notts County FC (6)
?,(Sat) 12 Sep 1992 (36),Swindon Town FC (6),2-2,?,Bristol Rovers FC (7)
?,(Sat) 12 Sep 1992 (36),Tranmere Rovers FC (5),1-1,?,Grimsby Town FC (5)
?,(Sat) 12 Sep 1992 (36),Peterborough United FC (5),1-3,?,West Ham United FC (5)
?,(Sat) 12 Sep 1992 (36),Barnsley FC (6),1-1,?,Derby County FC (6)
?,(Sun) 13 Sep 1992 (36),Leicester City FC (7),0-0,?,Wolverhampton Wanderers FC (7)
?,(Sun) 13 Sep 1992 (36),Brentford FC (6),1-2,?,Luton Town FC (6)
?,(Tue) 15 Sep 1992 (37),Bristol City FC (6),1-5,?,West Ham United FC (6)
?,(Tue) 15 Sep 1992 (37),Peterborough United FC (6),0-0,?,Millwall FC (6)
?,(Tue) 15 Sep 1992 (37),Oxford United FC (6),3-0,?,Cambridge United FC (7)
?,(Fri) 18 Sep 1992 (37),Tranmere Rovers FC (6),0-0,?,Charlton Athletic FC (8)
?,(Fri) 18 Sep 1992 (37),Southend United FC (7),0-0,?,Portsmouth FC (7)
?,(Sat) 19 Sep 1992 (37),Leicester City FC (8),0-0,?,Brentford FC (7)
?,(Sat) 19 Sep 1992 (37),Barnsley FC (7),1-2,?,Peterborough United FC (7)
?,(Sat) 19 Sep 1992 (37),Millwall FC (7),6-0,?,Notts County FC (7)
?,(Sat) 19 Sep 1992 (37),Wolverhampton Wanderers FC (8),2-2,?,Watford FC (7)
?,(Sat) 19 Sep 1992 (37),Luton Town FC (7),1-1,?,Birmingham City FC (7)
?,(Sat) 19 Sep 1992 (37),Newcastle United FC (7),5-0,?,Bristol City FC (7)
?,(Sat) 19 Sep 1992 (37),Cambridge United FC (8),2-1,?,Sunderland AFC (6)
?,(Sat) 19 Sep 1992 (37),Bristol Rovers FC (8),0-3,?,Grimsby Town FC (6)
?,(Sun) 20 Sep 1992 (37),Swindon Town FC (7),2-2,?,Oxford United FC (7)
?,(Sun) 20 Sep 1992 (37),West Ham United FC (7),1-1,?,Derby County FC (7)
?,(Sat) 26 Sep 1992 (38),Sunderland AFC (7),1-1,?,Bristol Rovers FC (9)
?,(Sat) 26 Sep 1992 (38),Notts County FC (8),0-0,?,Luton Town FC (8)
?,(Sat) 26 Sep 1992 (38),Derby County FC (8),2-0,?,Southend United FC (8)
?,(Sat) 26 Sep 1992 (38),Charlton Athletic FC (9),2-0,?,Swindon Town FC (8)
?,(Sat) 26 Sep 1992 (38),Grimsby Town FC (7),1-1,?,Cambridge United FC (9)
?,(Sat) 26 Sep 1992 (38),Brentford FC (8),1-1,?,Millwall FC (8)
?,(Sat) 26 Sep 1992 (38),Watford FC (8),0-3,?,Leicester City FC (9)
?,(Sat) 26 Sep 1992 (38),Oxford United FC (8),1-2,?,Tranmere Rovers FC (7)
?,(Sat) 26 Sep 1992 (38),Peterborough United FC (8),0-1,?,Newcastle United FC (8)
?,(Sat) 26 Sep 1992 (38),Bristol City FC (8),2-1,?,Barnsley FC (8)
?,(Sun) 27 Sep 1992 (38),Portsmouth FC (8),0-1,?,West Ham United FC (8)
?,(Sun) 27 Sep 1992 (38),Birmingham City FC (8),0-4,?,Wolverhampton Wanderers FC (9)
?,(Tue) 29 Sep 1992 (39),Swindon Town FC (9),1-0,?,Grimsby Town FC (8)
?,(Tue) 29 Sep 1992 (39),Tranmere Rovers FC (8),3-1,?,Notts County FC (9)
?,(Tue) 29 Sep 1992 (39),Watford FC (9),2-1,?,Sunderland AFC (8)
?,(Sat) 3 Oct 1992 (39),Luton Town FC (9),1-4,?,Portsmouth FC (9)
?,(Sat) 3 Oct 1992 (39),Swindon Town FC (10),3-1,?,Watford FC (10)
?,(Sat) 3 Oct 1992 (39),Oxford United FC (9),0-0,?,Birmingham City FC (9)
?,(Sat) 3 Oct 1992 (39),Grimsby Town FC (9),1-3,?,Peterborough United FC (9)
?,(Sat) 3 Oct 1992 (39),Bristol Rovers FC (10),3-3,?,Notts County FC (10)
?,(Sat) 3 Oct 1992 (39),Tranmere Rovers FC (9),3-0,?,Bristol City FC (9)
?,(Sat) 3 Oct 1992 (39),Charlton Athletic FC (10),1-1,?,Southend United FC (9)
?,(Sat) 3 Oct 1992 (39),Sunderland AFC (9),2-0,?,Millwall FC (9)
?,(Sat) 3 Oct 1992 (39),Cambridge United FC (10),1-3,?,Derby County FC (9)
?,(Sat) 3 Oct 1992 (39),Leicester City FC (10),2-1,?,Barnsley FC (9)
?,(Sun) 4 Oct 1992 (39),Brentford FC (9),1-2,?,Newcastle United FC (9)
?,(Sun) 4 Oct 1992 (39),Wolverhampton Wanderers FC (10),0-0,?,West Ham United FC (9)
?,(Sat) 10 Oct 1992 (40),Watford FC (11),4-2,?,Bristol Rovers FC (11)
?,(Sat) 10 Oct 1992 (40),Southend United FC (10),1-1,?,Wolverhampton Wanderers FC (11)
?,(Sat) 10 Oct 1992 (40),Bristol City FC (10),2-1,?,Charlton Athletic FC (11)
?,(Sat) 10 Oct 1992 (40),Millwall FC (10),2-2,?,Cambridge United FC (11)
?,(Sat) 10 Oct 1992 (40),Birmingham City FC (10),0-2,?,Leicester City FC (11)
?,(Sat) 10 Oct 1992 (40),Notts County FC (11),1-0,?,Grimsby Town FC (10)
?,(Sat) 10 Oct 1992 (40),Barnsley FC (10),3-0,?,Luton Town FC (10)
?,(Sat) 10 Oct 1992 (40),Peterborough United FC (10),0-0,?,Brentford FC (10)
?,(Sat) 10 Oct 1992 (40),Portsmouth FC (10),3-1,?,Swindon Town FC (11)
?,(Sat) 10 Oct 1992 (40),Newcastle United FC (10),1-0,?,Tranmere Rovers FC (10)
?,(Sun) 11 Oct 1992 (40),Derby County FC (10),0-1,?,Oxford United FC (10)
?,(Sun) 11 Oct 1992 (40),West Ham United FC (10),6-0,?,Sunderland AFC (10)
?,(Sat) 17 Oct 1992 (41),Wolverhampton Wanderers FC (12),1-1,?,Portsmouth FC (11)
?,(Sat) 17 Oct 1992 (41),Cambridge United FC (12),2-1,?,Bristol City FC (11)
?,(Sat) 17 Oct 1992 (41),Grimsby Town FC (11),1-0,?,Southend United FC (11)
?,(Sat) 17 Oct 1992 (41),Brentford FC (11),1-1,?,Watford FC (12)
?,(Sat) 17 Oct 1992 (41),Luton Town FC (11),1-3,?,Derby County FC (11)
?,(Sat) 17 Oct 1992 (41),Bristol Rovers FC (12),0-4,?,West Ham United FC (11)
?,(Sat) 17 Oct 1992 (41),Oxford United FC (11),0-0,?,Barnsley FC (11)
?,(Sat) 17 Oct 1992 (41),Swindon Town FC (12),5-1,?,Notts County FC (12)
?,(Sat) 17 Oct 1992 (41),Tranmere Rovers FC (11),4-0,?,Birmingham City FC (11)
?,(Sun) 18 Oct 1992 (41),Leicester City FC (12),0-2,?,Peterborough United FC (11)
?,(Sun) 18 Oct 1992 (41),Sunderland AFC (11),1-2,?,Newcastle United FC (11)
?,(Sun) 18 Oct 1992 (41),Charlton Athletic FC (12),0-2,?,Millwall FC (11)
?,(Sat) 24 Oct 1992 (42),Barnsley FC (12),3-2,?,Brentford FC (12)
?,(Sat) 24 Oct 1992 (42),Portsmouth FC (12),2-0,?,Sunderland AFC (12)
?,(Sat) 24 Oct 1992 (42),Newcastle United FC (12),0-1,?,Grimsby Town FC (12)
?,(Sat) 24 Oct 1992 (42),West Ham United FC (12),0-1,?,Swindon Town FC (13)
?,(Sat) 24 Oct 1992 (42),Bristol City FC (12),2-1,?,Leicester City FC (13)
?,(Sat) 24 Oct 1992 (42),Notts County FC (13),1-1,?,Oxford United FC (12)
?,(Sat) 24 Oct 1992 (42),Watford FC (13),3-2,?,Tranmere Rovers FC (12)
?,(Sat) 24 Oct 1992 (42),Peterborough United FC (12),2-3,?,Luton Town FC (12)
?,(Sat) 24 Oct 1992 (42),Derby County FC (12),4-3,?,Charlton Athletic FC (13)
?,(Sat) 24 Oct 1992 (42),Birmingham City FC (12),2-1,?,Bristol Rovers FC (13)
?,(Sun) 25 Oct 1992 (42),Millwall FC (12),2-0,?,Wolverhampton Wanderers FC (13)
?,(Sun) 25 Oct 1992 (42),Southend United FC (12),1-1,?,Cambridge United FC (13)
?,(Fri) 30 Oct 1992 (43),Tranmere Rovers FC (13),1-1,?,Peterborough United FC (13)
?,(Sat) 31 Oct 1992 (43),Sunderland AFC (13),2-2,?,Notts County FC (14)
?,(Sat) 31 Oct 1992 (43),Swindon Town FC (14),1-0,?,Barnsley FC (13)
?,(Sat) 31 Oct 1992 (43),Cambridge United FC (14),2-1,?,West Ham United FC (13)
?,(Sat) 31 Oct 1992 (43),Leicester City FC (14),2-1,?,Newcastle United FC (13)
?,(Sat) 31 Oct 1992 (43),Wolverhampton Wanderers FC (14),0-2,?,Derby County FC (13)
?,(Sat) 31 Oct 1992 (43),Brentford FC (13),5-1,?,Bristol City FC (13)
?,(Sat) 31 Oct 1992 (43),Grimsby Town FC (13),3-0,?,Portsmouth FC (13)
?,(Sat) 31 Oct 1992 (43),Bristol Rovers FC (14),1-0,?,Millwall FC (13)
?,(Sat) 31 Oct 1992 (43),Oxford United FC (13),1-1,?,Watford FC (14)
?,(Sat) 31 Oct 1992 (43),Luton Town FC (13),2-2,?,Southend United FC (13)
?,(Sun) 1 Nov 1992 (43),Charlton Athletic FC (14),0-0,?,Birmingham City FC (13)
?,(Tue) 3 Nov 1992 (44),Grimsby Town FC (14),1-1,?,West Ham United FC (14)
?,(Tue) 3 Nov 1992 (44),Tranmere Rovers FC (14),3-0,?,Southend United FC (14)
?,(Tue) 3 Nov 1992 (44),Cambridge United FC (15),3-3,?,Luton Town FC (14)
?,(Tue) 3 Nov 1992 (44),Watford FC (15),1-2,?,Peterborough United FC (14)
?,(Tue) 3 Nov 1992 (44),Swindon Town FC (15),0-2,?,Brentford FC (14)
?,(Tue) 3 Nov 1992 (44),Oxford United FC (14),5-5,?,Portsmouth FC (14)
?,(Tue) 3 Nov 1992 (44),Notts County FC (15),0-2,?,Derby County FC (14)
?,(Tue) 3 Nov 1992 (44),Bristol Rovers FC (15),1-5,?,Barnsley FC (14)
?,(Tue) 3 Nov 1992 (44),Sunderland AFC (14),2-0,?,Wolverhampton Wanderers FC (15)
?,(Wed) 4 Nov 1992 (44),Birmingham City FC (14),2-3,?,Newcastle United FC (14)
?,(Wed) 4 Nov 1992 (44),Millwall FC (14),4-1,?,Bristol City FC (14)
?,(Wed) 4 Nov 1992 (44),Charlton Athletic FC (15),2-0,?,Leicester City FC (15)
?,(Sat) 7 Nov 1992 (44),Derby County FC (15),1-2,?,Millwall FC (15)
?,(Sat) 7 Nov 1992 (44),Bristol City FC (15),3-0,?,Birmingham City FC (15)
?,(Sat) 7 Nov 1992 (44),Wolverhampton Wanderers FC (16),5-1,?,Bristol Rovers FC (16)
?,(Sat) 7 Nov 1992 (44),Peterborough United FC (15),5-2,?,Sunderland AFC (15)
?,(Sat) 7 Nov 1992 (44),Brentford FC (15),2-0,?,Charlton Athletic FC (16)
?,(Sat) 7 Nov 1992 (44),Leicester City FC (16),0-1,?,Tranmere Rovers FC (15)
?,(Sat) 7 Nov 1992 (44),West Ham United FC (15),2-0,?,Notts County FC (16)
?,(Sat) 7 Nov 1992 (44),Portsmouth FC (15),3-0,?,Cambridge United FC (16)
?,(Sat) 7 Nov 1992 (44),Barnsley FC (15),0-1,?,Watford FC (16)
?,(Sat) 7 Nov 1992 (44),Southend United FC (15),0-3,?,Oxford United FC (15)
?,(Sat) 7 Nov 1992 (44),Luton Town FC (15),1-4,?,Grimsby Town FC (15)
?,(Sun) 8 Nov 1992 (44),Newcastle United FC (15),0-0,?,Swindon Town FC (16)
?,(Sat) 14 Nov 1992 (45),Watford FC (17),0-0,?,Portsmouth FC (16)
?,(Sat) 14 Nov 1992 (45),Cambridge United FC (17),1-2,?,Barnsley FC (16)
?,(Sat) 14 Nov 1992 (45),Oxford United FC (16),4-0,?,Luton Town FC (16)
?,(Sat) 14 Nov 1992 (45),Grimsby Town FC (16),2-1,?,Bristol City FC (16)
?,(Sat) 14 Nov 1992 (45),Bristol Rovers FC (17),1-2,?,Derby County FC (16)
?,(Sat) 14 Nov 1992 (45),Swindon Town FC (17),3-2,?,Southend United FC (16)
?,(Sat) 14 Nov 1992 (45),Tranmere Rovers FC (16),3-2,?,Brentford FC (16)
?,(Sat) 14 Nov 1992 (45),Notts County FC (17),2-2,?,Wolverhampton Wanderers FC (17)
?,(Sat) 14 Nov 1992 (45),Charlton Athletic FC (17),1-3,?,Newcastle United FC (16)
?,(Sun) 15 Nov 1992 (45),Millwall FC (16),2-1,?,West Ham United FC (16)
?,(Sun) 15 Nov 1992 (45),Sunderland AFC (16),1-2,?,Leicester City FC (17)
?,(Sat) 21 Nov 1992 (46),Peterborough United FC (16),1-1,?,Bristol Rovers FC (18)
?,(Sat) 21 Nov 1992 (46),West Ham United FC (17),5-3,?,Oxford United FC (17)
?,(Sat) 21 Nov 1992 (46),Derby County FC (17),0-1,?,Sunderland AFC (17)
?,(Sat) 21 Nov 1992 (46),Newcastle United FC (17),2-0,?,Watford FC (18)
?,(Sat) 21 Nov 1992 (46),Portsmouth FC (17),4-0,?,Tranmere Rovers FC (17)
?,(Sat) 21 Nov 1992 (46),Southend United FC (17),3-1,?,Notts County FC (18)
?,(Sat) 21 Nov 1992 (46),Leicester City FC (18),2-2,?,Cambridge United FC (18)
?,(Sat) 21 Nov 1992 (46),Brentford FC (17),1-3,?,Grimsby Town FC (17)
?,(Sat) 21 Nov 1992 (46),Bristol City FC (17),2-2,?,Swindon Town FC (18)
?,(Sat) 21 Nov 1992 (46),Luton Town FC (17),1-1,?,Millwall FC (17)
?,(Sat) 21 Nov 1992 (46),Barnsley FC (17),1-0,?,Birmingham City FC (16)
?,(Sun) 22 Nov 1992 (46),Wolverhampton Wanderers FC (18),2-1,?,Charlton Athletic FC (18)
?,(Sat) 28 Nov 1992 (47),Leicester City FC (19),0-1,?,Bristol Rovers FC (19)
?,(Sat) 28 Nov 1992 (47),Brentford FC (18),1-0,?,Oxford United FC (18)
?,(Sat) 28 Nov 1992 (47),Wolverhampton Wanderers FC (19),2-1,?,Grimsby Town FC (18)
?,(Sat) 28 Nov 1992 (47),Newcastle United FC (18),4-1,?,Cambridge United FC (19)
?,(Sat) 28 Nov 1992 (47),Barnsley FC (18),1-0,?,Charlton Athletic FC (19)
?,(Sat) 28 Nov 1992 (47),Derby County FC (18),1-2,?,Tranmere Rovers FC (18)
?,(Sat) 28 Nov 1992 (47),Southend United FC (18),0-1,?,Sunderland AFC (18)
?,(Sat) 28 Nov 1992 (47),Portsmouth FC (18),1-0,?,Millwall FC (18)
?,(Sat) 28 Nov 1992 (47),Bristol City FC (18),1-0,?,Notts County FC (19)
?,(Sat) 28 Nov 1992 (47),West Ham United FC (18),3-1,?,Birmingham City FC (17)
?,(Sun) 29 Nov 1992 (47),Peterborough United FC (17),3-3,?,Swindon Town FC (19)
?,(Sun) 29 Nov 1992 (47),Luton Town FC (18),2-0,?,Watford FC (19)
?,(Fri) 4 Dec 1992 (48),Tranmere Rovers FC (19),5-2,?,West Ham United FC (19)
?,(Sat) 5 Dec 1992 (48),Grimsby Town FC (19),1-3,?,Leicester City FC (20)
?,(Sat) 5 Dec 1992 (48),Bristol Rovers FC (20),2-0,?,Luton Town FC (19)
?,(Sat) 5 Dec 1992 (48),Notts County FC (20),0-2,?,Newcastle United FC (19)
?,(Sat) 5 Dec 1992 (48),Cambridge United FC (20),1-1,?,Wolverhampton Wanderers FC (20)
?,(Sat) 5 Dec 1992 (48),Watford FC (20),0-0,?,Bristol City FC (19)
?,(Sat) 5 Dec 1992 (48),Birmingham City FC (18),1-3,?,Brentford FC (19)
?,(Sat) 5 Dec 1992 (48),Sunderland AFC (19),2-1,?,Barnsley FC (19)
?,(Sat) 5 Dec 1992 (48),Charlton Athletic FC (20),1-0,?,Portsmouth FC (19)
?,(Sat) 5 Dec 1992 (48),Millwall FC (19),1-1,?,Southend United FC (19)
?,(Sun) 6 Dec 1992 (48),Swindon Town FC (20),2-4,?,Derby County FC (19)
?,(Sat) 12 Dec 1992 (49),Wolverhampton Wanderers FC (21),1-2,?,Luton Town FC (20)
?,(Sat) 12 Dec 1992 (49),Notts County FC (21),1-0,?,Cambridge United FC (21)
?,(Sat) 12 Dec 1992 (49),Millwall FC (20),2-1,?,Grimsby Town FC (20)
?,(Sat) 12 Dec 1992 (49),Peterborough United FC (18),1-1,?,Portsmouth FC (20)
?,(Sat) 12 Dec 1992 (49),Derby County FC (20),3-1,?,Birmingham City FC (19)
?,(Sat) 12 Dec 1992 (49),West Ham United FC (20),2-0,?,Southend United FC (20)
?,(Sat) 12 Dec 1992 (49),Sunderland AFC (20),1-3,?,Brentford FC (20)
?,(Sun) 13 Dec 1992 (49),Barnsley FC (20),1-0,?,Newcastle United FC (20)
?,(Sun) 13 Dec 1992 (49),Watford FC (21),1-1,?,Charlton Athletic FC (21)
?,(Sun) 13 Dec 1992 (49),Oxford United FC (19),0-0,?,Leicester City FC (21)
?,(Sun) 13 Dec 1992 (49),Bristol Rovers FC (21),4-0,?,Bristol City FC (20)
?,(Fri) 18 Dec 1992 (50),Cambridge United FC (22),0-1,?,Bristol Rovers FC (22)
?,(Sat) 19 Dec 1992 (50),Tranmere Rovers FC (20),3-0,?,Wolverhampton Wanderers FC (22)
?,(Sat) 19 Dec 1992 (50),Charlton Athletic FC (22),1-1,?,Oxford United FC (20)
?,(Sat) 19 Dec 1992 (50),Southend United FC (21),3-0,?,Barnsley FC (21)
?,(Sat) 19 Dec 1992 (50),Birmingham City FC (20),2-2,?,Watford FC (22)
?,(Sat) 19 Dec 1992 (50),Portsmouth FC (21),0-0,?,Notts County FC (22)
?,(Sat) 19 Dec 1992 (50),Bristol City FC (21),0-1,?,Peterborough United FC (19)
?,(Sat) 19 Dec 1992 (50),Luton Town FC (21),0-0,?,Sunderland AFC (21)
?,(Sun) 20 Dec 1992 (50),Grimsby Town FC (21),0-2,?,Derby County FC (21)
?,(Sun) 20 Dec 1992 (50),Newcastle United FC (21),1-1,?,Millwall FC (21)
?,(Sun) 20 Dec 1992 (50),Brentford FC (21),0-0,?,West Ham United FC (21)
?,(Sun) 20 Dec 1992 (50),Leicester City FC (22),4-2,?,Swindon Town FC (21)
?,(Sat) 26 Dec 1992 (51),Bristol City FC (22),1-1,?,Oxford United FC (21)
?,(Sat) 26 Dec 1992 (51),Tranmere Rovers FC (21),1-1,?,Millwall FC (22)
?,(Sat) 26 Dec 1992 (51),Southend United FC (22),1-2,?,Watford FC (23)
?,(Sat) 26 Dec 1992 (51),Brentford FC (22),2-1,?,Derby County FC (22)
?,(Sat) 26 Dec 1992 (51),Newcastle United FC (22),2-1,?,Wolverhampton Wanderers FC (23)
?,(Sat) 26 Dec 1992 (51),Portsmouth FC (22),4-1,?,Bristol Rovers FC (23)
?,(Sat) 26 Dec 1992 (51),Charlton Athletic FC (23),1-1,?,West Ham United FC (22)
?,(Sat) 26 Dec 1992 (51),Grimsby Town FC (22),4-2,?,Barnsley FC (22)
?,(Mon) 28 Dec 1992 (52),Millwall FC (23),2-0,?,Leicester City FC (23)
?,(Mon) 28 Dec 1992 (52),Bristol Rovers FC (24),0-2,?,Southend United FC (23)
?,(Mon) 28 Dec 1992 (52),Wolverhampton Wanderers FC (24),0-0,?,Bristol City FC (23)
?,(Mon) 28 Dec 1992 (52),Derby County FC (23),2-4,?,Portsmouth FC (23)
?,(Mon) 28 Dec 1992 (52),Peterborough United FC (20),1-1,?,Charlton Athletic FC (24)
?,(Mon) 28 Dec 1992 (52),West Ham United FC (23),2-2,?,Luton Town FC (22)
?,(Mon) 28 Dec 1992 (52),Barnsley FC (23),3-1,?,Tranmere Rovers FC (22)
?,(Mon) 28 Dec 1992 (52),Notts County FC (23),1-1,?,Brentford FC (23)
?,(Mon) 28 Dec 1992 (52),Sunderland AFC (22),2-0,?,Grimsby Town FC (23)
?,(Mon) 28 Dec 1992 (52),Watford FC (24),2-2,?,Cambridge United FC (23)
?,(Mon) 28 Dec 1992 (52),Oxford United FC (22),4-2,?,Newcastle United FC (23)
?,(Sat) 9 Jan 1993 (1),Notts County FC (24),1-2,?,Millwall FC (24)
?,(Sat) 9 Jan 1993 (1),Watford FC (25),3-1,?,Wolverhampton Wanderers FC (25)
?,(Sat) 9 Jan 1993 (1),Birmingham City FC (21),2-1,?,Luton Town FC (23)
?,(Sat) 9 Jan 1993 (1),Grimsby Town FC (24),2-0,?,Bristol Rovers FC (25)
?,(Sat) 9 Jan 1993 (1),Oxford United FC (23),0-1,?,Swindon Town FC (22)
?,(Sat) 9 Jan 1993 (1),Brentford FC (24),1-3,?,Leicester City FC (24)
?,(Sat) 9 Jan 1993 (1),Charlton Athletic FC (25),2-2,?,Tranmere Rovers FC (23)
?,(Sat) 9 Jan 1993 (1),Sunderland AFC (23),3-3,?,Cambridge United FC (24)
?,(Sat) 9 Jan 1993 (1),Bristol City FC (24),1-2,?,Newcastle United FC (24)
?,(Sat) 9 Jan 1993 (1),Portsmouth FC (24),2-0,?,Southend United FC (24)
?,(Sat) 9 Jan 1993 (1),Peterborough United FC (21),1-1,?,Barnsley FC (24)
?,(Sun) 10 Jan 1993 (1),Derby County FC (24),0-2,?,West Ham United FC (24)
?,(Tue) 12 Jan 1993 (2),Swindon Town FC (23),0-0,?,Birmingham City FC (22)
?,(Fri) 15 Jan 1993 (2),Tranmere Rovers FC (24),4-0,?,Oxford United FC (24)
?,(Sat) 16 Jan 1993 (2),West Ham United FC (25),2-0,?,Portsmouth FC (25)
?,(Sat) 16 Jan 1993 (2),Luton Town FC (24),0-0,?,Notts County FC (25)
?,(Sat) 16 Jan 1993 (2),Leicester City FC (25),5-2,?,Watford FC (26)
?,(Sat) 16 Jan 1993 (2),Cambridge United FC (25),2-0,?,Grimsby Town FC (25)
?,(Sat) 16 Jan 1993 (2),Newcastle United FC (25),3-0,?,Peterborough United FC (22)
?,(Sat) 16 Jan 1993 (2),Barnsley FC (25),2-1,?,Bristol City FC (25)
?,(Sat) 16 Jan 1993 (2),Swindon Town FC (24),2-2,?,Charlton Athletic FC (26)
?,(Sat) 16 Jan 1993 (2),Bristol Rovers FC (26),2-2,?,Sunderland AFC (24)
?,(Sat) 16 Jan 1993 (2),Southend United FC (25),0-0,?,Derby County FC (25)
?,(Sun) 17 Jan 1993 (2),Wolverhampton Wanderers FC (26),2-1,?,Birmingham City FC (23)
?,(Sun) 17 Jan 1993 (2),Millwall FC (25),6-1,?,Brentford FC (25)
?,(Wed) 20 Jan 1993 (3),Southend United FC (26),1-1,?,Newcastle United FC (26)
?,(Fri) 22 Jan 1993 (3),Birmingham City FC (24),2-0,?,Peterborough United FC (23)
?,(Sat) 23 Jan 1993 (3),Cambridge United FC (26),2-2,?,Oxford United FC (25)
?,(Sat) 23 Jan 1993 (3),Portsmouth FC (26),1-0,?,Brentford FC (26)
?,(Sat) 23 Jan 1993 (3),Leicester City FC (26),1-1,?,Notts County FC (26)
?,(Tue) 26 Jan 1993 (4),Grimsby Town FC (26),2-1,?,Swindon Town FC (25)
?,(Tue) 26 Jan 1993 (4),Notts County FC (27),5-1,?,Tranmere Rovers FC (25)
?,(Wed) 27 Jan 1993 (4),Millwall FC (26),4-0,?,Peterborough United FC (24)
?,(Wed) 27 Jan 1993 (4),Bristol Rovers FC (27),0-2,?,Charlton Athletic FC (27)
?,(Wed) 27 Jan 1993 (4),Southend United FC (27),4-0,?,Birmingham City FC (25)
?,(Wed) 27 Jan 1993 (4),Sunderland AFC (25),1-2,?,Watford FC (27)
?,(Wed) 27 Jan 1993 (4),Luton Town FC (25),0-0,?,Newcastle United FC (27)
?,(Wed) 27 Jan 1993 (4),Wolverhampton Wanderers FC (27),1-0,?,Barnsley FC (26)
?,(Wed) 27 Jan 1993 (4),West Ham United FC (26),2-0,?,Bristol City FC (26)
?,(Sat) 30 Jan 1993 (4),Charlton Athletic FC (28),2-1,?,Notts County FC (28)
?,(Sat) 30 Jan 1993 (4),Watford FC (28),2-3,?,Grimsby Town FC (27)
?,(Sat) 30 Jan 1993 (4),Birmingham City FC (26),0-2,?,Cambridge United FC (27)
?,(Sat) 30 Jan 1993 (4),Leicester City FC (27),1-2,?,West Ham United FC (27)
?,(Sat) 30 Jan 1993 (4),Peterborough United FC (25),1-0,?,Southend United FC (28)
?,(Sat) 30 Jan 1993 (4),Barnsley FC (27),1-1,?,Portsmouth FC (27)
?,(Sat) 30 Jan 1993 (4),Brentford FC (27),0-3,?,Bristol Rovers FC (28)
?,(Sat) 30 Jan 1993 (4),Swindon Town FC (26),1-0,?,Wolverhampton Wanderers FC (28)
?,(Sat) 30 Jan 1993 (4),Oxford United FC (26),3-0,?,Millwall FC (27)
?,(Sat) 30 Jan 1993 (4),Bristol City FC (27),0-0,?,Luton Town FC (26)
?,(Sun) 31 Jan 1993 (4),Newcastle United FC (28),1-1,?,Derby County FC (26)
?,(Sat) 6 Feb 1993 (5),Sunderland AFC (26),0-1,?,Swindon Town FC (27)
?,(Sat) 6 Feb 1993 (5),Millwall FC (28),5-2,?,Watford FC (29)
?,(Sat) 6 Feb 1993 (5),Grimsby Town FC (28),1-0,?,Charlton Athletic FC (29)
?,(Sat) 6 Feb 1993 (5),Wolverhampton Wanderers FC (29),1-2,?,Brentford FC (28)
?,(Sat) 6 Feb 1993 (5),Cambridge United FC (28),0-1,?,Tranmere Rovers FC (26)
?,(Sat) 6 Feb 1993 (5),Derby County FC (27),2-3,?,Peterborough United FC (26)
?,(Sat) 6 Feb 1993 (5),Portsmouth FC (28),2-3,?,Bristol City FC (28)
?,(Sat) 6 Feb 1993 (5),Notts County FC (29),3-1,?,Birmingham City FC (27)
?,(Sat) 6 Feb 1993 (5),Bristol Rovers FC (29),0-1,?,Oxford United FC (27)
?,(Sat) 6 Feb 1993 (5),Luton Town FC (27),2-0,?,Leicester City FC (28)
?,(Sat) 6 Feb 1993 (5),West Ham United FC (28),1-1,?,Barnsley FC (28)
?,(Tue) 9 Feb 1993 (6),Birmingham City FC (28),0-0,?,Millwall FC (29)
?,(Tue) 9 Feb 1993 (6),Sunderland AFC (27),2-0,?,Oxford United FC (28)
?,(Tue) 9 Feb 1993 (6),West Ham United FC (29),2-1,?,Peterborough United FC (27)
?,(Tue) 9 Feb 1993 (6),Luton Town FC (28),0-0,?,Brentford FC (29)
?,(Tue) 9 Feb 1993 (6),Portsmouth FC (29),2-0,?,Newcastle United FC (29)
?,(Wed) 10 Feb 1993 (6),Derby County FC (28),3-0,?,Barnsley FC (29)
?,(Wed) 10 Feb 1993 (6),Southend United FC (29),1-1,?,Bristol City FC (29)
?,(Sat) 13 Feb 1993 (6),Peterborough United FC (28),2-3,?,Wolverhampton Wanderers FC (30)
?,(Sat) 13 Feb 1993 (6),Charlton Athletic FC (30),0-1,?,Sunderland AFC (28)
?,(Sat) 13 Feb 1993 (6),Birmingham City FC (29),2-3,?,Portsmouth FC (30)
?,(Sat) 13 Feb 1993 (6),Watford FC (30),1-2,?,West Ham United FC (30)
?,(Sat) 13 Feb 1993 (6),Swindon Town FC (28),3-0,?,Millwall FC (30)
?,(Sat) 13 Feb 1993 (6),Tranmere Rovers FC (27),0-2,?,Luton Town FC (29)
?,(Sun) 14 Feb 1993 (6),Brentford FC (30),0-1,?,Cambridge United FC (29)
?,(Sat) 20 Feb 1993 (7),Sunderland AFC (29),0-0,?,Bristol City FC (30)
?,(Sat) 20 Feb 1993 (7),Wolverhampton Wanderers FC (31),0-1,?,Oxford United FC (29)
?,(Sat) 20 Feb 1993 (7),Millwall FC (31),0-4,?,Barnsley FC (30)
?,(Sat) 20 Feb 1993 (7),Portsmouth FC (31),1-1,?,Leicester City FC (29)
?,(Sat) 20 Feb 1993 (7),Bristol Rovers FC (30),1-0,?,Tranmere Rovers FC (28)
?,(Sat) 20 Feb 1993 (7),Cambridge United FC (30),1-0,?,Swindon Town FC (29)
?,(Sat) 20 Feb 1993 (7),Derby County FC (29),1-2,?,Watford FC (31)
?,(Sat) 20 Feb 1993 (7),Grimsby Town FC (29),1-1,?,Birmingham City FC (30)
?,(Sat) 20 Feb 1993 (7),Luton Town FC (30),1-0,?,Charlton Athletic FC (31)
?,(Sun) 21 Feb 1993 (7),Notts County FC (30),1-0,?,Peterborough United FC (29)
?,(Sun) 21 Feb 1993 (7),Southend United FC (30),3-0,?,Brentford FC (31)
?,(Sun) 21 Feb 1993 (7),West Ham United FC (31),0-0,?,Newcastle United FC (30)
?,(Tue) 23 Feb 1993 (8),Swindon Town FC (30),2-0,?,Tranmere Rovers FC (29)
?,(Tue) 23 Feb 1993 (8),Oxford United FC (30),0-1,?,Grimsby Town FC (30)
?,(Wed) 24 Feb 1993 (8),Derby County FC (30),2-0,?,Leicester City FC (30)
?,(Wed) 24 Feb 1993 (8),Newcastle United FC (31),0-0,?,Bristol Rovers FC (31)
?,(Sat) 27 Feb 1993 (8),Wolverhampton Wanderers FC (32),1-1,?,Southend United FC (31)
?,(Sat) 27 Feb 1993 (8),Luton Town FC (31),2-2,?,Barnsley FC (31)
?,(Sat) 27 Feb 1993 (8),Brentford FC (32),0-1,?,Peterborough United FC (30)
?,(Sat) 27 Feb 1993 (8),Cambridge United FC (31),1-1,?,Millwall FC (32)
?,(Sat) 27 Feb 1993 (8),Grimsby Town FC (31),3-3,?,Notts County FC (31)
?,(Sat) 27 Feb 1993 (8),Charlton Athletic FC (32),2-1,?,Bristol City FC (31)
?,(Sat) 27 Feb 1993 (8),Swindon Town FC (31),1-0,?,Portsmouth FC (32)
?,(Sat) 27 Feb 1993 (8),Oxford United FC (31),0-1,?,Derby County FC (31)
?,(Sat) 27 Feb 1993 (8),Bristol Rovers FC (32),0-3,?,Watford FC (32)
?,(Sat) 27 Feb 1993 (8),Sunderland AFC (30),0-0,?,West Ham United FC (32)
?,(Sun) 28 Feb 1993 (8),Tranmere Rovers FC (30),0-3,?,Newcastle United FC (32)
?,(Sun) 28 Feb 1993 (8),Leicester City FC (31),2-1,?,Birmingham City FC (31)
?,(Wed) 3 Mar 1993 (9),Derby County FC (32),0-0,?,Cambridge United FC (32)
?,(Sat) 6 Mar 1993 (9),Millwall FC (33),0-0,?,Sunderland AFC (31)
?,(Sat) 6 Mar 1993 (9),Peterborough United FC (31),1-0,?,Grimsby Town FC (32)
?,(Sat) 6 Mar 1993 (9),Portsmouth FC (33),2-1,?,Luton Town FC (32)
?,(Sat) 6 Mar 1993 (9),Southend United FC (32),0-2,?,Charlton Athletic FC (33)
?,(Sat) 6 Mar 1993 (9),Barnsley FC (32),2-3,?,Leicester City FC (32)
?,(Sat) 6 Mar 1993 (9),Birmingham City FC (32),1-0,?,Oxford United FC (32)
?,(Sat) 6 Mar 1993 (9),Watford FC (33),0-4,?,Swindon Town FC (32)
?,(Sat) 6 Mar 1993 (9),Notts County FC (32),3-0,?,Bristol Rovers FC (33)
?,(Sat) 6 Mar 1993 (9),West Ham United FC (33),3-1,?,Wolverhampton Wanderers FC (33)
?,(Sat) 6 Mar 1993 (9),Bristol City FC (32),1-3,?,Tranmere Rovers FC (31)
?,(Sat) 6 Mar 1993 (9),Newcastle United FC (33),5-1,?,Brentford FC (33)
?,(Tue) 9 Mar 1993 (10),Barnsley FC (33),2-0,?,Cambridge United FC (33)
?,(Tue) 9 Mar 1993 (10),Portsmouth FC (34),1-0,?,Watford FC (34)
?,(Tue) 9 Mar 1993 (10),Wolverhampton Wanderers FC (34),3-0,?,Notts County FC (33)
?,(Tue) 9 Mar 1993 (10),Luton Town FC (33),3-1,?,Oxford United FC (33)
?,(Tue) 9 Mar 1993 (10),Brentford FC (34),0-1,?,Tranmere Rovers FC (32)
?,(Tue) 9 Mar 1993 (10),Bristol City FC (33),0-1,?,Millwall FC (34)
?,(Tue) 9 Mar 1993 (10),West Ham United FC (34),2-1,?,Grimsby Town FC (33)
?,(Tue) 9 Mar 1993 (10),Peterborough United FC (32),2-1,?,Birmingham City FC (33)
?,(Wed) 10 Mar 1993 (10),Southend United FC (33),1-1,?,Swindon Town FC (33)
?,(Wed) 10 Mar 1993 (10),Derby County FC (33),3-1,?,Bristol Rovers FC (34)
?,(Wed) 10 Mar 1993 (10),Leicester City FC (33),3-2,?,Sunderland AFC (32)
?,(Wed) 10 Mar 1993 (10),Newcastle United FC (34),2-2,?,Charlton Athletic FC (34)
?,(Sat) 13 Mar 1993 (10),Tranmere Rovers FC (33),2-3,?,Leicester City FC (34)
?,(Sat) 13 Mar 1993 (10),Grimsby Town FC (34),3-1,?,Luton Town FC (34)
?,(Sat) 13 Mar 1993 (10),Oxford United FC (34),0-1,?,Southend United FC (34)
?,(Sat) 13 Mar 1993 (10),Watford FC (35),1-2,?,Barnsley FC (34)
?,(Sat) 13 Mar 1993 (10),Birmingham City FC (34),0-1,?,Bristol City FC (34)
?,(Sat) 13 Mar 1993 (10),Cambridge United FC (34),0-1,?,Portsmouth FC (35)
?,(Sat) 13 Mar 1993 (10),Swindon Town FC (34),2-1,?,Newcastle United FC (35)
?,(Sat) 13 Mar 1993 (10),Charlton Athletic FC (35),1-0,?,Brentford FC (35)
?,(Sat) 13 Mar 1993 (10),Notts County FC (34),1-0,?,West Ham United FC (35)
?,(Sat) 13 Mar 1993 (10),Sunderland AFC (33),3-0,?,Peterborough United FC (33)
?,(Sat) 13 Mar 1993 (10),Millwall FC (35),1-0,?,Derby County FC (34)
?,(Sat) 13 Mar 1993 (10),Bristol Rovers FC (35),1-1,?,Wolverhampton Wanderers FC (35)
?,(Tue) 16 Mar 1993 (11),Barnsley FC (35),0-0,?,Notts County FC (35)
?,(Tue) 16 Mar 1993 (11),Cambridge United FC (35),2-2,?,Peterborough United FC (34)
?,(Tue) 16 Mar 1993 (11),Grimsby Town FC (35),0-0,?,Tranmere Rovers FC (34)
?,(Tue) 16 Mar 1993 (11),Birmingham City FC (35),1-0,?,Sunderland AFC (34)
?,(Wed) 17 Mar 1993 (11),Luton Town FC (35),0-0,?,Swindon Town FC (35)
?,(Sat) 20 Mar 1993 (11),Luton Town FC (36),1-1,?,Bristol Rovers FC (36)
?,(Sat) 20 Mar 1993 (11),Brentford FC (36),0-2,?,Birmingham City FC (36)
?,(Sat) 20 Mar 1993 (11),West Ham United FC (36),2-0,?,Tranmere Rovers FC (35)
?,(Sat) 20 Mar 1993 (11),Newcastle United FC (36),4-0,?,Notts County FC (36)
?,(Sat) 20 Mar 1993 (11),Wolverhampton Wanderers FC (36),1-2,?,Cambridge United FC (36)
?,(Sat) 20 Mar 1993 (11),Peterborough United FC (35),1-1,?,Oxford United FC (35)
?,(Sat) 20 Mar 1993 (11),Bristol City FC (35),2-1,?,Watford FC (36)
?,(Sat) 20 Mar 1993 (11),Portsmouth FC (36),1-0,?,Charlton Athletic FC (36)
?,(Sat) 20 Mar 1993 (11),Leicester City FC (35),3-0,?,Grimsby Town FC (36)
?,(Sun) 21 Mar 1993 (11),Southend United FC (35),3-3,?,Millwall FC (36)
?,(Sun) 21 Mar 1993 (11),Barnsley FC (36),2-0,?,Sunderland AFC (35)
?,(Sun) 21 Mar 1993 (11),Derby County FC (35),2-1,?,Swindon Town FC (36)
?,(Tue) 23 Mar 1993 (12),Grimsby Town FC (37),0-1,?,Brentford FC (37)
?,(Tue) 23 Mar 1993 (12),Birmingham City FC (37),3-0,?,Barnsley FC (37)
?,(Tue) 23 Mar 1993 (12),Charlton Athletic FC (37),0-1,?,Wolverhampton Wanderers FC (37)
?,(Tue) 23 Mar 1993 (12),Tranmere Rovers FC (36),0-2,?,Portsmouth FC (37)
?,(Tue) 23 Mar 1993 (12),Cambridge United FC (37),1-3,?,Leicester City FC (36)
?,(Tue) 23 Mar 1993 (12),Oxford United FC (36),1-0,?,West Ham United FC (37)
?,(Tue) 23 Mar 1993 (12),Notts County FC (37),4-0,?,Southend United FC (36)
?,(Tue) 23 Mar 1993 (12),Watford FC (37),1-0,?,Newcastle United FC (37)
?,(Wed) 24 Mar 1993 (12),Bristol Rovers FC (37),3-1,?,Peterborough United FC (36)
?,(Wed) 24 Mar 1993 (12),Sunderland AFC (36),1-0,?,Derby County FC (36)
?,(Wed) 24 Mar 1993 (12),Swindon Town FC (37),2-1,?,Bristol City FC (36)
?,(Wed) 24 Mar 1993 (12),Millwall FC (37),1-0,?,Luton Town FC (37)
?,(Fri) 26 Mar 1993 (12),Southend United FC (37),1-2,?,Tranmere Rovers FC (37)
?,(Sat) 27 Mar 1993 (12),Brentford FC (38),0-0,?,Swindon Town FC (38)
?,(Sat) 27 Mar 1993 (12),Barnsley FC (38),2-1,?,Bristol Rovers FC (38)
?,(Sat) 27 Mar 1993 (12),Peterborough United FC (37),0-0,?,Watford FC (38)
?,(Sat) 27 Mar 1993 (12),Luton Town FC (38),2-0,?,Cambridge United FC (38)
?,(Sat) 27 Mar 1993 (12),Portsmouth FC (38),3-0,?,Oxford United FC (37)
?,(Sat) 27 Mar 1993 (12),Wolverhampton Wanderers FC (38),2-1,?,Sunderland AFC (37)
?,(Sat) 27 Mar 1993 (12),Leicester City FC (37),3-1,?,Charlton Athletic FC (38)
?,(Sun) 28 Mar 1993 (12),Newcastle United FC (38),2-2,?,Birmingham City FC (38)
?,(Sun) 28 Mar 1993 (12),Bristol City FC (37),1-0,?,Grimsby Town FC (38)
?,(Sun) 28 Mar 1993 (12),West Ham United FC (38),2-2,?,Millwall FC (38)
?,(Fri) 2 Apr 1993 (13),Tranmere Rovers FC (38),2-1,?,Derby County FC (37)
?,(Sat) 3 Apr 1993 (13),Millwall FC (39),1-1,?,Portsmouth FC (39)
?,(Sat) 3 Apr 1993 (13),Cambridge United FC (39),0-3,?,Newcastle United FC (39)
?,(Sat) 3 Apr 1993 (13),Watford FC (39),0-0,?,Luton Town FC (39)
?,(Sat) 3 Apr 1993 (13),Swindon Town FC (39),1-0,?,Peterborough United FC (38)
?,(Sat) 3 Apr 1993 (13),Oxford United FC (38),0-2,?,Brentford FC (39)
?,(Sat) 3 Apr 1993 (13),Charlton Athletic FC (39),0-0,?,Barnsley FC (39)
?,(Sat) 3 Apr 1993 (13),Notts County FC (38),0-0,?,Bristol City FC (38)
?,(Sat) 3 Apr 1993 (13),Bristol Rovers FC (39),0-0,?,Leicester City FC (38)
?,(Sat) 3 Apr 1993 (13),Sunderland AFC (38),2-4,?,Southend United FC (38)
?,(Sat) 3 Apr 1993 (13),Birmingham City FC (39),1-2,?,West Ham United FC (39)
?,(Sat) 3 Apr 1993 (13),Grimsby Town FC (39),1-0,?,Wolverhampton Wanderers FC (39)
?,(Tue) 6 Apr 1993 (14),Tranmere Rovers FC (39),3-1,?,Swindon Town FC (40)
?,(Tue) 6 Apr 1993 (14),Portsmouth FC (40),4-0,?,Peterborough United FC (39)
?,(Tue) 6 Apr 1993 (14),Brentford FC (40),1-1,?,Sunderland AFC (39)
?,(Tue) 6 Apr 1993 (14),Bristol City FC (39),2-1,?,Bristol Rovers FC (40)
?,(Tue) 6 Apr 1993 (14),Grimsby Town FC (40),1-0,?,Millwall FC (40)
?,(Tue) 6 Apr 1993 (14),Birmingham City FC (40),1-1,?,Derby County FC (38)
?,(Tue) 6 Apr 1993 (14),Charlton Athletic FC (40),3-1,?,Watford FC (40)
?,(Tue) 6 Apr 1993 (14),Cambridge United FC (40),3-0,?,Notts County FC (39)
?,(Wed) 7 Apr 1993 (14),Leicester City FC (39),2-1,?,Oxford United FC (39)
?,(Wed) 7 Apr 1993 (14),Newcastle United FC (40),6-0,?,Barnsley FC (40)
?,(Wed) 7 Apr 1993 (14),Luton Town FC (40),1-1,?,Wolverhampton Wanderers FC (40)
?,(Wed) 7 Apr 1993 (14),Southend United FC (39),1-0,?,West Ham United FC (40)
?,(Sat) 10 Apr 1993 (14),Wolverhampton Wanderers FC (41),1-0,?,Newcastle United FC (41)
?,(Sat) 10 Apr 1993 (14),Derby County FC (39),3-2,?,Brentford FC (41)
?,(Sat) 10 Apr 1993 (14),Millwall FC (41),0-0,?,Tranmere Rovers FC (40)
?,(Sat) 10 Apr 1993 (14),Watford FC (41),0-0,?,Southend United FC (40)
?,(Sat) 10 Apr 1993 (14),Bristol Rovers FC (41),1-2,?,Portsmouth FC (41)
?,(Sat) 10 Apr 1993 (14),Notts County FC (40),2-0,?,Charlton Athletic FC (41)
?,(Sat) 10 Apr 1993 (14),Peterborough United FC (40),1-0,?,Cambridge United FC (41)
?,(Sat) 10 Apr 1993 (14),Sunderland AFC (40),1-2,?,Birmingham City FC (41)
?,(Sat) 10 Apr 1993 (14),Barnsley FC (41),0-2,?,Grimsby Town FC (41)
?,(Sat) 10 Apr 1993 (14),Oxford United FC (40),2-0,?,Bristol City FC (40)
?,(Sat) 10 Apr 1993 (14),Swindon Town FC (41),1-0,?,Luton Town FC (41)
?,(Sun) 11 Apr 1993 (14),West Ham United FC (41),3-0,?,Leicester City FC (40)
?,(Mon) 12 Apr 1993 (15),Birmingham City FC (42),4-6,?,Swindon Town FC (42)
?,(Mon) 12 Apr 1993 (15),Grimsby Town FC (42),1-0,?,Sunderland AFC (41)
?,(Mon) 12 Apr 1993 (15),Bristol City FC (41),1-0,?,Wolverhampton Wanderers FC (42)
?,(Mon) 12 Apr 1993 (15),Charlton Athletic FC (42),0-1,?,Peterborough United FC (41)
?,(Mon) 12 Apr 1993 (15),Brentford FC (42),2-2,?,Notts County FC (41)
?,(Mon) 12 Apr 1993 (15),Tranmere Rovers FC (41),2-1,?,Barnsley FC (42)
?,(Mon) 12 Apr 1993 (15),Portsmouth FC (42),3-0,?,Derby County FC (40)
?,(Tue) 13 Apr 1993 (15),Luton Town FC (42),2-0,?,West Ham United FC (42)
?,(Tue) 13 Apr 1993 (15),Cambridge United FC (42),1-1,?,Watford FC (42)
?,(Wed) 14 Apr 1993 (15),Leicester City FC (41),3-0,?,Millwall FC (42)
?,(Wed) 14 Apr 1993 (15),Southend United FC (41),3-0,?,Bristol Rovers FC (42)
?,(Sat) 17 Apr 1993 (15),Swindon Town FC (43),1-1,?,Leicester City FC (42)
?,(Sat) 17 Apr 1993 (15),Bristol Rovers FC (43),1-1,?,Cambridge United FC (43)
?,(Sat) 17 Apr 1993 (15),Barnsley FC (43),3-1,?,Southend United FC (42)
?,(Sat) 17 Apr 1993 (15),Notts County FC (42),0-1,?,Portsmouth FC (43)
?,(Sat) 17 Apr 1993 (15),Derby County FC (41),2-1,?,Grimsby Town FC (43)
?,(Sat) 17 Apr 1993 (15),Wolverhampton Wanderers FC (43),0-2,?,Tranmere Rovers FC (42)
?,(Sat) 17 Apr 1993 (15),Oxford United FC (41),0-1,?,Charlton Athletic FC (43)
?,(Sat) 17 Apr 1993 (15),Millwall FC (43),1-2,?,Newcastle United FC (42)
?,(Sat) 17 Apr 1993 (15),Watford FC (43),1-0,?,Birmingham City FC (43)
?,(Sat) 17 Apr 1993 (15),Peterborough United FC (42),1-1,?,Bristol City FC (42)
?,(Sat) 17 Apr 1993 (15),West Ham United FC (43),4-0,?,Brentford FC (43)
?,(Sat) 17 Apr 1993 (15),Sunderland AFC (42),2-2,?,Luton Town FC (43)
?,(Tue) 20 Apr 1993 (16),Leicester City FC (43),4-1,?,Southend United FC (43)
?,(Tue) 20 Apr 1993 (16),Bristol City FC (43),0-0,?,Derby County FC (42)
?,(Tue) 20 Apr 1993 (16),Oxford United FC (42),2-1,?,Peterborough United FC (43)
?,(Fri) 23 Apr 1993 (16),Southend United FC (44),1-0,?,Grimsby Town FC (44)
?,(Sat) 24 Apr 1993 (16),West Ham United FC (44),2-1,?,Bristol Rovers FC (44)
?,(Sat) 24 Apr 1993 (16),Birmingham City FC (44),0-0,?,Tranmere Rovers FC (43)
?,(Sat) 24 Apr 1993 (16),Derby County FC (43),1-1,?,Luton Town FC (44)
?,(Sat) 24 Apr 1993 (16),Notts County FC (43),1-1,?,Swindon Town FC (44)
?,(Sat) 24 Apr 1993 (16),Peterborough United FC (44),3-0,?,Leicester City FC (44)
?,(Sat) 24 Apr 1993 (16),Barnsley FC (44),0-1,?,Oxford United FC (43)
?,(Sat) 24 Apr 1993 (16),Portsmouth FC (44),2-0,?,Wolverhampton Wanderers FC (44)
?,(Sat) 24 Apr 1993 (16),Millwall FC (44),1-0,?,Charlton Athletic FC (44)
?,(Sat) 24 Apr 1993 (16),Bristol City FC (44),0-0,?,Cambridge United FC (44)
?,(Sat) 24 Apr 1993 (16),Watford FC (44),1-0,?,Brentford FC (44)
?,(Sun) 25 Apr 1993 (16),Newcastle United FC (43),1-0,?,Sunderland AFC (43)
?,(Sat) 1 May 1993 (17),Charlton Athletic FC (45),2-1,?,Derby County FC (44)
?,(Sat) 1 May 1993 (17),Luton Town FC (45),0-0,?,Peterborough United FC (45)
?,(Sat) 1 May 1993 (17),Tranmere Rovers FC (44),2-1,?,Watford FC (45)
?,(Sat) 1 May 1993 (17),Wolverhampton Wanderers FC (45),3-1,?,Millwall FC (45)
?,(Sat) 1 May 1993 (17),Brentford FC (45),3-1,?,Barnsley FC (45)
?,(Sat) 1 May 1993 (17),Sunderland AFC (44),4-1,?,Portsmouth FC (45)
?,(Sat) 1 May 1993 (17),Leicester City FC (45),0-0,?,Bristol City FC (45)
?,(Sat) 1 May 1993 (17),Cambridge United FC (45),3-1,?,Southend United FC (45)
?,(Sat) 1 May 1993 (17),Oxford United FC (44),1-1,?,Notts County FC (44)
?,(Sat) 1 May 1993 (17),Bristol Rovers FC (45),3-3,?,Birmingham City FC (45)
?,(Sun) 2 May 1993 (17),Swindon Town FC (45),1-3,?,West Ham United FC (45)
?,(Tue) 4 May 1993 (18),Grimsby Town FC (45),0-2,?,Newcastle United FC (44)
?,(Tue) 4 May 1993 (18),Tranmere Rovers FC (45),2-1,?,Sunderland AFC (45)
?,(Wed) 5 May 1993 (18),Derby County FC (45),2-0,?,Notts County FC (45)
?,(Thu) 6 May 1993 (18),Newcastle United FC (45),2-1,?,Oxford United FC (45)
?,(Sat) 8 May 1993 (18),Bristol City FC (46),4-1,?,Brentford FC (46)
?,(Sat) 8 May 1993 (18),West Ham United FC (46),2-0,?,Cambridge United FC (46)
?,(Sat) 8 May 1993 (18),Barnsley FC (46),1-0,?,Swindon Town FC (46)
?,(Sat) 8 May 1993 (18),Watford FC (46),0-1,?,Oxford United FC (46)
?,(Sat) 8 May 1993 (18),Southend United FC (46),2-1,?,Luton Town FC (46)
?,(Sat) 8 May 1993 (18),Birmingham City FC (46),1-0,?,Charlton Athletic FC (46)
?,(Sat) 8 May 1993 (18),Derby County FC (46),2-0,?,Wolverhampton Wanderers FC (46)
?,(Sat) 8 May 1993 (18),Peterborough United FC (46),1-1,?,Tranmere Rovers FC (46)
?,(Sat) 8 May 1993 (18),Millwall FC (46),0-3,?,Bristol Rovers FC (46)
?,(Sat) 8 May 1993 (18),Portsmouth FC (46),2-1,?,Grimsby Town FC (46)
?,(Sat) 8 May 1993 (18),Notts County FC (46),3-1,?,Sunderland AFC (46)
?,(Sun) 9 May 1993 (18),Newcastle United FC (46),7-1,?,Leicester City FC (46)
