Round,Date,Team 1,FT,HT,Team 2
?,(Sat) 18 Aug 1962 (33),Liverpool FC (1),1-2,?,Blackpool FC (1)
?,(Sat) 18 Aug 1962 (33),Nottingham Forest FC (1),2-1,?,Sheffield United FC (1)
?,(Sat) 18 Aug 1962 (33),Wolverhampton Wanderers FC (1),8-1,?,Manchester City FC (1)
?,(Sat) 18 Aug 1962 (33),Burnley FC (1),1-3,?,Everton FC (1)
?,(Sat) 18 Aug 1962 (33),Manchester United FC (1),2-2,?,West Bromwich Albion FC (1)
?,(Sat) 18 Aug 1962 (33),Fulham FC (1),2-1,?,Leicester City FC (1)
?,(Sat) 18 Aug 1962 (33),Aston Villa FC (1),3-1,?,West Ham United FC (1)
?,(Sat) 18 Aug 1962 (33),Sheffield Wednesday FC (1),1-1,?,Bolton Wanderers FC (1)
?,(Sat) 18 Aug 1962 (33),Tottenham Hotspur FC (1),3-0,?,Birmingham City FC (1)
?,(Sat) 18 Aug 1962 (33),Leyton Orient FC (1),1-2,?,Arsenal FC (1)
?,(Sat) 18 Aug 1962 (33),Ipswich Town FC (1),3-3,?,Blackburn Rovers FC (1)
?,(Mon) 20 Aug 1962 (34),Aston Villa FC (2),2-1,?,Tottenham Hotspur FC (2)
?,(Mon) 20 Aug 1962 (34),West Ham United FC (2),1-4,?,Wolverhampton Wanderers FC (2)
?,(Mon) 20 Aug 1962 (34),Blackpool FC (2),1-0,?,Ipswich Town FC (2)
?,(Mon) 20 Aug 1962 (34),Blackburn Rovers FC (2),2-5,?,Nottingham Forest FC (2)
?,(Tue) 21 Aug 1962 (34),Arsenal FC (2),2-0,?,Birmingham City FC (2)
?,(Wed) 22 Aug 1962 (34),Sheffield United FC (2),2-0,?,Fulham FC (2)
?,(Wed) 22 Aug 1962 (34),Leicester City FC (2),3-3,?,Sheffield Wednesday FC (2)
?,(Wed) 22 Aug 1962 (34),Everton FC (2),3-1,?,Manchester United FC (2)
?,(Wed) 22 Aug 1962 (34),West Bromwich Albion FC (2),2-1,?,Leyton Orient FC (2)
?,(Wed) 22 Aug 1962 (34),Bolton Wanderers FC (2),2-2,?,Burnley FC (2)
?,(Wed) 22 Aug 1962 (34),Manchester City FC (2),2-2,?,Liverpool FC (2)
?,(Sat) 25 Aug 1962 (34),Everton FC (3),4-1,?,Sheffield Wednesday FC (3)
?,(Sat) 25 Aug 1962 (34),Blackpool FC (3),0-2,?,Wolverhampton Wanderers FC (3)
?,(Sat) 25 Aug 1962 (34),Leicester City FC (3),2-1,?,Nottingham Forest FC (3)
?,(Sat) 25 Aug 1962 (34),Arsenal FC (3),1-3,?,Manchester United FC (3)
?,(Sat) 25 Aug 1962 (34),Manchester City FC (3),0-2,?,Aston Villa FC (3)
?,(Sat) 25 Aug 1962 (34),Birmingham City FC (3),2-2,?,Leyton Orient FC (3)
?,(Sat) 25 Aug 1962 (34),West Bromwich Albion FC (3),1-2,?,Burnley FC (3)
?,(Sat) 25 Aug 1962 (34),Blackburn Rovers FC (3),1-0,?,Liverpool FC (3)
?,(Sat) 25 Aug 1962 (34),Sheffield United FC (3),2-1,?,Ipswich Town FC (3)
?,(Sat) 25 Aug 1962 (34),West Ham United FC (3),1-6,?,Tottenham Hotspur FC (3)
?,(Sat) 25 Aug 1962 (34),Bolton Wanderers FC (3),1-0,?,Fulham FC (3)
?,(Tue) 28 Aug 1962 (35),Burnley FC (4),2-1,?,Bolton Wanderers FC (4)
?,(Tue) 28 Aug 1962 (35),Nottingham Forest FC (4),2-0,?,Blackburn Rovers FC (4)
?,(Tue) 28 Aug 1962 (35),Ipswich Town FC (4),5-2,?,Blackpool FC (4)
?,(Wed) 29 Aug 1962 (35),Sheffield Wednesday FC (4),0-3,?,Leicester City FC (4)
?,(Wed) 29 Aug 1962 (35),Leyton Orient FC (4),2-3,?,West Bromwich Albion FC (4)
?,(Wed) 29 Aug 1962 (35),Liverpool FC (4),4-1,?,Manchester City FC (4)
?,(Wed) 29 Aug 1962 (35),Manchester United FC (4),0-1,?,Everton FC (4)
?,(Wed) 29 Aug 1962 (35),Tottenham Hotspur FC (4),4-2,?,Aston Villa FC (4)
?,(Wed) 29 Aug 1962 (35),Fulham FC (4),2-2,?,Sheffield United FC (4)
?,(Wed) 29 Aug 1962 (35),Birmingham City FC (4),2-2,?,Arsenal FC (4)
?,(Wed) 29 Aug 1962 (35),Wolverhampton Wanderers FC (4),0-0,?,West Ham United FC (4)
?,(Sat) 1 Sep 1962 (35),Fulham FC (5),1-0,?,Everton FC (5)
?,(Sat) 1 Sep 1962 (35),Ipswich Town FC (5),1-1,?,Nottingham Forest FC (5)
?,(Sat) 1 Sep 1962 (35),Leicester City FC (5),4-1,?,Bolton Wanderers FC (5)
?,(Sat) 1 Sep 1962 (35),Sheffield Wednesday FC (5),3-1,?,West Bromwich Albion FC (5)
?,(Sat) 1 Sep 1962 (35),Wolverhampton Wanderers FC (5),4-2,?,Blackburn Rovers FC (5)
?,(Sat) 1 Sep 1962 (35),Leyton Orient FC (5),2-0,?,West Ham United FC (5)
?,(Sat) 1 Sep 1962 (35),Burnley FC (5),2-1,?,Arsenal FC (5)
?,(Sat) 1 Sep 1962 (35),Manchester United FC (5),2-0,?,Birmingham City FC (5)
?,(Sat) 1 Sep 1962 (35),Liverpool FC (5),2-0,?,Sheffield United FC (5)
?,(Sat) 1 Sep 1962 (35),Aston Villa FC (5),1-1,?,Blackpool FC (5)
?,(Sat) 1 Sep 1962 (35),Tottenham Hotspur FC (5),4-2,?,Manchester City FC (5)
?,(Mon) 3 Sep 1962 (36),Blackpool FC (6),2-1,?,Nottingham Forest FC (6)
?,(Mon) 3 Sep 1962 (36),West Ham United FC (6),1-0,?,Liverpool FC (6)
?,(Tue) 4 Sep 1962 (36),Burnley FC (6),1-1,?,Leicester City FC (6)
?,(Tue) 4 Sep 1962 (36),Arsenal FC (6),1-2,?,Aston Villa FC (6)
?,(Wed) 5 Sep 1962 (36),Sheffield United FC (6),1-1,?,Blackburn Rovers FC (6)
?,(Wed) 5 Sep 1962 (36),Everton FC (6),3-0,?,Leyton Orient FC (6)
?,(Wed) 5 Sep 1962 (36),Bolton Wanderers FC (6),3-0,?,Manchester United FC (6)
?,(Wed) 5 Sep 1962 (36),Manchester City FC (6),2-1,?,Ipswich Town FC (6)
?,(Sat) 8 Sep 1962 (36),Arsenal FC (7),1-2,?,Sheffield Wednesday FC (6)
?,(Sat) 8 Sep 1962 (36),Blackburn Rovers FC (7),4-1,?,Aston Villa FC (7)
?,(Sat) 8 Sep 1962 (36),Manchester City FC (7),1-6,?,West Ham United FC (7)
?,(Sat) 8 Sep 1962 (36),Bolton Wanderers FC (7),1-3,?,Ipswich Town FC (7)
?,(Sat) 8 Sep 1962 (36),Sheffield United FC (7),1-2,?,Wolverhampton Wanderers FC (6)
?,(Sat) 8 Sep 1962 (36),Birmingham City FC (6),5-1,?,Burnley FC (7)
?,(Sat) 8 Sep 1962 (36),Nottingham Forest FC (7),3-1,?,Liverpool FC (7)
?,(Sat) 8 Sep 1962 (36),Blackpool FC (7),1-2,?,Tottenham Hotspur FC (6)
?,(Sat) 8 Sep 1962 (36),Everton FC (7),3-2,?,Leicester City FC (7)
?,(Sat) 8 Sep 1962 (36),Leyton Orient FC (7),1-0,?,Manchester United FC (7)
?,(Sat) 8 Sep 1962 (36),West Bromwich Albion FC (6),6-1,?,Fulham FC (6)
?,(Mon) 10 Sep 1962 (37),Aston Villa FC (8),3-1,?,Arsenal FC (8)
?,(Tue) 11 Sep 1962 (37),Ipswich Town FC (8),0-0,?,Manchester City FC (8)
?,(Tue) 11 Sep 1962 (37),Nottingham Forest FC (8),2-0,?,Blackpool FC (8)
?,(Wed) 12 Sep 1962 (37),Tottenham Hotspur FC (7),1-2,?,Wolverhampton Wanderers FC (7)
?,(Wed) 12 Sep 1962 (37),West Bromwich Albion FC (7),1-0,?,Birmingham City FC (7)
?,(Wed) 12 Sep 1962 (37),Leyton Orient FC (8),3-0,?,Everton FC (8)
?,(Wed) 12 Sep 1962 (37),Liverpool FC (8),2-1,?,West Ham United FC (8)
?,(Wed) 12 Sep 1962 (37),Manchester United FC (8),3-0,?,Bolton Wanderers FC (8)
?,(Wed) 12 Sep 1962 (37),Sheffield Wednesday FC (7),1-0,?,Fulham FC (7)
?,(Fri) 14 Sep 1962 (37),West Ham United FC (9),2-2,?,Blackpool FC (9)
?,(Sat) 15 Sep 1962 (37),Wolverhampton Wanderers FC (8),1-1,?,Nottingham Forest FC (9)
?,(Sat) 15 Sep 1962 (37),Sheffield Wednesday FC (8),5-0,?,Birmingham City FC (8)
?,(Sat) 15 Sep 1962 (37),Fulham FC (8),1-3,?,Arsenal FC (9)
?,(Sat) 15 Sep 1962 (37),Aston Villa FC (9),1-2,?,Sheffield United FC (8)
?,(Sat) 15 Sep 1962 (37),Burnley FC (8),2-0,?,Leyton Orient FC (9)
?,(Sat) 15 Sep 1962 (37),Leicester City FC (8),1-0,?,West Bromwich Albion FC (8)
?,(Sat) 15 Sep 1962 (37),Liverpool FC (9),1-1,?,Ipswich Town FC (9)
?,(Sat) 15 Sep 1962 (37),Manchester United FC (9),2-3,?,Manchester City FC (9)
?,(Sat) 15 Sep 1962 (37),Tottenham Hotspur FC (8),4-1,?,Blackburn Rovers FC (8)
?,(Sat) 15 Sep 1962 (37),Bolton Wanderers FC (9),0-2,?,Everton FC (9)
?,(Mon) 17 Sep 1962 (38),Blackburn Rovers FC (9),1-2,?,Sheffield United FC (9)
?,(Wed) 19 Sep 1962 (38),Leicester City FC (9),3-3,?,Burnley FC (9)
?,(Wed) 19 Sep 1962 (38),Birmingham City FC (9),0-0,?,West Bromwich Albion FC (9)
?,(Wed) 19 Sep 1962 (38),Wolverhampton Wanderers FC (9),2-2,?,Tottenham Hotspur FC (9)
?,(Wed) 19 Sep 1962 (38),Fulham FC (9),4-1,?,Sheffield Wednesday FC (9)
?,(Sat) 22 Sep 1962 (38),Blackpool FC (10),2-2,?,Manchester City FC (10)
?,(Sat) 22 Sep 1962 (38),Ipswich Town FC (10),2-3,?,Wolverhampton Wanderers FC (10)
?,(Sat) 22 Sep 1962 (38),Manchester United FC (10),2-5,?,Burnley FC (10)
?,(Sat) 22 Sep 1962 (38),Leyton Orient FC (10),2-4,?,Sheffield Wednesday FC (10)
?,(Sat) 22 Sep 1962 (38),West Bromwich Albion FC (10),5-4,?,Bolton Wanderers FC (10)
?,(Sat) 22 Sep 1962 (38),Sheffield United FC (10),3-1,?,Tottenham Hotspur FC (10)
?,(Sat) 22 Sep 1962 (38),Everton FC (10),2-2,?,Liverpool FC (10)
?,(Sat) 22 Sep 1962 (38),Arsenal FC (10),1-1,?,Leicester City FC (10)
?,(Sat) 22 Sep 1962 (38),Blackburn Rovers FC (10),0-4,?,West Ham United FC (10)
?,(Sat) 22 Sep 1962 (38),Nottingham Forest FC (10),3-1,?,Aston Villa FC (10)
?,(Sat) 22 Sep 1962 (38),Birmingham City FC (10),4-1,?,Fulham FC (10)
?,(Sat) 29 Sep 1962 (39),Fulham FC (11),0-2,?,Leyton Orient FC (11)
?,(Sat) 29 Sep 1962 (39),Aston Villa FC (11),4-2,?,Ipswich Town FC (11)
?,(Sat) 29 Sep 1962 (39),Burnley FC (11),2-0,?,Blackpool FC (11)
?,(Sat) 29 Sep 1962 (39),Sheffield Wednesday FC (11),1-0,?,Manchester United FC (11)
?,(Sat) 29 Sep 1962 (39),Tottenham Hotspur FC (11),9-2,?,Nottingham Forest FC (11)
?,(Sat) 29 Sep 1962 (39),Wolverhampton Wanderers FC (11),3-2,?,Liverpool FC (11)
?,(Sat) 29 Sep 1962 (39),Bolton Wanderers FC (11),3-0,?,Arsenal FC (11)
?,(Sat) 29 Sep 1962 (39),West Ham United FC (11),1-1,?,Sheffield United FC (11)
?,(Sat) 29 Sep 1962 (39),Leicester City FC (11),3-0,?,Birmingham City FC (11)
?,(Sat) 29 Sep 1962 (39),Everton FC (11),4-2,?,West Bromwich Albion FC (11)
?,(Sat) 29 Sep 1962 (39),Manchester City FC (11),0-1,?,Blackburn Rovers FC (11)
?,(Sat) 6 Oct 1962 (40),Blackpool FC (12),2-2,?,Manchester United FC (12)
?,(Sat) 6 Oct 1962 (40),Liverpool FC (12),1-0,?,Bolton Wanderers FC (12)
?,(Sat) 6 Oct 1962 (40),Wolverhampton Wanderers FC (12),0-2,?,Everton FC (12)
?,(Sat) 6 Oct 1962 (40),Tottenham Hotspur FC (12),4-4,?,Arsenal FC (12)
?,(Sat) 6 Oct 1962 (40),Aston Villa FC (12),2-0,?,West Bromwich Albion FC (12)
?,(Sat) 6 Oct 1962 (40),Nottingham Forest FC (12),3-1,?,Fulham FC (12)
?,(Sat) 6 Oct 1962 (40),Ipswich Town FC (12),0-1,?,Leicester City FC (12)
?,(Sat) 6 Oct 1962 (40),West Ham United FC (12),5-0,?,Birmingham City FC (12)
?,(Sat) 6 Oct 1962 (40),Blackburn Rovers FC (12),2-3,?,Burnley FC (12)
?,(Sat) 6 Oct 1962 (40),Sheffield United FC (12),2-2,?,Sheffield Wednesday FC (12)
?,(Sat) 6 Oct 1962 (40),Manchester City FC (12),2-0,?,Leyton Orient FC (12)
?,(Sat) 13 Oct 1962 (41),Arsenal FC (13),1-1,?,West Ham United FC (13)
?,(Sat) 13 Oct 1962 (41),West Bromwich Albion FC (13),1-2,?,Tottenham Hotspur FC (13)
?,(Sat) 13 Oct 1962 (41),Fulham FC (13),1-1,?,Ipswich Town FC (13)
?,(Sat) 13 Oct 1962 (41),Leicester City FC (13),3-0,?,Liverpool FC (13)
?,(Sat) 13 Oct 1962 (41),Sheffield Wednesday FC (13),2-2,?,Nottingham Forest FC (13)
?,(Sat) 13 Oct 1962 (41),Leyton Orient FC (13),0-2,?,Blackpool FC (13)
?,(Sat) 13 Oct 1962 (41),Everton FC (13),1-1,?,Aston Villa FC (13)
?,(Sat) 13 Oct 1962 (41),Birmingham City FC (13),2-2,?,Manchester City FC (13)
?,(Sat) 13 Oct 1962 (41),Bolton Wanderers FC (13),3-0,?,Wolverhampton Wanderers FC (13)
?,(Sat) 13 Oct 1962 (41),Burnley FC (13),5-1,?,Sheffield United FC (13)
?,(Sat) 13 Oct 1962 (41),Manchester United FC (13),0-3,?,Blackburn Rovers FC (13)
?,(Sat) 20 Oct 1962 (42),Manchester City FC (14),3-2,?,Sheffield Wednesday FC (14)
?,(Sat) 20 Oct 1962 (42),Blackburn Rovers FC (14),2-0,?,Leicester City FC (14)
?,(Sat) 20 Oct 1962 (42),Sheffield United FC (14),4-1,?,Bolton Wanderers FC (14)
?,(Sat) 20 Oct 1962 (42),Blackpool FC (14),0-0,?,Fulham FC (14)
?,(Sat) 20 Oct 1962 (42),Aston Villa FC (14),1-0,?,Leyton Orient FC (14)
?,(Sat) 20 Oct 1962 (42),Ipswich Town FC (14),1-1,?,West Bromwich Albion FC (14)
?,(Mon) 22 Oct 1962 (43),West Ham United FC (14),1-1,?,Burnley FC (14)
?,(Wed) 24 Oct 1962 (43),Tottenham Hotspur FC (14),6-2,?,Manchester United FC (14)
?,(Wed) 24 Oct 1962 (43),Wolverhampton Wanderers FC (14),0-2,?,Birmingham City FC (14)
?,(Sat) 27 Oct 1962 (43),Leyton Orient FC (15),1-5,?,Tottenham Hotspur FC (15)
?,(Sat) 27 Oct 1962 (43),Arsenal FC (14),5-4,?,Wolverhampton Wanderers FC (15)
?,(Sat) 27 Oct 1962 (43),West Bromwich Albion FC (15),1-0,?,Liverpool FC (14)
?,(Sat) 27 Oct 1962 (43),Everton FC (14),3-1,?,Ipswich Town FC (15)
?,(Sat) 27 Oct 1962 (43),Birmingham City FC (15),3-2,?,Aston Villa FC (15)
?,(Sat) 27 Oct 1962 (43),Burnley FC (15),0-0,?,Manchester City FC (15)
?,(Sat) 27 Oct 1962 (43),Sheffield Wednesday FC (15),0-0,?,Blackpool FC (15)
?,(Sat) 27 Oct 1962 (43),Fulham FC (15),0-0,?,Blackburn Rovers FC (15)
?,(Sat) 27 Oct 1962 (43),Manchester United FC (15),3-1,?,West Ham United FC (15)
?,(Sat) 27 Oct 1962 (43),Leicester City FC (15),3-1,?,Sheffield United FC (15)
?,(Sat) 27 Oct 1962 (43),Bolton Wanderers FC (15),1-0,?,Nottingham Forest FC (14)
?,(Sat) 3 Nov 1962 (44),Liverpool FC (15),1-2,?,Burnley FC (16)
?,(Sat) 3 Nov 1962 (44),Tottenham Hotspur FC (16),4-0,?,Leicester City FC (16)
?,(Sat) 3 Nov 1962 (44),Blackpool FC (16),0-2,?,West Bromwich Albion FC (16)
?,(Sat) 3 Nov 1962 (44),Sheffield United FC (16),0-2,?,Birmingham City FC (16)
?,(Sat) 3 Nov 1962 (44),Nottingham Forest FC (15),1-1,?,Leyton Orient FC (16)
?,(Sat) 3 Nov 1962 (44),Wolverhampton Wanderers FC (16),2-2,?,Sheffield Wednesday FC (16)
?,(Sat) 3 Nov 1962 (44),Blackburn Rovers FC (16),5-5,?,Arsenal FC (15)
?,(Sat) 3 Nov 1962 (44),Manchester City FC (16),1-1,?,Everton FC (15)
?,(Sat) 3 Nov 1962 (44),Aston Villa FC (16),1-2,?,Fulham FC (16)
?,(Sat) 3 Nov 1962 (44),West Ham United FC (16),1-2,?,Bolton Wanderers FC (16)
?,(Sat) 3 Nov 1962 (44),Ipswich Town FC (16),3-5,?,Manchester United FC (16)
?,(Sat) 10 Nov 1962 (45),Arsenal FC (16),1-0,?,Sheffield United FC (17)
?,(Sat) 10 Nov 1962 (45),Leyton Orient FC (17),1-2,?,Ipswich Town FC (17)
?,(Sat) 10 Nov 1962 (45),Everton FC (16),5-0,?,Blackpool FC (17)
?,(Sat) 10 Nov 1962 (45),Manchester United FC (17),3-3,?,Liverpool FC (16)
?,(Sat) 10 Nov 1962 (45),Bolton Wanderers FC (17),3-1,?,Manchester City FC (17)
?,(Sat) 10 Nov 1962 (45),Burnley FC (17),2-0,?,Wolverhampton Wanderers FC (17)
?,(Sat) 10 Nov 1962 (45),Birmingham City FC (17),2-2,?,Nottingham Forest FC (16)
?,(Sat) 10 Nov 1962 (45),Fulham FC (17),0-2,?,Tottenham Hotspur FC (17)
?,(Sat) 10 Nov 1962 (45),Sheffield Wednesday FC (17),0-0,?,Aston Villa FC (17)
?,(Sat) 10 Nov 1962 (45),Leicester City FC (17),2-0,?,West Ham United FC (17)
?,(Sat) 10 Nov 1962 (45),West Bromwich Albion FC (17),2-5,?,Blackburn Rovers FC (17)
?,(Tue) 13 Nov 1962 (46),Nottingham Forest FC (17),3-4,?,Everton FC (17)
?,(Wed) 14 Nov 1962 (46),Liverpool FC (17),2-1,?,Arsenal FC (17)
?,(Sat) 17 Nov 1962 (46),Ipswich Town FC (18),1-5,?,Birmingham City FC (18)
?,(Sat) 17 Nov 1962 (46),Liverpool FC (18),5-0,?,Leyton Orient FC (18)
?,(Sat) 17 Nov 1962 (46),Blackburn Rovers FC (18),3-2,?,Everton FC (18)
?,(Sat) 17 Nov 1962 (46),West Ham United FC (18),2-2,?,Fulham FC (18)
?,(Sat) 17 Nov 1962 (46),Tottenham Hotspur FC (18),1-1,?,Sheffield Wednesday FC (18)
?,(Sat) 17 Nov 1962 (46),Manchester City FC (18),1-1,?,Leicester City FC (18)
?,(Sat) 17 Nov 1962 (46),Wolverhampton Wanderers FC (18),2-3,?,Manchester United FC (18)
?,(Sat) 17 Nov 1962 (46),Sheffield United FC (18),1-0,?,West Bromwich Albion FC (18)
?,(Sat) 17 Nov 1962 (46),Blackpool FC (18),3-1,?,Bolton Wanderers FC (18)
?,(Sat) 17 Nov 1962 (46),Nottingham Forest FC (18),3-0,?,Arsenal FC (18)
?,(Sat) 17 Nov 1962 (46),Aston Villa FC (18),2-1,?,Burnley FC (18)
?,(Sat) 24 Nov 1962 (47),West Bromwich Albion FC (19),1-4,?,Nottingham Forest FC (19)
?,(Sat) 24 Nov 1962 (47),Leyton Orient FC (19),0-4,?,Wolverhampton Wanderers FC (19)
?,(Sat) 24 Nov 1962 (47),Sheffield Wednesday FC (19),1-3,?,West Ham United FC (19)
?,(Sat) 24 Nov 1962 (47),Manchester United FC (19),2-2,?,Aston Villa FC (19)
?,(Sat) 24 Nov 1962 (47),Everton FC (19),3-0,?,Sheffield United FC (19)
?,(Sat) 24 Nov 1962 (47),Arsenal FC (19),3-1,?,Ipswich Town FC (19)
?,(Sat) 24 Nov 1962 (47),Birmingham City FC (19),0-2,?,Liverpool FC (19)
?,(Sat) 24 Nov 1962 (47),Bolton Wanderers FC (19),0-0,?,Blackburn Rovers FC (19)
?,(Sat) 24 Nov 1962 (47),Leicester City FC (19),0-0,?,Blackpool FC (19)
?,(Sat) 24 Nov 1962 (47),Fulham FC (19),2-4,?,Manchester City FC (19)
?,(Sat) 24 Nov 1962 (47),Burnley FC (19),2-1,?,Tottenham Hotspur FC (19)
?,(Sat) 1 Dec 1962 (48),Liverpool FC (20),2-1,?,Fulham FC (20)
?,(Sat) 1 Dec 1962 (48),Sheffield United FC (20),1-1,?,Manchester United FC (20)
?,(Sat) 1 Dec 1962 (48),Aston Villa FC (20),5-0,?,Bolton Wanderers FC (20)
?,(Sat) 1 Dec 1962 (48),Wolverhampton Wanderers FC (20),1-3,?,Leicester City FC (20)
?,(Sat) 1 Dec 1962 (48),West Ham United FC (20),2-2,?,West Bromwich Albion FC (20)
?,(Sat) 1 Dec 1962 (48),Tottenham Hotspur FC (20),0-0,?,Everton FC (20)
?,(Sat) 1 Dec 1962 (48),Ipswich Town FC (20),2-0,?,Sheffield Wednesday FC (20)
?,(Sat) 1 Dec 1962 (48),Blackpool FC (20),1-1,?,Birmingham City FC (20)
?,(Sat) 1 Dec 1962 (48),Manchester City FC (20),2-4,?,Arsenal FC (20)
?,(Sat) 1 Dec 1962 (48),Nottingham Forest FC (20),2-1,?,Burnley FC (20)
?,(Sat) 1 Dec 1962 (48),Blackburn Rovers FC (20),1-1,?,Leyton Orient FC (20)
?,(Sat) 8 Dec 1962 (49),Manchester United FC (21),5-1,?,Nottingham Forest FC (21)
?,(Sat) 8 Dec 1962 (49),Arsenal FC (21),2-0,?,Blackpool FC (21)
?,(Sat) 8 Dec 1962 (49),Burnley FC (21),3-1,?,Ipswich Town FC (21)
?,(Sat) 8 Dec 1962 (49),Leyton Orient FC (21),2-2,?,Sheffield United FC (21)
?,(Sat) 8 Dec 1962 (49),Birmingham City FC (21),3-3,?,Blackburn Rovers FC (21)
?,(Sat) 8 Dec 1962 (49),Everton FC (21),1-1,?,West Ham United FC (21)
?,(Sat) 8 Dec 1962 (49),West Bromwich Albion FC (21),2-1,?,Manchester City FC (21)
?,(Sat) 8 Dec 1962 (49),Fulham FC (21),0-5,?,Wolverhampton Wanderers FC (21)
?,(Sat) 8 Dec 1962 (49),Sheffield Wednesday FC (21),0-2,?,Liverpool FC (21)
?,(Sat) 8 Dec 1962 (49),Leicester City FC (21),3-3,?,Aston Villa FC (21)
?,(Sat) 8 Dec 1962 (49),Bolton Wanderers FC (21),1-0,?,Tottenham Hotspur FC (21)
?,(Sat) 15 Dec 1962 (50),West Bromwich Albion FC (22),3-0,?,Manchester United FC (22)
?,(Sat) 15 Dec 1962 (50),Manchester City FC (22),3-3,?,Wolverhampton Wanderers FC (22)
?,(Sat) 15 Dec 1962 (50),Blackpool FC (22),1-2,?,Liverpool FC (22)
?,(Sat) 15 Dec 1962 (50),Everton FC (22),3-1,?,Burnley FC (22)
?,(Sat) 15 Dec 1962 (50),Blackburn Rovers FC (22),0-1,?,Ipswich Town FC (22)
?,(Sat) 15 Dec 1962 (50),Sheffield United FC (22),3-1,?,Nottingham Forest FC (22)
?,(Sat) 15 Dec 1962 (50),Arsenal FC (22),2-0,?,Leyton Orient FC (22)
?,(Sat) 15 Dec 1962 (50),Leicester City FC (22),2-3,?,Fulham FC (22)
?,(Sat) 15 Dec 1962 (50),West Ham United FC (22),1-1,?,Aston Villa FC (22)
?,(Sat) 15 Dec 1962 (50),Birmingham City FC (22),0-2,?,Tottenham Hotspur FC (22)
?,(Fri) 21 Dec 1962 (51),Ipswich Town FC (23),1-0,?,Sheffield United FC (23)
?,(Sat) 22 Dec 1962 (51),Sheffield Wednesday FC (22),2-2,?,Everton FC (23)
?,(Sat) 22 Dec 1962 (51),Liverpool FC (23),3-1,?,Blackburn Rovers FC (23)
?,(Sat) 22 Dec 1962 (51),Tottenham Hotspur FC (23),4-4,?,West Ham United FC (23)
?,(Sat) 22 Dec 1962 (51),Leyton Orient FC (23),2-2,?,Birmingham City FC (23)
?,(Wed) 26 Dec 1962 (52),Fulham FC (23),0-1,?,Manchester United FC (23)
?,(Wed) 26 Dec 1962 (52),Tottenham Hotspur FC (24),5-0,?,Ipswich Town FC (24)
?,(Wed) 26 Dec 1962 (52),Leicester City FC (23),5-1,?,Leyton Orient FC (24)
?,(Sat) 29 Dec 1962 (52),Nottingham Forest FC (23),3-4,?,West Ham United FC (24)
?,(Sat) 29 Dec 1962 (52),Burnley FC (23),4-0,?,Sheffield Wednesday FC (23)
?,(Sat) 12 Jan 1963 (1),West Bromwich Albion FC (23),0-3,?,Sheffield Wednesday FC (24)
?,(Sat) 19 Jan 1963 (2),Wolverhampton Wanderers FC (23),0-0,?,Sheffield United FC (24)
?,(Sat) 19 Jan 1963 (2),Tottenham Hotspur FC (25),2-0,?,Blackpool FC (23)
?,(Sat) 19 Jan 1963 (2),Aston Villa FC (23),0-0,?,Blackburn Rovers FC (24)
?,(Sat) 9 Feb 1963 (5),Leicester City FC (24),2-0,?,Arsenal FC (23)
?,(Tue) 12 Feb 1963 (6),Leicester City FC (25),3-1,?,Everton FC (24)
?,(Wed) 13 Feb 1963 (6),Liverpool FC (24),4-0,?,Aston Villa FC (24)
?,(Sat) 16 Feb 1963 (6),Arsenal FC (24),3-2,?,Bolton Wanderers FC (22)
?,(Sat) 16 Feb 1963 (6),Sheffield United FC (25),0-2,?,West Ham United FC (25)
?,(Sat) 16 Feb 1963 (6),Leyton Orient FC (25),1-1,?,Fulham FC (24)
?,(Sat) 16 Feb 1963 (6),Liverpool FC (25),4-1,?,Wolverhampton Wanderers FC (24)
?,(Tue) 19 Feb 1963 (7),Nottingham Forest FC (24),0-2,?,Leicester City FC (26)
?,(Sat) 23 Feb 1963 (7),Manchester United FC (24),1-1,?,Blackpool FC (24)
?,(Sat) 23 Feb 1963 (7),Everton FC (25),0-0,?,Wolverhampton Wanderers FC (25)
?,(Sat) 23 Feb 1963 (7),Arsenal FC (25),2-3,?,Tottenham Hotspur FC (26)
?,(Sat) 23 Feb 1963 (7),Leicester City FC (27),3-0,?,Ipswich Town FC (25)
?,(Sat) 23 Feb 1963 (7),Fulham FC (25),3-1,?,Nottingham Forest FC (25)
?,(Sat) 23 Feb 1963 (7),Leyton Orient FC (26),1-1,?,Manchester City FC (23)
?,(Sat) 2 Mar 1963 (8),Nottingham Forest FC (26),0-3,?,Sheffield Wednesday FC (25)
?,(Sat) 2 Mar 1963 (8),Liverpool FC (26),0-2,?,Leicester City FC (28)
?,(Sat) 2 Mar 1963 (8),Blackburn Rovers FC (25),2-2,?,Manchester United FC (25)
?,(Sat) 2 Mar 1963 (8),Sheffield United FC (26),1-0,?,Burnley FC (24)
?,(Sat) 2 Mar 1963 (8),Ipswich Town FC (26),0-1,?,Fulham FC (26)
?,(Sat) 2 Mar 1963 (8),West Ham United FC (26),0-4,?,Arsenal FC (26)
?,(Sat) 2 Mar 1963 (8),Manchester City FC (24),2-1,?,Birmingham City FC (24)
?,(Sat) 2 Mar 1963 (8),Blackpool FC (25),3-2,?,Leyton Orient FC (27)
?,(Sat) 2 Mar 1963 (8),Tottenham Hotspur FC (27),2-1,?,West Bromwich Albion FC (24)
?,(Tue) 5 Mar 1963 (9),Ipswich Town FC (27),2-2,?,Liverpool FC (27)
?,(Sat) 9 Mar 1963 (9),Burnley FC (25),1-1,?,West Ham United FC (27)
?,(Sat) 9 Mar 1963 (9),Sheffield Wednesday FC (26),4-1,?,Manchester City FC (25)
?,(Sat) 9 Mar 1963 (9),Bolton Wanderers FC (23),3-2,?,Sheffield United FC (27)
?,(Sat) 9 Mar 1963 (9),Manchester United FC (26),0-2,?,Tottenham Hotspur FC (28)
?,(Sat) 9 Mar 1963 (9),Arsenal FC (27),2-2,?,Liverpool FC (28)
?,(Sat) 9 Mar 1963 (9),Fulham FC (27),2-0,?,Blackpool FC (26)
?,(Sat) 9 Mar 1963 (9),Leicester City FC (29),2-0,?,Blackburn Rovers FC (26)
?,(Sat) 9 Mar 1963 (9),Leyton Orient FC (28),0-2,?,Aston Villa FC (25)
?,(Sat) 9 Mar 1963 (9),Birmingham City FC (25),3-4,?,Wolverhampton Wanderers FC (26)
?,(Sat) 9 Mar 1963 (9),Everton FC (26),2-0,?,Nottingham Forest FC (27)
?,(Sat) 9 Mar 1963 (9),West Bromwich Albion FC (25),6-1,?,Ipswich Town FC (28)
?,(Sat) 16 Mar 1963 (10),Nottingham Forest FC (28),1-0,?,Bolton Wanderers FC (24)
?,(Sat) 16 Mar 1963 (10),Blackpool FC (27),2-3,?,Sheffield Wednesday FC (27)
?,(Sat) 16 Mar 1963 (10),Ipswich Town FC (29),2-4,?,Tottenham Hotspur FC (29)
?,(Sat) 16 Mar 1963 (10),Aston Villa FC (26),4-0,?,Birmingham City FC (26)
?,(Sat) 16 Mar 1963 (10),Wolverhampton Wanderers FC (27),7-0,?,West Bromwich Albion FC (26)
?,(Sat) 16 Mar 1963 (10),Blackburn Rovers FC (27),0-1,?,Fulham FC (28)
?,(Mon) 18 Mar 1963 (11),West Ham United FC (28),3-1,?,Manchester United FC (27)
?,(Tue) 19 Mar 1963 (11),Ipswich Town FC (30),0-3,?,Everton FC (27)
?,(Wed) 20 Mar 1963 (11),Blackpool FC (28),0-0,?,Burnley FC (26)
?,(Wed) 20 Mar 1963 (11),Wolverhampton Wanderers FC (28),4-0,?,Bolton Wanderers FC (25)
?,(Wed) 20 Mar 1963 (11),Liverpool FC (29),2-2,?,West Bromwich Albion FC (27)
?,(Sat) 23 Mar 1963 (11),Fulham FC (29),1-0,?,Aston Villa FC (27)
?,(Sat) 23 Mar 1963 (11),Arsenal FC (28),3-1,?,Blackburn Rovers FC (28)
?,(Sat) 23 Mar 1963 (11),Manchester United FC (28),0-1,?,Ipswich Town FC (31)
?,(Sat) 23 Mar 1963 (11),Leicester City FC (30),2-2,?,Tottenham Hotspur FC (30)
?,(Sat) 23 Mar 1963 (11),Leyton Orient FC (29),0-1,?,Nottingham Forest FC (29)
?,(Sat) 23 Mar 1963 (11),Birmingham City FC (27),0-1,?,Sheffield United FC (28)
?,(Sat) 23 Mar 1963 (11),Bolton Wanderers FC (26),3-0,?,West Ham United FC (29)
?,(Sat) 23 Mar 1963 (11),Sheffield Wednesday FC (28),3-1,?,Wolverhampton Wanderers FC (29)
?,(Sat) 23 Mar 1963 (11),Burnley FC (27),1-3,?,Liverpool FC (30)
?,(Sat) 23 Mar 1963 (11),West Bromwich Albion FC (28),1-2,?,Blackpool FC (29)
?,(Sat) 23 Mar 1963 (11),Everton FC (28),2-1,?,Manchester City FC (26)
?,(Mon) 25 Mar 1963 (12),Bolton Wanderers FC (27),1-2,?,West Bromwich Albion FC (29)
?,(Mon) 25 Mar 1963 (12),Blackburn Rovers FC (29),3-3,?,Blackpool FC (30)
?,(Tue) 26 Mar 1963 (12),Arsenal FC (29),4-3,?,Everton FC (29)
?,(Tue) 26 Mar 1963 (12),Manchester City FC (27),2-5,?,Burnley FC (28)
?,(Tue) 26 Mar 1963 (12),Sheffield United FC (29),0-0,?,Leicester City FC (31)
?,(Wed) 27 Mar 1963 (12),Tottenham Hotspur FC (31),2-0,?,Leyton Orient FC (30)
?,(Fri) 29 Mar 1963 (12),Manchester City FC (28),2-3,?,Fulham FC (30)
?,(Fri) 29 Mar 1963 (12),Blackpool FC (31),4-0,?,Aston Villa FC (28)
?,(Fri) 29 Mar 1963 (12),Blackburn Rovers FC (30),5-0,?,Bolton Wanderers FC (28)
?,(Sat) 30 Mar 1963 (12),Wolverhampton Wanderers FC (30),2-1,?,Leyton Orient FC (31)
?,(Sat) 30 Mar 1963 (12),Ipswich Town FC (32),1-1,?,Arsenal FC (30)
?,(Sat) 30 Mar 1963 (12),Birmingham City FC (28),1-1,?,Sheffield Wednesday FC (29)
?,(Sat) 30 Mar 1963 (12),Sheffield United FC (30),2-1,?,Everton FC (30)
?,(Sat) 30 Mar 1963 (12),Tottenham Hotspur FC (32),1-1,?,Burnley FC (29)
?,(Mon) 1 Apr 1963 (13),Manchester United FC (29),0-2,?,Fulham FC (31)
?,(Mon) 1 Apr 1963 (13),Aston Villa FC (29),0-2,?,Everton FC (31)
?,(Tue) 2 Apr 1963 (13),West Ham United FC (30),2-0,?,Sheffield Wednesday FC (30)
?,(Tue) 2 Apr 1963 (13),Burnley FC (30),1-0,?,Blackburn Rovers FC (31)
?,(Wed) 3 Apr 1963 (13),Birmingham City FC (29),2-2,?,Bolton Wanderers FC (29)
?,(Wed) 3 Apr 1963 (13),West Bromwich Albion FC (30),2-2,?,Wolverhampton Wanderers FC (31)
?,(Wed) 3 Apr 1963 (13),Sheffield United FC (31),3-1,?,Manchester City FC (29)
?,(Wed) 3 Apr 1963 (13),Leyton Orient FC (32),0-2,?,Leicester City FC (32)
?,(Sat) 6 Apr 1963 (13),Everton FC (32),0-0,?,Blackburn Rovers FC (32)
?,(Sat) 6 Apr 1963 (13),Arsenal FC (31),0-0,?,Nottingham Forest FC (30)
?,(Sat) 6 Apr 1963 (13),Birmingham City FC (30),0-1,?,Ipswich Town FC (33)
?,(Sat) 6 Apr 1963 (13),Fulham FC (32),2-0,?,West Ham United FC (31)
?,(Sat) 6 Apr 1963 (13),Bolton Wanderers FC (30),3-0,?,Blackpool FC (32)
?,(Sat) 6 Apr 1963 (13),West Bromwich Albion FC (31),1-2,?,Sheffield United FC (32)
?,(Sat) 6 Apr 1963 (13),Leicester City FC (33),2-0,?,Manchester City FC (30)
?,(Sat) 6 Apr 1963 (13),Burnley FC (31),3-1,?,Aston Villa FC (30)
?,(Mon) 8 Apr 1963 (14),Liverpool FC (31),0-0,?,Everton FC (33)
?,(Mon) 8 Apr 1963 (14),Blackpool FC (33),1-1,?,Leicester City FC (34)
?,(Mon) 8 Apr 1963 (14),Wolverhampton Wanderers FC (32),1-0,?,Arsenal FC (32)
?,(Mon) 8 Apr 1963 (14),Sheffield Wednesday FC (31),3-1,?,Tottenham Hotspur FC (33)
?,(Tue) 9 Apr 1963 (14),Aston Villa FC (31),1-2,?,Manchester United FC (30)
?,(Fri) 12 Apr 1963 (14),Liverpool FC (32),5-2,?,Tottenham Hotspur FC (34)
?,(Fri) 12 Apr 1963 (14),West Ham United FC (32),1-3,?,Ipswich Town FC (34)
?,(Fri) 12 Apr 1963 (14),Burnley FC (32),4-0,?,Fulham FC (33)
?,(Fri) 12 Apr 1963 (14),Arsenal FC (33),3-2,?,West Bromwich Albion FC (32)
?,(Fri) 12 Apr 1963 (14),Leyton Orient FC (33),0-1,?,Bolton Wanderers FC (31)
?,(Fri) 12 Apr 1963 (14),Blackburn Rovers FC (33),3-0,?,Sheffield Wednesday FC (32)
?,(Fri) 12 Apr 1963 (14),Manchester City FC (31),1-0,?,Nottingham Forest FC (31)
?,(Sat) 13 Apr 1963 (14),Liverpool FC (33),1-0,?,Manchester United FC (31)
?,(Sat) 13 Apr 1963 (14),Nottingham Forest FC (32),0-2,?,Birmingham City FC (31)
?,(Sat) 13 Apr 1963 (14),Ipswich Town FC (35),1-1,?,Leyton Orient FC (34)
?,(Sat) 13 Apr 1963 (14),Tottenham Hotspur FC (35),1-1,?,Fulham FC (34)
?,(Sat) 13 Apr 1963 (14),Aston Villa FC (32),0-2,?,Sheffield Wednesday FC (33)
?,(Sat) 13 Apr 1963 (14),Wolverhampton Wanderers FC (33),7-2,?,Burnley FC (33)
?,(Sat) 13 Apr 1963 (14),Sheffield United FC (33),3-3,?,Arsenal FC (34)
?,(Sat) 13 Apr 1963 (14),Blackpool FC (34),1-2,?,Everton FC (34)
?,(Sat) 13 Apr 1963 (14),Blackburn Rovers FC (34),3-1,?,West Bromwich Albion FC (33)
?,(Sat) 13 Apr 1963 (14),Manchester City FC (32),2-1,?,Bolton Wanderers FC (32)
?,(Sat) 13 Apr 1963 (14),West Ham United FC (33),2-0,?,Leicester City FC (35)
?,(Mon) 15 Apr 1963 (15),Wolverhampton Wanderers FC (34),3-1,?,Aston Villa FC (33)
?,(Mon) 15 Apr 1963 (15),West Bromwich Albion FC (34),1-2,?,Arsenal FC (35)
?,(Mon) 15 Apr 1963 (15),Nottingham Forest FC (33),1-1,?,Manchester City FC (33)
?,(Mon) 15 Apr 1963 (15),Fulham FC (35),1-1,?,Burnley FC (34)
?,(Mon) 15 Apr 1963 (15),Bolton Wanderers FC (33),0-1,?,Leyton Orient FC (35)
?,(Mon) 15 Apr 1963 (15),Sheffield Wednesday FC (34),4-0,?,Blackburn Rovers FC (35)
?,(Mon) 15 Apr 1963 (15),Tottenham Hotspur FC (36),7-2,?,Liverpool FC (34)
?,(Mon) 15 Apr 1963 (15),Everton FC (35),2-2,?,Birmingham City FC (32)
?,(Mon) 15 Apr 1963 (15),Ipswich Town FC (36),2-3,?,West Ham United FC (34)
?,(Mon) 15 Apr 1963 (15),Blackpool FC (35),3-1,?,Sheffield United FC (34)
?,(Mon) 15 Apr 1963 (15),Manchester United FC (32),2-2,?,Leicester City FC (36)
?,(Tue) 16 Apr 1963 (15),Sheffield United FC (35),0-0,?,Blackpool FC (36)
?,(Tue) 16 Apr 1963 (15),Birmingham City FC (33),0-1,?,Everton FC (36)
?,(Tue) 16 Apr 1963 (15),Leicester City FC (37),4-3,?,Manchester United FC (33)
?,(Tue) 16 Apr 1963 (15),Aston Villa FC (34),0-2,?,Wolverhampton Wanderers FC (35)
?,(Thu) 18 Apr 1963 (15),Liverpool FC (35),0-2,?,Nottingham Forest FC (34)
?,(Sat) 20 Apr 1963 (15),Leicester City FC (38),1-1,?,Wolverhampton Wanderers FC (36)
?,(Sat) 20 Apr 1963 (15),Burnley FC (35),0-0,?,Nottingham Forest FC (35)
?,(Sat) 20 Apr 1963 (15),Leyton Orient FC (36),1-1,?,Blackburn Rovers FC (36)
?,(Sat) 20 Apr 1963 (15),Fulham FC (36),0-0,?,Liverpool FC (36)
?,(Sat) 20 Apr 1963 (15),Birmingham City FC (34),3-6,?,Blackpool FC (37)
?,(Sat) 20 Apr 1963 (15),Arsenal FC (36),2-3,?,Manchester City FC (34)
?,(Sat) 20 Apr 1963 (15),Manchester United FC (34),1-1,?,Sheffield United FC (36)
?,(Sat) 20 Apr 1963 (15),Sheffield Wednesday FC (35),0-3,?,Ipswich Town FC (37)
?,(Sat) 20 Apr 1963 (15),Everton FC (37),1-0,?,Tottenham Hotspur FC (37)
?,(Sat) 20 Apr 1963 (15),West Bromwich Albion FC (35),1-0,?,West Ham United FC (35)
?,(Sat) 20 Apr 1963 (15),Bolton Wanderers FC (34),4-1,?,Aston Villa FC (35)
?,(Mon) 22 Apr 1963 (16),Manchester United FC (35),2-1,?,Wolverhampton Wanderers FC (37)
?,(Mon) 22 Apr 1963 (16),West Ham United FC (36),4-1,?,Nottingham Forest FC (36)
?,(Tue) 23 Apr 1963 (16),Blackpool FC (38),4-1,?,Blackburn Rovers FC (37)
?,(Tue) 23 Apr 1963 (16),Sheffield Wednesday FC (36),0-1,?,Burnley FC (36)
?,(Wed) 24 Apr 1963 (16),Bolton Wanderers FC (35),0-0,?,Birmingham City FC (35)
?,(Wed) 24 Apr 1963 (16),Everton FC (38),1-1,?,Arsenal FC (37)
?,(Wed) 24 Apr 1963 (16),Manchester City FC (35),1-3,?,Sheffield United FC (37)
?,(Fri) 26 Apr 1963 (16),Sheffield United FC (38),2-0,?,Leyton Orient FC (37)
?,(Sat) 27 Apr 1963 (16),Manchester City FC (36),1-5,?,West Bromwich Albion FC (36)
?,(Sat) 27 Apr 1963 (16),Blackpool FC (39),3-2,?,Arsenal FC (38)
?,(Sat) 27 Apr 1963 (16),Blackburn Rovers FC (38),6-1,?,Birmingham City FC (36)
?,(Sat) 27 Apr 1963 (16),Tottenham Hotspur FC (38),4-1,?,Bolton Wanderers FC (36)
?,(Sat) 27 Apr 1963 (16),Ipswich Town FC (38),2-1,?,Burnley FC (37)
?,(Sat) 27 Apr 1963 (16),West Ham United FC (37),1-2,?,Everton FC (39)
?,(Sat) 27 Apr 1963 (16),Wolverhampton Wanderers FC (38),2-1,?,Fulham FC (37)
?,(Mon) 29 Apr 1963 (17),Liverpool FC (37),0-2,?,Sheffield Wednesday FC (37)
?,(Tue) 30 Apr 1963 (17),Nottingham Forest FC (37),2-0,?,Wolverhampton Wanderers FC (39)
?,(Tue) 30 Apr 1963 (17),Burnley FC (38),2-1,?,West Bromwich Albion FC (37)
?,(Wed) 1 May 1963 (17),Birmingham City FC (37),3-2,?,West Ham United FC (38)
?,(Wed) 1 May 1963 (17),Blackburn Rovers FC (39),4-1,?,Manchester City FC (37)
?,(Wed) 1 May 1963 (17),Manchester United FC (36),1-3,?,Sheffield Wednesday FC (38)
?,(Wed) 1 May 1963 (17),Fulham FC (38),2-1,?,Bolton Wanderers FC (37)
?,(Wed) 1 May 1963 (17),Sheffield United FC (39),2-1,?,Aston Villa FC (36)
?,(Thu) 2 May 1963 (17),Leyton Orient FC (38),2-1,?,Liverpool FC (38)
?,(Sat) 4 May 1963 (17),West Bromwich Albion FC (38),2-1,?,Leicester City FC (39)
?,(Sat) 4 May 1963 (17),Fulham FC (39),3-3,?,Birmingham City FC (38)
?,(Sat) 4 May 1963 (17),Everton FC (40),1-0,?,Bolton Wanderers FC (38)
?,(Sat) 4 May 1963 (17),Manchester City FC (38),0-3,?,Blackpool FC (40)
?,(Sat) 4 May 1963 (17),Aston Villa FC (37),0-2,?,Nottingham Forest FC (38)
?,(Sat) 4 May 1963 (17),Wolverhampton Wanderers FC (40),0-0,?,Ipswich Town FC (39)
?,(Sat) 4 May 1963 (17),Sheffield Wednesday FC (39),3-1,?,Leyton Orient FC (39)
?,(Sat) 4 May 1963 (17),West Ham United FC (39),0-1,?,Blackburn Rovers FC (40)
?,(Sat) 4 May 1963 (17),Burnley FC (39),0-1,?,Manchester United FC (37)
?,(Sat) 4 May 1963 (17),Tottenham Hotspur FC (39),4-2,?,Sheffield United FC (40)
?,(Mon) 6 May 1963 (18),Bolton Wanderers FC (39),0-4,?,Sheffield Wednesday FC (40)
?,(Mon) 6 May 1963 (18),Manchester United FC (38),2-3,?,Arsenal FC (39)
?,(Tue) 7 May 1963 (18),Leyton Orient FC (40),0-1,?,Burnley FC (40)
?,(Tue) 7 May 1963 (18),West Bromwich Albion FC (39),0-4,?,Everton FC (41)
?,(Wed) 8 May 1963 (18),Aston Villa FC (38),3-1,?,Manchester City FC (39)
?,(Wed) 8 May 1963 (18),Liverpool FC (39),5-1,?,Birmingham City FC (39)
?,(Thu) 9 May 1963 (18),Wolverhampton Wanderers FC (41),2-0,?,Blackpool FC (41)
?,(Fri) 10 May 1963 (18),Nottingham Forest FC (39),2-1,?,Ipswich Town FC (40)
?,(Fri) 10 May 1963 (18),Birmingham City FC (40),2-1,?,Manchester United FC (39)
?,(Sat) 11 May 1963 (18),Everton FC (42),4-1,?,Fulham FC (40)
?,(Sat) 11 May 1963 (18),Sheffield United FC (41),0-0,?,Liverpool FC (40)
?,(Sat) 11 May 1963 (18),Manchester City FC (40),1-0,?,Tottenham Hotspur FC (40)
?,(Sat) 11 May 1963 (18),Arsenal FC (40),2-3,?,Burnley FC (41)
?,(Sat) 11 May 1963 (18),West Ham United FC (40),2-0,?,Leyton Orient FC (41)
?,(Sat) 11 May 1963 (18),West Bromwich Albion FC (40),1-0,?,Aston Villa FC (39)
?,(Sat) 11 May 1963 (18),Bolton Wanderers FC (40),2-0,?,Leicester City FC (40)
?,(Mon) 13 May 1963 (19),Bolton Wanderers FC (41),1-0,?,Liverpool FC (41)
?,(Mon) 13 May 1963 (19),Blackburn Rovers FC (41),5-1,?,Wolverhampton Wanderers FC (42)
?,(Mon) 13 May 1963 (19),Blackpool FC (42),0-0,?,West Ham United FC (41)
?,(Tue) 14 May 1963 (19),Burnley FC (42),3-1,?,Birmingham City FC (41)
?,(Tue) 14 May 1963 (19),Arsenal FC (41),3-0,?,Fulham FC (41)
?,(Tue) 14 May 1963 (19),Nottingham Forest FC (40),2-2,?,West Bromwich Albion FC (41)
?,(Wed) 15 May 1963 (19),Sheffield Wednesday FC (41),3-1,?,Sheffield United FC (42)
?,(Wed) 15 May 1963 (19),Manchester City FC (41),1-1,?,Manchester United FC (40)
?,(Wed) 15 May 1963 (19),Aston Villa FC (40),3-1,?,Leicester City FC (41)
?,(Fri) 17 May 1963 (19),Ipswich Town FC (41),4-1,?,Bolton Wanderers FC (42)
?,(Sat) 18 May 1963 (19),Sheffield Wednesday FC (42),2-3,?,Arsenal FC (42)
?,(Sat) 18 May 1963 (19),Aston Villa FC (41),2-0,?,Liverpool FC (42)
?,(Sat) 18 May 1963 (19),Nottingham Forest FC (41),1-1,?,Tottenham Hotspur FC (41)
?,(Sat) 18 May 1963 (19),Birmingham City FC (42),3-2,?,Leicester City FC (42)
?,(Sat) 18 May 1963 (19),Manchester United FC (41),3-1,?,Leyton Orient FC (42)
?,(Sat) 18 May 1963 (19),Fulham FC (42),1-2,?,West Bromwich Albion FC (42)
?,(Sat) 18 May 1963 (19),West Ham United FC (42),6-1,?,Manchester City FC (42)
?,(Mon) 20 May 1963 (20),Nottingham Forest FC (42),3-2,?,Manchester United FC (42)
?,(Mon) 20 May 1963 (20),Blackburn Rovers FC (42),3-0,?,Tottenham Hotspur FC (42)
?,(Tue) 21 May 1963 (20),Ipswich Town FC (42),1-1,?,Aston Villa FC (42)
