Round,Date,Team 1,FT,HT,Team 2
?,(Sat) 15 Aug 1987 (32),Burnley FC (1),0-3,?,Colchester United FC (1)
?,(Sat) 15 Aug 1987 (32),Cardiff City FC (1),1-1,?,Leyton Orient FC (1)
?,(Sat) 15 Aug 1987 (32),Scarborough Athletic FC (1),2-2,?,Wolverhampton Wanderers FC (1)
?,(Sat) 15 Aug 1987 (32),Hartlepool United FC (1),0-0,?,Newport County AFC (1)
?,(Sat) 15 Aug 1987 (32),Stockport County FC (1),0-2,?,Swansea City AFC (1)
?,(Sat) 15 Aug 1987 (32),Bolton Wanderers FC (1),1-1,?,Crewe Alexandra FC (1)
?,(Sat) 15 Aug 1987 (32),Exeter City FC (1),3-0,?,Cambridge United FC (1)
?,(Sat) 15 Aug 1987 (32),FC Halifax Town (1),2-2,?,Darlington FC (1)
?,(Sat) 15 Aug 1987 (32),Peterborough United FC (1),1-0,?,Carlisle United FC (1)
?,(Sat) 15 Aug 1987 (32),Hereford United FC (1924-2014) (1),0-0,?,Rochdale AFC (1)
?,(Sat) 15 Aug 1987 (32),Torquay United FC (1),6-1,?,Wrexham AFC (1)
?,(Sat) 15 Aug 1987 (32),Scunthorpe United FC (1),3-0,?,Tranmere Rovers FC (1)
?,(Fri) 21 Aug 1987 (33),Colchester United FC (2),0-1,?,Torquay United FC (2)
?,(Fri) 21 Aug 1987 (33),Tranmere Rovers FC (2),0-1,?,Hereford United FC (1924-2014) (2)
?,(Sat) 22 Aug 1987 (33),Rochdale AFC (2),1-1,?,Peterborough United FC (2)
?,(Sat) 22 Aug 1987 (33),Carlisle United FC (2),3-1,?,Scunthorpe United FC (2)
?,(Sat) 22 Aug 1987 (33),Wolverhampton Wanderers FC (2),0-1,?,FC Halifax Town (2)
?,(Sat) 22 Aug 1987 (33),Leyton Orient FC (2),3-1,?,Scarborough Athletic FC (2)
?,(Sat) 22 Aug 1987 (33),Darlington FC (2),1-2,?,Stockport County FC (2)
?,(Sat) 22 Aug 1987 (33),Swansea City AFC (2),0-2,?,Exeter City FC (2)
?,(Sat) 22 Aug 1987 (33),Cambridge United FC (2),4-1,?,Crewe Alexandra FC (2)
?,(Sat) 22 Aug 1987 (33),Bolton Wanderers FC (2),1-0,?,Cardiff City FC (2)
?,(Sat) 22 Aug 1987 (33),Newport County AFC (2),0-1,?,Burnley FC (2)
?,(Sat) 22 Aug 1987 (33),Wrexham AFC (2),2-1,?,Hartlepool United FC (2)
?,(Fri) 28 Aug 1987 (34),Stockport County FC (3),1-2,?,Tranmere Rovers FC (3)
?,(Fri) 28 Aug 1987 (34),FC Halifax Town (3),1-2,?,Rochdale AFC (3)
?,(Sat) 29 Aug 1987 (34),Scarborough Athletic FC (3),4-0,?,Bolton Wanderers FC (3)
?,(Sat) 29 Aug 1987 (34),Burnley FC (3),4-3,?,Carlisle United FC (3)
?,(Sat) 29 Aug 1987 (34),Torquay United FC (3),1-1,?,Leyton Orient FC (3)
?,(Sat) 29 Aug 1987 (34),Scunthorpe United FC (3),2-2,?,Colchester United FC (3)
?,(Sat) 29 Aug 1987 (34),Hereford United FC (1924-2014) (3),1-2,?,Wolverhampton Wanderers FC (3)
?,(Sat) 29 Aug 1987 (34),Peterborough United FC (3),1-0,?,Cambridge United FC (3)
?,(Sat) 29 Aug 1987 (34),Cardiff City FC (3),1-0,?,Swansea City AFC (3)
?,(Sat) 29 Aug 1987 (34),Hartlepool United FC (3),2-5,?,Darlington FC (3)
?,(Sat) 29 Aug 1987 (34),Crewe Alexandra FC (3),2-0,?,Wrexham AFC (3)
?,(Sat) 29 Aug 1987 (34),Exeter City FC (3),3-0,?,Newport County AFC (3)
?,(Mon) 31 Aug 1987 (35),Newport County AFC (4),1-2,?,Stockport County FC (4)
?,(Mon) 31 Aug 1987 (35),Wrexham AFC (4),2-2,?,FC Halifax Town (4)
?,(Mon) 31 Aug 1987 (35),Swansea City AFC (4),2-1,?,Hartlepool United FC (4)
?,(Mon) 31 Aug 1987 (35),Carlisle United FC (4),3-1,?,Hereford United FC (1924-2014) (4)
?,(Mon) 31 Aug 1987 (35),Tranmere Rovers FC (4),2-1,?,Exeter City FC (4)
?,(Mon) 31 Aug 1987 (35),Wolverhampton Wanderers FC (4),4-1,?,Scunthorpe United FC (4)
?,(Mon) 31 Aug 1987 (35),Bolton Wanderers FC (4),2-0,?,Peterborough United FC (4)
?,(Mon) 31 Aug 1987 (35),Rochdale AFC (4),2-2,?,Crewe Alexandra FC (4)
?,(Mon) 31 Aug 1987 (35),Colchester United FC (4),1-3,?,Scarborough Athletic FC (4)
?,(Mon) 31 Aug 1987 (35),Darlington FC (4),1-1,?,Torquay United FC (4)
?,(Tue) 1 Sep 1987 (35),Leyton Orient FC (4),4-1,?,Burnley FC (4)
?,(Tue) 1 Sep 1987 (35),Cambridge United FC (4),0-0,?,Cardiff City FC (4)
?,(Fri) 4 Sep 1987 (35),Crewe Alexandra FC (5),0-0,?,Colchester United FC (5)
?,(Fri) 4 Sep 1987 (35),Stockport County FC (5),3-0,?,Carlisle United FC (5)
?,(Sat) 5 Sep 1987 (35),Burnley FC (5),1-0,?,Swansea City AFC (5)
?,(Sat) 5 Sep 1987 (35),Cardiff City FC (5),3-2,?,Wolverhampton Wanderers FC (5)
?,(Sat) 5 Sep 1987 (35),Torquay United FC (5),0-1,?,Cambridge United FC (5)
?,(Sat) 5 Sep 1987 (35),Hereford United FC (1924-2014) (5),0-3,?,Bolton Wanderers FC (5)
?,(Sat) 5 Sep 1987 (35),FC Halifax Town (5),3-1,?,Newport County AFC (5)
?,(Sat) 5 Sep 1987 (35),Exeter City FC (5),1-1,?,Wrexham AFC (5)
?,(Sat) 5 Sep 1987 (35),Hartlepool United FC (5),2-2,?,Leyton Orient FC (5)
?,(Sat) 5 Sep 1987 (35),Scarborough Athletic FC (5),2-0,?,Tranmere Rovers FC (5)
?,(Sat) 5 Sep 1987 (35),Scunthorpe United FC (5),1-0,?,Rochdale AFC (5)
?,(Sat) 5 Sep 1987 (35),Peterborough United FC (5),1-2,?,Darlington FC (5)
?,(Fri) 11 Sep 1987 (36),Tranmere Rovers FC (6),0-1,?,Burnley FC (6)
?,(Sat) 12 Sep 1987 (36),Leyton Orient FC (6),2-3,?,Exeter City FC (6)
?,(Sat) 12 Sep 1987 (36),Cambridge United FC (6),3-3,?,Scunthorpe United FC (6)
?,(Sat) 12 Sep 1987 (36),Carlisle United FC (6),1-3,?,Hartlepool United FC (6)
?,(Sat) 12 Sep 1987 (36),Rochdale AFC (6),0-1,?,Stockport County FC (6)
?,(Sat) 12 Sep 1987 (36),Wrexham AFC (6),3-0,?,Cardiff City FC (6)
?,(Sat) 12 Sep 1987 (36),Bolton Wanderers FC (6),2-0,?,FC Halifax Town (6)
?,(Sat) 12 Sep 1987 (36),Darlington FC (6),2-1,?,Scarborough Athletic FC (6)
?,(Sat) 12 Sep 1987 (36),Colchester United FC (6),4-1,?,Peterborough United FC (6)
?,(Sat) 12 Sep 1987 (36),Swansea City AFC (6),3-0,?,Hereford United FC (1924-2014) (6)
?,(Sat) 12 Sep 1987 (36),Newport County AFC (6),3-1,?,Torquay United FC (6)
?,(Sat) 12 Sep 1987 (36),Wolverhampton Wanderers FC (6),2-2,?,Crewe Alexandra FC (6)
?,(Tue) 15 Sep 1987 (37),Stockport County FC (7),1-2,?,Leyton Orient FC (7)
?,(Tue) 15 Sep 1987 (37),Scunthorpe United FC (7),1-1,?,Bolton Wanderers FC (7)
?,(Tue) 15 Sep 1987 (37),Crewe Alexandra FC (7),0-0,?,Tranmere Rovers FC (7)
?,(Tue) 15 Sep 1987 (37),Cardiff City FC (7),3-1,?,Darlington FC (7)
?,(Tue) 15 Sep 1987 (37),Burnley FC (7),1-0,?,Wrexham AFC (7)
?,(Tue) 15 Sep 1987 (37),Torquay United FC (7),5-0,?,Rochdale AFC (7)
?,(Wed) 16 Sep 1987 (37),FC Halifax Town (7),3-1,?,Swansea City AFC (7)
?,(Wed) 16 Sep 1987 (37),Exeter City FC (7),1-1,?,Carlisle United FC (7)
?,(Wed) 16 Sep 1987 (37),Hereford United FC (1924-2014) (7),1-0,?,Colchester United FC (7)
?,(Wed) 16 Sep 1987 (37),Peterborough United FC (7),1-1,?,Wolverhampton Wanderers FC (7)
?,(Wed) 16 Sep 1987 (37),Scarborough Athletic FC (7),3-1,?,Newport County AFC (7)
?,(Wed) 16 Sep 1987 (37),Hartlepool United FC (7),2-1,?,Cambridge United FC (7)
?,(Fri) 18 Sep 1987 (37),FC Halifax Town (8),2-1,?,Tranmere Rovers FC (8)
?,(Fri) 18 Sep 1987 (37),Crewe Alexandra FC (8),3-3,?,Leyton Orient FC (8)
?,(Sat) 19 Sep 1987 (37),Hereford United FC (1924-2014) (8),1-0,?,Darlington FC (8)
?,(Sat) 19 Sep 1987 (37),Scunthorpe United FC (8),3-1,?,Newport County AFC (8)
?,(Sat) 19 Sep 1987 (37),Torquay United FC (8),2-1,?,Bolton Wanderers FC (8)
?,(Sat) 19 Sep 1987 (37),Scarborough Athletic FC (8),2-0,?,Swansea City AFC (8)
?,(Sat) 19 Sep 1987 (37),Exeter City FC (8),1-1,?,Rochdale AFC (8)
?,(Sat) 19 Sep 1987 (37),Cardiff City FC (8),4-2,?,Carlisle United FC (8)
?,(Sat) 19 Sep 1987 (37),Burnley FC (8),0-2,?,Cambridge United FC (8)
?,(Sat) 19 Sep 1987 (37),Stockport County FC (8),0-2,?,Wolverhampton Wanderers FC (8)
?,(Sat) 19 Sep 1987 (37),Hartlepool United FC (8),3-1,?,Colchester United FC (8)
?,(Sat) 19 Sep 1987 (37),Peterborough United FC (8),1-0,?,Wrexham AFC (8)
?,(Fri) 25 Sep 1987 (38),Tranmere Rovers FC (9),0-1,?,Cardiff City FC (9)
?,(Fri) 25 Sep 1987 (38),Colchester United FC (9),0-2,?,Exeter City FC (9)
?,(Sat) 26 Sep 1987 (38),Leyton Orient FC (9),2-0,?,Peterborough United FC (9)
?,(Sat) 26 Sep 1987 (38),Wrexham AFC (9),2-1,?,Stockport County FC (9)
?,(Sat) 26 Sep 1987 (38),Rochdale AFC (9),2-1,?,Burnley FC (9)
?,(Sat) 26 Sep 1987 (38),Bolton Wanderers FC (9),1-2,?,Hartlepool United FC (9)
?,(Sat) 26 Sep 1987 (38),Cambridge United FC (9),2-1,?,FC Halifax Town (9)
?,(Sat) 26 Sep 1987 (38),Darlington FC (9),1-4,?,Scunthorpe United FC (9)
?,(Sat) 26 Sep 1987 (38),Swansea City AFC (9),2-4,?,Crewe Alexandra FC (9)
?,(Sat) 26 Sep 1987 (38),Carlisle United FC (9),4-0,?,Scarborough Athletic FC (9)
?,(Sat) 26 Sep 1987 (38),Wolverhampton Wanderers FC (9),1-2,?,Torquay United FC (9)
?,(Sun) 27 Sep 1987 (38),Newport County AFC (9),0-0,?,Hereford United FC (1924-2014) (9)
?,(Tue) 29 Sep 1987 (39),Leyton Orient FC (10),4-1,?,Newport County AFC (10)
?,(Tue) 29 Sep 1987 (39),Scunthorpe United FC (10),0-0,?,Stockport County FC (10)
?,(Tue) 29 Sep 1987 (39),Cardiff City FC (10),0-0,?,FC Halifax Town (10)
?,(Tue) 29 Sep 1987 (39),Carlisle United FC (10),3-3,?,Darlington FC (10)
?,(Tue) 29 Sep 1987 (39),Cambridge United FC (10),0-1,?,Wrexham AFC (10)
?,(Tue) 29 Sep 1987 (39),Burnley FC (10),0-0,?,Crewe Alexandra FC (10)
?,(Tue) 29 Sep 1987 (39),Torquay United FC (10),0-1,?,Scarborough Athletic FC (10)
?,(Tue) 29 Sep 1987 (39),Wolverhampton Wanderers FC (10),2-0,?,Rochdale AFC (10)
?,(Tue) 29 Sep 1987 (39),Colchester United FC (10),2-1,?,Swansea City AFC (10)
?,(Wed) 30 Sep 1987 (39),Hartlepool United FC (10),3-1,?,Exeter City FC (10)
?,(Wed) 30 Sep 1987 (39),Hereford United FC (1924-2014) (10),0-1,?,Peterborough United FC (10)
?,(Fri) 2 Oct 1987 (39),Stockport County FC (11),0-1,?,Cardiff City FC (11)
?,(Sat) 3 Oct 1987 (39),Newport County AFC (11),1-2,?,Colchester United FC (11)
?,(Sat) 3 Oct 1987 (39),Wrexham AFC (11),2-2,?,Leyton Orient FC (11)
?,(Sat) 3 Oct 1987 (39),Scarborough Athletic FC (11),1-0,?,Burnley FC (11)
?,(Sat) 3 Oct 1987 (39),Swansea City AFC (11),1-1,?,Cambridge United FC (11)
?,(Sat) 3 Oct 1987 (39),FC Halifax Town (11),2-1,?,Hereford United FC (1924-2014) (11)
?,(Sat) 3 Oct 1987 (39),Exeter City FC (11),0-1,?,Torquay United FC (11)
?,(Sat) 3 Oct 1987 (39),Peterborough United FC (11),1-1,?,Scunthorpe United FC (11)
?,(Sat) 3 Oct 1987 (39),Bolton Wanderers FC (10),1-0,?,Wolverhampton Wanderers FC (11)
?,(Sat) 3 Oct 1987 (39),Rochdale AFC (11),1-2,?,Carlisle United FC (11)
?,(Sat) 3 Oct 1987 (39),Crewe Alexandra FC (11),1-1,?,Hartlepool United FC (11)
?,(Sat) 3 Oct 1987 (39),Darlington FC (11),0-0,?,Tranmere Rovers FC (10)
?,(Fri) 9 Oct 1987 (40),Tranmere Rovers FC (11),6-1,?,Rochdale AFC (12)
?,(Fri) 9 Oct 1987 (40),Colchester United FC (12),0-0,?,Leyton Orient FC (12)
?,(Sat) 10 Oct 1987 (40),Scarborough Athletic FC (12),3-1,?,Exeter City FC (12)
?,(Sat) 10 Oct 1987 (40),Scunthorpe United FC (12),1-0,?,FC Halifax Town (12)
?,(Sat) 10 Oct 1987 (40),Darlington FC (12),1-0,?,Bolton Wanderers FC (11)
?,(Sat) 10 Oct 1987 (40),Cardiff City FC (12),0-1,?,Hereford United FC (1924-2014) (12)
?,(Sat) 10 Oct 1987 (40),Carlisle United FC (12),0-1,?,Wolverhampton Wanderers FC (12)
?,(Sat) 10 Oct 1987 (40),Stockport County FC (12),0-1,?,Peterborough United FC (12)
?,(Sat) 10 Oct 1987 (40),Cambridge United FC (12),4-0,?,Newport County AFC (12)
?,(Sat) 10 Oct 1987 (40),Torquay United FC (12),1-0,?,Crewe Alexandra FC (12)
?,(Sat) 10 Oct 1987 (40),Burnley FC (12),1-0,?,Hartlepool United FC (12)
?,(Sat) 10 Oct 1987 (40),Swansea City AFC (12),2-1,?,Wrexham AFC (12)
?,(Fri) 16 Oct 1987 (41),FC Halifax Town (13),2-0,?,Stockport County FC (13)
?,(Sat) 17 Oct 1987 (41),Leyton Orient FC (13),0-2,?,Cambridge United FC (13)
?,(Sat) 17 Oct 1987 (41),Wolverhampton Wanderers FC (13),3-0,?,Tranmere Rovers FC (12)
?,(Sat) 17 Oct 1987 (41),Rochdale AFC (13),1-3,?,Darlington FC (13)
?,(Sat) 17 Oct 1987 (41),Exeter City FC (13),1-2,?,Burnley FC (13)
?,(Sat) 17 Oct 1987 (41),Swansea City AFC (13),1-2,?,Newport County AFC (13)
?,(Sat) 17 Oct 1987 (41),Bolton Wanderers FC (12),5-0,?,Carlisle United FC (13)
?,(Sat) 17 Oct 1987 (41),Wrexham AFC (13),0-1,?,Colchester United FC (13)
?,(Sat) 17 Oct 1987 (41),Hartlepool United FC (13),0-0,?,Torquay United FC (13)
?,(Sat) 17 Oct 1987 (41),Hereford United FC (1924-2014) (13),2-3,?,Scunthorpe United FC (13)
?,(Sat) 17 Oct 1987 (41),Crewe Alexandra FC (13),1-0,?,Scarborough Athletic FC (13)
?,(Sat) 17 Oct 1987 (41),Peterborough United FC (13),4-3,?,Cardiff City FC (13)
?,(Tue) 20 Oct 1987 (42),Crewe Alexandra FC (14),3-1,?,Stockport County FC (14)
?,(Tue) 20 Oct 1987 (42),Wolverhampton Wanderers FC (14),3-0,?,Cambridge United FC (14)
?,(Tue) 20 Oct 1987 (42),Burnley FC (14),1-1,?,Scunthorpe United FC (14)
?,(Tue) 20 Oct 1987 (42),Leyton Orient FC (14),8-0,?,Rochdale AFC (14)
?,(Tue) 20 Oct 1987 (42),Tranmere Rovers FC (13),1-2,?,Swansea City AFC (14)
?,(Tue) 20 Oct 1987 (42),Wrexham AFC (14),0-1,?,Darlington FC (14)
?,(Tue) 20 Oct 1987 (42),Bolton Wanderers FC (13),1-0,?,Exeter City FC (14)
?,(Tue) 20 Oct 1987 (42),Cardiff City FC (14),2-1,?,Torquay United FC (14)
?,(Tue) 20 Oct 1987 (42),Colchester United FC (14),1-0,?,Carlisle United FC (14)
?,(Wed) 21 Oct 1987 (42),Hereford United FC (1924-2014) (14),1-1,?,Scarborough Athletic FC (14)
?,(Wed) 21 Oct 1987 (42),Hartlepool United FC (14),2-1,?,FC Halifax Town (14)
?,(Wed) 21 Oct 1987 (42),Peterborough United FC (14),3-0,?,Newport County AFC (14)
?,(Fri) 23 Oct 1987 (42),Stockport County FC (15),0-2,?,Hereford United FC (1924-2014) (15)
?,(Sat) 24 Oct 1987 (42),Rochdale AFC (15),2-2,?,Bolton Wanderers FC (14)
?,(Sat) 24 Oct 1987 (42),Swansea City AFC (15),3-0,?,Leyton Orient FC (15)
?,(Sat) 24 Oct 1987 (42),Newport County AFC (15),2-0,?,Wrexham AFC (15)
?,(Sat) 24 Oct 1987 (42),FC Halifax Town (15),0-0,?,Peterborough United FC (15)
?,(Sat) 24 Oct 1987 (42),Scarborough Athletic FC (15),1-1,?,Hartlepool United FC (15)
?,(Sat) 24 Oct 1987 (42),Darlington FC (15),2-2,?,Wolverhampton Wanderers FC (15)
?,(Sat) 24 Oct 1987 (42),Cambridge United FC (15),0-1,?,Colchester United FC (15)
?,(Sat) 24 Oct 1987 (42),Torquay United FC (15),1-3,?,Burnley FC (15)
?,(Sat) 24 Oct 1987 (42),Carlisle United FC (15),3-2,?,Tranmere Rovers FC (14)
?,(Sat) 24 Oct 1987 (42),Scunthorpe United FC (15),2-1,?,Cardiff City FC (15)
?,(Sat) 24 Oct 1987 (42),Exeter City FC (15),3-1,?,Crewe Alexandra FC (15)
?,(Fri) 30 Oct 1987 (43),Colchester United FC (16),2-1,?,Darlington FC (16)
?,(Fri) 30 Oct 1987 (43),Tranmere Rovers FC (15),0-1,?,Cambridge United FC (16)
?,(Sat) 31 Oct 1987 (43),Hartlepool United FC (16),1-0,?,Scunthorpe United FC (16)
?,(Sat) 31 Oct 1987 (43),Bolton Wanderers FC (15),1-1,?,Swansea City AFC (16)
?,(Sat) 31 Oct 1987 (43),Wrexham AFC (16),1-0,?,Scarborough Athletic FC (16)
?,(Sat) 31 Oct 1987 (43),Cardiff City FC (16),1-0,?,Rochdale AFC (16)
?,(Sat) 31 Oct 1987 (43),Leyton Orient FC (16),4-1,?,FC Halifax Town (16)
?,(Sat) 31 Oct 1987 (43),Peterborough United FC (16),0-2,?,Torquay United FC (16)
?,(Sat) 31 Oct 1987 (43),Burnley FC (16),1-1,?,Stockport County FC (16)
?,(Sat) 31 Oct 1987 (43),Hereford United FC (1924-2014) (16),1-1,?,Exeter City FC (16)
?,(Sat) 31 Oct 1987 (43),Wolverhampton Wanderers FC (16),2-1,?,Newport County AFC (16)
?,(Sat) 31 Oct 1987 (43),Crewe Alexandra FC (16),4-1,?,Carlisle United FC (16)
?,(Tue) 3 Nov 1987 (44),Swansea City AFC (17),1-2,?,Wolverhampton Wanderers FC (17)
?,(Tue) 3 Nov 1987 (44),FC Halifax Town (17),2-1,?,Burnley FC (17)
?,(Tue) 3 Nov 1987 (44),Rochdale AFC (17),1-4,?,Colchester United FC (17)
?,(Tue) 3 Nov 1987 (44),Newport County AFC (17),0-1,?,Bolton Wanderers FC (16)
?,(Tue) 3 Nov 1987 (44),Torquay United FC (17),1-0,?,Tranmere Rovers FC (16)
?,(Tue) 3 Nov 1987 (44),Stockport County FC (17),1-0,?,Hartlepool United FC (17)
?,(Tue) 3 Nov 1987 (44),Carlisle United FC (17),1-2,?,Leyton Orient FC (17)
?,(Tue) 3 Nov 1987 (44),Darlington FC (17),1-0,?,Crewe Alexandra FC (17)
?,(Tue) 3 Nov 1987 (44),Scunthorpe United FC (17),3-1,?,Wrexham AFC (17)
?,(Tue) 3 Nov 1987 (44),Cambridge United FC (17),0-1,?,Hereford United FC (1924-2014) (17)
?,(Wed) 4 Nov 1987 (44),Scarborough Athletic FC (17),1-1,?,Cardiff City FC (17)
?,(Fri) 6 Nov 1987 (44),Tranmere Rovers FC (17),1-0,?,Wrexham AFC (18)
?,(Fri) 6 Nov 1987 (44),FC Halifax Town (18),1-2,?,Colchester United FC (18)
?,(Fri) 6 Nov 1987 (44),Stockport County FC (18),2-1,?,Torquay United FC (18)
?,(Sat) 7 Nov 1987 (44),Hereford United FC (1924-2014) (18),1-1,?,Crewe Alexandra FC (18)
?,(Sat) 7 Nov 1987 (44),Scunthorpe United FC (18),0-1,?,Scarborough Athletic FC (18)
?,(Sat) 7 Nov 1987 (44),Cardiff City FC (18),3-2,?,Exeter City FC (17)
?,(Sat) 7 Nov 1987 (44),Peterborough United FC (17),0-1,?,Hartlepool United FC (18)
?,(Sat) 7 Nov 1987 (44),Rochdale AFC (18),2-3,?,Swansea City AFC (18)
?,(Sat) 7 Nov 1987 (44),Bolton Wanderers FC (17),1-0,?,Leyton Orient FC (18)
?,(Sat) 7 Nov 1987 (44),Carlisle United FC (18),3-1,?,Newport County AFC (18)
?,(Sat) 7 Nov 1987 (44),Wolverhampton Wanderers FC (18),3-0,?,Burnley FC (18)
?,(Sun) 8 Nov 1987 (44),Darlington FC (18),0-1,?,Cambridge United FC (18)
?,(Fri) 20 Nov 1987 (46),Leyton Orient FC (19),4-3,?,Darlington FC (19)
?,(Sat) 21 Nov 1987 (46),Newport County AFC (19),1-2,?,Cardiff City FC (19)
?,(Sat) 21 Nov 1987 (46),Swansea City AFC (19),2-1,?,Peterborough United FC (18)
?,(Sat) 21 Nov 1987 (46),Wrexham AFC (19),4-0,?,Carlisle United FC (19)
?,(Sat) 21 Nov 1987 (46),Torquay United FC (19),1-0,?,Hereford United FC (1924-2014) (19)
?,(Sat) 21 Nov 1987 (46),Hartlepool United FC (19),1-2,?,Tranmere Rovers FC (18)
?,(Sat) 21 Nov 1987 (46),Colchester United FC (19),0-1,?,Wolverhampton Wanderers FC (19)
?,(Sat) 21 Nov 1987 (46),Cambridge United FC (19),1-2,?,Rochdale AFC (19)
?,(Sat) 21 Nov 1987 (46),Scarborough Athletic FC (19),1-1,?,FC Halifax Town (19)
?,(Sat) 21 Nov 1987 (46),Crewe Alexandra FC (19),2-2,?,Scunthorpe United FC (19)
?,(Sat) 21 Nov 1987 (46),Burnley FC (19),2-1,?,Bolton Wanderers FC (18)
?,(Sat) 21 Nov 1987 (46),Exeter City FC (18),2-1,?,Stockport County FC (19)
?,(Fri) 27 Nov 1987 (47),FC Halifax Town (20),1-2,?,Crewe Alexandra FC (20)
?,(Fri) 27 Nov 1987 (47),Stockport County FC (20),1-1,?,Colchester United FC (20)
?,(Fri) 27 Nov 1987 (47),Tranmere Rovers FC (19),4-0,?,Newport County AFC (20)
?,(Sat) 28 Nov 1987 (47),Wolverhampton Wanderers FC (20),0-2,?,Wrexham AFC (20)
?,(Sat) 28 Nov 1987 (47),Carlisle United FC (20),3-3,?,Torquay United FC (20)
?,(Sat) 28 Nov 1987 (47),Cardiff City FC (20),1-1,?,Hartlepool United FC (20)
?,(Sat) 28 Nov 1987 (47),Rochdale AFC (20),1-1,?,Scarborough Athletic FC (20)
?,(Sat) 28 Nov 1987 (47),Scunthorpe United FC (20),1-2,?,Swansea City AFC (20)
?,(Sat) 28 Nov 1987 (47),Peterborough United FC (19),5-0,?,Burnley FC (20)
?,(Sat) 28 Nov 1987 (47),Hereford United FC (1924-2014) (20),0-3,?,Leyton Orient FC (20)
?,(Sat) 28 Nov 1987 (47),Bolton Wanderers FC (19),2-2,?,Cambridge United FC (20)
?,(Tue) 8 Dec 1987 (49),Darlington FC (20),4-1,?,Exeter City FC (19)
?,(Fri) 11 Dec 1987 (49),Cambridge United FC (21),2-0,?,Stockport County FC (21)
?,(Fri) 11 Dec 1987 (49),Colchester United FC (21),3-0,?,Bolton Wanderers FC (20)
?,(Sat) 12 Dec 1987 (49),Torquay United FC (21),1-2,?,FC Halifax Town (21)
?,(Sat) 12 Dec 1987 (49),Wrexham AFC (21),2-3,?,Rochdale AFC (21)
?,(Sat) 12 Dec 1987 (49),Crewe Alexandra FC (21),0-0,?,Cardiff City FC (21)
?,(Sat) 12 Dec 1987 (49),Swansea City AFC (21),3-1,?,Carlisle United FC (21)
?,(Sat) 12 Dec 1987 (49),Exeter City FC (20),1-1,?,Scunthorpe United FC (21)
?,(Sat) 12 Dec 1987 (49),Hartlepool United FC (21),0-0,?,Wolverhampton Wanderers FC (21)
?,(Sat) 12 Dec 1987 (49),Leyton Orient FC (21),3-1,?,Tranmere Rovers FC (20)
?,(Sat) 12 Dec 1987 (49),Burnley FC (21),0-0,?,Hereford United FC (1924-2014) (21)
?,(Sat) 12 Dec 1987 (49),Scarborough Athletic FC (21),1-1,?,Peterborough United FC (20)
?,(Tue) 15 Dec 1987 (50),Tranmere Rovers FC (21),2-0,?,Bolton Wanderers FC (21)
?,(Fri) 18 Dec 1987 (50),Scunthorpe United FC (22),2-3,?,Torquay United FC (22)
?,(Fri) 18 Dec 1987 (50),Tranmere Rovers FC (22),0-2,?,Colchester United FC (22)
?,(Fri) 18 Dec 1987 (50),Peterborough United FC (21),0-4,?,Crewe Alexandra FC (22)
?,(Fri) 18 Dec 1987 (50),FC Halifax Town (22),2-0,?,Exeter City FC (21)
?,(Fri) 18 Dec 1987 (50),Carlisle United FC (22),2-1,?,Cambridge United FC (22)
?,(Sat) 19 Dec 1987 (50),Stockport County FC (22),1-1,?,Scarborough Athletic FC (22)
?,(Sat) 19 Dec 1987 (50),Rochdale AFC (22),3-0,?,Newport County AFC (21)
?,(Sat) 19 Dec 1987 (50),Darlington FC (21),2-0,?,Swansea City AFC (22)
?,(Sat) 19 Dec 1987 (50),Cardiff City FC (22),2-1,?,Burnley FC (22)
?,(Sat) 19 Dec 1987 (50),Wolverhampton Wanderers FC (22),2-0,?,Leyton Orient FC (22)
?,(Sat) 19 Dec 1987 (50),Bolton Wanderers FC (22),2-0,?,Wrexham AFC (22)
?,(Sat) 19 Dec 1987 (50),Hereford United FC (1924-2014) (22),4-2,?,Hartlepool United FC (22)
?,(Sat) 26 Dec 1987 (51),Scunthorpe United FC (23),1-0,?,Darlington FC (22)
?,(Sat) 26 Dec 1987 (51),Cardiff City FC (23),3-0,?,Tranmere Rovers FC (23)
?,(Sat) 26 Dec 1987 (51),Scarborough Athletic FC (23),3-1,?,Carlisle United FC (23)
?,(Sat) 26 Dec 1987 (51),Hereford United FC (1924-2014) (23),4-2,?,Newport County AFC (22)
?,(Sat) 26 Dec 1987 (51),Peterborough United FC (22),1-2,?,Leyton Orient FC (23)
?,(Sat) 26 Dec 1987 (51),Burnley FC (23),4-0,?,Rochdale AFC (23)
?,(Sat) 26 Dec 1987 (51),Stockport County FC (23),1-1,?,Wrexham AFC (23)
?,(Sat) 26 Dec 1987 (51),Hartlepool United FC (23),0-0,?,Bolton Wanderers FC (23)
?,(Sat) 26 Dec 1987 (51),Exeter City FC (22),0-2,?,Colchester United FC (23)
?,(Sat) 26 Dec 1987 (51),FC Halifax Town (23),1-1,?,Cambridge United FC (23)
?,(Sat) 26 Dec 1987 (51),Crewe Alexandra FC (23),2-2,?,Swansea City AFC (23)
?,(Mon) 28 Dec 1987 (52),Wrexham AFC (24),0-0,?,Hereford United FC (1924-2014) (24)
?,(Mon) 28 Dec 1987 (52),Swansea City AFC (24),1-1,?,Torquay United FC (23)
?,(Mon) 28 Dec 1987 (52),Tranmere Rovers FC (24),3-1,?,Peterborough United FC (23)
?,(Mon) 28 Dec 1987 (52),Leyton Orient FC (24),1-1,?,Scunthorpe United FC (24)
?,(Mon) 28 Dec 1987 (52),Wolverhampton Wanderers FC (23),3-0,?,Exeter City FC (23)
?,(Mon) 28 Dec 1987 (52),Newport County AFC (23),1-2,?,Crewe Alexandra FC (24)
?,(Mon) 28 Dec 1987 (52),Colchester United FC (24),2-1,?,Cardiff City FC (24)
?,(Mon) 28 Dec 1987 (52),Rochdale AFC (24),0-2,?,Hartlepool United FC (24)
?,(Mon) 28 Dec 1987 (52),Darlington FC (23),4-2,?,Burnley FC (24)
?,(Mon) 28 Dec 1987 (52),Bolton Wanderers FC (24),2-1,?,Stockport County FC (24)
?,(Mon) 28 Dec 1987 (52),Cambridge United FC (24),1-0,?,Scarborough Athletic FC (24)
?,(Fri) 1 Jan 1988 (0),Newport County AFC (24),1-1,?,Exeter City FC (24)
?,(Fri) 1 Jan 1988 (0),Wolverhampton Wanderers FC (24),2-0,?,Hereford United FC (1924-2014) (25)
?,(Fri) 1 Jan 1988 (0),Bolton Wanderers FC (25),3-1,?,Scarborough Athletic FC (25)
?,(Fri) 1 Jan 1988 (0),Tranmere Rovers FC (25),4-0,?,Stockport County FC (25)
?,(Fri) 1 Jan 1988 (0),Colchester United FC (25),0-3,?,Scunthorpe United FC (25)
?,(Fri) 1 Jan 1988 (0),Rochdale AFC (25),0-0,?,FC Halifax Town (24)
?,(Fri) 1 Jan 1988 (0),Cambridge United FC (25),1-3,?,Peterborough United FC (24)
?,(Fri) 1 Jan 1988 (0),Swansea City AFC (25),2-2,?,Cardiff City FC (25)
?,(Fri) 1 Jan 1988 (0),Carlisle United FC (24),3-4,?,Burnley FC (25)
?,(Fri) 1 Jan 1988 (0),Darlington FC (24),1-1,?,Hartlepool United FC (25)
?,(Fri) 1 Jan 1988 (0),Leyton Orient FC (25),0-2,?,Torquay United FC (24)
?,(Fri) 1 Jan 1988 (0),Wrexham AFC (25),2-1,?,Crewe Alexandra FC (25)
?,(Sat) 2 Jan 1988 (0),Hartlepool United FC (26),0-0,?,Carlisle United FC (25)
?,(Sat) 2 Jan 1988 (0),Scarborough Athletic FC (26),0-1,?,Darlington FC (25)
?,(Sat) 2 Jan 1988 (0),Peterborough United FC (25),2-0,?,Colchester United FC (26)
?,(Sat) 2 Jan 1988 (0),Hereford United FC (1924-2014) (26),0-0,?,Swansea City AFC (26)
?,(Sat) 2 Jan 1988 (0),Burnley FC (26),1-1,?,Tranmere Rovers FC (26)
?,(Sat) 2 Jan 1988 (0),Crewe Alexandra FC (26),0-2,?,Wolverhampton Wanderers FC (25)
?,(Sat) 2 Jan 1988 (0),Stockport County FC (26),1-1,?,Rochdale AFC (26)
?,(Sat) 2 Jan 1988 (0),Scunthorpe United FC (26),3-2,?,Cambridge United FC (26)
?,(Sat) 2 Jan 1988 (0),Exeter City FC (25),2-3,?,Leyton Orient FC (26)
?,(Sat) 9 Jan 1988 (1),Burnley FC (27),2-0,?,Newport County AFC (25)
?,(Sat) 9 Jan 1988 (1),Peterborough United FC (26),1-1,?,Rochdale AFC (27)
?,(Sat) 9 Jan 1988 (1),Exeter City FC (26),3-1,?,Swansea City AFC (27)
?,(Sat) 9 Jan 1988 (1),Darlington FC (26),2-1,?,Carlisle United FC (26)
?,(Sat) 9 Jan 1988 (1),Hereford United FC (1924-2014) (27),1-1,?,Tranmere Rovers FC (27)
?,(Tue) 12 Jan 1988 (2),Newport County AFC (26),2-1,?,Darlington FC (27)
?,(Tue) 12 Jan 1988 (2),FC Halifax Town (25),0-0,?,Bolton Wanderers FC (26)
?,(Fri) 15 Jan 1988 (2),Colchester United FC (27),0-0,?,Hartlepool United FC (27)
?,(Fri) 15 Jan 1988 (2),Tranmere Rovers FC (28),2-0,?,FC Halifax Town (26)
?,(Sat) 16 Jan 1988 (2),Wolverhampton Wanderers FC (26),1-1,?,Stockport County FC (27)
?,(Sat) 16 Jan 1988 (2),Newport County AFC (27),1-1,?,Scunthorpe United FC (27)
?,(Sat) 16 Jan 1988 (2),Leyton Orient FC (27),1-1,?,Crewe Alexandra FC (27)
?,(Sat) 16 Jan 1988 (2),Wrexham AFC (26),3-1,?,Peterborough United FC (27)
?,(Sat) 16 Jan 1988 (2),Bolton Wanderers FC (27),1-2,?,Torquay United FC (25)
?,(Sat) 16 Jan 1988 (2),Carlisle United FC (27),0-0,?,Cardiff City FC (26)
?,(Sat) 16 Jan 1988 (2),Cambridge United FC (27),2-0,?,Burnley FC (28)
?,(Sat) 16 Jan 1988 (2),Swansea City AFC (28),3-0,?,Scarborough Athletic FC (27)
?,(Sat) 16 Jan 1988 (2),Rochdale AFC (28),0-0,?,Exeter City FC (27)
?,(Sun) 17 Jan 1988 (2),Darlington FC (28),3-1,?,Hereford United FC (1924-2014) (28)
?,(Sat) 23 Jan 1988 (3),Leyton Orient FC (28),1-1,?,Stockport County FC (28)
?,(Sat) 23 Jan 1988 (3),Swansea City AFC (29),1-1,?,FC Halifax Town (27)
?,(Sat) 23 Jan 1988 (3),Carlisle United FC (28),0-0,?,Exeter City FC (28)
?,(Tue) 26 Jan 1988 (4),Rochdale AFC (29),1-1,?,Torquay United FC (26)
?,(Tue) 26 Jan 1988 (4),Hartlepool United FC (28),1-0,?,Wrexham AFC (27)
?,(Fri) 29 Jan 1988 (4),Stockport County FC (29),5-1,?,Newport County AFC (28)
?,(Fri) 29 Jan 1988 (4),Crewe Alexandra FC (28),0-1,?,Rochdale AFC (30)
?,(Sat) 30 Jan 1988 (4),Scunthorpe United FC (28),0-1,?,Wolverhampton Wanderers FC (27)
?,(Sat) 30 Jan 1988 (4),Peterborough United FC (28),0-4,?,Bolton Wanderers FC (28)
?,(Sat) 30 Jan 1988 (4),Exeter City FC (29),0-1,?,Tranmere Rovers FC (29)
?,(Sat) 30 Jan 1988 (4),Cardiff City FC (27),4-0,?,Cambridge United FC (28)
?,(Sat) 30 Jan 1988 (4),Hereford United FC (1924-2014) (29),2-0,?,Carlisle United FC (29)
?,(Sat) 30 Jan 1988 (4),Hartlepool United FC (29),0-2,?,Swansea City AFC (30)
?,(Sat) 30 Jan 1988 (4),Scarborough Athletic FC (28),3-1,?,Colchester United FC (28)
?,(Tue) 2 Feb 1988 (5),Darlington FC (29),0-0,?,Cardiff City FC (28)
?,(Tue) 2 Feb 1988 (5),Wrexham AFC (28),1-3,?,Burnley FC (29)
?,(Fri) 5 Feb 1988 (5),Newport County AFC (29),1-0,?,FC Halifax Town (28)
?,(Fri) 5 Feb 1988 (5),Colchester United FC (29),1-4,?,Crewe Alexandra FC (29)
?,(Sat) 6 Feb 1988 (5),Swansea City AFC (31),0-0,?,Burnley FC (30)
?,(Sat) 6 Feb 1988 (5),Wolverhampton Wanderers FC (28),1-4,?,Cardiff City FC (29)
?,(Sat) 6 Feb 1988 (5),Carlisle United FC (30),2-0,?,Stockport County FC (30)
?,(Sat) 6 Feb 1988 (5),Leyton Orient FC (29),0-2,?,Hartlepool United FC (30)
?,(Sat) 6 Feb 1988 (5),Cambridge United FC (29),1-0,?,Torquay United FC (27)
?,(Sat) 6 Feb 1988 (5),Bolton Wanderers FC (29),1-0,?,Hereford United FC (1924-2014) (30)
?,(Sat) 6 Feb 1988 (5),Tranmere Rovers FC (30),1-0,?,Scarborough Athletic FC (29)
?,(Sat) 6 Feb 1988 (5),Rochdale AFC (31),2-1,?,Scunthorpe United FC (29)
?,(Fri) 12 Feb 1988 (6),Stockport County FC (31),1-2,?,Bolton Wanderers FC (30)
?,(Sat) 13 Feb 1988 (6),Crewe Alexandra FC (30),2-1,?,Newport County AFC (30)
?,(Sat) 13 Feb 1988 (6),Exeter City FC (30),2-4,?,Wolverhampton Wanderers FC (29)
?,(Sat) 13 Feb 1988 (6),Hartlepool United FC (31),1-1,?,Rochdale AFC (32)
?,(Sat) 13 Feb 1988 (6),Peterborough United FC (29),2-1,?,Tranmere Rovers FC (31)
?,(Sat) 13 Feb 1988 (6),Cardiff City FC (30),1-0,?,Colchester United FC (30)
?,(Sat) 13 Feb 1988 (6),Scarborough Athletic FC (30),0-0,?,Cambridge United FC (30)
?,(Sat) 13 Feb 1988 (6),Hereford United FC (1924-2014) (31),0-2,?,Wrexham AFC (29)
?,(Sat) 13 Feb 1988 (6),Burnley FC (31),2-1,?,Darlington FC (30)
?,(Sat) 13 Feb 1988 (6),Scunthorpe United FC (30),3-2,?,Leyton Orient FC (30)
?,(Tue) 16 Feb 1988 (7),FC Halifax Town (29),2-1,?,Wolverhampton Wanderers FC (30)
?,(Fri) 19 Feb 1988 (7),Wolverhampton Wanderers FC (31),0-0,?,Scarborough Athletic FC (31)
?,(Fri) 19 Feb 1988 (7),Cambridge United FC (31),2-1,?,Exeter City FC (31)
?,(Fri) 19 Feb 1988 (7),Newport County AFC (31),2-3,?,Hartlepool United FC (32)
?,(Fri) 19 Feb 1988 (7),Colchester United FC (31),0-1,?,Burnley FC (32)
?,(Fri) 19 Feb 1988 (7),Swansea City AFC (32),1-1,?,Stockport County FC (32)
?,(Sat) 20 Feb 1988 (7),Tranmere Rovers FC (32),1-3,?,Scunthorpe United FC (31)
?,(Sat) 20 Feb 1988 (7),Wrexham AFC (30),2-3,?,Torquay United FC (28)
?,(Sat) 20 Feb 1988 (7),Carlisle United FC (31),0-2,?,Peterborough United FC (30)
?,(Sat) 20 Feb 1988 (7),Leyton Orient FC (31),4-1,?,Cardiff City FC (31)
?,(Sat) 20 Feb 1988 (7),Rochdale AFC (33),3-1,?,Hereford United FC (1924-2014) (32)
?,(Sat) 20 Feb 1988 (7),Darlington FC (31),4-1,?,FC Halifax Town (30)
?,(Sat) 20 Feb 1988 (7),Crewe Alexandra FC (31),2-1,?,Bolton Wanderers FC (31)
?,(Tue) 23 Feb 1988 (8),Torquay United FC (29),0-0,?,Wolverhampton Wanderers FC (32)
?,(Tue) 23 Feb 1988 (8),FC Halifax Town (31),2-0,?,Wrexham AFC (31)
?,(Wed) 24 Feb 1988 (8),Scarborough Athletic FC (32),3-1,?,Leyton Orient FC (32)
?,(Wed) 24 Feb 1988 (8),Peterborough United FC (31),1-2,?,Hereford United FC (1924-2014) (33)
?,(Fri) 26 Feb 1988 (8),Tranmere Rovers FC (33),2-1,?,Darlington FC (32)
?,(Fri) 26 Feb 1988 (8),Colchester United FC (32),0-0,?,Newport County AFC (32)
?,(Sat) 27 Feb 1988 (8),Wolverhampton Wanderers FC (33),4-0,?,Bolton Wanderers FC (32)
?,(Sat) 27 Feb 1988 (8),Cambridge United FC (32),0-3,?,Swansea City AFC (33)
?,(Sat) 27 Feb 1988 (8),Cardiff City FC (32),0-0,?,Stockport County FC (33)
?,(Sat) 27 Feb 1988 (8),Burnley FC (33),0-1,?,Scarborough Athletic FC (33)
?,(Sat) 27 Feb 1988 (8),Torquay United FC (30),1-1,?,Exeter City FC (32)
?,(Sat) 27 Feb 1988 (8),Leyton Orient FC (33),2-1,?,Wrexham AFC (32)
?,(Sat) 27 Feb 1988 (8),Carlisle United FC (32),2-0,?,Rochdale AFC (34)
?,(Sat) 27 Feb 1988 (8),Hartlepool United FC (33),2-1,?,Crewe Alexandra FC (32)
?,(Sat) 27 Feb 1988 (8),Scunthorpe United FC (32),5-0,?,Peterborough United FC (32)
?,(Sat) 27 Feb 1988 (8),Hereford United FC (1924-2014) (34),2-1,?,FC Halifax Town (32)
?,(Tue) 1 Mar 1988 (9),Crewe Alexandra FC (33),0-1,?,Burnley FC (34)
?,(Tue) 1 Mar 1988 (9),FC Halifax Town (33),0-1,?,Cardiff City FC (33)
?,(Tue) 1 Mar 1988 (9),Stockport County FC (34),1-1,?,Scunthorpe United FC (33)
?,(Tue) 1 Mar 1988 (9),Newport County AFC (33),0-0,?,Leyton Orient FC (34)
?,(Tue) 1 Mar 1988 (9),Swansea City AFC (34),1-2,?,Colchester United FC (33)
?,(Tue) 1 Mar 1988 (9),Bolton Wanderers FC (33),2-0,?,Tranmere Rovers FC (34)
?,(Tue) 1 Mar 1988 (9),Rochdale AFC (35),0-1,?,Wolverhampton Wanderers FC (34)
?,(Tue) 1 Mar 1988 (9),Wrexham AFC (33),3-0,?,Cambridge United FC (33)
?,(Wed) 2 Mar 1988 (9),Exeter City FC (33),1-0,?,Hartlepool United FC (34)
?,(Wed) 2 Mar 1988 (9),Scarborough Athletic FC (34),1-2,?,Torquay United FC (31)
?,(Fri) 4 Mar 1988 (9),Stockport County FC (35),1-0,?,FC Halifax Town (34)
?,(Fri) 4 Mar 1988 (9),Cardiff City FC (34),0-0,?,Peterborough United FC (33)
?,(Fri) 4 Mar 1988 (9),Colchester United FC (34),1-2,?,Wrexham AFC (34)
?,(Fri) 4 Mar 1988 (9),Tranmere Rovers FC (35),3-0,?,Wolverhampton Wanderers FC (35)
?,(Sat) 5 Mar 1988 (9),Darlington FC (33),2-1,?,Rochdale AFC (36)
?,(Sat) 5 Mar 1988 (9),Burnley FC (35),3-0,?,Exeter City FC (34)
?,(Sat) 5 Mar 1988 (9),Scarborough Athletic FC (35),2-0,?,Crewe Alexandra FC (34)
?,(Sat) 5 Mar 1988 (9),Scunthorpe United FC (34),3-0,?,Hereford United FC (1924-2014) (35)
?,(Sat) 5 Mar 1988 (9),Cambridge United FC (34),2-0,?,Leyton Orient FC (35)
?,(Sat) 5 Mar 1988 (9),Newport County AFC (34),1-2,?,Swansea City AFC (35)
?,(Sat) 5 Mar 1988 (9),Torquay United FC (32),1-1,?,Hartlepool United FC (35)
?,(Sat) 5 Mar 1988 (9),Carlisle United FC (33),0-2,?,Bolton Wanderers FC (34)
?,(Wed) 9 Mar 1988 (10),Exeter City FC (35),0-1,?,Peterborough United FC (34)
?,(Fri) 11 Mar 1988 (10),Bolton Wanderers FC (35),1-1,?,Darlington FC (34)
?,(Fri) 11 Mar 1988 (10),Crewe Alexandra FC (35),0-1,?,Torquay United FC (33)
?,(Sat) 12 Mar 1988 (10),Peterborough United FC (35),0-0,?,Stockport County FC (36)
?,(Sat) 12 Mar 1988 (10),FC Halifax Town (35),2-2,?,Scunthorpe United FC (35)
?,(Sat) 12 Mar 1988 (10),Hartlepool United FC (36),2-1,?,Burnley FC (36)
?,(Sat) 12 Mar 1988 (10),Leyton Orient FC (36),0-0,?,Colchester United FC (35)
?,(Sat) 12 Mar 1988 (10),Rochdale AFC (37),0-0,?,Tranmere Rovers FC (36)
?,(Sat) 12 Mar 1988 (10),Wrexham AFC (35),1-2,?,Swansea City AFC (36)
?,(Sat) 12 Mar 1988 (10),Newport County AFC (35),0-0,?,Cambridge United FC (35)
?,(Sat) 12 Mar 1988 (10),Exeter City FC (36),1-0,?,Scarborough Athletic FC (36)
?,(Sat) 12 Mar 1988 (10),Wolverhampton Wanderers FC (36),3-1,?,Carlisle United FC (34)
?,(Sun) 13 Mar 1988 (10),Hereford United FC (1924-2014) (36),1-2,?,Cardiff City FC (35)
?,(Tue) 15 Mar 1988 (11),Darlington FC (35),2-1,?,Peterborough United FC (36)
?,(Wed) 16 Mar 1988 (11),Cardiff City FC (36),1-1,?,Wrexham AFC (36)
?,(Fri) 18 Mar 1988 (11),Stockport County FC (37),2-0,?,Burnley FC (37)
?,(Fri) 18 Mar 1988 (11),Swansea City AFC (37),1-0,?,Bolton Wanderers FC (36)
?,(Sat) 19 Mar 1988 (11),Darlington FC (36),2-0,?,Colchester United FC (36)
?,(Sat) 19 Mar 1988 (11),Torquay United FC (34),0-0,?,Peterborough United FC (37)
?,(Sat) 19 Mar 1988 (11),Cambridge United FC (36),1-1,?,Tranmere Rovers FC (37)
?,(Sat) 19 Mar 1988 (11),Carlisle United FC (35),0-1,?,Crewe Alexandra FC (36)
?,(Sat) 19 Mar 1988 (11),Scunthorpe United FC (36),3-0,?,Hartlepool United FC (37)
?,(Sat) 19 Mar 1988 (11),Exeter City FC (37),2-2,?,Hereford United FC (1924-2014) (37)
?,(Sat) 19 Mar 1988 (11),Scarborough Athletic FC (37),0-2,?,Wrexham AFC (37)
?,(Tue) 22 Mar 1988 (12),Burnley FC (38),2-0,?,Leyton Orient FC (37)
?,(Tue) 22 Mar 1988 (12),Wrexham AFC (38),3-0,?,Exeter City FC (38)
?,(Tue) 22 Mar 1988 (12),Wolverhampton Wanderers FC (37),0-1,?,Peterborough United FC (38)
?,(Fri) 25 Mar 1988 (12),Tranmere Rovers FC (38),3-0,?,Carlisle United FC (36)
?,(Fri) 25 Mar 1988 (12),Colchester United FC (37),0-0,?,Cambridge United FC (37)
?,(Sat) 26 Mar 1988 (12),Peterborough United FC (39),1-0,?,FC Halifax Town (36)
?,(Sat) 26 Mar 1988 (12),Hartlepool United FC (38),1-0,?,Scarborough Athletic FC (38)
?,(Sat) 26 Mar 1988 (12),Wolverhampton Wanderers FC (38),5-3,?,Darlington FC (37)
?,(Sat) 26 Mar 1988 (12),Cardiff City FC (37),0-1,?,Scunthorpe United FC (37)
?,(Sat) 26 Mar 1988 (12),Crewe Alexandra FC (37),0-0,?,Exeter City FC (39)
?,(Sat) 26 Mar 1988 (12),Bolton Wanderers FC (37),0-0,?,Rochdale AFC (38)
?,(Sat) 26 Mar 1988 (12),Wrexham AFC (39),4-1,?,Newport County AFC (36)
?,(Sat) 26 Mar 1988 (12),Leyton Orient FC (38),3-0,?,Swansea City AFC (38)
?,(Sat) 26 Mar 1988 (12),Hereford United FC (1924-2014) (38),0-1,?,Stockport County FC (38)
?,(Tue) 29 Mar 1988 (13),Torquay United FC (35),0-1,?,Swansea City AFC (39)
?,(Tue) 29 Mar 1988 (13),Rochdale AFC (39),2-2,?,Cardiff City FC (38)
?,(Fri) 1 Apr 1988 (13),Crewe Alexandra FC (38),0-0,?,Hereford United FC (1924-2014) (39)
?,(Fri) 1 Apr 1988 (13),Colchester United FC (38),2-1,?,FC Halifax Town (37)
?,(Fri) 1 Apr 1988 (13),Cambridge United FC (38),1-0,?,Darlington FC (38)
?,(Sat) 2 Apr 1988 (13),Torquay United FC (36),3-0,?,Stockport County FC (39)
?,(Sat) 2 Apr 1988 (13),Scarborough Athletic FC (39),0-0,?,Scunthorpe United FC (38)
?,(Sat) 2 Apr 1988 (13),Swansea City AFC (40),0-3,?,Rochdale AFC (40)
?,(Sat) 2 Apr 1988 (13),Exeter City FC (40),0-2,?,Cardiff City FC (39)
?,(Sat) 2 Apr 1988 (13),Newport County AFC (37),1-2,?,Carlisle United FC (37)
?,(Sat) 2 Apr 1988 (13),Burnley FC (39),0-3,?,Wolverhampton Wanderers FC (39)
?,(Sat) 2 Apr 1988 (13),Leyton Orient FC (39),1-2,?,Bolton Wanderers FC (38)
?,(Sat) 2 Apr 1988 (13),Wrexham AFC (40),3-0,?,Tranmere Rovers FC (39)
?,(Sat) 2 Apr 1988 (13),Hartlepool United FC (39),0-1,?,Peterborough United FC (40)
?,(Mon) 4 Apr 1988 (14),Bolton Wanderers FC (39),2-1,?,Burnley FC (40)
?,(Mon) 4 Apr 1988 (14),Peterborough United FC (41),0-1,?,Swansea City AFC (41)
?,(Mon) 4 Apr 1988 (14),Carlisle United FC (38),0-4,?,Wrexham AFC (41)
?,(Mon) 4 Apr 1988 (14),Tranmere Rovers FC (40),3-1,?,Hartlepool United FC (40)
?,(Mon) 4 Apr 1988 (14),Darlington FC (39),2-2,?,Leyton Orient FC (40)
?,(Mon) 4 Apr 1988 (14),FC Halifax Town (38),2-2,?,Scarborough Athletic FC (40)
?,(Mon) 4 Apr 1988 (14),Cardiff City FC (40),4-0,?,Newport County AFC (38)
?,(Mon) 4 Apr 1988 (14),Stockport County FC (40),2-1,?,Exeter City FC (41)
?,(Mon) 4 Apr 1988 (14),Rochdale AFC (41),2-1,?,Cambridge United FC (39)
?,(Mon) 4 Apr 1988 (14),Scunthorpe United FC (39),2-1,?,Crewe Alexandra FC (39)
?,(Mon) 4 Apr 1988 (14),Wolverhampton Wanderers FC (40),2-0,?,Colchester United FC (39)
?,(Mon) 4 Apr 1988 (14),Hereford United FC (1924-2014) (40),0-0,?,Torquay United FC (37)
?,(Fri) 8 Apr 1988 (14),Burnley FC (41),3-1,?,FC Halifax Town (39)
?,(Fri) 8 Apr 1988 (14),Colchester United FC (40),1-0,?,Rochdale AFC (42)
?,(Sat) 9 Apr 1988 (14),Newport County AFC (39),0-4,?,Peterborough United FC (42)
?,(Sat) 9 Apr 1988 (14),Leyton Orient FC (41),4-1,?,Carlisle United FC (39)
?,(Sat) 9 Apr 1988 (14),Wrexham AFC (42),2-1,?,Scunthorpe United FC (40)
?,(Sat) 9 Apr 1988 (14),Crewe Alexandra FC (40),3-1,?,Darlington FC (40)
?,(Sat) 9 Apr 1988 (14),Swansea City AFC (42),1-2,?,Tranmere Rovers FC (41)
?,(Sat) 9 Apr 1988 (14),Hartlepool United FC (41),1-3,?,Stockport County FC (41)
?,(Sat) 9 Apr 1988 (14),Torquay United FC (38),2-0,?,Cardiff City FC (41)
?,(Sat) 9 Apr 1988 (14),Exeter City FC (42),1-1,?,Bolton Wanderers FC (40)
?,(Sat) 9 Apr 1988 (14),Scarborough Athletic FC (41),2-1,?,Hereford United FC (1924-2014) (41)
?,(Sun) 10 Apr 1988 (14),Cambridge United FC (40),1-1,?,Wolverhampton Wanderers FC (41)
?,(Tue) 12 Apr 1988 (15),Scunthorpe United FC (41),1-0,?,Carlisle United FC (40)
?,(Tue) 12 Apr 1988 (15),Newport County AFC (40),0-4,?,Scarborough Athletic FC (42)
?,(Thu) 14 Apr 1988 (15),FC Halifax Town (40),1-0,?,Leyton Orient FC (42)
?,(Fri) 15 Apr 1988 (15),Torquay United FC (39),0-0,?,Colchester United FC (41)
?,(Fri) 15 Apr 1988 (15),Cardiff City FC (42),1-0,?,Bolton Wanderers FC (41)
?,(Fri) 15 Apr 1988 (15),Crewe Alexandra FC (41),0-0,?,Cambridge United FC (41)
?,(Tue) 19 Apr 1988 (16),Bolton Wanderers FC (42),0-0,?,Scunthorpe United FC (42)
?,(Tue) 19 Apr 1988 (16),Carlisle United FC (41),1-1,?,FC Halifax Town (41)
?,(Tue) 19 Apr 1988 (16),Stockport County FC (42),1-1,?,Darlington FC (41)
?,(Tue) 19 Apr 1988 (16),Cambridge United FC (42),1-1,?,Hartlepool United FC (42)
?,(Tue) 19 Apr 1988 (16),Torquay United FC (40),6-1,?,Newport County AFC (41)
?,(Tue) 19 Apr 1988 (16),Colchester United FC (42),1-0,?,Hereford United FC (1924-2014) (42)
?,(Fri) 22 Apr 1988 (16),Stockport County FC (43),1-1,?,Crewe Alexandra FC (42)
?,(Fri) 22 Apr 1988 (16),Tranmere Rovers FC (42),1-1,?,Torquay United FC (41)
?,(Sat) 23 Apr 1988 (16),Carlisle United FC (42),4-0,?,Colchester United FC (43)
?,(Sat) 23 Apr 1988 (16),Darlington FC (42),2-1,?,Wrexham AFC (43)
?,(Sat) 23 Apr 1988 (16),Hereford United FC (1924-2014) (43),1-0,?,Cambridge United FC (43)
?,(Sat) 23 Apr 1988 (16),Bolton Wanderers FC (43),6-0,?,Newport County AFC (42)
?,(Sat) 23 Apr 1988 (16),Wolverhampton Wanderers FC (42),2-0,?,Swansea City AFC (43)
?,(Sat) 23 Apr 1988 (16),Scunthorpe United FC (43),1-1,?,Burnley FC (42)
?,(Sat) 23 Apr 1988 (16),Peterborough United FC (43),2-1,?,Exeter City FC (43)
?,(Sat) 23 Apr 1988 (16),Cardiff City FC (43),2-0,?,Scarborough Athletic FC (43)
?,(Sat) 23 Apr 1988 (16),Rochdale AFC (43),1-3,?,Leyton Orient FC (43)
?,(Sat) 23 Apr 1988 (16),FC Halifax Town (42),3-1,?,Hartlepool United FC (43)
?,(Mon) 25 Apr 1988 (17),Tranmere Rovers FC (43),2-2,?,Crewe Alexandra FC (43)
?,(Tue) 26 Apr 1988 (17),FC Halifax Town (43),1-1,?,Carlisle United FC (43)
?,(Tue) 26 Apr 1988 (17),Newport County AFC (43),1-3,?,Wolverhampton Wanderers FC (43)
?,(Wed) 27 Apr 1988 (17),Torquay United FC (42),0-0,?,Darlington FC (43)
?,(Fri) 29 Apr 1988 (17),Crewe Alexandra FC (44),0-0,?,FC Halifax Town (44)
?,(Fri) 29 Apr 1988 (17),Cambridge United FC (44),2-2,?,Bolton Wanderers FC (44)
?,(Fri) 29 Apr 1988 (17),Colchester United FC (44),2-0,?,Stockport County FC (44)
?,(Sat) 30 Apr 1988 (17),Torquay United FC (43),1-0,?,Carlisle United FC (44)
?,(Sat) 30 Apr 1988 (17),Wrexham AFC (44),4-2,?,Wolverhampton Wanderers FC (44)
?,(Sat) 30 Apr 1988 (17),Swansea City AFC (44),1-1,?,Scunthorpe United FC (44)
?,(Sat) 30 Apr 1988 (17),Exeter City FC (44),4-1,?,Darlington FC (44)
?,(Sat) 30 Apr 1988 (17),Burnley FC (43),1-2,?,Peterborough United FC (44)
?,(Sat) 30 Apr 1988 (17),Scarborough Athletic FC (44),2-1,?,Rochdale AFC (44)
?,(Sat) 30 Apr 1988 (17),Hartlepool United FC (44),0-1,?,Cardiff City FC (44)
?,(Sat) 30 Apr 1988 (17),Newport County AFC (44),0-3,?,Tranmere Rovers FC (44)
?,(Sat) 30 Apr 1988 (17),Leyton Orient FC (44),4-0,?,Hereford United FC (1924-2014) (44)
?,(Mon) 2 May 1988 (18),Peterborough United FC (45),0-0,?,Scarborough Athletic FC (45)
?,(Mon) 2 May 1988 (18),Wolverhampton Wanderers FC (45),2-0,?,Hartlepool United FC (45)
?,(Mon) 2 May 1988 (18),Bolton Wanderers FC (45),4-0,?,Colchester United FC (45)
?,(Mon) 2 May 1988 (18),Stockport County FC (45),0-2,?,Cambridge United FC (45)
?,(Mon) 2 May 1988 (18),Tranmere Rovers FC (45),2-1,?,Leyton Orient FC (45)
?,(Mon) 2 May 1988 (18),Carlisle United FC (45),0-1,?,Swansea City AFC (45)
?,(Mon) 2 May 1988 (18),Scunthorpe United FC (45),1-1,?,Exeter City FC (45)
?,(Mon) 2 May 1988 (18),Rochdale AFC (45),1-2,?,Wrexham AFC (45)
?,(Mon) 2 May 1988 (18),Hereford United FC (1924-2014) (45),2-1,?,Burnley FC (44)
?,(Mon) 2 May 1988 (18),Darlington FC (45),0-2,?,Newport County AFC (45)
?,(Mon) 2 May 1988 (18),Cardiff City FC (45),2-0,?,Crewe Alexandra FC (45)
?,(Mon) 2 May 1988 (18),FC Halifax Town (45),2-3,?,Torquay United FC (44)
?,(Wed) 4 May 1988 (18),Burnley FC (45),1-0,?,Torquay United FC (45)
?,(Sat) 7 May 1988 (18),Scarborough Athletic FC (46),1-1,?,Stockport County FC (46)
?,(Sat) 7 May 1988 (18),Cambridge United FC (46),1-2,?,Carlisle United FC (46)
?,(Sat) 7 May 1988 (18),Torquay United FC (46),1-2,?,Scunthorpe United FC (46)
?,(Sat) 7 May 1988 (18),Hartlepool United FC (46),1-2,?,Hereford United FC (1924-2014) (46)
?,(Sat) 7 May 1988 (18),Exeter City FC (46),1-2,?,FC Halifax Town (46)
?,(Sat) 7 May 1988 (18),Newport County AFC (46),0-1,?,Rochdale AFC (46)
?,(Sat) 7 May 1988 (18),Leyton Orient FC (46),0-2,?,Wolverhampton Wanderers FC (46)
?,(Sat) 7 May 1988 (18),Burnley FC (46),1-2,?,Cardiff City FC (46)
?,(Sat) 7 May 1988 (18),Swansea City AFC (46),3-0,?,Darlington FC (46)
?,(Sat) 7 May 1988 (18),Crewe Alexandra FC (46),0-1,?,Peterborough United FC (46)
?,(Sat) 7 May 1988 (18),Wrexham AFC (46),0-1,?,Bolton Wanderers FC (46)
?,(Sat) 7 May 1988 (18),Colchester United FC (46),0-0,?,Tranmere Rovers FC (46)
