Round,Date,Team 1,FT,HT,Team 2
?,(Sat) 15 Aug 1987 (32),Ipswich Town FC (1),1-1,?,Aston Villa FC (1)
?,(Sat) 15 Aug 1987 (32),Birmingham City FC (1),2-0,?,Stoke City FC (1)
?,(Sat) 15 Aug 1987 (32),Bradford City AFC (1),2-0,?,Swindon Town FC (1)
?,(Sat) 15 Aug 1987 (32),West Bromwich Albion FC (1),0-0,?,Oldham Athletic AFC (1)
?,(Sat) 15 Aug 1987 (32),Huddersfield Town AFC (1),2-2,?,Crystal Palace FC (1)
?,(Sat) 15 Aug 1987 (32),Hull City AFC (1),2-2,?,Blackburn Rovers FC (1)
?,(Sat) 15 Aug 1987 (32),Sheffield United FC (1),0-1,?,AFC Bournemouth (1)
?,(Sat) 15 Aug 1987 (32),Leicester City FC (1),0-1,?,Shrewsbury Town FC (1)
?,(Sat) 15 Aug 1987 (32),Manchester City FC (1),2-1,?,Plymouth Argyle FC (1)
?,(Sat) 15 Aug 1987 (32),Middlesbrough FC (1),1-1,?,Millwall FC (1)
?,(Sun) 16 Aug 1987 (32),Barnsley FC (1),1-1,?,Leeds United FC (1)
?,(Tue) 18 Aug 1987 (33),Stoke City FC (2),1-1,?,Hull City AFC (2)
?,(Tue) 18 Aug 1987 (33),Oldham Athletic AFC (2),0-2,?,Bradford City AFC (2)
?,(Tue) 18 Aug 1987 (33),Plymouth Argyle FC (2),0-0,?,Ipswich Town FC (2)
?,(Tue) 18 Aug 1987 (33),Blackburn Rovers FC (2),0-1,?,Barnsley FC (2)
?,(Wed) 19 Aug 1987 (33),Leeds United FC (2),1-0,?,Leicester City FC (2)
?,(Sat) 22 Aug 1987 (33),Blackburn Rovers FC (3),3-1,?,West Bromwich Albion FC (2)
?,(Sat) 22 Aug 1987 (33),Swindon Town FC (2),2-0,?,Sheffield United FC (2)
?,(Sat) 22 Aug 1987 (33),Leeds United FC (3),0-0,?,Reading FC (1)
?,(Sat) 22 Aug 1987 (33),Millwall FC (2),3-1,?,Barnsley FC (3)
?,(Sat) 22 Aug 1987 (33),Shrewsbury Town FC (2),0-0,?,Ipswich Town FC (3)
?,(Sat) 22 Aug 1987 (33),Crystal Palace FC (2),2-2,?,Hull City AFC (3)
?,(Sat) 22 Aug 1987 (33),Plymouth Argyle FC (3),6-1,?,Huddersfield Town AFC (2)
?,(Sat) 22 Aug 1987 (33),Oldham Athletic AFC (3),1-1,?,Manchester City FC (2)
?,(Sat) 22 Aug 1987 (33),Aston Villa FC (2),0-2,?,Birmingham City FC (2)
?,(Sat) 22 Aug 1987 (33),Stoke City FC (3),1-0,?,Middlesbrough FC (2)
?,(Sat) 22 Aug 1987 (33),AFC Bournemouth (2),2-0,?,Bradford City AFC (3)
?,(Sat) 29 Aug 1987 (34),Middlesbrough FC (3),1-0,?,Oldham Athletic AFC (4)
?,(Sat) 29 Aug 1987 (34),Huddersfield Town AFC (3),0-0,?,Shrewsbury Town FC (3)
?,(Sat) 29 Aug 1987 (34),Birmingham City FC (3),1-1,?,AFC Bournemouth (3)
?,(Sat) 29 Aug 1987 (34),Hull City AFC (4),2-1,?,Aston Villa FC (3)
?,(Sat) 29 Aug 1987 (34),Sheffield United FC (3),3-1,?,Blackburn Rovers FC (4)
?,(Sat) 29 Aug 1987 (34),Ipswich Town FC (4),2-0,?,Stoke City FC (4)
?,(Sat) 29 Aug 1987 (34),Reading FC (2),0-1,?,Plymouth Argyle FC (4)
?,(Sat) 29 Aug 1987 (34),Barnsley FC (4),2-1,?,Crystal Palace FC (3)
?,(Sat) 29 Aug 1987 (34),Bradford City AFC (4),0-0,?,Leeds United FC (4)
?,(Sat) 29 Aug 1987 (34),Leicester City FC (3),1-0,?,Millwall FC (3)
?,(Sat) 29 Aug 1987 (34),West Bromwich Albion FC (3),1-2,?,Swindon Town FC (3)
?,(Mon) 31 Aug 1987 (35),Leeds United FC (5),1-0,?,West Bromwich Albion FC (4)
?,(Mon) 31 Aug 1987 (35),Aston Villa FC (4),1-1,?,Manchester City FC (3)
?,(Mon) 31 Aug 1987 (35),AFC Bournemouth (4),1-2,?,Barnsley FC (5)
?,(Mon) 31 Aug 1987 (35),Oldham Athletic AFC (5),3-2,?,Huddersfield Town AFC (4)
?,(Mon) 31 Aug 1987 (35),Stoke City FC (5),2-1,?,Leicester City FC (4)
?,(Mon) 31 Aug 1987 (35),Swindon Town FC (4),0-0,?,Hull City AFC (5)
?,(Mon) 31 Aug 1987 (35),Plymouth Argyle FC (5),1-0,?,Sheffield United FC (4)
?,(Tue) 1 Sep 1987 (35),Blackburn Rovers FC (5),1-0,?,Ipswich Town FC (5)
?,(Tue) 1 Sep 1987 (35),Shrewsbury Town FC (4),0-1,?,Reading FC (3)
?,(Tue) 1 Sep 1987 (35),Crystal Palace FC (4),3-1,?,Middlesbrough FC (4)
?,(Tue) 1 Sep 1987 (35),Millwall FC (4),3-1,?,Birmingham City FC (4)
?,(Sat) 5 Sep 1987 (35),Sheffield United FC (5),0-0,?,Stoke City FC (6)
?,(Sat) 5 Sep 1987 (35),Leicester City FC (5),0-2,?,Aston Villa FC (5)
?,(Sat) 5 Sep 1987 (35),Reading FC (4),3-0,?,Oldham Athletic AFC (6)
?,(Sat) 5 Sep 1987 (35),Ipswich Town FC (6),1-0,?,Leeds United FC (6)
?,(Sat) 5 Sep 1987 (35),Barnsley FC (6),2-1,?,Plymouth Argyle FC (6)
?,(Sat) 5 Sep 1987 (35),Middlesbrough FC (5),2-3,?,Swindon Town FC (5)
?,(Sat) 5 Sep 1987 (35),West Bromwich Albion FC (5),2-1,?,Shrewsbury Town FC (5)
?,(Sat) 5 Sep 1987 (35),Manchester City FC (4),1-2,?,Blackburn Rovers FC (6)
?,(Sat) 5 Sep 1987 (35),Bradford City AFC (5),3-1,?,Millwall FC (5)
?,(Sat) 5 Sep 1987 (35),Hull City AFC (6),2-1,?,AFC Bournemouth (5)
?,(Sat) 5 Sep 1987 (35),Birmingham City FC (5),0-6,?,Crystal Palace FC (5)
?,(Tue) 8 Sep 1987 (36),Aston Villa FC (6),0-1,?,Middlesbrough FC (6)
?,(Tue) 8 Sep 1987 (36),Crystal Palace FC (6),4-1,?,West Bromwich Albion FC (6)
?,(Sat) 12 Sep 1987 (36),Blackburn Rovers FC (7),2-2,?,Huddersfield Town AFC (5)
?,(Sat) 12 Sep 1987 (36),Aston Villa FC (7),0-0,?,Barnsley FC (7)
?,(Sat) 12 Sep 1987 (36),Plymouth Argyle FC (7),3-3,?,West Bromwich Albion FC (7)
?,(Sat) 12 Sep 1987 (36),AFC Bournemouth (6),3-0,?,Reading FC (5)
?,(Sat) 12 Sep 1987 (36),Swindon Town FC (6),0-2,?,Birmingham City FC (6)
?,(Sat) 12 Sep 1987 (36),Shrewsbury Town FC (6),0-0,?,Manchester City FC (5)
?,(Sat) 12 Sep 1987 (36),Stoke City FC (7),1-2,?,Bradford City AFC (6)
?,(Sat) 12 Sep 1987 (36),Crystal Palace FC (7),2-1,?,Leicester City FC (6)
?,(Sat) 12 Sep 1987 (36),Oldham Athletic AFC (7),3-2,?,Sheffield United FC (6)
?,(Sat) 12 Sep 1987 (36),Millwall FC (6),2-1,?,Ipswich Town FC (7)
?,(Sat) 12 Sep 1987 (36),Leeds United FC (7),0-2,?,Hull City AFC (7)
?,(Tue) 15 Sep 1987 (37),Sheffield United FC (7),1-1,?,Crystal Palace FC (8)
?,(Tue) 15 Sep 1987 (37),Birmingham City FC (7),1-0,?,Blackburn Rovers FC (8)
?,(Tue) 15 Sep 1987 (37),Hull City AFC (8),1-1,?,Shrewsbury Town FC (7)
?,(Tue) 15 Sep 1987 (37),Huddersfield Town AFC (6),0-0,?,Leeds United FC (8)
?,(Tue) 15 Sep 1987 (37),Barnsley FC (8),0-1,?,Swindon Town FC (7)
?,(Tue) 15 Sep 1987 (37),Middlesbrough FC (7),3-0,?,AFC Bournemouth (7)
?,(Wed) 16 Sep 1987 (37),Reading FC (6),0-1,?,Stoke City FC (8)
?,(Wed) 16 Sep 1987 (37),Leicester City FC (7),4-1,?,Oldham Athletic AFC (8)
?,(Wed) 16 Sep 1987 (37),Bradford City AFC (7),3-1,?,Plymouth Argyle FC (8)
?,(Wed) 16 Sep 1987 (37),Manchester City FC (6),4-0,?,Millwall FC (7)
?,(Wed) 16 Sep 1987 (37),West Bromwich Albion FC (8),0-2,?,Aston Villa FC (8)
?,(Sat) 19 Sep 1987 (37),Reading FC (7),2-3,?,Crystal Palace FC (9)
?,(Sat) 19 Sep 1987 (37),Sheffield United FC (8),1-2,?,Millwall FC (8)
?,(Sat) 19 Sep 1987 (37),Leicester City FC (8),4-0,?,Plymouth Argyle FC (9)
?,(Sat) 19 Sep 1987 (37),Birmingham City FC (8),0-0,?,Shrewsbury Town FC (8)
?,(Sat) 19 Sep 1987 (37),Hull City AFC (9),1-0,?,Oldham Athletic AFC (9)
?,(Sat) 19 Sep 1987 (37),West Bromwich Albion FC (9),3-0,?,AFC Bournemouth (8)
?,(Sat) 19 Sep 1987 (37),Manchester City FC (7),3-0,?,Stoke City FC (9)
?,(Sat) 19 Sep 1987 (37),Ipswich Town FC (8),3-2,?,Swindon Town FC (8)
?,(Sat) 19 Sep 1987 (37),Bradford City AFC (8),2-1,?,Blackburn Rovers FC (9)
?,(Sat) 19 Sep 1987 (37),Huddersfield Town AFC (7),0-1,?,Aston Villa FC (9)
?,(Sat) 19 Sep 1987 (37),Middlesbrough FC (8),2-0,?,Leeds United FC (9)
?,(Sat) 26 Sep 1987 (38),Millwall FC (9),2-0,?,West Bromwich Albion FC (10)
?,(Sat) 26 Sep 1987 (38),Aston Villa FC (10),1-1,?,Sheffield United FC (9)
?,(Sat) 26 Sep 1987 (38),Stoke City FC (10),1-1,?,Huddersfield Town AFC (8)
?,(Sat) 26 Sep 1987 (38),Swindon Town FC (9),4-0,?,Reading FC (8)
?,(Sat) 26 Sep 1987 (38),AFC Bournemouth (9),2-3,?,Leicester City FC (9)
?,(Sat) 26 Sep 1987 (38),Blackburn Rovers FC (10),0-2,?,Middlesbrough FC (9)
?,(Sat) 26 Sep 1987 (38),Crystal Palace FC (10),1-2,?,Ipswich Town FC (9)
?,(Sat) 26 Sep 1987 (38),Leeds United FC (10),2-0,?,Manchester City FC (8)
?,(Sat) 26 Sep 1987 (38),Shrewsbury Town FC (9),2-2,?,Bradford City AFC (9)
?,(Sat) 26 Sep 1987 (38),Plymouth Argyle FC (10),1-1,?,Birmingham City FC (9)
?,(Sat) 26 Sep 1987 (38),Oldham Athletic AFC (10),1-0,?,Barnsley FC (9)
?,(Tue) 29 Sep 1987 (39),Middlesbrough FC (10),0-0,?,Reading FC (9)
?,(Tue) 29 Sep 1987 (39),Oldham Athletic AFC (11),0-0,?,Millwall FC (10)
?,(Tue) 29 Sep 1987 (39),Huddersfield Town AFC (9),1-2,?,Bradford City AFC (10)
?,(Tue) 29 Sep 1987 (39),Swindon Town FC (10),1-1,?,Shrewsbury Town FC (10)
?,(Tue) 29 Sep 1987 (39),AFC Bournemouth (10),2-2,?,Plymouth Argyle FC (11)
?,(Tue) 29 Sep 1987 (39),Hull City AFC (10),3-1,?,Manchester City FC (9)
?,(Tue) 29 Sep 1987 (39),Barnsley FC (10),1-2,?,Sheffield United FC (10)
?,(Wed) 30 Sep 1987 (39),West Bromwich Albion FC (11),3-1,?,Birmingham City FC (10)
?,(Wed) 30 Sep 1987 (39),Aston Villa FC (11),1-1,?,Blackburn Rovers FC (11)
?,(Wed) 30 Sep 1987 (39),Leeds United FC (11),0-0,?,Stoke City FC (11)
?,(Wed) 30 Sep 1987 (39),Leicester City FC (10),1-1,?,Ipswich Town FC (10)
?,(Sat) 3 Oct 1987 (39),Reading FC (10),1-2,?,West Bromwich Albion FC (12)
?,(Sat) 3 Oct 1987 (39),Sheffield United FC (11),2-1,?,Hull City AFC (11)
?,(Sat) 3 Oct 1987 (39),Millwall FC (11),2-2,?,Swindon Town FC (11)
?,(Sat) 3 Oct 1987 (39),Stoke City FC (12),1-0,?,AFC Bournemouth (11)
?,(Sat) 3 Oct 1987 (39),Ipswich Town FC (11),1-0,?,Barnsley FC (11)
?,(Sat) 3 Oct 1987 (39),Shrewsbury Town FC (11),2-0,?,Crystal Palace FC (11)
?,(Sat) 3 Oct 1987 (39),Blackburn Rovers FC (12),1-1,?,Leeds United FC (12)
?,(Sat) 3 Oct 1987 (39),Birmingham City FC (11),2-0,?,Huddersfield Town AFC (10)
?,(Sat) 3 Oct 1987 (39),Plymouth Argyle FC (12),1-3,?,Aston Villa FC (12)
?,(Sat) 3 Oct 1987 (39),Manchester City FC (10),4-2,?,Leicester City FC (11)
?,(Sat) 3 Oct 1987 (39),Bradford City AFC (11),2-0,?,Middlesbrough FC (11)
?,(Sat) 10 Oct 1987 (40),Huddersfield Town AFC (11),1-4,?,Middlesbrough FC (12)
?,(Sat) 10 Oct 1987 (40),Manchester City FC (11),2-3,?,Sheffield United FC (12)
?,(Sat) 10 Oct 1987 (40),Swindon Town FC (12),2-0,?,Oldham Athletic AFC (12)
?,(Sat) 10 Oct 1987 (40),Hull City AFC (12),1-0,?,Ipswich Town FC (12)
?,(Sat) 10 Oct 1987 (40),Leeds United FC (13),1-3,?,Aston Villa FC (13)
?,(Sat) 10 Oct 1987 (40),Leicester City FC (12),0-0,?,Barnsley FC (12)
?,(Sat) 10 Oct 1987 (40),Crystal Palace FC (12),1-0,?,Millwall FC (12)
?,(Sat) 10 Oct 1987 (40),West Bromwich Albion FC (13),0-1,?,Bradford City AFC (12)
?,(Sat) 10 Oct 1987 (40),Birmingham City FC (12),2-2,?,Reading FC (11)
?,(Sat) 10 Oct 1987 (40),AFC Bournemouth (12),1-1,?,Blackburn Rovers FC (13)
?,(Sat) 10 Oct 1987 (40),Stoke City FC (13),1-0,?,Plymouth Argyle FC (13)
?,(Sat) 17 Oct 1987 (41),Blackburn Rovers FC (14),2-0,?,Stoke City FC (14)
?,(Sat) 17 Oct 1987 (41),Middlesbrough FC (13),2-1,?,West Bromwich Albion FC (14)
?,(Sat) 17 Oct 1987 (41),Millwall FC (13),4-1,?,Shrewsbury Town FC (12)
?,(Sat) 17 Oct 1987 (41),Ipswich Town FC (13),3-0,?,Manchester City FC (12)
?,(Sat) 17 Oct 1987 (41),Sheffield United FC (13),2-1,?,Leicester City FC (13)
?,(Sat) 17 Oct 1987 (41),Bradford City AFC (13),4-0,?,Birmingham City FC (13)
?,(Sat) 17 Oct 1987 (41),Reading FC (12),3-2,?,Huddersfield Town AFC (12)
?,(Sat) 17 Oct 1987 (41),Plymouth Argyle FC (14),6-3,?,Leeds United FC (14)
?,(Sat) 17 Oct 1987 (41),Barnsley FC (13),1-3,?,Hull City AFC (13)
?,(Sat) 17 Oct 1987 (41),Aston Villa FC (14),1-1,?,AFC Bournemouth (13)
?,(Tue) 20 Oct 1987 (42),Swindon Town FC (13),3-0,?,Stoke City FC (15)
?,(Tue) 20 Oct 1987 (42),Sheffield United FC (14),0-2,?,Birmingham City FC (14)
?,(Tue) 20 Oct 1987 (42),Plymouth Argyle FC (15),1-2,?,Millwall FC (14)
?,(Tue) 20 Oct 1987 (42),Oldham Athletic AFC (13),1-1,?,Leeds United FC (15)
?,(Tue) 20 Oct 1987 (42),Middlesbrough FC (14),3-1,?,Ipswich Town FC (14)
?,(Tue) 20 Oct 1987 (42),AFC Bournemouth (14),2-0,?,Shrewsbury Town FC (13)
?,(Tue) 20 Oct 1987 (42),Huddersfield Town AFC (13),0-2,?,Hull City AFC (14)
?,(Tue) 20 Oct 1987 (42),Barnsley FC (14),5-2,?,Reading FC (13)
?,(Wed) 21 Oct 1987 (42),Leicester City FC (14),3-0,?,West Bromwich Albion FC (15)
?,(Wed) 21 Oct 1987 (42),Aston Villa FC (15),4-1,?,Crystal Palace FC (13)
?,(Wed) 21 Oct 1987 (42),Bradford City AFC (14),2-4,?,Manchester City FC (13)
?,(Sat) 24 Oct 1987 (42),West Bromwich Albion FC (16),3-2,?,Huddersfield Town AFC (14)
?,(Sat) 24 Oct 1987 (42),Leeds United FC (16),3-2,?,AFC Bournemouth (15)
?,(Sat) 24 Oct 1987 (42),Shrewsbury Town FC (14),2-3,?,Oldham Athletic AFC (14)
?,(Sat) 24 Oct 1987 (42),Stoke City FC (16),0-0,?,Aston Villa FC (16)
?,(Sat) 24 Oct 1987 (42),Reading FC (14),1-1,?,Bradford City AFC (15)
?,(Sat) 24 Oct 1987 (42),Ipswich Town FC (15),1-0,?,Sheffield United FC (15)
?,(Sat) 24 Oct 1987 (42),Crystal Palace FC (14),2-1,?,Swindon Town FC (14)
?,(Sat) 24 Oct 1987 (42),Hull City AFC (15),2-2,?,Leicester City FC (15)
?,(Sat) 24 Oct 1987 (42),Birmingham City FC (15),0-0,?,Middlesbrough FC (15)
?,(Sat) 24 Oct 1987 (42),Manchester City FC (14),1-1,?,Barnsley FC (15)
?,(Sat) 24 Oct 1987 (42),Blackburn Rovers FC (15),1-1,?,Plymouth Argyle FC (16)
?,(Sat) 31 Oct 1987 (43),Huddersfield Town AFC (15),2-1,?,Millwall FC (15)
?,(Sat) 31 Oct 1987 (43),Aston Villa FC (17),2-1,?,Reading FC (15)
?,(Sat) 31 Oct 1987 (43),Middlesbrough FC (16),4-0,?,Shrewsbury Town FC (15)
?,(Sat) 31 Oct 1987 (43),Plymouth Argyle FC (17),3-1,?,Hull City AFC (16)
?,(Sat) 31 Oct 1987 (43),Leicester City FC (16),1-2,?,Blackburn Rovers FC (16)
?,(Sat) 31 Oct 1987 (43),Barnsley FC (16),5-2,?,Stoke City FC (17)
?,(Sat) 31 Oct 1987 (43),Sheffield United FC (16),2-2,?,Leeds United FC (17)
?,(Sat) 31 Oct 1987 (43),Swindon Town FC (15),3-4,?,Manchester City FC (15)
?,(Sat) 31 Oct 1987 (43),Bradford City AFC (16),2-0,?,Crystal Palace FC (15)
?,(Sat) 31 Oct 1987 (43),Oldham Athletic AFC (15),1-2,?,Birmingham City FC (16)
?,(Sat) 31 Oct 1987 (43),AFC Bournemouth (16),1-1,?,Ipswich Town FC (16)
?,(Tue) 3 Nov 1987 (44),Hull City AFC (17),0-0,?,Bradford City AFC (17)
?,(Tue) 3 Nov 1987 (44),Crystal Palace FC (16),5-1,?,Plymouth Argyle FC (18)
?,(Tue) 3 Nov 1987 (44),Millwall FC (16),1-2,?,AFC Bournemouth (17)
?,(Tue) 3 Nov 1987 (44),Shrewsbury Town FC (16),1-2,?,Aston Villa FC (18)
?,(Tue) 3 Nov 1987 (44),Ipswich Town FC (17),3-0,?,Huddersfield Town AFC (16)
?,(Tue) 3 Nov 1987 (44),Birmingham City FC (17),2-0,?,Barnsley FC (17)
?,(Wed) 4 Nov 1987 (44),Manchester City FC (16),1-1,?,Middlesbrough FC (17)
?,(Wed) 4 Nov 1987 (44),West Bromwich Albion FC (17),4-0,?,Sheffield United FC (17)
?,(Sat) 7 Nov 1987 (44),Sheffield United FC (18),0-2,?,Middlesbrough FC (18)
?,(Sat) 7 Nov 1987 (44),Ipswich Town FC (18),2-1,?,Reading FC (16)
?,(Sat) 7 Nov 1987 (44),Leicester City FC (17),3-2,?,Swindon Town FC (16)
?,(Sat) 7 Nov 1987 (44),Barnsley FC (18),3-0,?,Bradford City AFC (18)
?,(Sat) 7 Nov 1987 (44),Stoke City FC (18),3-0,?,West Bromwich Albion FC (18)
?,(Sat) 7 Nov 1987 (44),Aston Villa FC (19),1-2,?,Millwall FC (17)
?,(Sat) 7 Nov 1987 (44),Leeds United FC (18),2-1,?,Shrewsbury Town FC (17)
?,(Sat) 7 Nov 1987 (44),Hull City AFC (18),2-0,?,Birmingham City FC (18)
?,(Sat) 7 Nov 1987 (44),Blackburn Rovers FC (17),1-0,?,Oldham Athletic AFC (16)
?,(Sat) 7 Nov 1987 (44),Manchester City FC (17),10-1,?,Huddersfield Town AFC (17)
?,(Sat) 7 Nov 1987 (44),AFC Bournemouth (18),2-3,?,Crystal Palace FC (17)
?,(Sat) 14 Nov 1987 (45),Shrewsbury Town FC (18),1-2,?,Blackburn Rovers FC (18)
?,(Sat) 14 Nov 1987 (45),Crystal Palace FC (18),2-0,?,Stoke City FC (19)
?,(Sat) 14 Nov 1987 (45),West Bromwich Albion FC (19),2-2,?,Ipswich Town FC (19)
?,(Sat) 14 Nov 1987 (45),Millwall FC (18),3-1,?,Leeds United FC (19)
?,(Sat) 14 Nov 1987 (45),Reading FC (17),0-2,?,Manchester City FC (18)
?,(Sat) 14 Nov 1987 (45),Oldham Athletic AFC (17),0-1,?,Aston Villa FC (20)
?,(Sat) 14 Nov 1987 (45),Birmingham City FC (19),2-2,?,Leicester City FC (18)
?,(Sat) 14 Nov 1987 (45),Bradford City AFC (19),2-0,?,Sheffield United FC (19)
?,(Sat) 14 Nov 1987 (45),Swindon Town FC (17),1-1,?,Plymouth Argyle FC (19)
?,(Sat) 14 Nov 1987 (45),Huddersfield Town AFC (18),2-2,?,Barnsley FC (19)
?,(Sat) 14 Nov 1987 (45),Middlesbrough FC (19),1-0,?,Hull City AFC (19)
?,(Tue) 17 Nov 1987 (46),Shrewsbury Town FC (19),2-0,?,Sheffield United FC (20)
?,(Sat) 21 Nov 1987 (46),Sheffield United FC (21),4-1,?,Reading FC (18)
?,(Sat) 21 Nov 1987 (46),Barnsley FC (20),2-1,?,Shrewsbury Town FC (20)
?,(Sat) 21 Nov 1987 (46),Blackburn Rovers FC (19),2-0,?,Crystal Palace FC (19)
?,(Sat) 21 Nov 1987 (46),Manchester City FC (19),3-0,?,Birmingham City FC (20)
?,(Sat) 21 Nov 1987 (46),Plymouth Argyle FC (20),0-1,?,Middlesbrough FC (20)
?,(Sat) 21 Nov 1987 (46),AFC Bournemouth (19),0-2,?,Huddersfield Town AFC (19)
?,(Sat) 21 Nov 1987 (46),Hull City AFC (20),1-0,?,West Bromwich Albion FC (20)
?,(Sat) 21 Nov 1987 (46),Ipswich Town FC (20),2-0,?,Oldham Athletic AFC (18)
?,(Sat) 21 Nov 1987 (46),Stoke City FC (20),1-2,?,Millwall FC (19)
?,(Sat) 21 Nov 1987 (46),Leeds United FC (20),4-2,?,Swindon Town FC (18)
?,(Sat) 21 Nov 1987 (46),Leicester City FC (19),0-2,?,Bradford City AFC (20)
?,(Sat) 28 Nov 1987 (47),Shrewsbury Town FC (21),0-3,?,Stoke City FC (21)
?,(Sat) 28 Nov 1987 (47),Oldham Athletic AFC (19),0-1,?,Plymouth Argyle FC (21)
?,(Sat) 28 Nov 1987 (47),Birmingham City FC (21),1-0,?,Ipswich Town FC (21)
?,(Sat) 28 Nov 1987 (47),West Bromwich Albion FC (21),1-1,?,Manchester City FC (20)
?,(Sat) 28 Nov 1987 (47),Reading FC (19),0-0,?,Blackburn Rovers FC (20)
?,(Sat) 28 Nov 1987 (47),Bradford City AFC (21),2-4,?,Aston Villa FC (21)
?,(Sat) 28 Nov 1987 (47),Millwall FC (20),2-0,?,Hull City AFC (21)
?,(Sat) 28 Nov 1987 (47),Huddersfield Town AFC (20),1-0,?,Leicester City FC (20)
?,(Sat) 28 Nov 1987 (47),Middlesbrough FC (21),2-0,?,Barnsley FC (21)
?,(Sat) 28 Nov 1987 (47),Swindon Town FC (19),4-2,?,AFC Bournemouth (20)
?,(Sat) 28 Nov 1987 (47),Crystal Palace FC (20),3-0,?,Leeds United FC (21)
?,(Tue) 1 Dec 1987 (48),Swindon Town FC (20),4-1,?,Huddersfield Town AFC (21)
?,(Tue) 1 Dec 1987 (48),Millwall FC (21),3-0,?,Reading FC (20)
?,(Tue) 1 Dec 1987 (48),AFC Bournemouth (21),0-2,?,Manchester City FC (21)
?,(Sat) 5 Dec 1987 (48),Ipswich Town FC (22),4-0,?,Bradford City AFC (22)
?,(Sat) 5 Dec 1987 (48),Aston Villa FC (22),2-1,?,Swindon Town FC (21)
?,(Sat) 5 Dec 1987 (48),Hull City AFC (22),2-2,?,Reading FC (21)
?,(Sat) 5 Dec 1987 (48),Blackburn Rovers FC (21),2-1,?,Millwall FC (22)
?,(Sat) 5 Dec 1987 (48),AFC Bournemouth (22),2-2,?,Oldham Athletic AFC (20)
?,(Sat) 5 Dec 1987 (48),Sheffield United FC (22),2-2,?,Huddersfield Town AFC (22)
?,(Sat) 5 Dec 1987 (48),Leicester City FC (21),0-0,?,Middlesbrough FC (22)
?,(Sat) 5 Dec 1987 (48),Plymouth Argyle FC (22),2-0,?,Shrewsbury Town FC (22)
?,(Sat) 5 Dec 1987 (48),Barnsley FC (22),3-1,?,West Bromwich Albion FC (22)
?,(Sat) 5 Dec 1987 (48),Leeds United FC (22),4-1,?,Birmingham City FC (22)
?,(Sat) 5 Dec 1987 (48),Manchester City FC (22),1-3,?,Crystal Palace FC (21)
?,(Tue) 8 Dec 1987 (49),Stoke City FC (22),2-2,?,Oldham Athletic AFC (21)
?,(Sat) 12 Dec 1987 (49),Reading FC (22),0-1,?,Leeds United FC (23)
?,(Sat) 12 Dec 1987 (49),Bradford City AFC (23),2-0,?,AFC Bournemouth (23)
?,(Sat) 12 Dec 1987 (49),Huddersfield Town AFC (23),2-1,?,Plymouth Argyle FC (23)
?,(Sat) 12 Dec 1987 (49),Shrewsbury Town FC (23),2-2,?,Hull City AFC (23)
?,(Sat) 12 Dec 1987 (49),Oldham Athletic AFC (22),2-0,?,Leicester City FC (22)
?,(Sat) 12 Dec 1987 (49),Millwall FC (23),0-1,?,Manchester City FC (23)
?,(Sat) 12 Dec 1987 (49),West Bromwich Albion FC (23),0-1,?,Blackburn Rovers FC (22)
?,(Sat) 12 Dec 1987 (49),Birmingham City FC (23),1-2,?,Aston Villa FC (23)
?,(Sat) 12 Dec 1987 (49),Middlesbrough FC (23),2-0,?,Stoke City FC (23)
?,(Sun) 13 Dec 1987 (49),Crystal Palace FC (22),2-1,?,Sheffield United FC (23)
?,(Fri) 18 Dec 1987 (50),Ipswich Town FC (23),2-0,?,Shrewsbury Town FC (24)
?,(Fri) 18 Dec 1987 (50),Aston Villa FC (24),0-0,?,West Bromwich Albion FC (24)
?,(Sat) 19 Dec 1987 (50),Hull City AFC (24),2-1,?,Crystal Palace FC (23)
?,(Sat) 19 Dec 1987 (50),Manchester City FC (24),1-2,?,Oldham Athletic AFC (23)
?,(Sat) 19 Dec 1987 (50),AFC Bournemouth (24),0-0,?,Middlesbrough FC (24)
?,(Sat) 19 Dec 1987 (50),Barnsley FC (23),4-1,?,Millwall FC (24)
?,(Sat) 19 Dec 1987 (50),Blackburn Rovers FC (23),2-0,?,Birmingham City FC (24)
?,(Sat) 19 Dec 1987 (50),Stoke City FC (24),4-2,?,Reading FC (23)
?,(Sat) 19 Dec 1987 (50),Leeds United FC (24),3-0,?,Huddersfield Town AFC (24)
?,(Sun) 20 Dec 1987 (50),Plymouth Argyle FC (24),2-1,?,Bradford City AFC (24)
?,(Sun) 20 Dec 1987 (50),Sheffield United FC (24),1-0,?,Swindon Town FC (22)
?,(Sat) 26 Dec 1987 (51),Middlesbrough FC (25),1-1,?,Blackburn Rovers FC (24)
?,(Sat) 26 Dec 1987 (51),Ipswich Town FC (24),2-3,?,Crystal Palace FC (24)
?,(Sat) 26 Dec 1987 (51),Birmingham City FC (25),0-1,?,Plymouth Argyle FC (25)
?,(Sat) 26 Dec 1987 (51),Manchester City FC (25),1-2,?,Leeds United FC (25)
?,(Sat) 26 Dec 1987 (51),Sheffield United FC (25),1-1,?,Aston Villa FC (25)
?,(Sat) 26 Dec 1987 (51),West Bromwich Albion FC (25),1-4,?,Millwall FC (25)
?,(Sat) 26 Dec 1987 (51),Reading FC (24),0-1,?,Swindon Town FC (23)
?,(Sat) 26 Dec 1987 (51),Huddersfield Town AFC (25),0-3,?,Stoke City FC (25)
?,(Sat) 26 Dec 1987 (51),Leicester City FC (23),0-1,?,AFC Bournemouth (25)
?,(Sat) 26 Dec 1987 (51),Barnsley FC (24),1-1,?,Oldham Athletic AFC (24)
?,(Sat) 26 Dec 1987 (51),Bradford City AFC (25),1-1,?,Shrewsbury Town FC (25)
?,(Mon) 28 Dec 1987 (52),AFC Bournemouth (26),3-2,?,West Bromwich Albion FC (26)
?,(Mon) 28 Dec 1987 (52),Swindon Town FC (24),4-2,?,Ipswich Town FC (25)
?,(Mon) 28 Dec 1987 (52),Shrewsbury Town FC (26),0-0,?,Birmingham City FC (26)
?,(Mon) 28 Dec 1987 (52),Stoke City FC (26),1-3,?,Manchester City FC (26)
?,(Mon) 28 Dec 1987 (52),Crystal Palace FC (25),2-3,?,Reading FC (25)
?,(Mon) 28 Dec 1987 (52),Oldham Athletic AFC (25),1-2,?,Hull City AFC (25)
?,(Mon) 28 Dec 1987 (52),Aston Villa FC (26),1-1,?,Huddersfield Town AFC (26)
?,(Mon) 28 Dec 1987 (52),Leeds United FC (26),2-0,?,Middlesbrough FC (26)
?,(Mon) 28 Dec 1987 (52),Millwall FC (26),3-1,?,Sheffield United FC (26)
?,(Mon) 28 Dec 1987 (52),Plymouth Argyle FC (26),4-0,?,Leicester City FC (24)
?,(Mon) 28 Dec 1987 (52),Blackburn Rovers FC (25),1-1,?,Bradford City AFC (26)
?,(Fri) 1 Jan 1988 (0),Crystal Palace FC (26),3-2,?,Barnsley FC (25)
?,(Fri) 1 Jan 1988 (0),Plymouth Argyle FC (27),1-3,?,Reading FC (26)
?,(Fri) 1 Jan 1988 (0),Oldham Athletic AFC (26),3-1,?,Middlesbrough FC (27)
?,(Fri) 1 Jan 1988 (0),Leeds United FC (27),2-0,?,Bradford City AFC (27)
?,(Fri) 1 Jan 1988 (0),Aston Villa FC (27),5-0,?,Hull City AFC (26)
?,(Fri) 1 Jan 1988 (0),Stoke City FC (27),1-2,?,Ipswich Town FC (26)
?,(Fri) 1 Jan 1988 (0),Swindon Town FC (25),2-0,?,West Bromwich Albion FC (27)
?,(Fri) 1 Jan 1988 (0),AFC Bournemouth (27),4-2,?,Birmingham City FC (27)
?,(Fri) 1 Jan 1988 (0),Blackburn Rovers FC (26),4-1,?,Sheffield United FC (27)
?,(Fri) 1 Jan 1988 (0),Shrewsbury Town FC (27),3-1,?,Huddersfield Town AFC (27)
?,(Fri) 1 Jan 1988 (0),Millwall FC (27),1-0,?,Leicester City FC (25)
?,(Sat) 2 Jan 1988 (0),Huddersfield Town AFC (28),1-2,?,Blackburn Rovers FC (27)
?,(Sat) 2 Jan 1988 (0),Leicester City FC (26),4-4,?,Crystal Palace FC (27)
?,(Sat) 2 Jan 1988 (0),Birmingham City FC (28),1-1,?,Swindon Town FC (26)
?,(Sat) 2 Jan 1988 (0),Sheffield United FC (28),0-5,?,Oldham Athletic AFC (27)
?,(Sat) 2 Jan 1988 (0),Manchester City FC (27),1-3,?,Shrewsbury Town FC (28)
?,(Sat) 2 Jan 1988 (0),West Bromwich Albion FC (28),1-0,?,Plymouth Argyle FC (28)
?,(Sat) 2 Jan 1988 (0),Ipswich Town FC (27),1-1,?,Millwall FC (28)
?,(Sat) 2 Jan 1988 (0),Barnsley FC (26),1-3,?,Aston Villa FC (28)
?,(Sat) 2 Jan 1988 (0),Bradford City AFC (28),1-4,?,Stoke City FC (28)
?,(Sun) 3 Jan 1988 (0),Hull City AFC (27),3-1,?,Leeds United FC (28)
?,(Sat) 16 Jan 1988 (2),AFC Bournemouth (28),1-2,?,Sheffield United FC (29)
?,(Sat) 16 Jan 1988 (2),Shrewsbury Town FC (29),0-0,?,Leicester City FC (27)
?,(Sat) 16 Jan 1988 (2),Crystal Palace FC (28),2-1,?,Huddersfield Town AFC (29)
?,(Sat) 16 Jan 1988 (2),Aston Villa FC (29),1-0,?,Ipswich Town FC (28)
?,(Sat) 16 Jan 1988 (2),Oldham Athletic AFC (28),2-1,?,West Bromwich Albion FC (29)
?,(Sat) 16 Jan 1988 (2),Leeds United FC (29),0-2,?,Barnsley FC (27)
?,(Sat) 16 Jan 1988 (2),Plymouth Argyle FC (29),3-2,?,Manchester City FC (28)
?,(Sat) 16 Jan 1988 (2),Millwall FC (29),2-1,?,Middlesbrough FC (28)
?,(Sat) 16 Jan 1988 (2),Stoke City FC (29),3-1,?,Birmingham City FC (29)
?,(Sat) 16 Jan 1988 (2),Blackburn Rovers FC (28),2-1,?,Hull City AFC (28)
?,(Sat) 23 Jan 1988 (3),Reading FC (27),1-0,?,Shrewsbury Town FC (30)
?,(Sat) 23 Jan 1988 (3),Manchester City FC (29),0-2,?,Aston Villa FC (30)
?,(Sat) 23 Jan 1988 (3),Middlesbrough FC (29),2-1,?,Crystal Palace FC (29)
?,(Fri) 29 Jan 1988 (4),Oldham Athletic AFC (29),1-0,?,Crystal Palace FC (30)
?,(Sat) 30 Jan 1988 (4),West Bromwich Albion FC (30),1-4,?,Leeds United FC (30)
?,(Sat) 30 Jan 1988 (4),Ipswich Town FC (29),0-2,?,Blackburn Rovers FC (29)
?,(Sat) 30 Jan 1988 (4),Reading FC (28),1-2,?,Leicester City FC (28)
?,(Sat) 6 Feb 1988 (5),Crystal Palace FC (31),3-0,?,Birmingham City FC (30)
?,(Sat) 6 Feb 1988 (5),Aston Villa FC (31),2-1,?,Leicester City FC (29)
?,(Sat) 6 Feb 1988 (5),Swindon Town FC (27),1-1,?,Middlesbrough FC (30)
?,(Sat) 6 Feb 1988 (5),Oldham Athletic AFC (30),4-2,?,Reading FC (29)
?,(Sat) 6 Feb 1988 (5),AFC Bournemouth (29),6-2,?,Hull City AFC (29)
?,(Sat) 6 Feb 1988 (5),Stoke City FC (30),1-0,?,Sheffield United FC (30)
?,(Sat) 6 Feb 1988 (5),Shrewsbury Town FC (31),0-1,?,West Bromwich Albion FC (31)
?,(Sat) 6 Feb 1988 (5),Leeds United FC (31),1-0,?,Ipswich Town FC (30)
?,(Sat) 6 Feb 1988 (5),Blackburn Rovers FC (30),2-1,?,Manchester City FC (30)
?,(Sat) 6 Feb 1988 (5),Millwall FC (30),0-1,?,Bradford City AFC (29)
?,(Tue) 9 Feb 1988 (6),Birmingham City FC (31),1-0,?,Millwall FC (31)
?,(Sat) 13 Feb 1988 (6),Leicester City FC (30),3-2,?,Leeds United FC (32)
?,(Sat) 13 Feb 1988 (6),Hull City AFC (30),0-0,?,Stoke City FC (31)
?,(Sat) 13 Feb 1988 (6),Reading FC (30),2-3,?,Millwall FC (32)
?,(Sat) 13 Feb 1988 (6),Sheffield United FC (31),0-1,?,Shrewsbury Town FC (32)
?,(Sat) 13 Feb 1988 (6),Manchester City FC (31),2-0,?,AFC Bournemouth (30)
?,(Sat) 13 Feb 1988 (6),West Bromwich Albion FC (32),1-0,?,Crystal Palace FC (32)
?,(Sat) 13 Feb 1988 (6),Barnsley FC (28),0-1,?,Blackburn Rovers FC (31)
?,(Sat) 13 Feb 1988 (6),Huddersfield Town AFC (30),0-3,?,Swindon Town FC (28)
?,(Sat) 13 Feb 1988 (6),Bradford City AFC (30),5-3,?,Oldham Athletic AFC (31)
?,(Sat) 13 Feb 1988 (6),Ipswich Town FC (31),1-2,?,Plymouth Argyle FC (30)
?,(Sun) 14 Feb 1988 (6),Middlesbrough FC (31),2-1,?,Aston Villa FC (32)
?,(Sat) 20 Feb 1988 (7),Ipswich Town FC (32),0-2,?,Leicester City FC (31)
?,(Sat) 20 Feb 1988 (7),Millwall FC (33),1-1,?,Oldham Athletic AFC (32)
?,(Sat) 20 Feb 1988 (7),Shrewsbury Town FC (33),2-1,?,Swindon Town FC (29)
?,(Sat) 20 Feb 1988 (7),Blackburn Rovers FC (32),3-2,?,Aston Villa FC (33)
?,(Sat) 20 Feb 1988 (7),Reading FC (31),0-0,?,Middlesbrough FC (32)
?,(Sat) 20 Feb 1988 (7),Sheffield United FC (32),1-0,?,Barnsley FC (29)
?,(Tue) 23 Feb 1988 (8),Stoke City FC (32),2-1,?,Leeds United FC (33)
?,(Sat) 27 Feb 1988 (8),Huddersfield Town AFC (31),2-2,?,Birmingham City FC (32)
?,(Sat) 27 Feb 1988 (8),Crystal Palace FC (33),1-2,?,Shrewsbury Town FC (34)
?,(Sat) 27 Feb 1988 (8),Hull City AFC (31),1-2,?,Sheffield United FC (33)
?,(Sat) 27 Feb 1988 (8),Aston Villa FC (34),5-2,?,Plymouth Argyle FC (31)
?,(Sat) 27 Feb 1988 (8),Swindon Town FC (30),0-1,?,Millwall FC (34)
?,(Sat) 27 Feb 1988 (8),Barnsley FC (30),2-3,?,Ipswich Town FC (33)
?,(Sat) 27 Feb 1988 (8),AFC Bournemouth (31),0-0,?,Stoke City FC (33)
?,(Sat) 27 Feb 1988 (8),West Bromwich Albion FC (33),0-1,?,Reading FC (32)
?,(Sat) 27 Feb 1988 (8),Middlesbrough FC (33),1-2,?,Bradford City AFC (31)
?,(Sat) 27 Feb 1988 (8),Leeds United FC (34),2-2,?,Blackburn Rovers FC (33)
?,(Sat) 27 Feb 1988 (8),Leicester City FC (32),1-0,?,Manchester City FC (32)
?,(Tue) 1 Mar 1988 (9),Bradford City AFC (32),0-1,?,Huddersfield Town AFC (32)
?,(Wed) 2 Mar 1988 (9),Manchester City FC (33),2-0,?,Hull City AFC (32)
?,(Sat) 5 Mar 1988 (9),Leeds United FC (35),1-0,?,Plymouth Argyle FC (32)
?,(Sat) 5 Mar 1988 (9),AFC Bournemouth (32),1-2,?,Aston Villa FC (35)
?,(Sat) 5 Mar 1988 (9),Leicester City FC (33),1-0,?,Sheffield United FC (34)
?,(Sat) 5 Mar 1988 (9),Birmingham City FC (33),1-1,?,Bradford City AFC (33)
?,(Sat) 5 Mar 1988 (9),West Bromwich Albion FC (34),0-0,?,Middlesbrough FC (34)
?,(Sat) 5 Mar 1988 (9),Shrewsbury Town FC (35),0-0,?,Millwall FC (35)
?,(Sat) 5 Mar 1988 (9),Hull City AFC (33),1-2,?,Barnsley FC (31)
?,(Sat) 5 Mar 1988 (9),Manchester City FC (34),2-0,?,Ipswich Town FC (34)
?,(Sat) 5 Mar 1988 (9),Stoke City FC (34),2-1,?,Blackburn Rovers FC (34)
?,(Sat) 5 Mar 1988 (9),Crystal Palace FC (34),3-1,?,Oldham Athletic AFC (33)
?,(Sat) 5 Mar 1988 (9),Huddersfield Town AFC (33),0-2,?,Reading FC (33)
?,(Tue) 8 Mar 1988 (10),Sheffield United FC (35),1-2,?,Manchester City FC (35)
?,(Tue) 8 Mar 1988 (10),Barnsley FC (32),2-1,?,AFC Bournemouth (33)
?,(Tue) 8 Mar 1988 (10),Birmingham City FC (34),0-1,?,West Bromwich Albion FC (35)
?,(Sat) 12 Mar 1988 (10),Reading FC (34),1-1,?,Birmingham City FC (35)
?,(Sat) 12 Mar 1988 (10),Blackburn Rovers FC (35),3-1,?,AFC Bournemouth (34)
?,(Sat) 12 Mar 1988 (10),Ipswich Town FC (35),2-0,?,Hull City AFC (34)
?,(Sat) 12 Mar 1988 (10),Middlesbrough FC (35),2-0,?,Huddersfield Town AFC (34)
?,(Sat) 12 Mar 1988 (10),Barnsley FC (33),1-1,?,Leicester City FC (34)
?,(Sat) 12 Mar 1988 (10),Bradford City AFC (34),4-1,?,West Bromwich Albion FC (36)
?,(Sat) 12 Mar 1988 (10),Aston Villa FC (36),1-2,?,Leeds United FC (36)
?,(Sat) 12 Mar 1988 (10),Millwall FC (36),1-1,?,Crystal Palace FC (35)
?,(Sat) 12 Mar 1988 (10),Oldham Athletic AFC (34),4-3,?,Swindon Town FC (31)
?,(Sat) 12 Mar 1988 (10),Plymouth Argyle FC (33),3-0,?,Stoke City FC (35)
?,(Tue) 15 Mar 1988 (11),Swindon Town FC (32),3-0,?,Barnsley FC (34)
?,(Wed) 16 Mar 1988 (11),Leicester City FC (35),1-1,?,Stoke City FC (36)
?,(Sat) 19 Mar 1988 (11),Shrewsbury Town FC (36),0-1,?,Middlesbrough FC (36)
?,(Sat) 19 Mar 1988 (11),Blackburn Rovers FC (36),3-3,?,Leicester City FC (36)
?,(Sat) 19 Mar 1988 (11),Hull City AFC (35),1-1,?,Plymouth Argyle FC (34)
?,(Sat) 19 Mar 1988 (11),Stoke City FC (37),3-1,?,Barnsley FC (35)
?,(Sat) 19 Mar 1988 (11),Leeds United FC (37),5-0,?,Sheffield United FC (36)
?,(Sat) 19 Mar 1988 (11),Birmingham City FC (36),1-3,?,Oldham Athletic AFC (35)
?,(Sat) 19 Mar 1988 (11),Crystal Palace FC (36),1-1,?,Bradford City AFC (35)
?,(Sat) 19 Mar 1988 (11),Manchester City FC (36),1-1,?,Swindon Town FC (33)
?,(Sat) 19 Mar 1988 (11),Ipswich Town FC (36),1-2,?,AFC Bournemouth (35)
?,(Sat) 19 Mar 1988 (11),Reading FC (35),0-2,?,Aston Villa FC (37)
?,(Sat) 19 Mar 1988 (11),Millwall FC (37),4-1,?,Huddersfield Town AFC (35)
?,(Sat) 26 Mar 1988 (12),Oldham Athletic AFC (36),2-2,?,Shrewsbury Town FC (37)
?,(Sat) 26 Mar 1988 (12),Sheffield United FC (37),4-1,?,Ipswich Town FC (37)
?,(Sat) 26 Mar 1988 (12),Plymouth Argyle FC (35),3-0,?,Blackburn Rovers FC (37)
?,(Sat) 26 Mar 1988 (12),Barnsley FC (36),3-1,?,Manchester City FC (37)
?,(Sat) 26 Mar 1988 (12),Middlesbrough FC (37),1-1,?,Birmingham City FC (37)
?,(Sat) 26 Mar 1988 (12),Huddersfield Town AFC (36),1-3,?,West Bromwich Albion FC (37)
?,(Sat) 26 Mar 1988 (12),Aston Villa FC (38),0-1,?,Stoke City FC (38)
?,(Sat) 26 Mar 1988 (12),AFC Bournemouth (36),0-0,?,Leeds United FC (38)
?,(Sat) 26 Mar 1988 (12),Leicester City FC (37),2-1,?,Hull City AFC (36)
?,(Sun) 27 Mar 1988 (12),Swindon Town FC (34),2-2,?,Crystal Palace FC (37)
?,(Wed) 30 Mar 1988 (13),Swindon Town FC (35),2-2,?,Bradford City AFC (36)
?,(Fri) 1 Apr 1988 (13),Oldham Athletic AFC (37),4-2,?,Blackburn Rovers FC (38)
?,(Sat) 2 Apr 1988 (13),Middlesbrough FC (38),6-0,?,Sheffield United FC (38)
?,(Sat) 2 Apr 1988 (13),Crystal Palace FC (38),3-0,?,AFC Bournemouth (37)
?,(Sat) 2 Apr 1988 (13),Birmingham City FC (38),1-1,?,Hull City AFC (37)
?,(Sat) 2 Apr 1988 (13),Huddersfield Town AFC (37),1-0,?,Manchester City FC (38)
?,(Sat) 2 Apr 1988 (13),Reading FC (36),1-1,?,Ipswich Town FC (38)
?,(Sat) 2 Apr 1988 (13),West Bromwich Albion FC (38),2-0,?,Stoke City FC (39)
?,(Sat) 2 Apr 1988 (13),Shrewsbury Town FC (38),1-0,?,Leeds United FC (39)
?,(Sat) 2 Apr 1988 (13),Millwall FC (38),2-1,?,Aston Villa FC (39)
?,(Sat) 2 Apr 1988 (13),Bradford City AFC (37),1-1,?,Barnsley FC (37)
?,(Sat) 2 Apr 1988 (13),Swindon Town FC (36),3-2,?,Leicester City FC (38)
?,(Mon) 4 Apr 1988 (14),Aston Villa FC (40),1-2,?,Oldham Athletic AFC (38)
?,(Mon) 4 Apr 1988 (14),Blackburn Rovers FC (39),2-2,?,Shrewsbury Town FC (39)
?,(Mon) 4 Apr 1988 (14),Plymouth Argyle FC (36),1-0,?,Swindon Town FC (37)
?,(Mon) 4 Apr 1988 (14),Manchester City FC (39),2-0,?,Reading FC (37)
?,(Mon) 4 Apr 1988 (14),Stoke City FC (40),1-1,?,Crystal Palace FC (39)
?,(Mon) 4 Apr 1988 (14),Sheffield United FC (39),1-2,?,Bradford City AFC (38)
?,(Mon) 4 Apr 1988 (14),Ipswich Town FC (39),1-1,?,West Bromwich Albion FC (39)
?,(Mon) 4 Apr 1988 (14),Hull City AFC (38),0-0,?,Middlesbrough FC (39)
?,(Mon) 4 Apr 1988 (14),Barnsley FC (38),1-0,?,Huddersfield Town AFC (38)
?,(Tue) 5 Apr 1988 (14),Leicester City FC (39),2-0,?,Birmingham City FC (39)
?,(Wed) 6 Apr 1988 (14),Leeds United FC (40),1-2,?,Millwall FC (39)
?,(Fri) 8 Apr 1988 (14),Huddersfield Town AFC (39),1-2,?,Ipswich Town FC (40)
?,(Fri) 8 Apr 1988 (14),Shrewsbury Town FC (40),2-1,?,AFC Bournemouth (38)
?,(Sat) 9 Apr 1988 (14),West Bromwich Albion FC (40),1-1,?,Leicester City FC (40)
?,(Sat) 9 Apr 1988 (14),Oldham Athletic AFC (39),5-1,?,Stoke City FC (41)
?,(Sat) 9 Apr 1988 (14),Reading FC (38),2-1,?,Barnsley FC (39)
?,(Sat) 9 Apr 1988 (14),Birmingham City FC (40),1-0,?,Sheffield United FC (40)
?,(Sat) 9 Apr 1988 (14),Middlesbrough FC (40),2-1,?,Manchester City FC (40)
?,(Sat) 9 Apr 1988 (14),Swindon Town FC (38),1-2,?,Blackburn Rovers FC (40)
?,(Sat) 9 Apr 1988 (14),Crystal Palace FC (40),1-1,?,Aston Villa FC (41)
?,(Sat) 9 Apr 1988 (14),Bradford City AFC (39),2-0,?,Hull City AFC (39)
?,(Sat) 9 Apr 1988 (14),Millwall FC (40),3-2,?,Plymouth Argyle FC (37)
?,(Tue) 12 Apr 1988 (15),Hull City AFC (40),1-4,?,Swindon Town FC (39)
?,(Wed) 13 Apr 1988 (15),Reading FC (39),0-0,?,AFC Bournemouth (39)
?,(Fri) 15 Apr 1988 (15),Plymouth Argyle FC (38),0-0,?,Barnsley FC (40)
?,(Tue) 19 Apr 1988 (16),Huddersfield Town AFC (40),2-2,?,Oldham Athletic AFC (40)
?,(Tue) 19 Apr 1988 (16),AFC Bournemouth (40),1-2,?,Millwall FC (41)
?,(Tue) 19 Apr 1988 (16),Sheffield United FC (41),1-0,?,Plymouth Argyle FC (39)
?,(Wed) 20 Apr 1988 (16),Bradford City AFC (40),3-0,?,Reading FC (40)
?,(Sat) 23 Apr 1988 (16),Plymouth Argyle FC (40),1-3,?,Crystal Palace FC (41)
?,(Sat) 23 Apr 1988 (16),Leicester City FC (41),1-0,?,Reading FC (41)
?,(Sat) 23 Apr 1988 (16),Sheffield United FC (42),0-0,?,West Bromwich Albion FC (41)
?,(Sat) 23 Apr 1988 (16),Manchester City FC (41),2-2,?,Bradford City AFC (41)
?,(Sat) 23 Apr 1988 (16),Aston Villa FC (42),1-0,?,Shrewsbury Town FC (41)
?,(Sat) 23 Apr 1988 (16),Stoke City FC (42),1-0,?,Swindon Town FC (40)
?,(Sat) 23 Apr 1988 (16),Ipswich Town FC (41),4-0,?,Middlesbrough FC (41)
?,(Sat) 23 Apr 1988 (16),Barnsley FC (41),2-2,?,Birmingham City FC (41)
?,(Sat) 23 Apr 1988 (16),Hull City AFC (41),4-0,?,Huddersfield Town AFC (41)
?,(Sat) 23 Apr 1988 (16),Leeds United FC (41),1-1,?,Oldham Athletic AFC (41)
?,(Mon) 25 Apr 1988 (17),Blackburn Rovers FC (41),0-0,?,Swindon Town FC (41)
?,(Tue) 26 Apr 1988 (17),Plymouth Argyle FC (41),1-2,?,AFC Bournemouth (41)
?,(Sat) 30 Apr 1988 (17),Shrewsbury Town FC (42),1-1,?,Barnsley FC (42)
?,(Sat) 30 Apr 1988 (17),Oldham Athletic AFC (42),3-1,?,Ipswich Town FC (42)
?,(Sat) 30 Apr 1988 (17),Bradford City AFC (42),4-1,?,Leicester City FC (42)
?,(Sat) 30 Apr 1988 (17),West Bromwich Albion FC (42),1-1,?,Hull City AFC (42)
?,(Sat) 30 Apr 1988 (17),Middlesbrough FC (42),3-1,?,Plymouth Argyle FC (42)
?,(Sat) 30 Apr 1988 (17),Swindon Town FC (42),1-2,?,Leeds United FC (42)
?,(Sat) 30 Apr 1988 (17),Crystal Palace FC (42),2-0,?,Blackburn Rovers FC (42)
?,(Sat) 30 Apr 1988 (17),Millwall FC (42),2-0,?,Stoke City FC (43)
?,(Sat) 30 Apr 1988 (17),Reading FC (42),2-1,?,Sheffield United FC (43)
?,(Sat) 30 Apr 1988 (17),Huddersfield Town AFC (42),1-2,?,AFC Bournemouth (42)
?,(Sat) 30 Apr 1988 (17),Birmingham City FC (42),0-3,?,Manchester City FC (42)
?,(Mon) 2 May 1988 (18),Aston Villa FC (43),1-0,?,Bradford City AFC (43)
?,(Mon) 2 May 1988 (18),AFC Bournemouth (43),2-0,?,Swindon Town FC (43)
?,(Mon) 2 May 1988 (18),Plymouth Argyle FC (43),1-0,?,Oldham Athletic AFC (43)
?,(Mon) 2 May 1988 (18),Barnsley FC (43),0-3,?,Middlesbrough FC (43)
?,(Mon) 2 May 1988 (18),Manchester City FC (43),4-2,?,West Bromwich Albion FC (43)
?,(Mon) 2 May 1988 (18),Leicester City FC (43),3-0,?,Huddersfield Town AFC (43)
?,(Mon) 2 May 1988 (18),Ipswich Town FC (43),1-0,?,Birmingham City FC (43)
?,(Mon) 2 May 1988 (18),Stoke City FC (44),1-1,?,Shrewsbury Town FC (43)
?,(Mon) 2 May 1988 (18),Blackburn Rovers FC (43),1-1,?,Reading FC (43)
?,(Mon) 2 May 1988 (18),Leeds United FC (43),1-0,?,Crystal Palace FC (43)
?,(Mon) 2 May 1988 (18),Hull City AFC (43),0-1,?,Millwall FC (43)
?,(Fri) 6 May 1988 (18),Birmingham City FC (44),0-0,?,Leeds United FC (44)
?,(Sat) 7 May 1988 (18),Oldham Athletic AFC (44),2-0,?,AFC Bournemouth (44)
?,(Sat) 7 May 1988 (18),West Bromwich Albion FC (44),2-2,?,Barnsley FC (44)
?,(Sat) 7 May 1988 (18),Huddersfield Town AFC (44),0-2,?,Sheffield United FC (44)
?,(Sat) 7 May 1988 (18),Millwall FC (44),1-4,?,Blackburn Rovers FC (44)
?,(Sat) 7 May 1988 (18),Shrewsbury Town FC (44),2-1,?,Plymouth Argyle FC (44)
?,(Sat) 7 May 1988 (18),Reading FC (44),0-0,?,Hull City AFC (44)
?,(Sat) 7 May 1988 (18),Crystal Palace FC (44),2-0,?,Manchester City FC (44)
?,(Sat) 7 May 1988 (18),Middlesbrough FC (44),1-2,?,Leicester City FC (44)
?,(Sat) 7 May 1988 (18),Swindon Town FC (44),0-0,?,Aston Villa FC (44)
?,(Sat) 7 May 1988 (18),Bradford City AFC (44),2-3,?,Ipswich Town FC (44)
