Rk,Squad,MP,W,D,L,GF,GA,GDiff,Pts,Attendance,Top Team Scorer,Goalkeeper,Notes
1,Manchester Utd,38,21,12,5,76,44,+32,75,55081,Ole Gunnar Solskjær - 18,Peter Schmeichel,→ UEFA Champions League via league finish
2,Newcastle Utd,38,19,11,8,73,40,+33,68,36466,Alan Shearer - 25,Pavel Srníček,→ UEFA Champions League via league finish
3,Arsenal,38,19,11,8,62,32,+30,68,37821,Ian Wright - 23,David Seaman,→ UEFA Cup via league finish
4,Liverpool,38,19,11,8,62,37,+25,68,39777,Robbie Fowler - 18,David James,→ UEFA Cup via league finish
5,Aston Villa,38,17,10,11,47,34,+13,61,36027,Dwight Yorke - 17,Michael Oakes,→ UEFA Cup via league finish
6,Chelsea,38,16,11,11,58,55,+3,59,27001,Gianluca Vialli - 9,Frode Grodås,→ UEFA Cup Winners' Cup via cup win 1
7,Sheffield Weds,38,14,15,9,50,51,-1,57,25693,Andy Booth - 10,Kevin Pressman,
8,Wimbledon,38,15,11,12,49,46,+3,56,15156,Efan Ekoku - 11,Neil Sullivan,
9,Leicester City,38,12,11,15,46,54,-8,47,20183,Steve Claridge - 12,Kasey Keller,→ UEFA Cup via cup win 2
10,Tottenham,38,13,7,18,44,51,-7,46,31067,Teddy Sheringham - 7,Ian Walker,
11,Leeds United,38,11,13,14,28,38,-10,46,32109,Lee Sharpe Brian Deane - 5,Nigel Martyn,
12,Derby County,38,11,13,14,45,58,-13,46,17888,Dean Sturridge - 11,Russell Hoult,
13,Blackburn,38,9,15,14,42,43,-1,42,24947,Chris Sutton - 11,Tim Flowers,
14,West Ham,38,10,12,16,39,48,-9,42,23342,John Hartson Paul Kitson - 8,Luděk Mikloško,
15,Everton,38,10,12,16,44,57,-13,42,36186,Duncan Ferguson - 10,Neville Southall,
16,Southampton,38,10,11,17,50,56,-6,41,15100,Matt Le Tissier - 13,Maik Taylor,
17,Coventry City,38,9,14,15,38,54,-16,41,19625,Dion Dublin - 14,Steve Ogrizovic,
18,Sunderland,38,10,10,18,35,53,-18,40,20973,Craig Russell - 5,Lionel Pérez,Relegated
19,Middlesbrough,38,10,12,16,51,60,-9,39,29848,Fabrizio Ravanelli - 16,Gary Walsh,3-point deduction 3 Relegated
20,Nott'ham Forest,38,6,16,16,31,59,-28,34,23233,Kevin Campbell Alf-Inge Håland - 6,Mark Crossley,Relegated