Rk,Squad,MP,W,D,L,GF,GA,GDiff,Pts,Attendance,Top Team Scorer,Goalkeeper,Notes
1,Manchester Utd,38,23,11,4,78,37,+41,80,75109,Dimitar Berbatov - 20,Edwin van der Sar,→ UEFA Champions League via league finish
2,Chelsea,38,21,8,9,69,33,+36,71,41435,Florent Malouda - 13,Petr Čech,→ UEFA Champions League via league finish
3,Manchester City,38,21,8,9,60,33,+27,71,45905,Carlos Tevez - 20,Joe Hart,→ UEFA Champions League via league finish
4,Arsenal,38,19,11,8,72,43,+29,68,60025,Robin van Persie - 18,Wojciech Szczęsny,→ UEFA Champions League via league finish
5,Tottenham,38,16,14,8,55,46,+9,62,35704,Rafael van der Vaart - 13,Heurelho Gomes,→ UEFA Europa League via league finish
6,Liverpool,38,17,7,14,59,44,+15,58,42820,Dirk Kuyt - 13,Pepe Reina,
7,Everton,38,13,15,10,51,45,+6,54,36039,Tim Cahill - 9,Tim Howard,
8,Fulham,38,11,16,11,49,43,+6,49,25043,Clint Dempsey - 12,Mark Schwarzer,→ UEFA Europa League 1
9,Aston Villa,38,12,12,14,48,59,-11,48,37194,Darren Bent - 9,Brad Friedel,
10,Sunderland,38,12,11,15,45,56,-11,47,40011,Asamoah Gyan - 10,Simon Mignolet,
11,West Brom,38,12,11,15,56,71,-15,47,24683,Peter Odemwingie - 15,Scott Carson,
12,Newcastle Utd,38,11,13,14,56,57,-1,46,47718,Kevin Nolan - 12,Tim Krul,
13,Stoke City,38,13,7,18,46,48,-2,46,26858,Kenwyne Jones - 9,Asmir Begović,→ UEFA Europa League via cup loss 2
14,Bolton,38,12,10,16,52,56,-4,46,22870,Johan Elmander - 10,Jussi Jääskeläinen,
15,Blackburn,38,11,10,17,46,59,-13,43,25000,Jason Roberts Junior Hoilett... - 5,Paul Robinson,
16,Wigan Athletic,38,9,15,14,40,61,-21,42,16812,Hugo Rodallega Charles N'Zogbia - 9,Ali Al-Habsi,
17,Wolves,38,11,7,20,46,66,-20,40,27925,Steven Fletcher - 10,Wayne Hennessey,
18,Birmingham City,38,8,15,15,37,58,-21,39,25462,Craig Gardner - 8,Ben Foster,Relegated → UEFA Europa League via cup win
19,Blackpool,38,10,9,19,55,78,-23,39,15775,DJ Campbell - 13,Richard Kingson,Relegated
20,West Ham,38,7,12,19,43,70,-27,33,33492,Demba Ba - 7,Robert Green,Relegated