Round,Date,Team 1,FT,HT,Team 2
?,(Sat) 27 Aug 1932 (34),Manchester United FC (1),0-2,?,Stoke City FC (1)
?,(Sat) 27 Aug 1932 (34),Burnley FC (1),1-1,?,Chesterfield FC (1)
?,(Sat) 27 Aug 1932 (34),Preston North End FC (1),2-3,?,Bradford Park Avenue AFC (1)
?,(Sat) 27 Aug 1932 (34),Tottenham Hotspur FC (1),4-1,?,Charlton Athletic FC (1)
?,(Sat) 27 Aug 1932 (34),Millwall FC (1),3-0,?,Southampton FC (1)
?,(Sat) 27 Aug 1932 (34),Bradford City AFC (1),2-0,?,Fulham FC (1)
?,(Sat) 27 Aug 1932 (34),Grimsby Town FC (1),1-1,?,Nottingham Forest FC (1)
?,(Sat) 27 Aug 1932 (34),Oldham Athletic AFC (1),3-1,?,Plymouth Argyle FC (1)
?,(Sat) 27 Aug 1932 (34),Port Vale FC (1),1-0,?,Bury FC (1)
?,(Sat) 27 Aug 1932 (34),Notts County FC (1),1-1,?,Lincoln City FC (1)
?,(Sat) 27 Aug 1932 (34),Swansea City AFC (1),1-0,?,West Ham United FC (1)
?,(Mon) 29 Aug 1932 (35),Southampton FC (2),2-2,?,Port Vale FC (2)
?,(Mon) 29 Aug 1932 (35),Stoke City FC (2),1-2,?,Millwall FC (2)
?,(Mon) 29 Aug 1932 (35),West Ham United FC (2),2-4,?,Bradford City AFC (2)
?,(Mon) 29 Aug 1932 (35),Charlton Athletic FC (2),0-1,?,Manchester United FC (2)
?,(Mon) 29 Aug 1932 (35),Lincoln City FC (2),2-0,?,Swansea City AFC (2)
?,(Mon) 29 Aug 1932 (35),Bury FC (2),3-1,?,Notts County FC (2)
?,(Mon) 29 Aug 1932 (35),Preston North End FC (2),6-1,?,Burnley FC (2)
?,(Mon) 29 Aug 1932 (35),Nottingham Forest FC (2),3-1,?,Tottenham Hotspur FC (2)
?,(Wed) 31 Aug 1932 (35),Bradford Park Avenue AFC (2),1-3,?,Oldham Athletic AFC (2)
?,(Wed) 31 Aug 1932 (35),Plymouth Argyle FC (2),4-0,?,Grimsby Town FC (2)
?,(Sat) 3 Sep 1932 (35),Nottingham Forest FC (3),2-3,?,Oldham Athletic AFC (3)
?,(Sat) 3 Sep 1932 (35),Bradford Park Avenue AFC (3),0-4,?,Burnley FC (3)
?,(Sat) 3 Sep 1932 (35),Plymouth Argyle FC (3),5-0,?,Preston North End FC (3)
?,(Sat) 3 Sep 1932 (35),Bury FC (3),3-0,?,Millwall FC (3)
?,(Sat) 3 Sep 1932 (35),West Ham United FC (3),1-1,?,Notts County FC (3)
?,(Sat) 3 Sep 1932 (35),Charlton Athletic FC (3),2-3,?,Grimsby Town FC (3)
?,(Sat) 3 Sep 1932 (35),Lincoln City FC (3),0-1,?,Port Vale FC (3)
?,(Sat) 3 Sep 1932 (35),Fulham FC (2),3-1,?,Swansea City AFC (3)
?,(Sat) 3 Sep 1932 (35),Chesterfield FC (2),1-2,?,Bradford City AFC (3)
?,(Sat) 3 Sep 1932 (35),Southampton FC (3),4-2,?,Manchester United FC (3)
?,(Sat) 3 Sep 1932 (35),Stoke City FC (3),2-0,?,Tottenham Hotspur FC (3)
?,(Mon) 5 Sep 1932 (36),Swansea City AFC (4),3-1,?,Lincoln City FC (4)
?,(Mon) 5 Sep 1932 (36),Burnley FC (4),4-0,?,Preston North End FC (4)
?,(Mon) 5 Sep 1932 (36),Fulham FC (3),2-2,?,Chesterfield FC (3)
?,(Mon) 5 Sep 1932 (36),Tottenham Hotspur FC (4),0-0,?,Nottingham Forest FC (4)
?,(Mon) 5 Sep 1932 (36),Oldham Athletic AFC (4),1-3,?,Bradford Park Avenue AFC (4)
?,(Mon) 5 Sep 1932 (36),Millwall FC (4),0-0,?,Stoke City FC (4)
?,(Mon) 5 Sep 1932 (36),Port Vale FC (4),0-2,?,Southampton FC (4)
?,(Tue) 6 Sep 1932 (36),Grimsby Town FC (4),2-3,?,Plymouth Argyle FC (4)
?,(Wed) 7 Sep 1932 (36),Manchester United FC (4),1-1,?,Charlton Athletic FC (4)
?,(Wed) 7 Sep 1932 (36),Bradford City AFC (4),5-1,?,West Ham United FC (4)
?,(Sat) 10 Sep 1932 (36),Millwall FC (5),2-0,?,Lincoln City FC (5)
?,(Sat) 10 Sep 1932 (36),Port Vale FC (5),4-0,?,West Ham United FC (5)
?,(Sat) 10 Sep 1932 (36),Tottenham Hotspur FC (5),6-1,?,Manchester United FC (5)
?,(Sat) 10 Sep 1932 (36),Southampton FC (5),1-0,?,Bury FC (4)
?,(Sat) 10 Sep 1932 (36),Swansea City AFC (5),3-0,?,Chesterfield FC (4)
?,(Sat) 10 Sep 1932 (36),Oldham Athletic AFC (5),0-0,?,Charlton Athletic FC (5)
?,(Sat) 10 Sep 1932 (36),Grimsby Town FC (5),0-1,?,Stoke City FC (5)
?,(Sat) 10 Sep 1932 (36),Notts County FC (4),1-2,?,Fulham FC (4)
?,(Sat) 10 Sep 1932 (36),Preston North End FC (5),2-1,?,Nottingham Forest FC (5)
?,(Sat) 10 Sep 1932 (36),Burnley FC (5),1-1,?,Plymouth Argyle FC (5)
?,(Sat) 10 Sep 1932 (36),Bradford City AFC (5),1-0,?,Bradford Park Avenue AFC (5)
?,(Sat) 17 Sep 1932 (37),Fulham FC (5),1-1,?,Port Vale FC (6)
?,(Sat) 17 Sep 1932 (37),Nottingham Forest FC (6),1-1,?,Burnley FC (6)
?,(Sat) 17 Sep 1932 (37),Charlton Athletic FC (6),0-1,?,Preston North End FC (6)
?,(Sat) 17 Sep 1932 (37),Plymouth Argyle FC (6),3-2,?,Bradford Park Avenue AFC (6)
?,(Sat) 17 Sep 1932 (37),Chesterfield FC (5),0-0,?,Notts County FC (5)
?,(Sat) 17 Sep 1932 (37),Bradford City AFC (6),1-1,?,Swansea City AFC (6)
?,(Sat) 17 Sep 1932 (37),Stoke City FC (6),4-0,?,Oldham Athletic AFC (6)
?,(Sat) 17 Sep 1932 (37),Lincoln City FC (6),1-0,?,Southampton FC (6)
?,(Sat) 17 Sep 1932 (37),Bury FC (5),1-0,?,Tottenham Hotspur FC (6)
?,(Sat) 17 Sep 1932 (37),Manchester United FC (6),1-1,?,Grimsby Town FC (6)
?,(Sat) 17 Sep 1932 (37),West Ham United FC (6),3-0,?,Millwall FC (6)
?,(Sat) 24 Sep 1932 (38),Burnley FC (7),0-1,?,Charlton Athletic FC (7)
?,(Sat) 24 Sep 1932 (38),Southampton FC (7),4-3,?,West Ham United FC (7)
?,(Sat) 24 Sep 1932 (38),Millwall FC (7),2-1,?,Fulham FC (6)
?,(Sat) 24 Sep 1932 (38),Preston North End FC (7),1-3,?,Stoke City FC (7)
?,(Sat) 24 Sep 1932 (38),Notts County FC (6),2-0,?,Bradford City AFC (7)
?,(Sat) 24 Sep 1932 (38),Swansea City AFC (7),0-1,?,Plymouth Argyle FC (7)
?,(Sat) 24 Sep 1932 (38),Bury FC (6),2-2,?,Lincoln City FC (7)
?,(Sat) 24 Sep 1932 (38),Grimsby Town FC (7),3-2,?,Tottenham Hotspur FC (7)
?,(Sat) 24 Sep 1932 (38),Bradford Park Avenue AFC (7),3-1,?,Nottingham Forest FC (7)
?,(Sat) 24 Sep 1932 (38),Port Vale FC (7),9-1,?,Chesterfield FC (6)
?,(Sat) 24 Sep 1932 (38),Oldham Athletic AFC (7),1-1,?,Manchester United FC (7)
?,(Sat) 1 Oct 1932 (39),Chesterfield FC (7),1-0,?,Millwall FC (8)
?,(Sat) 1 Oct 1932 (39),Swansea City AFC (8),2-0,?,Notts County FC (7)
?,(Sat) 1 Oct 1932 (39),Manchester United FC (8),0-0,?,Preston North End FC (8)
?,(Sat) 1 Oct 1932 (39),Lincoln City FC (8),6-3,?,Grimsby Town FC (8)
?,(Sat) 1 Oct 1932 (39),Bradford City AFC (8),7-0,?,Port Vale FC (8)
?,(Sat) 1 Oct 1932 (39),Nottingham Forest FC (8),1-1,?,Plymouth Argyle FC (8)
?,(Sat) 1 Oct 1932 (39),Fulham FC (7),4-2,?,Southampton FC (8)
?,(Sat) 1 Oct 1932 (39),Charlton Athletic FC (8),0-2,?,Bradford Park Avenue AFC (8)
?,(Sat) 1 Oct 1932 (39),West Ham United FC (8),0-1,?,Bury FC (7)
?,(Sat) 1 Oct 1932 (39),Stoke City FC (8),3-0,?,Burnley FC (8)
?,(Sat) 1 Oct 1932 (39),Tottenham Hotspur FC (8),1-1,?,Oldham Athletic AFC (8)
?,(Thu) 6 Oct 1932 (40),Notts County FC (8),2-2,?,Bury FC (8)
?,(Sat) 8 Oct 1932 (40),Bury FC (9),1-1,?,Fulham FC (8)
?,(Sat) 8 Oct 1932 (40),Oldham Athletic AFC (9),0-1,?,Grimsby Town FC (9)
?,(Sat) 8 Oct 1932 (40),Lincoln City FC (9),6-0,?,West Ham United FC (9)
?,(Sat) 8 Oct 1932 (40),Preston North End FC (9),2-6,?,Tottenham Hotspur FC (9)
?,(Sat) 8 Oct 1932 (40),Notts County FC (9),2-4,?,Nottingham Forest FC (9)
?,(Sat) 8 Oct 1932 (40),Millwall FC (9),3-3,?,Bradford City AFC (9)
?,(Sat) 8 Oct 1932 (40),Southampton FC (9),2-1,?,Chesterfield FC (8)
?,(Sat) 8 Oct 1932 (40),Burnley FC (9),2-3,?,Manchester United FC (9)
?,(Sat) 8 Oct 1932 (40),Bradford Park Avenue AFC (9),2-2,?,Stoke City FC (9)
?,(Sat) 8 Oct 1932 (40),Port Vale FC (9),2-1,?,Swansea City AFC (9)
?,(Sat) 8 Oct 1932 (40),Plymouth Argyle FC (9),6-1,?,Charlton Athletic FC (9)
?,(Sat) 15 Oct 1932 (41),Stoke City FC (10),2-0,?,Plymouth Argyle FC (10)
?,(Sat) 15 Oct 1932 (41),Charlton Athletic FC (10),3-0,?,Nottingham Forest FC (10)
?,(Sat) 15 Oct 1932 (41),Fulham FC (9),3-2,?,Lincoln City FC (10)
?,(Sat) 15 Oct 1932 (41),Tottenham Hotspur FC (10),4-1,?,Burnley FC (10)
?,(Sat) 15 Oct 1932 (41),Swansea City AFC (10),1-0,?,Millwall FC (10)
?,(Sat) 15 Oct 1932 (41),Grimsby Town FC (10),5-5,?,Preston North End FC (10)
?,(Sat) 15 Oct 1932 (41),Bradford City AFC (10),1-0,?,Southampton FC (10)
?,(Sat) 15 Oct 1932 (41),Manchester United FC (10),2-1,?,Bradford Park Avenue AFC (10)
?,(Sat) 15 Oct 1932 (41),West Ham United FC (10),5-2,?,Oldham Athletic AFC (10)
?,(Sat) 15 Oct 1932 (41),Notts County FC (10),5-0,?,Port Vale FC (10)
?,(Sat) 15 Oct 1932 (41),Chesterfield FC (9),1-3,?,Bury FC (10)
?,(Sat) 22 Oct 1932 (42),Bradford Park Avenue AFC (11),5-1,?,Chesterfield FC (10)
?,(Sat) 22 Oct 1932 (42),Manchester United FC (11),7-1,?,Millwall FC (11)
?,(Sat) 22 Oct 1932 (42),Preston North End FC (11),4-1,?,West Ham United FC (11)
?,(Sat) 22 Oct 1932 (42),Stoke City FC (11),1-0,?,Port Vale FC (11)
?,(Sat) 22 Oct 1932 (42),Plymouth Argyle FC (11),2-1,?,Bradford City AFC (11)
?,(Sat) 22 Oct 1932 (42),Tottenham Hotspur FC (11),5-0,?,Southampton FC (11)
?,(Sat) 22 Oct 1932 (42),Charlton Athletic FC (11),3-3,?,Notts County FC (11)
?,(Sat) 22 Oct 1932 (42),Nottingham Forest FC (11),2-2,?,Swansea City AFC (11)
?,(Sat) 22 Oct 1932 (42),Grimsby Town FC (11),1-0,?,Bury FC (11)
?,(Sat) 22 Oct 1932 (42),Burnley FC (11),3-3,?,Fulham FC (10)
?,(Sat) 22 Oct 1932 (42),Oldham Athletic AFC (11),5-2,?,Lincoln City FC (11)
?,(Sat) 29 Oct 1932 (43),Chesterfield FC (11),1-1,?,Plymouth Argyle FC (12)
?,(Sat) 29 Oct 1932 (43),Lincoln City FC (12),2-1,?,Preston North End FC (12)
?,(Sat) 29 Oct 1932 (43),Swansea City AFC (12),2-0,?,Charlton Athletic FC (12)
?,(Sat) 29 Oct 1932 (43),Bury FC (12),3-3,?,Oldham Athletic AFC (12)
?,(Sat) 29 Oct 1932 (43),West Ham United FC (12),4-4,?,Burnley FC (12)
?,(Sat) 29 Oct 1932 (43),Notts County FC (12),3-4,?,Stoke City FC (12)
?,(Sat) 29 Oct 1932 (43),Millwall FC (12),1-4,?,Tottenham Hotspur FC (12)
?,(Sat) 29 Oct 1932 (43),Fulham FC (11),5-2,?,Bradford Park Avenue AFC (12)
?,(Sat) 29 Oct 1932 (43),Bradford City AFC (12),2-2,?,Nottingham Forest FC (12)
?,(Sat) 29 Oct 1932 (43),Southampton FC (12),3-0,?,Grimsby Town FC (12)
?,(Sat) 29 Oct 1932 (43),Port Vale FC (12),3-3,?,Manchester United FC (12)
?,(Sat) 5 Nov 1932 (44),Stoke City FC (13),2-0,?,Swansea City AFC (13)
?,(Sat) 5 Nov 1932 (44),Burnley FC (13),0-0,?,Lincoln City FC (13)
?,(Sat) 5 Nov 1932 (44),Tottenham Hotspur FC (13),4-0,?,Port Vale FC (13)
?,(Sat) 5 Nov 1932 (44),Nottingham Forest FC (13),2-3,?,Chesterfield FC (12)
?,(Sat) 5 Nov 1932 (44),Plymouth Argyle FC (13),2-3,?,Fulham FC (12)
?,(Sat) 5 Nov 1932 (44),Charlton Athletic FC (13),0-0,?,Bradford City AFC (13)
?,(Sat) 5 Nov 1932 (44),Manchester United FC (13),2-0,?,Notts County FC (13)
?,(Sat) 5 Nov 1932 (44),Preston North End FC (13),1-3,?,Bury FC (13)
?,(Sat) 5 Nov 1932 (44),Oldham Athletic AFC (13),2-0,?,Southampton FC (13)
?,(Sat) 5 Nov 1932 (44),Bradford Park Avenue AFC (13),3-0,?,West Ham United FC (13)
?,(Sat) 5 Nov 1932 (44),Grimsby Town FC (13),1-1,?,Millwall FC (13)
?,(Sat) 12 Nov 1932 (45),Chesterfield FC (13),4-3,?,Preston North End FC (14)
?,(Sat) 12 Nov 1932 (45),Swansea City AFC (14),3-1,?,Bradford Park Avenue AFC (14)
?,(Sat) 12 Nov 1932 (45),Fulham FC (13),1-0,?,Oldham Athletic AFC (14)
?,(Sat) 12 Nov 1932 (45),Millwall FC (14),2-1,?,Charlton Athletic FC (14)
?,(Sat) 12 Nov 1932 (45),Bury FC (14),2-2,?,Manchester United FC (14)
?,(Sat) 12 Nov 1932 (45),Port Vale FC (14),0-1,?,Nottingham Forest FC (14)
?,(Sat) 12 Nov 1932 (45),Notts County FC (14),4-1,?,Plymouth Argyle FC (14)
?,(Sat) 12 Nov 1932 (45),Southampton FC (14),1-0,?,Stoke City FC (14)
?,(Sat) 12 Nov 1932 (45),Bradford City AFC (14),2-1,?,Burnley FC (14)
?,(Sat) 12 Nov 1932 (45),West Ham United FC (14),5-2,?,Grimsby Town FC (14)
?,(Sat) 12 Nov 1932 (45),Lincoln City FC (14),2-2,?,Tottenham Hotspur FC (14)
?,(Sat) 19 Nov 1932 (46),Nottingham Forest FC (15),0-2,?,Bury FC (15)
?,(Sat) 19 Nov 1932 (46),Manchester United FC (15),4-3,?,Fulham FC (14)
?,(Sat) 19 Nov 1932 (46),Preston North End FC (15),3-0,?,Notts County FC (15)
?,(Sat) 19 Nov 1932 (46),Tottenham Hotspur FC (15),4-1,?,Chesterfield FC (14)
?,(Sat) 19 Nov 1932 (46),Bradford Park Avenue AFC (15),3-0,?,Millwall FC (15)
?,(Sat) 19 Nov 1932 (46),Burnley FC (15),1-1,?,Port Vale FC (15)
?,(Sat) 19 Nov 1932 (46),Charlton Athletic FC (15),4-2,?,Lincoln City FC (15)
?,(Sat) 19 Nov 1932 (46),Oldham Athletic AFC (15),0-0,?,Swansea City AFC (15)
?,(Sat) 19 Nov 1932 (46),Plymouth Argyle FC (15),1-1,?,Southampton FC (15)
?,(Sat) 19 Nov 1932 (46),Stoke City FC (15),0-0,?,West Ham United FC (15)
?,(Sat) 19 Nov 1932 (46),Grimsby Town FC (15),1-1,?,Bradford City AFC (15)
?,(Sat) 26 Nov 1932 (47),Swansea City AFC (16),1-0,?,Grimsby Town FC (16)
?,(Sat) 26 Nov 1932 (47),Notts County FC (16),2-1,?,Oldham Athletic AFC (16)
?,(Sat) 26 Nov 1932 (47),Port Vale FC (16),0-1,?,Preston North End FC (16)
?,(Sat) 26 Nov 1932 (47),Chesterfield FC (15),1-1,?,Manchester United FC (16)
?,(Sat) 26 Nov 1932 (47),West Ham United FC (16),7-3,?,Charlton Athletic FC (16)
?,(Sat) 26 Nov 1932 (47),Bradford City AFC (16),0-1,?,Tottenham Hotspur FC (16)
?,(Sat) 26 Nov 1932 (47),Millwall FC (16),4-1,?,Burnley FC (16)
?,(Sat) 26 Nov 1932 (47),Fulham FC (15),1-3,?,Stoke City FC (16)
?,(Sat) 26 Nov 1932 (47),Southampton FC (16),2-0,?,Bradford Park Avenue AFC (16)
?,(Sat) 26 Nov 1932 (47),Lincoln City FC (16),1-1,?,Nottingham Forest FC (16)
?,(Sat) 26 Nov 1932 (47),Bury FC (16),2-1,?,Plymouth Argyle FC (16)
?,(Sat) 3 Dec 1932 (48),Tottenham Hotspur FC (17),7-0,?,Swansea City AFC (17)
?,(Sat) 3 Dec 1932 (48),Plymouth Argyle FC (17),0-3,?,Lincoln City FC (17)
?,(Sat) 3 Dec 1932 (48),Oldham Athletic AFC (17),2-1,?,Port Vale FC (17)
?,(Sat) 3 Dec 1932 (48),Burnley FC (17),2-0,?,Southampton FC (17)
?,(Sat) 3 Dec 1932 (48),Grimsby Town FC (17),1-1,?,Notts County FC (17)
?,(Sat) 3 Dec 1932 (48),Stoke City FC (17),2-1,?,Chesterfield FC (16)
?,(Sat) 3 Dec 1932 (48),Nottingham Forest FC (17),2-2,?,West Ham United FC (17)
?,(Sat) 3 Dec 1932 (48),Preston North End FC (17),0-1,?,Millwall FC (17)
?,(Sat) 3 Dec 1932 (48),Manchester United FC (17),0-1,?,Bradford City AFC (17)
?,(Sat) 3 Dec 1932 (48),Charlton Athletic FC (17),1-2,?,Fulham FC (16)
?,(Sat) 3 Dec 1932 (48),Bradford Park Avenue AFC (17),4-0,?,Bury FC (17)
?,(Sat) 10 Dec 1932 (49),Chesterfield FC (17),1-2,?,Grimsby Town FC (18)
?,(Sat) 10 Dec 1932 (49),Lincoln City FC (18),2-3,?,Stoke City FC (18)
?,(Sat) 10 Dec 1932 (49),Port Vale FC (18),3-1,?,Bradford Park Avenue AFC (18)
?,(Sat) 10 Dec 1932 (49),Notts County FC (18),4-2,?,Burnley FC (18)
?,(Sat) 10 Dec 1932 (49),Swansea City AFC (18),3-1,?,Preston North End FC (18)
?,(Sat) 10 Dec 1932 (49),Southampton FC (18),0-2,?,Nottingham Forest FC (18)
?,(Sat) 10 Dec 1932 (49),Fulham FC (17),2-2,?,Tottenham Hotspur FC (18)
?,(Sat) 10 Dec 1932 (49),Bury FC (18),3-1,?,Charlton Athletic FC (18)
?,(Sat) 10 Dec 1932 (49),Bradford City AFC (18),3-0,?,Oldham Athletic AFC (18)
?,(Sat) 10 Dec 1932 (49),West Ham United FC (18),3-1,?,Manchester United FC (18)
?,(Sat) 10 Dec 1932 (49),Millwall FC (18),2-0,?,Plymouth Argyle FC (18)
?,(Sat) 17 Dec 1932 (50),Oldham Athletic AFC (19),2-0,?,Chesterfield FC (18)
?,(Sat) 17 Dec 1932 (50),Manchester United FC (19),4-1,?,Lincoln City FC (19)
?,(Sat) 17 Dec 1932 (50),Burnley FC (19),1-2,?,Swansea City AFC (19)
?,(Sat) 17 Dec 1932 (50),Tottenham Hotspur FC (19),2-2,?,West Ham United FC (19)
?,(Sat) 17 Dec 1932 (50),Grimsby Town FC (19),1-0,?,Fulham FC (18)
?,(Sat) 17 Dec 1932 (50),Nottingham Forest FC (19),0-0,?,Millwall FC (19)
?,(Sat) 17 Dec 1932 (50),Bradford Park Avenue AFC (19),3-4,?,Notts County FC (19)
?,(Sat) 17 Dec 1932 (50),Preston North End FC (19),1-4,?,Bradford City AFC (19)
?,(Sat) 17 Dec 1932 (50),Charlton Athletic FC (19),2-0,?,Southampton FC (19)
?,(Sat) 17 Dec 1932 (50),Stoke City FC (19),2-3,?,Bury FC (19)
?,(Sat) 17 Dec 1932 (50),Plymouth Argyle FC (19),3-1,?,Port Vale FC (19)
?,(Sat) 24 Dec 1932 (51),Port Vale FC (20),4-2,?,Grimsby Town FC (20)
?,(Sat) 24 Dec 1932 (51),Notts County FC (20),3-0,?,Tottenham Hotspur FC (20)
?,(Sat) 24 Dec 1932 (51),West Ham United FC (20),2-2,?,Plymouth Argyle FC (20)
?,(Sat) 24 Dec 1932 (51),Southampton FC (20),1-0,?,Preston North End FC (20)
?,(Sat) 24 Dec 1932 (51),Lincoln City FC (20),2-2,?,Bradford Park Avenue AFC (20)
?,(Sat) 24 Dec 1932 (51),Bradford City AFC (20),1-1,?,Stoke City FC (20)
?,(Sat) 24 Dec 1932 (51),Chesterfield FC (19),2-3,?,Charlton Athletic FC (20)
?,(Sat) 24 Dec 1932 (51),Millwall FC (20),6-1,?,Oldham Athletic AFC (20)
?,(Sat) 24 Dec 1932 (51),Fulham FC (19),0-1,?,Nottingham Forest FC (20)
?,(Sat) 24 Dec 1932 (51),Bury FC (20),5-3,?,Burnley FC (20)
?,(Sat) 24 Dec 1932 (51),Swansea City AFC (20),2-1,?,Manchester United FC (20)
?,(Mon) 26 Dec 1932 (52),Notts County FC (21),1-0,?,Millwall FC (21)
?,(Mon) 26 Dec 1932 (52),Bury FC (21),1-1,?,Bradford City AFC (21)
?,(Mon) 26 Dec 1932 (52),Plymouth Argyle FC (21),2-3,?,Manchester United FC (21)
?,(Mon) 26 Dec 1932 (52),Swansea City AFC (21),2-1,?,Southampton FC (21)
?,(Mon) 26 Dec 1932 (52),Lincoln City FC (21),5-3,?,Chesterfield FC (20)
?,(Mon) 26 Dec 1932 (52),Preston North End FC (21),2-2,?,Oldham Athletic AFC (21)
?,(Mon) 26 Dec 1932 (52),Fulham FC (20),4-2,?,West Ham United FC (21)
?,(Mon) 26 Dec 1932 (52),Stoke City FC (21),0-1,?,Nottingham Forest FC (21)
?,(Mon) 26 Dec 1932 (52),Bradford Park Avenue AFC (21),3-3,?,Tottenham Hotspur FC (21)
?,(Mon) 26 Dec 1932 (52),Grimsby Town FC (21),1-2,?,Burnley FC (21)
?,(Tue) 27 Dec 1932 (52),Oldham Athletic AFC (22),0-2,?,Preston North End FC (22)
?,(Tue) 27 Dec 1932 (52),Port Vale FC (21),2-1,?,Charlton Athletic FC (21)
?,(Tue) 27 Dec 1932 (52),Tottenham Hotspur FC (22),2-0,?,Bradford Park Avenue AFC (22)
?,(Tue) 27 Dec 1932 (52),Chesterfield FC (21),3-0,?,Lincoln City FC (22)
?,(Tue) 27 Dec 1932 (52),Nottingham Forest FC (22),1-0,?,Stoke City FC (22)
?,(Tue) 27 Dec 1932 (52),Bradford City AFC (22),3-0,?,Bury FC (22)
?,(Tue) 27 Dec 1932 (52),Millwall FC (22),1-1,?,Notts County FC (22)
?,(Tue) 27 Dec 1932 (52),Burnley FC (22),2-0,?,Grimsby Town FC (22)
?,(Tue) 27 Dec 1932 (52),Southampton FC (22),2-0,?,Swansea City AFC (22)
?,(Tue) 27 Dec 1932 (52),West Ham United FC (22),1-1,?,Fulham FC (21)
?,(Sat) 31 Dec 1932 (52),Southampton FC (23),2-3,?,Millwall FC (23)
?,(Sat) 31 Dec 1932 (52),Bury FC (23),0-0,?,Port Vale FC (22)
?,(Sat) 31 Dec 1932 (52),Nottingham Forest FC (23),3-2,?,Grimsby Town FC (23)
?,(Sat) 31 Dec 1932 (52),Fulham FC (22),1-0,?,Bradford City AFC (23)
?,(Sat) 31 Dec 1932 (52),Stoke City FC (23),0-0,?,Manchester United FC (22)
?,(Sat) 31 Dec 1932 (52),Charlton Athletic FC (22),0-3,?,Tottenham Hotspur FC (23)
?,(Sat) 31 Dec 1932 (52),Plymouth Argyle FC (22),2-1,?,Oldham Athletic AFC (23)
?,(Sat) 31 Dec 1932 (52),West Ham United FC (23),3-1,?,Swansea City AFC (23)
?,(Sat) 31 Dec 1932 (52),Chesterfield FC (22),6-0,?,Burnley FC (23)
?,(Sat) 31 Dec 1932 (52),Bradford Park Avenue AFC (23),2-0,?,Preston North End FC (23)
?,(Sat) 31 Dec 1932 (52),Lincoln City FC (23),1-1,?,Notts County FC (23)
?,(Mon) 2 Jan 1933 (1),Manchester United FC (23),4-0,?,Plymouth Argyle FC (23)
?,(Mon) 2 Jan 1933 (1),Chesterfield FC (23),3-2,?,Fulham FC (23)
?,(Mon) 2 Jan 1933 (1),Bury FC (24),3-0,?,Swansea City AFC (24)
?,(Sat) 7 Jan 1933 (1),Swansea City AFC (25),3-0,?,Fulham FC (24)
?,(Sat) 7 Jan 1933 (1),Port Vale FC (23),3-2,?,Lincoln City FC (24)
?,(Sat) 7 Jan 1933 (1),Manchester United FC (24),1-2,?,Southampton FC (24)
?,(Sat) 7 Jan 1933 (1),Oldham Athletic AFC (24),1-2,?,Nottingham Forest FC (24)
?,(Sat) 7 Jan 1933 (1),Tottenham Hotspur FC (24),3-2,?,Stoke City FC (24)
?,(Sat) 7 Jan 1933 (1),Burnley FC (24),2-0,?,Bradford Park Avenue AFC (24)
?,(Sat) 7 Jan 1933 (1),Preston North End FC (24),3-0,?,Plymouth Argyle FC (24)
?,(Sat) 7 Jan 1933 (1),Notts County FC (24),2-0,?,West Ham United FC (24)
?,(Sat) 7 Jan 1933 (1),Grimsby Town FC (24),5-5,?,Charlton Athletic FC (23)
?,(Sat) 7 Jan 1933 (1),Millwall FC (24),5-2,?,Bury FC (25)
?,(Sat) 7 Jan 1933 (1),Bradford City AFC (24),4-2,?,Chesterfield FC (24)
?,(Sat) 21 Jan 1933 (3),Nottingham Forest FC (25),2-1,?,Preston North End FC (25)
?,(Sat) 21 Jan 1933 (3),Charlton Athletic FC (24),1-0,?,Oldham Athletic AFC (25)
?,(Sat) 21 Jan 1933 (3),Lincoln City FC (25),3-0,?,Millwall FC (25)
?,(Sat) 21 Jan 1933 (3),Stoke City FC (25),2-0,?,Grimsby Town FC (25)
?,(Sat) 21 Jan 1933 (3),Plymouth Argyle FC (25),4-0,?,Burnley FC (25)
?,(Sat) 21 Jan 1933 (3),West Ham United FC (25),5-0,?,Port Vale FC (24)
?,(Sat) 21 Jan 1933 (3),Bradford Park Avenue AFC (25),2-0,?,Bradford City AFC (25)
?,(Sat) 21 Jan 1933 (3),Chesterfield FC (25),1-0,?,Swansea City AFC (26)
?,(Sat) 21 Jan 1933 (3),Fulham FC (25),3-4,?,Notts County FC (25)
?,(Sat) 21 Jan 1933 (3),Bury FC (26),1-0,?,Southampton FC (25)
?,(Sat) 21 Jan 1933 (3),Manchester United FC (25),2-1,?,Tottenham Hotspur FC (25)
?,(Sat) 28 Jan 1933 (4),Port Vale FC (25),1-2,?,Fulham FC (26)
?,(Sat) 28 Jan 1933 (4),Preston North End FC (26),4-2,?,Charlton Athletic FC (25)
?,(Sat) 28 Jan 1933 (4),Swansea City AFC (27),2-0,?,Bradford City AFC (26)
?,(Sat) 28 Jan 1933 (4),Southampton FC (26),4-0,?,Lincoln City FC (26)
?,(Tue) 31 Jan 1933 (5),Grimsby Town FC (26),1-1,?,Manchester United FC (26)
?,(Tue) 31 Jan 1933 (5),Burnley FC (26),3-3,?,Nottingham Forest FC (26)
?,(Tue) 31 Jan 1933 (5),Oldham Athletic AFC (26),0-4,?,Stoke City FC (26)
?,(Tue) 31 Jan 1933 (5),Millwall FC (26),1-0,?,West Ham United FC (26)
?,(Wed) 1 Feb 1933 (5),Tottenham Hotspur FC (26),2-1,?,Bury FC (27)
?,(Wed) 1 Feb 1933 (5),Bradford Park Avenue AFC (26),1-0,?,Plymouth Argyle FC (26)
?,(Wed) 1 Feb 1933 (5),Notts County FC (26),1-1,?,Chesterfield FC (26)
?,(Sat) 4 Feb 1933 (5),Nottingham Forest FC (27),1-1,?,Bradford Park Avenue AFC (27)
?,(Sat) 4 Feb 1933 (5),Chesterfield FC (27),2-2,?,Port Vale FC (26)
?,(Sat) 4 Feb 1933 (5),Charlton Athletic FC (26),2-2,?,Burnley FC (27)
?,(Sat) 4 Feb 1933 (5),Stoke City FC (27),1-1,?,Preston North End FC (27)
?,(Sat) 4 Feb 1933 (5),Tottenham Hotspur FC (27),4-3,?,Grimsby Town FC (27)
?,(Sat) 4 Feb 1933 (5),Lincoln City FC (27),2-1,?,Bury FC (28)
?,(Sat) 4 Feb 1933 (5),Fulham FC (27),1-1,?,Millwall FC (27)
?,(Sat) 4 Feb 1933 (5),Bradford City AFC (27),1-2,?,Notts County FC (27)
?,(Sat) 4 Feb 1933 (5),West Ham United FC (27),3-1,?,Southampton FC (27)
?,(Sat) 4 Feb 1933 (5),Manchester United FC (27),2-0,?,Oldham Athletic AFC (27)
?,(Sat) 4 Feb 1933 (5),Plymouth Argyle FC (27),1-0,?,Swansea City AFC (28)
?,(Sat) 11 Feb 1933 (6),Burnley FC (28),1-2,?,Stoke City FC (28)
?,(Sat) 11 Feb 1933 (6),Southampton FC (28),2-2,?,Fulham FC (28)
?,(Sat) 11 Feb 1933 (6),Bury FC (29),6-1,?,West Ham United FC (28)
?,(Sat) 11 Feb 1933 (6),Oldham Athletic AFC (28),1-5,?,Tottenham Hotspur FC (28)
?,(Sat) 11 Feb 1933 (6),Millwall FC (28),0-0,?,Chesterfield FC (28)
?,(Sat) 11 Feb 1933 (6),Notts County FC (28),1-2,?,Swansea City AFC (29)
?,(Sat) 11 Feb 1933 (6),Grimsby Town FC (28),3-3,?,Lincoln City FC (28)
?,(Sat) 11 Feb 1933 (6),Bradford Park Avenue AFC (28),3-0,?,Charlton Athletic FC (27)
?,(Sat) 11 Feb 1933 (6),Plymouth Argyle FC (28),1-1,?,Nottingham Forest FC (28)
?,(Sat) 11 Feb 1933 (6),Port Vale FC (27),2-0,?,Bradford City AFC (28)
?,(Sat) 11 Feb 1933 (6),Preston North End FC (28),3-3,?,Manchester United FC (28)
?,(Sat) 18 Feb 1933 (7),Stoke City FC (29),4-0,?,Bradford Park Avenue AFC (29)
?,(Sat) 18 Feb 1933 (7),Swansea City AFC (30),2-0,?,Port Vale FC (28)
?,(Sat) 18 Feb 1933 (7),Grimsby Town FC (29),5-1,?,Oldham Athletic AFC (29)
?,(Sat) 18 Feb 1933 (7),Tottenham Hotspur FC (29),1-1,?,Preston North End FC (29)
?,(Sat) 18 Feb 1933 (7),Fulham FC (29),3-3,?,Bury FC (30)
?,(Sat) 18 Feb 1933 (7),Bradford City AFC (29),1-5,?,Millwall FC (29)
?,(Sat) 18 Feb 1933 (7),Charlton Athletic FC (28),4-1,?,Plymouth Argyle FC (29)
?,(Sat) 18 Feb 1933 (7),Nottingham Forest FC (29),3-0,?,Notts County FC (29)
?,(Wed) 22 Feb 1933 (8),Chesterfield FC (29),1-0,?,Southampton FC (29)
?,(Wed) 22 Feb 1933 (8),Manchester United FC (29),2-1,?,Burnley FC (29)
?,(Sat) 25 Feb 1933 (8),Millwall FC (30),3-1,?,Swansea City AFC (31)
?,(Sat) 25 Feb 1933 (8),Southampton FC (30),3-1,?,Bradford City AFC (30)
?,(Sat) 25 Feb 1933 (8),Plymouth Argyle FC (30),1-0,?,Stoke City FC (30)
?,(Sat) 25 Feb 1933 (8),Bury FC (31),6-0,?,Chesterfield FC (30)
?,(Thu) 2 Mar 1933 (9),Preston North End FC (30),4-2,?,Grimsby Town FC (30)
?,(Sat) 4 Mar 1933 (9),Southampton FC (31),1-1,?,Tottenham Hotspur FC (30)
?,(Sat) 4 Mar 1933 (9),Millwall FC (31),2-0,?,Manchester United FC (30)
?,(Sat) 4 Mar 1933 (9),Bradford City AFC (31),2-3,?,Plymouth Argyle FC (31)
?,(Sat) 4 Mar 1933 (9),Bury FC (32),4-1,?,Grimsby Town FC (31)
?,(Sat) 4 Mar 1933 (9),Lincoln City FC (29),1-3,?,Oldham Athletic AFC (30)
?,(Sat) 4 Mar 1933 (9),Notts County FC (30),3-2,?,Charlton Athletic FC (29)
?,(Sat) 4 Mar 1933 (9),Swansea City AFC (32),0-1,?,Nottingham Forest FC (30)
?,(Sat) 4 Mar 1933 (9),Port Vale FC (29),1-3,?,Stoke City FC (31)
?,(Sat) 4 Mar 1933 (9),Chesterfield FC (31),2-1,?,Bradford Park Avenue AFC (30)
?,(Mon) 6 Mar 1933 (10),West Ham United FC (29),1-1,?,Preston North End FC (31)
?,(Wed) 8 Mar 1933 (10),Fulham FC (30),2-1,?,Burnley FC (30)
?,(Sat) 11 Mar 1933 (10),Charlton Athletic FC (30),3-1,?,Swansea City AFC (33)
?,(Sat) 11 Mar 1933 (10),Oldham Athletic AFC (31),2-1,?,Bury FC (33)
?,(Sat) 11 Mar 1933 (10),Bradford Park Avenue AFC (31),1-4,?,Fulham FC (31)
?,(Sat) 11 Mar 1933 (10),Tottenham Hotspur FC (31),2-1,?,Millwall FC (32)
?,(Sat) 11 Mar 1933 (10),Burnley FC (31),4-0,?,West Ham United FC (30)
?,(Sat) 11 Mar 1933 (10),Preston North End FC (32),5-0,?,Lincoln City FC (30)
?,(Sat) 11 Mar 1933 (10),Nottingham Forest FC (31),3-1,?,Bradford City AFC (32)
?,(Sat) 11 Mar 1933 (10),Stoke City FC (32),0-2,?,Notts County FC (31)
?,(Sat) 11 Mar 1933 (10),Plymouth Argyle FC (32),1-0,?,Chesterfield FC (32)
?,(Sat) 11 Mar 1933 (10),Grimsby Town FC (32),2-2,?,Southampton FC (32)
?,(Sat) 11 Mar 1933 (10),Manchester United FC (31),1-1,?,Port Vale FC (30)
?,(Mon) 13 Mar 1933 (11),Oldham Athletic AFC (32),3-2,?,West Ham United FC (31)
?,(Thu) 16 Mar 1933 (11),Nottingham Forest FC (32),0-1,?,Charlton Athletic FC (31)
?,(Sat) 18 Mar 1933 (11),Southampton FC (33),0-2,?,Oldham Athletic AFC (33)
?,(Sat) 18 Mar 1933 (11),Port Vale FC (31),1-1,?,Tottenham Hotspur FC (32)
?,(Sat) 18 Mar 1933 (11),Bury FC (34),1-2,?,Preston North End FC (33)
?,(Sat) 18 Mar 1933 (11),Notts County FC (32),1-0,?,Manchester United FC (32)
?,(Sat) 18 Mar 1933 (11),Lincoln City FC (31),1-4,?,Burnley FC (32)
?,(Sat) 18 Mar 1933 (11),Chesterfield FC (33),0-1,?,Nottingham Forest FC (33)
?,(Sat) 18 Mar 1933 (11),Fulham FC (32),3-1,?,Plymouth Argyle FC (33)
?,(Sat) 18 Mar 1933 (11),Bradford City AFC (33),3-0,?,Charlton Athletic FC (32)
?,(Sat) 18 Mar 1933 (11),Millwall FC (33),0-1,?,Grimsby Town FC (33)
?,(Sat) 18 Mar 1933 (11),Swansea City AFC (34),0-2,?,Stoke City FC (33)
?,(Mon) 20 Mar 1933 (12),West Ham United FC (32),2-1,?,Bradford Park Avenue AFC (32)
?,(Mon) 20 Mar 1933 (12),Port Vale FC (32),4-0,?,Notts County FC (33)
?,(Sat) 25 Mar 1933 (12),Plymouth Argyle FC (34),0-2,?,Notts County FC (34)
?,(Sat) 25 Mar 1933 (12),Charlton Athletic FC (33),1-4,?,Millwall FC (34)
?,(Sat) 25 Mar 1933 (12),Tottenham Hotspur FC (33),3-2,?,Lincoln City FC (32)
?,(Sat) 25 Mar 1933 (12),Burnley FC (33),0-0,?,Bradford City AFC (34)
?,(Sat) 25 Mar 1933 (12),Grimsby Town FC (34),2-1,?,West Ham United FC (33)
?,(Sat) 25 Mar 1933 (12),Nottingham Forest FC (34),1-1,?,Port Vale FC (33)
?,(Sat) 25 Mar 1933 (12),Stoke City FC (34),3-1,?,Southampton FC (34)
?,(Sat) 25 Mar 1933 (12),Preston North End FC (34),2-0,?,Chesterfield FC (34)
?,(Sat) 25 Mar 1933 (12),Bradford Park Avenue AFC (33),1-0,?,Swansea City AFC (35)
?,(Sat) 25 Mar 1933 (12),Oldham Athletic AFC (34),1-3,?,Fulham FC (33)
?,(Sat) 25 Mar 1933 (12),Manchester United FC (33),1-3,?,Bury FC (35)
?,(Mon) 27 Mar 1933 (13),West Ham United FC (34),0-0,?,Lincoln City FC (33)
?,(Sat) 1 Apr 1933 (13),Bury FC (36),5-2,?,Nottingham Forest FC (35)
?,(Sat) 1 Apr 1933 (13),Southampton FC (35),2-0,?,Plymouth Argyle FC (35)
?,(Sat) 1 Apr 1933 (13),Bradford City AFC (35),2-2,?,Grimsby Town FC (35)
?,(Sat) 1 Apr 1933 (13),Lincoln City FC (34),1-1,?,Charlton Athletic FC (34)
?,(Sat) 1 Apr 1933 (13),Port Vale FC (34),1-1,?,Burnley FC (34)
?,(Sat) 1 Apr 1933 (13),Fulham FC (34),3-1,?,Manchester United FC (34)
?,(Sat) 1 Apr 1933 (13),Millwall FC (35),1-1,?,Bradford Park Avenue AFC (34)
?,(Sat) 1 Apr 1933 (13),Swansea City AFC (36),2-0,?,Oldham Athletic AFC (35)
?,(Sat) 1 Apr 1933 (13),Notts County FC (35),0-0,?,Preston North End FC (35)
?,(Sat) 1 Apr 1933 (13),Chesterfield FC (35),1-1,?,Tottenham Hotspur FC (34)
?,(Sat) 1 Apr 1933 (13),West Ham United FC (35),1-2,?,Stoke City FC (35)
?,(Wed) 5 Apr 1933 (14),Bradford Park Avenue AFC (35),1-1,?,Manchester United FC (35)
?,(Wed) 5 Apr 1933 (14),Lincoln City FC (35),3-0,?,Fulham FC (35)
?,(Sat) 8 Apr 1933 (14),Oldham Athletic AFC (36),5-0,?,Notts County FC (36)
?,(Sat) 8 Apr 1933 (14),Bradford Park Avenue AFC (36),2-1,?,Southampton FC (36)
?,(Sat) 8 Apr 1933 (14),Stoke City FC (36),0-1,?,Fulham FC (36)
?,(Sat) 8 Apr 1933 (14),Grimsby Town FC (36),2-1,?,Swansea City AFC (37)
?,(Sat) 8 Apr 1933 (14),Charlton Athletic FC (35),3-1,?,West Ham United FC (36)
?,(Sat) 8 Apr 1933 (14),Manchester United FC (36),2-1,?,Chesterfield FC (36)
?,(Sat) 8 Apr 1933 (14),Nottingham Forest FC (36),2-2,?,Lincoln City FC (36)
?,(Sat) 8 Apr 1933 (14),Burnley FC (35),3-0,?,Millwall FC (36)
?,(Sat) 8 Apr 1933 (14),Plymouth Argyle FC (36),1-0,?,Bury FC (37)
?,(Sat) 8 Apr 1933 (14),Tottenham Hotspur FC (35),1-1,?,Bradford City AFC (36)
?,(Sat) 8 Apr 1933 (14),Preston North End FC (36),3-1,?,Port Vale FC (35)
?,(Fri) 14 Apr 1933 (15),Southampton FC (37),6-2,?,Notts County FC (37)
?,(Fri) 14 Apr 1933 (15),Fulham FC (37),1-0,?,Preston North End FC (37)
?,(Fri) 14 Apr 1933 (15),Lincoln City FC (37),0-0,?,Bradford City AFC (37)
?,(Fri) 14 Apr 1933 (15),Grimsby Town FC (37),5-1,?,Bradford Park Avenue AFC (37)
?,(Fri) 14 Apr 1933 (15),Chesterfield FC (37),1-0,?,West Ham United FC (37)
?,(Fri) 14 Apr 1933 (15),Tottenham Hotspur FC (36),0-0,?,Plymouth Argyle FC (37)
?,(Fri) 14 Apr 1933 (15),Charlton Athletic FC (36),1-0,?,Stoke City FC (37)
?,(Fri) 14 Apr 1933 (15),Burnley FC (36),1-1,?,Oldham Athletic AFC (37)
?,(Fri) 14 Apr 1933 (15),Port Vale FC (36),2-0,?,Millwall FC (37)
?,(Fri) 14 Apr 1933 (15),Nottingham Forest FC (37),3-2,?,Manchester United FC (37)
?,(Sat) 15 Apr 1933 (15),Chesterfield FC (38),1-2,?,Stoke City FC (38)
?,(Sat) 15 Apr 1933 (15),Southampton FC (38),3-1,?,Burnley FC (37)
?,(Sat) 15 Apr 1933 (15),West Ham United FC (38),4-3,?,Nottingham Forest FC (38)
?,(Sat) 15 Apr 1933 (15),Lincoln City FC (38),2-0,?,Plymouth Argyle FC (38)
?,(Sat) 15 Apr 1933 (15),Notts County FC (38),1-3,?,Grimsby Town FC (38)
?,(Sat) 15 Apr 1933 (15),Fulham FC (38),3-1,?,Charlton Athletic FC (37)
?,(Sat) 15 Apr 1933 (15),Bradford City AFC (38),1-2,?,Manchester United FC (38)
?,(Sat) 15 Apr 1933 (15),Bury FC (38),0-0,?,Bradford Park Avenue AFC (38)
?,(Sat) 15 Apr 1933 (15),Swansea City AFC (38),0-2,?,Tottenham Hotspur FC (37)
?,(Sat) 15 Apr 1933 (15),Port Vale FC (37),2-4,?,Oldham Athletic AFC (38)
?,(Sat) 15 Apr 1933 (15),Millwall FC (38),1-1,?,Preston North End FC (38)
?,(Mon) 17 Apr 1933 (16),Stoke City FC (39),2-0,?,Charlton Athletic FC (38)
?,(Mon) 17 Apr 1933 (16),Millwall FC (39),0-1,?,Port Vale FC (38)
?,(Mon) 17 Apr 1933 (16),Oldham Athletic AFC (39),2-2,?,Burnley FC (38)
?,(Mon) 17 Apr 1933 (16),Preston North End FC (39),1-2,?,Fulham FC (39)
?,(Mon) 17 Apr 1933 (16),West Ham United FC (39),3-1,?,Chesterfield FC (39)
?,(Mon) 17 Apr 1933 (16),Notts County FC (39),1-2,?,Southampton FC (39)
?,(Mon) 17 Apr 1933 (16),Swansea City AFC (39),2-1,?,Bury FC (39)
?,(Mon) 17 Apr 1933 (16),Manchester United FC (39),2-1,?,Nottingham Forest FC (39)
?,(Mon) 17 Apr 1933 (16),Bradford Park Avenue AFC (39),1-1,?,Grimsby Town FC (39)
?,(Mon) 17 Apr 1933 (16),Plymouth Argyle FC (39),2-2,?,Tottenham Hotspur FC (38)
?,(Tue) 18 Apr 1933 (16),Bradford City AFC (39),1-1,?,Lincoln City FC (39)
?,(Sat) 22 Apr 1933 (16),Preston North End FC (40),1-0,?,Swansea City AFC (40)
?,(Sat) 22 Apr 1933 (16),Plymouth Argyle FC (40),0-0,?,Millwall FC (40)
?,(Sat) 22 Apr 1933 (16),Tottenham Hotspur FC (39),0-0,?,Fulham FC (40)
?,(Sat) 22 Apr 1933 (16),Stoke City FC (40),5-2,?,Lincoln City FC (40)
?,(Sat) 22 Apr 1933 (16),Burnley FC (39),2-1,?,Notts County FC (40)
?,(Sat) 22 Apr 1933 (16),Grimsby Town FC (40),1-1,?,Chesterfield FC (40)
?,(Sat) 22 Apr 1933 (16),Bradford Park Avenue AFC (40),4-2,?,Port Vale FC (39)
?,(Sat) 22 Apr 1933 (16),Nottingham Forest FC (40),4-2,?,Southampton FC (40)
?,(Sat) 22 Apr 1933 (16),Manchester United FC (40),1-2,?,West Ham United FC (40)
?,(Sat) 22 Apr 1933 (16),Charlton Athletic FC (39),1-3,?,Bury FC (40)
?,(Sat) 22 Apr 1933 (16),Oldham Athletic AFC (40),6-1,?,Bradford City AFC (40)
?,(Mon) 24 Apr 1933 (17),Burnley FC (40),1-1,?,Tottenham Hotspur FC (40)
?,(Wed) 26 Apr 1933 (17),Charlton Athletic FC (40),2-1,?,Port Vale FC (40)
?,(Sat) 29 Apr 1933 (17),Swansea City AFC (41),2-0,?,Burnley FC (41)
?,(Sat) 29 Apr 1933 (17),Port Vale FC (41),4-1,?,Plymouth Argyle FC (41)
?,(Sat) 29 Apr 1933 (17),Notts County FC (41),1-4,?,Bradford Park Avenue AFC (41)
?,(Sat) 29 Apr 1933 (17),Chesterfield FC (41),3-1,?,Oldham Athletic AFC (41)
?,(Sat) 29 Apr 1933 (17),Bury FC (41),3-2,?,Stoke City FC (41)
?,(Sat) 29 Apr 1933 (17),Fulham FC (41),0-1,?,Grimsby Town FC (41)
?,(Sat) 29 Apr 1933 (17),Millwall FC (41),1-1,?,Nottingham Forest FC (41)
?,(Sat) 29 Apr 1933 (17),Bradford City AFC (41),0-0,?,Preston North End FC (41)
?,(Sat) 29 Apr 1933 (17),Lincoln City FC (41),3-2,?,Manchester United FC (41)
?,(Sat) 29 Apr 1933 (17),Southampton FC (41),3-0,?,Charlton Athletic FC (41)
?,(Sat) 29 Apr 1933 (17),West Ham United FC (41),1-0,?,Tottenham Hotspur FC (41)
?,(Sat) 6 May 1933 (18),Oldham Athletic AFC (42),1-0,?,Millwall FC (42)
?,(Sat) 6 May 1933 (18),Burnley FC (42),1-0,?,Bury FC (42)
?,(Sat) 6 May 1933 (18),Plymouth Argyle FC (42),4-1,?,West Ham United FC (42)
?,(Sat) 6 May 1933 (18),Bradford Park Avenue AFC (42),6-0,?,Lincoln City FC (42)
?,(Sat) 6 May 1933 (18),Tottenham Hotspur FC (42),3-1,?,Notts County FC (42)
?,(Sat) 6 May 1933 (18),Charlton Athletic FC (42),2-5,?,Chesterfield FC (42)
?,(Sat) 6 May 1933 (18),Nottingham Forest FC (42),1-0,?,Fulham FC (42)
?,(Sat) 6 May 1933 (18),Grimsby Town FC (42),6-1,?,Port Vale FC (42)
?,(Sat) 6 May 1933 (18),Stoke City FC (42),4-1,?,Bradford City AFC (42)
?,(Sat) 6 May 1933 (18),Preston North End FC (42),3-1,?,Southampton FC (42)
?,(Sat) 6 May 1933 (18),Manchester United FC (42),1-1,?,Swansea City AFC (42)
