Round,Date,Team 1,FT,HT,Team 2
?,(Sat) 12 Aug 2006 (W32),Aldershot Town FC (1),3-2,0-1,Ebbsfleet United FC (1)
?,(Sat) 12 Aug 2006 (W32),Altrincham FC (1),2-1,2-0,Stevenage FC (1)
?,(Sat) 12 Aug 2006 (W32),Cambridge United FC (1),0-1,0-0,Northwich Victoria FC (1)
?,(Sat) 12 Aug 2006 (W32),Crawley Town FC (1),1-0,0-0,AFC Rushden & Diamonds (1)
?,(Sat) 12 Aug 2006 (W32),Forest Green Rovers FC (1),0-1,0-1,Dagenham & Redbridge FC (1)
?,(Sat) 12 Aug 2006 (W32),Grays Athletic FC (1),1-1,1-1,Stafford Rangers FC (1)
?,(Sat) 12 Aug 2006 (W32),Kidderminster Harriers FC (1),1-3,0-3,St. Albans City FC (1)
?,(Sat) 12 Aug 2006 (W32),Morecambe FC (1),0-1,0-0,Burton Albion FC (1)
?,(Sat) 12 Aug 2006 (W32),Oxford United FC (1),2-0,1-0,FC Halifax Town (1)
?,(Sat) 12 Aug 2006 (W32),Southport FC (1),0-0,0-0,Woking FC (1)
?,(Sat) 12 Aug 2006 (W32),Tamworth FC (1),1-3,0-2,Weymouth FC (1)
?,(Sat) 12 Aug 2006 (W32),York City FC (1),0-0,0-0,Exeter City FC (1)
?,(Tue) 15 Aug 2006 (W33),Burton Albion FC (2),1-1,1-0,Kidderminster Harriers FC (2)
?,(Tue) 15 Aug 2006 (W33),Dagenham & Redbridge FC (2),0-1,0-0,Oxford United FC (2)
?,(Tue) 15 Aug 2006 (W33),Exeter City FC (2),1-0,1-0,Forest Green Rovers FC (2)
?,(Tue) 15 Aug 2006 (W33),Ebbsfleet United FC (2),4-1,2-1,Tamworth FC (2)
?,(Tue) 15 Aug 2006 (W33),FC Halifax Town (2),1-1,0-0,Southport FC (2)
?,(Tue) 15 Aug 2006 (W33),Northwich Victoria FC (2),0-2,0-1,Morecambe FC (2)
?,(Tue) 15 Aug 2006 (W33),AFC Rushden & Diamonds (2),1-3,1-1,Grays Athletic FC (2)
?,(Tue) 15 Aug 2006 (W33),St. Albans City FC (2),0-0,0-0,Cambridge United FC (2)
?,(Tue) 15 Aug 2006 (W33),Stafford Rangers FC (2),1-0,0-0,Altrincham FC (2)
?,(Tue) 15 Aug 2006 (W33),Stevenage FC (2),1-2,1-1,York City FC (2)
?,(Tue) 15 Aug 2006 (W33),Weymouth FC (2),1-0,0-0,Aldershot Town FC (2)
?,(Tue) 15 Aug 2006 (W33),Woking FC (2),1-2,1-1,Crawley Town FC (2)
?,(Fri) 18 Aug 2006 (W33),Burton Albion FC (3),1-2,1-0,Oxford United FC (3)
?,(Sat) 19 Aug 2006 (W33),Dagenham & Redbridge FC (3),4-0,2-0,Tamworth FC (3)
?,(Sat) 19 Aug 2006 (W33),Exeter City FC (3),2-1,1-1,Altrincham FC (3)
?,(Sat) 19 Aug 2006 (W33),Ebbsfleet United FC (3),0-1,0-1,York City FC (3)
?,(Sat) 19 Aug 2006 (W33),FC Halifax Town (3),0-2,0-2,Grays Athletic FC (3)
?,(Sat) 19 Aug 2006 (W33),Northwich Victoria FC (3),0-1,0-1,Kidderminster Harriers FC (3)
?,(Sat) 19 Aug 2006 (W33),AFC Rushden & Diamonds (3),2-0,1-0,Forest Green Rovers FC (3)
?,(Sat) 19 Aug 2006 (W33),St. Albans City FC (3),3-5,0-1,Aldershot Town FC (3)
?,(Sat) 19 Aug 2006 (W33),Stafford Rangers FC (3),1-0,0-0,Southport FC (3)
?,(Sat) 19 Aug 2006 (W33),Stevenage FC (3),2-3,1-0,Crawley Town FC (3)
?,(Sat) 19 Aug 2006 (W33),Weymouth FC (3),2-1,1-0,Cambridge United FC (3)
?,(Sat) 19 Aug 2006 (W33),Woking FC (3),1-1,0-0,Morecambe FC (3)
?,(Fri) 25 Aug 2006 (W34),York City FC (4),3-2,1-0,Burton Albion FC (4)
?,(Sat) 26 Aug 2006 (W34),Aldershot Town FC (4),1-1,0-0,Dagenham & Redbridge FC (4)
?,(Sat) 26 Aug 2006 (W34),Altrincham FC (4),2-0,1-0,St. Albans City FC (4)
?,(Sat) 26 Aug 2006 (W34),Cambridge United FC (4),1-2,0-1,FC Halifax Town (4)
?,(Sat) 26 Aug 2006 (W34),Crawley Town FC (4),1-2,1-1,Stafford Rangers FC (4)
?,(Sat) 26 Aug 2006 (W34),Forest Green Rovers FC (4),0-1,0-1,Ebbsfleet United FC (4)
?,(Sat) 26 Aug 2006 (W34),Grays Athletic FC (4),3-0,2-0,Woking FC (4)
?,(Sat) 26 Aug 2006 (W34),Kidderminster Harriers FC (4),0-1,0-1,Weymouth FC (4)
?,(Sat) 26 Aug 2006 (W34),Morecambe FC (4),3-3,1-2,Stevenage FC (4)
?,(Sat) 26 Aug 2006 (W34),Oxford United FC (4),5-1,2-0,Northwich Victoria FC (4)
?,(Sat) 26 Aug 2006 (W34),Southport FC (4),1-2,0-2,AFC Rushden & Diamonds (4)
?,(Sat) 26 Aug 2006 (W34),Tamworth FC (4),1-0,0-0,Exeter City FC (4)
?,(Mon) 28 Aug 2006 (W35),Burton Albion FC (5),0-1,0-0,Southport FC (5)
?,(Mon) 28 Aug 2006 (W35),Dagenham & Redbridge FC (5),2-0,0-0,Cambridge United FC (5)
?,(Mon) 28 Aug 2006 (W35),Exeter City FC (5),1-1,0-1,Crawley Town FC (5)
?,(Mon) 28 Aug 2006 (W35),Ebbsfleet United FC (5),3-1,0-0,Altrincham FC (5)
?,(Mon) 28 Aug 2006 (W35),FC Halifax Town (5),1-1,1-0,Morecambe FC (5)
?,(Mon) 28 Aug 2006 (W35),Northwich Victoria FC (5),0-3,0-1,Grays Athletic FC (5)
?,(Mon) 28 Aug 2006 (W35),AFC Rushden & Diamonds (5),0-1,0-0,York City FC (5)
?,(Mon) 28 Aug 2006 (W35),St. Albans City FC (5),1-0,1-0,Tamworth FC (5)
?,(Mon) 28 Aug 2006 (W35),Stafford Rangers FC (5),0-3,0-1,Aldershot Town FC (5)
?,(Mon) 28 Aug 2006 (W35),Stevenage FC (5),3-3,2-2,Forest Green Rovers FC (5)
?,(Mon) 28 Aug 2006 (W35),Weymouth FC (5),1-1,0-0,Oxford United FC (5)
?,(Mon) 28 Aug 2006 (W35),Woking FC (5),3-0,2-0,Kidderminster Harriers FC (5)
?,(Fri) 1 Sep 2006 (W35),Cambridge United FC (6),1-3,1-1,Exeter City FC (6)
?,(Fri) 1 Sep 2006 (W35),Forest Green Rovers FC (6),2-3,1-2,Woking FC (6)
?,(Fri) 1 Sep 2006 (W35),Grays Athletic FC (6),0-1,0-0,Burton Albion FC (6)
?,(Fri) 1 Sep 2006 (W35),Kidderminster Harriers FC (6),0-0,0-0,AFC Rushden & Diamonds (6)
?,(Fri) 1 Sep 2006 (W35),Oxford United FC (6),2-1,0-0,St. Albans City FC (6)
?,(Fri) 1 Sep 2006 (W35),York City FC (6),0-0,0-0,Stafford Rangers FC (6)
?,(Sat) 2 Sep 2006 (W35),Aldershot Town FC (6),1-0,0-0,FC Halifax Town (6)
?,(Sat) 2 Sep 2006 (W35),Crawley Town FC (6),0-2,0-0,Northwich Victoria FC (6)
?,(Sat) 2 Sep 2006 (W35),Morecambe FC (6),2-0,1-0,Weymouth FC (6)
?,(Sat) 2 Sep 2006 (W35),Southport FC (6),2-2,2-2,Ebbsfleet United FC (6)
?,(Sat) 2 Sep 2006 (W35),Tamworth FC (6),2-1,1-0,Stevenage FC (6)
?,(Sun) 3 Sep 2006 (W35),Altrincham FC (6),0-5,0-2,Dagenham & Redbridge FC (6)
?,(Sat) 9 Sep 2006 (W36),Burton Albion FC (7),1-1,1-0,Weymouth FC (7)
?,(Sat) 9 Sep 2006 (W36),Crawley Town FC (7),3-0,1-0,York City FC (7)
?,(Sat) 9 Sep 2006 (W36),Exeter City FC (7),0-0,0-0,Aldershot Town FC (7)
?,(Sat) 9 Sep 2006 (W36),Forest Green Rovers FC (7),1-1,1-0,Cambridge United FC (7)
?,(Sat) 9 Sep 2006 (W36),Grays Athletic FC (7),4-0,3-0,Southport FC (7)
?,(Sat) 9 Sep 2006 (W36),FC Halifax Town (7),1-1,1-1,Ebbsfleet United FC (7)
?,(Sat) 9 Sep 2006 (W36),Kidderminster Harriers FC (7),0-2,0-0,Tamworth FC (7)
?,(Sat) 9 Sep 2006 (W36),Morecambe FC (7),0-3,0-2,Oxford United FC (7)
?,(Sat) 9 Sep 2006 (W36),Northwich Victoria FC (7),0-3,0-3,St. Albans City FC (7)
?,(Sat) 9 Sep 2006 (W36),AFC Rushden & Diamonds (7),3-0,2-0,Altrincham FC (7)
?,(Sat) 9 Sep 2006 (W36),Stevenage FC (7),6-0,4-0,Stafford Rangers FC (7)
?,(Sat) 9 Sep 2006 (W36),Woking FC (7),2-2,1-1,Dagenham & Redbridge FC (7)
?,(Tue) 12 Sep 2006 (W37),Aldershot Town FC (8),4-0,2-0,Stevenage FC (8)
?,(Tue) 12 Sep 2006 (W37),Altrincham FC (8),1-0,1-0,FC Halifax Town (8)
?,(Tue) 12 Sep 2006 (W37),Cambridge United FC (8),1-1,0-0,Kidderminster Harriers FC (8)
?,(Tue) 12 Sep 2006 (W37),Dagenham & Redbridge FC (8),2-1,1-0,Crawley Town FC (8)
?,(Tue) 12 Sep 2006 (W37),Ebbsfleet United FC (8),2-0,1-0,Grays Athletic FC (8)
?,(Tue) 12 Sep 2006 (W37),Oxford United FC (8),1-0,1-0,Exeter City FC (8)
?,(Tue) 12 Sep 2006 (W37),St. Albans City FC (8),0-1,0-0,Woking FC (8)
?,(Tue) 12 Sep 2006 (W37),Stafford Rangers FC (8),1-1,0-1,Burton Albion FC (8)
?,(Tue) 12 Sep 2006 (W37),Tamworth FC (8),1-4,0-1,AFC Rushden & Diamonds (8)
?,(Tue) 12 Sep 2006 (W37),Weymouth FC (8),1-0,0-0,Forest Green Rovers FC (8)
?,(Tue) 12 Sep 2006 (W37),York City FC (8),2-3,0-2,Morecambe FC (8)
?,(Sat) 16 Sep 2006 (W37),Aldershot Town FC (9),1-3,0-1,Northwich Victoria FC (8)
?,(Sat) 16 Sep 2006 (W37),Altrincham FC (9),2-3,2-1,Woking FC (9)
?,(Sat) 16 Sep 2006 (W37),Cambridge United FC (9),1-0,1-0,Stevenage FC (9)
?,(Sat) 16 Sep 2006 (W37),Dagenham & Redbridge FC (9),2-1,1-1,Morecambe FC (9)
?,(Sat) 16 Sep 2006 (W37),Ebbsfleet United FC (9),2-2,0-2,Exeter City FC (9)
?,(Sat) 16 Sep 2006 (W37),Oxford United FC (9),1-1,1-1,Grays Athletic FC (9)
?,(Sat) 16 Sep 2006 (W37),Southport FC (8),3-1,3-0,Crawley Town FC (9)
?,(Sat) 16 Sep 2006 (W37),St. Albans City FC (9),0-1,0-1,Burton Albion FC (9)
?,(Sat) 16 Sep 2006 (W37),Stafford Rangers FC (9),1-1,0-1,AFC Rushden & Diamonds (9)
?,(Sat) 16 Sep 2006 (W37),Tamworth FC (9),1-1,1-0,Forest Green Rovers FC (9)
?,(Sat) 16 Sep 2006 (W37),Weymouth FC (9),1-0,1-0,FC Halifax Town (9)
?,(Sat) 16 Sep 2006 (W37),York City FC (9),1-0,1-0,Kidderminster Harriers FC (9)
?,(Mon) 18 Sep 2006 (W38),Crawley Town FC (10),0-1,0-0,Oxford United FC (10)
?,(Tue) 19 Sep 2006 (W38),Burton Albion FC (10),2-1,1-0,Cambridge United FC (10)
?,(Tue) 19 Sep 2006 (W38),Exeter City FC (10),4-2,1-0,St. Albans City FC (10)
?,(Tue) 19 Sep 2006 (W38),Forest Green Rovers FC (10),2-2,2-0,Altrincham FC (10)
?,(Tue) 19 Sep 2006 (W38),Grays Athletic FC (10),1-2,0-0,Aldershot Town FC (10)
?,(Tue) 19 Sep 2006 (W38),FC Halifax Town (10),3-1,2-0,Dagenham & Redbridge FC (10)
?,(Tue) 19 Sep 2006 (W38),Kidderminster Harriers FC (10),2-0,0-0,Southport FC (9)
?,(Tue) 19 Sep 2006 (W38),Morecambe FC (10),0-0,0-0,Tamworth FC (10)
?,(Tue) 19 Sep 2006 (W38),Northwich Victoria FC (9),4-0,2-0,Stafford Rangers FC (10)
?,(Tue) 19 Sep 2006 (W38),AFC Rushden & Diamonds (10),0-0,0-0,Ebbsfleet United FC (10)
?,(Tue) 19 Sep 2006 (W38),Stevenage FC (10),1-0,1-0,Weymouth FC (10)
?,(Tue) 19 Sep 2006 (W38),Woking FC (10),1-2,0-2,York City FC (10)
?,(Fri) 22 Sep 2006 (W38),Cambridge United FC (11),2-0,2-0,Aldershot Town FC (11)
?,(Sat) 23 Sep 2006 (W38),Altrincham FC (11),2-0,2-0,Tamworth FC (11)
?,(Sat) 23 Sep 2006 (W38),Burton Albion FC (11),2-0,2-0,Northwich Victoria FC (10)
?,(Sat) 23 Sep 2006 (W38),Crawley Town FC (11),0-1,0-0,Grays Athletic FC (11)
?,(Sat) 23 Sep 2006 (W38),Dagenham & Redbridge FC (11),4-1,3-1,Weymouth FC (11)
?,(Sat) 23 Sep 2006 (W38),Exeter City FC (11),1-1,0-0,Stevenage FC (11)
?,(Sat) 23 Sep 2006 (W38),FC Halifax Town (11),2-2,2-1,Forest Green Rovers FC (11)
?,(Sat) 23 Sep 2006 (W38),Morecambe FC (11),0-1,0-0,Kidderminster Harriers FC (11)
?,(Sat) 23 Sep 2006 (W38),St. Albans City FC (11),2-3,0-0,Ebbsfleet United FC (11)
?,(Sat) 23 Sep 2006 (W38),Stafford Rangers FC (11),0-1,0-0,Oxford United FC (11)
?,(Sat) 23 Sep 2006 (W38),Woking FC (11),3-0,3-0,AFC Rushden & Diamonds (11)
?,(Sat) 23 Sep 2006 (W38),York City FC (11),2-2,1-2,Southport FC (10)
?,(Tue) 26 Sep 2006 (W39),Southport FC (11),1-2,0-1,Northwich Victoria FC (11)
?,(Sat) 30 Sep 2006 (W39),Aldershot Town FC (12),0-0,0-0,Altrincham FC (12)
?,(Sat) 30 Sep 2006 (W39),Forest Green Rovers FC (12),2-1,1-0,Stafford Rangers FC (12)
?,(Sat) 30 Sep 2006 (W39),Ebbsfleet United FC (12),0-0,0-0,Dagenham & Redbridge FC (12)
?,(Sat) 30 Sep 2006 (W39),Grays Athletic FC (12),0-1,0-0,Morecambe FC (12)
?,(Sat) 30 Sep 2006 (W39),Kidderminster Harriers FC (12),0-1,0-0,Crawley Town FC (12)
?,(Sat) 30 Sep 2006 (W39),Northwich Victoria FC (12),0-2,0-1,Woking FC (12)
?,(Sat) 30 Sep 2006 (W39),Oxford United FC (12),2-0,1-0,York City FC (12)
?,(Sat) 30 Sep 2006 (W39),AFC Rushden & Diamonds (12),1-2,1-2,Burton Albion FC (12)
?,(Sat) 30 Sep 2006 (W39),Southport FC (12),0-1,0-0,Exeter City FC (12)
?,(Sat) 30 Sep 2006 (W39),Stevenage FC (12),2-1,1-1,FC Halifax Town (12)
?,(Sat) 30 Sep 2006 (W39),Tamworth FC (12),0-1,0-1,Cambridge United FC (12)
?,(Sat) 30 Sep 2006 (W39),Weymouth FC (12),2-1,0-0,St. Albans City FC (12)
?,(Tue) 3 Oct 2006 (W40),Aldershot Town FC (13),3-3,1-2,Tamworth FC (13)
?,(Tue) 3 Oct 2006 (W40),Burton Albion FC (13),2-1,1-0,Crawley Town FC (13)
?,(Tue) 3 Oct 2006 (W40),Cambridge United FC (13),2-2,1-1,Altrincham FC (13)
?,(Tue) 3 Oct 2006 (W40),Grays Athletic FC (13),2-2,0-1,Exeter City FC (13)
?,(Tue) 3 Oct 2006 (W40),FC Halifax Town (13),2-0,1-0,Kidderminster Harriers FC (13)
?,(Tue) 3 Oct 2006 (W40),Morecambe FC (13),1-0,0-0,AFC Rushden & Diamonds (13)
?,(Tue) 3 Oct 2006 (W40),Northwich Victoria FC (13),1-2,0-1,York City FC (13)
?,(Tue) 3 Oct 2006 (W40),Oxford United FC (13),2-2,0-1,Southport FC (13)
?,(Tue) 3 Oct 2006 (W40),St. Albans City FC (13),0-0,0-0,Forest Green Rovers FC (13)
?,(Tue) 3 Oct 2006 (W40),Stafford Rangers FC (13),1-2,1-1,Dagenham & Redbridge FC (13)
?,(Tue) 3 Oct 2006 (W40),Stevenage FC (13),3-2,1-1,Woking FC (13)
?,(Wed) 4 Oct 2006 (W40),Weymouth FC (13),2-1,1-1,Ebbsfleet United FC (13)
?,(Fri) 6 Oct 2006 (W40),Forest Green Rovers FC (14),1-5,1-2,Oxford United FC (14)
?,(Fri) 6 Oct 2006 (W40),AFC Rushden & Diamonds (14),2-2,2-1,Stevenage FC (14)
?,(Fri) 6 Oct 2006 (W40),Woking FC (14),0-0,0-0,Burton Albion FC (14)
?,(Fri) 6 Oct 2006 (W40),York City FC (14),1-0,1-0,Aldershot Town FC (14)
?,(Sat) 7 Oct 2006 (W40),Altrincham FC (14),0-0,0-0,Weymouth FC (14)
?,(Sat) 7 Oct 2006 (W40),Crawley Town FC (14),4-0,2-0,Morecambe FC (14)
?,(Sat) 7 Oct 2006 (W40),Dagenham & Redbridge FC (14),5-0,3-0,Northwich Victoria FC (14)
?,(Sat) 7 Oct 2006 (W40),Exeter City FC (14),4-1,1-1,FC Halifax Town (14)
?,(Sat) 7 Oct 2006 (W40),Ebbsfleet United FC (14),2-0,0-0,Cambridge United FC (14)
?,(Sat) 7 Oct 2006 (W40),Kidderminster Harriers FC (14),2-1,1-1,Grays Athletic FC (14)
?,(Sat) 7 Oct 2006 (W40),Southport FC (14),1-1,0-0,St. Albans City FC (14)
?,(Sun) 8 Oct 2006 (W40),Tamworth FC (14),0-0,0-0,Stafford Rangers FC (14)
?,(Mon) 9 Oct 2006 (W41),Woking FC (15),2-0,1-0,Aldershot Town FC (15)
?,(Tue) 10 Oct 2006 (W41),Altrincham FC (15),0-2,0-1,Morecambe FC (15)
?,(Tue) 10 Oct 2006 (W41),Crawley Town FC (15),0-3,0-0,Weymouth FC (15)
?,(Tue) 10 Oct 2006 (W41),Dagenham & Redbridge FC (15),4-2,3-0,St. Albans City FC (15)
?,(Tue) 10 Oct 2006 (W41),Exeter City FC (15),1-1,0-1,Northwich Victoria FC (15)
?,(Tue) 10 Oct 2006 (W41),Forest Green Rovers FC (15),1-0,1-0,Burton Albion FC (15)
?,(Tue) 10 Oct 2006 (W41),Ebbsfleet United FC (15),1-4,0-1,Stafford Rangers FC (15)
?,(Tue) 10 Oct 2006 (W41),Kidderminster Harriers FC (15),0-0,0-0,Oxford United FC (15)
?,(Tue) 10 Oct 2006 (W41),AFC Rushden & Diamonds (15),0-1,0-1,FC Halifax Town (15)
?,(Tue) 10 Oct 2006 (W41),Southport FC (15),1-2,1-0,Stevenage FC (15)
?,(Tue) 10 Oct 2006 (W41),Tamworth FC (15),4-2,3-0,Grays Athletic FC (15)
?,(Tue) 10 Oct 2006 (W41),York City FC (15),1-2,1-0,Cambridge United FC (15)
?,(Sat) 14 Oct 2006 (W41),Aldershot Town FC (16),4-2,1-2,Kidderminster Harriers FC (16)
?,(Sat) 14 Oct 2006 (W41),Burton Albion FC (16),0-1,0-0,Ebbsfleet United FC (16)
?,(Sat) 14 Oct 2006 (W41),Cambridge United FC (16),1-2,0-0,Crawley Town FC (16)
?,(Sat) 14 Oct 2006 (W41),Grays Athletic FC (16),1-1,1-1,Forest Green Rovers FC (16)
?,(Sat) 14 Oct 2006 (W41),FC Halifax Town (16),3-1,2-1,Tamworth FC (16)
?,(Sat) 14 Oct 2006 (W41),Morecambe FC (16),2-2,1-1,Exeter City FC (16)
?,(Sat) 14 Oct 2006 (W41),Northwich Victoria FC (16),4-1,3-0,AFC Rushden & Diamonds (16)
?,(Sat) 14 Oct 2006 (W41),Oxford United FC (16),1-1,0-0,Altrincham FC (16)
?,(Sat) 14 Oct 2006 (W41),St. Albans City FC (16),4-2,1-1,York City FC (16)
?,(Sat) 14 Oct 2006 (W41),Stafford Rangers FC (16),1-0,1-0,Woking FC (16)
?,(Sat) 14 Oct 2006 (W41),Stevenage FC (16),1-2,1-1,Dagenham & Redbridge FC (16)
?,(Sat) 14 Oct 2006 (W41),Weymouth FC (16),3-0,1-0,Southport FC (16)
?,(Fri) 20 Oct 2006 (W42),Cambridge United FC (17),0-3,0-1,Oxford United FC (17)
?,(Sat) 21 Oct 2006 (W42),Aldershot Town FC (17),0-1,0-1,Morecambe FC (17)
?,(Sat) 21 Oct 2006 (W42),Altrincham FC (17),2-1,2-0,Southport FC (17)
?,(Sat) 21 Oct 2006 (W42),Dagenham & Redbridge FC (17),1-3,1-0,Kidderminster Harriers FC (17)
?,(Sat) 21 Oct 2006 (W42),Exeter City FC (17),1-2,0-0,Stafford Rangers FC (17)
?,(Sat) 21 Oct 2006 (W42),Forest Green Rovers FC (17),1-0,0-0,Crawley Town FC (17)
?,(Sat) 21 Oct 2006 (W42),Ebbsfleet United FC (17),1-0,0-0,Woking FC (17)
?,(Sat) 21 Oct 2006 (W42),FC Halifax Town (17),1-2,1-1,Burton Albion FC (17)
?,(Sat) 21 Oct 2006 (W42),St. Albans City FC (17),0-6,0-1,Grays Athletic FC (17)
?,(Sat) 21 Oct 2006 (W42),Stevenage FC (17),0-2,0-1,Northwich Victoria FC (17)
?,(Sat) 21 Oct 2006 (W42),Tamworth FC (17),2-2,1-2,York City FC (17)
?,(Sat) 21 Oct 2006 (W42),Weymouth FC (17),1-1,1-1,AFC Rushden & Diamonds (17)
?,(Fri) 3 Nov 2006 (W44),Burton Albion FC (18),2-1,0-1,Stevenage FC (18)
?,(Sat) 4 Nov 2006 (W44),Crawley Town FC (18),2-1,0-1,St. Albans City FC (18)
?,(Sat) 4 Nov 2006 (W44),Grays Athletic FC (18),1-1,1-1,Cambridge United FC (18)
?,(Sat) 4 Nov 2006 (W44),Kidderminster Harriers FC (18),2-2,1-2,Forest Green Rovers FC (18)
?,(Sat) 4 Nov 2006 (W44),Morecambe FC (18),1-0,1-0,Ebbsfleet United FC (18)
?,(Sat) 4 Nov 2006 (W44),Northwich Victoria FC (18),3-2,0-2,FC Halifax Town (18)
?,(Sat) 4 Nov 2006 (W44),Oxford United FC (18),2-0,0-0,Aldershot Town FC (18)
?,(Sat) 4 Nov 2006 (W44),AFC Rushden & Diamonds (18),2-3,2-3,Dagenham & Redbridge FC (18)
?,(Sat) 4 Nov 2006 (W44),Southport FC (18),1-0,0-0,Tamworth FC (18)
?,(Sat) 4 Nov 2006 (W44),Stafford Rangers FC (18),2-0,2-0,Weymouth FC (18)
?,(Sat) 4 Nov 2006 (W44),Woking FC (18),0-2,0-2,Exeter City FC (18)
?,(Sun) 5 Nov 2006 (W44),York City FC (18),1-0,0-0,Altrincham FC (18)
?,(Sat) 11 Nov 2006 (W45),Cambridge United FC (19),3-0,1-0,Ebbsfleet United FC (19)
?,(Sat) 11 Nov 2006 (W45),Forest Green Rovers FC (19),2-2,1-1,St. Albans City FC (19)
?,(Sat) 18 Nov 2006 (W46),Aldershot Town FC (19),2-2,1-0,Southport FC (19)
?,(Sat) 18 Nov 2006 (W46),Altrincham FC (19),1-1,0-0,Crawley Town FC (19)
?,(Sat) 18 Nov 2006 (W46),Cambridge United FC (20),1-3,0-1,Morecambe FC (19)
?,(Sat) 18 Nov 2006 (W46),Dagenham & Redbridge FC (19),3-0,1-0,Burton Albion FC (19)
?,(Sat) 18 Nov 2006 (W46),Exeter City FC (19),1-1,1-1,Kidderminster Harriers FC (19)
?,(Sat) 18 Nov 2006 (W46),Forest Green Rovers FC (20),2-1,1-0,Northwich Victoria FC (19)
?,(Sat) 18 Nov 2006 (W46),Ebbsfleet United FC (20),1-0,0-0,Oxford United FC (19)
?,(Sat) 18 Nov 2006 (W46),FC Halifax Town (19),3-1,1-0,Stafford Rangers FC (19)
?,(Sat) 18 Nov 2006 (W46),St. Albans City FC (20),3-2,3-0,AFC Rushden & Diamonds (19)
?,(Sat) 18 Nov 2006 (W46),Stevenage FC (19),1-0,1-0,Grays Athletic FC (19)
?,(Sat) 18 Nov 2006 (W46),Tamworth FC (19),3-1,2-1,Woking FC (19)
?,(Sat) 18 Nov 2006 (W46),Weymouth FC (19),1-2,0-0,York City FC (19)
?,(Sat) 25 Nov 2006 (W47),Crawley Town FC (20),2-0,1-0,FC Halifax Town (20)
?,(Sat) 25 Nov 2006 (W47),Grays Athletic FC (20),1-1,0-1,Altrincham FC (20)
?,(Sat) 25 Nov 2006 (W47),Kidderminster Harriers FC (20),1-2,0-1,Stevenage FC (20)
?,(Sat) 25 Nov 2006 (W47),Morecambe FC (20),1-1,1-1,Forest Green Rovers FC (21)
?,(Sat) 25 Nov 2006 (W47),Northwich Victoria FC (20),1-2,1-2,Ebbsfleet United FC (21)
?,(Sat) 25 Nov 2006 (W47),Oxford United FC (20),2-1,0-0,Tamworth FC (20)
?,(Sat) 25 Nov 2006 (W47),AFC Rushden & Diamonds (20),0-1,0-0,Aldershot Town FC (20)
?,(Sat) 25 Nov 2006 (W47),Southport FC (20),1-2,1-0,Cambridge United FC (21)
?,(Sat) 25 Nov 2006 (W47),Stafford Rangers FC (20),2-2,0-1,St. Albans City FC (21)
?,(Sat) 25 Nov 2006 (W47),Woking FC (20),4-0,2-0,Weymouth FC (20)
?,(Sat) 25 Nov 2006 (W47),York City FC (20),2-3,1-1,Dagenham & Redbridge FC (20)
?,(Mon) 27 Nov 2006 (W48),Burton Albion FC (20),1-0,1-0,Exeter City FC (20)
?,(Sat) 2 Dec 2006 (W48),Altrincham FC (21),2-3,1-2,Burton Albion FC (21)
?,(Sat) 2 Dec 2006 (W48),Cambridge United FC (22),0-2,0-1,St. Albans City FC (22)
?,(Sat) 2 Dec 2006 (W48),Dagenham & Redbridge FC (21),0-0,0-0,Southport FC (21)
?,(Sat) 2 Dec 2006 (W48),Forest Green Rovers FC (22),0-1,0-1,York City FC (21)
?,(Sat) 2 Dec 2006 (W48),Ebbsfleet United FC (22),1-3,0-2,Kidderminster Harriers FC (21)
?,(Sat) 2 Dec 2006 (W48),FC Halifax Town (21),3-0,1-0,Woking FC (21)
?,(Sat) 2 Dec 2006 (W48),Stevenage FC (21),2-2,2-0,Oxford United FC (21)
?,(Sat) 2 Dec 2006 (W48),Weymouth FC (21),3-2,2-2,Grays Athletic FC (21)
?,(Sat) 9 Dec 2006 (W49),Burton Albion FC (22),1-3,1-2,Aldershot Town FC (21)
?,(Sat) 9 Dec 2006 (W49),Crawley Town FC (21),1-0,0-0,Tamworth FC (21)
?,(Sat) 9 Dec 2006 (W49),Exeter City FC (21),3-2,1-1,Dagenham & Redbridge FC (22)
?,(Sat) 9 Dec 2006 (W49),Forest Green Rovers FC (23),1-2,0-1,Southport FC (22)
?,(Sat) 9 Dec 2006 (W49),Grays Athletic FC (22),0-0,0-0,York City FC (22)
?,(Sat) 9 Dec 2006 (W49),FC Halifax Town (22),4-1,1-1,St. Albans City FC (23)
?,(Sat) 9 Dec 2006 (W49),Kidderminster Harriers FC (22),3-2,2-1,Altrincham FC (22)
?,(Sat) 9 Dec 2006 (W49),Morecambe FC (21),1-0,1-0,Stafford Rangers FC (21)
?,(Sat) 9 Dec 2006 (W49),Northwich Victoria FC (21),0-1,0-1,Weymouth FC (22)
?,(Sat) 9 Dec 2006 (W49),AFC Rushden & Diamonds (21),1-0,1-0,Oxford United FC (22)
?,(Sat) 9 Dec 2006 (W49),Stevenage FC (22),3-0,1-0,Ebbsfleet United FC (23)
?,(Sat) 9 Dec 2006 (W49),Woking FC (22),0-1,0-0,Cambridge United FC (23)
?,(Sat) 23 Dec 2006 (W51),York City FC (23),2-0,1-0,FC Halifax Town (23)
?,(Tue) 26 Dec 2006 (W52),Aldershot Town FC (22),2-1,1-0,Forest Green Rovers FC (24)
?,(Tue) 26 Dec 2006 (W52),Altrincham FC (23),3-0,1-0,Northwich Victoria FC (22)
?,(Tue) 26 Dec 2006 (W52),Cambridge United FC (24),0-1,0-1,AFC Rushden & Diamonds (22)
?,(Tue) 26 Dec 2006 (W52),Dagenham & Redbridge FC (23),0-0,0-0,Grays Athletic FC (23)
?,(Tue) 26 Dec 2006 (W52),Ebbsfleet United FC (24),1-0,1-0,Crawley Town FC (22)
?,(Tue) 26 Dec 2006 (W52),Oxford United FC (23),0-0,0-0,Woking FC (23)
?,(Tue) 26 Dec 2006 (W52),Southport FC (23),1-2,1-0,Morecambe FC (22)
?,(Tue) 26 Dec 2006 (W52),St. Albans City FC (24),2-3,0-1,Stevenage FC (23)
?,(Tue) 26 Dec 2006 (W52),Stafford Rangers FC (22),1-2,0-1,Kidderminster Harriers FC (23)
?,(Tue) 26 Dec 2006 (W52),Tamworth FC (22),0-1,0-0,Burton Albion FC (23)
?,(Tue) 26 Dec 2006 (W52),Weymouth FC (23),2-1,1-0,Exeter City FC (22)
?,(Fri) 29 Dec 2006 (W52),York City FC (24),0-1,0-0,Woking FC (24)
?,(Sat) 30 Dec 2006 (W52),Altrincham FC (24),2-2,0-0,Forest Green Rovers FC (25)
?,(Sat) 30 Dec 2006 (W52),Cambridge United FC (25),1-2,0-0,Burton Albion FC (24)
?,(Sat) 30 Dec 2006 (W52),Dagenham & Redbridge FC (24),1-0,0-0,FC Halifax Town (24)
?,(Sat) 30 Dec 2006 (W52),Ebbsfleet United FC (25),1-0,0-0,AFC Rushden & Diamonds (23)
?,(Sat) 30 Dec 2006 (W52),Oxford United FC (24),1-1,0-1,Crawley Town FC (23)
?,(Sat) 30 Dec 2006 (W52),Southport FC (24),0-1,0-0,Kidderminster Harriers FC (24)
?,(Sat) 30 Dec 2006 (W52),St. Albans City FC (25),1-2,0-0,Exeter City FC (23)
?,(Sat) 30 Dec 2006 (W52),Tamworth FC (23),0-1,0-0,Morecambe FC (23)
?,(Sat) 30 Dec 2006 (W52),Weymouth FC (24),0-1,0-1,Stevenage FC (24)
?,(Mon) 1 Jan 2007 (W1),Burton Albion FC (25),0-0,0-0,Stafford Rangers FC (23)
?,(Mon) 1 Jan 2007 (W1),Crawley Town FC (24),0-0,0-0,Dagenham & Redbridge FC (25)
?,(Mon) 1 Jan 2007 (W1),Exeter City FC (24),2-1,1-0,Oxford United FC (25)
?,(Mon) 1 Jan 2007 (W1),Forest Green Rovers FC (26),3-2,3-0,Weymouth FC (25)
?,(Mon) 1 Jan 2007 (W1),FC Halifax Town (25),1-1,1-1,Altrincham FC (25)
?,(Mon) 1 Jan 2007 (W1),Kidderminster Harriers FC (25),1-0,0-0,Cambridge United FC (26)
?,(Mon) 1 Jan 2007 (W1),Morecambe FC (24),1-3,0-1,York City FC (25)
?,(Mon) 1 Jan 2007 (W1),Northwich Victoria FC (23),3-1,0-1,Southport FC (25)
?,(Mon) 1 Jan 2007 (W1),AFC Rushden & Diamonds (24),1-1,1-0,Tamworth FC (24)
?,(Mon) 1 Jan 2007 (W1),Stevenage FC (25),3-2,1-1,Aldershot Town FC (23)
?,(Mon) 1 Jan 2007 (W1),Woking FC (25),1-2,1-0,St. Albans City FC (26)
?,(Wed) 3 Jan 2007 (W1),Grays Athletic FC (24),0-2,0-1,Ebbsfleet United FC (26)
?,(Sat) 6 Jan 2007 (W1),Altrincham FC (26),2-1,1-0,AFC Rushden & Diamonds (25)
?,(Sat) 6 Jan 2007 (W1),Dagenham & Redbridge FC (26),3-2,2-2,Woking FC (26)
?,(Sat) 6 Jan 2007 (W1),Oxford United FC (26),0-0,0-0,Morecambe FC (25)
?,(Sat) 6 Jan 2007 (W1),Southport FC (26),3-1,2-0,Grays Athletic FC (25)
?,(Sat) 6 Jan 2007 (W1),St. Albans City FC (27),1-3,0-2,Northwich Victoria FC (24)
?,(Sat) 6 Jan 2007 (W1),York City FC (26),5-0,3-0,Crawley Town FC (25)
?,(Sat) 13 Jan 2007 (W2),Aldershot Town FC (24),0-2,0-1,Crawley Town FC (26)
?,(Sat) 13 Jan 2007 (W2),Cambridge United FC (27),0-1,0-1,Stafford Rangers FC (24)
?,(Sat) 20 Jan 2007 (W3),Burton Albion FC (26),1-0,1-0,St. Albans City FC (28)
?,(Sat) 20 Jan 2007 (W3),Crawley Town FC (27),2-1,1-0,Southport FC (27)
?,(Sat) 20 Jan 2007 (W3),Exeter City FC (25),1-3,0-3,Ebbsfleet United FC (27)
?,(Sat) 20 Jan 2007 (W3),Forest Green Rovers FC (27),2-0,0-0,Tamworth FC (25)
?,(Sat) 20 Jan 2007 (W3),Grays Athletic FC (26),2-2,0-1,Oxford United FC (27)
?,(Sat) 20 Jan 2007 (W3),Kidderminster Harriers FC (26),2-1,1-0,York City FC (27)
?,(Sat) 20 Jan 2007 (W3),Morecambe FC (26),1-1,1-0,Dagenham & Redbridge FC (27)
?,(Sat) 20 Jan 2007 (W3),Northwich Victoria FC (25),1-3,0-1,Aldershot Town FC (25)
?,(Sat) 20 Jan 2007 (W3),AFC Rushden & Diamonds (26),2-1,0-0,Stafford Rangers FC (25)
?,(Sat) 20 Jan 2007 (W3),Stevenage FC (26),4-1,0-1,Cambridge United FC (28)
?,(Sat) 20 Jan 2007 (W3),Woking FC (27),2-0,0-0,Altrincham FC (27)
?,(Tue) 23 Jan 2007 (W4),Crawley Town FC (28),1-1,0-0,Ebbsfleet United FC (28)
?,(Tue) 23 Jan 2007 (W4),Exeter City FC (26),4-0,1-0,Weymouth FC (26)
?,(Tue) 23 Jan 2007 (W4),Forest Green Rovers FC (28),3-0,0-0,Aldershot Town FC (26)
?,(Tue) 23 Jan 2007 (W4),Grays Athletic FC (27),0-1,0-1,Dagenham & Redbridge FC (28)
?,(Tue) 23 Jan 2007 (W4),FC Halifax Town (26),1-1,0-0,York City FC (28)
?,(Tue) 23 Jan 2007 (W4),Kidderminster Harriers FC (27),2-0,1-0,Stafford Rangers FC (26)
?,(Tue) 23 Jan 2007 (W4),Morecambe FC (27),0-0,0-0,Southport FC (28)
?,(Tue) 23 Jan 2007 (W4),AFC Rushden & Diamonds (27),3-1,1-0,Cambridge United FC (29)
?,(Tue) 23 Jan 2007 (W4),Stevenage FC (27),1-2,0-0,St. Albans City FC (29)
?,(Tue) 23 Jan 2007 (W4),Woking FC (28),1-0,1-0,Oxford United FC (28)
?,(Sat) 27 Jan 2007 (W4),Aldershot Town FC (27),3-2,2-2,Burton Albion FC (27)
?,(Sat) 27 Jan 2007 (W4),Altrincham FC (28),0-1,0-1,Kidderminster Harriers FC (28)
?,(Sat) 27 Jan 2007 (W4),Cambridge United FC (30),3-0,2-0,Woking FC (29)
?,(Sat) 27 Jan 2007 (W4),Dagenham & Redbridge FC (29),4-1,0-0,Exeter City FC (27)
?,(Sat) 27 Jan 2007 (W4),Ebbsfleet United FC (29),1-1,1-1,Stevenage FC (28)
?,(Sat) 27 Jan 2007 (W4),Southport FC (29),1-2,1-2,Forest Green Rovers FC (29)
?,(Sat) 27 Jan 2007 (W4),St. Albans City FC (30),3-2,2-1,FC Halifax Town (27)
?,(Sat) 27 Jan 2007 (W4),Stafford Rangers FC (27),1-3,0-3,Morecambe FC (28)
?,(Sat) 27 Jan 2007 (W4),Tamworth FC (26),0-1,0-0,Crawley Town FC (29)
?,(Sat) 27 Jan 2007 (W4),Weymouth FC (27),1-1,0-0,Northwich Victoria FC (26)
?,(Sat) 27 Jan 2007 (W4),York City FC (29),2-2,2-1,Grays Athletic FC (28)
?,(Mon) 29 Jan 2007 (W5),Oxford United FC (29),0-1,0-0,AFC Rushden & Diamonds (28)
?,(Sat) 3 Feb 2007 (W5),Crawley Town FC (30),3-1,0-0,Forest Green Rovers FC (30)
?,(Sat) 3 Feb 2007 (W5),Oxford United FC (30),1-1,0-1,Cambridge United FC (31)
?,(Sat) 3 Feb 2007 (W5),Southport FC (30),2-1,1-0,Altrincham FC (29)
?,(Sat) 3 Feb 2007 (W5),Stafford Rangers FC (28),0-1,0-1,Exeter City FC (28)
?,(Sat) 3 Feb 2007 (W5),Weymouth FC (28),1-1,0-1,Burton Albion FC (28)
?,(Sat) 3 Feb 2007 (W5),York City FC (30),0-2,0-1,Tamworth FC (27)
?,(Tue) 6 Feb 2007 (W6),Aldershot Town FC (28),1-0,0-0,Grays Athletic FC (29)
?,(Sat) 10 Feb 2007 (W6),Aldershot Town FC (29),1-1,0-1,Oxford United FC (31)
?,(Sat) 10 Feb 2007 (W6),Altrincham FC (30),0-4,0-2,York City FC (31)
?,(Sat) 10 Feb 2007 (W6),Cambridge United FC (32),2-0,1-0,Grays Athletic FC (30)
?,(Sat) 10 Feb 2007 (W6),Dagenham & Redbridge FC (30),1-2,1-1,AFC Rushden & Diamonds (29)
?,(Sat) 10 Feb 2007 (W6),Exeter City FC (29),1-0,0-0,Woking FC (30)
?,(Sat) 10 Feb 2007 (W6),Forest Green Rovers FC (31),2-1,0-1,Kidderminster Harriers FC (29)
?,(Sat) 10 Feb 2007 (W6),Ebbsfleet United FC (30),2-1,1-1,Morecambe FC (29)
?,(Sat) 10 Feb 2007 (W6),St. Albans City FC (31),2-2,1-1,Crawley Town FC (31)
?,(Sat) 10 Feb 2007 (W6),Stevenage FC (29),2-1,0-0,Burton Albion FC (29)
?,(Sat) 10 Feb 2007 (W6),Tamworth FC (28),1-1,1-1,Southport FC (31)
?,(Sat) 10 Feb 2007 (W6),Weymouth FC (29),1-2,1-2,Stafford Rangers FC (29)
?,(Sat) 17 Feb 2007 (W7),Burton Albion FC (30),0-2,0-1,Dagenham & Redbridge FC (31)
?,(Sat) 17 Feb 2007 (W7),Crawley Town FC (32),1-1,1-1,Altrincham FC (31)
?,(Sat) 17 Feb 2007 (W7),Grays Athletic FC (31),0-2,0-1,Stevenage FC (30)
?,(Sat) 17 Feb 2007 (W7),Kidderminster Harriers FC (30),0-2,0-0,Exeter City FC (30)
?,(Sat) 17 Feb 2007 (W7),Morecambe FC (30),2-2,0-1,Cambridge United FC (33)
?,(Sat) 17 Feb 2007 (W7),Northwich Victoria FC (27),2-0,0-0,Forest Green Rovers FC (32)
?,(Sat) 17 Feb 2007 (W7),Oxford United FC (32),1-0,1-0,Ebbsfleet United FC (31)
?,(Sat) 17 Feb 2007 (W7),AFC Rushden & Diamonds (30),1-0,0-0,St. Albans City FC (32)
?,(Sat) 17 Feb 2007 (W7),Southport FC (32),1-0,1-0,Aldershot Town FC (30)
?,(Sat) 17 Feb 2007 (W7),Stafford Rangers FC (30),2-3,1-3,FC Halifax Town (28)
?,(Sat) 17 Feb 2007 (W7),Woking FC (31),0-2,0-0,Tamworth FC (29)
?,(Sat) 17 Feb 2007 (W7),York City FC (32),1-0,0-0,Weymouth FC (30)
?,(Tue) 20 Feb 2007 (W8),Burton Albion FC (31),1-0,0-0,Tamworth FC (30)
?,(Tue) 20 Feb 2007 (W8),Exeter City FC (31),0-0,0-0,AFC Rushden & Diamonds (31)
?,(Tue) 20 Feb 2007 (W8),FC Halifax Town (29),4-1,1-1,Weymouth FC (31)
?,(Tue) 20 Feb 2007 (W8),Kidderminster Harriers FC (31),1-4,1-1,Dagenham & Redbridge FC (32)
?,(Tue) 20 Feb 2007 (W8),Northwich Victoria FC (28),1-1,0-0,Altrincham FC (32)
?,(Tue) 20 Feb 2007 (W8),Stafford Rangers FC (31),1-3,1-2,Stevenage FC (31)
?,(Tue) 20 Feb 2007 (W8),Woking FC (32),2-2,1-0,Ebbsfleet United FC (32)
?,(Sat) 24 Feb 2007 (W8),Aldershot Town FC (31),2-2,2-0,AFC Rushden & Diamonds (32)
?,(Sat) 24 Feb 2007 (W8),Cambridge United FC (34),2-2,1-2,Southport FC (33)
?,(Sat) 24 Feb 2007 (W8),Dagenham & Redbridge FC (33),2-1,1-0,York City FC (33)
?,(Sat) 24 Feb 2007 (W8),Exeter City FC (32),3-0,0-0,Burton Albion FC (32)
?,(Sat) 24 Feb 2007 (W8),Forest Green Rovers FC (33),1-3,1-2,Morecambe FC (31)
?,(Sat) 24 Feb 2007 (W8),St. Albans City FC (33),0-3,0-2,Stafford Rangers FC (32)
?,(Sat) 24 Feb 2007 (W8),Tamworth FC (31),1-3,0-2,Oxford United FC (33)
?,(Tue) 27 Feb 2007 (W9),Cambridge United FC (35),1-1,0-1,Forest Green Rovers FC (34)
?,(Tue) 27 Feb 2007 (W9),Grays Athletic FC (32),2-1,1-1,St. Albans City FC (34)
?,(Tue) 27 Feb 2007 (W9),FC Halifax Town (30),0-2,0-0,Northwich Victoria FC (29)
?,(Fri) 2 Mar 2007 (W9),Burton Albion FC (33),2-1,1-0,Altrincham FC (33)
?,(Sat) 3 Mar 2007 (W9),Crawley Town FC (33),1-2,0-0,Aldershot Town FC (32)
?,(Sat) 3 Mar 2007 (W9),Grays Athletic FC (33),2-2,1-0,Weymouth FC (32)
?,(Sat) 3 Mar 2007 (W9),Kidderminster Harriers FC (32),1-2,0-1,Ebbsfleet United FC (33)
?,(Sat) 3 Mar 2007 (W9),Morecambe FC (32),2-0,1-0,St. Albans City FC (35)
?,(Sat) 3 Mar 2007 (W9),Northwich Victoria FC (30),0-1,0-0,Tamworth FC (32)
?,(Sat) 3 Mar 2007 (W9),Oxford United FC (34),2-0,1-0,Stevenage FC (32)
?,(Sat) 3 Mar 2007 (W9),AFC Rushden & Diamonds (33),3-0,2-0,Exeter City FC (33)
?,(Sat) 3 Mar 2007 (W9),Southport FC (34),1-4,0-2,Dagenham & Redbridge FC (34)
?,(Sat) 3 Mar 2007 (W9),Stafford Rangers FC (33),1-2,1-1,Cambridge United FC (36)
?,(Sat) 3 Mar 2007 (W9),Woking FC (33),2-2,0-1,FC Halifax Town (31)
?,(Sat) 3 Mar 2007 (W9),York City FC (34),0-0,0-0,Forest Green Rovers FC (35)
?,(Tue) 6 Mar 2007 (W10),Altrincham FC (34),5-0,1-0,Cambridge United FC (37)
?,(Tue) 6 Mar 2007 (W10),Crawley Town FC (34),1-0,1-0,Burton Albion FC (34)
?,(Tue) 6 Mar 2007 (W10),Dagenham & Redbridge FC (35),1-1,0-0,Stafford Rangers FC (34)
?,(Tue) 6 Mar 2007 (W10),Exeter City FC (34),2-1,1-0,Grays Athletic FC (34)
?,(Tue) 6 Mar 2007 (W10),Ebbsfleet United FC (34),1-3,1-0,Weymouth FC (33)
?,(Tue) 6 Mar 2007 (W10),Kidderminster Harriers FC (33),1-0,1-0,FC Halifax Town (32)
?,(Tue) 6 Mar 2007 (W10),AFC Rushden & Diamonds (34),2-2,1-0,Morecambe FC (33)
?,(Tue) 6 Mar 2007 (W10),Southport FC (35),0-1,0-0,Oxford United FC (35)
?,(Tue) 6 Mar 2007 (W10),Tamworth FC (33),2-0,1-0,Aldershot Town FC (33)
?,(Tue) 6 Mar 2007 (W10),Woking FC (34),0-1,0-1,Stevenage FC (33)
?,(Tue) 6 Mar 2007 (W10),York City FC (35),2-1,0-1,Northwich Victoria FC (31)
?,(Sat) 10 Mar 2007 (W10),Aldershot Town FC (34),0-2,0-1,York City FC (36)
?,(Sat) 10 Mar 2007 (W10),Burton Albion FC (35),2-1,1-1,Woking FC (35)
?,(Sat) 10 Mar 2007 (W10),FC Halifax Town (33),2-1,1-0,Exeter City FC (35)
?,(Sat) 10 Mar 2007 (W10),Morecambe FC (34),1-0,1-0,Crawley Town FC (35)
?,(Sat) 10 Mar 2007 (W10),Oxford United FC (36),0-2,0-1,Forest Green Rovers FC (36)
?,(Sat) 10 Mar 2007 (W10),St. Albans City FC (36),2-2,0-1,Southport FC (36)
?,(Sat) 10 Mar 2007 (W10),Stafford Rangers FC (35),0-4,0-3,Tamworth FC (34)
?,(Sat) 10 Mar 2007 (W10),Weymouth FC (34),1-2,0-1,Altrincham FC (35)
?,(Mon) 12 Mar 2007 (W11),Burton Albion FC (36),1-0,0-0,Forest Green Rovers FC (37)
?,(Tue) 13 Mar 2007 (W11),Aldershot Town FC (35),2-2,1-1,Woking FC (36)
?,(Tue) 13 Mar 2007 (W11),Cambridge United FC (38),0-5,0-2,York City FC (37)
?,(Tue) 13 Mar 2007 (W11),Grays Athletic FC (35),1-0,1-0,Tamworth FC (35)
?,(Tue) 13 Mar 2007 (W11),FC Halifax Town (34),0-0,0-0,AFC Rushden & Diamonds (35)
?,(Tue) 13 Mar 2007 (W11),Morecambe FC (35),0-1,0-1,Altrincham FC (36)
?,(Tue) 13 Mar 2007 (W11),Oxford United FC (37),0-1,0-0,Kidderminster Harriers FC (34)
?,(Tue) 13 Mar 2007 (W11),St. Albans City FC (37),1-2,1-2,Dagenham & Redbridge FC (36)
?,(Tue) 13 Mar 2007 (W11),Stafford Rangers FC (36),3-1,2-0,Ebbsfleet United FC (35)
?,(Tue) 13 Mar 2007 (W11),Stevenage FC (34),3-1,0-1,Southport FC (37)
?,(Tue) 13 Mar 2007 (W11),Weymouth FC (35),3-2,0-0,Crawley Town FC (36)
?,(Sat) 17 Mar 2007 (W11),Altrincham FC (37),0-3,0-2,Oxford United FC (38)
?,(Sat) 17 Mar 2007 (W11),Crawley Town FC (37),1-1,0-1,Cambridge United FC (39)
?,(Sat) 17 Mar 2007 (W11),Dagenham & Redbridge FC (37),1-1,1-0,Forest Green Rovers FC (38)
?,(Sat) 17 Mar 2007 (W11),Exeter City FC (36),1-0,0-0,Morecambe FC (36)
?,(Sat) 17 Mar 2007 (W11),Ebbsfleet United FC (36),0-0,0-0,Burton Albion FC (37)
?,(Sat) 17 Mar 2007 (W11),Southport FC (38),0-1,0-0,Weymouth FC (36)
?,(Sat) 17 Mar 2007 (W11),Tamworth FC (36),1-0,1-0,FC Halifax Town (35)
?,(Sat) 17 Mar 2007 (W11),Woking FC (37),1-1,0-0,Stafford Rangers FC (37)
?,(Sat) 17 Mar 2007 (W11),York City FC (38),0-0,0-0,St. Albans City FC (38)
?,(Tue) 20 Mar 2007 (W12),Altrincham FC (38),1-0,1-0,Grays Athletic FC (36)
?,(Tue) 20 Mar 2007 (W12),Dagenham & Redbridge FC (38),2-0,0-0,Stevenage FC (35)
?,(Tue) 20 Mar 2007 (W12),Morecambe FC (37),2-1,2-0,Aldershot Town FC (36)
?,(Tue) 20 Mar 2007 (W12),Northwich Victoria FC (32),1-0,0-0,Exeter City FC (37)
?,(Tue) 20 Mar 2007 (W12),Tamworth FC (37),0-0,0-0,Kidderminster Harriers FC (35)
?,(Tue) 20 Mar 2007 (W12),Weymouth FC (37),2-3,2-0,Woking FC (38)
?,(Wed) 21 Mar 2007 (W12),FC Halifax Town (36),1-1,0-0,Oxford United FC (39)
?,(Fri) 23 Mar 2007 (W12),Ebbsfleet United FC (37),1-1,0-1,Aldershot Town FC (37)
?,(Fri) 23 Mar 2007 (W12),AFC Rushden & Diamonds (36),1-1,0-1,Crawley Town FC (38)
?,(Sat) 24 Mar 2007 (W12),Burton Albion FC (38),2-1,2-0,Morecambe FC (38)
?,(Sat) 24 Mar 2007 (W12),Exeter City FC (38),1-1,1-0,York City FC (39)
?,(Sat) 24 Mar 2007 (W12),St. Albans City FC (39),1-1,1-1,Kidderminster Harriers FC (36)
?,(Sat) 24 Mar 2007 (W12),Stafford Rangers FC (38),4-2,3-0,Grays Athletic FC (37)
?,(Sat) 24 Mar 2007 (W12),Stevenage FC (36),0-1,0-1,Altrincham FC (39)
?,(Sat) 24 Mar 2007 (W12),Weymouth FC (38),3-1,1-1,Tamworth FC (38)
?,(Sat) 24 Mar 2007 (W12),Woking FC (39),1-1,1-0,Southport FC (39)
?,(Sun) 25 Mar 2007 (W12),Northwich Victoria FC (33),0-4,0-2,Cambridge United FC (40)
?,(Mon) 26 Mar 2007 (W13),Oxford United FC (40),2-2,0-1,Dagenham & Redbridge FC (39)
?,(Tue) 27 Mar 2007 (W13),Aldershot Town FC (38),1-0,0-0,Weymouth FC (39)
?,(Tue) 27 Mar 2007 (W13),Altrincham FC (40),0-1,0-1,Stafford Rangers FC (39)
?,(Tue) 27 Mar 2007 (W13),Crawley Town FC (39),0-0,0-0,Woking FC (40)
?,(Tue) 27 Mar 2007 (W13),Forest Green Rovers FC (39),2-1,1-1,Exeter City FC (39)
?,(Tue) 27 Mar 2007 (W13),Grays Athletic FC (38),3-1,0-0,AFC Rushden & Diamonds (37)
?,(Tue) 27 Mar 2007 (W13),Kidderminster Harriers FC (37),0-0,0-0,Burton Albion FC (39)
?,(Tue) 27 Mar 2007 (W13),Morecambe FC (39),2-1,1-0,Northwich Victoria FC (34)
?,(Tue) 27 Mar 2007 (W13),Southport FC (40),1-1,1-0,FC Halifax Town (37)
?,(Tue) 27 Mar 2007 (W13),Tamworth FC (39),2-1,1-0,Ebbsfleet United FC (38)
?,(Tue) 27 Mar 2007 (W13),York City FC (40),0-1,0-0,Stevenage FC (37)
?,(Sat) 31 Mar 2007 (W13),Aldershot Town FC (39),2-0,1-0,St. Albans City FC (40)
?,(Sat) 31 Mar 2007 (W13),Altrincham FC (41),1-2,1-0,Exeter City FC (40)
?,(Sat) 31 Mar 2007 (W13),Cambridge United FC (41),7-0,4-0,Weymouth FC (40)
?,(Sat) 31 Mar 2007 (W13),Crawley Town FC (40),3-0,1-0,Stevenage FC (38)
?,(Sat) 31 Mar 2007 (W13),Forest Green Rovers FC (40),0-2,0-0,AFC Rushden & Diamonds (38)
?,(Sat) 31 Mar 2007 (W13),Grays Athletic FC (39),1-0,0-0,FC Halifax Town (38)
?,(Sat) 31 Mar 2007 (W13),Kidderminster Harriers FC (38),0-1,0-1,Northwich Victoria FC (35)
?,(Sat) 31 Mar 2007 (W13),Morecambe FC (40),2-0,1-0,Woking FC (41)
?,(Sat) 31 Mar 2007 (W13),Oxford United FC (41),0-0,0-0,Burton Albion FC (40)
?,(Sat) 31 Mar 2007 (W13),Southport FC (41),5-1,3-0,Stafford Rangers FC (40)
?,(Sat) 31 Mar 2007 (W13),Tamworth FC (40),0-2,0-1,Dagenham & Redbridge FC (40)
?,(Sat) 31 Mar 2007 (W13),York City FC (41),0-2,0-1,Ebbsfleet United FC (39)
?,(Tue) 3 Apr 2007 (W14),Aldershot Town FC (40),3-2,1-1,Exeter City FC (41)
?,(Tue) 3 Apr 2007 (W14),Forest Green Rovers FC (41),0-0,0-0,Grays Athletic FC (40)
?,(Tue) 3 Apr 2007 (W14),Ebbsfleet United FC (40),2-0,1-0,FC Halifax Town (39)
?,(Tue) 3 Apr 2007 (W14),AFC Rushden & Diamonds (39),4-1,1-0,Weymouth FC (41)
?,(Tue) 3 Apr 2007 (W14),St. Albans City FC (41),0-2,0-1,Morecambe FC (41)
?,(Tue) 3 Apr 2007 (W14),Stevenage FC (39),1-2,0-2,Kidderminster Harriers FC (39)
?,(Tue) 3 Apr 2007 (W14),Tamworth FC (41),0-1,0-0,Northwich Victoria FC (36)
?,(Sat) 7 Apr 2007 (W14),Burton Albion FC (41),1-2,0-0,York City FC (42)
?,(Sat) 7 Apr 2007 (W14),Dagenham & Redbridge FC (41),2-1,1-0,Aldershot Town FC (41)
?,(Sat) 7 Apr 2007 (W14),Exeter City FC (42),1-0,0-0,Tamworth FC (42)
?,(Sat) 7 Apr 2007 (W14),Ebbsfleet United FC (41),1-1,1-1,Forest Green Rovers FC (42)
?,(Sat) 7 Apr 2007 (W14),FC Halifax Town (40),1-0,1-0,Cambridge United FC (42)
?,(Sat) 7 Apr 2007 (W14),Northwich Victoria FC (37),1-0,1-0,Oxford United FC (42)
?,(Sat) 7 Apr 2007 (W14),AFC Rushden & Diamonds (40),2-3,1-2,Southport FC (42)
?,(Sat) 7 Apr 2007 (W14),St. Albans City FC (42),1-5,1-4,Altrincham FC (42)
?,(Sat) 7 Apr 2007 (W14),Stafford Rangers FC (41),0-1,0-1,Crawley Town FC (41)
?,(Sat) 7 Apr 2007 (W14),Stevenage FC (40),3-3,1-1,Morecambe FC (42)
?,(Sat) 7 Apr 2007 (W14),Weymouth FC (42),1-1,1-1,Kidderminster Harriers FC (40)
?,(Sat) 7 Apr 2007 (W14),Woking FC (42),1-0,1-0,Grays Athletic FC (41)
?,(Mon) 9 Apr 2007 (W15),Aldershot Town FC (42),4-2,2-2,Stafford Rangers FC (42)
?,(Mon) 9 Apr 2007 (W15),Altrincham FC (43),0-2,0-1,Ebbsfleet United FC (42)
?,(Mon) 9 Apr 2007 (W15),Cambridge United FC (43),4-2,3-2,Dagenham & Redbridge FC (42)
?,(Mon) 9 Apr 2007 (W15),Crawley Town FC (42),0-3,0-2,Exeter City FC (43)
?,(Mon) 9 Apr 2007 (W15),Forest Green Rovers FC (43),4-4,3-1,Stevenage FC (41)
?,(Mon) 9 Apr 2007 (W15),Grays Athletic FC (42),1-0,1-0,Northwich Victoria FC (38)
?,(Mon) 9 Apr 2007 (W15),Kidderminster Harriers FC (41),0-1,0-1,Woking FC (43)
?,(Mon) 9 Apr 2007 (W15),Morecambe FC (43),4-0,1-0,FC Halifax Town (41)
?,(Mon) 9 Apr 2007 (W15),Oxford United FC (43),4-1,1-1,Weymouth FC (43)
?,(Mon) 9 Apr 2007 (W15),Southport FC (43),3-1,0-1,Burton Albion FC (42)
?,(Mon) 9 Apr 2007 (W15),Tamworth FC (43),1-1,0-1,St. Albans City FC (43)
?,(Tue) 10 Apr 2007 (W15),York City FC (43),3-1,1-1,AFC Rushden & Diamonds (41)
?,(Wed) 11 Apr 2007 (W15),Northwich Victoria FC (39),2-0,0-0,Dagenham & Redbridge FC (43)
?,(Sat) 14 Apr 2007 (W15),Burton Albion FC (43),3-0,2-0,Grays Athletic FC (43)
?,(Sat) 14 Apr 2007 (W15),Dagenham & Redbridge FC (44),4-1,1-1,Altrincham FC (44)
?,(Sat) 14 Apr 2007 (W15),Exeter City FC (44),2-0,1-0,Cambridge United FC (44)
?,(Sat) 14 Apr 2007 (W15),Ebbsfleet United FC (43),0-4,0-2,Southport FC (44)
?,(Sat) 14 Apr 2007 (W15),FC Halifax Town (42),2-0,1-0,Aldershot Town FC (43)
?,(Sat) 14 Apr 2007 (W15),Northwich Victoria FC (40),2-1,1-1,Crawley Town FC (43)
?,(Sat) 14 Apr 2007 (W15),AFC Rushden & Diamonds (42),0-1,0-1,Kidderminster Harriers FC (42)
?,(Sat) 14 Apr 2007 (W15),St. Albans City FC (44),0-2,0-1,Oxford United FC (44)
?,(Sat) 14 Apr 2007 (W15),Stafford Rangers FC (43),0-0,0-0,York City FC (44)
?,(Sat) 14 Apr 2007 (W15),Stevenage FC (42),3-0,1-0,Tamworth FC (44)
?,(Sat) 14 Apr 2007 (W15),Weymouth FC (44),2-1,1-1,Morecambe FC (44)
?,(Sat) 14 Apr 2007 (W15),Woking FC (44),3-3,0-3,Forest Green Rovers FC (44)
?,(Tue) 17 Apr 2007 (W16),Burton Albion FC (44),1-0,0-0,FC Halifax Town (43)
?,(Tue) 17 Apr 2007 (W16),Kidderminster Harriers FC (43),0-0,0-0,Aldershot Town FC (44)
?,(Tue) 17 Apr 2007 (W16),Stafford Rangers FC (44),2-0,0-0,Northwich Victoria FC (41)
?,(Tue) 17 Apr 2007 (W16),Stevenage FC (43),1-0,0-0,AFC Rushden & Diamonds (43)
?,(Thu) 19 Apr 2007 (W16),Ebbsfleet United FC (44),3-0,2-0,Northwich Victoria FC (42)
?,(Sat) 21 Apr 2007 (W16),Aldershot Town FC (45),0-1,0-0,Cambridge United FC (45)
?,(Sat) 21 Apr 2007 (W16),Forest Green Rovers FC (45),2-0,1-0,FC Halifax Town (44)
?,(Sat) 21 Apr 2007 (W16),Ebbsfleet United FC (45),3-2,1-0,St. Albans City FC (45)
?,(Sat) 21 Apr 2007 (W16),Grays Athletic FC (44),0-0,0-0,Crawley Town FC (44)
?,(Sat) 21 Apr 2007 (W16),Kidderminster Harriers FC (44),0-1,0-1,Morecambe FC (45)
?,(Sat) 21 Apr 2007 (W16),Northwich Victoria FC (43),0-3,0-3,Burton Albion FC (45)
?,(Sat) 21 Apr 2007 (W16),Oxford United FC (45),2-0,1-0,Stafford Rangers FC (45)
?,(Sat) 21 Apr 2007 (W16),AFC Rushden & Diamonds (44),2-0,1-0,Woking FC (45)
?,(Sat) 21 Apr 2007 (W16),Southport FC (45),0-1,0-0,York City FC (45)
?,(Sat) 21 Apr 2007 (W16),Stevenage FC (44),0-0,0-0,Exeter City FC (45)
?,(Sat) 21 Apr 2007 (W16),Tamworth FC (45),1-0,1-0,Altrincham FC (45)
?,(Sat) 21 Apr 2007 (W16),Weymouth FC (45),1-1,1-0,Dagenham & Redbridge FC (45)
?,(Mon) 23 Apr 2007 (W17),AFC Rushden & Diamonds (45),1-0,0-0,Northwich Victoria FC (44)
?,(Tue) 24 Apr 2007 (W17),Grays Athletic FC (45),3-0,2-0,Kidderminster Harriers FC (45)
?,(Tue) 24 Apr 2007 (W17),FC Halifax Town (45),2-1,0-0,Crawley Town FC (45)
?,(Wed) 25 Apr 2007 (W17),Northwich Victoria FC (45),0-0,0-0,Stevenage FC (45)
?,(Sat) 28 Apr 2007 (W17),Altrincham FC (46),0-0,0-0,Aldershot Town FC (46)
?,(Sat) 28 Apr 2007 (W17),Burton Albion FC (46),1-2,1-1,AFC Rushden & Diamonds (46)
?,(Sat) 28 Apr 2007 (W17),Cambridge United FC (46),1-0,0-0,Tamworth FC (46)
?,(Sat) 28 Apr 2007 (W17),Crawley Town FC (46),0-0,0-0,Kidderminster Harriers FC (46)
?,(Sat) 28 Apr 2007 (W17),Dagenham & Redbridge FC (46),2-1,2-1,Ebbsfleet United FC (46)
?,(Sat) 28 Apr 2007 (W17),Exeter City FC (46),2-1,0-1,Southport FC (46)
?,(Sat) 28 Apr 2007 (W17),FC Halifax Town (46),2-1,1-0,Stevenage FC (46)
?,(Sat) 28 Apr 2007 (W17),Morecambe FC (46),1-0,1-0,Grays Athletic FC (46)
?,(Sat) 28 Apr 2007 (W17),St. Albans City FC (46),1-0,0-0,Weymouth FC (46)
?,(Sat) 28 Apr 2007 (W17),Stafford Rangers FC (46),0-1,0-0,Forest Green Rovers FC (46)
?,(Sat) 28 Apr 2007 (W17),Woking FC (46),3-2,1-1,Northwich Victoria FC (46)
?,(Sat) 28 Apr 2007 (W17),York City FC (46),1-0,1-0,Oxford United FC (46)
