Round,Date,Team 1,FT,HT,Team 2
?,(Sat) 19 Aug 1989 (33),Watford FC (1),1-0,?,Portsmouth FC (1)
?,(Sat) 19 Aug 1989 (33),Bradford City AFC (1),2-2,?,Port Vale FC (1)
?,(Sat) 19 Aug 1989 (33),Stoke City FC (1),1-1,?,West Ham United FC (1)
?,(Sat) 19 Aug 1989 (33),Newcastle United FC (1),5-2,?,Leeds United FC (1)
?,(Sat) 19 Aug 1989 (33),Swindon Town FC (1),0-2,?,Sunderland AFC (1)
?,(Sat) 19 Aug 1989 (33),Ipswich Town FC (1),3-1,?,Barnsley FC (1)
?,(Sat) 19 Aug 1989 (33),West Bromwich Albion FC (1),0-3,?,Sheffield United FC (1)
?,(Sat) 19 Aug 1989 (33),Hull City AFC (1),1-1,?,Leicester City FC (1)
?,(Sat) 19 Aug 1989 (33),Blackburn Rovers FC (1),1-0,?,Oldham Athletic AFC (1)
?,(Sat) 19 Aug 1989 (33),Brighton & Hove Albion FC (1),2-1,?,AFC Bournemouth (1)
?,(Sat) 19 Aug 1989 (33),Plymouth Argyle FC (1),2-0,?,Oxford United FC (1)
?,(Sat) 19 Aug 1989 (33),Middlesbrough FC (1),4-2,?,Wolverhampton Wanderers FC (1)
?,(Tue) 22 Aug 1989 (34),Oldham Athletic AFC (2),1-1,?,Watford FC (2)
?,(Tue) 22 Aug 1989 (34),Sunderland AFC (2),2-4,?,Ipswich Town FC (2)
?,(Tue) 22 Aug 1989 (34),AFC Bournemouth (2),1-1,?,West Bromwich Albion FC (2)
?,(Wed) 23 Aug 1989 (34),Leeds United FC (2),2-1,?,Middlesbrough FC (2)
?,(Wed) 23 Aug 1989 (34),Leicester City FC (2),0-1,?,Blackburn Rovers FC (2)
?,(Wed) 23 Aug 1989 (34),West Ham United FC (2),2-0,?,Bradford City AFC (2)
?,(Sat) 26 Aug 1989 (34),Portsmouth FC (2),0-0,?,Stoke City FC (2)
?,(Sat) 26 Aug 1989 (34),West Ham United FC (3),3-2,?,Plymouth Argyle FC (2)
?,(Sat) 26 Aug 1989 (34),Oxford United FC (2),1-1,?,Watford FC (3)
?,(Sat) 26 Aug 1989 (34),Leeds United FC (3),1-1,?,Blackburn Rovers FC (3)
?,(Sat) 26 Aug 1989 (34),Wolverhampton Wanderers FC (2),1-1,?,Bradford City AFC (3)
?,(Sat) 26 Aug 1989 (34),Leicester City FC (3),2-2,?,Newcastle United FC (2)
?,(Sat) 26 Aug 1989 (34),AFC Bournemouth (3),5-4,?,Hull City AFC (2)
?,(Sat) 26 Aug 1989 (34),Sheffield United FC (2),2-0,?,Ipswich Town FC (3)
?,(Sat) 26 Aug 1989 (34),Barnsley FC (2),1-0,?,Brighton & Hove Albion FC (2)
?,(Sat) 26 Aug 1989 (34),Oldham Athletic AFC (3),2-2,?,Swindon Town FC (2)
?,(Sat) 26 Aug 1989 (34),Port Vale FC (2),2-1,?,West Bromwich Albion FC (3)
?,(Sun) 27 Aug 1989 (34),Sunderland AFC (3),2-1,?,Middlesbrough FC (3)
?,(Sat) 2 Sep 1989 (35),Middlesbrough FC (4),3-3,?,Sheffield United FC (3)
?,(Sat) 2 Sep 1989 (35),Stoke City FC (3),1-1,?,Leeds United FC (4)
?,(Sat) 2 Sep 1989 (35),Hull City AFC (3),1-1,?,West Ham United FC (4)
?,(Sat) 2 Sep 1989 (35),West Bromwich Albion FC (4),1-1,?,Sunderland AFC (4)
?,(Sat) 2 Sep 1989 (35),Blackburn Rovers FC (4),2-2,?,Oxford United FC (3)
?,(Sat) 2 Sep 1989 (35),Watford FC (4),3-1,?,Leicester City FC (4)
?,(Sat) 2 Sep 1989 (35),Newcastle United FC (3),2-1,?,Oldham Athletic AFC (4)
?,(Sat) 2 Sep 1989 (35),Brighton & Hove Albion FC (3),2-0,?,Port Vale FC (3)
?,(Sat) 2 Sep 1989 (35),Bradford City AFC (4),1-1,?,Portsmouth FC (3)
?,(Sat) 2 Sep 1989 (35),Plymouth Argyle FC (3),2-1,?,Barnsley FC (3)
?,(Sat) 2 Sep 1989 (35),Ipswich Town FC (4),1-1,?,AFC Bournemouth (4)
?,(Sun) 3 Sep 1989 (35),Swindon Town FC (3),3-1,?,Wolverhampton Wanderers FC (3)
?,(Tue) 5 Sep 1989 (36),Barnsley FC (4),3-2,?,Stoke City FC (4)
?,(Sat) 9 Sep 1989 (36),West Ham United FC (5),1-1,?,Swindon Town FC (4)
?,(Sat) 9 Sep 1989 (36),Portsmouth FC (4),2-2,?,Hull City AFC (4)
?,(Sat) 9 Sep 1989 (36),Oxford United FC (4),2-1,?,Bradford City AFC (5)
?,(Sat) 9 Sep 1989 (36),Sunderland AFC (5),4-0,?,Watford FC (5)
?,(Sat) 9 Sep 1989 (36),Port Vale FC (4),0-0,?,Blackburn Rovers FC (5)
?,(Sat) 9 Sep 1989 (36),Barnsley FC (5),1-1,?,Middlesbrough FC (5)
?,(Sat) 9 Sep 1989 (36),Wolverhampton Wanderers FC (4),0-0,?,Stoke City FC (5)
?,(Sat) 9 Sep 1989 (36),Oldham Athletic AFC (5),3-2,?,Plymouth Argyle FC (4)
?,(Sat) 9 Sep 1989 (36),AFC Bournemouth (5),2-1,?,Newcastle United FC (4)
?,(Sat) 9 Sep 1989 (36),Sheffield United FC (4),5-4,?,Brighton & Hove Albion FC (4)
?,(Sat) 9 Sep 1989 (36),Leicester City FC (5),1-3,?,West Bromwich Albion FC (5)
?,(Sat) 9 Sep 1989 (36),Leeds United FC (5),1-1,?,Ipswich Town FC (5)
?,(Tue) 12 Sep 1989 (37),Portsmouth FC (5),0-3,?,Plymouth Argyle FC (5)
?,(Tue) 12 Sep 1989 (37),Port Vale FC (5),1-1,?,Hull City AFC (5)
?,(Tue) 12 Sep 1989 (37),Wolverhampton Wanderers FC (5),2-4,?,Brighton & Hove Albion FC (5)
?,(Tue) 12 Sep 1989 (37),Sheffield United FC (5),2-0,?,Swindon Town FC (5)
?,(Wed) 13 Sep 1989 (37),Oxford United FC (5),2-1,?,Newcastle United FC (5)
?,(Sat) 16 Sep 1989 (37),West Bromwich Albion FC (6),3-2,?,Oxford United FC (6)
?,(Sat) 16 Sep 1989 (37),Swindon Town FC (6),0-0,?,Barnsley FC (6)
?,(Sat) 16 Sep 1989 (37),Bradford City AFC (6),2-0,?,Leicester City FC (6)
?,(Sat) 16 Sep 1989 (37),Blackburn Rovers FC (6),1-1,?,Sunderland AFC (6)
?,(Sat) 16 Sep 1989 (37),Stoke City FC (6),1-2,?,Oldham Athletic AFC (6)
?,(Sat) 16 Sep 1989 (37),Middlesbrough FC (6),2-1,?,AFC Bournemouth (6)
?,(Sat) 16 Sep 1989 (37),Hull City AFC (6),0-1,?,Leeds United FC (6)
?,(Sat) 16 Sep 1989 (37),Ipswich Town FC (6),1-3,?,Wolverhampton Wanderers FC (6)
?,(Sat) 16 Sep 1989 (37),Newcastle United FC (6),1-0,?,Portsmouth FC (6)
?,(Sat) 16 Sep 1989 (37),Watford FC (6),1-0,?,Port Vale FC (6)
?,(Sat) 16 Sep 1989 (37),Plymouth Argyle FC (6),0-0,?,Sheffield United FC (6)
?,(Sat) 16 Sep 1989 (37),Brighton & Hove Albion FC (6),3-0,?,West Ham United FC (6)
?,(Sat) 23 Sep 1989 (38),Oxford United FC (7),2-2,?,Ipswich Town FC (7)
?,(Sat) 23 Sep 1989 (38),Stoke City FC (7),1-1,?,Port Vale FC (7)
?,(Sat) 23 Sep 1989 (38),AFC Bournemouth (7),2-4,?,Blackburn Rovers FC (7)
?,(Sat) 23 Sep 1989 (38),Wolverhampton Wanderers FC (7),1-0,?,Plymouth Argyle FC (7)
?,(Sat) 23 Sep 1989 (38),Oldham Athletic AFC (7),2-1,?,West Bromwich Albion FC (7)
?,(Sat) 23 Sep 1989 (38),Portsmouth FC (7),3-1,?,Middlesbrough FC (7)
?,(Sat) 23 Sep 1989 (38),Leeds United FC (7),4-0,?,Swindon Town FC (7)
?,(Sat) 23 Sep 1989 (38),West Ham United FC (7),1-0,?,Watford FC (7)
?,(Sat) 23 Sep 1989 (38),Sheffield United FC (7),0-0,?,Hull City AFC (7)
?,(Sat) 23 Sep 1989 (38),Barnsley FC (7),2-0,?,Bradford City AFC (7)
?,(Sat) 23 Sep 1989 (38),Leicester City FC (7),1-0,?,Brighton & Hove Albion FC (7)
?,(Sun) 24 Sep 1989 (38),Sunderland AFC (7),0-0,?,Newcastle United FC (7)
?,(Tue) 26 Sep 1989 (39),Swindon Town FC (8),3-0,?,Plymouth Argyle FC (8)
?,(Tue) 26 Sep 1989 (39),Stoke City FC (8),1-1,?,Bradford City AFC (8)
?,(Tue) 26 Sep 1989 (39),Portsmouth FC (8),0-1,?,West Ham United FC (8)
?,(Tue) 26 Sep 1989 (39),AFC Bournemouth (8),1-0,?,Port Vale FC (8)
?,(Tue) 26 Sep 1989 (39),Sheffield United FC (8),2-1,?,Oldham Athletic AFC (8)
?,(Tue) 26 Sep 1989 (39),Barnsley FC (8),2-2,?,Wolverhampton Wanderers FC (8)
?,(Wed) 27 Sep 1989 (39),Newcastle United FC (8),2-1,?,Watford FC (8)
?,(Wed) 27 Sep 1989 (39),Leicester City FC (8),2-3,?,Sunderland AFC (8)
?,(Wed) 27 Sep 1989 (39),Leeds United FC (8),2-1,?,Oxford United FC (8)
?,(Wed) 27 Sep 1989 (39),Middlesbrough FC (8),1-0,?,Hull City AFC (8)
?,(Wed) 27 Sep 1989 (39),Brighton & Hove Albion FC (8),1-0,?,Ipswich Town FC (8)
?,(Wed) 27 Sep 1989 (39),West Bromwich Albion FC (8),2-2,?,Blackburn Rovers FC (8)
?,(Sat) 30 Sep 1989 (39),West Ham United FC (9),2-3,?,West Bromwich Albion FC (9)
?,(Sat) 30 Sep 1989 (39),Blackburn Rovers FC (9),5-0,?,Barnsley FC (9)
?,(Sat) 30 Sep 1989 (39),Oldham Athletic AFC (9),1-0,?,Leicester City FC (9)
?,(Sat) 30 Sep 1989 (39),Plymouth Argyle FC (9),2-1,?,Brighton & Hove Albion FC (9)
?,(Sat) 30 Sep 1989 (39),Bradford City AFC (9),1-1,?,Swindon Town FC (9)
?,(Sat) 30 Sep 1989 (39),Sunderland AFC (9),1-1,?,Sheffield United FC (9)
?,(Sat) 30 Sep 1989 (39),Hull City AFC (9),1-3,?,Newcastle United FC (9)
?,(Sat) 30 Sep 1989 (39),Wolverhampton Wanderers FC (9),5-0,?,Portsmouth FC (9)
?,(Sat) 30 Sep 1989 (39),Port Vale FC (9),0-0,?,Leeds United FC (9)
?,(Sat) 30 Sep 1989 (39),Ipswich Town FC (9),2-2,?,Stoke City FC (9)
?,(Sat) 30 Sep 1989 (39),Watford FC (9),1-0,?,Middlesbrough FC (9)
?,(Sat) 30 Sep 1989 (39),Oxford United FC (9),1-2,?,AFC Bournemouth (9)
?,(Sat) 7 Oct 1989 (40),Bradford City AFC (10),2-0,?,Brighton & Hove Albion FC (10)
?,(Sat) 7 Oct 1989 (40),Oldham Athletic AFC (10),2-0,?,Barnsley FC (10)
?,(Sat) 7 Oct 1989 (40),Wolverhampton Wanderers FC (10),1-2,?,Sheffield United FC (10)
?,(Sat) 7 Oct 1989 (40),Watford FC (10),0-2,?,West Bromwich Albion FC (10)
?,(Sat) 7 Oct 1989 (40),Port Vale FC (10),2-1,?,Leicester City FC (10)
?,(Sat) 7 Oct 1989 (40),Oxford United FC (10),2-1,?,Portsmouth FC (10)
?,(Sat) 7 Oct 1989 (40),Hull City AFC (10),2-3,?,Swindon Town FC (10)
?,(Sat) 7 Oct 1989 (40),West Ham United FC (10),0-1,?,Leeds United FC (10)
?,(Sat) 7 Oct 1989 (40),Sunderland AFC (10),3-2,?,AFC Bournemouth (10)
?,(Sat) 7 Oct 1989 (40),Plymouth Argyle FC (10),3-0,?,Stoke City FC (10)
?,(Sat) 7 Oct 1989 (40),Ipswich Town FC (10),2-1,?,Newcastle United FC (10)
?,(Sat) 14 Oct 1989 (41),Leeds United FC (11),2-0,?,Sunderland AFC (11)
?,(Sat) 14 Oct 1989 (41),Portsmouth FC (11),1-1,?,Blackburn Rovers FC (10)
?,(Sat) 14 Oct 1989 (41),Barnsley FC (11),0-3,?,Port Vale FC (11)
?,(Sat) 14 Oct 1989 (41),Brighton & Hove Albion FC (11),1-0,?,Watford FC (11)
?,(Sat) 14 Oct 1989 (41),AFC Bournemouth (11),2-0,?,Oldham Athletic AFC (11)
?,(Sat) 14 Oct 1989 (41),Leicester City FC (11),0-0,?,Oxford United FC (11)
?,(Sat) 14 Oct 1989 (41),Stoke City FC (11),1-1,?,Hull City AFC (11)
?,(Sat) 14 Oct 1989 (41),Sheffield United FC (11),0-2,?,West Ham United FC (11)
?,(Sat) 14 Oct 1989 (41),Middlesbrough FC (10),0-2,?,Plymouth Argyle FC (11)
?,(Sat) 14 Oct 1989 (41),Newcastle United FC (11),1-0,?,Bradford City AFC (11)
?,(Sat) 14 Oct 1989 (41),Swindon Town FC (11),3-0,?,Ipswich Town FC (11)
?,(Sun) 15 Oct 1989 (41),West Bromwich Albion FC (11),1-2,?,Wolverhampton Wanderers FC (11)
?,(Tue) 17 Oct 1989 (42),Portsmouth FC (12),3-3,?,Leeds United FC (12)
?,(Tue) 17 Oct 1989 (42),Barnsley FC (12),1-2,?,Sheffield United FC (12)
?,(Tue) 17 Oct 1989 (42),Wolverhampton Wanderers FC (12),2-0,?,Port Vale FC (12)
?,(Tue) 17 Oct 1989 (42),Plymouth Argyle FC (12),3-1,?,Leicester City FC (12)
?,(Tue) 17 Oct 1989 (42),Swindon Town FC (12),3-0,?,Oxford United FC (12)
?,(Tue) 17 Oct 1989 (42),Stoke City FC (12),2-1,?,West Bromwich Albion FC (12)
?,(Tue) 17 Oct 1989 (42),Watford FC (12),2-2,?,AFC Bournemouth (12)
?,(Tue) 17 Oct 1989 (42),Hull City AFC (12),0-0,?,Oldham Athletic AFC (12)
?,(Wed) 18 Oct 1989 (42),Middlesbrough FC (11),2-2,?,Brighton & Hove Albion FC (12)
?,(Wed) 18 Oct 1989 (42),Newcastle United FC (12),2-1,?,Blackburn Rovers FC (11)
?,(Wed) 18 Oct 1989 (42),Bradford City AFC (12),1-0,?,Ipswich Town FC (12)
?,(Wed) 18 Oct 1989 (42),West Ham United FC (12),5-0,?,Sunderland AFC (12)
?,(Sat) 21 Oct 1989 (42),Oxford United FC (13),2-3,?,Barnsley FC (13)
?,(Sat) 21 Oct 1989 (42),Sunderland AFC (13),1-0,?,Bradford City AFC (13)
?,(Sat) 21 Oct 1989 (42),West Bromwich Albion FC (13),1-1,?,Hull City AFC (13)
?,(Sat) 21 Oct 1989 (42),Blackburn Rovers FC (12),2-2,?,Watford FC (13)
?,(Sat) 21 Oct 1989 (42),AFC Bournemouth (13),0-1,?,Portsmouth FC (13)
?,(Sat) 21 Oct 1989 (42),Port Vale FC (13),2-2,?,West Ham United FC (13)
?,(Sat) 21 Oct 1989 (42),Oldham Athletic AFC (13),2-0,?,Middlesbrough FC (12)
?,(Sat) 21 Oct 1989 (42),Ipswich Town FC (13),3-0,?,Plymouth Argyle FC (13)
?,(Sat) 21 Oct 1989 (42),Brighton & Hove Albion FC (13),0-3,?,Newcastle United FC (13)
?,(Sat) 21 Oct 1989 (42),Leicester City FC (13),2-1,?,Swindon Town FC (13)
?,(Sat) 21 Oct 1989 (42),Sheffield United FC (13),2-1,?,Stoke City FC (13)
?,(Sat) 21 Oct 1989 (42),Leeds United FC (13),1-0,?,Wolverhampton Wanderers FC (13)
?,(Sat) 28 Oct 1989 (43),Watford FC (14),1-3,?,Sheffield United FC (14)
?,(Sat) 28 Oct 1989 (43),West Ham United FC (14),3-2,?,Oxford United FC (14)
?,(Sat) 28 Oct 1989 (43),Middlesbrough FC (13),0-0,?,West Bromwich Albion FC (14)
?,(Sat) 28 Oct 1989 (43),Hull City AFC (14),0-2,?,Brighton & Hove Albion FC (14)
?,(Sat) 28 Oct 1989 (43),Newcastle United FC (14),2-2,?,Port Vale FC (14)
?,(Sat) 28 Oct 1989 (43),Wolverhampton Wanderers FC (14),1-1,?,Oldham Athletic AFC (14)
?,(Sat) 28 Oct 1989 (43),Portsmouth FC (14),2-3,?,Ipswich Town FC (14)
?,(Sat) 28 Oct 1989 (43),Bradford City AFC (14),0-1,?,Leeds United FC (14)
?,(Sat) 28 Oct 1989 (43),Stoke City FC (14),0-2,?,Sunderland AFC (14)
?,(Sat) 28 Oct 1989 (43),Barnsley FC (14),2-2,?,Leicester City FC (14)
?,(Sat) 28 Oct 1989 (43),Plymouth Argyle FC (14),2-2,?,Blackburn Rovers FC (13)
?,(Mon) 30 Oct 1989 (44),Port Vale FC (15),1-1,?,Middlesbrough FC (14)
?,(Tue) 31 Oct 1989 (44),Blackburn Rovers FC (14),0-0,?,Hull City AFC (15)
?,(Tue) 31 Oct 1989 (44),Sunderland AFC (15),4-2,?,Barnsley FC (15)
?,(Tue) 31 Oct 1989 (44),Sheffield United FC (15),2-1,?,Portsmouth FC (15)
?,(Tue) 31 Oct 1989 (44),Ipswich Town FC (15),1-0,?,Watford FC (15)
?,(Tue) 31 Oct 1989 (44),Oldham Athletic AFC (15),2-2,?,Bradford City AFC (15)
?,(Wed) 1 Nov 1989 (44),Leicester City FC (15),0-0,?,Wolverhampton Wanderers FC (15)
?,(Wed) 1 Nov 1989 (44),Leeds United FC (15),2-1,?,Plymouth Argyle FC (15)
?,(Wed) 1 Nov 1989 (44),AFC Bournemouth (14),1-1,?,West Ham United FC (15)
?,(Wed) 1 Nov 1989 (44),Brighton & Hove Albion FC (15),1-2,?,Swindon Town FC (14)
?,(Wed) 1 Nov 1989 (44),Oxford United FC (15),3-0,?,Stoke City FC (15)
?,(Wed) 1 Nov 1989 (44),West Bromwich Albion FC (15),1-5,?,Newcastle United FC (15)
?,(Sat) 4 Nov 1989 (44),Swindon Town FC (15),6-0,?,Stoke City FC (16)
?,(Sat) 4 Nov 1989 (44),Hull City AFC (16),0-0,?,Watford FC (16)
?,(Sat) 4 Nov 1989 (44),Oldham Athletic AFC (16),2-1,?,Sunderland AFC (16)
?,(Sat) 4 Nov 1989 (44),Ipswich Town FC (16),3-1,?,West Bromwich Albion FC (16)
?,(Sat) 4 Nov 1989 (44),Plymouth Argyle FC (16),1-1,?,Bradford City AFC (16)
?,(Sat) 4 Nov 1989 (44),Barnsley FC (16),0-1,?,Portsmouth FC (16)
?,(Sat) 4 Nov 1989 (44),Sheffield United FC (16),1-1,?,Leicester City FC (16)
?,(Sat) 4 Nov 1989 (44),Brighton & Hove Albion FC (16),1-2,?,Blackburn Rovers FC (15)
?,(Sat) 4 Nov 1989 (44),Leeds United FC (16),3-0,?,AFC Bournemouth (15)
?,(Sat) 4 Nov 1989 (44),Newcastle United FC (16),2-2,?,Middlesbrough FC (15)
?,(Sat) 4 Nov 1989 (44),Port Vale FC (16),1-2,?,Oxford United FC (16)
?,(Sat) 4 Nov 1989 (44),Wolverhampton Wanderers FC (16),1-0,?,West Ham United FC (16)
?,(Sat) 11 Nov 1989 (45),Blackburn Rovers FC (16),2-2,?,Ipswich Town FC (17)
?,(Sat) 11 Nov 1989 (45),Leicester City FC (17),4-3,?,Leeds United FC (17)
?,(Sat) 11 Nov 1989 (45),Sunderland AFC (17),1-1,?,Wolverhampton Wanderers FC (17)
?,(Sat) 11 Nov 1989 (45),Oxford United FC (17),0-1,?,Oldham Athletic AFC (17)
?,(Sat) 11 Nov 1989 (45),Watford FC (17),1-2,?,Plymouth Argyle FC (17)
?,(Sat) 11 Nov 1989 (45),Middlesbrough FC (16),0-2,?,Swindon Town FC (16)
?,(Sat) 11 Nov 1989 (45),AFC Bournemouth (16),0-1,?,Sheffield United FC (17)
?,(Sat) 11 Nov 1989 (45),Bradford City AFC (17),2-3,?,Hull City AFC (17)
?,(Sat) 11 Nov 1989 (45),Portsmouth FC (17),2-0,?,Port Vale FC (17)
?,(Sat) 11 Nov 1989 (45),West Bromwich Albion FC (17),7-0,?,Barnsley FC (17)
?,(Sat) 11 Nov 1989 (45),West Ham United FC (17),0-0,?,Newcastle United FC (17)
?,(Sat) 11 Nov 1989 (45),Stoke City FC (17),3-2,?,Brighton & Hove Albion FC (17)
?,(Sat) 18 Nov 1989 (46),West Ham United FC (18),2-0,?,Middlesbrough FC (17)
?,(Sat) 18 Nov 1989 (46),Barnsley FC (18),1-1,?,Newcastle United FC (18)
?,(Sat) 18 Nov 1989 (46),Sheffield United FC (18),1-1,?,Bradford City AFC (18)
?,(Sat) 18 Nov 1989 (46),Portsmouth FC (18),1-1,?,West Bromwich Albion FC (18)
?,(Sat) 18 Nov 1989 (46),AFC Bournemouth (17),2-1,?,Stoke City FC (18)
?,(Sat) 18 Nov 1989 (46),Leeds United FC (18),2-1,?,Watford FC (18)
?,(Sat) 18 Nov 1989 (46),Wolverhampton Wanderers FC (18),1-2,?,Blackburn Rovers FC (17)
?,(Sat) 18 Nov 1989 (46),Port Vale FC (18),2-0,?,Swindon Town FC (17)
?,(Sat) 18 Nov 1989 (46),Oldham Athletic AFC (18),1-1,?,Brighton & Hove Albion FC (18)
?,(Sat) 18 Nov 1989 (46),Sunderland AFC (18),3-1,?,Plymouth Argyle FC (18)
?,(Sat) 18 Nov 1989 (46),Leicester City FC (18),0-1,?,Ipswich Town FC (18)
?,(Sat) 18 Nov 1989 (46),Oxford United FC (18),0-0,?,Hull City AFC (18)
?,(Tue) 21 Nov 1989 (47),Blackburn Rovers FC (18),2-4,?,Middlesbrough FC (18)
?,(Sat) 25 Nov 1989 (47),Blackburn Rovers FC (19),5-4,?,West Ham United FC (19)
?,(Sat) 25 Nov 1989 (47),Brighton & Hove Albion FC (19),1-2,?,Sunderland AFC (19)
?,(Sat) 25 Nov 1989 (47),Plymouth Argyle FC (19),1-2,?,Port Vale FC (19)
?,(Sat) 25 Nov 1989 (47),Middlesbrough FC (19),1-0,?,Oxford United FC (19)
?,(Sat) 25 Nov 1989 (47),Newcastle United FC (19),2-0,?,Sheffield United FC (19)
?,(Sat) 25 Nov 1989 (47),Ipswich Town FC (19),1-1,?,Oldham Athletic AFC (19)
?,(Sat) 25 Nov 1989 (47),Watford FC (19),3-1,?,Wolverhampton Wanderers FC (19)
?,(Sat) 25 Nov 1989 (47),West Bromwich Albion FC (19),2-1,?,Leeds United FC (19)
?,(Sat) 25 Nov 1989 (47),Stoke City FC (19),0-1,?,Leicester City FC (19)
?,(Sat) 25 Nov 1989 (47),Bradford City AFC (19),1-0,?,AFC Bournemouth (18)
?,(Sat) 25 Nov 1989 (47),Hull City AFC (19),1-2,?,Barnsley FC (19)
?,(Sun) 26 Nov 1989 (47),Swindon Town FC (18),2-2,?,Portsmouth FC (19)
?,(Fri) 1 Dec 1989 (48),Oldham Athletic AFC (20),2-0,?,Blackburn Rovers FC (20)
?,(Sat) 2 Dec 1989 (48),AFC Bournemouth (19),0-2,?,Brighton & Hove Albion FC (20)
?,(Sat) 2 Dec 1989 (48),Leeds United FC (20),1-0,?,Newcastle United FC (20)
?,(Sat) 2 Dec 1989 (48),Sunderland AFC (20),2-2,?,Swindon Town FC (19)
?,(Sat) 2 Dec 1989 (48),Leicester City FC (20),2-1,?,Hull City AFC (20)
?,(Sat) 2 Dec 1989 (48),Sheffield United FC (20),3-1,?,West Bromwich Albion FC (20)
?,(Sat) 2 Dec 1989 (48),Oxford United FC (20),3-2,?,Plymouth Argyle FC (20)
?,(Sat) 2 Dec 1989 (48),Portsmouth FC (20),1-2,?,Watford FC (20)
?,(Sat) 2 Dec 1989 (48),West Ham United FC (20),0-0,?,Stoke City FC (20)
?,(Sat) 2 Dec 1989 (48),Port Vale FC (20),3-2,?,Bradford City AFC (20)
?,(Sat) 2 Dec 1989 (48),Wolverhampton Wanderers FC (20),2-0,?,Middlesbrough FC (20)
?,(Sat) 2 Dec 1989 (48),Barnsley FC (20),0-1,?,Ipswich Town FC (20)
?,(Tue) 5 Dec 1989 (49),Swindon Town FC (20),2-3,?,AFC Bournemouth (20)
?,(Sat) 9 Dec 1989 (49),Watford FC (21),3-0,?,Oldham Athletic AFC (21)
?,(Sat) 9 Dec 1989 (49),Newcastle United FC (21),2-3,?,Oxford United FC (21)
?,(Sat) 9 Dec 1989 (49),Hull City AFC (21),2-1,?,Port Vale FC (21)
?,(Sat) 9 Dec 1989 (49),Blackburn Rovers FC (21),2-4,?,Leicester City FC (21)
?,(Sat) 9 Dec 1989 (49),Ipswich Town FC (21),1-1,?,Sunderland AFC (21)
?,(Sat) 9 Dec 1989 (49),Bradford City AFC (21),2-1,?,West Ham United FC (21)
?,(Sat) 9 Dec 1989 (49),Brighton & Hove Albion FC (21),1-1,?,Wolverhampton Wanderers FC (21)
?,(Sat) 9 Dec 1989 (49),West Bromwich Albion FC (21),2-2,?,AFC Bournemouth (21)
?,(Sat) 9 Dec 1989 (49),Stoke City FC (21),0-1,?,Barnsley FC (21)
?,(Sat) 9 Dec 1989 (49),Middlesbrough FC (21),0-2,?,Leeds United FC (21)
?,(Sun) 10 Dec 1989 (49),Plymouth Argyle FC (21),0-2,?,Portsmouth FC (21)
?,(Sun) 10 Dec 1989 (49),Swindon Town FC (21),0-2,?,Sheffield United FC (21)
?,(Sat) 16 Dec 1989 (50),Leeds United FC (22),3-0,?,Brighton & Hove Albion FC (22)
?,(Sat) 16 Dec 1989 (50),Oxford United FC (22),2-2,?,Wolverhampton Wanderers FC (22)
?,(Sat) 16 Dec 1989 (50),Portsmouth FC (22),3-3,?,Sunderland AFC (22)
?,(Sat) 16 Dec 1989 (50),Watford FC (22),7-2,?,Bradford City AFC (22)
?,(Sat) 16 Dec 1989 (50),Port Vale FC (22),1-1,?,Sheffield United FC (22)
?,(Sat) 16 Dec 1989 (50),Middlesbrough FC (22),4-1,?,Leicester City FC (22)
?,(Sat) 16 Dec 1989 (50),West Ham United FC (22),0-2,?,Oldham Athletic AFC (22)
?,(Sat) 16 Dec 1989 (50),AFC Bournemouth (22),2-1,?,Barnsley FC (22)
?,(Sun) 17 Dec 1989 (50),West Bromwich Albion FC (22),1-2,?,Swindon Town FC (22)
?,(Tue) 26 Dec 1989 (52),Swindon Town FC (23),4-3,?,Blackburn Rovers FC (22)
?,(Tue) 26 Dec 1989 (52),Leicester City FC (23),2-1,?,AFC Bournemouth (23)
?,(Tue) 26 Dec 1989 (52),Wolverhampton Wanderers FC (23),1-2,?,Hull City AFC (22)
?,(Tue) 26 Dec 1989 (52),Barnsley FC (23),0-1,?,Watford FC (23)
?,(Tue) 26 Dec 1989 (52),Plymouth Argyle FC (22),2-2,?,West Bromwich Albion FC (23)
?,(Tue) 26 Dec 1989 (52),Oldham Athletic AFC (23),2-1,?,Port Vale FC (23)
?,(Tue) 26 Dec 1989 (52),Sheffield United FC (23),2-2,?,Leeds United FC (23)
?,(Tue) 26 Dec 1989 (52),Sunderland AFC (23),1-0,?,Oxford United FC (23)
?,(Tue) 26 Dec 1989 (52),Bradford City AFC (23),0-1,?,Middlesbrough FC (23)
?,(Tue) 26 Dec 1989 (52),Ipswich Town FC (22),1-0,?,West Ham United FC (23)
?,(Tue) 26 Dec 1989 (52),Stoke City FC (22),2-1,?,Newcastle United FC (22)
?,(Tue) 26 Dec 1989 (52),Brighton & Hove Albion FC (23),0-0,?,Portsmouth FC (23)
?,(Fri) 29 Dec 1989 (52),Plymouth Argyle FC (23),1-2,?,Hull City AFC (23)
?,(Sat) 30 Dec 1989 (52),Wolverhampton Wanderers FC (24),3-1,?,AFC Bournemouth (24)
?,(Sat) 30 Dec 1989 (52),Oldham Athletic AFC (24),3-3,?,Portsmouth FC (24)
?,(Sat) 30 Dec 1989 (52),Sunderland AFC (24),2-2,?,Port Vale FC (24)
?,(Sat) 30 Dec 1989 (52),Sheffield United FC (24),1-2,?,Blackburn Rovers FC (23)
?,(Sat) 30 Dec 1989 (52),Brighton & Hove Albion FC (24),0-1,?,Oxford United FC (24)
?,(Sat) 30 Dec 1989 (52),Barnsley FC (24),1-0,?,Leeds United FC (24)
?,(Sat) 30 Dec 1989 (52),Bradford City AFC (24),2-0,?,West Bromwich Albion FC (24)
?,(Sat) 30 Dec 1989 (52),Leicester City FC (24),1-0,?,West Ham United FC (24)
?,(Sat) 30 Dec 1989 (52),Stoke City FC (23),2-2,?,Watford FC (24)
?,(Sat) 30 Dec 1989 (52),Ipswich Town FC (23),3-0,?,Middlesbrough FC (24)
?,(Sat) 30 Dec 1989 (52),Swindon Town FC (24),1-1,?,Newcastle United FC (23)
?,(Mon) 1 Jan 1990 (1),AFC Bournemouth (25),2-2,?,Plymouth Argyle FC (24)
?,(Mon) 1 Jan 1990 (1),Middlesbrough FC (25),0-1,?,Stoke City FC (24)
?,(Mon) 1 Jan 1990 (1),West Bromwich Albion FC (25),3-0,?,Brighton & Hove Albion FC (25)
?,(Mon) 1 Jan 1990 (1),Leeds United FC (25),1-1,?,Oldham Athletic AFC (25)
?,(Mon) 1 Jan 1990 (1),Portsmouth FC (25),2-3,?,Leicester City FC (25)
?,(Mon) 1 Jan 1990 (1),Hull City AFC (24),3-2,?,Sunderland AFC (25)
?,(Mon) 1 Jan 1990 (1),Oxford United FC (25),3-0,?,Sheffield United FC (25)
?,(Mon) 1 Jan 1990 (1),Watford FC (25),0-2,?,Swindon Town FC (25)
?,(Mon) 1 Jan 1990 (1),Newcastle United FC (24),1-4,?,Wolverhampton Wanderers FC (25)
?,(Mon) 1 Jan 1990 (1),Blackburn Rovers FC (24),2-2,?,Bradford City AFC (25)
?,(Mon) 1 Jan 1990 (1),Port Vale FC (25),5-0,?,Ipswich Town FC (24)
?,(Mon) 1 Jan 1990 (1),West Ham United FC (25),4-2,?,Barnsley FC (25)
?,(Sat) 13 Jan 1990 (2),Newcastle United FC (25),5-4,?,Leicester City FC (26)
?,(Sat) 13 Jan 1990 (2),Hull City AFC (25),1-4,?,AFC Bournemouth (26)
?,(Sat) 13 Jan 1990 (2),Blackburn Rovers FC (25),1-2,?,Leeds United FC (26)
?,(Sat) 13 Jan 1990 (2),Swindon Town FC (26),3-2,?,Oldham Athletic AFC (26)
?,(Sat) 13 Jan 1990 (2),Plymouth Argyle FC (25),1-1,?,West Ham United FC (26)
?,(Sat) 13 Jan 1990 (2),Brighton & Hove Albion FC (26),1-1,?,Barnsley FC (26)
?,(Sat) 13 Jan 1990 (2),Ipswich Town FC (25),1-1,?,Sheffield United FC (26)
?,(Sat) 13 Jan 1990 (2),Bradford City AFC (26),1-1,?,Wolverhampton Wanderers FC (26)
?,(Sat) 13 Jan 1990 (2),Stoke City FC (25),1-2,?,Portsmouth FC (26)
?,(Sat) 13 Jan 1990 (2),Watford FC (26),0-1,?,Oxford United FC (26)
?,(Sat) 13 Jan 1990 (2),West Bromwich Albion FC (26),2-3,?,Port Vale FC (26)
?,(Sun) 14 Jan 1990 (2),Middlesbrough FC (26),3-0,?,Sunderland AFC (26)
?,(Sat) 20 Jan 1990 (3),Port Vale FC (27),2-1,?,Brighton & Hove Albion FC (27)
?,(Sat) 20 Jan 1990 (3),Leeds United FC (27),2-0,?,Stoke City FC (26)
?,(Sat) 20 Jan 1990 (3),Leicester City FC (27),1-1,?,Watford FC (27)
?,(Sat) 20 Jan 1990 (3),Sunderland AFC (27),1-1,?,West Bromwich Albion FC (27)
?,(Sat) 20 Jan 1990 (3),Barnsley FC (27),1-1,?,Plymouth Argyle FC (26)
?,(Sat) 20 Jan 1990 (3),Oxford United FC (27),1-1,?,Blackburn Rovers FC (26)
?,(Sat) 20 Jan 1990 (3),Portsmouth FC (27),3-0,?,Bradford City AFC (27)
?,(Sat) 20 Jan 1990 (3),West Ham United FC (27),1-2,?,Hull City AFC (26)
?,(Sat) 20 Jan 1990 (3),AFC Bournemouth (27),3-1,?,Ipswich Town FC (26)
?,(Sat) 20 Jan 1990 (3),Wolverhampton Wanderers FC (27),2-1,?,Swindon Town FC (27)
?,(Sat) 20 Jan 1990 (3),Sheffield United FC (27),1-0,?,Middlesbrough FC (27)
?,(Sat) 20 Jan 1990 (3),Oldham Athletic AFC (27),1-1,?,Newcastle United FC (26)
?,(Sat) 27 Jan 1990 (4),Blackburn Rovers FC (27),3-0,?,Stoke City FC (27)
?,(Sat) 3 Feb 1990 (5),Blackburn Rovers FC (28),1-1,?,AFC Bournemouth (28)
?,(Sat) 3 Feb 1990 (5),Port Vale FC (28),0-0,?,Stoke City FC (28)
?,(Sat) 3 Feb 1990 (5),Plymouth Argyle FC (27),0-1,?,Wolverhampton Wanderers FC (28)
?,(Sat) 3 Feb 1990 (5),West Bromwich Albion FC (28),2-2,?,Oldham Athletic AFC (28)
?,(Sat) 3 Feb 1990 (5),Middlesbrough FC (28),2-0,?,Portsmouth FC (28)
?,(Sat) 3 Feb 1990 (5),Hull City AFC (27),0-0,?,Sheffield United FC (28)
?,(Sat) 3 Feb 1990 (5),Bradford City AFC (28),0-0,?,Barnsley FC (28)
?,(Sun) 4 Feb 1990 (5),Newcastle United FC (27),1-1,?,Sunderland AFC (28)
?,(Sun) 4 Feb 1990 (5),Swindon Town FC (28),3-2,?,Leeds United FC (28)
?,(Sat) 10 Feb 1990 (6),Wolverhampton Wanderers FC (29),2-1,?,Ipswich Town FC (27)
?,(Sat) 10 Feb 1990 (6),Sheffield United FC (29),1-0,?,Plymouth Argyle FC (28)
?,(Sat) 10 Feb 1990 (6),AFC Bournemouth (29),2-2,?,Middlesbrough FC (29)
?,(Sat) 10 Feb 1990 (6),Barnsley FC (29),0-1,?,Swindon Town FC (29)
?,(Sat) 10 Feb 1990 (6),Portsmouth FC (29),1-1,?,Newcastle United FC (28)
?,(Sat) 10 Feb 1990 (6),Leeds United FC (29),4-3,?,Hull City AFC (28)
?,(Sat) 10 Feb 1990 (6),Leicester City FC (28),1-1,?,Bradford City AFC (29)
?,(Sat) 10 Feb 1990 (6),Oxford United FC (28),0-1,?,West Bromwich Albion FC (29)
?,(Sat) 10 Feb 1990 (6),West Ham United FC (28),3-1,?,Brighton & Hove Albion FC (28)
?,(Sat) 10 Feb 1990 (6),Oldham Athletic AFC (29),2-0,?,Stoke City FC (29)
?,(Sat) 10 Feb 1990 (6),Port Vale FC (29),1-0,?,Watford FC (28)
?,(Sat) 10 Feb 1990 (6),Sunderland AFC (29),0-1,?,Blackburn Rovers FC (29)
?,(Sat) 17 Feb 1990 (7),Brighton & Hove Albion FC (29),1-0,?,Leicester City FC (29)
?,(Sat) 17 Feb 1990 (7),Bradford City AFC (30),1-2,?,Oxford United FC (29)
?,(Sat) 17 Feb 1990 (7),Ipswich Town FC (28),2-2,?,Leeds United FC (30)
?,(Sat) 17 Feb 1990 (7),Watford FC (29),1-1,?,Sunderland AFC (30)
?,(Sat) 17 Feb 1990 (7),Stoke City FC (30),2-0,?,Wolverhampton Wanderers FC (30)
?,(Sat) 17 Feb 1990 (7),Hull City AFC (29),1-2,?,Portsmouth FC (30)
?,(Sat) 17 Feb 1990 (7),Blackburn Rovers FC (30),1-0,?,Port Vale FC (30)
?,(Sun) 18 Feb 1990 (7),Swindon Town FC (30),2-2,?,West Ham United FC (29)
?,(Wed) 21 Feb 1990 (8),West Bromwich Albion FC (30),0-1,?,Leicester City FC (30)
?,(Sat) 24 Feb 1990 (8),Sunderland AFC (31),2-1,?,Brighton & Hove Albion FC (30)
?,(Sat) 24 Feb 1990 (8),Oxford United FC (30),3-1,?,Middlesbrough FC (30)
?,(Sat) 24 Feb 1990 (8),Leeds United FC (31),2-2,?,West Bromwich Albion FC (31)
?,(Sat) 24 Feb 1990 (8),Wolverhampton Wanderers FC (31),1-1,?,Watford FC (30)
?,(Sat) 24 Feb 1990 (8),Sheffield United FC (30),1-1,?,Newcastle United FC (29)
?,(Sat) 24 Feb 1990 (8),Leicester City FC (31),2-1,?,Stoke City FC (31)
?,(Sat) 24 Feb 1990 (8),Port Vale FC (31),3-0,?,Plymouth Argyle FC (29)
?,(Sat) 24 Feb 1990 (8),Barnsley FC (30),1-1,?,Hull City AFC (30)
?,(Sat) 24 Feb 1990 (8),Oldham Athletic AFC (30),4-1,?,Ipswich Town FC (29)
?,(Sat) 24 Feb 1990 (8),West Ham United FC (30),1-1,?,Blackburn Rovers FC (31)
?,(Sat) 24 Feb 1990 (8),AFC Bournemouth (30),1-0,?,Bradford City AFC (31)
?,(Sat) 24 Feb 1990 (8),Portsmouth FC (31),1-1,?,Swindon Town FC (31)
?,(Wed) 28 Feb 1990 (9),Newcastle United FC (30),3-0,?,AFC Bournemouth (31)
?,(Wed) 28 Feb 1990 (9),Brighton & Hove Albion FC (31),1-0,?,Middlesbrough FC (31)
?,(Sat) 3 Mar 1990 (9),West Bromwich Albion FC (32),0-0,?,Portsmouth FC (32)
?,(Sat) 3 Mar 1990 (9),Swindon Town FC (32),3-0,?,Port Vale FC (32)
?,(Sat) 3 Mar 1990 (9),Blackburn Rovers FC (32),2-3,?,Wolverhampton Wanderers FC (32)
?,(Sat) 3 Mar 1990 (9),Middlesbrough FC (32),0-1,?,West Ham United FC (31)
?,(Sat) 3 Mar 1990 (9),Watford FC (31),1-0,?,Leeds United FC (32)
?,(Sat) 3 Mar 1990 (9),Plymouth Argyle FC (30),3-0,?,Sunderland AFC (32)
?,(Sat) 3 Mar 1990 (9),Hull City AFC (31),1-0,?,Oxford United FC (31)
?,(Sat) 3 Mar 1990 (9),Newcastle United FC (31),4-1,?,Barnsley FC (31)
?,(Sat) 3 Mar 1990 (9),Brighton & Hove Albion FC (32),1-1,?,Oldham Athletic AFC (31)
?,(Sat) 3 Mar 1990 (9),Stoke City FC (32),0-0,?,AFC Bournemouth (32)
?,(Sat) 3 Mar 1990 (9),Ipswich Town FC (30),2-2,?,Leicester City FC (32)
?,(Sat) 3 Mar 1990 (9),Bradford City AFC (32),1-4,?,Sheffield United FC (31)
?,(Tue) 6 Mar 1990 (10),Swindon Town FC (33),3-1,?,Bradford City AFC (33)
?,(Tue) 6 Mar 1990 (10),AFC Bournemouth (33),0-1,?,Oxford United FC (32)
?,(Tue) 6 Mar 1990 (10),Portsmouth FC (33),1-3,?,Wolverhampton Wanderers FC (33)
?,(Tue) 6 Mar 1990 (10),Stoke City FC (33),0-0,?,Ipswich Town FC (31)
?,(Wed) 7 Mar 1990 (10),Middlesbrough FC (33),1-2,?,Watford FC (32)
?,(Wed) 7 Mar 1990 (10),Brighton & Hove Albion FC (33),2-1,?,Plymouth Argyle FC (31)
?,(Wed) 7 Mar 1990 (10),Leeds United FC (33),0-0,?,Port Vale FC (33)
?,(Wed) 7 Mar 1990 (10),Newcastle United FC (32),2-0,?,Hull City AFC (32)
?,(Sat) 10 Mar 1990 (10),Bradford City AFC (34),1-0,?,Stoke City FC (34)
?,(Sat) 10 Mar 1990 (10),Ipswich Town FC (32),2-1,?,Brighton & Hove Albion FC (34)
?,(Sat) 10 Mar 1990 (10),Wolverhampton Wanderers FC (34),1-1,?,Barnsley FC (32)
?,(Sat) 10 Mar 1990 (10),Oxford United FC (33),2-4,?,Leeds United FC (34)
?,(Sat) 10 Mar 1990 (10),Port Vale FC (34),1-1,?,AFC Bournemouth (34)
?,(Sat) 10 Mar 1990 (10),Plymouth Argyle FC (32),0-3,?,Swindon Town FC (34)
?,(Sat) 10 Mar 1990 (10),Watford FC (33),0-0,?,Newcastle United FC (33)
?,(Sat) 10 Mar 1990 (10),West Ham United FC (32),2-1,?,Portsmouth FC (34)
?,(Sat) 10 Mar 1990 (10),Blackburn Rovers FC (33),2-1,?,West Bromwich Albion FC (33)
?,(Sat) 10 Mar 1990 (10),Sunderland AFC (33),2-2,?,Leicester City FC (33)
?,(Sat) 10 Mar 1990 (10),Hull City AFC (33),0-0,?,Middlesbrough FC (34)
?,(Tue) 13 Mar 1990 (11),Ipswich Town FC (33),1-0,?,Oxford United FC (34)
?,(Tue) 13 Mar 1990 (11),Watford FC (34),0-1,?,West Ham United FC (33)
?,(Wed) 14 Mar 1990 (11),West Bromwich Albion FC (34),2-0,?,Bradford City AFC (35)
?,(Wed) 14 Mar 1990 (11),Brighton & Hove Albion FC (35),2-2,?,Sheffield United FC (32)
?,(Sat) 17 Mar 1990 (11),Stoke City FC (35),0-0,?,Plymouth Argyle FC (33)
?,(Sat) 17 Mar 1990 (11),Portsmouth FC (35),2-1,?,Oxford United FC (35)
?,(Sat) 17 Mar 1990 (11),Leeds United FC (35),3-2,?,West Ham United FC (34)
?,(Sat) 17 Mar 1990 (11),AFC Bournemouth (35),0-1,?,Sunderland AFC (34)
?,(Sat) 17 Mar 1990 (11),Middlesbrough FC (35),0-3,?,Blackburn Rovers FC (34)
?,(Sat) 17 Mar 1990 (11),Leicester City FC (34),2-0,?,Port Vale FC (35)
?,(Sat) 17 Mar 1990 (11),Brighton & Hove Albion FC (36),2-1,?,Bradford City AFC (36)
?,(Sat) 17 Mar 1990 (11),Sheffield United FC (33),3-0,?,Wolverhampton Wanderers FC (35)
?,(Sat) 17 Mar 1990 (11),Newcastle United FC (34),2-1,?,Ipswich Town FC (34)
?,(Sat) 17 Mar 1990 (11),West Bromwich Albion FC (35),2-0,?,Watford FC (35)
?,(Sat) 17 Mar 1990 (11),Barnsley FC (33),1-0,?,Oldham Athletic AFC (32)
?,(Sat) 17 Mar 1990 (11),Swindon Town FC (35),1-3,?,Hull City AFC (34)
?,(Mon) 19 Mar 1990 (12),Port Vale FC (36),2-1,?,Barnsley FC (34)
?,(Tue) 20 Mar 1990 (12),Oldham Athletic AFC (33),4-0,?,AFC Bournemouth (36)
?,(Tue) 20 Mar 1990 (12),Hull City AFC (35),0-0,?,Stoke City FC (36)
?,(Tue) 20 Mar 1990 (12),Ipswich Town FC (35),1-0,?,Swindon Town FC (36)
?,(Tue) 20 Mar 1990 (12),Wolverhampton Wanderers FC (36),2-1,?,West Bromwich Albion FC (36)
?,(Tue) 20 Mar 1990 (12),Sunderland AFC (35),0-1,?,Leeds United FC (36)
?,(Tue) 20 Mar 1990 (12),Watford FC (36),4-2,?,Brighton & Hove Albion FC (37)
?,(Tue) 20 Mar 1990 (12),Plymouth Argyle FC (34),1-2,?,Middlesbrough FC (36)
?,(Tue) 20 Mar 1990 (12),Blackburn Rovers FC (35),2-0,?,Portsmouth FC (36)
?,(Wed) 21 Mar 1990 (12),West Ham United FC (35),5-0,?,Sheffield United FC (34)
?,(Wed) 21 Mar 1990 (12),Bradford City AFC (37),3-2,?,Newcastle United FC (35)
?,(Wed) 21 Mar 1990 (12),Oxford United FC (36),4-2,?,Leicester City FC (35)
?,(Sat) 24 Mar 1990 (12),West Bromwich Albion FC (37),1-1,?,Stoke City FC (37)
?,(Sat) 24 Mar 1990 (12),Leicester City FC (36),1-1,?,Plymouth Argyle FC (35)
?,(Sat) 24 Mar 1990 (12),AFC Bournemouth (37),0-0,?,Watford FC (37)
?,(Sat) 24 Mar 1990 (12),Blackburn Rovers FC (36),2-0,?,Newcastle United FC (36)
?,(Sat) 24 Mar 1990 (12),Oldham Athletic AFC (34),3-2,?,Hull City AFC (36)
?,(Sat) 24 Mar 1990 (12),Ipswich Town FC (36),1-0,?,Bradford City AFC (38)
?,(Sat) 24 Mar 1990 (12),Port Vale FC (37),3-1,?,Wolverhampton Wanderers FC (37)
?,(Sat) 24 Mar 1990 (12),Oxford United FC (37),2-2,?,Swindon Town FC (37)
?,(Sat) 24 Mar 1990 (12),Leeds United FC (37),2-0,?,Portsmouth FC (37)
?,(Sat) 24 Mar 1990 (12),Sunderland AFC (36),4-3,?,West Ham United FC (36)
?,(Sat) 24 Mar 1990 (12),Sheffield United FC (35),1-2,?,Barnsley FC (35)
?,(Wed) 28 Mar 1990 (13),Oldham Athletic AFC (35),0-2,?,Sheffield United FC (36)
?,(Sat) 31 Mar 1990 (13),Wolverhampton Wanderers FC (38),1-0,?,Leeds United FC (38)
?,(Sat) 31 Mar 1990 (13),Portsmouth FC (38),2-1,?,AFC Bournemouth (38)
?,(Sat) 31 Mar 1990 (13),Bradford City AFC (39),0-1,?,Sunderland AFC (37)
?,(Sat) 31 Mar 1990 (13),Newcastle United FC (37),2-0,?,Brighton & Hove Albion FC (38)
?,(Sat) 31 Mar 1990 (13),Plymouth Argyle FC (36),1-0,?,Ipswich Town FC (37)
?,(Sat) 31 Mar 1990 (13),Watford FC (38),3-1,?,Blackburn Rovers FC (37)
?,(Sat) 31 Mar 1990 (13),Barnsley FC (36),1-0,?,Oxford United FC (38)
?,(Sat) 31 Mar 1990 (13),Hull City AFC (37),0-2,?,West Bromwich Albion FC (38)
?,(Sat) 31 Mar 1990 (13),Swindon Town FC (38),1-1,?,Leicester City FC (37)
?,(Sat) 31 Mar 1990 (13),Stoke City FC (38),0-1,?,Sheffield United FC (37)
?,(Sat) 31 Mar 1990 (13),Middlesbrough FC (37),1-0,?,Oldham Athletic AFC (36)
?,(Sat) 31 Mar 1990 (13),West Ham United FC (37),2-2,?,Port Vale FC (38)
?,(Tue) 3 Apr 1990 (14),Barnsley FC (37),0-0,?,Blackburn Rovers FC (38)
?,(Tue) 3 Apr 1990 (14),Leicester City FC (38),3-0,?,Oldham Athletic AFC (37)
?,(Tue) 3 Apr 1990 (14),Newcastle United FC (38),3-1,?,Plymouth Argyle FC (37)
?,(Tue) 3 Apr 1990 (14),Sheffield United FC (38),1-3,?,Sunderland AFC (38)
?,(Tue) 3 Apr 1990 (14),AFC Bournemouth (39),1-1,?,Wolverhampton Wanderers FC (39)
?,(Wed) 4 Apr 1990 (14),West Bromwich Albion FC (39),1-3,?,West Ham United FC (38)
?,(Fri) 6 Apr 1990 (14),Brighton & Hove Albion FC (39),2-0,?,Hull City AFC (38)
?,(Sat) 7 Apr 1990 (14),Blackburn Rovers FC (39),2-0,?,Plymouth Argyle FC (38)
?,(Sat) 7 Apr 1990 (14),Oxford United FC (39),0-2,?,West Ham United FC (39)
?,(Sat) 7 Apr 1990 (14),AFC Bournemouth (40),1-2,?,Swindon Town FC (39)
?,(Sat) 7 Apr 1990 (14),West Bromwich Albion FC (40),0-0,?,Middlesbrough FC (38)
?,(Sat) 7 Apr 1990 (14),Leicester City FC (39),2-2,?,Barnsley FC (38)
?,(Sat) 7 Apr 1990 (14),Watford FC (39),3-3,?,Ipswich Town FC (38)
?,(Sat) 7 Apr 1990 (14),Sunderland AFC (39),2-1,?,Stoke City FC (39)
?,(Sat) 7 Apr 1990 (14),Portsmouth FC (39),3-2,?,Sheffield United FC (39)
?,(Sat) 7 Apr 1990 (14),Port Vale FC (39),1-2,?,Newcastle United FC (39)
?,(Sat) 7 Apr 1990 (14),Leeds United FC (39),1-1,?,Bradford City AFC (40)
?,(Tue) 10 Apr 1990 (15),Plymouth Argyle FC (39),1-1,?,Leeds United FC (40)
?,(Tue) 10 Apr 1990 (15),Barnsley FC (39),1-0,?,Sunderland AFC (40)
?,(Tue) 10 Apr 1990 (15),Stoke City FC (40),1-2,?,Oxford United FC (40)
?,(Tue) 10 Apr 1990 (15),Swindon Town FC (40),1-2,?,Brighton & Hove Albion FC (40)
?,(Tue) 10 Apr 1990 (15),Wolverhampton Wanderers FC (40),5-0,?,Leicester City FC (40)
?,(Tue) 10 Apr 1990 (15),Hull City AFC (39),2-0,?,Blackburn Rovers FC (40)
?,(Tue) 10 Apr 1990 (15),Sheffield United FC (40),4-1,?,Watford FC (40)
?,(Tue) 10 Apr 1990 (15),Ipswich Town FC (39),0-1,?,Portsmouth FC (40)
?,(Wed) 11 Apr 1990 (15),Middlesbrough FC (39),2-3,?,Port Vale FC (40)
?,(Wed) 11 Apr 1990 (15),West Ham United FC (40),4-1,?,AFC Bournemouth (41)
?,(Wed) 11 Apr 1990 (15),Newcastle United FC (40),2-1,?,West Bromwich Albion FC (41)
?,(Fri) 13 Apr 1990 (15),Oldham Athletic AFC (38),3-1,?,Leeds United FC (41)
?,(Sat) 14 Apr 1990 (15),Sheffield United FC (41),2-1,?,Oxford United FC (41)
?,(Sat) 14 Apr 1990 (15),Leicester City FC (41),1-1,?,Portsmouth FC (41)
?,(Sat) 14 Apr 1990 (15),Bradford City AFC (41),0-1,?,Blackburn Rovers FC (41)
?,(Sat) 14 Apr 1990 (15),Ipswich Town FC (40),3-2,?,Port Vale FC (41)
?,(Sat) 14 Apr 1990 (15),Stoke City FC (41),0-0,?,Middlesbrough FC (40)
?,(Sat) 14 Apr 1990 (15),Brighton & Hove Albion FC (41),0-3,?,West Bromwich Albion FC (42)
?,(Sat) 14 Apr 1990 (15),Sunderland AFC (41),0-1,?,Hull City AFC (40)
?,(Sat) 14 Apr 1990 (15),Wolverhampton Wanderers FC (41),0-1,?,Newcastle United FC (41)
?,(Sat) 14 Apr 1990 (15),Barnsley FC (40),1-1,?,West Ham United FC (41)
?,(Sat) 14 Apr 1990 (15),Plymouth Argyle FC (40),1-0,?,AFC Bournemouth (42)
?,(Sat) 14 Apr 1990 (15),Swindon Town FC (41),2-0,?,Watford FC (41)
?,(Mon) 16 Apr 1990 (16),Leeds United FC (42),4-0,?,Sheffield United FC (42)
?,(Mon) 16 Apr 1990 (16),Middlesbrough FC (41),2-0,?,Bradford City AFC (42)
?,(Mon) 16 Apr 1990 (16),Portsmouth FC (42),3-0,?,Brighton & Hove Albion FC (42)
?,(Mon) 16 Apr 1990 (16),Oxford United FC (42),0-1,?,Sunderland AFC (42)
?,(Mon) 16 Apr 1990 (16),Hull City AFC (41),2-0,?,Wolverhampton Wanderers FC (42)
?,(Mon) 16 Apr 1990 (16),Newcastle United FC (42),3-0,?,Stoke City FC (42)
?,(Mon) 16 Apr 1990 (16),Blackburn Rovers FC (42),2-1,?,Swindon Town FC (42)
?,(Mon) 16 Apr 1990 (16),West Bromwich Albion FC (43),0-3,?,Plymouth Argyle FC (41)
?,(Mon) 16 Apr 1990 (16),Port Vale FC (42),2-0,?,Oldham Athletic AFC (39)
?,(Tue) 17 Apr 1990 (16),Watford FC (42),2-2,?,Barnsley FC (41)
?,(Tue) 17 Apr 1990 (16),West Ham United FC (42),2-0,?,Ipswich Town FC (41)
?,(Tue) 17 Apr 1990 (16),AFC Bournemouth (43),2-3,?,Leicester City FC (42)
?,(Wed) 18 Apr 1990 (16),Plymouth Argyle FC (42),2-0,?,Oldham Athletic AFC (40)
?,(Sat) 21 Apr 1990 (16),Ipswich Town FC (42),0-1,?,Hull City AFC (42)
?,(Sat) 21 Apr 1990 (16),Stoke City FC (43),0-1,?,Blackburn Rovers FC (43)
?,(Sat) 21 Apr 1990 (16),Sheffield United FC (43),2-1,?,Port Vale FC (43)
?,(Sat) 21 Apr 1990 (16),Wolverhampton Wanderers FC (43),2-0,?,Oxford United FC (43)
?,(Sat) 21 Apr 1990 (16),Brighton & Hove Albion FC (43),2-2,?,Leeds United FC (43)
?,(Sat) 21 Apr 1990 (16),Swindon Town FC (43),2-1,?,West Bromwich Albion FC (44)
?,(Sat) 21 Apr 1990 (16),Oldham Athletic AFC (41),3-0,?,West Ham United FC (43)
?,(Sat) 21 Apr 1990 (16),Sunderland AFC (43),2-2,?,Portsmouth FC (43)
?,(Sat) 21 Apr 1990 (16),Bradford City AFC (43),2-1,?,Watford FC (43)
?,(Sat) 21 Apr 1990 (16),Barnsley FC (42),0-1,?,AFC Bournemouth (44)
?,(Sat) 21 Apr 1990 (16),Plymouth Argyle FC (43),1-1,?,Newcastle United FC (43)
?,(Sat) 21 Apr 1990 (16),Leicester City FC (43),2-1,?,Middlesbrough FC (42)
?,(Tue) 24 Apr 1990 (17),Hull City AFC (43),3-3,?,Plymouth Argyle FC (44)
?,(Tue) 24 Apr 1990 (17),Watford FC (44),1-1,?,Stoke City FC (44)
?,(Tue) 24 Apr 1990 (17),Portsmouth FC (44),2-1,?,Oldham Athletic AFC (42)
?,(Wed) 25 Apr 1990 (17),Oxford United FC (44),0-1,?,Brighton & Hove Albion FC (44)
?,(Wed) 25 Apr 1990 (17),Leeds United FC (44),1-2,?,Barnsley FC (43)
?,(Wed) 25 Apr 1990 (17),Newcastle United FC (44),0-0,?,Swindon Town FC (44)
?,(Wed) 25 Apr 1990 (17),Middlesbrough FC (43),1-2,?,Ipswich Town FC (43)
?,(Sat) 28 Apr 1990 (17),Port Vale FC (44),1-1,?,Portsmouth FC (45)
?,(Sat) 28 Apr 1990 (17),Sheffield United FC (44),4-2,?,AFC Bournemouth (45)
?,(Sat) 28 Apr 1990 (17),Swindon Town FC (45),1-1,?,Middlesbrough FC (44)
?,(Sat) 28 Apr 1990 (17),Brighton & Hove Albion FC (45),1-4,?,Stoke City FC (45)
?,(Sat) 28 Apr 1990 (17),Wolverhampton Wanderers FC (44),0-1,?,Sunderland AFC (44)
?,(Sat) 28 Apr 1990 (17),Leeds United FC (45),2-1,?,Leicester City FC (44)
?,(Sat) 28 Apr 1990 (17),Newcastle United FC (45),2-1,?,West Ham United FC (44)
?,(Sat) 28 Apr 1990 (17),Barnsley FC (44),2-2,?,West Bromwich Albion FC (45)
?,(Sat) 28 Apr 1990 (17),Ipswich Town FC (44),3-1,?,Blackburn Rovers FC (44)
?,(Sat) 28 Apr 1990 (17),Hull City AFC (44),2-1,?,Bradford City AFC (44)
?,(Sat) 28 Apr 1990 (17),Plymouth Argyle FC (45),0-0,?,Watford FC (45)
?,(Tue) 1 May 1990 (18),Port Vale FC (45),1-2,?,Sunderland AFC (45)
?,(Tue) 1 May 1990 (18),Blackburn Rovers FC (45),0-0,?,Sheffield United FC (45)
?,(Tue) 1 May 1990 (18),Oldham Athletic AFC (43),4-1,?,Oxford United FC (45)
?,(Tue) 1 May 1990 (18),Hull City AFC (45),4-3,?,Ipswich Town FC (45)
?,(Wed) 2 May 1990 (18),West Ham United FC (45),3-1,?,Leicester City FC (45)
?,(Wed) 2 May 1990 (18),Middlesbrough FC (45),0-1,?,Barnsley FC (45)
?,(Thu) 3 May 1990 (18),Oldham Athletic AFC (44),1-1,?,Wolverhampton Wanderers FC (45)
?,(Sat) 5 May 1990 (18),Portsmouth FC (46),2-1,?,Barnsley FC (46)
?,(Sat) 5 May 1990 (18),Watford FC (46),3-1,?,Hull City AFC (46)
?,(Sat) 5 May 1990 (18),West Bromwich Albion FC (46),1-3,?,Ipswich Town FC (46)
?,(Sat) 5 May 1990 (18),Blackburn Rovers FC (46),1-1,?,Brighton & Hove Albion FC (46)
?,(Sat) 5 May 1990 (18),AFC Bournemouth (46),0-1,?,Leeds United FC (46)
?,(Sat) 5 May 1990 (18),Sunderland AFC (46),2-3,?,Oldham Athletic AFC (45)
?,(Sat) 5 May 1990 (18),West Ham United FC (46),4-0,?,Wolverhampton Wanderers FC (46)
?,(Sat) 5 May 1990 (18),Bradford City AFC (45),0-1,?,Plymouth Argyle FC (46)
?,(Sat) 5 May 1990 (18),Middlesbrough FC (46),4-1,?,Newcastle United FC (46)
?,(Sat) 5 May 1990 (18),Leicester City FC (46),2-5,?,Sheffield United FC (46)
?,(Sat) 5 May 1990 (18),Oxford United FC (46),0-0,?,Port Vale FC (46)
?,(Sat) 5 May 1990 (18),Stoke City FC (46),1-1,?,Swindon Town FC (46)
?,(Mon) 7 May 1990 (19),Bradford City AFC (46),1-1,?,Oldham Athletic AFC (46)
