Round,Date,Team 1,FT,HT,Team 2
?,(Sat) 18 Aug 1956 (33),Norwich City FC (1),1-0,?,Crystal Palace FC (1)
?,(Sat) 18 Aug 1956 (33),Millwall FC (1),1-0,?,Walsall FC (1)
?,(Sat) 18 Aug 1956 (33),Colchester United FC (1),3-2,?,Southend United FC (1)
?,(Sat) 18 Aug 1956 (33),Brentford FC (1),4-1,?,Plymouth Argyle FC (1)
?,(Sat) 18 Aug 1956 (33),Southampton FC (1),3-0,?,AFC Bournemouth (1)
?,(Sat) 18 Aug 1956 (33),Swindon Town FC (1),1-2,?,Aldershot Town FC (1)
?,(Sat) 18 Aug 1956 (33),Brighton & Hove Albion FC (1),4-3,?,Shrewsbury Town FC (1)
?,(Sat) 18 Aug 1956 (33),Gillingham FC (1),0-3,?,Watford FC (1)
?,(Sat) 18 Aug 1956 (33),Reading FC (1),1-0,?,Queens Park Rangers FC (1)
?,(Sat) 18 Aug 1956 (33),Newport County AFC (1),3-0,?,Northampton Town FC (1)
?,(Sat) 18 Aug 1956 (33),Coventry City FC (1),1-0,?,Exeter City FC (1)
?,(Sat) 18 Aug 1956 (33),Torquay United FC (1),4-1,?,Ipswich Town FC (1)
?,(Mon) 20 Aug 1956 (34),Plymouth Argyle FC (2),1-2,?,Queens Park Rangers FC (2)
?,(Mon) 20 Aug 1956 (34),Shrewsbury Town FC (2),2-0,?,Millwall FC (2)
?,(Mon) 20 Aug 1956 (34),Coventry City FC (2),2-1,?,Southampton FC (2)
?,(Tue) 21 Aug 1956 (34),Watford FC (2),2-1,?,Brighton & Hove Albion FC (2)
?,(Tue) 21 Aug 1956 (34),Brentford FC (2),4-1,?,Swindon Town FC (2)
?,(Wed) 22 Aug 1956 (34),AFC Bournemouth (2),1-0,?,Ipswich Town FC (2)
?,(Wed) 22 Aug 1956 (34),Aldershot Town FC (2),0-0,?,Gillingham FC (2)
?,(Wed) 22 Aug 1956 (34),Southend United FC (2),3-3,?,Newport County AFC (2)
?,(Wed) 22 Aug 1956 (34),Exeter City FC (2),0-0,?,Norwich City FC (2)
?,(Wed) 22 Aug 1956 (34),Crystal Palace FC (2),2-4,?,Colchester United FC (2)
?,(Thu) 23 Aug 1956 (34),Walsall FC (2),0-1,?,Torquay United FC (2)
?,(Thu) 23 Aug 1956 (34),Northampton Town FC (2),3-0,?,Reading FC (2)
?,(Sat) 25 Aug 1956 (34),Exeter City FC (3),0-4,?,Southampton FC (3)
?,(Sat) 25 Aug 1956 (34),Shrewsbury Town FC (3),1-0,?,Gillingham FC (3)
?,(Sat) 25 Aug 1956 (34),Queens Park Rangers FC (3),1-1,?,Newport County AFC (3)
?,(Sat) 25 Aug 1956 (34),AFC Bournemouth (3),0-0,?,Torquay United FC (3)
?,(Sat) 25 Aug 1956 (34),Aldershot Town FC (3),0-2,?,Brentford FC (3)
?,(Sat) 25 Aug 1956 (34),Crystal Palace FC (3),1-1,?,Coventry City FC (3)
?,(Sat) 25 Aug 1956 (34),Ipswich Town FC (3),0-2,?,Millwall FC (3)
?,(Sat) 25 Aug 1956 (34),Southend United FC (3),0-0,?,Norwich City FC (3)
?,(Sat) 25 Aug 1956 (34),Northampton Town FC (3),1-0,?,Colchester United FC (3)
?,(Sat) 25 Aug 1956 (34),Watford FC (3),3-4,?,Swindon Town FC (3)
?,(Sat) 25 Aug 1956 (34),Plymouth Argyle FC (3),0-6,?,Reading FC (3)
?,(Sat) 25 Aug 1956 (34),Walsall FC (3),3-2,?,Brighton & Hove Albion FC (3)
?,(Mon) 27 Aug 1956 (35),Queens Park Rangers FC (4),3-0,?,Plymouth Argyle FC (4)
?,(Mon) 27 Aug 1956 (35),Colchester United FC (4),3-3,?,Crystal Palace FC (4)
?,(Mon) 27 Aug 1956 (35),Millwall FC (4),0-0,?,Shrewsbury Town FC (4)
?,(Wed) 29 Aug 1956 (35),Swindon Town FC (4),1-3,?,Brentford FC (4)
?,(Wed) 29 Aug 1956 (35),Reading FC (4),1-1,?,Northampton Town FC (4)
?,(Wed) 29 Aug 1956 (35),Ipswich Town FC (4),1-0,?,AFC Bournemouth (4)
?,(Wed) 29 Aug 1956 (35),Gillingham FC (4),6-2,?,Aldershot Town FC (4)
?,(Wed) 29 Aug 1956 (35),Southampton FC (4),1-1,?,Coventry City FC (4)
?,(Wed) 29 Aug 1956 (35),Norwich City FC (4),1-0,?,Exeter City FC (4)
?,(Wed) 29 Aug 1956 (35),Torquay United FC (4),2-0,?,Walsall FC (4)
?,(Wed) 29 Aug 1956 (35),Brighton & Hove Albion FC (4),2-2,?,Watford FC (4)
?,(Thu) 30 Aug 1956 (35),Newport County AFC (4),2-1,?,Southend United FC (4)
?,(Sat) 1 Sep 1956 (35),Millwall FC (5),3-4,?,AFC Bournemouth (5)
?,(Sat) 1 Sep 1956 (35),Swindon Town FC (5),1-2,?,Shrewsbury Town FC (5)
?,(Sat) 1 Sep 1956 (35),Brentford FC (5),1-5,?,Watford FC (5)
?,(Sat) 1 Sep 1956 (35),Gillingham FC (5),2-1,?,Walsall FC (5)
?,(Sat) 1 Sep 1956 (35),Reading FC (5),2-1,?,Aldershot Town FC (5)
?,(Sat) 1 Sep 1956 (35),Coventry City FC (5),2-0,?,Southend United FC (5)
?,(Sat) 1 Sep 1956 (35),Southampton FC (5),3-0,?,Crystal Palace FC (5)
?,(Sat) 1 Sep 1956 (35),Newport County AFC (5),4-1,?,Plymouth Argyle FC (5)
?,(Sat) 1 Sep 1956 (35),Norwich City FC (5),2-1,?,Northampton Town FC (5)
?,(Sat) 1 Sep 1956 (35),Exeter City FC (5),1-1,?,Torquay United FC (5)
?,(Sat) 1 Sep 1956 (35),Brighton & Hove Albion FC (5),3-2,?,Ipswich Town FC (5)
?,(Sat) 1 Sep 1956 (35),Colchester United FC (5),1-1,?,Queens Park Rangers FC (5)
?,(Tue) 4 Sep 1956 (36),Watford FC (6),4-1,?,Torquay United FC (6)
?,(Tue) 4 Sep 1956 (36),Brentford FC (6),2-5,?,Brighton & Hove Albion FC (6)
?,(Wed) 5 Sep 1956 (36),Exeter City FC (6),2-0,?,Newport County AFC (6)
?,(Wed) 5 Sep 1956 (36),Gillingham FC (6),3-0,?,Swindon Town FC (6)
?,(Wed) 5 Sep 1956 (36),Southend United FC (6),0-1,?,Plymouth Argyle FC (6)
?,(Wed) 5 Sep 1956 (36),AFC Bournemouth (6),6-1,?,Shrewsbury Town FC (6)
?,(Wed) 5 Sep 1956 (36),Aldershot Town FC (6),3-0,?,Millwall FC (6)
?,(Wed) 5 Sep 1956 (36),Crystal Palace FC (6),1-1,?,Reading FC (6)
?,(Wed) 5 Sep 1956 (36),Southampton FC (6),2-1,?,Colchester United FC (6)
?,(Wed) 5 Sep 1956 (36),Norwich City FC (6),3-0,?,Coventry City FC (6)
?,(Thu) 6 Sep 1956 (36),Northampton Town FC (6),3-0,?,Queens Park Rangers FC (6)
?,(Thu) 6 Sep 1956 (36),Walsall FC (6),2-0,?,Ipswich Town FC (6)
?,(Sat) 8 Sep 1956 (36),Crystal Palace FC (7),0-0,?,Exeter City FC (7)
?,(Sat) 8 Sep 1956 (36),Watford FC (7),3-0,?,Aldershot Town FC (7)
?,(Sat) 8 Sep 1956 (36),Shrewsbury Town FC (7),3-2,?,Brentford FC (7)
?,(Sat) 8 Sep 1956 (36),Plymouth Argyle FC (7),2-2,?,Colchester United FC (7)
?,(Sat) 8 Sep 1956 (36),Queens Park Rangers FC (7),3-1,?,Norwich City FC (7)
?,(Sat) 8 Sep 1956 (36),Ipswich Town FC (7),1-1,?,Gillingham FC (7)
?,(Sat) 8 Sep 1956 (36),Northampton Town FC (7),4-0,?,Coventry City FC (7)
?,(Sat) 8 Sep 1956 (36),Reading FC (7),0-0,?,Newport County AFC (7)
?,(Sat) 8 Sep 1956 (36),Southend United FC (7),1-2,?,Southampton FC (7)
?,(Sat) 8 Sep 1956 (36),Walsall FC (7),1-2,?,Swindon Town FC (7)
?,(Sat) 8 Sep 1956 (36),AFC Bournemouth (7),1-1,?,Brighton & Hove Albion FC (7)
?,(Sat) 8 Sep 1956 (36),Torquay United FC (7),7-2,?,Millwall FC (7)
?,(Mon) 10 Sep 1956 (37),Coventry City FC (8),3-2,?,Norwich City FC (8)
?,(Mon) 10 Sep 1956 (37),Queens Park Rangers FC (8),1-0,?,Northampton Town FC (8)
?,(Mon) 10 Sep 1956 (37),Colchester United FC (8),3-1,?,Southampton FC (8)
?,(Mon) 10 Sep 1956 (37),Millwall FC (8),1-5,?,Aldershot Town FC (8)
?,(Mon) 10 Sep 1956 (37),Shrewsbury Town FC (8),0-0,?,AFC Bournemouth (8)
?,(Mon) 10 Sep 1956 (37),Plymouth Argyle FC (8),0-0,?,Southend United FC (8)
?,(Wed) 12 Sep 1956 (37),Torquay United FC (8),3-0,?,Watford FC (8)
?,(Wed) 12 Sep 1956 (37),Reading FC (8),1-2,?,Crystal Palace FC (8)
?,(Wed) 12 Sep 1956 (37),Ipswich Town FC (8),2-2,?,Walsall FC (8)
?,(Wed) 12 Sep 1956 (37),Swindon Town FC (8),2-3,?,Gillingham FC (8)
?,(Wed) 12 Sep 1956 (37),Brighton & Hove Albion FC (8),1-2,?,Brentford FC (8)
?,(Thu) 13 Sep 1956 (37),Newport County AFC (8),1-1,?,Exeter City FC (8)
?,(Sat) 15 Sep 1956 (37),Brighton & Hove Albion FC (9),6-0,?,Torquay United FC (9)
?,(Sat) 15 Sep 1956 (37),Crystal Palace FC (9),2-2,?,Millwall FC (9)
?,(Sat) 15 Sep 1956 (37),Aldershot Town FC (9),1-1,?,Shrewsbury Town FC (9)
?,(Sat) 15 Sep 1956 (37),Swindon Town FC (9),3-1,?,Ipswich Town FC (9)
?,(Sat) 15 Sep 1956 (37),Coventry City FC (9),5-1,?,Queens Park Rangers FC (9)
?,(Sat) 15 Sep 1956 (37),Southampton FC (9),2-0,?,Northampton Town FC (9)
?,(Sat) 15 Sep 1956 (37),Brentford FC (9),6-2,?,Walsall FC (9)
?,(Sat) 15 Sep 1956 (37),Colchester United FC (9),3-2,?,Reading FC (9)
?,(Sat) 15 Sep 1956 (37),Gillingham FC (9),1-0,?,AFC Bournemouth (9)
?,(Sat) 15 Sep 1956 (37),Norwich City FC (9),3-0,?,Plymouth Argyle FC (9)
?,(Sat) 15 Sep 1956 (37),Exeter City FC (9),6-1,?,Southend United FC (9)
?,(Sat) 15 Sep 1956 (37),Newport County AFC (9),3-0,?,Watford FC (9)
?,(Mon) 17 Sep 1956 (38),Shrewsbury Town FC (10),1-1,?,Torquay United FC (10)
?,(Mon) 17 Sep 1956 (38),Northampton Town FC (10),2-0,?,Plymouth Argyle FC (10)
?,(Tue) 18 Sep 1956 (38),Watford FC (10),2-0,?,Millwall FC (10)
?,(Tue) 18 Sep 1956 (38),Brentford FC (10),3-2,?,Gillingham FC (10)
?,(Wed) 19 Sep 1956 (38),Swindon Town FC (10),1-0,?,Queens Park Rangers FC (10)
?,(Wed) 19 Sep 1956 (38),Southend United FC (10),4-0,?,Reading FC (10)
?,(Wed) 19 Sep 1956 (38),Exeter City FC (10),0-2,?,Colchester United FC (10)
?,(Wed) 19 Sep 1956 (38),Ipswich Town FC (10),4-0,?,Coventry City FC (10)
?,(Wed) 19 Sep 1956 (38),Aldershot Town FC (10),1-4,?,Brighton & Hove Albion FC (10)
?,(Wed) 19 Sep 1956 (38),Crystal Palace FC (10),2-1,?,Newport County AFC (10)
?,(Wed) 19 Sep 1956 (38),AFC Bournemouth (10),2-2,?,Walsall FC (10)
?,(Sat) 22 Sep 1956 (38),Reading FC (11),2-1,?,Norwich City FC (10)
?,(Sat) 22 Sep 1956 (38),AFC Bournemouth (11),7-0,?,Swindon Town FC (11)
?,(Sat) 22 Sep 1956 (38),Queens Park Rangers FC (11),1-2,?,Southampton FC (10)
?,(Sat) 22 Sep 1956 (38),Newport County AFC (11),1-0,?,Colchester United FC (11)
?,(Sat) 22 Sep 1956 (38),Ipswich Town FC (11),4-0,?,Brentford FC (11)
?,(Sat) 22 Sep 1956 (38),Millwall FC (11),4-3,?,Brighton & Hove Albion FC (11)
?,(Sat) 22 Sep 1956 (38),Shrewsbury Town FC (11),1-0,?,Watford FC (11)
?,(Sat) 22 Sep 1956 (38),Northampton Town FC (11),1-1,?,Exeter City FC (11)
?,(Sat) 22 Sep 1956 (38),Southend United FC (11),1-1,?,Crystal Palace FC (11)
?,(Sat) 22 Sep 1956 (38),Plymouth Argyle FC (11),0-0,?,Coventry City FC (11)
?,(Sat) 22 Sep 1956 (38),Walsall FC (11),5-1,?,Aldershot Town FC (11)
?,(Sat) 22 Sep 1956 (38),Torquay United FC (11),3-3,?,Gillingham FC (11)
?,(Mon) 24 Sep 1956 (39),Plymouth Argyle FC (12),4-3,?,Northampton Town FC (12)
?,(Mon) 24 Sep 1956 (39),Colchester United FC (12),4-0,?,Exeter City FC (12)
?,(Mon) 24 Sep 1956 (39),Coventry City FC (12),1-1,?,Ipswich Town FC (12)
?,(Mon) 24 Sep 1956 (39),Queens Park Rangers FC (12),3-0,?,Swindon Town FC (12)
?,(Mon) 24 Sep 1956 (39),Millwall FC (12),1-1,?,Watford FC (12)
?,(Wed) 26 Sep 1956 (39),Torquay United FC (12),1-1,?,Shrewsbury Town FC (12)
?,(Wed) 26 Sep 1956 (39),Brighton & Hove Albion FC (12),2-2,?,Aldershot Town FC (12)
?,(Wed) 26 Sep 1956 (39),Gillingham FC (12),2-1,?,Brentford FC (12)
?,(Wed) 26 Sep 1956 (39),Reading FC (12),3-2,?,Southend United FC (12)
?,(Thu) 27 Sep 1956 (39),Newport County AFC (12),2-2,?,Crystal Palace FC (12)
?,(Thu) 27 Sep 1956 (39),Walsall FC (12),0-0,?,AFC Bournemouth (12)
?,(Sat) 29 Sep 1956 (39),Coventry City FC (13),0-1,?,Reading FC (13)
?,(Sat) 29 Sep 1956 (39),Brentford FC (13),2-2,?,AFC Bournemouth (13)
?,(Sat) 29 Sep 1956 (39),Gillingham FC (13),1-3,?,Millwall FC (13)
?,(Sat) 29 Sep 1956 (39),Aldershot Town FC (13),3-1,?,Ipswich Town FC (13)
?,(Sat) 29 Sep 1956 (39),Exeter City FC (13),0-0,?,Queens Park Rangers FC (13)
?,(Sat) 29 Sep 1956 (39),Swindon Town FC (13),1-2,?,Torquay United FC (13)
?,(Sat) 29 Sep 1956 (39),Norwich City FC (11),1-1,?,Newport County AFC (13)
?,(Sat) 29 Sep 1956 (39),Crystal Palace FC (13),1-1,?,Northampton Town FC (13)
?,(Sat) 29 Sep 1956 (39),Southampton FC (11),2-2,?,Plymouth Argyle FC (13)
?,(Sat) 29 Sep 1956 (39),Southend United FC (13),3-1,?,Brighton & Hove Albion FC (13)
?,(Sat) 29 Sep 1956 (39),Colchester United FC (13),6-0,?,Shrewsbury Town FC (13)
?,(Sat) 29 Sep 1956 (39),Watford FC (13),1-0,?,Walsall FC (13)
?,(Wed) 3 Oct 1956 (40),Southampton FC (12),2-0,?,Norwich City FC (12)
?,(Sat) 6 Oct 1956 (40),AFC Bournemouth (14),1-1,?,Norwich City FC (13)
?,(Sat) 6 Oct 1956 (40),Watford FC (14),0-1,?,Plymouth Argyle FC (14)
?,(Sat) 6 Oct 1956 (40),Gillingham FC (14),4-1,?,Crystal Palace FC (14)
?,(Sat) 6 Oct 1956 (40),Ipswich Town FC (14),3-1,?,Colchester United FC (14)
?,(Sat) 6 Oct 1956 (40),Torquay United FC (14),3-1,?,Coventry City FC (14)
?,(Sat) 6 Oct 1956 (40),Swindon Town FC (14),3-2,?,Southend United FC (14)
?,(Sat) 6 Oct 1956 (40),Brighton & Hove Albion FC (14),3-0,?,Exeter City FC (14)
?,(Sat) 6 Oct 1956 (40),Aldershot Town FC (14),4-2,?,Queens Park Rangers FC (14)
?,(Sat) 6 Oct 1956 (40),Millwall FC (14),0-0,?,Southampton FC (13)
?,(Sat) 6 Oct 1956 (40),Brentford FC (14),2-1,?,Northampton Town FC (14)
?,(Sat) 6 Oct 1956 (40),Shrewsbury Town FC (14),1-1,?,Reading FC (14)
?,(Sat) 6 Oct 1956 (40),Walsall FC (14),0-0,?,Newport County AFC (14)
?,(Sat) 13 Oct 1956 (41),Coventry City FC (15),1-2,?,Millwall FC (15)
?,(Sat) 13 Oct 1956 (41),Exeter City FC (15),4-0,?,Gillingham FC (15)
?,(Sat) 13 Oct 1956 (41),Northampton Town FC (15),4-2,?,Aldershot Town FC (15)
?,(Sat) 13 Oct 1956 (41),Plymouth Argyle FC (15),1-1,?,Shrewsbury Town FC (15)
?,(Sat) 13 Oct 1956 (41),Reading FC (15),3-0,?,Walsall FC (15)
?,(Sat) 13 Oct 1956 (41),Newport County AFC (15),1-0,?,Ipswich Town FC (15)
?,(Sat) 13 Oct 1956 (41),Southend United FC (15),1-0,?,Brentford FC (15)
?,(Sat) 13 Oct 1956 (41),Southampton FC (14),1-0,?,Brighton & Hove Albion FC (15)
?,(Sat) 13 Oct 1956 (41),Crystal Palace FC (15),0-0,?,Swindon Town FC (15)
?,(Sat) 13 Oct 1956 (41),Queens Park Rangers FC (15),3-1,?,Watford FC (15)
?,(Sat) 13 Oct 1956 (41),Norwich City FC (14),1-2,?,Torquay United FC (15)
?,(Sat) 13 Oct 1956 (41),Colchester United FC (15),3-0,?,AFC Bournemouth (15)
?,(Sat) 20 Oct 1956 (42),Torquay United FC (16),4-2,?,Colchester United FC (16)
?,(Sat) 20 Oct 1956 (42),Gillingham FC (16),0-0,?,Southampton FC (15)
?,(Sat) 20 Oct 1956 (42),Brighton & Hove Albion FC (16),2-1,?,Coventry City FC (16)
?,(Sat) 20 Oct 1956 (42),Brentford FC (16),1-1,?,Crystal Palace FC (16)
?,(Sat) 20 Oct 1956 (42),Ipswich Town FC (16),4-2,?,Reading FC (16)
?,(Sat) 20 Oct 1956 (42),Walsall FC (16),1-0,?,Plymouth Argyle FC (16)
?,(Sat) 20 Oct 1956 (42),Swindon Town FC (16),3-5,?,Exeter City FC (16)
?,(Sat) 20 Oct 1956 (42),Watford FC (16),2-1,?,Northampton Town FC (16)
?,(Sat) 20 Oct 1956 (42),Aldershot Town FC (16),5-3,?,Southend United FC (16)
?,(Sat) 20 Oct 1956 (42),Shrewsbury Town FC (16),0-0,?,Queens Park Rangers FC (16)
?,(Sat) 20 Oct 1956 (42),Millwall FC (16),5-1,?,Norwich City FC (15)
?,(Sat) 20 Oct 1956 (42),AFC Bournemouth (16),2-1,?,Newport County AFC (16)
?,(Sat) 27 Oct 1956 (43),Queens Park Rangers FC (17),1-0,?,Walsall FC (17)
?,(Sat) 27 Oct 1956 (43),Crystal Palace FC (17),2-1,?,Aldershot Town FC (17)
?,(Sat) 27 Oct 1956 (43),Colchester United FC (17),2-1,?,Millwall FC (17)
?,(Sat) 27 Oct 1956 (43),Southend United FC (17),2-0,?,Watford FC (17)
?,(Sat) 27 Oct 1956 (43),Southampton FC (16),2-1,?,Swindon Town FC (17)
?,(Sat) 27 Oct 1956 (43),Reading FC (17),0-4,?,AFC Bournemouth (17)
?,(Sat) 27 Oct 1956 (43),Coventry City FC (17),4-1,?,Gillingham FC (17)
?,(Sat) 27 Oct 1956 (43),Newport County AFC (17),3-0,?,Torquay United FC (17)
?,(Sat) 27 Oct 1956 (43),Northampton Town FC (17),1-1,?,Shrewsbury Town FC (17)
?,(Sat) 27 Oct 1956 (43),Exeter City FC (17),1-1,?,Brentford FC (17)
?,(Sat) 27 Oct 1956 (43),Plymouth Argyle FC (17),1-2,?,Ipswich Town FC (17)
?,(Sat) 27 Oct 1956 (43),Norwich City FC (16),1-1,?,Brighton & Hove Albion FC (17)
?,(Sat) 3 Nov 1956 (44),Watford FC (18),1-4,?,Crystal Palace FC (18)
?,(Sat) 3 Nov 1956 (44),Shrewsbury Town FC (18),0-0,?,Southend United FC (18)
?,(Sat) 3 Nov 1956 (44),AFC Bournemouth (18),2-1,?,Plymouth Argyle FC (18)
?,(Sat) 3 Nov 1956 (44),Ipswich Town FC (18),4-0,?,Queens Park Rangers FC (18)
?,(Sat) 3 Nov 1956 (44),Walsall FC (18),2-2,?,Northampton Town FC (18)
?,(Sat) 3 Nov 1956 (44),Gillingham FC (18),1-1,?,Norwich City FC (17)
?,(Sat) 3 Nov 1956 (44),Brighton & Hove Albion FC (18),0-0,?,Colchester United FC (18)
?,(Sat) 3 Nov 1956 (44),Torquay United FC (18),3-1,?,Reading FC (18)
?,(Sat) 3 Nov 1956 (44),Brentford FC (18),4-0,?,Southampton FC (17)
?,(Sat) 3 Nov 1956 (44),Swindon Town FC (18),2-2,?,Coventry City FC (18)
?,(Sat) 3 Nov 1956 (44),Millwall FC (18),1-0,?,Newport County AFC (18)
?,(Sat) 3 Nov 1956 (44),Aldershot Town FC (18),1-4,?,Exeter City FC (18)
?,(Sat) 10 Nov 1956 (45),Reading FC (19),3-0,?,Millwall FC (19)
?,(Sat) 10 Nov 1956 (45),Plymouth Argyle FC (19),0-0,?,Torquay United FC (19)
?,(Sat) 10 Nov 1956 (45),Norwich City FC (18),2-4,?,Swindon Town FC (19)
?,(Sat) 10 Nov 1956 (45),Queens Park Rangers FC (19),2-1,?,AFC Bournemouth (19)
?,(Sat) 10 Nov 1956 (45),Northampton Town FC (19),2-1,?,Ipswich Town FC (19)
?,(Sat) 10 Nov 1956 (45),Newport County AFC (19),0-0,?,Brighton & Hove Albion FC (19)
?,(Sat) 10 Nov 1956 (45),Coventry City FC (19),1-1,?,Brentford FC (19)
?,(Sat) 10 Nov 1956 (45),Exeter City FC (19),1-2,?,Watford FC (19)
?,(Sat) 10 Nov 1956 (45),Southend United FC (19),2-0,?,Walsall FC (19)
?,(Sat) 10 Nov 1956 (45),Southampton FC (18),1-0,?,Aldershot Town FC (19)
?,(Sat) 10 Nov 1956 (45),Colchester United FC (19),0-0,?,Gillingham FC (19)
?,(Sat) 10 Nov 1956 (45),Crystal Palace FC (19),0-1,?,Shrewsbury Town FC (19)
?,(Sat) 24 Nov 1956 (47),Colchester United FC (20),1-0,?,Brentford FC (20)
?,(Sat) 24 Nov 1956 (47),Norwich City FC (19),1-1,?,Aldershot Town FC (20)
?,(Sat) 24 Nov 1956 (47),Plymouth Argyle FC (20),2-0,?,Brighton & Hove Albion FC (20)
?,(Sat) 24 Nov 1956 (47),Reading FC (20),4-0,?,Gillingham FC (20)
?,(Sat) 24 Nov 1956 (47),Northampton Town FC (20),3-0,?,Torquay United FC (20)
?,(Sat) 24 Nov 1956 (47),Crystal Palace FC (20),1-3,?,Ipswich Town FC (20)
?,(Sat) 24 Nov 1956 (47),Southend United FC (20),2-1,?,AFC Bournemouth (20)
?,(Sat) 24 Nov 1956 (47),Coventry City FC (20),0-2,?,Watford FC (20)
?,(Sat) 24 Nov 1956 (47),Queens Park Rangers FC (20),0-0,?,Millwall FC (20)
?,(Sat) 24 Nov 1956 (47),Exeter City FC (20),0-1,?,Walsall FC (20)
?,(Sat) 24 Nov 1956 (47),Newport County AFC (20),2-1,?,Swindon Town FC (20)
?,(Sat) 24 Nov 1956 (47),Southampton FC (19),4-0,?,Shrewsbury Town FC (20)
?,(Wed) 28 Nov 1956 (48),Norwich City FC (20),0-3,?,Southampton FC (20)
?,(Sat) 1 Dec 1956 (48),Gillingham FC (21),0-3,?,Plymouth Argyle FC (21)
?,(Sat) 1 Dec 1956 (48),Millwall FC (21),1-0,?,Northampton Town FC (21)
?,(Sat) 1 Dec 1956 (48),AFC Bournemouth (21),2-2,?,Crystal Palace FC (21)
?,(Sat) 1 Dec 1956 (48),Ipswich Town FC (21),3-0,?,Exeter City FC (21)
?,(Sat) 1 Dec 1956 (48),Watford FC (21),3-3,?,Norwich City FC (21)
?,(Sat) 1 Dec 1956 (48),Aldershot Town FC (21),2-1,?,Colchester United FC (21)
?,(Sat) 1 Dec 1956 (48),Shrewsbury Town FC (21),5-0,?,Coventry City FC (21)
?,(Sat) 1 Dec 1956 (48),Brentford FC (21),0-0,?,Newport County AFC (21)
?,(Sat) 1 Dec 1956 (48),Walsall FC (21),1-1,?,Southampton FC (21)
?,(Sat) 1 Dec 1956 (48),Brighton & Hove Albion FC (21),1-0,?,Queens Park Rangers FC (21)
?,(Sat) 1 Dec 1956 (48),Torquay United FC (21),3-3,?,Southend United FC (21)
?,(Sat) 1 Dec 1956 (48),Swindon Town FC (21),3-2,?,Reading FC (21)
?,(Sat) 8 Dec 1956 (49),Coventry City FC (22),2-2,?,Walsall FC (22)
?,(Sat) 15 Dec 1956 (50),Aldershot Town FC (22),2-2,?,Swindon Town FC (22)
?,(Sat) 15 Dec 1956 (50),AFC Bournemouth (22),1-0,?,Southampton FC (22)
?,(Sat) 15 Dec 1956 (50),Northampton Town FC (22),0-3,?,Newport County AFC (22)
?,(Sat) 15 Dec 1956 (50),Walsall FC (23),7-1,?,Millwall FC (22)
?,(Sat) 15 Dec 1956 (50),Queens Park Rangers FC (22),1-1,?,Reading FC (22)
?,(Sat) 15 Dec 1956 (50),Crystal Palace FC (22),4-1,?,Norwich City FC (22)
?,(Sat) 15 Dec 1956 (50),Exeter City FC (22),4-2,?,Coventry City FC (23)
?,(Sat) 15 Dec 1956 (50),Watford FC (22),2-3,?,Gillingham FC (22)
?,(Sat) 15 Dec 1956 (50),Plymouth Argyle FC (22),2-0,?,Brentford FC (22)
?,(Sat) 15 Dec 1956 (50),Shrewsbury Town FC (22),4-0,?,Brighton & Hove Albion FC (22)
?,(Sat) 15 Dec 1956 (50),Ipswich Town FC (22),6-0,?,Torquay United FC (22)
?,(Sat) 15 Dec 1956 (50),Southend United FC (22),3-2,?,Colchester United FC (22)
?,(Sat) 22 Dec 1956 (51),Gillingham FC (23),1-1,?,Shrewsbury Town FC (23)
?,(Sat) 22 Dec 1956 (51),Brentford FC (23),2-2,?,Aldershot Town FC (23)
?,(Sat) 22 Dec 1956 (51),Newport County AFC (23),1-1,?,Queens Park Rangers FC (23)
?,(Sat) 22 Dec 1956 (51),Torquay United FC (23),1-0,?,AFC Bournemouth (23)
?,(Sat) 22 Dec 1956 (51),Colchester United FC (23),5-1,?,Northampton Town FC (23)
?,(Sat) 22 Dec 1956 (51),Brighton & Hove Albion FC (23),1-3,?,Walsall FC (24)
?,(Sat) 22 Dec 1956 (51),Swindon Town FC (23),2-0,?,Watford FC (23)
?,(Sat) 22 Dec 1956 (51),Millwall FC (23),2-2,?,Ipswich Town FC (23)
?,(Sat) 22 Dec 1956 (51),Norwich City FC (23),1-2,?,Southend United FC (23)
?,(Sat) 22 Dec 1956 (51),Reading FC (23),3-2,?,Plymouth Argyle FC (23)
?,(Sat) 22 Dec 1956 (51),Southampton FC (23),2-2,?,Exeter City FC (23)
?,(Mon) 24 Dec 1956 (52),AFC Bournemouth (24),3-2,?,Aldershot Town FC (24)
?,(Tue) 25 Dec 1956 (52),Brentford FC (24),0-0,?,Torquay United FC (24)
?,(Tue) 25 Dec 1956 (52),Walsall FC (25),1-1,?,Shrewsbury Town FC (24)
?,(Tue) 25 Dec 1956 (52),Crystal Palace FC (23),2-1,?,Queens Park Rangers FC (24)
?,(Tue) 25 Dec 1956 (52),Watford FC (24),2-1,?,Ipswich Town FC (24)
?,(Tue) 25 Dec 1956 (52),Gillingham FC (24),0-0,?,Brighton & Hove Albion FC (24)
?,(Tue) 25 Dec 1956 (52),Colchester United FC (24),1-1,?,Norwich City FC (24)
?,(Tue) 25 Dec 1956 (52),Northampton Town FC (24),2-2,?,Southend United FC (24)
?,(Wed) 26 Dec 1956 (52),Norwich City FC (25),1-2,?,Colchester United FC (25)
?,(Wed) 26 Dec 1956 (52),Millwall FC (24),2-1,?,Swindon Town FC (24)
?,(Wed) 26 Dec 1956 (52),Ipswich Town FC (25),4-1,?,Watford FC (25)
?,(Wed) 26 Dec 1956 (52),Exeter City FC (24),2-1,?,Plymouth Argyle FC (24)
?,(Wed) 26 Dec 1956 (52),Torquay United FC (25),2-0,?,Brentford FC (25)
?,(Wed) 26 Dec 1956 (52),Queens Park Rangers FC (25),4-2,?,Crystal Palace FC (24)
?,(Wed) 26 Dec 1956 (52),Southampton FC (24),4-1,?,Reading FC (24)
?,(Wed) 26 Dec 1956 (52),Brighton & Hove Albion FC (25),3-1,?,Gillingham FC (25)
?,(Wed) 26 Dec 1956 (52),Aldershot Town FC (25),3-2,?,AFC Bournemouth (25)
?,(Wed) 26 Dec 1956 (52),Southend United FC (25),0-1,?,Northampton Town FC (25)
?,(Sat) 29 Dec 1956 (52),Ipswich Town FC (26),4-0,?,Brighton & Hove Albion FC (26)
?,(Sat) 29 Dec 1956 (52),AFC Bournemouth (26),6-1,?,Millwall FC (25)
?,(Sat) 29 Dec 1956 (52),Aldershot Town FC (26),1-4,?,Reading FC (25)
?,(Sat) 29 Dec 1956 (52),Watford FC (26),1-1,?,Brentford FC (26)
?,(Sat) 29 Dec 1956 (52),Queens Park Rangers FC (26),1-1,?,Colchester United FC (26)
?,(Sat) 29 Dec 1956 (52),Northampton Town FC (26),1-1,?,Norwich City FC (26)
?,(Sat) 29 Dec 1956 (52),Torquay United FC (26),1-0,?,Exeter City FC (25)
?,(Sat) 29 Dec 1956 (52),Shrewsbury Town FC (25),7-3,?,Swindon Town FC (25)
?,(Sat) 29 Dec 1956 (52),Southend United FC (26),1-2,?,Coventry City FC (24)
?,(Sat) 29 Dec 1956 (52),Crystal Palace FC (25),1-2,?,Southampton FC (25)
?,(Sat) 29 Dec 1956 (52),Walsall FC (26),2-2,?,Gillingham FC (26)
?,(Sat) 5 Jan 1957 (0),Norwich City FC (27),2-2,?,Walsall FC (27)
?,(Sat) 5 Jan 1957 (0),Northampton Town FC (27),4-1,?,Gillingham FC (27)
?,(Sat) 5 Jan 1957 (0),Plymouth Argyle FC (25),5-0,?,Exeter City FC (26)
?,(Sat) 5 Jan 1957 (0),Brighton & Hove Albion FC (27),2-0,?,Swindon Town FC (26)
?,(Sat) 5 Jan 1957 (0),Colchester United FC (27),3-2,?,Coventry City FC (25)
?,(Sat) 12 Jan 1957 (1),Brighton & Hove Albion FC (28),2-2,?,AFC Bournemouth (27)
?,(Sat) 12 Jan 1957 (1),Newport County AFC (24),1-2,?,Reading FC (26)
?,(Sat) 12 Jan 1957 (1),Southampton FC (26),1-2,?,Southend United FC (27)
?,(Sat) 12 Jan 1957 (1),Norwich City FC (28),1-2,?,Queens Park Rangers FC (27)
?,(Sat) 12 Jan 1957 (1),Swindon Town FC (27),1-2,?,Walsall FC (28)
?,(Sat) 12 Jan 1957 (1),Brentford FC (27),3-1,?,Shrewsbury Town FC (26)
?,(Sat) 12 Jan 1957 (1),Colchester United FC (28),2-1,?,Plymouth Argyle FC (26)
?,(Sat) 12 Jan 1957 (1),Millwall FC (26),7-2,?,Torquay United FC (27)
?,(Sat) 12 Jan 1957 (1),Exeter City FC (27),2-1,?,Crystal Palace FC (26)
?,(Sat) 12 Jan 1957 (1),Aldershot Town FC (27),3-1,?,Watford FC (27)
?,(Sat) 12 Jan 1957 (1),Coventry City FC (26),3-1,?,Northampton Town FC (28)
?,(Sat) 12 Jan 1957 (1),Gillingham FC (28),1-1,?,Ipswich Town FC (27)
?,(Sat) 19 Jan 1957 (2),Torquay United FC (28),1-0,?,Brighton & Hove Albion FC (29)
?,(Sat) 19 Jan 1957 (2),Walsall FC (29),7-0,?,Brentford FC (28)
?,(Sat) 19 Jan 1957 (2),Shrewsbury Town FC (27),2-2,?,Aldershot Town FC (28)
?,(Sat) 19 Jan 1957 (2),Millwall FC (27),3-0,?,Crystal Palace FC (27)
?,(Sat) 19 Jan 1957 (2),Ipswich Town FC (28),4-1,?,Swindon Town FC (28)
?,(Sat) 19 Jan 1957 (2),Watford FC (28),5-0,?,Newport County AFC (25)
?,(Sat) 19 Jan 1957 (2),Queens Park Rangers FC (28),1-1,?,Coventry City FC (27)
?,(Sat) 19 Jan 1957 (2),Southend United FC (28),2-0,?,Exeter City FC (28)
?,(Sat) 19 Jan 1957 (2),Reading FC (27),0-3,?,Colchester United FC (29)
?,(Sat) 19 Jan 1957 (2),Plymouth Argyle FC (27),3-2,?,Norwich City FC (29)
?,(Sat) 19 Jan 1957 (2),AFC Bournemouth (28),3-1,?,Gillingham FC (29)
?,(Sat) 19 Jan 1957 (2),Northampton Town FC (29),2-1,?,Southampton FC (27)
?,(Sat) 26 Jan 1957 (3),Ipswich Town FC (29),5-1,?,Shrewsbury Town FC (28)
?,(Sat) 26 Jan 1957 (3),Gillingham FC (30),1-2,?,Northampton Town FC (30)
?,(Sat) 26 Jan 1957 (3),Walsall FC (30),6-3,?,Norwich City FC (30)
?,(Sat) 26 Jan 1957 (3),Exeter City FC (29),1-1,?,Reading FC (28)
?,(Sat) 26 Jan 1957 (3),Crystal Palace FC (28),2-1,?,Plymouth Argyle FC (28)
?,(Sat) 26 Jan 1957 (3),Swindon Town FC (29),3-0,?,Brighton & Hove Albion FC (30)
?,(Sat) 26 Jan 1957 (3),Coventry City FC (28),2-4,?,Colchester United FC (30)
?,(Sat) 26 Jan 1957 (3),Aldershot Town FC (29),0-1,?,Torquay United FC (29)
?,(Sat) 2 Feb 1957 (4),Exeter City FC (30),0-0,?,Northampton Town FC (31)
?,(Sat) 2 Feb 1957 (4),Aldershot Town FC (30),4-1,?,Walsall FC (31)
?,(Sat) 2 Feb 1957 (4),Coventry City FC (29),1-4,?,Plymouth Argyle FC (29)
?,(Sat) 2 Feb 1957 (4),Watford FC (29),2-3,?,Shrewsbury Town FC (29)
?,(Sat) 2 Feb 1957 (4),Swindon Town FC (30),2-1,?,AFC Bournemouth (29)
?,(Sat) 2 Feb 1957 (4),Southampton FC (28),1-2,?,Queens Park Rangers FC (29)
?,(Sat) 2 Feb 1957 (4),Brighton & Hove Albion FC (31),3-2,?,Millwall FC (28)
?,(Sat) 2 Feb 1957 (4),Norwich City FC (31),2-5,?,Reading FC (29)
?,(Sat) 2 Feb 1957 (4),Colchester United FC (31),1-0,?,Newport County AFC (26)
?,(Sat) 2 Feb 1957 (4),Gillingham FC (31),1-1,?,Torquay United FC (30)
?,(Sat) 2 Feb 1957 (4),Brentford FC (29),1-1,?,Ipswich Town FC (30)
?,(Sat) 2 Feb 1957 (4),Crystal Palace FC (29),2-0,?,Southend United FC (29)
?,(Sat) 9 Feb 1957 (5),Queens Park Rangers FC (30),5-3,?,Exeter City FC (31)
?,(Sat) 9 Feb 1957 (5),Ipswich Town FC (31),4-1,?,Aldershot Town FC (31)
?,(Sat) 9 Feb 1957 (5),AFC Bournemouth (30),3-0,?,Brentford FC (30)
?,(Sat) 9 Feb 1957 (5),Northampton Town FC (32),1-0,?,Crystal Palace FC (30)
?,(Sat) 9 Feb 1957 (5),Reading FC (30),3-0,?,Coventry City FC (30)
?,(Sat) 9 Feb 1957 (5),Brighton & Hove Albion FC (32),1-1,?,Southend United FC (30)
?,(Sat) 9 Feb 1957 (5),Shrewsbury Town FC (30),1-3,?,Colchester United FC (32)
?,(Sat) 9 Feb 1957 (5),Plymouth Argyle FC (30),2-1,?,Southampton FC (29)
?,(Sat) 9 Feb 1957 (5),Millwall FC (29),2-1,?,Gillingham FC (32)
?,(Sat) 9 Feb 1957 (5),Torquay United FC (31),7-0,?,Swindon Town FC (31)
?,(Sat) 9 Feb 1957 (5),Newport County AFC (27),3-1,?,Norwich City FC (32)
?,(Sat) 9 Feb 1957 (5),Walsall FC (32),2-0,?,Watford FC (30)
?,(Sat) 16 Feb 1957 (6),Reading FC (31),2-2,?,Shrewsbury Town FC (31)
?,(Sat) 16 Feb 1957 (6),Plymouth Argyle FC (31),3-3,?,Watford FC (31)
?,(Sat) 16 Feb 1957 (6),Queens Park Rangers FC (31),0-1,?,Aldershot Town FC (32)
?,(Sat) 16 Feb 1957 (6),Northampton Town FC (33),5-1,?,Brentford FC (31)
?,(Sat) 16 Feb 1957 (6),Exeter City FC (32),1-3,?,Brighton & Hove Albion FC (33)
?,(Sat) 16 Feb 1957 (6),Newport County AFC (28),2-2,?,Walsall FC (33)
?,(Sat) 16 Feb 1957 (6),Southend United FC (31),1-0,?,Swindon Town FC (32)
?,(Sat) 16 Feb 1957 (6),Coventry City FC (31),3-2,?,Torquay United FC (32)
?,(Sat) 16 Feb 1957 (6),Colchester United FC (33),0-0,?,Ipswich Town FC (32)
?,(Sat) 16 Feb 1957 (6),Crystal Palace FC (31),1-2,?,Gillingham FC (33)
?,(Wed) 20 Feb 1957 (7),Norwich City FC (33),1-3,?,AFC Bournemouth (31)
?,(Sat) 23 Feb 1957 (7),Ipswich Town FC (33),5-0,?,Newport County AFC (29)
?,(Sat) 23 Feb 1957 (7),Gillingham FC (34),2-1,?,Exeter City FC (33)
?,(Sat) 23 Feb 1957 (7),Swindon Town FC (33),3-1,?,Crystal Palace FC (32)
?,(Sat) 23 Feb 1957 (7),Walsall FC (34),3-2,?,Reading FC (32)
?,(Sat) 23 Feb 1957 (7),Watford FC (32),2-4,?,Queens Park Rangers FC (32)
?,(Sat) 23 Feb 1957 (7),AFC Bournemouth (32),1-1,?,Colchester United FC (34)
?,(Sat) 23 Feb 1957 (7),Shrewsbury Town FC (32),3-1,?,Plymouth Argyle FC (32)
?,(Sat) 23 Feb 1957 (7),Torquay United FC (33),7-1,?,Norwich City FC (34)
?,(Sat) 23 Feb 1957 (7),Brighton & Hove Albion FC (34),1-0,?,Southampton FC (30)
?,(Sat) 23 Feb 1957 (7),Millwall FC (30),3-2,?,Coventry City FC (32)
?,(Mon) 25 Feb 1957 (8),Southampton FC (31),4-0,?,Millwall FC (31)
?,(Sat) 2 Mar 1957 (8),Reading FC (33),1-3,?,Ipswich Town FC (34)
?,(Sat) 2 Mar 1957 (8),Exeter City FC (34),3-2,?,Swindon Town FC (34)
?,(Sat) 2 Mar 1957 (8),Queens Park Rangers FC (33),2-1,?,Shrewsbury Town FC (33)
?,(Sat) 2 Mar 1957 (8),Northampton Town FC (34),1-2,?,Watford FC (33)
?,(Sat) 2 Mar 1957 (8),Plymouth Argyle FC (33),2-4,?,Walsall FC (35)
?,(Sat) 2 Mar 1957 (8),Colchester United FC (35),2-1,?,Torquay United FC (34)
?,(Sat) 2 Mar 1957 (8),Norwich City FC (35),2-0,?,Millwall FC (32)
?,(Sat) 2 Mar 1957 (8),Southampton FC (32),0-1,?,Gillingham FC (35)
?,(Sat) 2 Mar 1957 (8),Coventry City FC (33),1-2,?,Brighton & Hove Albion FC (35)
?,(Sat) 2 Mar 1957 (8),Crystal Palace FC (33),0-2,?,Brentford FC (32)
?,(Sat) 2 Mar 1957 (8),Southend United FC (32),2-4,?,Aldershot Town FC (33)
?,(Mon) 4 Mar 1957 (9),Brentford FC (33),5-0,?,Millwall FC (33)
?,(Thu) 7 Mar 1957 (9),Newport County AFC (30),5-3,?,AFC Bournemouth (33)
?,(Sat) 9 Mar 1957 (9),AFC Bournemouth (34),3-1,?,Exeter City FC (35)
?,(Sat) 9 Mar 1957 (9),Brighton & Hove Albion FC (36),5-0,?,Northampton Town FC (35)
?,(Sat) 9 Mar 1957 (9),Swindon Town FC (35),0-3,?,Plymouth Argyle FC (34)
?,(Sat) 9 Mar 1957 (9),Shrewsbury Town FC (34),4-5,?,Norwich City FC (36)
?,(Sat) 9 Mar 1957 (9),Gillingham FC (36),0-1,?,Queens Park Rangers FC (34)
?,(Sat) 9 Mar 1957 (9),Watford FC (34),0-0,?,Colchester United FC (36)
?,(Sat) 9 Mar 1957 (9),Walsall FC (36),1-1,?,Coventry City FC (34)
?,(Sat) 9 Mar 1957 (9),Torquay United FC (35),3-0,?,Crystal Palace FC (34)
?,(Sat) 9 Mar 1957 (9),Ipswich Town FC (35),2-0,?,Southampton FC (33)
?,(Sat) 9 Mar 1957 (9),Aldershot Town FC (34),3-1,?,Newport County AFC (31)
?,(Sat) 9 Mar 1957 (9),Millwall FC (34),0-0,?,Southend United FC (33)
?,(Sat) 9 Mar 1957 (9),Brentford FC (34),4-0,?,Reading FC (34)
?,(Mon) 11 Mar 1957 (10),Plymouth Argyle FC (35),0-1,?,Crystal Palace FC (35)
?,(Tue) 12 Mar 1957 (10),Brentford FC (35),3-2,?,Southend United FC (34)
?,(Wed) 13 Mar 1957 (10),Reading FC (35),4-0,?,Exeter City FC (36)
?,(Wed) 13 Mar 1957 (10),Torquay United FC (36),4-2,?,Aldershot Town FC (35)
?,(Sat) 16 Mar 1957 (10),Queens Park Rangers FC (35),0-2,?,Ipswich Town FC (36)
?,(Sat) 16 Mar 1957 (10),Exeter City FC (37),1-1,?,Aldershot Town FC (36)
?,(Sat) 16 Mar 1957 (10),Newport County AFC (32),0-0,?,Millwall FC (35)
?,(Sat) 16 Mar 1957 (10),Colchester United FC (37),0-0,?,Brighton & Hove Albion FC (37)
?,(Sat) 16 Mar 1957 (10),Coventry City FC (35),3-0,?,Swindon Town FC (36)
?,(Sat) 16 Mar 1957 (10),Reading FC (36),3-1,?,Torquay United FC (37)
?,(Sat) 16 Mar 1957 (10),Northampton Town FC (36),2-3,?,Walsall FC (37)
?,(Sat) 16 Mar 1957 (10),Crystal Palace FC (36),0-0,?,Watford FC (35)
?,(Sat) 16 Mar 1957 (10),Norwich City FC (37),1-3,?,Gillingham FC (37)
?,(Sat) 16 Mar 1957 (10),Southampton FC (34),3-3,?,Brentford FC (36)
?,(Sat) 16 Mar 1957 (10),Plymouth Argyle FC (36),2-0,?,AFC Bournemouth (35)
?,(Sat) 16 Mar 1957 (10),Southend United FC (35),1-2,?,Shrewsbury Town FC (35)
?,(Mon) 18 Mar 1957 (11),Millwall FC (36),1-1,?,Brentford FC (37)
?,(Thu) 21 Mar 1957 (11),Newport County AFC (33),3-0,?,Coventry City FC (36)
?,(Sat) 23 Mar 1957 (11),Brentford FC (38),1-1,?,Coventry City FC (37)
?,(Sat) 23 Mar 1957 (11),Shrewsbury Town FC (36),1-1,?,Crystal Palace FC (37)
?,(Sat) 23 Mar 1957 (11),Torquay United FC (38),1-1,?,Plymouth Argyle FC (37)
?,(Sat) 23 Mar 1957 (11),Gillingham FC (38),1-2,?,Colchester United FC (38)
?,(Sat) 23 Mar 1957 (11),Millwall FC (37),1-0,?,Reading FC (37)
?,(Sat) 23 Mar 1957 (11),Brighton & Hove Albion FC (38),2-0,?,Newport County AFC (34)
?,(Sat) 23 Mar 1957 (11),Walsall FC (38),0-1,?,Southend United FC (36)
?,(Sat) 23 Mar 1957 (11),Swindon Town FC (37),1-1,?,Norwich City FC (38)
?,(Sat) 23 Mar 1957 (11),Ipswich Town FC (37),0-1,?,Northampton Town FC (37)
?,(Sat) 23 Mar 1957 (11),Watford FC (36),1-1,?,Exeter City FC (38)
?,(Sat) 23 Mar 1957 (11),Aldershot Town FC (37),1-1,?,Southampton FC (35)
?,(Sat) 23 Mar 1957 (11),AFC Bournemouth (36),1-0,?,Queens Park Rangers FC (36)
?,(Mon) 25 Mar 1957 (12),Reading FC (38),2-4,?,Southampton FC (36)
?,(Mon) 25 Mar 1957 (12),Queens Park Rangers FC (37),3-0,?,Southend United FC (37)
?,(Tue) 26 Mar 1957 (12),Watford FC (37),1-1,?,AFC Bournemouth (37)
?,(Thu) 28 Mar 1957 (12),Shrewsbury Town FC (37),1-1,?,Ipswich Town FC (38)
?,(Sat) 30 Mar 1957 (12),Southampton FC (37),3-1,?,Watford FC (38)
?,(Sat) 30 Mar 1957 (12),Plymouth Argyle FC (38),0-0,?,Millwall FC (38)
?,(Sat) 30 Mar 1957 (12),Colchester United FC (39),1-1,?,Swindon Town FC (38)
?,(Sat) 30 Mar 1957 (12),Crystal Palace FC (38),3-0,?,Walsall FC (39)
?,(Sat) 30 Mar 1957 (12),Reading FC (39),2-2,?,Brighton & Hove Albion FC (39)
?,(Sat) 30 Mar 1957 (12),Norwich City FC (39),1-1,?,Brentford FC (39)
?,(Sat) 30 Mar 1957 (12),Queens Park Rangers FC (38),0-1,?,Torquay United FC (39)
?,(Sat) 30 Mar 1957 (12),Coventry City FC (38),5-1,?,Aldershot Town FC (38)
?,(Sat) 30 Mar 1957 (12),Newport County AFC (35),4-0,?,Gillingham FC (39)
?,(Sat) 30 Mar 1957 (12),Exeter City FC (39),5-1,?,Shrewsbury Town FC (38)
?,(Sat) 30 Mar 1957 (12),Northampton Town FC (38),2-2,?,AFC Bournemouth (38)
?,(Sat) 30 Mar 1957 (12),Southend United FC (38),2-0,?,Ipswich Town FC (39)
?,(Mon) 1 Apr 1957 (13),Coventry City FC (39),3-3,?,Crystal Palace FC (39)
?,(Thu) 4 Apr 1957 (13),Newport County AFC (36),2-3,?,Southampton FC (38)
?,(Sat) 6 Apr 1957 (13),Millwall FC (39),2-0,?,Queens Park Rangers FC (39)
?,(Sat) 6 Apr 1957 (13),Aldershot Town FC (39),0-0,?,Norwich City FC (40)
?,(Sat) 6 Apr 1957 (13),Gillingham FC (40),0-0,?,Reading FC (40)
?,(Sat) 6 Apr 1957 (13),Brentford FC (40),1-1,?,Colchester United FC (40)
?,(Sat) 6 Apr 1957 (13),Torquay United FC (40),2-0,?,Northampton Town FC (39)
?,(Sat) 6 Apr 1957 (13),AFC Bournemouth (39),1-1,?,Southend United FC (39)
?,(Sat) 6 Apr 1957 (13),Brighton & Hove Albion FC (40),3-1,?,Plymouth Argyle FC (39)
?,(Sat) 6 Apr 1957 (13),Walsall FC (40),2-0,?,Exeter City FC (40)
?,(Sat) 6 Apr 1957 (13),Watford FC (39),1-0,?,Coventry City FC (40)
?,(Sat) 6 Apr 1957 (13),Shrewsbury Town FC (39),0-0,?,Southampton FC (39)
?,(Sat) 6 Apr 1957 (13),Swindon Town FC (39),1-0,?,Newport County AFC (37)
?,(Sat) 6 Apr 1957 (13),Ipswich Town FC (40),4-2,?,Crystal Palace FC (40)
?,(Mon) 8 Apr 1957 (14),Coventry City FC (41),2-0,?,Newport County AFC (38)
?,(Wed) 10 Apr 1957 (14),Plymouth Argyle FC (40),3-2,?,Newport County AFC (39)
?,(Wed) 10 Apr 1957 (14),Swindon Town FC (40),1-0,?,Millwall FC (40)
?,(Wed) 10 Apr 1957 (14),Aldershot Town FC (40),4-0,?,Northampton Town FC (40)
?,(Sat) 13 Apr 1957 (14),Reading FC (41),1-0,?,Swindon Town FC (41)
?,(Sat) 13 Apr 1957 (14),Crystal Palace FC (41),1-1,?,AFC Bournemouth (40)
?,(Sat) 13 Apr 1957 (14),Coventry City FC (42),3-3,?,Shrewsbury Town FC (40)
?,(Sat) 13 Apr 1957 (14),Southend United FC (40),2-0,?,Torquay United FC (41)
?,(Sat) 13 Apr 1957 (14),Colchester United FC (41),1-1,?,Aldershot Town FC (41)
?,(Sat) 13 Apr 1957 (14),Queens Park Rangers FC (40),0-0,?,Brighton & Hove Albion FC (41)
?,(Sat) 13 Apr 1957 (14),Northampton Town FC (41),2-1,?,Millwall FC (41)
?,(Sat) 13 Apr 1957 (14),Norwich City FC (41),1-2,?,Watford FC (40)
?,(Sat) 13 Apr 1957 (14),Exeter City FC (41),1-2,?,Ipswich Town FC (41)
?,(Sat) 13 Apr 1957 (14),Newport County AFC (40),3-0,?,Brentford FC (41)
?,(Sat) 13 Apr 1957 (14),Southampton FC (40),3-1,?,Walsall FC (41)
?,(Sat) 13 Apr 1957 (14),Plymouth Argyle FC (41),2-0,?,Gillingham FC (41)
?,(Mon) 15 Apr 1957 (15),Southend United FC (41),3-0,?,Queens Park Rangers FC (41)
?,(Fri) 19 Apr 1957 (15),Colchester United FC (42),2-1,?,Walsall FC (42)
?,(Fri) 19 Apr 1957 (15),Norwich City FC (42),1-2,?,Ipswich Town FC (42)
?,(Fri) 19 Apr 1957 (15),Millwall FC (42),1-3,?,Exeter City FC (42)
?,(Fri) 19 Apr 1957 (15),Brentford FC (42),2-0,?,Queens Park Rangers FC (42)
?,(Fri) 19 Apr 1957 (15),Gillingham FC (42),0-2,?,Southend United FC (42)
?,(Fri) 19 Apr 1957 (15),Crystal Palace FC (42),2-2,?,Brighton & Hove Albion FC (42)
?,(Fri) 19 Apr 1957 (15),AFC Bournemouth (41),1-2,?,Coventry City FC (43)
?,(Fri) 19 Apr 1957 (15),Watford FC (41),1-0,?,Reading FC (42)
?,(Fri) 19 Apr 1957 (15),Newport County AFC (41),2-0,?,Shrewsbury Town FC (41)
?,(Fri) 19 Apr 1957 (15),Torquay United FC (42),2-0,?,Southampton FC (41)
?,(Fri) 19 Apr 1957 (15),Aldershot Town FC (42),0-2,?,Plymouth Argyle FC (42)
?,(Sat) 20 Apr 1957 (15),Brentford FC (43),3-0,?,Exeter City FC (43)
?,(Sat) 20 Apr 1957 (15),Watford FC (42),1-1,?,Southend United FC (43)
?,(Sat) 20 Apr 1957 (15),Brighton & Hove Albion FC (43),3-0,?,Norwich City FC (43)
?,(Sat) 20 Apr 1957 (15),Shrewsbury Town FC (42),2-0,?,Northampton Town FC (42)
?,(Sat) 20 Apr 1957 (15),AFC Bournemouth (42),2-1,?,Reading FC (43)
?,(Sat) 20 Apr 1957 (15),Aldershot Town FC (43),2-1,?,Crystal Palace FC (43)
?,(Sat) 20 Apr 1957 (15),Torquay United FC (43),4-0,?,Newport County AFC (42)
?,(Sat) 20 Apr 1957 (15),Gillingham FC (43),1-2,?,Coventry City FC (44)
?,(Sat) 20 Apr 1957 (15),Millwall FC (43),3-1,?,Colchester United FC (43)
?,(Sat) 20 Apr 1957 (15),Ipswich Town FC (43),2-1,?,Plymouth Argyle FC (43)
?,(Sat) 20 Apr 1957 (15),Walsall FC (43),0-2,?,Queens Park Rangers FC (43)
?,(Sat) 20 Apr 1957 (15),Swindon Town FC (42),0-0,?,Southampton FC (42)
?,(Mon) 22 Apr 1957 (16),Plymouth Argyle FC (44),2-2,?,Aldershot Town FC (44)
?,(Mon) 22 Apr 1957 (16),Brighton & Hove Albion FC (44),1-1,?,Crystal Palace FC (44)
?,(Mon) 22 Apr 1957 (16),Queens Park Rangers FC (44),2-2,?,Brentford FC (44)
?,(Mon) 22 Apr 1957 (16),Southend United FC (44),5-0,?,Gillingham FC (44)
?,(Mon) 22 Apr 1957 (16),Reading FC (44),1-2,?,Watford FC (43)
?,(Mon) 22 Apr 1957 (16),Shrewsbury Town FC (43),2-0,?,Newport County AFC (43)
?,(Mon) 22 Apr 1957 (16),Ipswich Town FC (44),3-1,?,Norwich City FC (44)
?,(Mon) 22 Apr 1957 (16),Swindon Town FC (43),4-0,?,Northampton Town FC (43)
?,(Mon) 22 Apr 1957 (16),Southampton FC (43),1-0,?,Torquay United FC (44)
?,(Mon) 22 Apr 1957 (16),Walsall FC (44),2-1,?,Colchester United FC (44)
?,(Mon) 22 Apr 1957 (16),Exeter City FC (44),1-1,?,Millwall FC (44)
?,(Tue) 23 Apr 1957 (16),Coventry City FC (45),4-2,?,AFC Bournemouth (43)
?,(Tue) 23 Apr 1957 (16),Northampton Town FC (44),2-0,?,Swindon Town FC (44)
?,(Sat) 27 Apr 1957 (16),Watford FC (44),4-2,?,Southampton FC (44)
?,(Sat) 27 Apr 1957 (16),Gillingham FC (45),1-1,?,Newport County AFC (44)
?,(Sat) 27 Apr 1957 (16),Aldershot Town FC (45),0-1,?,Coventry City FC (46)
?,(Sat) 27 Apr 1957 (16),Swindon Town FC (45),4-1,?,Colchester United FC (45)
?,(Sat) 27 Apr 1957 (16),Walsall FC (45),1-2,?,Crystal Palace FC (45)
?,(Sat) 27 Apr 1957 (16),Shrewsbury Town FC (44),1-2,?,Exeter City FC (45)
?,(Sat) 27 Apr 1957 (16),AFC Bournemouth (44),4-1,?,Northampton Town FC (45)
?,(Sat) 27 Apr 1957 (16),Ipswich Town FC (45),3-3,?,Southend United FC (45)
?,(Sat) 27 Apr 1957 (16),Millwall FC (45),2-2,?,Plymouth Argyle FC (45)
?,(Sat) 27 Apr 1957 (16),Brentford FC (45),1-1,?,Norwich City FC (45)
?,(Sat) 27 Apr 1957 (16),Torquay United FC (45),3-0,?,Queens Park Rangers FC (45)
?,(Sat) 27 Apr 1957 (16),Brighton & Hove Albion FC (45),8-3,?,Reading FC (45)
?,(Mon) 29 Apr 1957 (17),Queens Park Rangers FC (46),5-0,?,Gillingham FC (46)
?,(Mon) 29 Apr 1957 (17),Plymouth Argyle FC (46),1-0,?,Swindon Town FC (46)
?,(Mon) 29 Apr 1957 (17),Shrewsbury Town FC (45),3-2,?,Walsall FC (46)
?,(Mon) 29 Apr 1957 (17),Colchester United FC (46),2-0,?,Watford FC (45)
?,(Tue) 30 Apr 1957 (17),Northampton Town FC (46),1-0,?,Brighton & Hove Albion FC (46)
?,(Wed) 1 May 1957 (17),Exeter City FC (46),1-2,?,AFC Bournemouth (45)
?,(Wed) 1 May 1957 (17),Norwich City FC (46),3-0,?,Shrewsbury Town FC (46)
?,(Wed) 1 May 1957 (17),Southampton FC (45),0-2,?,Ipswich Town FC (46)
?,(Wed) 1 May 1957 (17),Reading FC (46),2-0,?,Brentford FC (46)
?,(Wed) 1 May 1957 (17),Crystal Palace FC (46),1-1,?,Torquay United FC (46)
?,(Wed) 1 May 1957 (17),Southend United FC (46),1-0,?,Millwall FC (46)
?,(Thu) 2 May 1957 (17),Newport County AFC (45),3-0,?,Aldershot Town FC (46)
?,(Fri) 3 May 1957 (17),AFC Bournemouth (46),4-0,?,Watford FC (46)
?,(Sat) 4 May 1957 (17),Southampton FC (46),3-0,?,Newport County AFC (46)
