Round,Date,Team 1,FT,HT,Team 2
?,(Sat) 18 Aug 1951 (33),Southport FC (1),0-0,?,Oldham Athletic AFC (1)
?,(Sat) 18 Aug 1951 (33),Scunthorpe United FC (1),1-0,?,Bradford City AFC (1)
?,(Sat) 18 Aug 1951 (33),FC Halifax Town (1),3-1,?,Workington AFC (1)
?,(Sat) 18 Aug 1951 (33),Lincoln City FC (1),3-1,?,York City FC (1)
?,(Sat) 18 Aug 1951 (33),Mansfield Town FC (1),1-0,?,Stockport County FC (1)
?,(Sat) 18 Aug 1951 (33),Crewe Alexandra FC (1),3-0,?,Darlington FC (1)
?,(Sat) 18 Aug 1951 (33),Chesterfield FC (1),3-1,?,Grimsby Town FC (1)
?,(Sat) 18 Aug 1951 (33),Bradford Park Avenue AFC (1),3-1,?,Barrow AFC (1)
?,(Sat) 18 Aug 1951 (33),Accrington Stanley FC (1),1-2,?,Gateshead FC (1)
?,(Sat) 18 Aug 1951 (33),Rochdale AFC (1),0-4,?,Carlisle United FC (1)
?,(Sat) 18 Aug 1951 (33),Chester FC (1),2-1,?,Wrexham AFC (1)
?,(Sat) 18 Aug 1951 (33),Tranmere Rovers FC (1),4-1,?,Hartlepool United FC (1)
?,(Mon) 20 Aug 1951 (34),Stockport County FC (2),1-0,?,Bradford Park Avenue AFC (2)
?,(Mon) 20 Aug 1951 (34),Hartlepool United FC (2),3-0,?,Crewe Alexandra FC (2)
?,(Mon) 20 Aug 1951 (34),York City FC (2),1-1,?,Tranmere Rovers FC (2)
?,(Tue) 21 Aug 1951 (34),Oldham Athletic AFC (2),2-0,?,Gateshead FC (2)
?,(Wed) 22 Aug 1951 (34),Darlington FC (2),2-1,?,Rochdale AFC (2)
?,(Wed) 22 Aug 1951 (34),Accrington Stanley FC (2),1-0,?,Mansfield Town FC (2)
?,(Wed) 22 Aug 1951 (34),Bradford City AFC (2),2-1,?,Southport FC (2)
?,(Wed) 22 Aug 1951 (34),Workington AFC (2),3-1,?,Chesterfield FC (2)
?,(Wed) 22 Aug 1951 (34),Chester FC (2),3-1,?,Scunthorpe United FC (2)
?,(Wed) 22 Aug 1951 (34),Grimsby Town FC (2),2-3,?,Lincoln City FC (2)
?,(Thu) 23 Aug 1951 (34),Barrow AFC (2),3-1,?,Wrexham AFC (2)
?,(Thu) 23 Aug 1951 (34),Carlisle United FC (2),2-2,?,FC Halifax Town (2)
?,(Sat) 25 Aug 1951 (34),Gateshead FC (3),1-0,?,Crewe Alexandra FC (3)
?,(Sat) 25 Aug 1951 (34),Workington AFC (3),0-1,?,Mansfield Town FC (3)
?,(Sat) 25 Aug 1951 (34),Hartlepool United FC (3),3-1,?,Scunthorpe United FC (3)
?,(Sat) 25 Aug 1951 (34),Darlington FC (3),1-1,?,Southport FC (3)
?,(Sat) 25 Aug 1951 (34),Oldham Athletic AFC (3),3-0,?,Tranmere Rovers FC (3)
?,(Sat) 25 Aug 1951 (34),Grimsby Town FC (3),3-0,?,Bradford Park Avenue AFC (3)
?,(Sat) 25 Aug 1951 (34),Wrexham AFC (3),0-3,?,Chesterfield FC (3)
?,(Sat) 25 Aug 1951 (34),Stockport County FC (3),1-0,?,Rochdale AFC (3)
?,(Sat) 25 Aug 1951 (34),Bradford City AFC (3),1-1,?,Lincoln City FC (3)
?,(Sat) 25 Aug 1951 (34),Carlisle United FC (3),4-1,?,Accrington Stanley FC (3)
?,(Sat) 25 Aug 1951 (34),York City FC (3),4-2,?,Chester FC (3)
?,(Sat) 25 Aug 1951 (34),Barrow AFC (3),0-0,?,FC Halifax Town (3)
?,(Mon) 27 Aug 1951 (35),Gateshead FC (4),3-0,?,FC Halifax Town (4)
?,(Mon) 27 Aug 1951 (35),Bradford Park Avenue AFC (4),4-2,?,Stockport County FC (4)
?,(Mon) 27 Aug 1951 (35),Chesterfield FC (4),3-1,?,Workington AFC (4)
?,(Mon) 27 Aug 1951 (35),Mansfield Town FC (4),3-0,?,Accrington Stanley FC (4)
?,(Tue) 28 Aug 1951 (35),Tranmere Rovers FC (4),2-0,?,York City FC (4)
?,(Tue) 28 Aug 1951 (35),Rochdale AFC (4),6-2,?,Darlington FC (4)
?,(Tue) 28 Aug 1951 (35),Southport FC (4),1-1,?,Bradford City AFC (4)
?,(Wed) 29 Aug 1951 (35),Crewe Alexandra FC (4),4-2,?,Hartlepool United FC (4)
?,(Wed) 29 Aug 1951 (35),Lincoln City FC (4),0-2,?,Grimsby Town FC (4)
?,(Wed) 29 Aug 1951 (35),Wrexham AFC (4),2-4,?,Barrow AFC (4)
?,(Thu) 30 Aug 1951 (35),Scunthorpe United FC (4),2-2,?,Chester FC (4)
?,(Sat) 1 Sep 1951 (35),Tranmere Rovers FC (5),3-0,?,Darlington FC (5)
?,(Sat) 1 Sep 1951 (35),Chester FC (5),1-0,?,Bradford City AFC (5)
?,(Sat) 1 Sep 1951 (35),Bradford Park Avenue AFC (5),5-0,?,Wrexham AFC (5)
?,(Sat) 1 Sep 1951 (35),FC Halifax Town (5),3-0,?,Grimsby Town FC (5)
?,(Sat) 1 Sep 1951 (35),Mansfield Town FC (5),2-1,?,Barrow AFC (5)
?,(Sat) 1 Sep 1951 (35),York City FC (5),1-0,?,Chesterfield FC (5)
?,(Sat) 1 Sep 1951 (35),Lincoln City FC (5),4-3,?,Hartlepool United FC (5)
?,(Sat) 1 Sep 1951 (35),Rochdale AFC (5),2-0,?,Workington AFC (5)
?,(Sat) 1 Sep 1951 (35),Southport FC (5),0-2,?,Gateshead FC (5)
?,(Sat) 1 Sep 1951 (35),Scunthorpe United FC (5),2-2,?,Oldham Athletic AFC (4)
?,(Sat) 1 Sep 1951 (35),Crewe Alexandra FC (5),1-1,?,Carlisle United FC (4)
?,(Sat) 1 Sep 1951 (35),Accrington Stanley FC (5),0-3,?,Stockport County FC (5)
?,(Mon) 3 Sep 1951 (36),Crewe Alexandra FC (6),0-1,?,Bradford City AFC (6)
?,(Mon) 3 Sep 1951 (36),Stockport County FC (6),2-1,?,Chesterfield FC (6)
?,(Mon) 3 Sep 1951 (36),FC Halifax Town (6),0-4,?,Accrington Stanley FC (6)
?,(Mon) 3 Sep 1951 (36),York City FC (6),0-2,?,Southport FC (6)
?,(Mon) 3 Sep 1951 (36),Hartlepool United FC (6),1-0,?,Gateshead FC (6)
?,(Tue) 4 Sep 1951 (36),Rochdale AFC (6),1-0,?,Mansfield Town FC (6)
?,(Wed) 5 Sep 1951 (36),Grimsby Town FC (6),1-0,?,Barrow AFC (6)
?,(Wed) 5 Sep 1951 (36),Darlington FC (6),2-2,?,Oldham Athletic AFC (5)
?,(Wed) 5 Sep 1951 (36),Chester FC (6),4-1,?,Tranmere Rovers FC (6)
?,(Wed) 5 Sep 1951 (36),Workington AFC (6),2-0,?,Wrexham AFC (6)
?,(Thu) 6 Sep 1951 (36),Carlisle United FC (5),1-0,?,Bradford Park Avenue AFC (6)
?,(Thu) 6 Sep 1951 (36),Scunthorpe United FC (6),1-3,?,Lincoln City FC (6)
?,(Sat) 8 Sep 1951 (36),Oldham Athletic AFC (6),4-1,?,Lincoln City FC (7)
?,(Sat) 8 Sep 1951 (36),Bradford City AFC (7),3-3,?,York City FC (7)
?,(Sat) 8 Sep 1951 (36),Barrow AFC (7),4-0,?,Rochdale AFC (7)
?,(Sat) 8 Sep 1951 (36),Hartlepool United FC (7),2-1,?,Chester FC (7)
?,(Sat) 8 Sep 1951 (36),Grimsby Town FC (7),1-1,?,Mansfield Town FC (7)
?,(Sat) 8 Sep 1951 (36),Chesterfield FC (7),0-0,?,Bradford Park Avenue AFC (7)
?,(Sat) 8 Sep 1951 (36),Stockport County FC (7),1-1,?,Carlisle United FC (6)
?,(Sat) 8 Sep 1951 (36),Workington AFC (7),0-2,?,Accrington Stanley FC (7)
?,(Sat) 8 Sep 1951 (36),Darlington FC (7),2-3,?,Scunthorpe United FC (7)
?,(Sat) 8 Sep 1951 (36),Crewe Alexandra FC (7),1-0,?,Southport FC (7)
?,(Sat) 8 Sep 1951 (36),Gateshead FC (7),4-1,?,Tranmere Rovers FC (7)
?,(Sat) 8 Sep 1951 (36),Wrexham AFC (7),2-1,?,FC Halifax Town (7)
?,(Mon) 10 Sep 1951 (37),Chesterfield FC (8),0-1,?,Stockport County FC (8)
?,(Mon) 10 Sep 1951 (37),Gateshead FC (8),2-0,?,Hartlepool United FC (8)
?,(Mon) 10 Sep 1951 (37),FC Halifax Town (8),1-2,?,Carlisle United FC (7)
?,(Tue) 11 Sep 1951 (37),Oldham Athletic AFC (7),3-2,?,Darlington FC (8)
?,(Tue) 11 Sep 1951 (37),Southport FC (8),2-1,?,York City FC (8)
?,(Tue) 11 Sep 1951 (37),Tranmere Rovers FC (8),3-1,?,Chester FC (8)
?,(Wed) 12 Sep 1951 (37),Lincoln City FC (8),4-1,?,Scunthorpe United FC (8)
?,(Wed) 12 Sep 1951 (37),Wrexham AFC (8),0-0,?,Workington AFC (8)
?,(Wed) 12 Sep 1951 (37),Bradford City AFC (8),0-2,?,Crewe Alexandra FC (8)
?,(Thu) 13 Sep 1951 (37),Barrow AFC (8),3-1,?,Grimsby Town FC (8)
?,(Sat) 15 Sep 1951 (37),Bradford City AFC (9),2-2,?,Bradford Park Avenue AFC (8)
?,(Sat) 15 Sep 1951 (37),Southport FC (9),0-1,?,Stockport County FC (9)
?,(Sat) 15 Sep 1951 (37),Tranmere Rovers FC (9),1-0,?,Crewe Alexandra FC (9)
?,(Sat) 15 Sep 1951 (37),Mansfield Town FC (8),3-0,?,Wrexham AFC (9)
?,(Sat) 15 Sep 1951 (37),Scunthorpe United FC (9),1-1,?,Gateshead FC (9)
?,(Sat) 15 Sep 1951 (37),Rochdale AFC (8),0-0,?,Grimsby Town FC (9)
?,(Sat) 15 Sep 1951 (37),Lincoln City FC (9),7-2,?,Darlington FC (9)
?,(Sat) 15 Sep 1951 (37),Chester FC (9),1-2,?,Oldham Athletic AFC (8)
?,(Sat) 15 Sep 1951 (37),FC Halifax Town (9),0-0,?,Chesterfield FC (9)
?,(Sat) 15 Sep 1951 (37),York City FC (9),3-1,?,Hartlepool United FC (9)
?,(Sat) 15 Sep 1951 (37),Carlisle United FC (8),0-1,?,Workington AFC (9)
?,(Sat) 15 Sep 1951 (37),Accrington Stanley FC (8),1-1,?,Barrow AFC (9)
?,(Mon) 17 Sep 1951 (38),Bradford Park Avenue AFC (9),0-1,?,Carlisle United FC (9)
?,(Mon) 17 Sep 1951 (38),Mansfield Town FC (9),1-1,?,Rochdale AFC (9)
?,(Wed) 19 Sep 1951 (38),Darlington FC (10),2-1,?,Hartlepool United FC (10)
?,(Sat) 22 Sep 1951 (38),Hartlepool United FC (11),2-1,?,Bradford City AFC (10)
?,(Sat) 22 Sep 1951 (38),Crewe Alexandra FC (10),2-2,?,Scunthorpe United FC (10)
?,(Sat) 22 Sep 1951 (38),Barrow AFC (10),0-1,?,Carlisle United FC (10)
?,(Sat) 22 Sep 1951 (38),Chesterfield FC (10),1-1,?,Mansfield Town FC (10)
?,(Sat) 22 Sep 1951 (38),Darlington FC (11),1-1,?,Chester FC (10)
?,(Sat) 22 Sep 1951 (38),Wrexham AFC (10),2-0,?,Rochdale AFC (10)
?,(Sat) 22 Sep 1951 (38),Grimsby Town FC (10),2-1,?,Accrington Stanley FC (9)
?,(Sat) 22 Sep 1951 (38),Oldham Athletic AFC (9),2-0,?,York City FC (10)
?,(Sat) 22 Sep 1951 (38),Bradford Park Avenue AFC (10),6-1,?,FC Halifax Town (10)
?,(Sat) 22 Sep 1951 (38),Gateshead FC (10),3-1,?,Lincoln City FC (10)
?,(Sat) 22 Sep 1951 (38),Southport FC (10),1-0,?,Tranmere Rovers FC (10)
?,(Sat) 22 Sep 1951 (38),Workington AFC (10),0-3,?,Stockport County FC (10)
?,(Tue) 25 Sep 1951 (39),Accrington Stanley FC (10),2-2,?,FC Halifax Town (11)
?,(Wed) 26 Sep 1951 (39),Wrexham AFC (11),3-2,?,Chester FC (11)
?,(Sat) 29 Sep 1951 (39),Rochdale AFC (11),2-0,?,Chesterfield FC (11)
?,(Sat) 29 Sep 1951 (39),Chester FC (12),0-3,?,Gateshead FC (11)
?,(Sat) 29 Sep 1951 (39),Hartlepool United FC (12),6-1,?,FC Halifax Town (12)
?,(Sat) 29 Sep 1951 (39),Mansfield Town FC (11),1-0,?,Bradford Park Avenue AFC (11)
?,(Sat) 29 Sep 1951 (39),Stockport County FC (11),2-2,?,Barrow AFC (11)
?,(Sat) 29 Sep 1951 (39),Accrington Stanley FC (11),4-2,?,Wrexham AFC (12)
?,(Sat) 29 Sep 1951 (39),York City FC (11),2-1,?,Darlington FC (12)
?,(Sat) 29 Sep 1951 (39),Lincoln City FC (11),11-1,?,Crewe Alexandra FC (11)
?,(Sat) 29 Sep 1951 (39),Tranmere Rovers FC (11),3-1,?,Workington AFC (11)
?,(Sat) 29 Sep 1951 (39),Scunthorpe United FC (11),1-1,?,Southport FC (11)
?,(Sat) 29 Sep 1951 (39),Carlisle United FC (11),1-2,?,Grimsby Town FC (11)
?,(Sat) 29 Sep 1951 (39),Bradford City AFC (11),5-2,?,Oldham Athletic AFC (10)
?,(Sat) 6 Oct 1951 (40),FC Halifax Town (13),1-1,?,York City FC (12)
?,(Sat) 6 Oct 1951 (40),Rochdale AFC (12),3-0,?,Hartlepool United FC (13)
?,(Sat) 6 Oct 1951 (40),Grimsby Town FC (12),1-0,?,Tranmere Rovers FC (12)
?,(Sat) 6 Oct 1951 (40),Stockport County FC (12),0-0,?,Gateshead FC (12)
?,(Sat) 6 Oct 1951 (40),Workington AFC (12),3-1,?,Crewe Alexandra FC (12)
?,(Sat) 6 Oct 1951 (40),Bradford Park Avenue AFC (12),3-0,?,Chester FC (13)
?,(Sat) 6 Oct 1951 (40),Barrow AFC (12),0-0,?,Southport FC (12)
?,(Sat) 6 Oct 1951 (40),Mansfield Town FC (12),2-1,?,Bradford City AFC (12)
?,(Sat) 6 Oct 1951 (40),Wrexham AFC (13),1-2,?,Scunthorpe United FC (12)
?,(Sat) 6 Oct 1951 (40),Carlisle United FC (12),1-1,?,Darlington FC (13)
?,(Sat) 6 Oct 1951 (40),Accrington Stanley FC (12),1-2,?,Oldham Athletic AFC (11)
?,(Sat) 6 Oct 1951 (40),Chesterfield FC (12),2-2,?,Lincoln City FC (12)
?,(Sat) 13 Oct 1951 (41),Scunthorpe United FC (13),1-1,?,Chesterfield FC (13)
?,(Sat) 13 Oct 1951 (41),Gateshead FC (13),4-1,?,Workington AFC (13)
?,(Sat) 13 Oct 1951 (41),Tranmere Rovers FC (13),3-1,?,Wrexham AFC (14)
?,(Sat) 13 Oct 1951 (41),Southport FC (13),2-0,?,Grimsby Town FC (13)
?,(Sat) 13 Oct 1951 (41),Hartlepool United FC (14),4-2,?,Accrington Stanley FC (13)
?,(Sat) 13 Oct 1951 (41),Lincoln City FC (13),2-0,?,Bradford Park Avenue AFC (13)
?,(Sat) 13 Oct 1951 (41),Crewe Alexandra FC (13),1-1,?,Barrow AFC (13)
?,(Sat) 13 Oct 1951 (41),York City FC (13),3-0,?,Mansfield Town FC (13)
?,(Sat) 13 Oct 1951 (41),Darlington FC (14),1-2,?,Stockport County FC (13)
?,(Sat) 13 Oct 1951 (41),Oldham Athletic AFC (12),2-0,?,Carlisle United FC (13)
?,(Sat) 13 Oct 1951 (41),Chester FC (14),5-1,?,FC Halifax Town (14)
?,(Sat) 13 Oct 1951 (41),Bradford City AFC (13),3-0,?,Rochdale AFC (13)
?,(Sat) 20 Oct 1951 (42),Chesterfield FC (14),1-1,?,Tranmere Rovers FC (14)
?,(Sat) 20 Oct 1951 (42),Wrexham AFC (15),3-0,?,Southport FC (14)
?,(Sat) 20 Oct 1951 (42),Barrow AFC (14),2-1,?,Gateshead FC (14)
?,(Sat) 20 Oct 1951 (42),Mansfield Town FC (14),3-1,?,Chester FC (15)
?,(Sat) 20 Oct 1951 (42),Accrington Stanley FC (14),0-1,?,Bradford City AFC (14)
?,(Sat) 20 Oct 1951 (42),Grimsby Town FC (14),0-1,?,Crewe Alexandra FC (14)
?,(Sat) 20 Oct 1951 (42),Workington AFC (14),2-1,?,Darlington FC (15)
?,(Sat) 20 Oct 1951 (42),Rochdale AFC (14),0-2,?,York City FC (14)
?,(Sat) 20 Oct 1951 (42),Stockport County FC (14),0-0,?,Oldham Athletic AFC (13)
?,(Sat) 20 Oct 1951 (42),Carlisle United FC (14),2-1,?,Hartlepool United FC (15)
?,(Sat) 20 Oct 1951 (42),FC Halifax Town (15),1-3,?,Lincoln City FC (14)
?,(Sat) 20 Oct 1951 (42),Bradford Park Avenue AFC (14),2-2,?,Scunthorpe United FC (14)
?,(Sat) 27 Oct 1951 (43),Lincoln City FC (15),1-2,?,Mansfield Town FC (15)
?,(Sat) 27 Oct 1951 (43),Darlington FC (16),1-2,?,Barrow AFC (15)
?,(Sat) 27 Oct 1951 (43),Bradford City AFC (15),1-2,?,Carlisle United FC (15)
?,(Sat) 27 Oct 1951 (43),York City FC (15),6-1,?,Accrington Stanley FC (15)
?,(Sat) 27 Oct 1951 (43),Chester FC (16),4-0,?,Rochdale AFC (15)
?,(Sat) 27 Oct 1951 (43),Hartlepool United FC (16),0-1,?,Stockport County FC (15)
?,(Sat) 27 Oct 1951 (43),Gateshead FC (15),1-1,?,Grimsby Town FC (15)
?,(Sat) 27 Oct 1951 (43),Tranmere Rovers FC (15),1-2,?,Bradford Park Avenue AFC (15)
?,(Sat) 27 Oct 1951 (43),Scunthorpe United FC (15),2-1,?,FC Halifax Town (16)
?,(Sat) 27 Oct 1951 (43),Crewe Alexandra FC (15),2-2,?,Wrexham AFC (16)
?,(Sat) 27 Oct 1951 (43),Oldham Athletic AFC (14),0-1,?,Workington AFC (15)
?,(Sat) 27 Oct 1951 (43),Southport FC (15),4-1,?,Chesterfield FC (15)
?,(Sat) 3 Nov 1951 (44),Rochdale AFC (16),0-1,?,Lincoln City FC (16)
?,(Sat) 3 Nov 1951 (44),Workington AFC (16),1-1,?,Hartlepool United FC (17)
?,(Sat) 3 Nov 1951 (44),Grimsby Town FC (16),3-0,?,Darlington FC (17)
?,(Sat) 3 Nov 1951 (44),Mansfield Town FC (16),4-1,?,Scunthorpe United FC (16)
?,(Sat) 3 Nov 1951 (44),Bradford Park Avenue AFC (16),2-2,?,Southport FC (16)
?,(Sat) 3 Nov 1951 (44),FC Halifax Town (17),1-0,?,Tranmere Rovers FC (16)
?,(Sat) 3 Nov 1951 (44),Barrow AFC (16),0-1,?,Oldham Athletic AFC (15)
?,(Sat) 3 Nov 1951 (44),Chesterfield FC (16),0-0,?,Crewe Alexandra FC (16)
?,(Sat) 3 Nov 1951 (44),Stockport County FC (16),1-2,?,Bradford City AFC (16)
?,(Sat) 3 Nov 1951 (44),Wrexham AFC (17),2-1,?,Gateshead FC (16)
?,(Sat) 3 Nov 1951 (44),Carlisle United FC (16),2-1,?,York City FC (16)
?,(Sat) 3 Nov 1951 (44),Accrington Stanley FC (16),4-2,?,Chester FC (17)
?,(Sat) 10 Nov 1951 (45),Bradford City AFC (17),1-0,?,Workington AFC (17)
?,(Sat) 10 Nov 1951 (45),Scunthorpe United FC (17),3-1,?,Rochdale AFC (17)
?,(Sat) 10 Nov 1951 (45),Crewe Alexandra FC (17),3-4,?,Bradford Park Avenue AFC (17)
?,(Sat) 10 Nov 1951 (45),Southport FC (17),3-2,?,FC Halifax Town (18)
?,(Sat) 10 Nov 1951 (45),Tranmere Rovers FC (17),1-1,?,Mansfield Town FC (17)
?,(Sat) 10 Nov 1951 (45),Lincoln City FC (17),2-2,?,Accrington Stanley FC (17)
?,(Sat) 10 Nov 1951 (45),Gateshead FC (17),1-1,?,Chesterfield FC (17)
?,(Sat) 10 Nov 1951 (45),Darlington FC (18),2-1,?,Wrexham AFC (18)
?,(Sat) 10 Nov 1951 (45),Oldham Athletic AFC (16),1-1,?,Grimsby Town FC (17)
?,(Sat) 10 Nov 1951 (45),Chester FC (18),4-2,?,Carlisle United FC (17)
?,(Sat) 10 Nov 1951 (45),York City FC (17),0-1,?,Stockport County FC (17)
?,(Sat) 10 Nov 1951 (45),Hartlepool United FC (18),3-1,?,Barrow AFC (17)
?,(Sat) 17 Nov 1951 (46),FC Halifax Town (19),2-3,?,Crewe Alexandra FC (18)
?,(Sat) 17 Nov 1951 (46),Chesterfield FC (18),4-2,?,Darlington FC (19)
?,(Sat) 17 Nov 1951 (46),Carlisle United FC (18),1-4,?,Lincoln City FC (18)
?,(Sat) 17 Nov 1951 (46),Rochdale AFC (18),3-2,?,Tranmere Rovers FC (18)
?,(Sat) 17 Nov 1951 (46),Workington AFC (18),1-0,?,York City FC (18)
?,(Sat) 17 Nov 1951 (46),Mansfield Town FC (18),4-0,?,Southport FC (18)
?,(Sat) 17 Nov 1951 (46),Accrington Stanley FC (18),2-2,?,Scunthorpe United FC (18)
?,(Sat) 17 Nov 1951 (46),Grimsby Town FC (18),2-0,?,Hartlepool United FC (19)
?,(Sat) 17 Nov 1951 (46),Bradford Park Avenue AFC (18),2-0,?,Gateshead FC (18)
?,(Sat) 17 Nov 1951 (46),Stockport County FC (18),0-0,?,Chester FC (19)
?,(Sat) 17 Nov 1951 (46),Wrexham AFC (19),1-0,?,Oldham Athletic AFC (17)
?,(Sat) 17 Nov 1951 (46),Barrow AFC (18),1-0,?,Bradford City AFC (18)
?,(Sat) 1 Dec 1951 (48),Accrington Stanley FC (19),0-0,?,Southport FC (19)
?,(Sat) 1 Dec 1951 (48),Bradford Park Avenue AFC (19),1-0,?,Oldham Athletic AFC (18)
?,(Sat) 1 Dec 1951 (48),Rochdale AFC (19),1-0,?,Crewe Alexandra FC (19)
?,(Sat) 1 Dec 1951 (48),Stockport County FC (19),1-1,?,Scunthorpe United FC (19)
?,(Sat) 1 Dec 1951 (48),Mansfield Town FC (19),2-3,?,Gateshead FC (19)
?,(Sat) 1 Dec 1951 (48),Grimsby Town FC (19),0-0,?,York City FC (19)
?,(Sat) 1 Dec 1951 (48),Chesterfield FC (19),2-2,?,Hartlepool United FC (20)
?,(Sat) 1 Dec 1951 (48),FC Halifax Town (20),4-1,?,Darlington FC (20)
?,(Sat) 1 Dec 1951 (48),Wrexham AFC (20),3-0,?,Bradford City AFC (19)
?,(Sat) 1 Dec 1951 (48),Carlisle United FC (19),1-0,?,Tranmere Rovers FC (19)
?,(Sat) 1 Dec 1951 (48),Barrow AFC (19),1-0,?,Chester FC (20)
?,(Sat) 1 Dec 1951 (48),Workington AFC (19),0-3,?,Lincoln City FC (19)
?,(Sat) 8 Dec 1951 (49),Crewe Alexandra FC (20),3-3,?,Accrington Stanley FC (20)
?,(Sat) 8 Dec 1951 (49),Oldham Athletic AFC (19),2-0,?,FC Halifax Town (21)
?,(Sat) 8 Dec 1951 (49),Tranmere Rovers FC (20),2-0,?,Stockport County FC (20)
?,(Sat) 8 Dec 1951 (49),Lincoln City FC (20),3-0,?,Barrow AFC (20)
?,(Sat) 8 Dec 1951 (49),Chester FC (21),0-3,?,Grimsby Town FC (20)
?,(Sat) 8 Dec 1951 (49),Hartlepool United FC (21),2-1,?,Bradford Park Avenue AFC (20)
?,(Sat) 8 Dec 1951 (49),Scunthorpe United FC (20),3-1,?,Workington AFC (20)
?,(Sat) 8 Dec 1951 (49),Bradford City AFC (20),1-0,?,Chesterfield FC (20)
?,(Sat) 8 Dec 1951 (49),Gateshead FC (20),1-0,?,Rochdale AFC (20)
?,(Sat) 8 Dec 1951 (49),Southport FC (20),2-1,?,Carlisle United FC (20)
?,(Sat) 8 Dec 1951 (49),Darlington FC (21),2-1,?,Mansfield Town FC (20)
?,(Sat) 8 Dec 1951 (49),York City FC (20),4-2,?,Wrexham AFC (21)
?,(Sat) 15 Dec 1951 (50),Darlington FC (22),0-1,?,Crewe Alexandra FC (21)
?,(Sat) 15 Dec 1951 (50),Stockport County FC (21),2-1,?,Mansfield Town FC (21)
?,(Sat) 22 Dec 1951 (51),Bradford Park Avenue AFC (21),3-2,?,Grimsby Town FC (21)
?,(Sat) 22 Dec 1951 (51),Rochdale AFC (21),0-0,?,Stockport County FC (22)
?,(Sat) 22 Dec 1951 (51),Chester FC (22),0-1,?,York City FC (21)
?,(Sat) 22 Dec 1951 (51),Accrington Stanley FC (21),0-2,?,Carlisle United FC (21)
?,(Sat) 22 Dec 1951 (51),Tranmere Rovers FC (21),0-4,?,Oldham Athletic AFC (20)
?,(Sat) 22 Dec 1951 (51),Scunthorpe United FC (21),2-0,?,Hartlepool United FC (22)
?,(Sat) 22 Dec 1951 (51),Crewe Alexandra FC (22),4-2,?,Gateshead FC (21)
?,(Sat) 22 Dec 1951 (51),Mansfield Town FC (22),3-2,?,Workington AFC (21)
?,(Sat) 22 Dec 1951 (51),Southport FC (21),3-0,?,Darlington FC (23)
?,(Sat) 22 Dec 1951 (51),Chesterfield FC (21),3-0,?,Wrexham AFC (22)
?,(Sat) 22 Dec 1951 (51),FC Halifax Town (22),0-1,?,Barrow AFC (21)
?,(Sat) 22 Dec 1951 (51),Lincoln City FC (21),2-1,?,Bradford City AFC (21)
?,(Tue) 25 Dec 1951 (52),Stockport County FC (23),4-2,?,Crewe Alexandra FC (23)
?,(Tue) 25 Dec 1951 (52),Gateshead FC (22),1-1,?,Carlisle United FC (22)
?,(Tue) 25 Dec 1951 (52),Hartlepool United FC (23),2-0,?,Mansfield Town FC (23)
?,(Tue) 25 Dec 1951 (52),Wrexham AFC (23),4-2,?,Lincoln City FC (22)
?,(Tue) 25 Dec 1951 (52),Oldham Athletic AFC (21),1-1,?,Rochdale AFC (22)
?,(Tue) 25 Dec 1951 (52),Chesterfield FC (22),2-0,?,Chester FC (23)
?,(Tue) 25 Dec 1951 (52),Bradford City AFC (22),3-2,?,FC Halifax Town (23)
?,(Tue) 25 Dec 1951 (52),Grimsby Town FC (22),3-2,?,Scunthorpe United FC (22)
?,(Tue) 25 Dec 1951 (52),York City FC (22),1-0,?,Bradford Park Avenue AFC (22)
?,(Tue) 25 Dec 1951 (52),Tranmere Rovers FC (22),3-1,?,Barrow AFC (22)
?,(Tue) 25 Dec 1951 (52),Darlington FC (24),4-5,?,Accrington Stanley FC (22)
?,(Tue) 25 Dec 1951 (52),Southport FC (22),4-2,?,Workington AFC (22)
?,(Wed) 26 Dec 1951 (52),Mansfield Town FC (24),0-1,?,Hartlepool United FC (24)
?,(Wed) 26 Dec 1951 (52),Accrington Stanley FC (23),1-3,?,Darlington FC (25)
?,(Wed) 26 Dec 1951 (52),Bradford Park Avenue AFC (23),2-1,?,York City FC (23)
?,(Wed) 26 Dec 1951 (52),Barrow AFC (23),2-0,?,Tranmere Rovers FC (23)
?,(Wed) 26 Dec 1951 (52),Workington AFC (23),6-1,?,Southport FC (23)
?,(Wed) 26 Dec 1951 (52),Chester FC (24),3-0,?,Chesterfield FC (23)
?,(Wed) 26 Dec 1951 (52),Carlisle United FC (23),0-0,?,Gateshead FC (23)
?,(Wed) 26 Dec 1951 (52),Rochdale AFC (23),2-2,?,Oldham Athletic AFC (22)
?,(Wed) 26 Dec 1951 (52),Crewe Alexandra FC (24),1-0,?,Stockport County FC (24)
?,(Wed) 26 Dec 1951 (52),Scunthorpe United FC (23),1-3,?,Grimsby Town FC (23)
?,(Wed) 26 Dec 1951 (52),Lincoln City FC (23),3-2,?,Wrexham AFC (24)
?,(Wed) 26 Dec 1951 (52),FC Halifax Town (24),1-1,?,Bradford City AFC (23)
?,(Sat) 29 Dec 1951 (52),Workington AFC (24),1-1,?,Rochdale AFC (24)
?,(Sat) 29 Dec 1951 (52),Darlington FC (26),2-2,?,Tranmere Rovers FC (24)
?,(Sat) 29 Dec 1951 (52),Stockport County FC (25),6-0,?,Accrington Stanley FC (24)
?,(Sat) 29 Dec 1951 (52),Bradford City AFC (24),1-0,?,Chester FC (25)
?,(Sat) 29 Dec 1951 (52),Barrow AFC (24),1-1,?,Mansfield Town FC (25)
?,(Sat) 29 Dec 1951 (52),Carlisle United FC (24),2-0,?,Crewe Alexandra FC (25)
?,(Sat) 29 Dec 1951 (52),Gateshead FC (24),3-0,?,Southport FC (24)
?,(Sat) 29 Dec 1951 (52),Oldham Athletic AFC (23),2-0,?,Scunthorpe United FC (24)
?,(Sat) 29 Dec 1951 (52),Hartlepool United FC (25),1-1,?,Lincoln City FC (24)
?,(Sat) 29 Dec 1951 (52),Chesterfield FC (24),2-1,?,York City FC (24)
?,(Sat) 29 Dec 1951 (52),Wrexham AFC (25),3-2,?,Bradford Park Avenue AFC (24)
?,(Sat) 29 Dec 1951 (52),Grimsby Town FC (24),8-1,?,FC Halifax Town (25)
?,(Tue) 1 Jan 1952 (0),Workington AFC (25),2-1,?,FC Halifax Town (26)
?,(Tue) 1 Jan 1952 (0),Tranmere Rovers FC (25),2-2,?,Lincoln City FC (25)
?,(Tue) 1 Jan 1952 (0),Carlisle United FC (25),2-3,?,Chesterfield FC (25)
?,(Tue) 1 Jan 1952 (0),Hartlepool United FC (26),1-0,?,Wrexham AFC (26)
?,(Sat) 5 Jan 1952 (0),Carlisle United FC (26),2-1,?,Stockport County FC (26)
?,(Sat) 5 Jan 1952 (0),Lincoln City FC (26),4-0,?,Oldham Athletic AFC (24)
?,(Sat) 5 Jan 1952 (0),Bradford Park Avenue AFC (25),3-3,?,Chesterfield FC (26)
?,(Sat) 5 Jan 1952 (0),Tranmere Rovers FC (26),5-1,?,Gateshead FC (25)
?,(Sat) 5 Jan 1952 (0),Accrington Stanley FC (25),0-0,?,Workington AFC (26)
?,(Sat) 5 Jan 1952 (0),Mansfield Town FC (26),2-2,?,Grimsby Town FC (25)
?,(Sat) 5 Jan 1952 (0),Rochdale AFC (25),4-1,?,Barrow AFC (25)
?,(Sat) 5 Jan 1952 (0),Scunthorpe United FC (25),5-2,?,Darlington FC (27)
?,(Sat) 5 Jan 1952 (0),York City FC (25),3-1,?,Bradford City AFC (25)
?,(Sat) 5 Jan 1952 (0),Chester FC (26),3-3,?,Hartlepool United FC (27)
?,(Sat) 5 Jan 1952 (0),FC Halifax Town (27),2-0,?,Wrexham AFC (27)
?,(Sat) 5 Jan 1952 (0),Southport FC (25),1-1,?,Crewe Alexandra FC (26)
?,(Sat) 12 Jan 1952 (1),Stockport County FC (27),6-2,?,FC Halifax Town (28)
?,(Sat) 12 Jan 1952 (1),Barrow AFC (26),2-0,?,Chesterfield FC (27)
?,(Sat) 12 Jan 1952 (1),Wrexham AFC (28),2-0,?,Grimsby Town FC (26)
?,(Sat) 12 Jan 1952 (1),Crewe Alexandra FC (27),3-1,?,Oldham Athletic AFC (25)
?,(Sat) 12 Jan 1952 (1),Mansfield Town FC (27),1-2,?,Carlisle United FC (27)
?,(Tue) 15 Jan 1952 (2),Rochdale AFC (26),3-1,?,Accrington Stanley FC (26)
?,(Wed) 16 Jan 1952 (2),Hartlepool United FC (28),3-1,?,Southport FC (26)
?,(Thu) 17 Jan 1952 (2),Scunthorpe United FC (26),1-1,?,York City FC (26)
?,(Sat) 19 Jan 1952 (2),Stockport County FC (28),3-1,?,Southport FC (27)
?,(Sat) 19 Jan 1952 (2),Wrexham AFC (29),3-1,?,Mansfield Town FC (28)
?,(Sat) 19 Jan 1952 (2),Oldham Athletic AFC (26),11-2,?,Chester FC (27)
?,(Sat) 19 Jan 1952 (2),Workington AFC (27),1-2,?,Carlisle United FC (28)
?,(Sat) 19 Jan 1952 (2),Chesterfield FC (28),3-1,?,FC Halifax Town (29)
?,(Sat) 19 Jan 1952 (2),Barrow AFC (27),3-1,?,Accrington Stanley FC (27)
?,(Sat) 19 Jan 1952 (2),Bradford Park Avenue AFC (26),2-1,?,Bradford City AFC (26)
?,(Sat) 19 Jan 1952 (2),Grimsby Town FC (27),4-0,?,Rochdale AFC (27)
?,(Sat) 19 Jan 1952 (2),Darlington FC (28),1-1,?,Lincoln City FC (27)
?,(Sat) 19 Jan 1952 (2),Gateshead FC (26),2-1,?,Scunthorpe United FC (27)
?,(Sat) 19 Jan 1952 (2),Hartlepool United FC (29),3-2,?,York City FC (27)
?,(Sat) 19 Jan 1952 (2),Crewe Alexandra FC (28),2-1,?,Tranmere Rovers FC (27)
?,(Wed) 23 Jan 1952 (3),Bradford City AFC (27),2-0,?,Tranmere Rovers FC (28)
?,(Wed) 23 Jan 1952 (3),Lincoln City FC (28),4-1,?,Chester FC (28)
?,(Wed) 23 Jan 1952 (3),Gateshead FC (27),2-2,?,Darlington FC (29)
?,(Thu) 24 Jan 1952 (3),Workington AFC (28),2-3,?,Bradford Park Avenue AFC (27)
?,(Sat) 26 Jan 1952 (3),Stockport County FC (29),5-0,?,Workington AFC (29)
?,(Sat) 26 Jan 1952 (3),Carlisle United FC (29),0-1,?,Barrow AFC (28)
?,(Sat) 26 Jan 1952 (3),Accrington Stanley FC (28),0-3,?,Grimsby Town FC (28)
?,(Sat) 26 Jan 1952 (3),Bradford City AFC (28),0-2,?,Hartlepool United FC (30)
?,(Sat) 26 Jan 1952 (3),York City FC (28),5-0,?,Oldham Athletic AFC (27)
?,(Sat) 26 Jan 1952 (3),Rochdale AFC (28),1-5,?,Wrexham AFC (30)
?,(Sat) 26 Jan 1952 (3),Mansfield Town FC (29),2-1,?,Chesterfield FC (29)
?,(Sat) 26 Jan 1952 (3),Tranmere Rovers FC (29),5-1,?,Southport FC (28)
?,(Sat) 26 Jan 1952 (3),Lincoln City FC (29),1-0,?,Gateshead FC (28)
?,(Sat) 26 Jan 1952 (3),Scunthorpe United FC (28),2-0,?,Crewe Alexandra FC (29)
?,(Sat) 2 Feb 1952 (4),Oldham Athletic AFC (28),5-2,?,Crewe Alexandra FC (30)
?,(Sat) 2 Feb 1952 (4),Grimsby Town FC (29),1-0,?,Wrexham AFC (31)
?,(Sat) 2 Feb 1952 (4),Southport FC (29),2-0,?,Hartlepool United FC (31)
?,(Sat) 2 Feb 1952 (4),Carlisle United FC (30),0-0,?,Mansfield Town FC (30)
?,(Sat) 2 Feb 1952 (4),Chester FC (29),0-1,?,Lincoln City FC (30)
?,(Sat) 2 Feb 1952 (4),Chesterfield FC (30),2-0,?,Barrow AFC (29)
?,(Wed) 6 Feb 1952 (5),Tranmere Rovers FC (30),3-1,?,Bradford City AFC (29)
?,(Sat) 9 Feb 1952 (5),Barrow AFC (30),1-3,?,Stockport County FC (30)
?,(Sat) 9 Feb 1952 (5),Gateshead FC (29),1-0,?,Chester FC (30)
?,(Sat) 9 Feb 1952 (5),Workington AFC (30),1-2,?,Tranmere Rovers FC (31)
?,(Sat) 9 Feb 1952 (5),Oldham Athletic AFC (29),2-1,?,Bradford City AFC (30)
?,(Sat) 9 Feb 1952 (5),Wrexham AFC (32),1-0,?,Accrington Stanley FC (29)
?,(Sat) 9 Feb 1952 (5),Bradford Park Avenue AFC (28),0-1,?,Mansfield Town FC (31)
?,(Sat) 9 Feb 1952 (5),FC Halifax Town (30),2-0,?,Hartlepool United FC (32)
?,(Sat) 9 Feb 1952 (5),Darlington FC (30),1-0,?,York City FC (29)
?,(Sat) 9 Feb 1952 (5),Grimsby Town FC (30),4-1,?,Carlisle United FC (31)
?,(Sat) 9 Feb 1952 (5),Southport FC (30),5-1,?,Scunthorpe United FC (29)
?,(Sat) 9 Feb 1952 (5),Crewe Alexandra FC (31),0-2,?,Lincoln City FC (31)
?,(Sat) 9 Feb 1952 (5),Chesterfield FC (31),5-1,?,Rochdale AFC (29)
?,(Wed) 13 Feb 1952 (6),Bradford Park Avenue AFC (29),2-1,?,Workington AFC (31)
?,(Wed) 13 Feb 1952 (6),Darlington FC (31),3-2,?,Gateshead FC (30)
?,(Sat) 16 Feb 1952 (6),Southport FC (31),2-2,?,Barrow AFC (31)
?,(Sat) 16 Feb 1952 (6),Gateshead FC (31),0-2,?,Stockport County FC (31)
?,(Sat) 16 Feb 1952 (6),Lincoln City FC (32),5-1,?,Chesterfield FC (32)
?,(Sat) 16 Feb 1952 (6),Crewe Alexandra FC (32),2-0,?,Workington AFC (32)
?,(Sat) 16 Feb 1952 (6),York City FC (30),6-2,?,FC Halifax Town (31)
?,(Sat) 16 Feb 1952 (6),Chester FC (31),4-2,?,Bradford Park Avenue AFC (30)
?,(Sat) 16 Feb 1952 (6),Darlington FC (32),1-2,?,Carlisle United FC (32)
?,(Sat) 16 Feb 1952 (6),Bradford City AFC (31),2-1,?,Mansfield Town FC (32)
?,(Sat) 16 Feb 1952 (6),Tranmere Rovers FC (32),2-3,?,Grimsby Town FC (31)
?,(Sat) 16 Feb 1952 (6),Scunthorpe United FC (30),0-0,?,Wrexham AFC (33)
?,(Sat) 16 Feb 1952 (6),Hartlepool United FC (33),1-1,?,Rochdale AFC (30)
?,(Sat) 16 Feb 1952 (6),Oldham Athletic AFC (30),3-1,?,Accrington Stanley FC (30)
?,(Sat) 23 Feb 1952 (7),Lincoln City FC (33),3-0,?,Tranmere Rovers FC (33)
?,(Sat) 23 Feb 1952 (7),Mansfield Town FC (33),2-1,?,Oldham Athletic AFC (31)
?,(Sat) 23 Feb 1952 (7),Crewe Alexandra FC (33),0-0,?,York City FC (31)
?,(Sat) 23 Feb 1952 (7),Barrow AFC (32),2-1,?,Scunthorpe United FC (31)
?,(Sat) 23 Feb 1952 (7),Rochdale AFC (31),0-2,?,FC Halifax Town (32)
?,(Sat) 23 Feb 1952 (7),Workington AFC (33),2-4,?,Grimsby Town FC (32)
?,(Sat) 23 Feb 1952 (7),Stockport County FC (32),0-0,?,Wrexham AFC (34)
?,(Sat) 23 Feb 1952 (7),Chester FC (32),2-1,?,Southport FC (32)
?,(Sat) 23 Feb 1952 (7),Chesterfield FC (33),3-0,?,Carlisle United FC (33)
?,(Sat) 23 Feb 1952 (7),Gateshead FC (32),2-2,?,Bradford City AFC (32)
?,(Sat) 23 Feb 1952 (7),Hartlepool United FC (34),2-0,?,Darlington FC (33)
?,(Sat) 23 Feb 1952 (7),Bradford Park Avenue AFC (31),1-1,?,Accrington Stanley FC (31)
?,(Sat) 1 Mar 1952 (8),Accrington Stanley FC (32),0-0,?,Hartlepool United FC (35)
?,(Sat) 1 Mar 1952 (8),Rochdale AFC (32),1-1,?,Bradford City AFC (33)
?,(Sat) 1 Mar 1952 (8),Workington AFC (34),1-2,?,Gateshead FC (33)
?,(Sat) 1 Mar 1952 (8),Chesterfield FC (34),3-0,?,Scunthorpe United FC (32)
?,(Sat) 1 Mar 1952 (8),Stockport County FC (33),5-0,?,Darlington FC (34)
?,(Sat) 1 Mar 1952 (8),Bradford Park Avenue AFC (32),1-1,?,Lincoln City FC (34)
?,(Sat) 1 Mar 1952 (8),Barrow AFC (33),2-1,?,Crewe Alexandra FC (34)
?,(Sat) 1 Mar 1952 (8),Grimsby Town FC (33),4-1,?,Southport FC (33)
?,(Sat) 1 Mar 1952 (8),FC Halifax Town (33),4-1,?,Chester FC (33)
?,(Sat) 1 Mar 1952 (8),Mansfield Town FC (34),1-1,?,York City FC (32)
?,(Sat) 1 Mar 1952 (8),Carlisle United FC (34),3-3,?,Oldham Athletic AFC (32)
?,(Sat) 1 Mar 1952 (8),Wrexham AFC (35),0-1,?,Tranmere Rovers FC (34)
?,(Thu) 6 Mar 1952 (9),Carlisle United FC (35),1-1,?,Rochdale AFC (33)
?,(Sat) 8 Mar 1952 (9),Scunthorpe United FC (33),0-0,?,Bradford Park Avenue AFC (33)
?,(Sat) 8 Mar 1952 (9),Gateshead FC (34),2-0,?,Barrow AFC (34)
?,(Sat) 8 Mar 1952 (9),Darlington FC (35),2-1,?,Workington AFC (35)
?,(Sat) 8 Mar 1952 (9),Tranmere Rovers FC (35),2-0,?,Chesterfield FC (35)
?,(Sat) 8 Mar 1952 (9),Crewe Alexandra FC (35),1-2,?,Grimsby Town FC (34)
?,(Sat) 8 Mar 1952 (9),Hartlepool United FC (36),1-0,?,Carlisle United FC (36)
?,(Sat) 8 Mar 1952 (9),Chester FC (34),1-5,?,Mansfield Town FC (35)
?,(Sat) 8 Mar 1952 (9),Oldham Athletic AFC (33),1-0,?,Stockport County FC (34)
?,(Sat) 8 Mar 1952 (9),Bradford City AFC (34),1-3,?,Accrington Stanley FC (33)
?,(Sat) 8 Mar 1952 (9),York City FC (33),1-1,?,Rochdale AFC (34)
?,(Sat) 8 Mar 1952 (9),Lincoln City FC (35),4-1,?,FC Halifax Town (34)
?,(Sat) 8 Mar 1952 (9),Southport FC (34),2-1,?,Wrexham AFC (36)
?,(Mon) 10 Mar 1952 (10),FC Halifax Town (35),0-0,?,Bradford Park Avenue AFC (34)
?,(Sat) 15 Mar 1952 (10),Chesterfield FC (36),2-0,?,Southport FC (35)
?,(Sat) 15 Mar 1952 (10),Accrington Stanley FC (34),2-1,?,York City FC (34)
?,(Sat) 15 Mar 1952 (10),Carlisle United FC (37),1-0,?,Bradford City AFC (35)
?,(Sat) 15 Mar 1952 (10),Mansfield Town FC (36),1-0,?,Lincoln City FC (36)
?,(Sat) 15 Mar 1952 (10),Barrow AFC (35),2-2,?,Darlington FC (36)
?,(Sat) 15 Mar 1952 (10),Wrexham AFC (37),4-0,?,Crewe Alexandra FC (36)
?,(Sat) 15 Mar 1952 (10),Bradford Park Avenue AFC (35),2-3,?,Tranmere Rovers FC (36)
?,(Sat) 15 Mar 1952 (10),Grimsby Town FC (35),2-0,?,Gateshead FC (35)
?,(Sat) 15 Mar 1952 (10),Workington AFC (36),0-1,?,Oldham Athletic AFC (34)
?,(Sat) 15 Mar 1952 (10),Rochdale AFC (35),0-5,?,Chester FC (35)
?,(Sat) 15 Mar 1952 (10),Stockport County FC (35),0-1,?,Hartlepool United FC (37)
?,(Sat) 15 Mar 1952 (10),FC Halifax Town (36),2-1,?,Scunthorpe United FC (34)
?,(Sat) 22 Mar 1952 (11),Chester FC (36),3-1,?,Accrington Stanley FC (35)
?,(Sat) 22 Mar 1952 (11),Crewe Alexandra FC (37),2-1,?,Chesterfield FC (37)
?,(Sat) 22 Mar 1952 (11),Scunthorpe United FC (35),4-1,?,Mansfield Town FC (37)
?,(Sat) 22 Mar 1952 (11),Lincoln City FC (37),2-0,?,Rochdale AFC (36)
?,(Sat) 22 Mar 1952 (11),Bradford City AFC (36),2-3,?,Stockport County FC (36)
?,(Sat) 22 Mar 1952 (11),Darlington FC (37),0-2,?,Grimsby Town FC (36)
?,(Sat) 22 Mar 1952 (11),Tranmere Rovers FC (37),1-2,?,FC Halifax Town (37)
?,(Sat) 22 Mar 1952 (11),Oldham Athletic AFC (35),3-1,?,Barrow AFC (36)
?,(Sat) 22 Mar 1952 (11),Gateshead FC (36),1-1,?,Wrexham AFC (38)
?,(Sat) 22 Mar 1952 (11),Hartlepool United FC (38),0-1,?,Workington AFC (37)
?,(Sat) 22 Mar 1952 (11),Southport FC (36),0-0,?,Bradford Park Avenue AFC (36)
?,(Sat) 22 Mar 1952 (11),York City FC (35),0-0,?,Carlisle United FC (38)
?,(Mon) 24 Mar 1952 (12),FC Halifax Town (38),1-2,?,Stockport County FC (37)
?,(Wed) 26 Mar 1952 (12),Bradford City AFC (37),1-0,?,Scunthorpe United FC (36)
?,(Wed) 26 Mar 1952 (12),Gateshead FC (37),1-0,?,Accrington Stanley FC (36)
?,(Thu) 27 Mar 1952 (12),Barrow AFC (37),0-2,?,Bradford Park Avenue AFC (37)
?,(Sat) 29 Mar 1952 (12),Accrington Stanley FC (37),1-3,?,Lincoln City FC (38)
?,(Sat) 29 Mar 1952 (12),Grimsby Town FC (37),3-1,?,Oldham Athletic AFC (36)
?,(Sat) 29 Mar 1952 (12),Carlisle United FC (39),0-0,?,Chester FC (37)
?,(Sat) 29 Mar 1952 (12),Rochdale AFC (37),1-2,?,Scunthorpe United FC (37)
?,(Sat) 29 Mar 1952 (12),Stockport County FC (38),3-1,?,York City FC (36)
?,(Sat) 29 Mar 1952 (12),Workington AFC (38),0-1,?,Bradford City AFC (38)
?,(Sat) 29 Mar 1952 (12),FC Halifax Town (39),0-1,?,Southport FC (37)
?,(Sat) 29 Mar 1952 (12),Barrow AFC (38),2-1,?,Hartlepool United FC (39)
?,(Sat) 29 Mar 1952 (12),Mansfield Town FC (38),3-0,?,Tranmere Rovers FC (38)
?,(Sat) 29 Mar 1952 (12),Bradford Park Avenue AFC (38),3-2,?,Crewe Alexandra FC (38)
?,(Sat) 29 Mar 1952 (12),Wrexham AFC (39),1-1,?,Darlington FC (38)
?,(Sat) 29 Mar 1952 (12),Chesterfield FC (38),1-0,?,Gateshead FC (38)
?,(Mon) 31 Mar 1952 (13),York City FC (37),1-0,?,Lincoln City FC (39)
?,(Wed) 2 Apr 1952 (13),Gateshead FC (39),1-0,?,Oldham Athletic AFC (37)
?,(Wed) 2 Apr 1952 (13),Chester FC (38),2-0,?,Darlington FC (39)
?,(Wed) 2 Apr 1952 (13),Accrington Stanley FC (38),0-0,?,Rochdale AFC (38)
?,(Sat) 5 Apr 1952 (13),Tranmere Rovers FC (39),4-3,?,Rochdale AFC (39)
?,(Sat) 5 Apr 1952 (13),Oldham Athletic AFC (38),2-1,?,Wrexham AFC (40)
?,(Sat) 5 Apr 1952 (13),Scunthorpe United FC (38),3-1,?,Accrington Stanley FC (39)
?,(Sat) 5 Apr 1952 (13),Gateshead FC (40),0-1,?,Bradford Park Avenue AFC (39)
?,(Sat) 5 Apr 1952 (13),Darlington FC (40),3-0,?,Chesterfield FC (39)
?,(Sat) 5 Apr 1952 (13),Lincoln City FC (40),2-2,?,Carlisle United FC (40)
?,(Sat) 5 Apr 1952 (13),Southport FC (38),0-1,?,Mansfield Town FC (39)
?,(Sat) 5 Apr 1952 (13),York City FC (38),5-1,?,Workington AFC (39)
?,(Sat) 5 Apr 1952 (13),Chester FC (39),0-0,?,Stockport County FC (39)
?,(Sat) 5 Apr 1952 (13),Crewe Alexandra FC (39),4-1,?,FC Halifax Town (40)
?,(Sat) 5 Apr 1952 (13),Hartlepool United FC (40),2-1,?,Grimsby Town FC (38)
?,(Sat) 5 Apr 1952 (13),Bradford City AFC (39),2-2,?,Barrow AFC (39)
?,(Fri) 11 Apr 1952 (14),York City FC (39),1-0,?,Gateshead FC (41)
?,(Fri) 11 Apr 1952 (14),Barrow AFC (40),1-0,?,Workington AFC (40)
?,(Fri) 11 Apr 1952 (14),Darlington FC (41),3-1,?,Bradford City AFC (40)
?,(Fri) 11 Apr 1952 (14),Oldham Athletic AFC (39),5-2,?,Hartlepool United FC (41)
?,(Fri) 11 Apr 1952 (14),Accrington Stanley FC (40),2-0,?,Chesterfield FC (40)
?,(Fri) 11 Apr 1952 (14),Grimsby Town FC (39),4-0,?,Stockport County FC (40)
?,(Fri) 11 Apr 1952 (14),Carlisle United FC (41),2-0,?,Wrexham AFC (41)
?,(Fri) 11 Apr 1952 (14),Southport FC (39),0-3,?,Lincoln City FC (41)
?,(Fri) 11 Apr 1952 (14),Tranmere Rovers FC (40),3-1,?,Scunthorpe United FC (39)
?,(Fri) 11 Apr 1952 (14),Crewe Alexandra FC (40),1-2,?,Chester FC (40)
?,(Sat) 12 Apr 1952 (14),Rochdale AFC (40),1-0,?,Southport FC (40)
?,(Sat) 12 Apr 1952 (14),FC Halifax Town (41),0-1,?,Gateshead FC (42)
?,(Sat) 12 Apr 1952 (14),Wrexham AFC (42),0-0,?,Hartlepool United FC (42)
?,(Sat) 12 Apr 1952 (14),Carlisle United FC (42),3-0,?,Scunthorpe United FC (40)
?,(Sat) 12 Apr 1952 (14),Grimsby Town FC (40),2-1,?,Bradford City AFC (41)
?,(Sat) 12 Apr 1952 (14),Mansfield Town FC (40),2-1,?,Crewe Alexandra FC (41)
?,(Sat) 12 Apr 1952 (14),Barrow AFC (41),0-0,?,York City FC (40)
?,(Sat) 12 Apr 1952 (14),Bradford Park Avenue AFC (40),2-0,?,Darlington FC (42)
?,(Sat) 12 Apr 1952 (14),Chesterfield FC (41),1-0,?,Oldham Athletic AFC (40)
?,(Sat) 12 Apr 1952 (14),Workington AFC (41),2-2,?,Chester FC (41)
?,(Sat) 12 Apr 1952 (14),Accrington Stanley FC (41),1-1,?,Tranmere Rovers FC (41)
?,(Sat) 12 Apr 1952 (14),Stockport County FC (41),1-1,?,Lincoln City FC (42)
?,(Mon) 14 Apr 1952 (15),Bradford City AFC (42),3-1,?,Darlington FC (43)
?,(Mon) 14 Apr 1952 (15),Workington AFC (42),3-1,?,Barrow AFC (42)
?,(Mon) 14 Apr 1952 (15),Lincoln City FC (43),4-0,?,Southport FC (41)
?,(Mon) 14 Apr 1952 (15),Stockport County FC (42),1-1,?,Grimsby Town FC (41)
?,(Mon) 14 Apr 1952 (15),Wrexham AFC (43),3-1,?,Carlisle United FC (43)
?,(Mon) 14 Apr 1952 (15),Hartlepool United FC (43),1-1,?,Oldham Athletic AFC (41)
?,(Mon) 14 Apr 1952 (15),Rochdale AFC (41),1-1,?,Bradford Park Avenue AFC (41)
?,(Mon) 14 Apr 1952 (15),Scunthorpe United FC (41),2-0,?,Tranmere Rovers FC (42)
?,(Mon) 14 Apr 1952 (15),Chester FC (42),2-0,?,Crewe Alexandra FC (42)
?,(Mon) 14 Apr 1952 (15),Gateshead FC (43),1-1,?,York City FC (41)
?,(Mon) 14 Apr 1952 (15),Chesterfield FC (42),2-0,?,Accrington Stanley FC (42)
?,(Mon) 14 Apr 1952 (15),FC Halifax Town (42),1-0,?,Mansfield Town FC (41)
?,(Tue) 15 Apr 1952 (15),Bradford Park Avenue AFC (42),1-1,?,Rochdale AFC (42)
?,(Tue) 15 Apr 1952 (15),Mansfield Town FC (42),4-2,?,FC Halifax Town (43)
?,(Sat) 19 Apr 1952 (15),York City FC (42),1-1,?,Grimsby Town FC (42)
?,(Sat) 19 Apr 1952 (15),Tranmere Rovers FC (43),3-2,?,Carlisle United FC (44)
?,(Sat) 19 Apr 1952 (15),Bradford City AFC (43),3-2,?,Wrexham AFC (44)
?,(Sat) 19 Apr 1952 (15),Gateshead FC (44),4-1,?,Mansfield Town FC (43)
?,(Sat) 19 Apr 1952 (15),Darlington FC (44),0-2,?,FC Halifax Town (44)
?,(Sat) 19 Apr 1952 (15),Hartlepool United FC (44),4-1,?,Chesterfield FC (43)
?,(Sat) 19 Apr 1952 (15),Scunthorpe United FC (42),1-1,?,Stockport County FC (43)
?,(Sat) 19 Apr 1952 (15),Crewe Alexandra FC (43),1-0,?,Rochdale AFC (43)
?,(Sat) 19 Apr 1952 (15),Oldham Athletic AFC (42),1-2,?,Bradford Park Avenue AFC (43)
?,(Sat) 19 Apr 1952 (15),Chester FC (43),0-0,?,Barrow AFC (43)
?,(Sat) 19 Apr 1952 (15),Southport FC (42),0-0,?,Accrington Stanley FC (43)
?,(Sat) 19 Apr 1952 (15),Lincoln City FC (44),7-0,?,Workington AFC (43)
?,(Mon) 21 Apr 1952 (16),York City FC (43),2-1,?,Barrow AFC (44)
?,(Tue) 22 Apr 1952 (16),Tranmere Rovers FC (44),3-1,?,Accrington Stanley FC (44)
?,(Tue) 22 Apr 1952 (16),Southport FC (43),1-2,?,Rochdale AFC (44)
?,(Tue) 22 Apr 1952 (16),Oldham Athletic AFC (43),3-0,?,Chesterfield FC (44)
?,(Wed) 23 Apr 1952 (16),Lincoln City FC (45),2-1,?,Stockport County FC (44)
?,(Wed) 23 Apr 1952 (16),Crewe Alexandra FC (44),1-0,?,Mansfield Town FC (44)
?,(Wed) 23 Apr 1952 (16),Chester FC (44),2-2,?,Workington AFC (44)
?,(Wed) 23 Apr 1952 (16),Bradford City AFC (44),0-2,?,Grimsby Town FC (43)
?,(Thu) 24 Apr 1952 (16),Scunthorpe United FC (43),1-1,?,Carlisle United FC (45)
?,(Sat) 26 Apr 1952 (16),FC Halifax Town (45),1-0,?,Oldham Athletic AFC (44)
?,(Sat) 26 Apr 1952 (16),Barrow AFC (45),1-2,?,Lincoln City FC (46)
?,(Sat) 26 Apr 1952 (16),Wrexham AFC (45),1-1,?,York City FC (44)
?,(Sat) 26 Apr 1952 (16),Rochdale AFC (45),0-3,?,Gateshead FC (45)
?,(Sat) 26 Apr 1952 (16),Carlisle United FC (46),0-2,?,Southport FC (44)
?,(Sat) 26 Apr 1952 (16),Grimsby Town FC (44),2-1,?,Chester FC (45)
?,(Sat) 26 Apr 1952 (16),Accrington Stanley FC (45),2-3,?,Crewe Alexandra FC (45)
?,(Sat) 26 Apr 1952 (16),Workington AFC (45),0-0,?,Scunthorpe United FC (44)
?,(Sat) 26 Apr 1952 (16),Mansfield Town FC (45),3-2,?,Darlington FC (45)
?,(Sat) 26 Apr 1952 (16),Bradford Park Avenue AFC (44),1-2,?,Hartlepool United FC (45)
?,(Sat) 26 Apr 1952 (16),Stockport County FC (45),2-0,?,Tranmere Rovers FC (45)
?,(Sat) 26 Apr 1952 (16),Chesterfield FC (45),2-2,?,Bradford City AFC (45)
?,(Mon) 28 Apr 1952 (17),York City FC (45),0-1,?,Scunthorpe United FC (45)
?,(Mon) 28 Apr 1952 (17),FC Halifax Town (46),1-0,?,Rochdale AFC (46)
?,(Tue) 29 Apr 1952 (17),Oldham Athletic AFC (45),2-1,?,Southport FC (45)
?,(Wed) 30 Apr 1952 (17),Hartlepool United FC (46),0-1,?,Tranmere Rovers FC (46)
?,(Wed) 30 Apr 1952 (17),Wrexham AFC (46),0-0,?,Stockport County FC (46)
?,(Wed) 30 Apr 1952 (17),Accrington Stanley FC (46),5-1,?,Bradford Park Avenue AFC (45)
?,(Wed) 30 Apr 1952 (17),Grimsby Town FC (45),2-0,?,Chesterfield FC (46)
?,(Thu) 1 May 1952 (17),Scunthorpe United FC (46),0-0,?,Barrow AFC (46)
?,(Sat) 3 May 1952 (17),Oldham Athletic AFC (46),5-3,?,Mansfield Town FC (46)
?,(Sat) 3 May 1952 (17),Grimsby Town FC (46),5-0,?,Workington AFC (46)
?,(Sat) 3 May 1952 (17),Southport FC (46),1-0,?,Chester FC (46)
?,(Sat) 3 May 1952 (17),Bradford City AFC (46),1-1,?,Gateshead FC (46)
?,(Sat) 3 May 1952 (17),York City FC (46),3-0,?,Crewe Alexandra FC (46)
?,(Sat) 3 May 1952 (17),Darlington FC (46),3-0,?,Bradford Park Avenue AFC (46)
